Time,Position,Velocity,Effort
1749055012.5913565,"[ 0.00000000e+00 -9.21453737e-05  2.94926981e-01  3.14005068e+00
 -2.27019995e+00  5.69916473e-05  9.60089347e-01  1.57107689e+00]","[ 0.00000000e+00 -2.93399105e-02  6.72046490e-04 -7.99999092e-04
 -5.14139276e-04  0.00000000e+00  1.05819570e-05  0.00000000e+00]","[ 0.         -2.49520016 10.33724499 -1.77699089 -5.43357897 -0.02723171
 -0.45471475 -0.60467464]"
1749055012.5930865,"[ 0.00000000e+00 -1.27831732e-04  2.94927913e-01  3.14004962e+00
 -2.27020022e+00  5.69916473e-05  9.60089347e-01  1.57107689e+00]","[ 0.00000000e+00 -3.61930625e-02  7.31812481e-04 -8.27496946e-04
 -5.06090593e-04  0.00000000e+00  1.05819570e-05  0.00000000e+00]","[ 0.         -2.51376033 10.35548306 -1.77511632 -5.45674229 -0.03647205
 -0.46666059 -0.59324199]"
1749055012.5948465,"[ 0.00000000e+00 -2.14650784e-04  2.94931109e-01  3.14004882e+00
 -2.27020208e+00  5.69916473e-05  9.60089347e-01  1.57107689e+00]","[ 0.00000000e+00 -4.56002254e-02  8.96602205e-04 -7.99560477e-04
 -5.20978320e-04  0.00000000e+00  1.05820616e-05  0.00000000e+00]","[ 0.         -2.49767232 10.41295815 -1.75813663 -5.51883888 -0.02995208
 -0.44474667 -0.59774601]"
1749055012.5960248,"[ 0.00000000e+00 -2.63652948e-04  2.94932507e-01  3.14004775e+00
 -2.27020315e+00  5.69916473e-05  9.60089347e-01  1.57107689e+00]","[ 0.00000000e+00 -4.97483901e-02  9.61228854e-04 -8.24546728e-04
 -5.28993388e-04  0.00000000e+00  1.05819570e-05  0.00000000e+00]","[ 0.         -2.47505212 10.44600487 -1.73943698 -5.53802061 -0.01775742
 -0.44211981 -0.59380299]"
1749055012.5977416,"[ 0.00000000e+00 -3.74973081e-04  2.94936635e-01  3.14004695e+00
 -2.27020528e+00  5.69916473e-05  9.60089347e-01  1.57107689e+00]","[ 0.00000000e+00 -5.59101792e-02  1.19223779e-03 -8.02459070e-04
 -5.38179603e-04  0.00000000e+00  1.05819570e-05  0.00000000e+00]","[ 0.         -2.41653728 10.47154617 -1.67313588 -5.59322119 -0.02544097
 -0.47142375 -0.60278183]"
1749055012.599383,"[ 0.00000000e+00 -4.34627890e-04  2.94939398e-01  3.14004589e+00
 -2.27020688e+00  5.69916473e-05  9.60089347e-01  1.57107689e+00]","[ 0.00000000e+00 -5.99616379e-02  1.44211070e-03 -8.27496946e-04
 -5.63036142e-04  0.00000000e+00  1.05819570e-05  0.00000000e+00]","[ 0.         -2.40461302 10.48193264 -1.64617264 -5.63690996 -0.04349753
 -0.47314885 -0.61312258]"
1749055012.601069,"[ 0.00000000e+00 -5.73112267e-04  2.94945823e-01  3.14004456e+00
 -2.27021007e+00  5.69916473e-05  9.60089347e-01  1.57107689e+00]","[ 0.00000000e+00 -6.99644043e-02  2.02137464e-03 -8.02421295e-04
 -6.30799223e-04  0.00000000e+00  1.05820616e-05  0.00000000e+00]","[ 0.         -2.33247805 10.53918552 -1.58958554 -5.68751764 -0.06269583
 -0.47555041 -0.62145907]"
1749055012.6022096,"[ 0.00000000e+00 -6.47680777e-04  2.94950417e-01  3.14004376e+00
 -2.27021194e+00  5.69916473e-05  9.60089347e-01  1.57107689e+00]","[ 0.00000000e+00 -7.53571974e-02  2.59196418e-03 -8.14959153e-04
 -6.98192348e-04  0.00000000e+00  1.05819570e-05  0.00000000e+00]","[ 0.         -2.28558826 10.55243683 -1.56742013 -5.71261263 -0.05368713
 -0.47525826 -0.60948282]"
1749055012.603941,"[ 0.00000000e+00 -8.08535707e-04  2.94961436e-01  3.14004189e+00
 -2.27021646e+00  5.69916473e-05  9.60089347e-01  1.57107689e+00]","[ 0.00000000e+00 -8.04966738e-02  4.41466700e-03 -8.05302658e-04
 -9.81462637e-04  0.00000000e+00  1.05820616e-05  0.00000000e+00]","[ 0.         -2.19034505 10.5843792  -1.50966442 -5.73519611 -0.07337648
 -0.50933546 -0.59483075]"
1749055012.605699,"[ 0.00000000e+00 -8.91626333e-04  2.94968327e-01  3.14004056e+00
 -2.27021913e+00  5.69916473e-05  9.60089347e-01  1.57107689e+00]","[ 0.00000000e+00 -8.42704147e-02  6.03013792e-03 -8.14959153e-04
 -1.25270650e-03  0.00000000e+00  1.05820616e-05  0.00000000e+00]","[ 0.         -2.15222502 10.59162903 -1.48058617 -5.73950434 -0.08229839
 -0.51988828 -0.6000576 ]"
1749055012.6067867,"[ 0.00000000e+00 -1.06473180e-03  2.94987135e-01  3.14003817e+00
 -2.27022525e+00  5.69916473e-05  9.60089347e-01  1.57107689e+00]","[ 0.00000000e+00 -8.85919761e-02  9.23263854e-03 -8.40034804e-04
 -2.08039148e-03  0.00000000e+00  1.05739739e-05  0.00000000e+00]","[ 0.         -2.08065128 10.59288406 -1.41887832 -5.72344494 -0.08232951
 -0.53798908 -0.62339777]"
1749055012.6085072,"[ 0.00000000e+00 -1.25275098e-03  2.95011470e-01  3.14003604e+00
 -2.27023191e+00  5.69916473e-05  9.60089347e-01  1.57107689e+00]","[ 0.00000000e+00 -9.31981130e-02  1.29646791e-02 -8.61092762e-04
 -2.77143159e-03  0.00000000e+00  1.05820616e-05  0.00000000e+00]","[ 0.         -2.01039457 10.54156208 -1.38435614 -5.65280533 -0.08984815
 -0.52724797 -0.61912578]"
1749055012.610242,"[ 0.00000000e+00 -1.34915741e-03  2.95027083e-01  3.14003444e+00
 -2.27023564e+00  5.69916473e-05  9.60089347e-01  1.57107689e+00]","[ 0.00000000e+00 -9.77752879e-02  1.47814210e-02 -9.00790637e-04
 -3.12038398e-03  0.00000000e+00  1.05820616e-05  0.00000000e+00]","[ 0.         -1.98192394 10.49588394 -1.36709726 -5.61895609 -0.10399174
 -0.52070755 -0.61874539]"
1749055012.611912,"[ 0.00000000e+00 -1.54836186e-03  2.95060139e-01  3.14003124e+00
 -2.27024310e+00  5.69916473e-05  9.60089347e-01  1.57107689e+00]","[ 0.00000000e+00 -1.02637038e-01  1.72862385e-02 -1.00301825e-03
 -3.56364685e-03  0.00000000e+00  1.05819570e-05  0.00000000e+00]","[ 0.         -1.90274835 10.43056297 -1.3605113  -5.53571892 -0.10940645
 -0.50823742 -0.62167639]"
1749055012.6130803,"[ 0.00000000e+00 -1.66074726e-03  2.95077616e-01  3.14003124e+00
 -2.27024629e+00  5.69916473e-05  9.60089347e-01  1.57107689e+00]","[ 0.00000000e+00 -1.05824293e-01  1.78264326e-02 -1.00301825e-03
 -3.57738060e-03  0.00000000e+00  1.05819570e-05  0.00000000e+00]","[ 0.         -1.87626064 10.35953522 -1.3605113  -5.47876883 -0.11366206
 -0.48008266 -0.60666627]"
1749055012.6159732,"[ 0.00000000e+00 -1.87806120e-03  2.95115267e-01  3.14002671e+00
 -2.27025348e+00  5.69916473e-05  9.60089347e-01  1.57107689e+00]","[ 0.00000000e+00 -1.11167410e-01  1.85568669e-02 -1.27010405e-03
 -3.51025958e-03  0.00000000e+00  1.05739739e-05  0.00000000e+00]","[ 0.         -1.84417856 10.27227116 -1.3502028  -5.37057781 -0.12386285
 -0.45655432 -0.61574924]"
1749055012.617626,"[ 0.00000000e+00 -2.11881096e-03  2.95150154e-01  3.14002112e+00
 -2.27026014e+00  5.69916473e-05  9.60089347e-01  1.57107689e+00]","[ 0.00000000e+00 -1.20463473e-01  1.73037883e-02 -1.76753130e-03
 -3.44402827e-03  0.00000000e+00  1.05819570e-05  0.00000000e+00]","[ 0.         -1.83236778 10.18783665 -1.35969806 -5.24488115 -0.13910814
 -0.44968542 -0.62804246]"
1749055012.6187398,"[ 0.00000000e+00 -2.36755021e-03  2.95181380e-01  3.14001260e+00
 -2.27026520e+00  5.69916473e-05  9.60089347e-01  1.57107689e+00]","[ 0.00000000e+00 -1.28566399e-01  1.47953392e-02 -2.90663929e-03
 -3.03236468e-03  0.00000000e+00  1.05819570e-05  0.00000000e+00]","[ 0.         -1.81852233 10.0972805  -1.35901737 -5.14268017 -0.15736842
 -0.44677308 -0.62836838]"
1749055012.6205049,"[ 0.00000000e+00 -2.50923038e-03  2.95194695e-01  3.14000647e+00
 -2.27026786e+00  5.69916473e-05  9.60089347e-01  1.57107689e+00]","[ 0.00000000e+00 -1.33283323e-01  1.35048743e-02 -3.77721833e-03
 -2.87219297e-03  0.00000000e+00  1.05819570e-05  0.00000000e+00]","[ 0.         -1.78514564 10.08126068 -1.37101555 -5.12331963 -0.14671622
 -0.44175005 -0.62460566]"
1749055012.6222262,"[ 0.00000000e+00 -2.77927491e-03  2.95218098e-01  3.13999050e+00
 -2.27027239e+00  5.69916473e-05  9.60089347e-01  1.57107689e+00]","[ 0.00000000e+00 -1.37749710e-01  1.10627764e-02 -7.47017102e-03
 -2.44668302e-03  0.00000000e+00  1.05820616e-05  0.00000000e+00]","[ 0.         -1.75817883 10.08637619 -1.3633045  -5.12735033 -0.14395463
 -0.42905077 -0.61498106]"
1749055012.6233494,"[ 0.00000000e+00 -3.06902684e-03  2.95237406e-01  3.13995880e+00
 -2.27027665e+00  5.69916473e-05  9.60089347e-01  1.57107689e+00]","[ 0.00000000e+00 -1.42938014e-01  9.18331389e-03 -1.80781949e-02
 -2.25292011e-03  0.00000000e+00  1.05819570e-05  0.00000000e+00]","[ 0.         -1.74613631 10.07982922 -1.39320374 -5.15765524 -0.14070229
 -0.43622985 -0.59811288]"
1749055012.6251032,"[ 0.00000000e+00 -3.21337017e-03  2.95246594e-01  3.13993350e+00
 -2.27027852e+00  5.69916473e-05  9.60089347e-01  1.57107689e+00]","[ 0.00000000e+00 -1.46392833e-01  9.18331389e-03 -2.56592596e-02
 -2.12755037e-03  0.00000000e+00  1.05819570e-05  0.00000000e+00]","[ 0.         -1.74601924 10.0984726  -1.3861835  -5.18900967 -0.14299527
 -0.43919447 -0.59470797]"
1749055012.626218,"[ 0.00000000e+00 -3.51111158e-03  2.95265868e-01  3.13985681e+00
 -2.27028304e+00  5.69916473e-05  9.60089347e-01  1.57107689e+00]","[ 0.00000000e+00 -1.51101335e-01  8.99420136e-03 -4.16275631e-02
 -2.12755037e-03  0.00000000e+00  1.05820616e-05  0.00000000e+00]","[ 0.         -1.74771297 10.10222721 -1.37979591 -5.29059792 -0.14059968
 -0.45129585 -0.610533  ]"
1749055012.6279228,"[ 0.00000000e+00 -3.66131387e-03  2.95274124e-01  3.13980913e+00
 -2.27028304e+00  5.69916473e-05  9.60089347e-01  1.57107689e+00]","[ 0.00000000e+00 -1.52334978e-01  9.88718424e-03 -4.83474467e-02
 -2.12755037e-03  0.00000000e+00  1.05820616e-05  0.00000000e+00]","[ 0.         -1.70831048 10.1010704  -1.35184944 -5.29059792 -0.13873912
 -0.45936549 -0.61505526]"
1749055012.6295738,"[ 0.00000000e+00 -3.82483196e-03  2.95284244e-01  3.13975454e+00
 -2.27028571e+00  5.69916473e-05  9.60089347e-01  1.57107689e+00]","[ 0.00000000e+00 -1.53971840e-01  1.02741239e-02 -5.53699820e-02
 -2.22189324e-03  0.00000000e+00  1.05819570e-05  0.00000000e+00]","[ 0.         -1.69296885 10.13617992 -1.33676779 -5.32873249 -0.14229003
 -0.48065016 -0.61825317]"
1749055012.6306698,"[ 0.00000000e+00 -4.13482391e-03  2.95310410e-01  3.13962271e+00
 -2.27029263e+00  5.69916473e-05  9.60089347e-01  1.57107689e+00]","[ 0.00000000e+00 -1.58817312e-01  1.28711647e-02 -6.64536423e-02
 -2.60465061e-03  0.00000000e+00  1.05899522e-05  0.00000000e+00]","[ 0.         -1.63621294 10.16727924 -1.30732501 -5.46650362 -0.13483202
 -0.47835004 -0.62589371]"
1749055012.6324189,"[ 0.00000000e+00 -4.29408094e-03  2.95325557e-01  3.13955320e+00
 -2.27029689e+00  5.69916473e-05  9.60089347e-01  1.57107689e+00]","[ 0.00000000e+00 -1.61518290e-01  1.42938025e-02 -7.04954387e-02
 -3.06672440e-03  0.00000000e+00  1.05819570e-05  0.00000000e+00]","[ 0.         -1.57806087 10.18525887 -1.26946986 -5.52459145 -0.14015928
 -0.46571049 -0.61734366]"
1749055012.6340852,"[ 0.00000000e+00 -4.63390030e-03  2.95360477e-01  3.13939981e+00
 -2.27030595e+00  5.69916473e-05  9.60089347e-01  1.57107689e+00]","[ 0.00000000e+00 -1.66211462e-01  1.86367264e-02 -8.02189477e-02
 -4.23880396e-03  0.00000000e+00  1.05819570e-05  0.00000000e+00]","[ 0.         -1.5277735  10.18310356 -1.17389596 -5.55493879 -0.1651496
 -0.47254172 -0.60584968]"
1749055012.6352477,"[ 0.00000000e+00 -4.80061418e-03  2.95382948e-01  3.13930899e+00
 -2.27031047e+00  5.69916473e-05  9.60089347e-01  1.57107689e+00]","[ 0.00000000e+00 -1.69081018e-01  2.10645514e-02 -8.54316029e-02
 -4.43749789e-03  0.00000000e+00  1.05820616e-05  0.00000000e+00]","[ 0.         -1.51046252 10.17341232 -1.15298367 -5.57212734 -0.1464172
 -0.47765583 -0.622545  ]"
1749055012.636891,"[ 0.00000000e+00 -5.14256406e-03  2.95430252e-01  3.13913456e+00
 -2.27031980e+00  5.69916473e-05  9.60089347e-01  1.57107689e+00]","[ 0.00000000e+00 -1.74482974e-01  2.45539666e-02 -8.94930317e-02
 -4.68168947e-03  0.00000000e+00  1.05819570e-05  0.00000000e+00]","[ 0.         -1.44309711 10.12255859 -1.07230401 -5.60418129 -0.16597869
 -0.48630819 -0.64382178]"
1749055012.6385493,"[ 0.00000000e+00 -5.50262344e-03  2.95484913e-01  3.13894201e+00
 -2.27032805e+00  5.69916473e-05  9.60089347e-01  1.57107689e+00]","[ 0.00000000e+00 -1.77183952e-01  2.68322260e-02 -9.52920151e-02
 -4.21330706e-03  0.00000000e+00  1.05899522e-05  0.00000000e+00]","[ 0.         -1.39619732 10.05921936 -0.98839027 -5.60258007 -0.17572458
 -0.48303911 -0.63267392]"
1749055012.639645,"[ 0.00000000e+00 -5.67679418e-03  2.95511545e-01  3.13884667e+00
 -2.27033178e+00  5.69916473e-05  9.60089347e-01  1.57107689e+00]","[ 0.00000000e+00 -1.76464766e-01  2.70097486e-02 -9.66948934e-02
 -3.94867363e-03  0.00000000e+00  1.05819570e-05  0.00000000e+00]","[ 0.         -1.34660625 10.02446556 -0.94320297 -5.58940268 -0.20527016
 -0.4826583  -0.61681169]"
1749055012.6413612,"[ 0.00000000e+00 -5.85149755e-03  2.95537711e-01  3.13874920e+00
 -2.27033498e+00  5.69916473e-05  9.60089347e-01  1.57107689e+00]","[ 0.00000000e+00 -1.77363832e-01  2.64695534e-02 -9.88556741e-02
 -3.60129964e-03  0.00000000e+00  1.05820616e-05  0.00000000e+00]","[ 0.         -1.35343528  9.98742962 -0.90767395 -5.57788181 -0.20851754
 -0.47248352 -0.61790347]"
1749055012.6435711,"[ 0.00000000e+00 -6.21422009e-03  2.95589143e-01  3.13854413e+00
 -2.27034004e+00  5.69916473e-05  9.60089347e-01  1.57107689e+00]","[ 0.00000000e+00 -1.77183952e-01  2.56592596e-02 -1.05608111e-01
 -2.72109421e-03  0.00000000e+00  1.05819570e-05  0.00000000e+00]","[ 0.         -1.34534168  9.93379974 -0.85921621 -5.5009141  -0.21491882
 -0.4699471  -0.63870853]"
1749055012.6453338,"[ 0.00000000e+00 -6.56043103e-03  2.95639643e-01  3.13831617e+00
 -2.27034217e+00  5.69916473e-05  9.60089347e-01  1.57107689e+00]","[ 0.         -0.17610356  0.02430877 -0.11371104 -0.00135049  0.
  0.          0.        ]","[ 0.         -1.33184612  9.89593792 -0.865058   -5.45745182 -0.20172486
 -0.45245478 -0.63555497]"
1749055012.6464503,"[ 0.00000000e+00 -6.92794726e-03  2.95663978e-01  3.13807062e+00
 -2.27034270e+00  5.69916473e-05  9.60089347e-01  1.57107689e+00]","[ 0.         -0.18038344  0.02457887 -0.12175883 -0.00043874  0.
  0.          0.        ]","[ 0.         -1.35156906  9.87905884 -0.8707056  -5.45493174 -0.17463861
 -0.44014555 -0.6299538 ]"
1749055012.6482565,"[ 0.00000000e+00 -7.10637905e-03  2.95689245e-01  3.13794625e+00
 -2.27034270e+00  5.69916473e-05  9.60089347e-01  1.57107689e+00]","[ 0.00000000e+00 -1.80965308e-01  2.56592596e-02 -1.26263580e-01
 -1.75496610e-04  0.00000000e+00  0.00000000e+00  0.00000000e+00]","[ 0.         -1.37248981  9.88661861 -0.88077968 -5.42707062 -0.16114046
 -0.45246544 -0.62762839]"
1749055012.6499054,"[ 0.00000000e+00 -7.46590580e-03  2.95748933e-01  3.13768127e+00
 -2.27034323e+00  5.69916473e-05  9.60089347e-01  1.57107689e+00]","[ 0.00000000e+00 -1.83666286e-01  3.02202662e-02 -1.37209521e-01
 -1.32495580e-04  0.00000000e+00  0.00000000e+00  0.00000000e+00]","[ 0.         -1.41507173  9.86750317 -0.91699636 -5.44064093 -0.14195712
 -0.44524163 -0.63108772]"
1749055012.651039,"[ 0.00000000e+00 -7.66297972e-03  2.95781523e-01  3.13753053e+00
 -2.27034403e+00  5.69916473e-05  9.60089347e-01  1.57107689e+00]","[ 0.         -0.18556867  0.03295189 -0.14193495 -0.00026594  0.
  0.          0.        ]","[ 0.         -1.46217072  9.81087971 -0.95025682 -5.45638752 -0.15867722
 -0.4357383  -0.6182158 ]"
1749055012.6532905,"[ 0.00000000e+00 -8.03528964e-03  2.95856391e-01  3.13723705e+00
 -2.27034589e+00  5.69916473e-05  9.60089347e-01  1.57107689e+00]","[ 0.         -0.18906823  0.03781365 -0.15017419 -0.00045792  0.
  0.          0.        ]","[ 0.         -1.51292324  9.72114468 -1.00994003 -5.49026155 -0.16414849
 -0.41917536 -0.62645006]"
1749055012.654402,"[ 0.00000000e+00 -8.42198063e-03  2.95933523e-01  3.13693452e+00
 -2.27034776e+00  5.69916473e-05  9.60089347e-01  1.57107689e+00]","[ 0.         -0.18857789  0.03916413 -0.15438223 -0.00056054  0.
  0.          0.        ]","[ 0.         -1.55431998  9.66321278 -1.10305262 -5.4963789  -0.17298752
 -0.41842487 -0.64151978]"
1749055012.6561515,"[ 0.00000000e+00 -8.60946717e-03  2.95975767e-01  3.13676887e+00
 -2.27034856e+00  5.69916473e-05  9.60089347e-01  1.57107689e+00]","[ 0.         -0.19014862  0.03983468 -0.15583124 -0.00058513  0.
  0.          0.        ]","[ 0.         -1.55810261  9.65528584 -1.13296139 -5.47123861 -0.15696009
 -0.42868495 -0.63856596]"
1749055012.6572247,"[ 0.00000000e+00 -8.79748634e-03  2.96015715e-01  3.13661361e+00
 -2.27035016e+00  5.69916473e-05  9.60089347e-01  1.57107689e+00]","[ 0.         -0.19068883  0.04051462 -0.15746682 -0.0006779   0.
  0.          0.        ]","[ 0.         -1.59004188  9.62368679 -1.18245053 -5.46369219 -0.15715215
 -0.41963369 -0.6405704 ]"
1749055012.6589637,"[ 0.00000000e+00 -9.19216682e-03  2.96098839e-01  3.13629669e+00
 -2.27035175e+00  5.69916473e-05  9.60089347e-01  1.57107689e+00]","[ 0.         -0.19309171  0.0429455  -0.16205848 -0.00069396  0.
  0.          0.        ]","[ 0.         -1.65421939  9.58515549 -1.26721847 -5.43258095 -0.14768957
 -0.42134121 -0.61987668]"
1749055012.660748,"[ 0.00000000e+00 -9.57779254e-03  2.96192981e-01  3.13596566e+00
 -2.27035362e+00  5.69916473e-05  9.60089347e-01  1.57107689e+00]","[ 0.         -0.19663097  0.04699696 -0.1618943  -0.00072696  0.
  0.          0.        ]","[ 0.         -1.72589886  9.53392696 -1.3013587  -5.41337204 -0.12444743
 -0.40186721 -0.60751474]"
1749055012.6624117,"[ 0.00000000e+00 -9.77220330e-03  2.96239354e-01  3.13580507e+00
 -2.27035522e+00  5.69916473e-05  9.60089347e-01  1.57107689e+00]","[ 0.         -0.19717116  0.04694935 -0.16286878 -0.00078201  0.
  0.          0.        ]","[ 0.         -1.75342834  9.51656055 -1.36562622 -5.42195797 -0.11707599
 -0.39740491 -0.62152267]"
1749055012.6641521,"[ 0.00000000e+00 -1.01833954e-02  2.96333030e-01  3.13546685e+00
 -2.27035681e+00  5.69916473e-05  9.60090279e-01  1.57107689e+00]","[ 0.00000000e+00 -2.01929246e-01  4.48875552e-02 -1.66510252e-01
 -8.26923287e-04  0.00000000e+00  1.05819570e-05  0.00000000e+00]","[ 0.         -1.81815231  9.43295479 -1.45019305 -5.44270468 -0.10032238
 -0.38026163 -0.62780726]"
1749055012.6658947,"[ 0.00000000e+00 -1.05860653e-02  2.96418451e-01  3.13512676e+00
 -2.27036001e+00  5.69916473e-05  9.60090279e-01  1.57107689e+00]","[ 0.00000000e+00 -2.04193699e-01  4.32155977e-02 -1.74482974e-01
 -9.09119647e-04  0.00000000e+00  1.05820616e-05  0.00000000e+00]","[ 0.         -1.90072513  9.4387722  -1.49284196 -5.48285246 -0.06649823
 -0.38451776 -0.61261749]"
1749055012.6670165,"[ 0.00000000e+00 -1.07884656e-02  2.96461128e-01  3.13495233e+00
 -2.27036161e+00  5.69916473e-05  9.60090279e-01  1.57107689e+00]","[ 0.00000000e+00 -2.05274077e-01  4.32155977e-02 -1.76734594e-01
 -9.89090552e-04  0.00000000e+00  1.05899522e-05  0.00000000e+00]","[ 0.         -1.93806553  9.4387722  -1.53493178 -5.49201536 -0.0977119
 -0.37635106 -0.59842521]"
1749055012.6693103,"[ 0.00000000e+00 -1.12145714e-02  2.96548846e-01  3.13458108e+00
 -2.27036613e+00  5.69916473e-05  9.60090279e-01  1.57107689e+00]","[ 0.00000000e+00 -2.09642426e-01  4.30915984e-02 -1.81775608e-01
 -1.29425975e-03  0.00000000e+00  1.05819570e-05  0.00000000e+00]","[ 0.         -2.01280308  9.48229599 -1.59416866 -5.52508736 -0.0992232
 -0.39123735 -0.61260629]"
1749055012.6704638,"[ 0.00000000e+00 -1.16305571e-02  2.96631970e-01  3.13421623e+00
 -2.27037253e+00  5.69916473e-05  9.60090279e-01  1.57107689e+00]","[ 0.00000000e+00 -2.11216222e-01  4.18651087e-02 -1.86097153e-01
 -1.79158103e-03  0.00000000e+00  1.05820616e-05  0.00000000e+00]","[ 0.         -2.09294224  9.53785229 -1.6589433  -5.60709953 -0.09119534
 -0.40577203 -0.6217953 ]"
1749055012.672237,"[ 0.00000000e+00 -1.18393489e-02  2.96674215e-01  3.13401410e+00
 -2.27037705e+00  5.69916473e-05  9.60090279e-01  1.57107689e+00]","[ 0.00000000e+00 -2.11756427e-01  3.98721862e-02 -1.90333260e-01
 -2.33041342e-03  0.00000000e+00  1.05979587e-05  0.00000000e+00]","[ 0.         -2.12410331  9.54181957 -1.63440001 -5.62325573 -0.06595102
 -0.40955529 -0.62356323]"
1749055012.6739588,"[ 0.00000000e+00 -1.22830316e-02  2.96744922e-01  3.13363193e+00
 -2.27038717e+00  5.69916473e-05  9.60090279e-01  1.57107689e+00]","[ 0.00000000e+00 -2.18778950e-01  3.48425735e-02 -1.94740276e-01
 -4.20275116e-03  0.00000000e+00  1.05979587e-05  0.00000000e+00]","[ 0.         -2.18186879  9.64037132 -1.69026303 -5.69874477 -0.06480477
 -0.43452764 -0.63933617]"
1749055012.676254,"[ 0.00000000e+00 -1.27192574e-02  2.96812433e-01  3.13323059e+00
 -2.27040235e+00  5.69916473e-05  9.60090279e-01  1.57107689e+00]","[ 0.00000000e+00 -2.22560322e-01  3.23491306e-02 -1.96630970e-01
 -6.66887110e-03  0.00000000e+00  1.05979587e-05  0.00000000e+00]","[ 0.         -2.1956234   9.77051258 -1.67111611 -5.7322855  -0.06146239
 -0.44840157 -0.63123834]"
1749055012.677448,"[ 0.00000000e+00 -1.31837127e-02  2.96876715e-01  3.13282979e+00
 -2.27042126e+00  5.69916473e-05  9.60090279e-01  1.57107689e+00]","[ 0.00000000e+00 -2.27962262e-01  3.26817948e-02 -2.05814282e-01
 -9.58846079e-03  0.00000000e+00  1.05979587e-05  0.00000000e+00]","[ 0.         -2.24978256  9.9045763  -1.67058718 -5.78106451 -0.07463694
 -0.46600303 -0.63336557]"
1749055012.679711,"[ 0.00000000e+00 -1.34100814e-02  2.96909771e-01  3.13262499e+00
 -2.27043325e+00  5.69916473e-05  9.60090279e-01  1.57107689e+00]","[ 0.00000000e+00 -2.29582862e-01  3.34920866e-02 -2.07704960e-01
 -1.21543863e-02  0.00000000e+00  1.05980643e-05  0.00000000e+00]","[ 0.         -2.26932645  9.98469257 -1.70514584 -5.80283642 -0.07801294
 -0.45599195 -0.61895621]"
1749055012.6814716,"[ 0.00000000e+00 -1.38873198e-02  2.96979579e-01  3.13218610e+00
 -2.27046494e+00  5.69916473e-05  9.60090279e-01  1.57107689e+00]","[ 0.00000000e+00 -2.33716204e-01  3.41045096e-02 -2.16077989e-01
 -1.65351490e-02  0.00000000e+00  1.05979587e-05  0.00000000e+00]","[ 0.         -2.31085968 10.10426331 -1.68255126 -5.79964161 -0.08536332
 -0.44705409 -0.62059259]"
1749055012.6832113,"[ 0.00000000e+00 -1.43517751e-02  2.97046591e-01  3.13175440e+00
 -2.27050515e+00  5.69916473e-05  9.60090279e-01  1.57107689e+00]","[ 0.00000000e+00 -2.35286371e-01  3.40322817e-02 -2.20399533e-01
 -2.18778954e-02  0.00000000e+00  1.05979587e-05  0.00000000e+00]","[ 0.         -2.30658531 10.21352673 -1.6082114  -5.76276922 -0.08863372
 -0.4478305  -0.61974257]"
1749055012.6843956,"[ 0.00000000e+00 -1.48444599e-02  2.97114102e-01  3.13129927e+00
 -2.27055762e+00  5.69916473e-05  9.60090279e-01  1.57107689e+00]","[ 0.00000000e+00 -2.41467152e-01  3.28506684e-02 -2.22874476e-01
 -2.80901368e-02  0.00000000e+00  1.05980643e-05  0.00000000e+00]","[ 0.         -2.33772993 10.34219456 -1.63027251 -5.6494503  -0.08773813
 -0.44968131 -0.61442006]"
1749055012.6861227,"[ 0.00000000e+00 -1.50820139e-02  2.97147625e-01  3.13108036e+00
 -2.27059117e+00  5.69916473e-05  9.60090279e-01  1.57107689e+00]","[ 0.00000000e+00 -2.40926946e-01  3.40322817e-02 -2.22245537e-01
 -3.15968251e-02  0.00000000e+00  1.05979587e-05  0.00000000e+00]","[ 0.         -2.34735179 10.37742043 -1.60955    -5.55877972 -0.07590873
 -0.43924332 -0.59917098]"
1749055012.6884263,"[ 0.00000000e+00 -1.55651113e-02  2.97219730e-01  3.13062522e+00
 -2.27066281e+00  5.69916473e-05  9.60090279e-01  1.57107689e+00]","[ 0.00000000e+00 -2.46328902e-01  3.80451578e-02 -2.22560322e-01
 -3.78136459e-02  0.00000000e+00  1.05979587e-05  0.00000000e+00]","[ 0.         -2.38621426 10.50961685 -1.57861423 -5.31919909 -0.09189998
 -0.43444675 -0.59998971]"
1749055012.6900866,"[ 0.00000000e+00 -1.60764382e-02  2.97309711e-01  3.13018394e+00
 -2.27074643e+00  5.69916473e-05  9.60090279e-01  1.57107689e+00]","[ 0.00000000e+00 -2.49856858e-01  4.58906265e-02 -2.24991189e-01
 -4.21291029e-02  0.00000000e+00  1.05979587e-05  0.00000000e+00]","[ 0.         -2.35911059 10.50476456 -1.58641493 -5.11453295 -0.07633284
 -0.38860849 -0.60879022]"
1749055012.6912427,"[ 0.00000000e+00 -1.63619291e-02  2.97357482e-01  3.12996130e+00
 -2.27078851e+00  5.69916473e-05  9.60090279e-01  1.57107689e+00]","[ 0.00000000e+00 -2.50870707e-01  4.83474467e-02 -2.25801489e-01
 -4.26754004e-02  0.00000000e+00  1.05979587e-05  0.00000000e+00]","[ 0.         -2.33598566 10.50697899 -1.56180012 -4.98558521 -0.08964377
 -0.37976277 -0.59633106]"
1749055012.693018,"[ 0.00000000e+00 -1.68817782e-02  2.97460813e-01  3.12948885e+00
 -2.27087586e+00  5.69916473e-05  9.60091278e-01  1.57107689e+00]","[ 0.00000000e+00 -2.54470086e-01  5.12049811e-02 -2.32048483e-01
 -4.48361812e-02  0.00000000e+00  1.85464284e-05  0.00000000e+00]","[ 0.         -2.3906219  10.44276428 -1.60501719 -4.84001637 -0.10212838
 -0.33968964 -0.61193544]"
1749055012.6948242,"[ 0.00000000e+00 -1.73893767e-02  2.97568704e-01  3.12902413e+00
 -2.27097547e+00  5.69916473e-05  9.60092210e-01  1.57107689e+00]","[ 0.00000000e+00 -2.58213192e-01  5.64503723e-02 -2.36065196e-01
 -4.94780210e-02  0.00000000e+00  2.91443860e-05  0.00000000e+00]","[ 0.         -2.3356564  10.35870743 -1.63400316 -4.66769266 -0.12038182
 -0.3296845  -0.60854876]"
1749055012.6964695,"[ 0.00000000e+00 -1.76658128e-02  2.97628392e-01  3.12877113e+00
 -2.27102686e+00  5.69916473e-05  9.60092210e-01  1.57107689e+00]","[ 0.00000000e+00 -2.60297665e-01  6.05018351e-02 -2.38230029e-01
 -5.20759971e-02  0.00000000e+00  2.91443860e-05  0.00000000e+00]","[ 0.         -2.37982941 10.35150051 -1.63452017 -4.58899403 -0.13529752
 -0.3285031  -0.61624873]"
1749055012.6976466,"[ 0.00000000e+00 -1.81877923e-02  2.97763414e-01  3.12829522e+00
 -2.27113659e+00  5.69916473e-05  9.60092210e-01  1.57107689e+00]","[ 0.00000000e+00 -2.66046281e-01  6.75243704e-02 -2.42277435e-01
 -5.36644520e-02  0.00000000e+00  2.91443860e-05  0.00000000e+00]","[ 0.         -2.38779473 10.33889294 -1.66302705 -4.47188282 -0.12009145
 -0.30716485 -0.61956513]"
1749055012.6993933,"[ 0.00000000e+00 -1.84530432e-02  2.97832290e-01  3.12805740e+00
 -2.27119038e+00  5.69916473e-05  9.60092210e-01  1.57107689e+00]","[ 0.00000000e+00 -2.69017087e-01  6.99552497e-02 -2.41197040e-01
 -5.45596902e-02  0.00000000e+00  2.91446766e-05  0.00000000e+00]","[ 0.         -2.37720966 10.32551956 -1.68185329 -4.42550898 -0.12674384
 -0.3007049  -0.63354588]"
1749055012.7010994,"[ 0.00000000e+00 -1.90064481e-02  2.97976001e-01  3.12755833e+00
 -2.27129771e+00  5.69916473e-05  9.60093142e-01  1.57107689e+00]","[ 0.00000000e+00 -2.71177859e-01  7.44713717e-02 -2.44190550e-01
 -5.47742328e-02  0.00000000e+00  3.70928568e-05  0.00000000e+00]","[ 0.         -2.45133781 10.3249855  -1.7037307  -4.38070297 -0.10605644
 -0.29838613 -0.62660754]"
1749055012.703343,"[ 0.00000000e+00 -1.95433413e-02  2.98140851e-01  3.12706644e+00
 -2.27141622e+00  5.69916473e-05  9.60093142e-01  1.57107689e+00]","[ 0.00000000e+00 -2.72258254e-01  8.21096340e-02 -2.51190652e-01
 -5.86111530e-02  0.00000000e+00  3.70928568e-05  0.00000000e+00]","[ 0.         -2.51634169 10.30228519 -1.76049566 -4.3968358  -0.09936677
 -0.31160787 -0.64278924]"
1749055012.7057118,"[ 0.00000000e+00 -2.01068662e-02  2.98307997e-01  3.12654526e+00
 -2.27153526e+00  5.69916473e-05  9.60093142e-01  1.57107689e+00]","[ 0.00000000e+00 -2.76346839e-01  8.56209037e-02 -2.54983510e-01
 -6.02317365e-02  0.00000000e+00  3.70924870e-05  0.00000000e+00]","[ 0.         -2.65147614 10.23634052 -1.80510545 -4.45873451 -0.06414887
 -0.3239536  -0.61119974]"
1749055012.7073526,"[ 0.00000000e+00 -2.06602711e-02  2.98493986e-01  3.12603793e+00
 -2.27166150e+00  5.69916473e-05  9.60093142e-01  1.57107689e+00]","[ 0.00000000e+00 -2.81981755e-01  9.29475761e-02 -2.59023475e-01
 -6.24558588e-02  0.00000000e+00  3.70928568e-05  0.00000000e+00]","[ 0.         -2.70174551 10.24393177 -1.89872074 -4.62497187 -0.04605822
 -0.32170713 -0.60651594]"
1749055012.7085125,"[ 0.00000000e+00 -2.09415009e-02  2.98587197e-01  3.12578253e+00
 -2.27172568e+00  5.69916473e-05  9.60094074e-01  1.57107689e+00]","[ 0.00000000e+00 -2.85222922e-01  9.45341127e-02 -2.59023475e-01
 -6.50275403e-02  0.00000000e+00  4.76908124e-05  0.00000000e+00]","[ 0.         -2.76426435 10.22585964 -1.89741957 -4.68809223 -0.02616106
 -0.32768634 -0.6172353 ]"
1749055012.7102132,"[ 0.00000000e+00 -2.15343206e-02  2.98778678e-01  3.12525310e+00
 -2.27186203e+00  5.69916473e-05  9.60094074e-01  1.57107689e+00]","[ 0.00000000e+00 -2.90617754e-01  9.77752879e-02 -2.59023475e-01
 -7.02253442e-02  0.00000000e+00  4.76903370e-05  0.00000000e+00]","[ 0.         -2.83297372 10.23923397 -2.01045108 -4.81536293 -0.03913523
 -0.34971318 -0.62565756]"
1749055012.7119954,"[ 0.00000000e+00 -2.21132918e-02  2.98981178e-01  3.12473245e+00
 -2.27201197e+00  5.69916473e-05  9.60094074e-01  1.57107689e+00]","[ 0.00000000e+00 -2.94946456e-01  9.89560420e-02 -2.66046015e-01
 -7.42768028e-02  0.00000000e+00  4.76908124e-05  0.00000000e+00]","[ 0.00000000e+00 -2.92282462e+00  1.02148619e+01 -2.08565450e+00
 -4.91759396e+00 -8.54452141e-03 -3.71734828e-01 -6.35894954e-01]"
1749055012.7137272,"[ 0.00000000e+00 -2.21132918e-02  2.99078516e-01  3.12444403e+00
 -2.27208627e+00  5.69916473e-05  9.60094074e-01  1.57107689e+00]","[ 0.00000000e+00 -2.94946456e-01  9.87555143e-02 -2.71582244e-01
 -7.53571974e-02  0.00000000e+00  4.76908124e-05  0.00000000e+00]","[ 0.         -2.92282462 10.22573662 -2.13554573 -4.93084955 -0.01092613
 -0.38333064 -0.63505334]"
1749055012.714822,"[ 0.00000000e+00 -2.27300799e-02  2.99283314e-01  3.12389914e+00
 -2.27224979e+00  5.69916473e-05  9.60094074e-01  1.57107689e+00]","[ 0.00000000e+00 -3.04129767e-01  1.00808920e-01 -2.78470493e-01
 -8.09982136e-02  0.00000000e+00  4.76908124e-05  0.00000000e+00]","[ 0.         -3.00858855 10.28553867 -2.21013975 -5.01822567 -0.01355
 -0.38244027 -0.6275059 ]"
1749055012.716644,"[ 0.00000000e+00 -2.30320824e-02  2.99383415e-01  3.12360007e+00
 -2.27232915e+00  5.69916473e-05  9.60094074e-01  1.57107689e+00]","[ 0.00000000e+00 -3.05980198e-01  1.01556652e-01 -2.81612973e-01
 -8.04890505e-02  0.00000000e+00  4.76912879e-05  0.00000000e+00]","[ 0.         -3.04208732 10.29891872 -2.20343089 -5.01722527  0.01214021
 -0.38015532 -0.60378015]"
1749055012.7177653,"[ 0.00000000e+00 -2.36728389e-02  2.99590043e-01  3.12304001e+00
 -2.27249134e+00  5.69916473e-05  9.60094074e-01  1.57107689e+00]","[ 0.00000000e+00 -3.14965171e-01  1.05501110e-01 -2.83584811e-01
 -8.28359113e-02  0.00000000e+00  4.76908124e-05  0.00000000e+00]","[ 0.         -3.11272931 10.32309818 -2.2768743  -5.08574677  0.02669252
 -0.40248281 -0.60623902]"
1749055012.7194934,"[ 0.00000000e+00 -2.43024102e-02  2.99809088e-01  3.12247409e+00
 -2.27266205e+00  5.69916473e-05  9.60094074e-01  1.57107689e+00]","[ 0.00000000e+00 -3.20335602e-01  1.06958600e-01 -2.88464088e-01
 -8.35448531e-02  0.00000000e+00  4.76908124e-05  0.00000000e+00]","[ 0.         -3.14169598 10.32072735 -2.31707048 -5.15053606  0.03822211
 -0.41133147 -0.60934734]"
1749055012.7211726,"[ 0.00000000e+00 -2.46193264e-02  2.99915615e-01  3.12216436e+00
 -2.27274141e+00  5.69916473e-05  9.60094074e-01  1.57107689e+00]","[ 0.00000000e+00 -3.21415980e-01  1.08038994e-01 -2.91643703e-01
 -8.04074995e-02  0.00000000e+00  4.76908124e-05  0.00000000e+00]","[ 0.         -3.18592477 10.34482098 -2.345613   -5.16191387  0.02603639
 -0.41113895 -0.59958684]"
1749055012.7223594,"[ 0.00000000e+00 -2.49634068e-02  3.00032727e-01  3.12187461e+00
 -2.27282050e+00  5.69916473e-05  9.60094074e-01  1.57107689e+00]","[ 0.00000000e+00 -3.23992855e-01  1.10338126e-01 -2.93866044e-01
 -8.02189477e-02  0.00000000e+00  4.77269018e-05  0.00000000e+00]","[ 0.         -3.21615338 10.35926723 -2.35571647 -5.17329454  0.03149428
 -0.4053002  -0.59470469]"
1749055012.7241004,"[ 0.00000000e+00 -2.56116202e-02  3.00256333e-01  3.12128365e+00
 -2.27298349e+00  5.69916473e-05  9.60094074e-01  1.57107689e+00]","[ 0.00000000e+00 -3.30059103e-01  1.13981131e-01 -3.00044079e-01
 -7.96787588e-02  0.00000000e+00  4.76908124e-05  0.00000000e+00]","[ 0.         -3.21451879 10.39395618 -2.39266109 -5.18221045  0.03195131
 -0.40026051 -0.61835223]"
1749055012.7258558,"[ 0.00000000e+00 -2.59423848e-02  3.00373911e-01  3.12096248e+00
 -2.27306019e+00  5.69916473e-05  9.60094074e-01  1.57107689e+00]","[ 0.00000000e+00 -3.35461059e-01  1.19262129e-01 -3.02426776e-01
 -7.77880725e-02  0.00000000e+00  4.76908124e-05  0.00000000e+00]","[ 0.         -3.2174418  10.39936447 -2.42098784 -5.18130016  0.02521719
 -0.41572392 -0.62582296]"
1749055012.7275472,"[ 0.00000000e+00 -2.66401330e-02  3.00627378e-01  3.12036273e+00
 -2.27321545e+00  5.69916473e-05  9.60094074e-01  1.57107689e+00]","[ 0.00000000e+00 -3.42048188e-01  1.25384229e-01 -3.04129767e-01
 -7.88684671e-02  0.00000000e+00  4.77269018e-05  0.00000000e+00]","[ 0.         -3.2164762  10.45314789 -2.45441127 -5.22992611  0.02066997
 -0.41797382 -0.62576824]"
1749055012.7292244,"[ 0.00000000e+00 -2.73261633e-02  3.00885438e-01  3.11973369e+00
 -2.27338163e+00  5.69916473e-05  9.60094074e-01  1.57107689e+00]","[ 0.00000000e+00 -3.49152004e-01  1.31807566e-01 -3.07911123e-01
 -8.15694367e-02  0.00000000e+00  4.76912879e-05  0.00000000e+00]","[ 0.         -3.23447108 10.48177433 -2.46107149 -5.22806692  0.01656568
 -0.41287699 -0.61075264]"
1749055012.7308707,"[ 0.00000000e+00 -2.80521410e-02  3.01162340e-01  3.11911211e+00
 -2.27353823e+00  5.69916473e-05  9.60094074e-01  1.57107689e+00]","[ 0.00000000e+00 -3.56592743e-01  1.36039179e-01 -3.17904735e-01
 -7.88684671e-02  0.00000000e+00  4.76547840e-05  0.00000000e+00]","[ 0.         -3.24567509 10.51617432 -2.42373061 -5.10805988  0.0203352
 -0.39684206 -0.59976029]"
1749055012.7326434,"[ 0.00000000e+00 -2.84084720e-02  3.01296397e-01  3.11877256e+00
 -2.27362078e+00  5.69916473e-05  9.60094074e-01  1.57107689e+00]","[ 0.00000000e+00 -3.61390427e-01  1.35859032e-01 -3.19729799e-01
 -7.77382215e-02  0.00000000e+00  4.76908124e-05  0.00000000e+00]","[ 0.         -3.27095199 10.52700424 -2.42244649 -5.03214407  0.01645128
 -0.39085725 -0.58813989]"
1749055012.7343676,"[ 0.00000000e+00 -2.91312539e-02  3.01578825e-01  3.11813633e+00
 -2.27377205e+00  5.69916473e-05  9.60094074e-01  1.57107689e+00]","[ 0.00000000e+00 -3.67872761e-01  1.37922649e-01 -3.23036580e-01
 -7.56272918e-02  0.00000000e+00  4.76908124e-05  0.00000000e+00]","[ 0.         -3.22474313 10.54208088 -2.3723774  -4.92518187  0.03265952
 -0.37081036 -0.59317923]"
1749055012.7355034,"[ 0.00000000e+00 -2.95254017e-02  3.01716577e-01  3.11781675e+00
 -2.27384449e+00  5.69916473e-05  9.60095073e-01  1.57107689e+00]","[ 0.00000000e+00 -3.70788190e-01  1.39640388e-01 -3.24116958e-01
 -7.34665111e-02  0.00000000e+00  5.82007654e-05  0.00000000e+00]","[ 0.         -3.19266224 10.56591797 -2.28166223 -4.90137005  0.03448777
 -0.3818247  -0.59429628]"
1749055012.737277,"[ 0.00000000e+00 -3.02657605e-02  3.01995310e-01  3.11715256e+00
 -2.27399150e+00  5.69916473e-05  9.60095073e-01  1.57107689e+00]","[ 0.00000000e+00 -3.77596262e-01  1.41387672e-01 -3.24745164e-01
 -7.23127798e-02  0.00000000e+00  5.82887721e-05  0.00000000e+00]","[ 0.00000000e+00 -3.14296675e+00  1.05566359e+01 -2.18836808e+00
 -4.90436459e+00  6.28235796e-03 -3.66841197e-01 -6.09333575e-01]"
1749055012.7384458,"[ 0.00000000e+00 -3.10210330e-02  3.02287326e-01  3.11650434e+00
 -2.27413424e+00  5.69916473e-05  9.60095073e-01  1.57107689e+00]","[ 0.00000000e+00 -3.84618818e-01  1.43188784e-01 -3.29518914e-01
 -7.31964166e-02  0.00000000e+00  5.81568575e-05  0.00000000e+00]","[ 0.00000000e+00 -3.06968164e+00  1.05760574e+01 -2.10793853e+00
 -4.95842409e+00 -9.32350848e-03 -3.83287609e-01 -6.03352368e-01]"
1749055012.740257,"[ 0.00000000e+00 -3.14348882e-02  3.02427841e-01  3.11617731e+00
 -2.27421174e+00  5.69916473e-05  9.60095073e-01  1.57107689e+00]","[ 0.00000000e+00 -3.89694170e-01  1.42611461e-01 -3.31679703e-01
 -7.29736182e-02  0.00000000e+00  5.82007654e-05  0.00000000e+00]","[ 0.         -3.05627942 10.60313225 -2.10614562 -4.99537659 -0.0225787
 -0.39454007 -0.60647494]"
1749055012.7418647,"[ 0.00000000e+00 -3.22098681e-02  3.02713465e-01  3.11549394e+00
 -2.27436061e+00  5.69916473e-05  9.60095073e-01  1.57107689e+00]","[ 0.00000000e+00 -3.94201937e-01  1.45704856e-01 -3.33772049e-01
 -7.64375836e-02  0.00000000e+00  5.82013384e-05  0.00000000e+00]","[ 0.         -2.96580219 10.70867062 -1.97444749 -5.07449579 -0.03816575
 -0.41483584 -0.62334353]"
1749055012.7429898,"[ 0.00000000e+00 -3.26013528e-02  3.02858574e-01  3.11516424e+00
 -2.27443917e+00  5.69916473e-05  9.60095073e-01  1.57107689e+00]","[ 0.00000000e+00 -3.96640993e-01  1.47352570e-01 -3.34380681e-01
 -7.96787588e-02  0.00000000e+00  5.82007654e-05  0.00000000e+00]","[ 0.         -2.87910771 10.77306938 -1.88840222 -5.10953617 -0.01761407
 -0.41483584 -0.62143862]"
1749055012.7446525,"[ 0.00000000e+00 -3.34205412e-02  3.03174025e-01  3.11447795e+00
 -2.27460535e+00  5.69916473e-05  9.60095073e-01  1.57107689e+00]","[ 0.00000000e+00 -4.01364841e-01  1.55576145e-01 -3.35778974e-01
 -8.14867955e-02  0.00000000e+00  5.82007654e-05  0.00000000e+00]","[ 0.         -2.7778399  10.80310345 -1.83488059 -5.11871481 -0.03622281
 -0.40989858 -0.61931413]"
1749055012.7463894,"[ 0.00000000e+00 -3.38194827e-02  3.03330153e-01  3.11414505e+00
 -2.27468525e+00  5.69916473e-05  9.60095073e-01  1.57107689e+00]","[ 0.00000000e+00 -4.04606008e-01  1.58277123e-01 -3.37621848e-01
 -8.10292395e-02  0.00000000e+00  5.82007654e-05  0.00000000e+00]","[ 0.         -2.72770071 10.80667782 -1.8267957  -5.11050606 -0.06106012
 -0.41264996 -0.61319131]"
1749055012.7474728,"[ 0.00000000e+00 -3.46551826e-02  3.03657556e-01  3.11347447e+00
 -2.27485383e+00  5.69916473e-05  9.60095073e-01  1.57107689e+00]","[ 0.00000000e+00 -4.07433953e-01  1.61244118e-01 -3.40052715e-01
 -8.22520548e-02  0.00000000e+00  5.82013384e-05  0.00000000e+00]","[ 0.         -2.67962027 10.82115841 -1.76949346 -5.15463257 -0.07731562
 -0.41638386 -0.61302602]"
1749055012.749252,"[ 0.00000000e+00 -3.50589179e-02  3.03818277e-01  3.11311281e+00
 -2.27493505e+00  5.69916473e-05  9.60095073e-01  1.57107689e+00]","[ 0.00000000e+00 -4.09467775e-01  1.63138873e-01 -3.40223223e-01
 -8.23797284e-02  0.00000000e+00  5.82013384e-05  0.00000000e+00]","[ 0.         -2.56534314 10.82341671 -1.69185519 -5.1626277  -0.07553387
 -0.41737789 -0.61259425]"
1749055012.751034,"[ 0.00000000e+00 -3.58722473e-02  3.04147977e-01  3.11244169e+00
 -2.27509671e+00  5.69916473e-05  9.60095073e-01  1.57107689e+00]","[ 0.00000000e+00 -4.13249131e-01  1.68540829e-01 -3.40052715e-01
 -8.21929909e-02  0.00000000e+00  5.82007654e-05  0.00000000e+00]","[ 0.         -2.46126819 10.81743813 -1.62630618 -5.20162535 -0.07826535
 -0.41350165 -0.62019759]"
1749055012.7526956,"[ 0.00000000e+00 -3.63137994e-02  3.04316056e-01  3.11210853e+00
 -2.27518486e+00  5.69916473e-05  9.60095073e-01  1.57107689e+00]","[ 0.00000000e+00 -4.15774108e-01  1.70431507e-01 -3.37891959e-01
 -8.29262757e-02  0.00000000e+00  5.82007654e-05  0.00000000e+00]","[ 0.         -2.48096061 10.766572   -1.63809228 -5.18327332 -0.08973432
 -0.41350165 -0.61413401]"
1749055012.7538266,"[ 0.00000000e+00 -3.71399119e-02  3.04671454e-01  3.11141105e+00
 -2.27535024e+00  5.69916473e-05  9.60095073e-01  1.57107689e+00]","[ 0.00000000e+00 -4.19845848e-01  1.74212880e-01 -3.41327137e-01
 -8.42704147e-02  0.00000000e+00  5.82013384e-05  0.00000000e+00]","[ 0.         -2.39370728 10.76563644 -1.57768691 -5.19127321 -0.09911502
 -0.42646563 -0.6171838 ]"
1749055012.7555242,"[ 0.00000000e+00 -3.79947866e-02  3.05021360e-01  3.11073168e+00
 -2.27552521e+00  5.69916473e-05  9.60095073e-01  1.57107689e+00]","[ 0.00000000e+00 -4.18281807e-01  1.77994236e-01 -3.44644370e-01
 -8.65151183e-02  0.00000000e+00  5.81568575e-05  0.00000000e+00]","[ 0.         -2.37294364 10.76372242 -1.55421853 -5.20334387 -0.10211068
 -0.4193725  -0.61930907]"
1749055012.757161,"[ 0.00000000e+00 -3.84091745e-02  3.05213741e-01  3.11036389e+00
 -2.27561176e+00  5.69916473e-05  9.60095073e-01  1.57107689e+00]","[ 0.00000000e+00 -4.20271687e-01  1.80884498e-01 -3.46311243e-01
 -8.76927431e-02  0.00000000e+00  5.82007654e-05  0.00000000e+00]","[ 0.         -2.31964564 10.79174805 -1.51080179 -5.20557642 -0.10104991
 -0.40686363 -0.62398446]"
1749055012.7583146,"[ 0.00000000e+00 -3.92720387e-02  3.05578361e-01  3.10968212e+00
 -2.27578727e+00  5.69916473e-05  9.60095073e-01  1.57107689e+00]","[ 0.00000000e+00 -4.22294092e-01  1.86907453e-01 -3.45184559e-01
 -8.94022679e-02  0.00000000e+00  5.81568575e-05  0.00000000e+00]","[ 0.         -2.26804113 10.80223846 -1.52437925 -5.19161034 -0.10859485
 -0.40242383 -0.62665552]"
1749055012.7599628,"[ 0.00000000e+00 -3.96896224e-02  3.05762951e-01  3.10934097e+00
 -2.27588367e+00  5.69916473e-05  9.60095073e-01  1.57107689e+00]","[ 0.00000000e+00 -4.23083752e-01  1.87177547e-01 -3.45994859e-01
 -9.07781817e-02  0.00000000e+00  5.82007654e-05  0.00000000e+00]","[ 0.         -2.33698869 10.75010586 -1.54561234 -5.16388273 -0.10329048
 -0.40319464 -0.62424946]"
1749055012.7616956,"[ 0.00000000e+00 -4.01072060e-02  3.05964086e-01  3.10862698e+00
 -2.27606423e+00  5.69916473e-05  9.60095073e-01  1.57107689e+00]","[ 0.00000000e+00 -4.23512854e-01  1.89330181e-01 -3.48882192e-01
 -9.06608029e-02  0.00000000e+00  5.82013384e-05  0.00000000e+00]","[ 0.         -2.3143208  10.75796413 -1.58863533 -5.17356491 -0.08484013
 -0.41817081 -0.61111981]"
1749055012.7629237,"[ 0.00000000e+00 -4.09423733e-02  3.06343820e-01  3.10828157e+00
 -2.27616144e+00  5.69916473e-05  9.60095073e-01  1.57107689e+00]","[ 0.00000000e+00 -4.24053043e-01  1.93389787e-01 -3.50316438e-01
 -9.15304914e-02  0.00000000e+00  5.81568575e-05  0.00000000e+00]","[ 0.         -2.3511014  10.70608234 -1.58665955 -5.16892004 -0.07539094
 -0.41881073 -0.61955774]"
1749055012.7647016,"[ 0.00000000e+00 -4.13929802e-02  3.06551380e-01  3.10793536e+00
 -2.27625199e+00  5.69916473e-05  9.60095073e-01  1.57107689e+00]","[ 0.00000000e+00 -4.24300218e-01  1.95348625e-01 -3.51126704e-01
 -9.18331430e-02  0.00000000e+00  5.82007654e-05  0.00000000e+00]","[ 0.         -2.40311575 10.62042522 -1.62055206 -5.16154003 -0.05646555
 -0.41606706 -0.61575311]"
1749055012.7658663,"[ 0.00000000e+00 -4.22329412e-02  3.06939835e-01  3.10722083e+00
 -2.27643282e+00  5.69916473e-05  9.60095073e-01  1.57107689e+00]","[ 0.00000000e+00 -4.26213832e-01  1.96901065e-01 -3.48425760e-01
 -9.12929458e-02  0.00000000e+00  4.76188043e-05  0.00000000e+00]","[ 0.         -2.41878462 10.59868526 -1.67384374 -5.12682867 -0.05862175
 -0.39548439 -0.61447769]"
1749055012.7675977,"[ 0.00000000e+00 -4.31048601e-02  3.07331986e-01  3.10653214e+00
 -2.27662430e+00  5.69916473e-05  9.60095073e-01  1.57107689e+00]","[ 0.00000000e+00 -4.25804837e-01  1.99129981e-01 -3.49776215e-01
 -9.45341127e-02  0.00000000e+00  4.75833530e-05  0.00000000e+00]","[ 0.         -2.47342038 10.55239105 -1.73904252 -5.12067461 -0.05478904
 -0.38439196 -0.60946888]"
1749055012.7693715,"[ 0.00000000e+00 -4.35245743e-02  3.07544606e-01  3.10615770e+00
 -2.27671937e+00  5.69916473e-05  9.60095073e-01  1.57107689e+00]","[ 0.00000000e+00 -4.25673610e-01  2.00113237e-01 -3.52248761e-01
 -9.64247990e-02  0.00000000e+00  4.76192757e-05  0.00000000e+00]","[ 0.         -2.48976278 10.58476067 -1.77526569 -5.13274622 -0.05715587
 -0.40149575 -0.6119746 ]"
1749055012.7704933,"[ 0.00000000e+00 -4.43703943e-02  3.07943181e-01  3.10540482e+00
 -2.27691964e+00  5.69916473e-05  9.60095073e-01  1.57107689e+00]","[ 0.00000000e+00 -4.29454999e-01  2.02573099e-01 -3.54367905e-01
 -9.80504674e-02  0.00000000e+00  4.75828816e-05  0.00000000e+00]","[ 0.         -2.5514729  10.58866787 -1.86705327 -5.14616632 -0.04665243
 -0.42255664 -0.62787139]"
1749055012.7722542,"[ 0.00000000e+00 -4.48268601e-02  3.08143850e-01  3.10502825e+00
 -2.27701738e+00  5.69916473e-05  9.60095073e-01  1.57107689e+00]","[ 0.00000000e+00 -4.29817156e-01  2.03653493e-01 -3.54586617e-01
 -9.91257769e-02  0.00000000e+00  4.75828816e-05  0.00000000e+00]","[ 0.         -2.57334423 10.53669739 -1.88319647 -5.1141305  -0.02893594
 -0.41399229 -0.61215234]"
1749055012.7733614,"[ 0.00000000e+00 -4.52524332e-02  3.08362895e-01  3.10433263e+00
 -2.27721445e+00  5.69916473e-05  9.60095073e-01  1.57107689e+00]","[ 0.00000000e+00 -4.31615755e-01  2.05937753e-01 -3.52477193e-01
 -9.95649904e-02  0.00000000e+00  4.76192757e-05  0.00000000e+00]","[ 0.00000000e+00 -2.62339520e+00  1.05600119e+01 -1.95985019e+00
 -5.06675625e+00 -1.04217250e-02 -4.04874325e-01 -5.93609750e-01]"
1749055012.7751796,"[ 0.00000000e+00 -4.61355375e-02  3.08779380e-01  3.10403862e+00
 -2.27731139e+00  5.69916473e-05  9.60096005e-01  1.57107689e+00]","[ 0.00000000e+00 -4.31823282e-01  2.12081516e-01 -3.52111342e-01
 -9.84152955e-02  0.00000000e+00  5.81574305e-05  0.00000000e+00]","[ 0.         -2.71303368 10.51578331 -1.99371493 -5.07209539 -0.01392145
 -0.39256954 -0.5993548 ]"
1749055012.7762918,"[ 0.00000000e+00 -4.65611106e-02  3.08991501e-01  3.10363542e+00
 -2.27741552e+00  5.69916473e-05  9.60096005e-01  1.57107689e+00]","[ 0.00000000e+00 -4.31615755e-01  2.14997594e-01 -3.54308083e-01
 -9.79582305e-02  0.00000000e+00  5.82007654e-05  0.00000000e+00]","[ 0.00000000e+00 -2.73503995e+00  1.04444809e+01 -2.00091958e+00
 -5.04674578e+00  8.05583782e-04 -3.96509141e-01 -5.99192083e-01]"
1749055012.778318,"[ 0.00000000e+00 -4.74165179e-02  3.09436016e-01  3.10290678e+00
 -2.27760887e+00  5.69916473e-05  9.60096005e-01  1.57107689e+00]","[ 0.00000000e+00 -4.33337056e-01  2.17968666e-01 -3.55718360e-01
 -9.77752879e-02  0.00000000e+00  5.82007654e-05  0.00000000e+00]","[ 0.00000000e+00 -2.74099493e+00  1.03612967e+01 -2.00892091e+00
 -5.04240322e+00 -5.91436401e-03 -3.87257606e-01 -5.94396174e-01]"
1749055012.779858,"[ 0.00000000e+00 -4.83065464e-02  3.09870844e-01  3.10220423e+00
 -2.27780647e+00  5.69916473e-05  9.60096005e-01  1.57107689e+00]","[ 0.00000000e+00 -4.34955991e-01  2.20985695e-01 -3.56798771e-01
 -1.01286549e-01  0.00000000e+00  5.82007654e-05  0.00000000e+00]","[ 0.00000000e+00 -2.70343542e+00  1.03100920e+01 -2.01712561e+00
 -5.05907631e+00 -7.02406978e-03 -3.87087345e-01 -5.93667269e-01]"
1749055012.7816057,"[ 0.00000000e+00 -4.87353153e-02  3.10088990e-01  3.10185376e+00
 -2.27791300e+00  5.69916473e-05  9.60096005e-01  1.57107689e+00]","[ 0.00000000e+00 -4.34856922e-01  2.21209833e-01 -3.55088123e-01
 -1.00213021e-01  0.00000000e+00  5.82013384e-05  0.00000000e+00]","[ 0.00000000e+00 -2.73973870e+00  1.03313131e+01 -2.06134224e+00
 -5.08402824e+00 -4.88179363e-03 -3.76071155e-01 -5.90117693e-01]"
1749055012.7833598,"[ 0.00000000e+00 -4.96317353e-02  3.10538531e-01  3.10111873e+00
 -2.27810954e+00  5.69916473e-05  9.60096005e-01  1.57107689e+00]","[ 0.00000000e+00 -4.38844806e-01  2.18778950e-01 -3.60039938e-01
 -9.93958714e-02  0.00000000e+00  5.81574305e-05  0.00000000e+00]","[ 0.         -2.70971537 10.30315781 -2.04155231 -5.05375433 -0.01199463
 -0.36171541 -0.5892061 ]"
1749055012.7850604,"[ 0.00000000e+00 -5.04972627e-02  3.10976588e-01  3.10040420e+00
 -2.27831008e+00  5.69916473e-05  9.60096005e-01  1.57107689e+00]","[ 0.00000000e+00 -4.39273175e-01  2.23640717e-01 -3.62200727e-01
 -9.72981660e-02  0.00000000e+00  5.82007654e-05  0.00000000e+00]","[ 0.         -2.64702702 10.32147598 -2.02598047 -5.00246239 -0.01769833
 -0.36755648 -0.59245557]"
1749055012.7868721,"[ 0.00000000e+00 -5.13968785e-02  3.11435318e-01  3.09966171e+00
 -2.27849836e+00  5.69916473e-05  9.60096005e-01  1.57107689e+00]","[ 0.00000000e+00 -4.39760434e-01  2.24223583e-01 -3.61294087e-01
 -9.50743100e-02  0.00000000e+00  5.81568575e-05  0.00000000e+00]","[ 0.00000000e+00 -2.66516209e+00  1.04003725e+01 -2.02850199e+00
 -5.03420544e+00  4.63723205e-03 -3.69455218e-01 -6.10537410e-01]"
1749055012.787996,"[ 0.00000000e+00 -5.18315064e-02  3.11657558e-01  3.09930618e+00
 -2.27859291e+00  5.69916473e-05  9.60096005e-01  1.57107689e+00]","[ 0.00000000e+00 -4.40352455e-01  2.25261300e-01 -3.60580127e-01
 -9.57874546e-02  0.00000000e+00  5.81574305e-05  0.00000000e+00]","[ 0.00000000e+00 -2.58278513e+00  1.03503246e+01 -1.97392297e+00
 -5.04387474e+00  9.32713505e-03 -3.76710415e-01 -6.11832738e-01]"
1749055012.7913368,"[ 0.00000000e+00 -5.27039580e-02  3.12121348e-01  3.09859272e+00
 -2.27878678e+00  5.69916473e-05  9.60096005e-01  1.57107689e+00]","[ 0.00000000e+00 -4.43500045e-01  2.26193157e-01 -3.61660505e-01
 -9.45341127e-02  0.00000000e+00  5.82007654e-05  0.00000000e+00]","[ 0.00000000e+00 -2.55036163e+00  1.03363638e+01 -1.93336964e+00
 -5.14190674e+00 -3.19041009e-03 -3.84523034e-01 -6.01512015e-01]"
1749055012.7929893,"[ 0.00000000e+00 -5.40520501e-02  3.12787638e-01  3.09748405e+00
 -2.27907654e+00  5.69916473e-05  9.60096005e-01  1.57107689e+00]","[ 0.00000000e+00 -4.46201023e-01  2.23683943e-01 -3.67062461e-01
 -9.55427850e-02  0.00000000e+00  4.76192757e-05  0.00000000e+00]","[ 0.         -2.52150202 10.4004879  -1.90957952 -5.28283024 -0.01927578
 -0.40316176 -0.61325544]"
1749055012.794084,"[ 0.00000000e+00 -5.44930696e-02  3.13025957e-01  3.09712239e+00
 -2.27917028e+00  5.69916473e-05  9.60096005e-01  1.57107689e+00]","[ 0.00000000e+00 -4.47281434e-01  2.24437768e-01 -3.66420739e-01
 -9.49779784e-02  0.00000000e+00  4.76192757e-05  0.00000000e+00]","[ 0.         -2.50815916 10.40629387 -1.87208211 -5.30753899 -0.02084777
 -0.41387904 -0.61759287]"
1749055012.7958097,"[ 0.00000000e+00 -5.49372849e-02  3.13249563e-01  3.09673144e+00
 -2.27926509e+00  5.69916473e-05  9.60096005e-01  1.57107689e+00]","[ 0.00000000e+00 -4.50522601e-01  2.26881884e-01 -3.68128092e-01
 -9.62523260e-02  0.00000000e+00  4.76188043e-05  0.00000000e+00]","[ 0.         -2.51646399 10.48632908 -1.85343528 -5.3264699  -0.03193617
 -0.41998276 -0.59600747]"
1749055012.7974079,"[ 0.00000000e+00 -5.58614018e-02  3.13721175e-01  3.09636978e+00
 -2.27945657e+00  5.69916473e-05  9.60096005e-01  1.57107689e+00]","[ 0.00000000e+00 -4.51062790e-01  2.31710062e-01 -3.66792383e-01
 -9.72350907e-02  0.00000000e+00  3.70368514e-05  0.00000000e+00]","[ 0.         -2.41089082 10.55757046 -1.79048598 -5.31928682 -0.02465113
 -0.43669662 -0.58675545]"
1749055012.7992518,"[ 0.00000000e+00 -5.67540934e-02  3.14185398e-01  3.09563768e+00
 -2.27966057e+00  5.69916473e-05  9.60096005e-01  1.57107689e+00]","[ 0.00000000e+00 -4.52683356e-01  2.37175135e-01 -3.73004606e-01
 -1.00374458e-01  0.00000000e+00  3.70092754e-05  0.00000000e+00]","[ 0.         -2.3930099  10.69399166 -1.72169995 -5.27854204 -0.03718204
 -0.4402484  -0.58428818]"
1749055012.8004057,"[ 0.00000000e+00 -5.72361255e-02  3.14421420e-01  3.09524113e+00
 -2.27976123e+00  5.69916473e-05  9.60096005e-01  1.57107689e+00]","[ 0.00000000e+00 -4.53890900e-01  2.39306363e-01 -3.73394226e-01
 -1.02096849e-01  0.00000000e+00  3.70364776e-05  0.00000000e+00]","[ 0.         -2.33275557 10.7404604  -1.70120406 -5.22302389 -0.03609892
 -0.4373365  -0.59042376]"
1749055012.8021312,"[ 0.00000000e+00 -5.81394698e-02  3.14915503e-01  3.09450317e+00
 -2.27997509e+00  5.69916473e-05  9.60096005e-01  1.57107689e+00]","[ 0.00000000e+00 -4.58085312e-01  2.41740791e-01 -3.74895284e-01
 -1.05474204e-01  0.00000000e+00  2.91003827e-05  0.00000000e+00]","[ 0.         -2.27923346 10.77778625 -1.61867559 -5.11949062 -0.0466819
 -0.42561731 -0.59540105]"
1749055012.8038697,"[ 0.00000000e+00 -5.90827614e-02  3.15396304e-01  3.09373938e+00
 -2.28018814e+00  5.69916473e-05  9.60096005e-01  1.57107689e+00]","[ 0.00000000e+00 -4.59977788e-01  2.44438224e-01 -3.73166326e-01
 -1.08038994e-01  0.00000000e+00  2.91003827e-05  0.00000000e+00]","[ 0.         -2.23951769 10.86907291 -1.49502182 -4.95050287 -0.04986189
 -0.41438639 -0.61264479]"
1749055012.8050563,"[ 0.00000000e+00 -5.95397599e-02  3.15657094e-01  3.09336840e+00
 -2.28029573e+00  5.69916473e-05  9.60096937e-01  1.57107689e+00]","[ 0.00000000e+00 -4.63487268e-01  2.45502323e-01 -3.76245773e-01
 -1.09119380e-01  0.00000000e+00  3.70372172e-05  0.00000000e+00]","[ 0.         -2.22083211 10.88360786 -1.45227575 -4.88333941 -0.09285418
 -0.40558848 -0.60507029]"
1749055012.8068683,"[ 0.00000000e+00 -5.99972909e-02  3.15900007e-01  3.09299422e+00
 -2.28041264e+00  5.69916473e-05  9.60096937e-01  1.57107689e+00]","[ 0.00000000e+00 -4.64027457e-01  2.46079314e-01 -3.79486940e-01
 -1.10087356e-01  0.00000000e+00  3.70372172e-05  0.00000000e+00]","[ 0.         -2.18987417 10.87994862 -1.42085159 -4.77836466 -0.08010698
 -0.38252285 -0.59555912]"
1749055012.8084664,"[ 0.00000000e+00 -6.09538984e-02  3.16395488e-01  3.09220939e+00
 -2.28064327e+00  5.69916473e-05  9.60096937e-01  1.57107689e+00]","[ 0.00000000e+00 -4.67432409e-01  2.52811236e-01 -3.84428036e-01
 -1.07510190e-01  0.00000000e+00  3.70368514e-05  0.00000000e+00]","[ 0.         -2.11979151 10.95377636 -1.33323503 -4.6134882  -0.05957749
 -0.37463084 -0.58962572]"
1749055012.8102384,"[ 0.00000000e+00 -6.18774827e-02  3.16918034e-01  3.09145305e+00
 -2.28083609e+00  5.69916473e-05  9.60096937e-01  1.57107689e+00]","[ 0.00000000e+00 -4.69429413e-01  2.56034593e-01 -3.82998218e-01
 -1.05608111e-01  0.00000000e+00  2.91003827e-05  0.00000000e+00]","[ 0.         -2.05731153 10.97375107 -1.28127503 -4.50253391 -0.07684208
 -0.35326824 -0.59511119]"
1749055012.8113682,"[ 0.00000000e+00 -6.23781569e-02  3.17171068e-01  3.09107382e+00
 -2.28096232e+00  5.69916473e-05  9.60096937e-01  1.57107689e+00]","[ 0.00000000e+00 -4.71001211e-01  2.56592608e-01 -3.84618818e-01
 -1.03981743e-01  0.00000000e+00  2.91006692e-05  0.00000000e+00]","[ 0.         -2.01513982 11.04113102 -1.23247707 -4.46828699 -0.08411532
 -0.3360393  -0.593481  ]"
1749055012.8131568,"[ 0.00000000e+00 -6.33145244e-02  3.17681229e-01  3.09028180e+00
 -2.28116658e+00  5.69916473e-05  9.60096937e-01  1.57107689e+00]","[ 0.00000000e+00 -4.75371558e-01  2.60373964e-01 -3.87859985e-01
 -1.03177236e-01  0.00000000e+00  2.91006692e-05  0.00000000e+00]","[ 0.         -1.93322992 11.15431786 -1.17892361 -4.42353964 -0.11797721
 -0.33728439 -0.62326974]"
1749055012.8144212,"[ 0.00000000e+00 -6.37821755e-02  3.17959030e-01  3.08989803e+00
 -2.28127471e+00  5.69916473e-05  9.60096937e-01  1.57107689e+00]","[ 0.00000000e+00 -4.74291180e-01  2.61551497e-01 -3.88816126e-01
 -1.01716217e-01  0.00000000e+00  2.91006692e-05  0.00000000e+00]","[ 0.         -1.92727888 11.25747967 -1.16002917 -4.40380192 -0.11617184
 -0.33512834 -0.62345886]"
1749055012.8160074,"[ 0.00000000e+00 -6.47547619e-02  3.18482042e-01  3.08910308e+00
 -2.28146965e+00  5.69916473e-05  9.60097936e-01  1.57107689e+00]","[ 0.00000000e+00 -4.74453933e-01  2.66856298e-01 -3.87437275e-01
 -9.77752879e-02  0.00000000e+00  3.70368514e-05  0.00000000e+00]","[ 0.         -1.83546865 11.46256828 -1.10433877 -4.43733072 -0.09016964
 -0.35025638 -0.61665249]"
1749055012.8172033,"[ 0.00000000e+00 -6.52240109e-02  3.18749290e-01  3.08872065e+00
 -2.28156526e+00  5.69916473e-05  9.60097936e-01  1.57107689e+00]","[ 0.00000000e+00 -4.75429548e-01  2.71177859e-01 -3.87859985e-01
 -9.69649962e-02  0.00000000e+00  3.70368514e-05  0.00000000e+00]","[ 0.         -1.71203876 11.47269726 -1.1074537  -4.47278738 -0.09238458
 -0.37015384 -0.60673618]"
1749055012.8189247,"[ 0.00000000e+00 -6.61997931e-02  3.19356358e-01  3.08795153e+00
 -2.28175488e+00  5.69916473e-05  9.60097936e-01  1.57107689e+00]","[ 0.00000000e+00 -4.77411173e-01  2.77378880e-01 -3.91641341e-01
 -9.12929458e-02  0.00000000e+00  3.70372172e-05  0.00000000e+00]","[ 0.         -1.66695273 11.64945984 -1.04701757 -4.63376617 -0.10272532
 -0.39999005 -0.58705443]"
1749055012.8206704,"[ 0.00000000e+00 -6.66690421e-02  3.19631862e-01  3.08753395e+00
 -2.28184489e+00  5.69916473e-05  9.60097936e-01  1.57107689e+00]","[ 0.00000000e+00 -4.75429548e-01  2.79280777e-01 -3.93204949e-01
 -9.12929458e-02  0.00000000e+00  3.70089097e-05  0.00000000e+00]","[ 0.         -1.70398307 11.7696476  -1.01257348 -4.71821737 -0.08391444
 -0.38877076 -0.59169757]"
1749055012.8218415,"[ 0.00000000e+00 -6.76075401e-02  3.20214561e-01  3.08675976e+00
 -2.28203371e+00  5.69916473e-05  9.60096937e-01  1.57107689e+00]","[ 0.00000000e+00 -4.76451936e-01  2.86033222e-01 -3.92991830e-01
 -9.20320229e-02  0.00000000e+00  2.91003827e-05  0.00000000e+00]","[ 0.         -1.66696513 11.8955698  -0.94423115 -4.88631392 -0.09009419
 -0.42078143 -0.61662769]"
1749055012.8235333,"[ 0.00000000e+00 -6.81140733e-02  3.20499253e-01  3.08634378e+00
 -2.28212586e+00  5.69916473e-05  9.60096937e-01  1.57107689e+00]","[ 0.00000000e+00 -4.76961598e-01  2.88734200e-01 -3.91700330e-01
 -9.34537265e-02  0.00000000e+00  2.91003827e-05  0.00000000e+00]","[ 0.         -1.62482059 11.92665958 -0.94858968 -4.97865725 -0.08463628
 -0.44033051 -0.62946421]"
1749055012.8252015,"[ 0.00000000e+00 -6.90525713e-02  3.21099896e-01  3.08557413e+00
 -2.28232027e+00  5.69916473e-05  9.60096937e-01  1.57107689e+00]","[ 0.00000000e+00 -4.75371558e-01  2.95405252e-01 -3.90831041e-01
 -9.95649904e-02  0.00000000e+00  2.91006692e-05  0.00000000e+00]","[ 0.         -1.61299658 12.02111149 -0.95227724 -5.07424116 -0.05908032
 -0.46308476 -0.60381293]"
1749055012.826529,"[ 0.00000000e+00 -6.95180918e-02  3.21395607e-01  3.08518717e+00
 -2.28242626e+00  5.69916473e-05  9.60096937e-01  1.57107689e+00]","[ 0.00000000e+00 -4.72130391e-01  2.99808189e-01 -3.92053998e-01
 -9.98999162e-02  0.00000000e+00  2.91003827e-05  0.00000000e+00]","[ 0.         -1.67084289 12.20539761 -0.88418984 -5.13548231 -0.06093599
 -0.49153355 -0.60177529]"
1749055012.8281357,"[ 0.00000000e+00 -7.04858846e-02  3.21999445e-01  3.08438316e+00
 -2.28252586e+00  5.69916473e-05  9.60096937e-01  1.57107689e+00]","[ 0.00000000e+00 -4.72447773e-01  3.08451312e-01 -3.92954179e-01
 -1.01016455e-01  0.00000000e+00  2.90784288e-05  0.00000000e+00]","[ 0.         -1.72640872 12.33145714 -0.87111282 -5.12355185 -0.05101529
 -0.48574039 -0.59638155]"
1749055012.8292634,"[ 0.00000000e+00 -7.14158604e-02  3.22645062e-01  3.08361058e+00
 -2.28272746e+00  5.69916473e-05  9.60096937e-01  1.57107689e+00]","[ 0.00000000e+00 -4.70033085e-01  3.16971330e-01 -3.90831041e-01
 -1.01826747e-01  0.00000000e+00  2.91003827e-05  0.00000000e+00]","[ 0.         -1.76918948 12.31727123 -0.92006934 -5.05377245 -0.02485458
 -0.4785237  -0.59626371]"
1749055012.8309999,"[ 0.00000000e+00 -7.18787178e-02  3.22961912e-01  3.08322442e+00
 -2.28282760e+00  5.69916473e-05  9.60096937e-01  1.57107689e+00]","[ 0.00000000e+00 -4.69429413e-01  3.21415980e-01 -3.91641341e-01
 -1.01556652e-01  0.00000000e+00  2.91003827e-05  0.00000000e+00]","[ 0.00000000e+00 -1.75091779e+00  1.21997175e+01 -9.57882822e-01
 -4.99970627e+00 -7.55536184e-03 -4.69281942e-01 -6.02002740e-01]"
1749055012.8321362,"[ 0.00000000e+00 -7.28374558e-02  3.23603833e-01  3.08242041e+00
 -2.28303666e+00  5.69916473e-05  9.60096937e-01  1.57107689e+00]","[ 0.00000000e+00 -4.67933948e-01  3.26216994e-01 -3.93532019e-01
 -1.02637038e-01  0.00000000e+00  2.91003827e-05  0.00000000e+00]","[ 0.         -1.87240982 12.10949898 -1.01754761 -4.95758677 -0.01275988
 -0.44753626 -0.59949058]"
1749055012.833935,"[ 0.00000000e+00 -7.32997806e-02  3.23603833e-01  3.08203292e+00
 -2.28313706e+00  5.69916473e-05  9.60096937e-01  1.57107689e+00]","[ 0.00000000e+00 -4.68889224e-01  3.26216994e-01 -3.92991830e-01
 -1.01826747e-01  0.00000000e+00  2.91003827e-05  0.00000000e+00]","[ 0.00000000e+00 -1.92899108e+00  1.21094990e+01 -1.00934660e+00
 -4.94993544e+00  5.15833031e-03 -4.31747347e-01 -6.02099001e-01]"
1749055012.8357148,"[ 0.00000000e+00 -7.37594422e-02  3.23953307e-01  3.08164570e+00
 -2.28324412e+00  5.69916473e-05  9.60096937e-01  1.57107689e+00]","[ 0.00000000e+00 -4.66188246e-01  3.29008219e-01 -3.92721719e-01
 -1.00808920e-01  0.00000000e+00  2.91003827e-05  0.00000000e+00]","[ 0.00000000e+00 -1.91111839e+00  1.20873861e+01 -1.06681657e+00
 -4.89678669e+00  8.92886333e-03 -4.15736914e-01 -6.21770442e-01]"
1749055012.8367527,"[ 0.00000000e+00 -7.47155170e-02  3.24613604e-01  3.08084488e+00
 -2.28344252e+00  5.80569118e-05  9.60096937e-01  1.57107689e+00]","[ 0.00000000e+00 -4.65426249e-01  3.36271359e-01 -3.90020741e-01
 -1.00206163e-01  1.05819570e-05  1.85182388e-05  0.00000000e+00]","[ 0.         -1.99979627 11.95588589 -1.11034071 -4.72455883  0.01891792
 -0.39104059 -0.60414338]"
1749055012.8384984,"[ 0.00000000e+00 -7.51741134e-02  3.24973597e-01  3.08046112e+00
 -2.28353946e+00  5.80569118e-05  9.60096937e-01  1.57107689e+00]","[ 0.00000000e+00 -4.65107868e-01  3.38720002e-01 -3.89210474e-01
 -9.83154852e-02  1.05819570e-05  1.85184257e-05  0.00000000e+00]","[ 0.         -2.0337162  11.85280228 -1.12173223 -4.666399    0.01507663
 -0.3770647  -0.5851742 ]"
1749055012.8396373,"[ 0.00000000e+00 -7.60902408e-02  3.25649074e-01  3.07965738e+00
 -2.28373600e+00  5.80569118e-05  9.60097936e-01  1.57107689e+00]","[ 0.00000000e+00 -4.63557309e-01  3.43755540e-01 -3.93706489e-01
 -9.61547045e-02  1.05820616e-05  2.91664395e-05  0.00000000e+00]","[ 0.         -2.08166623 11.74114037 -1.14793217 -4.49496269  0.0346975
 -0.3755374  -0.58008981]"
1749055012.8414128,"[ 0.00000000e+00 -7.65834582e-02  3.26014593e-01  3.07926962e+00
 -2.28382735e+00  5.80569118e-05  9.60097936e-01  1.57107689e+00]","[ 0.00000000e+00 -4.64423203e-01  3.44054314e-01 -3.93261941e-01
 -9.25495667e-02  1.05820616e-05  2.91443860e-05  0.00000000e+00]","[ 0.         -2.13578391 11.76154613 -1.18663502 -4.44532204  0.03446317
 -0.37798914 -0.58315569]"
1749055012.8431997,"[ 0.00000000e+00 -7.74974551e-02  3.26701556e-01  3.07846189e+00
 -2.28400738e+00  5.80569118e-05  9.60097936e-01  1.57107689e+00]","[ 0.00000000e+00 -4.62947079e-01  3.50316438e-01 -3.93455719e-01
 -8.61610926e-02  1.05819570e-05  2.91443860e-05  0.00000000e+00]","[ 0.         -2.19621205 11.6869278  -1.23722446 -4.34566545  0.05707427
 -0.36117235 -0.59807742]"
1749055012.8442397,"[ 0.00000000e+00 -7.79528556e-02  3.27048699e-01  3.07807520e+00
 -2.28408994e+00  5.80569118e-05  9.60097936e-01  1.57107689e+00]","[ 0.00000000e+00 -4.61866668e-01  3.52207115e-01 -3.91784186e-01
 -8.37302174e-02  1.05820616e-05  2.91667301e-05  0.00000000e+00]","[ 0.         -2.18203712 11.59455872 -1.24536395 -4.33931684  0.06120753
 -0.3599     -0.60021758]"
1749055012.8460207,"[ 0.00000000e+00 -7.88993431e-02  3.27779703e-01  3.07729809e+00
 -2.28425612e+00  5.80569118e-05  9.60097936e-01  1.57107689e+00]","[ 0.00000000e+00 -4.62417044e-01  3.57760505e-01 -3.95152619e-01
 -8.04966738e-02  1.05820616e-05  2.91443860e-05  0.00000000e+00]","[ 0.         -2.23383164 11.59819794 -1.28613222 -4.36431074  0.08008201
 -0.36761653 -0.58958513]"
1749055012.8477156,"[ 0.00000000e+00 -7.98069484e-02  3.28488703e-01  3.07648822e+00
 -2.28441351e+00  5.80569118e-05  9.60097936e-01  1.57107689e+00]","[ 0.00000000e+00 -4.59779782e-01  3.59499749e-01 -3.95211108e-01
 -7.99488533e-02  1.05819570e-05  2.91664395e-05  0.00000000e+00]","[ 0.         -2.18976474 11.59229374 -1.30316389 -4.51021719  0.11580955
 -0.38447019 -0.57724148]"
1749055012.8494582,"[ 0.00000000e+00 -8.02596858e-02  3.28843669e-01  3.07610020e+00
 -2.28449394e+00  5.80569118e-05  9.60097936e-01  1.57107689e+00]","[ 0.00000000e+00 -4.59165724e-01  3.60039938e-01 -3.93532019e-01
 -8.15694367e-02  1.05739739e-05  2.91664395e-05  0.00000000e+00]","[ 0.         -2.2292552  11.6032486  -1.30299425 -4.58055782  0.12776721
 -0.38464808 -0.57851487]"
1749055012.8511643,"[ 0.00000000e+00 -8.12024448e-02  3.29589388e-01  3.07532815e+00
 -2.28466305e+00  5.80569118e-05  9.60097936e-01  1.57107689e+00]","[ 0.00000000e+00 -4.60786290e-01  3.65341427e-01 -3.91911452e-01
 -8.29199257e-02  1.05819570e-05  2.91443860e-05  0.00000000e+00]","[ 0.         -2.22427201 11.70583057 -1.34776926 -4.67292118  0.10013827
 -0.40940997 -0.57611376]"
1749055012.8523054,"[ 0.00000000e+00 -8.16551822e-02  3.29952144e-01  3.07491189e+00
 -2.28474667e+00  5.80569118e-05  9.60097936e-01  1.57107689e+00]","[ 0.00000000e+00 -4.59165724e-01  3.67872761e-01 -3.91582385e-01
 -8.48106036e-02  1.05819570e-05  2.91664395e-05  0.00000000e+00]","[ 0.         -2.08703232 11.71312809 -1.35385954 -4.69601583  0.08340007
 -0.40940997 -0.58328813]"
1749055012.8539245,"[ 0.00000000e+00 -8.25574612e-02  3.30710279e-01  3.07413398e+00
 -2.28492430e+00  5.80569118e-05  9.60097936e-01  1.57107689e+00]","[ 0.00000000e+00 -4.55462598e-01  3.70287116e-01 -3.94342319e-01
 -8.72674280e-02  1.05820616e-05  2.91443860e-05  0.00000000e+00]","[ 0.         -2.12850809 11.82644463 -1.35522377 -4.68950176  0.07908047
 -0.40664068 -0.58929968]"
1749055012.8556488,"[ 0.00000000e+00 -8.30410912e-02  3.31076697e-01  3.07374729e+00
 -2.28501059e+00  5.80569118e-05  9.60097936e-01  1.57107689e+00]","[ 0.00000000e+00 -4.55395520e-01  3.71654117e-01 -3.92181530e-01
 -8.75115816e-02  1.05819570e-05  2.91443860e-05  0.00000000e+00]","[ 0.         -2.17465806 11.88264847 -1.36035025 -4.71205187  0.07198875
 -0.40463763 -0.58463699]"
1749055012.85744,"[ 0.00000000e+00 -8.39391091e-02  3.31815524e-01  3.07294834e+00
 -2.28518130e+00  5.80569118e-05  9.60097936e-01  1.57107689e+00]","[ 0.00000000e+00 -4.55384334e-01  3.76785995e-01 -3.88691124e-01
 -8.64311954e-02  1.05900569e-05  2.91667301e-05  0.00000000e+00]","[ 0.         -2.16639972 11.92601871 -1.3715539  -4.71857452  0.07550915
 -0.41080198 -0.59341735]"
1749055012.8585098,"[ 0.00000000e+00 -8.48701503e-02  3.32593400e-01  3.07218242e+00
 -2.28535947e+00  5.80569118e-05  9.60097936e-01  1.57107689e+00]","[ 0.00000000e+00 -4.54392440e-01  3.81917840e-01 -3.89210474e-01
 -8.69713844e-02  1.05819570e-05  2.91664395e-05  0.00000000e+00]","[ 0.         -2.11003757 11.92615318 -1.38369    -4.6986208   0.06710776
 -0.4167788  -0.59071183]"
1749055012.8603013,"[ 0.00000000e+00 -8.53175613e-02  3.32970404e-01  3.07179892e+00
 -2.28544549e+00  5.80569118e-05  9.60097936e-01  1.57107689e+00]","[ 0.00000000e+00 -4.53304006e-01  3.82458029e-01 -3.88940363e-01
 -8.72414871e-02  1.05820616e-05  2.91664395e-05  0.00000000e+00]","[ 0.         -2.05694962 11.92465115 -1.40361845 -4.66731548  0.07974286
 -0.41700515 -0.5845049 ]"
1749055012.8620875,"[ 0.00000000e+00 -8.62166445e-02  3.33755604e-01  3.07100504e+00
 -2.28561859e+00  5.80569118e-05  9.60097936e-01  1.57107689e+00]","[ 0.00000000e+00 -4.56464746e-01  3.83424989e-01 -3.87859985e-01
 -8.80517789e-02  1.05819570e-05  2.91443860e-05  0.00000000e+00]","[ 0.         -2.07144499 12.00853348 -1.36957359 -4.60318851  0.07266025
 -0.43084285 -0.59006393]"
1749055012.8639321,"[ 0.00000000e+00 -8.71503488e-02  3.34516935e-01  3.07024497e+00
 -2.28579409e+00  5.80569118e-05  9.60097936e-01  1.57107689e+00]","[ 0.00000000e+00 -4.55384334e-01  3.87319796e-01 -3.84348707e-01
 -8.45405092e-02  1.05819570e-05  2.91667301e-05  0.00000000e+00]","[ 0.         -2.00568342 12.0311079  -1.2856555  -4.45074844  0.07675432
 -0.41516632 -0.59176999]"
1749055012.8656948,"[ 0.00000000e+00 -8.75977598e-02  3.34899931e-01  3.06983538e+00
 -2.28587559e+00  5.80569118e-05  9.60097936e-01  1.57107689e+00]","[ 0.00000000e+00 -4.53763768e-01  3.88006658e-01 -3.85319063e-01
 -8.26498312e-02  1.05900569e-05  2.91443860e-05  0.00000000e+00]","[ 0.         -2.01345682 12.00747108 -1.20237565 -4.37100077  0.05786321
 -0.40221825 -0.60061198]"
1749055012.8667552,"[ 0.00000000e+00 -8.85250725e-02  3.35700743e-01  3.06907238e+00
 -2.28603777e+00  5.80569118e-05  9.60097936e-01  1.57107689e+00]","[ 0.00000000e+00 -4.52461781e-01  3.92991830e-01 -3.86779574e-01
 -7.76650928e-02  1.05819570e-05  2.91443860e-05  0.00000000e+00]","[ 0.         -1.96107244 11.94972038 -1.16722023 -4.26151085  0.05579363
 -0.37777859 -0.58900517]"
1749055012.8686132,"[ 0.00000000e+00 -8.89719510e-02  3.36088766e-01  3.06869155e+00
 -2.28611048e+00  5.80569118e-05  9.60097936e-01  1.57107689e+00]","[ 0.00000000e+00 -4.53223579e-01  3.93532019e-01 -3.86239385e-01
 -7.37366139e-02  1.05820616e-05  2.91664395e-05  0.00000000e+00]","[ 0.         -1.95146644 12.00185871 -1.16155016 -4.24436045  0.05038116
 -0.3777633  -0.58447373]"
1749055012.8703566,"[ 0.00000000e+00 -8.99019268e-02  3.36869838e-01  3.06790671e+00
 -2.28624683e+00  5.80569118e-05  9.60097936e-01  1.57107689e+00]","[ 0.00000000e+00 -4.54392440e-01  3.96232997e-01 -3.81261038e-01
 -6.75243704e-02  1.05900569e-05  2.91443860e-05  0.00000000e+00]","[ 0.         -1.91356504 11.98831463 -1.15774977 -4.2305975   0.02978382
 -0.38493764 -0.58772612]"
1749055012.8720586,"[ 0.00000000e+00 -9.07972816e-02  3.37690424e-01  3.06712907e+00
 -2.28637999e+00  5.80569118e-05  9.60097936e-01  1.57107689e+00]","[ 0.00000000e+00 -4.54303957e-01  4.01905030e-01 -3.79161901e-01
 -6.41363343e-02  1.05820616e-05  2.91664395e-05  0.00000000e+00]","[ 0.         -1.87288988 12.0311985  -1.12265432 -4.23042345  0.03503102
 -0.39292535 -0.60497159]"
1749055012.873815,"[ 0.00000000e+00 -9.12452253e-02  3.38088533e-01  3.06675436e+00
 -2.28644018e+00  5.80569118e-05  9.60097936e-01  1.57107689e+00]","[ 0.00000000e+00 -4.53843662e-01  4.03795742e-01 -3.80027162e-01
 -6.10420282e-02  1.05899522e-05  2.91443860e-05  0.00000000e+00]","[ 0.         -1.85736334 12.00847054 -1.09708965 -4.22358561  0.03763176
 -0.39608592 -0.6150369 ]"
1749055012.8748858,"[ 0.00000000e+00 -9.21762664e-02  3.38920105e-01  3.06600255e+00
 -2.28655762e+00  5.80569118e-05  9.60097936e-01  1.57107689e+00]","[ 0.00000000e+00 -4.53890900e-01  4.07036909e-01 -3.80567351e-01
 -5.66736701e-02  1.05820616e-05  1.85604623e-05  0.00000000e+00]","[ 0.         -1.83525801 12.21160793 -1.04760444 -4.28458691  0.0307195
 -0.42190757 -0.60824776]"
1749055012.8766255,"[ 0.00000000e+00 -9.30710885e-02  3.39728741e-01  3.06522598e+00
 -2.28666654e+00  5.80569118e-05  9.60097936e-01  1.57107689e+00]","[ 0.00000000e+00 -4.53763768e-01  4.10671857e-01 -3.78406562e-01
 -5.50998833e-02  1.05900569e-05  1.85464284e-05  0.00000000e+00]","[ 0.00000000e+00 -1.79961908e+00  1.23587246e+01 -1.00556815e+00
 -4.40850878e+00  9.43866558e-03 -4.43515390e-01 -5.91626942e-01]"
1749055012.878345,"[ 0.00000000e+00 -9.35195648e-02  3.40137436e-01  3.06485367e+00
 -2.28672061e+00  5.80569118e-05  9.60097936e-01  1.57107689e+00]","[ 0.00000000e+00 -4.54844145e-01  4.14599620e-01 -3.77596262e-01
 -5.47742328e-02  1.05819570e-05  1.85464284e-05  0.00000000e+00]","[ 0.00000000e+00 -1.78795969e+00  1.24933672e+01 -9.91062105e-01
 -4.45052338e+00 -3.71632213e-03 -4.73717719e-01 -5.94881356e-01]"
1749055012.8802006,"[ 0.00000000e+00 -9.44532691e-02  3.40998869e-01  3.06408135e+00
 -2.28682846e+00  5.80569118e-05  9.60097936e-01  1.57107689e+00]","[ 0.00000000e+00 -4.55924523e-01  4.22432443e-01 -3.77908085e-01
 -5.14075353e-02  1.05979587e-05  1.85604623e-05  0.00000000e+00]","[ 0.         -1.79284418 12.57223511 -0.93220443 -4.55310726 -0.01985692
 -0.46797195 -0.60583073]"
1749055012.8812335,"[ 0.00000000e+00 -9.49038760e-02  3.41418583e-01  3.06370904e+00
 -2.28687800e+00  5.80569118e-05  9.60097936e-01  1.57107689e+00]","[ 0.00000000e+00 -4.56541877e-01  4.25673610e-01 -3.77213699e-01
 -5.02381288e-02  1.06059783e-05  1.85464284e-05  0.00000000e+00]","[ 0.         -1.73401642 12.51792717 -0.87857473 -4.5845294  -0.0274905
 -0.45678619 -0.61509514]"
1749055012.883006,"[ 0.00000000e+00 -9.59041593e-02  3.42261640e-01  3.06296868e+00
 -2.28697787e+00  5.80569118e-05  9.60097936e-01  1.57107689e+00]","[ 0.00000000e+00 -4.54536217e-01  4.28374588e-01 -3.75275916e-01
 -4.88538468e-02  1.05979587e-05  1.85602774e-05  0.00000000e+00]","[ 0.         -1.67069793 12.57615471 -0.82950681 -4.61042881 -0.01525639
 -0.46173775 -0.61497933]"
1749055012.8848145,"[ 0.00000000e+00 -9.68011119e-02  3.43149705e-01  3.06221048e+00
 -2.28707374e+00  5.80569118e-05  9.60097936e-01  1.57107689e+00]","[ 0.00000000e+00 -4.55384334e-01  4.34955991e-01 -3.69388799e-01
 -4.83474467e-02  1.06059783e-05  1.85464284e-05  0.00000000e+00]","[ 0.00000000e+00 -1.60859632e+00  1.26935863e+01 -8.08334768e-01
 -4.59046221e+00  8.40426236e-03 -4.90219563e-01 -6.12533450e-01]"
1749055012.8863766,"[ 0.00000000e+00 -9.72485230e-02  3.43581803e-01  3.06184563e+00
 -2.28712115e+00  5.80569118e-05  9.60097936e-01  1.57107689e+00]","[ 0.00000000e+00 -4.53304006e-01  4.38098122e-01 -3.70033550e-01
 -4.80773522e-02  1.05979587e-05  1.85464284e-05  0.00000000e+00]","[ 0.00000000e+00 -1.59932292e+00  1.28006506e+01 -7.96892345e-01
 -4.57302761e+00  3.10967007e-04 -4.95868742e-01 -6.15159392e-01]"
1749055012.8882337,"[ 0.00000000e+00 -9.81753031e-02  3.44451524e-01  3.06111219e+00
 -2.28721462e+00  5.80569118e-05  9.60097936e-01  1.57107689e+00]","[ 0.00000000e+00 -4.51602979e-01  4.41609367e-01 -3.72194306e-01
 -4.48875552e-02  1.05979587e-05  1.85602774e-05  0.00000000e+00]","[ 0.         -1.62832427 12.81236172 -0.76588786 -4.49751806 -0.0375443
 -0.47543365 -0.59555382]"
1749055012.889647,"[ 0.00000000e+00 -9.90679947e-02  3.45364855e-01  3.06035186e+00
 -2.28729931e+00  5.80569118e-05  9.60097936e-01  1.57107689e+00]","[ 0.00000000e+00 -4.52683356e-01  4.47907543e-01 -3.70573739e-01
 -4.24053018e-02  1.06059783e-05  1.85464284e-05  0.00000000e+00]","[ 0.         -1.61498165 12.79086399 -0.74924338 -4.4130168  -0.05448639
 -0.42883343 -0.5923692 ]"
1749055012.8912444,"[ 0.00000000e+00 -9.95478963e-02  3.45809803e-01  3.05998940e+00
 -2.28734139e+00  5.80569118e-05  9.60097936e-01  1.57107689e+00]","[ 0.00000000e+00 -4.51884774e-01  4.51332867e-01 -3.67602650e-01
 -4.26321615e-02  1.05980643e-05  1.85604623e-05  0.00000000e+00]","[ 0.         -1.6014086  12.70178604 -0.72582895 -4.35866833 -0.04393366
 -0.41952208 -0.59356391]"
1749055012.8924344,"[ 0.00000000e+00 -1.00436327e-01  3.46738747e-01  3.05923919e+00
 -2.28742874e+00  5.80569118e-05  9.60097936e-01  1.57107689e+00]","[ 0.00000000e+00 -4.48902001e-01  4.53890900e-01 -3.66623472e-01
 -4.23798686e-02  1.06059783e-05  1.85604623e-05  0.00000000e+00]","[ 0.         -1.65793133 12.69942188 -0.7625671  -4.2173419  -0.0470252
 -0.42822167 -0.59451729]"
1749055012.894258,"[ 0.00000000e+00 -1.00877346e-01  3.47188289e-01  3.05887833e+00
 -2.28747002e+00  5.80569118e-05  9.60097936e-01  1.57107689e+00]","[ 0.00000000e+00 -4.46828230e-01  4.55924523e-01 -3.65611271e-01
 -4.18651087e-02  1.06059783e-05  1.85464284e-05  0.00000000e+00]","[ 0.         -1.72145867 12.72145844 -0.78831673 -4.15905476 -0.03703487
 -0.42655212 -0.60534072]"
1749055012.8966842,"[ 0.00000000e+00 -1.01791876e-01  3.48129183e-01  3.05815635e+00
 -2.28755258e+00  5.80569118e-05  9.60097936e-01  1.57107689e+00]","[ 0.00000000e+00 -4.46367870e-01  4.60912424e-01 -3.64801803e-01
 -3.93336118e-02  1.05980643e-05  1.85604623e-05  0.00000000e+00]","[ 0.         -1.77485716 12.72485447 -0.8257286  -4.04544497 -0.03144922
 -0.4055225  -0.60916799]"
1749055012.897776,"[ 0.00000000e+00 -1.02670186e-01  3.49043879e-01  3.05741333e+00
 -2.28762342e+00  5.80569118e-05  9.60097936e-01  1.57107689e+00]","[ 0.00000000e+00 -4.44129982e-01  4.64837757e-01 -3.61390427e-01
 -3.48425735e-02  1.06059783e-05  1.85464284e-05  0.00000000e+00]","[ 0.00000000e+00 -1.84246898e+00  1.27434521e+01 -9.13087785e-01
 -3.97563457e+00 -1.24601154e-02 -3.91783595e-01 -6.02529407e-01]"
1749055012.899555,"[ 0.00000000e+00 -1.03108010e-01  3.49503541e-01  3.05705859e+00
 -2.28765591e+00  5.80569118e-05  9.60097936e-01  1.57107689e+00]","[ 0.00000000e+00 -4.44040267e-01  4.66188246e-01 -3.59769827e-01
 -3.29518914e-02  1.05979587e-05  1.85604623e-05  0.00000000e+00]","[ 0.00000000e+00 -1.86252642e+00  1.27447081e+01 -9.29261923e-01
 -3.93860936e+00  3.93141573e-03 -3.83813173e-01 -6.00017250e-01]"
1749055012.9014513,"[ 0.00000000e+00 -1.03577792e-01  3.50465974e-01  3.05634433e+00
 -2.28772116e+00  5.80569118e-05  9.60097936e-01  1.57107689e+00]","[ 0.00000000e+00 -4.42355551e-01  4.71251748e-01 -3.62913023e-01
 -3.15968251e-02  1.06059783e-05  1.85604623e-05  0.00000000e+00]","[ 0.00000000e+00 -1.96424532e+00  1.28206835e+01 -1.02849960e+00
 -3.86050105e+00  9.84923169e-03 -3.87028337e-01 -6.01531327e-01]"
1749055012.9025145,"[ 0.00000000e+00 -1.04450776e-01  3.51401809e-01  3.05560185e+00
 -2.28778081e+00  5.80569118e-05  9.60097936e-01  1.57107689e+00]","[ 0.00000000e+00 -4.42959856e-01  4.75371558e-01 -3.62470805e-01
 -2.96806203e-02  1.05978530e-05  1.85604623e-05  0.00000000e+00]","[ 0.         -2.06120706 12.90762615 -1.10691607 -3.89278126  0.02209293
 -0.42093676 -0.60734409]"
1749055012.9045434,"[ 0.00000000e+00 -1.04920025e-01  3.51908309e-01  3.05524605e+00
 -2.28781170e+00  5.80569118e-05  9.60097936e-01  1.57107689e+00]","[ 0.00000000e+00 -4.41854011e-01  4.76961598e-01 -3.60850238e-01
 -2.90891406e-02  1.05979587e-05  1.85604623e-05  0.00000000e+00]","[ 0.00000000e+00 -2.10848403e+00  1.28193579e+01 -1.09421289e+00
 -3.87638640e+00  1.20638881e-03 -4.14507389e-01 -6.13394022e-01]"
1749055012.9061773,"[ 0.00000000e+00 -1.05788748e-01  3.52854696e-01  3.05451314e+00
 -2.28786443e+00  5.80569118e-05  9.60097936e-01  1.57107689e+00]","[ 0.00000000e+00 -4.40258878e-01  4.81043592e-01 -3.56843512e-01
 -2.56592596e-02  1.06059783e-05  1.05979587e-05  0.00000000e+00]","[ 0.         -2.26673341 12.83616447 -1.17647445 -3.91048217  0.03931313
 -0.41325784 -0.61182916]"
1749055012.9073002,"[ 0.00000000e+00 -1.06220713e-01  3.53330870e-01  3.05416108e+00
 -2.28788707e+00  5.80569118e-05  9.60097936e-01  1.57107689e+00]","[ 0.00000000e+00 -4.38098122e-01  4.82444981e-01 -3.57068849e-01
 -2.29350247e-02  1.05979587e-05  1.05979587e-05  0.00000000e+00]","[ 0.         -2.35416913 12.96865177 -1.23117113 -3.95128727  0.05871039
 -0.4186883  -0.61396968]"
1749055012.9091609,"[ 0.00000000e+00 -1.07122459e-01  3.54328689e-01  3.05345667e+00
 -2.28792542e+00  5.80569118e-05  9.60097936e-01  1.57107689e+00]","[ 0.00000000e+00 -4.40258878e-01  4.88496948e-01 -3.57068849e-01
 -1.75385470e-02  1.06060839e-05  1.06059783e-05  0.00000000e+00]","[ 0.         -2.47912908 13.02763844 -1.27122021 -3.97456765  0.10114061
 -0.44177434 -0.59174252]"
1749055012.911003,"[ 0.00000000e+00 -1.07992247e-01  3.55298946e-01  3.05272323e+00
 -2.28795312e+00  5.80569118e-05  9.60097936e-01  1.57107689e+00]","[ 0.00000000e+00 -4.40799067e-01  4.92657804e-01 -3.58149260e-01
 -1.29646791e-02  1.06059783e-05  1.05979587e-05  0.00000000e+00]","[ 0.         -2.63121963 13.09181595 -1.34323514 -4.04615259  0.08288366
 -0.46905798 -0.59589487]"
1749055012.9125533,"[ 0.00000000e+00 -1.08459899e-01  3.55788002e-01  3.05237143e+00
 -2.28796457e+00  5.80569118e-05  9.60097936e-01  1.57107689e+00]","[ 0.00000000e+00 -4.40349425e-01  4.95898971e-01 -3.56437247e-01
 -1.07830435e-02  1.05979587e-05  1.06060839e-05  0.00000000e+00]","[ 0.         -2.7066381  13.05971718 -1.33222175 -4.08771896  0.07155192
 -0.46708816 -0.59328651]"
1749055012.9142478,"[ 0.00000000e+00 -1.09328622e-01  3.56812919e-01  3.05164279e+00
 -2.28797975e+00  5.80569118e-05  9.60097936e-01  1.57107689e+00]","[ 0.00000000e+00 -4.40258878e-01  5.01571005e-01 -3.56006747e-01
 -7.02253421e-03  1.06059783e-05  1.05819570e-05  0.00000000e+00]","[ 0.         -2.85779309 13.08464527 -1.38523841 -4.15341282  0.09354486
 -0.48316342 -0.60639316]"
1749055012.9153137,"[ 0.00000000e+00 -1.09763250e-01  3.57309299e-01  3.05129152e+00
 -2.28798428e+00  5.80569118e-05  9.60097936e-01  1.57107689e+00]","[ 0.00000000e+00 -4.40799067e-01  5.03461682e-01 -3.56258582e-01
 -4.59165694e-03  1.06059783e-05  0.00000000e+00  0.00000000e+00]","[ 0.         -2.89736724 13.25572109 -1.39500344 -4.19685602  0.10650215
 -0.4974879  -0.60981798]"
1749055012.9170878,"[ 0.00000000e+00 -1.10667659e-01  3.58308950e-01  3.05055808e+00
 -2.28798987e+00  5.80569118e-05  9.60097936e-01  1.57107689e+00]","[ 0.00000000e+00 -4.41879478e-01  5.08593561e-01 -3.58097362e-01
 -1.89068235e-03  1.06059783e-05  0.00000000e+00  0.00000000e+00]","[ 0.         -2.93103814 13.33609486 -1.44596028 -4.19452429  0.10670178
 -0.51632875 -0.60519725]"
1749055012.9193945,"[ 0.00000000e+00 -1.11537980e-01  3.59360965e-01  3.04985554e+00
 -2.28799040e+00  5.80569118e-05  9.60097936e-01  1.57107689e+00]","[ 0.00000000e+00 -4.41431767e-01  5.15616083e-01 -3.55897624e-01
  0.00000000e+00  1.06059783e-05  0.00000000e+00  0.00000000e+00]","[ 0.         -2.97670174 13.43640995 -1.49394298 -4.20042801  0.12690143
 -0.5193463  -0.60101783]"
1749055012.9204972,"[ 0.00000000e+00 -1.12447183e-01  3.60382188e-01  3.04915806e+00
 -2.28798854e+00  5.91221762e-05  9.60097936e-01  1.57107689e+00]","[ 0.00000000e+00 -4.44444768e-01  5.17791886e-01 -3.53017416e-01
  6.14238145e-04  2.11959173e-05  1.05820616e-05  0.00000000e+00]","[ 0.         -2.98702669 13.54052734 -1.5015204  -4.12785578  0.13256894
 -0.51442844 -0.61151308]"
1749055012.9223132,"[ 0.00000000e+00 -1.12886072e-01  3.60935959e-01  3.04878255e+00
 -2.28798854e+00  5.91221762e-05  9.60097936e-01  1.57107689e+00]","[ 0.00000000e+00 -4.45120645e-01  5.21347639e-01 -3.53583537e-01
  4.63619188e-04  2.12117453e-05  1.05819570e-05  0.00000000e+00]","[ 0.         -3.0414722  13.51088142 -1.53303337 -4.06185532  0.14224307
 -0.50623465 -0.6136362 ]"
1749055012.9234447,"[ 0.00000000e+00 -1.13325494e-01  3.61453012e-01  3.04843128e+00
 -2.28798801e+00  5.91221762e-05  9.60097936e-01  1.57107689e+00]","[ 0.00000000e+00 -4.45660834e-01  5.24529284e-01 -3.56258582e-01
  5.96081836e-04  2.12119566e-05  1.05819570e-05  0.00000000e+00]","[ 0.         -2.98803282 13.61669159 -1.52446079 -3.97644329  0.15060253
 -0.49297574 -0.6059702 ]"
1749055012.925183,"[ 0.00000000e+00 -1.14240023e-01  3.62496771e-01  3.04772448e+00
 -2.28798880e+00  5.91221762e-05  9.60097936e-01  1.57107689e+00]","[ 0.00000000e+00 -4.47367887e-01  5.31011651e-01 -3.58149260e-01
  1.06377519e-04  2.11959173e-05  1.05899522e-05  0.00000000e+00]","[ 0.         -3.04594159 13.69550133 -1.49765849 -3.7349546   0.11096463
 -0.49680927 -0.60017437]"
1749055012.926891,"[ 0.00000000e+00 -1.14684239e-01  3.63063858e-01  3.04734152e+00
 -2.28798880e+00  5.91221762e-05  9.60097936e-01  1.57107689e+00]","[ 0.00000000e+00 -4.50522601e-01  5.33886034e-01 -3.60265808e-01
 -5.31993817e-05  2.12119566e-05  1.05820616e-05  0.00000000e+00]","[ 0.         -3.13113618 13.64820957 -1.5073998  -3.65226269  0.11747418
 -0.47978482 -0.59572309]"
1749055012.9281232,"[ 0.00000000e+00 -1.15579593e-01  3.64131020e-01  3.04663445e+00
 -2.28798747e+00  5.91221762e-05  9.60097936e-01  1.57107689e+00]","[ 0.00000000e+00 -4.55384334e-01  5.42895941e-01 -3.58149260e-01
  1.50994244e-04  2.12119566e-05  1.05899522e-05  0.00000000e+00]","[ 0.         -3.06643772 13.60067177 -1.45972896 -3.39498019  0.12582397
 -0.44780064 -0.58875525]"
1749055012.9297915,"[ 0.00000000e+00 -1.16516493e-01  3.65251911e-01  3.04589516e+00
 -2.28798667e+00  5.91221762e-05  9.60097936e-01  1.57107689e+00]","[ 0.00000000e+00 -4.58625501e-01  5.48681392e-01 -3.61930616e-01
  2.06515204e-04  2.12117453e-05  1.05899522e-05  0.00000000e+00]","[ 0.         -3.0507772  13.52112675 -1.49146044 -3.19308019  0.12364921
 -0.43981442 -0.59928685]"
1749055012.9310129,"[ 0.00000000e+00 -1.16972959e-01  3.65795129e-01  3.04553643e+00
 -2.28798667e+00  5.91221762e-05  9.60097936e-01  1.57107689e+00]","[ 0.00000000e+00 -4.62478030e-01  5.50998842e-01 -3.63452679e-01
  1.86179245e-04  2.12119566e-05  1.05819570e-05  0.00000000e+00]","[ 0.         -3.02902508 13.37097645 -1.49979377 -3.02497864  0.14160611
 -0.41365469 -0.59667176]"
1749055012.9326992,"[ 0.00000000e+00 -1.17932230e-01  3.66893051e-01  3.04481977e+00
 -2.28798534e+00  5.91221762e-05  9.60097936e-01  1.57107689e+00]","[ 0.00000000e+00 -4.70509791e-01  5.57725820e-01 -3.62913023e-01
  2.88533153e-04  2.12119566e-05  1.05900569e-05  0.00000000e+00]","[ 0.         -2.95593095 13.19175148 -1.48912442 -2.67735744  0.11731883
 -0.3873488  -0.59423101]"
1749055012.9344013,"[ 0.00000000e+00 -1.18396153e-01  3.67489532e-01  3.04443574e+00
 -2.28798428e+00  5.91221762e-05  9.60097936e-01  1.57107689e+00]","[ 0.00000000e+00 -4.70509791e-01  5.61721327e-01 -3.61608107e-01
  3.53292245e-04  2.12121679e-05  1.05820616e-05  0.00000000e+00]","[ 0.         -2.93072772 13.23240566 -1.4610517  -2.55526614  0.14291663
 -0.37904012 -0.59290856]"
1749055012.9361382,"[ 0.00000000e+00 -1.19329857e-01  3.68605830e-01  3.04372122e+00
 -2.28798241e+00  5.91221762e-05  9.60098868e-01  1.57107689e+00]","[ 0.00000000e+00 -4.74291180e-01  5.67744865e-01 -3.63010994e-01
  4.36459366e-04  2.12119566e-05  1.85184257e-05  0.00000000e+00]","[ 0.         -2.85789609 13.09885788 -1.36925411 -2.21961164  0.13029595
 -0.31074288 -0.59448361]"
1749055012.9377701,"[ 0.00000000e+00 -1.19835857e-01  3.69167856e-01  3.04336222e+00
 -2.28798161e+00  5.91221762e-05  9.60098868e-01  1.57107689e+00]","[ 0.00000000e+00 -4.76460059e-01  5.69905687e-01 -3.64091405e-01
  4.58679043e-04  1.06140091e-05  1.85184257e-05  0.00000000e+00]","[ 0.         -2.80556273 12.87763309 -1.37951899 -2.1323688   0.09290244
 -0.30247527 -0.62093771]"
1749055012.9395082,"[ 0.00000000e+00 -1.20785541e-01  3.70345240e-01  3.04261148e+00
 -2.28798028e+00  5.91221762e-05  9.60099800e-01  1.57107689e+00]","[ 0.00000000e+00 -4.82984637e-01  5.74994522e-01 -3.66150928e-01
  4.83700469e-04  1.06058726e-05  2.91006692e-05  0.00000000e+00]","[ 0.         -2.72341323 12.7568655  -1.34960771 -1.90023685  0.07467201
 -0.25603962 -0.61110848]"
1749055012.9412377,"[ 0.00000000e+00 -1.21782096e-01  3.71487237e-01  3.04189136e+00
 -2.28797842e+00  5.91221762e-05  9.60099800e-01  1.57107689e+00]","[ 0.00000000e+00 -4.86992361e-01  5.81249755e-01 -3.64361483e-01
  5.28783833e-04  1.06058726e-05  1.85184257e-05  0.00000000e+00]","[ 0.         -2.6946137  12.73116016 -1.33116126 -1.70077014  0.05514295
 -0.24433437 -0.61104804]"
1749055012.9429765,"[ 0.00000000e+00 -1.22750421e-01  3.72688922e-01  3.04114860e+00
 -2.28797709e+00  5.91221762e-05  9.60099800e-01  1.57107689e+00]","[ 0.00000000e+00 -4.92158628e-01  5.88052068e-01 -3.62200727e-01
  5.43150794e-04  1.06059783e-05  1.85184257e-05  0.00000000e+00]","[ 0.         -2.61376023 12.67625904 -1.27170634 -1.58262336  0.09965268
 -0.25111809 -0.61562121]"
1749055012.9446907,"[ 0.00000000e+00 -1.23765085e-01  3.73854820e-01  3.04042928e+00
 -2.28797602e+00  5.91221762e-05  9.60099800e-01  1.57107689e+00]","[ 0.00000000e+00 -4.95396532e-01  5.91723635e-01 -3.64801803e-01
  5.93525435e-04  1.06139034e-05  1.85184257e-05  0.00000000e+00]","[ 0.         -2.54362869 12.64949894 -1.2397809  -1.5897001   0.12369853
 -0.24847718 -0.61492109]"
1749055012.9464507,"[ 0.00000000e+00 -1.24255640e-01  3.74442114e-01  3.04004313e+00
 -2.28797602e+00  5.91221762e-05  9.60099800e-01  1.57107689e+00]","[ 0.00000000e+00 -4.97519538e-01  5.95564912e-01 -3.63614267e-01
  5.66989337e-04  1.06139034e-05  1.85186086e-05  0.00000000e+00]","[ 0.         -2.49335361 12.69773865 -1.22444546 -1.62536108  0.13228826
 -0.24085233 -0.61139071]"
1749055012.948123,"[ 0.00000000e+00 -1.25281489e-01  3.75669531e-01  3.03932700e+00
 -2.28797602e+00  5.91221762e-05  9.60099800e-01  1.57107689e+00]","[ 0.00000000e+00 -5.02038456e-01  6.00156601e-01 -3.62740916e-01
  5.54295954e-04  1.06059783e-05  1.85184257e-05  0.00000000e+00]","[ 0.         -2.4222281  12.74898624 -1.13881135 -1.71075785  0.12753423
 -0.25775245 -0.60600781]"
1749055012.949814,"[ 0.00000000e+00 -1.26280175e-01  3.76861596e-01  3.03861248e+00
 -2.28797602e+00  5.91221762e-05  9.60099800e-01  1.57107689e+00]","[ 0.00000000e+00 -5.06189459e-01  6.06294122e-01 -3.62740916e-01
  5.29894416e-04  1.06059783e-05  1.85044548e-05  0.00000000e+00]","[ 0.         -2.27325773 12.81463528 -1.03103065 -1.830446    0.10176563
 -0.29895657 -0.59766555]"
1749055012.9515991,"[ 0.00000000e+00 -1.26779784e-01  3.77509043e-01  3.03822578e+00
 -2.28797602e+00  5.91221762e-05  9.60099800e-01  1.57107689e+00]","[ 0.00000000e+00 -5.07217306e-01  6.10192723e-01 -3.64115806e-01
  5.18854976e-04  1.06059783e-05  1.85184257e-05  0.00000000e+00]","[ 0.         -2.23605156 12.8789072  -0.95073354 -1.93855608  0.08369562
 -0.3369711  -0.59639448]"
1749055012.953225,"[ 0.00000000e+00 -1.27819482e-01  3.78717186e-01  3.03750673e+00
 -2.28797602e+00  5.91221762e-05  9.60099800e-01  1.57107689e+00]","[ 0.00000000e+00 -5.07783261e-01  6.13391380e-01 -3.64091405e-01
  4.52618174e-04  1.06058726e-05  1.85184257e-05  0.00000000e+00]","[ 0.         -2.14417696 13.03721428 -0.86642545 -2.13696599  0.11147684
 -0.36112884 -0.61097658]"
1749055012.954989,"[ 0.00000000e+00 -1.28824026e-01  3.79937247e-01  3.03676451e+00
 -2.28797602e+00  5.91221762e-05  9.60099800e-01  1.57107689e+00]","[ 0.00000000e+00 -5.09403827e-01  6.19873713e-01 -3.61120316e-01
  4.41578701e-04  1.06059783e-05  1.85184257e-05  0.00000000e+00]","[ 0.         -1.95398045 13.15586662 -0.74923754 -2.29937482  0.1134677
 -0.39337599 -0.61459011]"
1749055012.9567196,"[ 0.00000000e+00 -1.29866387e-01  3.81214266e-01  3.03605691e+00
 -2.28797549e+00  5.91221762e-05  9.60099800e-01  1.57107689e+00]","[ 0.00000000e+00 -5.08080037e-01  6.25545781e-01 -3.59053603e-01
  4.24239123e-04  1.06059783e-05  1.85186086e-05  0.00000000e+00]","[ 0.         -1.91066158 13.40591908 -0.73113406 -2.48733282  0.13584223
 -0.40658841 -0.59262067]"
1749055012.9584365,"[ 0.00000000e+00 -1.30367062e-01  3.81834616e-01  3.03562361e+00
 -2.28797549e+00  5.91221762e-05  9.60099800e-01  1.57107689e+00]","[ 0.00000000e+00 -5.07783261e-01  6.28419664e-01 -3.56916217e-01
  4.07024479e-04  1.06058726e-05  1.85044548e-05  0.00000000e+00]","[ 0.         -1.82582247 13.43932247 -0.70886719 -2.54631352  0.13886209
 -0.41930574 -0.593741  ]"
1749055012.9606068,"[ 0.00000000e+00 -1.31371073e-01  3.83134139e-01  3.03491414e+00
 -2.28797469e+00  5.91221762e-05  9.60098868e-01  1.57107689e+00]","[ 0.00000000e+00 -5.08323450e-01  6.36619737e-01 -3.59135496e-01
  3.67374783e-04  1.06058726e-05  1.05819570e-05  0.00000000e+00]","[ 0.         -1.79637289 13.66762638 -0.68092924 -2.66363835  0.16581157
 -0.46971583 -0.60976595]"
1749055012.9623945,"[ 0.00000000e+00 -1.32407043e-01  3.84397343e-01  3.03417991e+00
 -2.28797362e+00  5.91221762e-05  9.60098868e-01  1.57107689e+00]","[ 0.00000000e+00 -5.04570523e-01  6.42291804e-01 -3.57846592e-01
  3.35795193e-04  1.06140091e-05  1.05819570e-05  0.00000000e+00]","[ 0.         -1.77214563 13.69398499 -0.66166592 -2.66328049  0.17358643
 -0.48267615 -0.59607834]"
1749055012.96416,"[ 0.00000000e+00 -1.32903989e-01  3.85083373e-01  3.03382864e+00
 -2.28797336e+00  5.91221762e-05  9.60098868e-01  1.57107689e+00]","[ 0.00000000e+00 -5.04001905e-01  6.45371883e-01 -3.56258582e-01
  3.16362634e-04  1.06059783e-05  1.05819570e-05  0.00000000e+00]","[ 0.         -1.8078438  13.86489773 -0.63183784 -2.64735889  0.17775874
 -0.49840909 -0.59005499]"
1749055012.9652498,"[ 0.00000000e+00 -1.33935698e-01  3.86368215e-01  3.03312929e+00
 -2.28797203e+00  6.01874406e-05  9.60098868e-01  1.57107689e+00]","[ 0.00000000e+00 -5.04044615e-01  6.53365827e-01 -3.54637982e-01
  3.16362634e-04  2.11799045e-05  1.05819570e-05  0.00000000e+00]","[ 0.         -1.79270875 13.98618889 -0.59378374 -2.58495021  0.17279886
 -0.48123509 -0.58944088]"
1749055012.9669318,"[ 0.00000000e+00 -1.34920002e-01  3.87666340e-01  3.03239959e+00
 -2.28796910e+00  6.01874406e-05  9.60098868e-01  1.57107689e+00]","[ 0.00000000e+00 -4.98599949e-01  6.60388317e-01 -3.55718360e-01
  3.97416098e-04  2.11799045e-05  1.05819570e-05  0.00000000e+00]","[ 0.         -1.79943323 14.03324986 -0.5461114  -2.46619129  0.21074802
 -0.47742659 -0.59202302]"
1749055012.9687037,"[ 0.00000000e+00 -1.35410024e-01  3.88371179e-01  3.03205018e+00
 -2.28796723e+00  6.01874406e-05  9.60098868e-01  1.57107689e+00]","[ 0.00000000e+00 -4.96979349e-01  6.63784113e-01 -3.54367905e-01
  4.47958877e-04  2.11799045e-05  1.05819570e-05  0.00000000e+00]","[ 0.         -1.75201297 13.88519192 -0.51486343 -2.3678503   0.22952873
 -0.47486436 -0.60261041]"
1749055012.9700787,"[ 0.00000000e+00 -1.36425221e-01  3.89686780e-01  3.03170104e+00
 -2.28796377e+00  6.01874406e-05  9.60098868e-01  1.57107689e+00]","[ 0.00000000e+00 -4.94818560e-01  6.68083787e-01 -3.54097793e-01
  5.29557392e-04  2.11639139e-05  1.05819570e-05  0.00000000e+00]","[ 0.         -1.85435247 13.8654108  -0.51185858 -2.23325443  0.26013955
 -0.48269492 -0.58953238]"
1749055012.9716532,"[ 0.00000000e+00 -1.36911514e-01  3.90349841e-01  3.03132926e+00
 -2.28796137e+00  6.01874406e-05  9.60098868e-01  1.57107689e+00]","[ 0.00000000e+00 -4.93197993e-01  6.72542717e-01 -3.50072758e-01
  5.87857701e-04  2.11801137e-05  1.05820616e-05  0.00000000e+00]","[ 0.         -1.86325681 13.93964291 -0.50578195 -2.13135624  0.2818045
 -0.46274436 -0.58581221]"
1749055012.9727585,"[ 0.00000000e+00 -1.37917656e-01  3.91733386e-01  3.03064030e+00
 -2.28795631e+00  6.01874406e-05  9.60099800e-01  1.57107689e+00]","[ 0.00000000e+00 -4.90503107e-01  6.77134340e-01 -3.49776215e-01
  7.02105231e-04  2.11801137e-05  1.85184257e-05  0.00000000e+00]","[ 0.         -1.85518241 13.99155331 -0.48629487 -1.85390043  0.26488897
 -0.41477758 -0.60584205]"
1749055012.974495,"[ 0.00000000e+00 -1.38398623e-01  3.92403804e-01  3.03026613e+00
 -2.28795205e+00  6.01874406e-05  9.60099800e-01  1.57107689e+00]","[ 0.00000000e+00 -4.87796037e-01  6.79835318e-01 -3.52329687e-01
  9.93552062e-04  2.11799045e-05  1.85184257e-05  0.00000000e+00]","[ 0.         -1.89145005 13.94789124 -0.48314595 -1.75792849  0.2724061
 -0.40369749 -0.60603333]"
1749055012.9762063,"[ 0.00000000e+00 -1.39396243e-01  3.93803395e-01  3.02957051e+00
 -2.28794353e+00  6.01874406e-05  9.60099800e-01  1.57107689e+00]","[ 0.00000000e+00 -4.85532084e-01  6.84967229e-01 -3.53017416e-01
  2.57275405e-03  2.11799045e-05  1.85184257e-05  0.00000000e+00]","[ 0.         -1.90984738 14.12436962 -0.46734941 -1.47384608  0.26401547
 -0.39182824 -0.60723841]"
1749055012.977484,"[ 0.00000000e+00 -1.39874014e-01  3.94480703e-01  3.02922323e+00
 -2.28793794e+00  6.01874406e-05  9.60099800e-01  1.57107689e+00]","[ 0.00000000e+00 -4.84554870e-01  6.86161924e-01 -3.52207115e-01
  3.86156173e-03  2.11639139e-05  1.85184257e-05  0.00000000e+00]","[ 0.         -1.89756382 14.2920351  -0.44951907 -1.32878208  0.26050869
 -0.398799   -0.59877813]"
1749055012.979226,"[ 0.00000000e+00 -1.40826361e-01  3.95898237e-01  3.02850844e+00
 -2.28792462e+00  6.01874406e-05  9.60099800e-01  1.57107689e+00]","[ 0.00000000e+00 -4.81853892e-01  6.93876302e-01 -3.47533068e-01
  6.23012987e-03  2.11801137e-05  1.85184257e-05  0.00000000e+00]","[ 0.         -1.91069317 14.42383385 -0.4740966  -1.15346754  0.29266292
 -0.38426605 -0.58614707]"
1749055012.9809253,"[ 0.00000000e+00 -1.41299871e-01  3.96583801e-01  3.02816569e+00
 -2.28791717e+00  6.12527051e-05  9.60099800e-01  1.57107689e+00]","[ 0.00000000e+00 -4.80233325e-01  6.95230919e-01 -3.47615460e-01
  7.29263180e-03  3.17698567e-05  1.85184257e-05  0.00000000e+00]","[ 0.         -1.94605112 14.49535656 -0.48108837 -1.08113146  0.30564198
 -0.36563224 -0.59485668]"
1749055012.9828198,"[ 0.00000000e+00 -1.42279914e-01  3.97963652e-01  3.02745223e+00
 -2.28789985e+00  6.12527051e-05  9.60099800e-01  1.57107689e+00]","[ 0.00000000e+00 -4.77048517e-01  7.00732411e-01 -3.48568172e-01
  8.45241557e-03  3.17698567e-05  1.85184257e-05  0.00000000e+00]","[ 0.         -1.99322176 14.65400219 -0.49684054 -1.06750333  0.30922872
 -0.35909423 -0.5795778 ]"
1749055012.983709,"[ 0.00000000e+00 -1.43217879e-01  3.99409182e-01  3.02676673e+00
 -2.28788041e+00  6.12527051e-05  9.60099800e-01  1.57107689e+00]","[ 0.00000000e+00 -4.74831369e-01  7.06668597e-01 -3.47345348e-01
  1.02637042e-02  3.17698567e-05  1.85186086e-05  0.00000000e+00]","[ 0.         -1.95757115 14.62580395 -0.51955557 -1.13490832  0.34516633
 -0.38929018 -0.57567745]"
1749055012.9855177,"[ 0.00000000e+00 -1.43721749e-01  4.00108062e-01  3.02642745e+00
 -2.28786763e+00  6.12527051e-05  9.60099800e-01  1.57107689e+00]","[ 0.00000000e+00 -4.74453933e-01  7.08735809e-01 -3.43755540e-01
  1.05384769e-02  3.17698567e-05  1.85184257e-05  0.00000000e+00]","[ 0.         -1.83826256 14.45938873 -0.55699599 -1.18342459  0.36557016
 -0.39400357 -0.56452322]"
1749055012.987243,"[ 0.00000000e+00 -1.44655454e-01  4.01570604e-01  3.02572437e+00
 -2.28784739e+00  6.12527051e-05  9.60099800e-01  1.57107689e+00]","[ 0.00000000e+00 -4.72670580e-01  7.14690105e-01 -3.42800498e-01
  1.14818913e-02  3.17698567e-05  1.85184257e-05  0.00000000e+00]","[ 0.         -1.82983303 14.47904587 -0.57176143 -1.25349689  0.36355859
 -0.3924017  -0.57993537]"
1749055012.988364,"[ 0.00000000e+00 -1.45119376e-01  4.02278206e-01  3.02538535e+00
 -2.28783647e+00  6.12527051e-05  9.60099800e-01  1.57107689e+00]","[ 0.00000000e+00 -4.70033085e-01  7.16921900e-01 -3.43834070e-01
  1.10739970e-02  3.17698567e-05  1.85184257e-05  0.00000000e+00]","[ 0.         -1.89929008 14.64617157 -0.60985041 -1.25776803  0.36166286
 -0.38907439 -0.59320986]"
1749055012.9902117,"[ 0.00000000e+00 -1.46076516e-01  4.03703064e-01  3.02470358e+00
 -2.28781224e+00  6.12527051e-05  9.60099800e-01  1.57107689e+00]","[ 0.00000000e+00 -4.66728435e-01  7.25211721e-01 -3.45454671e-01
  1.10739970e-02  3.17698567e-05  1.85046377e-05  0.00000000e+00]","[ 0.         -1.83497751 14.70402622 -0.64122522 -1.2361455   0.33788717
 -0.39595151 -0.58710545]"
1749055012.9916854,"[ 0.00000000e+00 -1.46536178e-01  4.04420785e-01  3.02433846e+00
 -2.28780212e+00  6.12527051e-05  9.60099800e-01  1.57107689e+00]","[ 0.00000000e+00 -4.66188246e-01  7.27912699e-01 -3.43803544e-01
  1.02637042e-02  3.17458709e-05  1.85184257e-05  0.00000000e+00]","[ 0.         -1.79189682 14.61700153 -0.62651169 -1.2515341   0.33963645
 -0.4159686  -0.58044499]"
1749055012.993003,"[ 0.00000000e+00 -1.47489590e-01  4.05919113e-01  3.02366255e+00
 -2.28778134e+00  6.12527051e-05  9.60098868e-01  1.57107689e+00]","[ 0.00000000e+00 -4.64924710e-01  7.33854811e-01 -3.41403204e-01
  1.00213025e-02  3.17698567e-05  1.05819570e-05  0.00000000e+00]","[ 0.         -1.78759968 14.64167881 -0.58335704 -1.25072515  0.33999723
 -0.4233543  -0.5721342 ]"
1749055012.9947805,"[ 0.00000000e+00 -1.47946588e-01  4.06645557e-01  3.02332779e+00
 -2.28777202e+00  6.12527051e-05  9.60098868e-01  1.57107689e+00]","[ 0.00000000e+00 -4.63017653e-01  7.36079349e-01 -3.39512526e-01
  9.45341148e-03  3.17698567e-05  1.05819570e-05  0.00000000e+00]","[ 0.         -1.81597412 14.77890396 -0.58742559 -1.23178041  0.35806811
 -0.4218699  -0.5733338 ]"
1749055012.9959881,"[ 0.00000000e+00 -1.48862183e-01  4.08162727e-01  3.02263404e+00
 -2.28775471e+00  6.12527051e-05  9.60099800e-01  1.57107689e+00]","[ 0.00000000e+00 -4.64027457e-01  7.42274661e-01 -3.38972337e-01
  8.37302164e-03  3.17698567e-05  1.85184257e-05  0.00000000e+00]","[ 0.         -1.87515235 14.77199078 -0.54450786 -1.22958839  0.37752637
 -0.40466177 -0.57253963]"
1749055012.9975898,"[ 0.00000000e+00 -1.49321312e-01  4.08898791e-01  3.02229955e+00
 -2.28774592e+00  6.12527051e-05  9.60098868e-01  1.57107689e+00]","[ 0.00000000e+00 -4.65648057e-01  7.46549434e-01 -3.38898700e-01
  8.27535905e-03  3.17698567e-05  1.05819570e-05  0.00000000e+00]","[ 0.         -1.86857021 14.68128586 -0.48732263 -1.23017073  0.38489082
 -0.40867785 -0.55805016]"
1749055012.9989216,"[ 0.00000000e+00 -1.50269397e-01  4.10377411e-01  3.02160686e+00
 -2.28773820e+00  6.17853373e-05  9.60098868e-01  1.57107689e+00]","[ 0.00000000e+00 -4.61326479e-01  7.50871012e-01 -3.38432148e-01
  7.82489055e-03  3.70651995e-05  1.05819570e-05  0.00000000e+00]","[ 0.         -1.87076592 14.67011833 -0.45068368 -1.24739313  0.38471511
 -0.43315831 -0.5824104 ]"
1749055013.0006206,"[ 0.00000000e+00 -1.50723732e-01  4.11177758e-01  3.02127423e+00
 -2.28773048e+00  6.17853373e-05  9.60098868e-01  1.57107689e+00]","[ 0.00000000e+00 -4.60786290e-01  7.52850340e-01 -3.37351737e-01
  7.83282698e-03  3.70648338e-05  1.05819570e-05  0.00000000e+00]","[ 0.         -1.83161187 14.70534611 -0.43098652 -1.27611911  0.38219449
 -0.43629634 -0.57218528]"
1749055013.0023265,"[ 0.00000000e+00 -1.51663828e-01  4.12670593e-01  3.02058873e+00
 -2.28771423e+00  6.17853373e-05  9.60098868e-01  1.57107689e+00]","[ 0.00000000e+00 -4.59909345e-01  7.57395424e-01 -3.34274354e-01
  7.93226692e-03  3.70648338e-05  1.05740785e-05  0.00000000e+00]","[ 0.         -1.81820345 14.64711475 -0.41007954 -1.36010134  0.36694399
 -0.42849791 -0.576527  ]"
1749055013.0039918,"[ 0.00000000e+00 -1.52569836e-01  4.14347552e-01  3.01993173e+00
 -2.28769772e+00  6.17853373e-05  9.60098868e-01  1.57107689e+00]","[ 0.00000000e+00 -4.59165724e-01  7.63410240e-01 -3.32490003e-01
  8.36877775e-03  3.70651995e-05  1.05820616e-05  0.00000000e+00]","[ 0.         -1.75138426 14.59502602 -0.35398537 -1.41641629  0.30896401
 -0.45170662 -0.58046055]"
1749055013.0050972,"[ 0.00000000e+00 -1.53022573e-01  4.15102924e-01  3.01960283e+00
 -2.28768813e+00  6.17853373e-05  9.60098868e-01  1.57107689e+00]","[ 0.00000000e+00 -4.59165724e-01  7.65996436e-01 -3.33570381e-01
  8.96818457e-03  3.70648338e-05  1.05819570e-05  0.00000000e+00]","[ 0.         -1.7236048  14.6973238  -0.29070571 -1.47240019  0.30115002
 -0.45823383 -0.58773816]"
1749055013.006835,"[ 0.00000000e+00 -1.53961604e-01  4.16677951e-01  3.01892612e+00
 -2.28766789e+00  6.17853373e-05  9.60098868e-01  1.57107689e+00]","[ 0.00000000e+00 -4.58625501e-01  7.70109954e-01 -3.29248836e-01
  1.08038994e-02  3.70648338e-05  1.05819570e-05  0.00000000e+00]","[ 0.         -1.67533076 14.65128517 -0.23679553 -1.56196547  0.28703997
 -0.47269452 -0.59751141]"
1749055013.0079432,"[ 0.00000000e+00 -1.54414341e-01  4.17440647e-01  3.01860308e+00
 -2.28765591e+00  6.17853373e-05  9.60098868e-01  1.57107689e+00]","[ 0.00000000e+00 -4.59165724e-01  7.73559147e-01 -3.27628236e-01
  1.21543863e-02  3.70648338e-05  1.05820616e-05  0.00000000e+00]","[ 0.         -1.61932278 14.44395351 -0.2052421  -1.58625317  0.28138268
 -0.47011006 -0.59209847]"
1749055013.009599,"[ 0.00000000e+00 -1.55352306e-01  4.18970667e-01  3.01796712e+00
 -2.28762741e+00  6.17853373e-05  9.60098868e-01  1.57107689e+00]","[ 0.00000000e+00 -4.57401679e-01  7.77340503e-01 -3.20550686e-01
  1.51254588e-02  3.70648338e-05  1.05740785e-05  0.00000000e+00]","[ 0.         -1.57547045 14.42986965 -0.15789856 -1.64709139  0.2884483
 -0.45423526 -0.58680594]"
1749055013.0113385,"[ 0.00000000e+00 -1.55801848e-01  4.19798577e-01  3.01762783e+00
 -2.28761010e+00  6.17853373e-05  9.60098868e-01  1.57107689e+00]","[ 0.00000000e+00 -4.55924523e-01  7.79639144e-01 -3.19479030e-01
  1.75563360e-02  3.70648338e-05  1.05819570e-05  0.00000000e+00]","[ 0.         -1.56877196 14.64037228 -0.10569263 -1.67174554  0.27128953
 -0.45365423 -0.58209014]"
1749055013.0131032,"[ 0.00000000e+00 -1.56702529e-01  4.21339182e-01  3.01699826e+00
 -2.28756696e+00  6.17853373e-05  9.60098868e-01  1.57107689e+00]","[ 0.00000000e+00 -4.56541877e-01  7.82472415e-01 -3.20065524e-01
  2.28199304e-02  3.70648338e-05  1.05819570e-05  0.00000000e+00]","[ 0.         -1.5628705  14.65832901 -0.0476767  -1.74586463  0.25822043
 -0.46361241 -0.59970385]"
1749055013.0141668,"[ 0.00000000e+00 -1.57188290e-01  4.22113363e-01  3.01668427e+00
 -2.28754113e+00  6.17853373e-05  9.60098868e-01  1.57107689e+00]","[ 0.00000000e+00 -4.57401679e-01  7.85173393e-01 -3.18444924e-01
  2.61994548e-02  3.70648338e-05  1.05820616e-05  0.00000000e+00]","[ 0.         -1.49213469 14.48929787 -0.02520601 -1.76419878  0.23231593
 -0.46010438 -0.60897803]"
1749055013.015897,"[ 0.00000000e+00 -1.58085775e-01  4.23725574e-01  3.01603686e+00
 -2.28748094e+00  6.17853373e-05  9.60098868e-01  1.57107689e+00]","[ 0.00000000e+00 -4.54303957e-01  7.87874304e-01 -3.15743946e-01
  3.21415997e-02  3.70368514e-05  1.05979587e-05  0.00000000e+00]","[ 0.         -1.37374473 14.6261282   0.05569303 -1.76432014  0.20660357
 -0.45844477 -0.61292499]"
1749055013.0175922,"[ 0.00000000e+00 -1.58532653e-01  4.24505281e-01  3.01572900e+00
 -2.28744658e+00  6.12527051e-05  9.60098868e-01  1.57107689e+00]","[ 0.00000000e+00 -4.53223579e-01  7.90845393e-01 -3.11916318e-01
  3.48072720e-02  3.17701716e-05  1.05979587e-05  0.00000000e+00]","[ 0.         -1.36717176 14.8483057   0.10935543 -1.79569077  0.21812241
 -0.46096817 -0.6214698 ]"
1749055013.0187223,"[ 0.00000000e+00 -1.59457303e-01  4.25286353e-01  3.01509996e+00
 -2.28736935e+00  6.12527051e-05  9.60098868e-01  1.57107689e+00]","[ 0.00000000e+00 -4.50958593e-01  7.92195882e-01 -3.06188291e-01
  3.85848058e-02  3.17698567e-05  1.05979587e-05  0.00000000e+00]","[ 0.         -1.25728118 14.81428719  0.15860242 -1.83989275  0.19158821
 -0.47790489 -0.61590254]"
1749055013.0205572,"[ 0.00000000e+00 -1.59902051e-01  4.26129909e-01  3.01479929e+00
 -2.28732941e+00  6.12527051e-05  9.60098868e-01  1.57107689e+00]","[ 0.00000000e+00 -4.51062790e-01  7.94434469e-01 -3.04940034e-01
  4.05146197e-02  3.17698567e-05  1.05979587e-05  0.00000000e+00]","[ 0.         -1.16124737 15.06457424  0.20080611 -1.86736035  0.18976694
 -0.48983964 -0.61372584]"
1749055013.0222738,"[ 0.00000000e+00 -1.60785155e-01  4.27705369e-01  3.01417797e+00
 -2.28723992e+00  6.12527051e-05  9.60097936e-01  1.57107689e+00]","[ 0.00000000e+00 -4.46741212e-01  7.99488549e-01 -3.02677546e-01
  4.48361812e-02  2.11799045e-05  0.00000000e+00  0.00000000e+00]","[ 0.         -1.10668671 15.22275162  0.22241661 -1.91611207  0.20681752
 -0.49903068 -0.59942597]"
1749055013.0233624,"[ 0.00000000e+00 -1.61258665e-01  4.28496561e-01  3.01388263e+00
 -2.28719172e+00  6.12527051e-05  9.60097936e-01  1.57107689e+00]","[ 0.00000000e+00 -4.45866330e-01  8.02459572e-01 -2.99234611e-01
  4.88876440e-02  2.11801137e-05  0.00000000e+00  0.00000000e+00]","[ 0.         -1.10809565 15.29102516  0.24475554 -1.95738447  0.20348446
 -0.513255   -0.61002231]"
1749055013.0251439,"[ 0.00000000e+00 -1.62136976e-01  4.30146422e-01  3.01330232e+00
 -2.28708120e+00  6.12527051e-05  9.60097936e-01  1.57107689e+00]","[ 0.00000000e+00 -4.44669638e-01  8.07051261e-01 -2.92515555e-01
  5.56182260e-02  2.11799045e-05  0.00000000e+00  0.00000000e+00]","[ 0.         -1.11377454 15.40666866  0.21367718 -2.07268977  0.19896525
 -0.52167678 -0.59911209]"
1749055013.0263267,"[ 0.00000000e+00 -1.62575332e-01  4.30944971e-01  3.01301763e+00
 -2.28702367e+00  6.12527051e-05  9.60097936e-01  1.57107689e+00]","[ 0.00000000e+00 -4.44580456e-01  8.09752239e-01 -2.88734200e-01
  5.83410544e-02  2.11799045e-05  0.00000000e+00  0.00000000e+00]","[ 0.         -1.07209694 15.16234207  0.18493395 -2.13181353  0.20234051
 -0.51430213 -0.59551889]"
1749055013.0280213,"[ 0.00000000e+00 -1.63473882e-01  4.32611378e-01  3.01243440e+00
 -2.28690197e+00  6.12527051e-05  9.60097936e-01  1.57107689e+00]","[ 0.00000000e+00 -4.37557900e-01  8.16000547e-01 -2.84394312e-01
  6.29327103e-02  2.11799045e-05  0.00000000e+00  0.00000000e+00]","[ 0.         -1.10289323 15.08263397  0.11918711 -2.22822928  0.21391535
 -0.51804364 -0.59271795]"
1749055013.029742,"[ 0.00000000e+00 -1.63902651e-01  4.33416318e-01  3.01215557e+00
 -2.28683779e+00  6.12527051e-05  9.60097936e-01  1.57107689e+00]","[ 0.00000000e+00 -4.34856922e-01  8.15407595e-01 -2.82792055e-01
  6.50934910e-02  2.11639139e-05  0.00000000e+00  0.00000000e+00]","[ 0.         -1.150365   15.2795105   0.09456836 -2.23438931  0.22317445
 -0.51368803 -0.6134581 ]"
1749055013.0314577,"[ 0.00000000e+00 -1.64790549e-01  4.35037251e-01  3.01157633e+00
 -2.28669158e+00  6.12527051e-05  9.60097936e-01  1.57107689e+00]","[ 0.00000000e+00 -4.31918123e-01  8.23797284e-01 -2.82521944e-01
  7.37366139e-02  2.11801137e-05  0.00000000e+00  0.00000000e+00]","[ 0.00000000e+00 -1.18473053e+00  1.52194843e+01  7.13743677e-04
 -2.22931576e+00  2.45561734e-01 -5.09277403e-01 -6.17128432e-01]"
1749055013.0332131,"[ 0.00000000e+00 -1.65640098e-01  4.36732120e-01  3.01102612e+00
 -2.28653472e+00  6.17853373e-05  9.60097936e-01  1.57107689e+00]","[ 0.00000000e+00 -4.28914777e-01  8.28388974e-01 -2.77120004e-01
  7.77382215e-02  2.64548924e-05  0.00000000e+00  0.00000000e+00]","[ 0.         -1.2998091  15.24986267 -0.11406729 -2.17077374  0.2699461
 -0.4889968  -0.62945104]"
1749055013.0349193,"[ 0.00000000e+00 -1.66514680e-01  4.38375124e-01  3.01046632e+00
 -2.28636987e+00  6.17853373e-05  9.60097936e-01  1.57107689e+00]","[ 0.00000000e+00 -4.25804837e-01  8.33215953e-01 -2.72334553e-01
  8.50807064e-02  2.64748795e-05  0.00000000e+00  0.00000000e+00]","[ 0.         -1.40636325 15.1711483  -0.2091732  -2.11077905  0.30493009
 -0.50297743 -0.6058287 ]"
1749055013.0360096,"[ 0.00000000e+00 -1.66932796e-01  4.39264120e-01  3.01020187e+00
 -2.28628119e+00  6.17853373e-05  9.60097936e-01  1.57107689e+00]","[ 0.00000000e+00 -4.24053043e-01  8.37065086e-01 -2.68206787e-01
  8.99424568e-02  2.64748795e-05 -1.05979587e-05  0.00000000e+00]","[ 0.         -1.44833338 14.98399353 -0.2550354  -2.09849858  0.32814848
 -0.49246147 -0.59822905]"
1749055013.0383132,"[ 0.00000000e+00 -1.67768496e-01  4.40923603e-01  3.00967830e+00
 -2.28608651e+00  6.17853373e-05  9.60097936e-01  1.57107689e+00]","[ 0.00000000e+00 -4.22972632e-01  8.42974241e-01 -2.64965620e-01
  9.67055627e-02  2.64548924e-05 -1.05979587e-05  0.00000000e+00]","[ 0.         -1.57189727 14.88673782 -0.32872748 -2.04164672  0.31872961
 -0.48471805 -0.59118026]"
1749055013.0399566,"[ 0.00000000e+00 -1.68183949e-01  4.41755674e-01  3.00913554e+00
 -2.28588251e+00  6.17853373e-05  9.60097936e-01  1.57107689e+00]","[ 0.00000000e+00 -4.21352065e-01  8.43784508e-01 -2.64695526e-01
  1.05338016e-01  2.64751417e-05 -1.85466133e-05  0.00000000e+00]","[ 0.         -1.63409662 14.93207264 -0.42066517 -2.05721712  0.3267687
 -0.50323522 -0.59438574]"
1749055013.041097,"[ 0.00000000e+00 -1.69039889e-01  4.43489558e-01  3.00887668e+00
 -2.28576746e+00  6.17853373e-05  9.60097936e-01  1.57107689e+00]","[ 0.00000000e+00 -4.16490298e-01  8.47597422e-01 -2.62534753e-01
  1.08331975e-01  2.64551545e-05 -1.85464284e-05  0.00000000e+00]","[ 0.         -1.768399   14.87946892 -0.46956384 -2.0880444   0.32227337
 -0.52160877 -0.59405971]"
1749055013.0428405,"[ 0.00000000e+00 -1.69862273e-01  4.45166984e-01  3.00834165e+00
 -2.28554562e+00  6.17853373e-05  9.60097936e-01  1.57107689e+00]","[ 0.00000000e+00 -4.16607977e-01  8.52157553e-01 -2.60799204e-01
  1.13326002e-01  2.64548924e-05 -1.85464284e-05  0.00000000e+00]","[ 0.         -1.86752987 14.76658916 -0.51992291 -2.15231442  0.34594867
 -0.53831732 -0.57789171]"
1749055013.0445979,"[ 0.00000000e+00 -1.70303825e-01  4.46073890e-01  3.00808493e+00
 -2.28543270e+00  6.17853373e-05  9.60097936e-01  1.57107689e+00]","[ 0.00000000e+00 -4.15774108e-01  8.53866637e-01 -2.60373964e-01
  1.14521328e-01  2.64748795e-05 -1.85464284e-05  0.00000000e+00]","[ 0.         -1.91905224 14.85023403 -0.4935005  -2.20067477  0.36351272
 -0.53858709 -0.58156878]"
1749055013.045742,"[ 0.00000000e+00 -1.71119818e-01  4.47760037e-01  3.00755869e+00
 -2.28519515e+00  6.17853373e-05  9.60097936e-01  1.57107689e+00]","[ 0.00000000e+00 -4.12708942e-01  8.55938909e-01 -2.56034593e-01
  1.16858102e-01  2.64551545e-05 -1.85464284e-05  0.00000000e+00]","[ 0.         -2.04683304 14.9064064  -0.45087072 -2.20362926  0.37802058
 -0.53724623 -0.57541698]"
1749055013.0474148,"[ 0.00000000e+00 -1.71525151e-01  4.48606323e-01  3.00730675e+00
 -2.28507983e+00  6.17853373e-05  9.60097936e-01  1.57107689e+00]","[ 0.00000000e+00 -4.11088342e-01  8.57500054e-01 -2.55512214e-01
  1.16952203e-01  2.64551545e-05 -1.85464284e-05  0.00000000e+00]","[ 0.         -2.09989858 14.69930267 -0.53051895 -2.19126749  0.39009112
 -0.52860451 -0.58743453]"
1749055013.0490608,"[ 0.00000000e+00 -1.72364047e-01  4.50367771e-01  3.00679915e+00
 -2.28484308e+00  6.17853373e-05  9.60097936e-01  1.57107689e+00]","[ 0.00000000e+00 -4.08927586e-01  8.61699526e-01 -2.57672986e-01
  1.21003670e-01  2.64751417e-05 -1.85464284e-05  0.00000000e+00]","[ 0.         -2.16482258 14.72577095 -0.48437434 -2.10495138  0.41171071
 -0.51510763 -0.56583279]"
1749055013.0502207,"[ 0.00000000e+00 -1.72768315e-01  4.51221414e-01  3.00654429e+00
 -2.28471391e+00  6.17853373e-05  9.60097936e-01  1.57107689e+00]","[ 0.00000000e+00 -4.09592544e-01  8.64785331e-01 -2.58483286e-01
  1.21622705e-01  2.64548924e-05 -1.85464284e-05  0.00000000e+00]","[ 0.         -2.21882772 14.91974735 -0.39300385 -2.08868861  0.39664927
 -0.50498939 -0.56636477]"
1749055013.051932,"[ 0.00000000e+00 -1.73607743e-01  4.52936956e-01  3.00601672e+00
 -2.28447237e+00  6.17853373e-05  9.60097936e-01  1.57107689e+00]","[ 0.00000000e+00 -4.09755663e-01  8.71874666e-01 -2.58213192e-01
  1.22624254e-01  2.64748795e-05 -1.85464284e-05  0.00000000e+00]","[ 0.         -2.19716048 14.82075691 -0.35506925 -1.96265864  0.37445694
 -0.51844537 -0.56888598]"
1749055013.0536108,"[ 0.00000000e+00 -1.74012544e-01  4.53868164e-01  3.00576345e+00
 -2.28435066e+00  6.17853373e-05  9.60097936e-01  1.57107689e+00]","[ 0.00000000e+00 -4.10548153e-01  8.76937335e-01 -2.56862703e-01
  1.23434545e-01  2.64548924e-05 -1.85464284e-05  0.00000000e+00]","[ 0.         -2.12117243 14.61856174 -0.34398243 -1.88536525  0.36639559
 -0.50436926 -0.56714404]"
1749055013.055265,"[ 0.00000000e+00 -1.74824808e-01  4.55607574e-01  3.00524440e+00
 -2.28409233e+00  6.17853373e-05  9.60097936e-01  1.57107689e+00]","[ 0.00000000e+00 -4.12168753e-01  8.83488845e-01 -2.51771538e-01
  1.27896489e-01  2.64748795e-05 -1.85464284e-05  0.00000000e+00]","[ 0.         -2.02641582 14.6702404  -0.3019785  -1.75145936  0.33670932
 -0.46530792 -0.58187872]"
1749055013.0564275,"[ 0.00000000e+00 -1.75672758e-01  4.57429642e-01  3.00475171e+00
 -2.28382735e+00  6.17853373e-05  9.60097936e-01  1.57107689e+00]","[ 0.00000000e+00 -4.13789320e-01  8.91481856e-01 -2.49029880e-01
  1.36399221e-01  2.64548924e-05 -1.85464284e-05  0.00000000e+00]","[ 0.         -1.93521488 14.74772263 -0.21804564 -1.56920779  0.34323442
 -0.45994014 -0.5974111 ]"
1749055013.0580938,"[ 0.00000000e+00 -1.76081287e-01  4.58312680e-01  3.00450644e+00
 -2.28368753e+00  6.17853373e-05  9.60097936e-01  1.57107689e+00]","[ 0.00000000e+00 -4.14329542e-01  8.95643245e-01 -2.48759769e-01
  1.41801177e-01  2.64548924e-05 -1.85464284e-05  0.00000000e+00]","[ 0.         -1.95652342 14.86622238 -0.19726597 -1.51368952  0.31006497
 -0.45783311 -0.60616863]"
1749055013.0598896,"[ 0.00000000e+00 -1.76928705e-01  4.60157684e-01  3.00399644e+00
 -2.28338633e+00  6.17853373e-05  9.60097936e-01  1.57107689e+00]","[ 0.00000000e+00 -4.13266408e-01  9.02014126e-01 -2.49279901e-01
  1.49093811e-01  2.64748795e-05 -1.05980643e-05  0.00000000e+00]","[ 0.         -1.86939001 14.82046413 -0.14569411 -1.49463463  0.31243148
 -0.45409808 -0.59451646]"
1749055013.062011,"[ 0.00000000e+00 -1.77400617e-01  4.61048978e-01  3.00374877e+00
 -2.28323639e+00  6.17853373e-05  9.60097936e-01  1.57107689e+00]","[ 0.00000000e+00 -4.14685540e-01  9.04016224e-01 -2.51190652e-01
  1.52064884e-01  2.64751417e-05 -1.05979587e-05  0.00000000e+00]","[ 0.         -1.7695986  14.83229351 -0.12489207 -1.50787985  0.324074
 -0.44590387 -0.57614309]"
1749055013.063756,"[ 0.00000000e+00 -1.78661358e-01  4.63816535e-01  3.00298843e+00
 -2.28275729e+00  6.17853373e-05  9.60097936e-01  1.57107689e+00]","[ 0.00000000e+00 -4.15987160e-01  9.14803358e-01 -2.50016148e-01
  1.60167801e-01  2.64748795e-05 -1.05979587e-05  0.00000000e+00]","[ 0.00000000e+00 -1.67510021e+00  1.45593805e+01  3.98654956e-03
 -1.55210876e+00  3.03576589e-01 -4.40894723e-01 -5.87334156e-01]"
1749055013.0654655,"[ 0.00000000e+00 -1.79070952e-01  4.64720678e-01  3.00274183e+00
 -2.28259670e+00  6.17853373e-05  9.60097936e-01  1.57107689e+00]","[ 0.00000000e+00 -4.14989008e-01  9.16980958e-01 -2.50110258e-01
  1.62868779e-01  2.65149452e-05 -1.05979587e-05  0.00000000e+00]","[ 0.         -1.58762825 14.67488194  0.04750917 -1.55711234  0.32255641
 -0.45357299 -0.58033323]"
1749055013.0665524,"[ 0.00000000e+00 -1.79924229e-01  4.66536754e-01  3.00225367e+00
 -2.28225502e+00  6.17853373e-05  9.60097936e-01  1.57107689e+00]","[ 0.00000000e+00 -4.17780267e-01  9.21987967e-01 -2.46328902e-01
  1.67730529e-01  1.59089679e-05 -1.05979587e-05  0.00000000e+00]","[ 0.         -1.47947943 14.6457243   0.08977839 -1.57431889  0.30594724
 -0.46270758 -0.5927484 ]"
1749055013.068313,"[ 0.00000000e+00 -1.80336486e-01  4.67519893e-01  3.00199295e+00
 -2.28208830e+00  6.17853373e-05  9.60097936e-01  1.57107689e+00]","[ 0.00000000e+00 -4.18110898e-01  9.25837167e-01 -2.45271377e-01
  1.68909710e-01  1.59089679e-05 -1.05979587e-05  0.00000000e+00]","[ 0.         -1.47633791 14.43291092  0.10803926 -1.51642334  0.30198923
 -0.45128471 -0.60409808]"
1749055013.069431,"[ 0.00000000e+00 -1.81160468e-01  4.69350217e-01  3.00150985e+00
 -2.28175115e+00  6.17853373e-05  9.60097936e-01  1.57107689e+00]","[ 0.00000000e+00 -4.17030487e-01  9.29945626e-01 -2.45788696e-01
  1.72322185e-01  1.58969375e-05 -1.06059783e-05  0.00000000e+00]","[ 0.         -1.30867851 14.42428875  0.16470771 -1.44023871  0.28189179
 -0.44968012 -0.60990041]"
1749055013.0711749,"[ 0.00000000e+00 -1.81571127e-01  4.70268609e-01  3.00126643e+00
 -2.28156473e+00  6.17853373e-05  9.60097936e-01  1.57107689e+00]","[ 0.00000000e+00 -4.16068320e-01  9.31296115e-01 -2.46869091e-01
  1.75537919e-01  1.59089679e-05 -1.05978530e-05  0.00000000e+00]","[ 0.         -1.26719117 14.54430866  0.21031652 -1.38828588  0.28622952
 -0.44208142 -0.60808057]"
1749055013.0728397,"[ 0.00000000e+00 -1.82420676e-01  4.72182955e-01  3.00076549e+00
 -2.28120493e+00  6.17853373e-05  9.60097936e-01  1.57107689e+00]","[ 0.00000000e+00 -4.14329542e-01  9.36118633e-01 -2.43920722e-01
  1.84206475e-01  1.59088095e-05 -1.85464284e-05  0.00000000e+00]","[ 0.         -1.20376682 14.53728485  0.23622102 -1.34402812  0.26758397
 -0.44498831 -0.5987761 ]"
1749055013.074543,"[ 0.00000000e+00 -1.82829205e-01  4.73106406e-01  3.00052714e+00
 -2.28101984e+00  6.17853373e-05  9.60097936e-01  1.57107689e+00]","[ 0.00000000e+00 -4.14329542e-01  9.35748987e-01 -2.41737246e-01
  1.87527553e-01  1.58967790e-05 -1.85464284e-05  0.00000000e+00]","[ 0.         -1.12417805 14.48820114  0.23614052 -1.34653556  0.24681233
 -0.44980288 -0.60288733]"
1749055013.0762043,"[ 0.00000000e+00 -1.83678753e-01  4.75029475e-01  3.00005470e+00
 -2.28062863e+00  6.17853373e-05  9.60097936e-01  1.57107689e+00]","[ 0.00000000e+00 -4.14881915e-01  9.39629412e-01 -2.37955874e-01
  1.92309409e-01  1.59089679e-05 -1.85184257e-05  0.00000000e+00]","[ 0.         -1.10270607 14.52849483  0.29291749 -1.39979172  0.25521514
 -0.47677779 -0.6053828 ]"
1749055013.077272,"[ 0.00000000e+00 -1.84088880e-01  4.75957487e-01  2.99980622e+00
 -2.28043581e+00  6.17853373e-05  9.60097936e-01  1.57107689e+00]","[ 0.00000000e+00 -4.15950109e-01  9.41289693e-01 -2.33966974e-01
  1.95550576e-01  1.59089679e-05 -1.85186086e-05  0.00000000e+00]","[ 0.         -1.07148957 14.56257153  0.29661581 -1.44682479  0.26995009
 -0.47174931 -0.60739338]"
1749055013.078914,"[ 0.00000000e+00 -1.84904340e-01  4.77819070e-01  2.99934896e+00
 -2.28004433e+00  6.17853373e-05  9.60097936e-01  1.57107689e+00]","[ 0.00000000e+00 -4.13789320e-01  9.44800938e-01 -2.31743634e-01
  1.99061837e-01  1.59088095e-05 -1.85186086e-05  0.00000000e+00]","[ 0.         -0.98595798 14.6095314   0.30353728 -1.58061969  0.28841019
 -0.48293456 -0.59756905]"
1749055013.080618,"[ 0.00000000e+00 -1.84904340e-01  4.78751209e-01  2.99911886e+00
 -2.27983234e+00  6.17853373e-05  9.60097936e-01  1.57107689e+00]","[ 0.00000000e+00 -4.13789320e-01  9.45341160e-01 -2.33601139e-01
  1.99611697e-01  1.59089679e-05 -1.85186086e-05  0.00000000e+00]","[ 0.         -0.98595798 14.80854893  0.32860926 -1.65815413  0.30695632
 -0.49828282 -0.61302388]"
1749055013.0822375,"[ 0.00000000e+00 -1.85750692e-01  4.80694518e-01  2.99863763e+00
 -2.27943686e+00  6.17853373e-05  9.60096937e-01  1.57107689e+00]","[ 0.00000000e+00 -4.13266408e-01  9.50202894e-01 -2.36065196e-01
  2.01222626e-01  5.30298914e-06 -2.91003827e-05  0.00000000e+00]","[ 0.         -0.9380241  14.81602859  0.32275033 -1.84889579  0.32550272
 -0.49372751 -0.61483628]"
1749055013.0839884,"[ 0.00000000e+00 -1.86561891e-01  4.82571214e-01  2.99817344e+00
 -2.27902274e+00  6.17853373e-05  9.60096937e-01  1.57107689e+00]","[ 0.00000000e+00 -4.11088342e-01  9.52903872e-01 -2.34984801e-01
  2.03653493e-01  5.30298914e-06 -2.91003827e-05  0.00000000e+00]","[ 0.         -0.89604211 14.77414894  0.38997102 -1.91632223  0.30598095
 -0.5006662  -0.59951383]"
1749055013.0851505,"[ 0.00000000e+00 -1.86996519e-01  4.83583715e-01  2.99792443e+00
 -2.27882114e+00  6.17853373e-05  9.60096937e-01  1.57107689e+00]","[ 0.00000000e+00 -4.09254123e-01  9.52524771e-01 -2.34247938e-01
  2.04463793e-01  5.30293632e-06 -2.90787152e-05  0.00000000e+00]","[ 0.         -0.84462816 14.55122375  0.41829625 -1.9262445   0.31999785
 -0.50666124 -0.59266084]"
1749055013.0868633,"[ 0.00000000e+00 -1.87799728e-01  4.85467768e-01  2.99746770e+00
 -2.27839743e+00  6.17853373e-05  9.60096937e-01  1.57107689e+00]","[ 0.00000000e+00 -4.07306986e-01  9.56685228e-01 -2.29582862e-01
  2.07190421e-01  5.30298914e-06 -2.91003827e-05  0.00000000e+00]","[ 0.         -0.77674729 14.57794189  0.46939847 -1.93941319  0.29966155
 -0.47927302 -0.6051991 ]"
1749055013.0887392,"[ 0.00000000e+00 -1.88202398e-01  4.86410960e-01  2.99724453e+00
 -2.27818970e+00  6.17853373e-05  9.60096937e-01  1.57107689e+00]","[ 0.00000000e+00 -4.07973609e-01  9.56685228e-01 -2.26341678e-01
  2.10676033e-01  5.30298914e-06 -2.91003827e-05  0.00000000e+00]","[ 0.         -0.76653308 14.86926079  0.5012545  -1.9140507   0.29882231
 -0.46436432 -0.60311836]"
1749055013.0897722,"[ 0.00000000e+00 -1.89035435e-01  4.88375840e-01  2.99678806e+00
 -2.27776786e+00  6.17853373e-05  9.60096937e-01  1.57107689e+00]","[ 0.00000000e+00 -4.06226608e-01  9.59941675e-01 -2.22020133e-01
  2.14997594e-01  5.30298914e-06 -2.91003827e-05  0.00000000e+00]","[ 0.         -0.68844587 15.11719418  0.57988119 -1.78149199  0.26975098
 -0.48041487 -0.59561634]"
1749055013.0915577,"[ 0.00000000e+00 -1.89433844e-01  4.89324525e-01  2.99656995e+00
 -2.27755374e+00  6.17853373e-05  9.60096937e-01  1.57107689e+00]","[ 0.00000000e+00 -4.03656425e-01  9.61112400e-01 -2.20985695e-01
  2.17158366e-01  5.30293632e-06 -2.91006692e-05  0.00000000e+00]","[ 0.         -0.58098269 15.13989258  0.63217175 -1.69466162  0.27792111
 -0.48497197 -0.60283571]"
1749055013.0927153,"[ 0.00000000e+00 -1.90253032e-01  4.91227387e-01  2.99612041e+00
 -2.27710340e+00  6.17853373e-05  9.60096937e-01  1.57107689e+00]","[ 0.00000000e+00 -3.98663863e-01  9.65868606e-01 -2.19171633e-01
  2.21525351e-01  5.30298914e-06 -1.85186086e-05  0.00000000e+00]","[ 0.         -0.51035607 15.46479225  0.70764673 -1.54214978  0.29415578
 -0.47231379 -0.59543324]"
1749055013.094496,"[ 0.00000000e+00 -1.90645050e-01  4.92255067e-01  2.99590416e+00
 -2.27688236e+00  6.17853373e-05  9.60096937e-01  1.57107689e+00]","[ 0.00000000e+00 -3.97583486e-01  9.67715508e-01 -2.19319155e-01
  2.24180906e-01  5.30298914e-06 -1.85186086e-05  0.00000000e+00]","[ 0.         -0.5373314  15.47528553  0.69542819 -1.54880047  0.28202948
 -0.47231379 -0.6058929 ]"
1749055013.0962887,"[ 0.00000000e+00 -1.91454118e-01  4.94169880e-01  2.99546421e+00
 -2.27641923e+00  6.28506017e-05  9.60096937e-01  1.57107689e+00]","[ 0.00000000e+00 -3.93706489e-01  9.71810718e-01 -2.13905498e-01
  2.26611789e-01  1.59089679e-05 -1.85184257e-05  0.00000000e+00]","[ 0.         -0.45993617 15.40866756  0.71926063 -1.53065658  0.30204406
 -0.45949021 -0.59763521]"
1749055013.0974448,"[ 0.00000000e+00 -1.92224304e-01  4.96167351e-01  2.99505088e+00
 -2.27596596e+00  6.28506017e-05  9.60096937e-01  1.57107689e+00]","[ 0.00000000e+00 -3.89480552e-01  9.75592074e-01 -2.08245149e-01
  2.31473540e-01  1.59089679e-05 -1.85046377e-05  0.00000000e+00]","[ 0.         -0.48470831 15.28013039  0.72514451 -1.56653821  0.31252065
 -0.46814516 -0.60458505]"
1749055013.0991843,"[ 0.00000000e+00 -1.92603006e-01  4.97131648e-01  2.99484875e+00
 -2.27573533e+00  6.28506017e-05  9.60096937e-01  1.57107689e+00]","[ 0.00000000e+00 -3.84078596e-01  9.78022941e-01 -2.05003982e-01
  2.33904407e-01  1.05978530e-05 -1.85186086e-05  0.00000000e+00]","[ 0.         -0.47376409 15.52946568  0.73254138 -1.54049647  0.32933372
 -0.46159884 -0.60104102]"
1749055013.1003723,"[ 0.00000000e+00 -1.92981707e-01  4.98099175e-01  2.99463357e+00
 -2.27548606e+00  6.28506017e-05  9.60096937e-01  1.57107689e+00]","[ 0.00000000e+00 -3.84078596e-01  9.81264141e-01 -2.02620919e-01
  2.34498475e-01  1.06059783e-05 -1.85184257e-05  0.00000000e+00]","[ 0.         -0.50920111 15.23310184  0.72031033 -1.54034412  0.3324168
 -0.44788545 -0.6107015 ]"
1749055013.102162,"[ 0.00000000e+00 -1.93763079e-01  5.00114089e-01  2.99424181e+00
 -2.27501735e+00  6.28506017e-05  9.60096937e-01  1.57107689e+00]","[ 0.00000000e+00 -3.80837429e-01  9.85520072e-01 -1.97441254e-01
  2.38766174e-01  1.06059783e-05 -1.85044548e-05  0.00000000e+00]","[ 0.         -0.50660849 15.20418072  0.73334295 -1.42364573  0.33232272
 -0.45284003 -0.59946877]"
1749055013.1038835,"[ 0.00000000e+00 -1.94135921e-01  5.01088040e-01  2.99404767e+00
 -2.27477846e+00  6.28506017e-05  9.60096937e-01  1.57107689e+00]","[ 0.00000000e+00 -3.78136451e-01  9.86745659e-01 -1.96701561e-01
  2.42277435e-01  1.06059783e-05 -1.85184257e-05  0.00000000e+00]","[ 0.         -0.49777147 15.36269093  0.72785872 -1.35387862  0.34026241
 -0.47757423 -0.60117382]"
1749055013.1050441,"[ 0.00000000e+00 -1.94899183e-01  5.03041902e-01  2.99364340e+00
 -2.27427619e+00  6.28506017e-05  9.60096937e-01  1.57107689e+00]","[ 0.00000000e+00 -3.71113928e-01  9.92068053e-01 -1.98107077e-01
  2.46328902e-01  1.06059783e-05 -1.85184257e-05  0.00000000e+00]","[ 0.         -0.5974592  15.41526699  0.73255014 -1.20070505  0.34897906
 -0.46456337 -0.59384996]"
1749055013.10622,"[ 0.00000000e+00 -1.95261373e-01  5.04098012e-01  2.99344873e+00
 -2.27403171e+00  6.28506017e-05  9.60096937e-01  1.57107689e+00]","[ 0.00000000e+00 -3.67332572e-01  9.94547722e-01 -1.97441254e-01
  2.47698266e-01  1.06059783e-05 -1.85044548e-05  0.00000000e+00]","[ 0.         -0.66505468 15.31641102  0.6997807  -1.19455218  0.35099679
 -0.45743051 -0.57768029]"
1749055013.1079454,"[ 0.00000000e+00 -1.95982025e-01  5.06062892e-01  2.99306576e+00
 -2.27351559e+00  6.28506017e-05  9.60096937e-01  1.57107689e+00]","[ 0.00000000e+00 -3.63722491e-01  9.97470009e-01 -1.92849598e-01
  2.54431819e-01  1.06059783e-05 -1.85184257e-05  0.00000000e+00]","[ 0.         -0.72508985 15.34082127  0.6951375  -1.17809069  0.35374931
 -0.46058518 -0.5732137 ]"
1749055013.1097002,"[ 0.00000000e+00 -1.96367650e-01  5.07048794e-01  2.99286416e+00
 -2.27326126e+00  6.28506017e-05  9.60096937e-01  1.57107689e+00]","[ 0.00000000e+00 -3.63112727e-01  9.98887742e-01 -1.89831720e-01
  2.57943097e-01  1.06058726e-05 -1.85184257e-05  0.00000000e+00]","[ 0.         -0.71924073 15.46498394  0.69524366 -1.15794528  0.35860062
 -0.45979512 -0.57439101]"
1749055013.1114225,"[ 0.00000000e+00 -1.97075519e-01  5.09105021e-01  2.99249585e+00
 -2.27274514e+00  6.28506017e-05  9.60096937e-01  1.57107689e+00]","[ 0.00000000e+00 -3.56528660e-01  1.00482386e+00 -1.86367264e-01
  2.62808393e-01  1.06060839e-05 -1.85184257e-05  0.00000000e+00]","[ 0.         -0.84857523 15.35051441  0.70392615 -1.1671828   0.39469805
 -0.46882942 -0.56854153]"
1749055013.1126046,"[ 0.00000000e+00 -1.97772734e-01  5.11092405e-01  2.99212620e+00
 -2.27219839e+00  6.28506017e-05  9.60096937e-01  1.57107689e+00]","[ 0.00000000e+00 -3.52747304e-01  1.00881408e+00 -1.77994236e-01
  2.68206787e-01  1.06059783e-05 -1.85186086e-05  0.00000000e+00]","[ 0.         -0.9894945  15.37963772  0.69818586 -1.34709513  0.42976493
 -0.48716772 -0.58825862]"
1749055013.1144257,"[ 0.00000000e+00 -1.98145044e-01  5.12166924e-01  2.99195602e+00
 -2.27193367e+00  6.28506017e-05  9.60096937e-01  1.57107689e+00]","[ 0.00000000e+00 -3.50574298e-01  1.01185075e+00 -1.72592280e-01
  2.68476898e-01  1.06059783e-05 -1.85044548e-05  0.00000000e+00]","[ 0.         -1.06646657 15.62371826  0.693901   -1.45138741  0.44550937
 -0.47682014 -0.57971698]"
1749055013.115512,"[ 0.00000000e+00 -1.98832140e-01  5.14167590e-01  2.99162153e+00
 -2.27138506e+00  6.28506017e-05  9.60096005e-01  1.57107689e+00]","[ 0.00000000e+00 -3.47885537e-01  1.01556652e+00 -1.68270735e-01
  2.67569942e-01  1.06059783e-05 -2.91003827e-05  0.00000000e+00]","[ 0.         -1.16424274 15.68574333  0.64889258 -1.63309896  0.43514034
 -0.52691031 -0.57551157]"
1749055013.117314,"[ 0.00000000e+00 -1.99172492e-01  5.15170470e-01  2.99144310e+00
 -2.27112008e+00  6.28506017e-05  9.60096005e-01  1.57107689e+00]","[ 0.00000000e+00 -3.45184559e-01  1.01718712e+00 -1.68014872e-01
  2.68474701e-01  1.59088095e-05 -2.91006692e-05  0.00000000e+00]","[ 0.         -1.15833569 15.48103428  0.67186624 -1.67901397  0.4355084
 -0.55556476 -0.57027984]"
1749055013.118445,"[ 0.00000000e+00 -1.99876099e-01  5.17262083e-01  2.99111526e+00
 -2.27058824e+00  6.28506017e-05  9.60096005e-01  1.57107689e+00]","[ 0.00000000e+00 -3.42483615e-01  1.02177874e+00 -1.66109946e-01
  2.69823808e-01  1.59089679e-05 -2.91003827e-05  0.00000000e+00]","[ 0.         -1.23432446 15.64665031  0.67994988 -1.74778855  0.41970783
 -0.57723498 -0.58212066]"
1749055013.120205,"[ 0.00000000e+00 -2.00211124e-01  5.18272287e-01  2.99095228e+00
 -2.27029956e+00  6.28506017e-05  9.60096005e-01  1.57107689e+00]","[ 0.00000000e+00 -3.39438357e-01  1.02447972e+00 -1.65299662e-01
  2.71833014e-01  1.59089679e-05 -2.91003827e-05  0.00000000e+00]","[ 0.         -1.29835594 15.95293903  0.67209542 -1.76911139  0.41450885
 -0.58580321 -0.59110755]"
1749055013.1213288,"[ 0.00000000e+00 -2.00901416e-01  5.20374453e-01  2.99061699e+00
 -2.26975760e+00  6.28506017e-05  9.60096005e-01  1.57107689e+00]","[ 0.00000000e+00 -3.37081659e-01  1.02764915e+00 -1.62703763e-01
  2.76309721e-01  1.59089679e-05 -2.91003827e-05  0.00000000e+00]","[ 0.         -1.31164813 16.21210289  0.67387837 -1.73533511  0.39863247
 -0.57092935 -0.58257884]"
1749055013.1237216,"[ 0.00000000e+00 -2.01232180e-01  5.21391115e-01  2.99045800e+00
 -2.26948543e+00  6.28506017e-05  9.60096005e-01  1.57107689e+00]","[ 0.00000000e+00 -3.35461059e-01  1.03018734e+00 -1.61248196e-01
  2.76039626e-01  1.59088095e-05 -1.85186086e-05  0.00000000e+00]","[ 0.         -1.32171655 16.21833611  0.70927191 -1.71271741  0.39385745
 -0.5791018  -0.58355165]"
1749055013.1250093,"[ 0.00000000e+00 -2.01891579e-01  5.23426236e-01  2.99012963e+00
 -2.26891791e+00  6.28506017e-05  9.60095073e-01  1.57107689e+00]","[ 0.00000000e+00 -3.33840492e-01  1.03285277e+00 -1.59237975e-01
  2.77390115e-01  1.59089679e-05 -2.91006692e-05  0.00000000e+00]","[ 0.         -1.32213891 16.4176712   0.74602252 -1.66242969  0.37762433
 -0.59874755 -0.58203369]"
1749055013.1266477,"[ 0.00000000e+00 -2.02243649e-01  5.24446560e-01  2.98997303e+00
 -2.26864334e+00  6.28506017e-05  9.60095073e-01  1.57107689e+00]","[ 0.00000000e+00 -3.31204029e-01  1.03474341e+00 -1.58817312e-01
  2.78470493e-01  1.59089679e-05 -2.90784288e-05  0.00000000e+00]","[ 0.         -1.34708357 16.35090637  0.72557765 -1.64336646  0.36434057
 -0.61063057 -0.59203029]"
1749055013.127781,"[ 0.00000000e+00 -2.02893460e-01  5.26570297e-01  2.98966997e+00
 -2.26806969e+00  6.28506017e-05  9.60096005e-01  1.57107689e+00]","[ 0.00000000e+00 -3.27566118e-01  1.03693293e+00 -1.52875167e-01
  2.81612973e-01  1.58969375e-05 -1.85184257e-05  0.00000000e+00]","[ 0.         -1.34662449 16.23405075  0.73329699 -1.56159329  0.37002084
 -0.57340193 -0.58138686]"
1749055013.1295183,"[ 0.00000000e+00 -2.03241269e-01  5.27594316e-01  2.98952216e+00
 -2.26779006e+00  6.28506017e-05  9.60096005e-01  1.57107689e+00]","[ 0.00000000e+00 -3.27503600e-01  1.03852477e+00 -1.49752211e-01
  2.83602355e-01  1.59089679e-05 -1.85184257e-05  0.00000000e+00]","[ 0.         -1.37205851 16.35776138  0.76380616 -1.53965545  0.3796269
 -0.56315035 -0.58742476]"
1749055013.1311982,"[ 0.00000000e+00 -2.03880960e-01  5.29724013e-01  2.98919939e+00
 -2.26722574e+00  6.39158662e-05  9.60096005e-01  1.57107689e+00]","[ 0.00000000e+00 -3.24116958e-01  1.04068912e+00 -1.46029212e-01
  2.86013248e-01  2.65146811e-05 -1.85186086e-05  0.00000000e+00]","[ 0.         -1.42729592 16.21777725  0.71448594 -1.44784558  0.39978144
 -0.53953856 -0.59380049]"
1749055013.1322904,"[ 0.00000000e+00 -2.04199474e-01  5.30750761e-01  2.98907954e+00
 -2.26691947e+00  6.39158662e-05  9.60095073e-01  1.57107689e+00]","[ 0.00000000e+00 -3.23036580e-01  1.04122575e+00 -1.43695750e-01
  2.88383728e-01  2.11959173e-05 -2.91003827e-05  0.00000000e+00]","[ 0.         -1.41223788 15.85395908  0.67797768 -1.32354057  0.39946601
 -0.54402214 -0.56857896]"
1749055013.1346395,"[ 0.00000000e+00 -2.04855145e-01  5.32803359e-01  2.98876636e+00
 -2.26634769e+00  6.39158662e-05  9.60095073e-01  1.57107689e+00]","[ 0.00000000e+00 -3.18977490e-01  1.04041548e+00 -1.41260972e-01
  2.90084689e-01  2.12119566e-05 -2.90784288e-05  0.00000000e+00]","[ 0.         -1.33027732 15.72649956  0.65113962 -1.11892116  0.38665235
 -0.54023576 -0.5727548 ]"
1749055013.1363256,"[ 0.00000000e+00 -2.05479390e-01  5.34935386e-01  2.98849125e+00
 -2.26574981e+00  6.39158662e-05  9.60096005e-01  1.57107689e+00]","[ 0.00000000e+00 -3.16014057e-01  1.04068912e+00 -1.40180594e-01
  2.93148323e-01  2.12119566e-05 -1.85186086e-05  0.00000000e+00]","[ 0.         -1.33340824 15.63431549  0.61698586 -0.99577725  0.41756418
 -0.51590264 -0.58210987]"
1749055013.1374567,"[ 0.00000000e+00 -2.05812285e-01  5.35961203e-01  2.98837620e+00
 -2.26516152e+00  6.39158662e-05  9.60096005e-01  1.57107689e+00]","[ 0.00000000e+00 -3.13460585e-01  1.04041548e+00 -1.37782700e-01
  2.99538112e-01  2.12119566e-05 -1.85044548e-05  0.00000000e+00]","[ 0.         -1.35556126 15.68528843  0.63462442 -0.81352985  0.38656616
 -0.47843343 -0.59844035]"
1749055013.1397774,"[ 0.00000000e+00 -2.06428540e-01  5.38009640e-01  2.98806941e+00
 -2.26486351e+00  6.39158662e-05  9.60096005e-01  1.57107689e+00]","[ 0.00000000e+00 -3.11692479e-01  1.03852477e+00 -1.39100199e-01
  3.02239089e-01  2.12119566e-05 -1.85184257e-05  0.00000000e+00]","[ 0.         -1.28831267 15.58062267  0.59258711 -0.75005597  0.38256234
 -0.4786447  -0.59616423]"
1749055013.1415012,"[ 0.00000000e+00 -2.07044796e-01  5.40133877e-01  2.98779244e+00
 -2.26423554e+00  6.39158662e-05  9.60096005e-01  1.57107689e+00]","[ 0.00000000e+00 -3.10837038e-01  1.03558377e+00 -1.34411896e-01
  3.08194450e-01  2.12119566e-05 -1.85184257e-05  0.00000000e+00]","[ 0.         -1.28741813 15.5941391   0.6392858  -0.67695796  0.37923411
 -0.49212858 -0.58327448]"
1749055013.143808,"[ 0.00000000e+00 -2.07676498e-01  5.42177254e-01  2.98753624e+00
 -2.26362301e+00  6.39158662e-05  9.60096005e-01  1.57107689e+00]","[ 0.00000000e+00 -3.07911123e-01  1.03582379e+00 -1.28436137e-01
  3.10882179e-01  2.12119566e-05 -1.85186086e-05  0.00000000e+00]","[ 0.         -1.23536754 15.51050282  0.67079163 -0.73385096  0.36154869
 -0.5146547  -0.57493502]"
1749055013.146083,"[ 0.00000000e+00 -2.08275709e-01  5.44297796e-01  2.98728910e+00
 -2.26298012e+00  6.39158662e-05  9.60095073e-01  1.57107689e+00]","[ 0.00000000e+00 -3.02509167e-01  1.03467064e+00 -1.24514940e-01
  3.14212895e-01  2.12119566e-05 -2.91003827e-05  0.00000000e+00]","[ 0.         -1.21124244 15.47136974  0.66861719 -0.90839142  0.35732698
 -0.54174906 -0.5838595 ]"
1749055013.1482918,"[ 0.00000000e+00 -2.09188108e-01  5.47355537e-01  2.98704409e+00
 -2.26204136e+00  6.39158662e-05  9.60095073e-01  1.57107689e+00]","[ 0.00000000e+00 -2.99808189e-01  1.03204243e+00 -1.18302692e-01
  3.18985113e-01  2.11961286e-05 -2.91003827e-05  0.00000000e+00]","[ 0.         -1.17371559 15.72705078  0.70844561 -1.03129733  0.38696575
 -0.56259668 -0.58259434]"
1749055013.1493964,"[ 0.00000000e+00 -2.09482121e-01  5.48373564e-01  2.98693144e+00
 -2.26170394e+00  6.39158662e-05  9.60095073e-01  1.57107689e+00]","[ 0.00000000e+00 -2.98187623e-01  1.03258266e+00 -1.14135469e-01
  3.17424734e-01  2.11639139e-05 -2.91006692e-05  0.00000000e+00]","[ 0.         -1.17610157 15.54543495  0.7210741  -1.09783185  0.40986162
 -0.57514626 -0.57706666]"
1749055013.1511133,"[ 0.00000000e+00 -2.10091452e-01  5.50484918e-01  2.98670933e+00
 -2.26107623e+00  6.39158662e-05  9.60095073e-01  1.57107689e+00]","[ 0.00000000e+00 -2.96567022e-01  1.03069194e+00 -1.06958600e-01
  3.18444924e-01  2.11639139e-05 -2.91003827e-05  0.00000000e+00]","[ 0.         -1.1013993  15.76045609  0.7491768  -1.19032156  0.38887262
 -0.56680751 -0.57133967]"
1749055013.1540647,"[ 0.00000000e+00 -2.10669891e-01  5.52517742e-01  2.98650799e+00
 -2.26042136e+00  6.39158662e-05  9.60095073e-01  1.57107689e+00]","[ 0.00000000e+00 -2.92489024e-01  1.03173837e+00 -1.00746360e-01
  3.19980569e-01  2.11799045e-05 -2.91003827e-05  0.00000000e+00]","[ 0.         -1.05938876 16.07740021  0.78574872 -1.2179811   0.35289428
 -0.56273621 -0.56697184]"
1749055013.1557894,"[ 0.00000000e+00 -2.11269635e-01  5.54627732e-01  2.98630746e+00
 -2.25978726e+00  6.39158662e-05  9.60095073e-01  1.57107689e+00]","[ 0.00000000e+00 -2.93900632e-01  1.02961157e+00 -9.83154852e-02
  3.21899810e-01  2.11801137e-05 -2.91006692e-05  0.00000000e+00]","[ 0.         -1.02622509 16.33858871  0.8243131  -1.18148184  0.31651905
 -0.58347464 -0.58616602]"
1749055013.1574636,"[ 0.00000000e+00 -2.11844877e-01  5.56659191e-01  2.98611864e+00
 -2.25912280e+00  6.39158662e-05  9.60095073e-01  1.57107689e+00]","[ 0.00000000e+00 -2.91705289e-01  1.03015179e+00 -9.56145072e-02
  3.24745164e-01  2.11799045e-05 -2.91003827e-05  0.00000000e+00]","[ 0.         -0.97573608 16.53750229  0.85201865 -1.1775167   0.31426677
 -0.57822901 -0.58350897]"
1749055013.1598325,"[ 0.00000000e+00 -2.12441958e-01  5.58766883e-01  2.98591757e+00
 -2.25847965e+00  6.39158662e-05  9.60095073e-01  1.57107689e+00]","[ 0.00000000e+00 -2.90891427e-01  1.02856841e+00 -9.91257769e-02
  3.26277747e-01  2.11799045e-05 -2.91003827e-05  0.00000000e+00]","[ 0.         -0.9538942  16.47492981  0.84265471 -1.20758152  0.34059316
 -0.55714393 -0.58896363]"
1749055013.1619656,"[ 0.00000000e+00 -2.13008679e-01  5.60795080e-01  2.98571970e+00
 -2.25776272e+00  6.39158662e-05  9.60094074e-01  1.57107689e+00]","[ 0.00000000e+00 -2.86843522e-01  1.02907141e+00 -1.00476258e-01
  3.26423688e-01  2.11639139e-05 -3.70368514e-05  0.00000000e+00]","[ 0.         -0.95215499 16.41095161  0.87388611 -1.01973784  0.35208413
 -0.53164512 -0.59761721]"
1749055013.164265,"[ 0.00000000e+00 -2.13588183e-01  5.62901441e-01  2.98551171e+00
 -2.25716591e+00  6.39158662e-05  9.60094074e-01  1.57107689e+00]","[ 0.00000000e+00 -2.81863743e-01  1.02865223e+00 -1.01453754e-01
  3.28584277e-01  2.11799045e-05 -3.70372172e-05  0.00000000e+00]","[ 0.         -0.95225859 16.34486008  0.90049678 -0.81805331  0.36115193
 -0.57056218 -0.58361644]"
1749055013.1671214,"[ 0.00000000e+00 -2.14419089e-01  5.66021600e-01  2.98522329e+00
 -2.25610464e+00  6.39158662e-05  9.60095073e-01  1.57107689e+00]","[ 0.00000000e+00 -2.80901377e-01  1.02815069e+00 -9.69649962e-02
  3.35731170e-01  2.11639139e-05 -2.90784288e-05  0.00000000e+00]","[ 0.         -0.93476999 16.14252281  0.97941399 -0.44621319  0.32728878
 -0.50424242 -0.6093083 ]"
1749055013.1694422,"[ 0.00000000e+00 -2.14993799e-01  5.68046601e-01  2.98503047e+00
 -2.25541408e+00  6.39158662e-05  9.60095073e-01  1.57107689e+00]","[ 0.00000000e+00 -2.80361188e-01  1.02637043e+00 -9.31836320e-02
  3.37032823e-01  2.11799045e-05 -2.91006692e-05  0.00000000e+00]","[ 0.         -0.94889861 16.07806396  0.96581501 -0.33343074  0.30993202
 -0.49892524 -0.6132189 ]"
1749055013.17129,"[ 0.00000000e+00 -2.15840152e-01  5.71157640e-01  2.98475137e+00
 -2.25440102e+00  6.39158662e-05  9.60095073e-01  1.57107689e+00]","[ 0.00000000e+00 -2.78091143e-01  1.02479085e+00 -9.10289516e-02
  3.45454671e-01  2.11799045e-05 -2.90784288e-05  0.00000000e+00]","[ 0.         -0.91836989 16.0029068   1.0143652  -0.3519657   0.25331464
 -0.51378149 -0.60937518]"
1749055013.1733692,"[ 0.00000000e+00 -2.16387698e-01  5.73176715e-01  2.98457987e+00
 -2.25369022e+00  6.39158662e-05  9.60095073e-01  1.57107689e+00]","[ 0.00000000e+00 -2.77660210e-01  1.02312923e+00 -8.48106036e-02
  3.46805160e-01  2.11639139e-05 -2.91006692e-05  0.00000000e+00]","[ 0.         -0.90831405 16.00562668  1.02710426 -0.55878019  0.2273002
 -0.52787942 -0.62289178]"
1749055013.1785908,"[ 0.00000000e+00 -2.16956016e-01  5.75271957e-01  2.98441502e+00
 -2.25300472e+00  6.39158662e-05  9.60094074e-01  1.57107689e+00]","[ 0.00000000e+00 -2.77120004e-01  1.02177874e+00 -7.87412928e-02
  3.46993412e-01  2.11801137e-05 -3.70372172e-05  0.00000000e+00]","[ 0.         -0.91562647 15.99093437  1.05579007 -0.71842504  0.26776764
 -0.54830194 -0.59375608]"
1749055013.1786683,"[ 0.00000000e+00 -2.17501431e-01  5.77287371e-01  2.98427547e+00
 -2.25266250e+00  6.39158662e-05  9.60093142e-01  1.57107689e+00]","[ 0.00000000e+00 -2.76039626e-01  1.02123859e+00 -6.86047607e-02
  3.47075271e-01  2.11639139e-05 -4.76908124e-05  0.00000000e+00]","[ 0.         -0.95720023 16.09680939  1.0751729  -0.77711326  0.27456841
 -0.60997736 -0.58716881]"
1749055013.180666,"[ 0.00000000e+00 -2.18332870e-01  5.80382763e-01  2.98409038e+00
 -2.25160550e+00  6.39158662e-05  9.60093142e-01  1.57107689e+00]","[ 0.00000000e+00 -2.72258254e-01  1.01880765e+00 -5.77422967e-02
  3.49236026e-01  2.11641232e-05 -4.76908124e-05  0.00000000e+00]","[ 0.         -1.04283965 16.70436859  1.0763222  -0.83174276  0.24885324
 -0.57157058 -0.58308685]"
1749055013.1824288,"[ 0.00000000e+00 -2.18870296e-01  5.82471613e-01  2.98398492e+00
 -2.25088990e+00  6.39158662e-05  9.60093142e-01  1.57107689e+00]","[ 0.00000000e+00 -2.72798443e-01  1.01962458e+00 -5.26690081e-02
  3.49152004e-01  2.11641232e-05 -3.70928568e-05  0.00000000e+00]","[ 0.         -1.06229305 17.06276321  1.12578499 -0.75183761  0.19690983
 -0.56234252 -0.58192676]"
1749055013.1847527,"[ 0.00000000e+00 -2.19427962e-01  5.84483299e-01  2.98388372e+00
 -2.25020174e+00  6.39158662e-05  9.60093142e-01  1.57107689e+00]","[ 0.00000000e+00 -2.71718065e-01  1.01939435e+00 -4.86175453e-02
  3.48425760e-01  2.11639139e-05 -3.70928568e-05  0.00000000e+00]","[ 0.         -1.04424036 17.37298012  1.15232778 -0.60741234  0.18725942
 -0.61664212 -0.59445363]"
1749055013.1864643,"[ 0.00000000e+00 -2.19967519e-01  5.86491389e-01  2.98378837e+00
 -2.24948402e+00  6.39158662e-05  9.60093142e-01  1.57107689e+00]","[ 0.00000000e+00 -2.73878837e-01  1.01799739e+00 -4.83474467e-02
  3.51666927e-01  2.11641232e-05 -3.71209245e-05  0.00000000e+00]","[ 0.         -1.01668012 17.55878067  1.17633855 -0.57679713  0.19597818
 -0.62650996 -0.61657786]"
1749055013.1887715,"[ 0.00000000e+00 -2.20525185e-01  5.88582037e-01  2.98368771e+00
 -2.24878974e+00  6.39158662e-05  9.60093142e-01  1.57107689e+00]","[ 0.00000000e+00 -2.72258254e-01  1.02177874e+00 -4.88538468e-02
  3.52120063e-01  2.11799045e-05 -3.70928568e-05  0.00000000e+00]","[ 0.         -0.96904004 17.49327278  1.16148353 -0.60517007  0.20603061
 -0.58933687 -0.61428005]"
1749055013.1905632,"[ 0.00000000e+00 -2.21059947e-01  5.90686533e-01  2.98359370e+00
 -2.24806589e+00  6.39158662e-05  9.60093142e-01  1.57107689e+00]","[ 0.00000000e+00 -2.70903104e-01  1.02865223e+00 -4.75371550e-02
  3.53665795e-01  2.11639139e-05 -3.70928568e-05  0.00000000e+00]","[ 0.         -0.96632707 17.26018143  1.14231384 -0.63814425  0.23223743
 -0.58332205 -0.59591711]"
1749055013.1928499,"[ 0.00000000e+00 -2.21614417e-01  5.92726714e-01  2.98349729e+00
 -2.24736841e+00  6.39158662e-05  9.60093142e-01  1.57107689e+00]","[ 0.00000000e+00 -2.70328394e-01  1.03717428e+00 -4.78967774e-02
  3.54908093e-01  2.11801137e-05 -3.70928568e-05  0.00000000e+00]","[ 0.         -0.9362824  17.04333496  1.13763642 -0.5983125   0.23445079
 -0.59031159 -0.59566271]"
1749055013.1956472,"[ 0.00000000e+00 -2.22420823e-01  5.96045279e-01  2.98335082e+00
 -2.24627944e+00  6.39158662e-05  9.60093142e-01  1.57107689e+00]","[ 0.00000000e+00 -2.73601353e-01  1.04464358e+00 -4.83983131e-02
  3.61294087e-01  2.11641232e-05 -3.70928568e-05  0.00000000e+00]","[ 0.         -0.88978726 16.87597466  1.08648407 -0.38570771  0.23193291
 -0.55848008 -0.6079914 ]"
1749055013.197358,"[ 0.00000000e+00 -2.22979554e-01  5.98113024e-01  2.98325148e+00
 -2.24553216e+00  6.39158662e-05  9.60093142e-01  1.57107689e+00]","[ 0.00000000e+00 -2.72078357e-01  1.05013901e+00 -4.94278371e-02
  3.65871196e-01  1.05819570e-05 -3.70928568e-05  0.00000000e+00]","[ 0.         -0.82458812 16.51217651  1.10916805 -0.20695251  0.2510682
 -0.50997794 -0.58881414]"
1749055013.1996214,"[ 0.00000000e+00 -2.23517512e-01  6.00267055e-01  2.98315934e+00
 -2.24480432e+00  6.39158662e-05  9.60093142e-01  1.57107689e+00]","[ 0.00000000e+00 -2.72258254e-01  1.05256988e+00 -4.69969619e-02
  3.69763439e-01  1.05820616e-05 -3.71209245e-05  0.00000000e+00]","[ 0.         -0.82944804 16.30866814  1.12407327 -0.10295493  0.23863535
 -0.5116989  -0.58789861]"
1749055013.2067504,"[ 0.00000000e+00 -2.24073580e-01  6.02348116e-01  2.98306293e+00
 -2.24403892e+00  6.39158662e-05  9.60093142e-01  1.57107689e+00]","[ 0.00000000e+00 -2.71833014e-01  1.05608112e+00 -4.72670564e-02
  3.75400386e-01  1.05820616e-05 -3.70932266e-05  0.00000000e+00]","[ 0.         -0.84536994 16.17759705  1.12723362  0.02428572  0.25289309
 -0.48970374 -0.59938103]"
1749055013.2088745,"[ 0.00000000e+00 -2.26000111e-01  6.09827404e-01  2.98276945e+00
 -2.24134860e+00  6.39158662e-05  9.60094074e-01  1.57107689e+00]","[ 0.00000000e+00 -2.70074096e-01  1.06148308e+00 -3.48425735e-02
  3.92991830e-01  1.05899522e-05 -2.91443860e-05  0.00000000e+00]","[ 0.         -0.91518033 15.93166542  1.16900086  0.07168709  0.252821
 -0.48244864 -0.60670096]"
1749055013.2111158,"[ 0.00000000e+00 -2.26528482e-01  6.10874826e-01  2.98270420e+00
 -2.24053633e+00  6.39158662e-05  9.60094074e-01  1.57107689e+00]","[ 0.00000000e+00 -2.67936692e-01  1.06229335e+00 -3.21415997e-02
  3.97718774e-01  1.05820616e-05 -2.91664395e-05  0.00000000e+00]","[ 0.         -0.93296552 15.625844    1.17577267 -0.14824758  0.27829176
 -0.49509692 -0.61991072]"
1749055013.2140002,"[ 0.00000000e+00 -2.27337551e-01  6.14174549e-01  2.98261232e+00
 -2.23932752e+00  6.39158662e-05  9.60093142e-01  1.57107689e+00]","[ 0.00000000e+00 -2.65814569e-01  1.05975269e+00 -2.83315004e-02
  3.99223394e-01  1.05820616e-05 -3.70924870e-05  0.00000000e+00]","[ 0.         -0.88506043 15.87733173  1.24321461 -0.42256466  0.25342163
 -0.53274685 -0.61345744]"
1749055013.215714,"[ 0.00000000e+00 -2.27863791e-01  6.16268459e-01  2.98256279e+00
 -2.23853657e+00  6.39158662e-05  9.60093142e-01  1.57107689e+00]","[ 0.00000000e+00 -2.66046281e-01  1.06148308e+00 -2.43087727e-02
  4.02583437e-01  1.05819570e-05 -3.70928568e-05  0.00000000e+00]","[ 0.         -0.82659239 15.90159702  1.25174403 -0.49478355  0.27112809
 -0.53936988 -0.61886376]"
1749055013.21826,"[ 0.00000000e+00 -2.28661142e-01  6.19485092e-01  2.98250819e+00
 -2.23731444e+00  6.39158662e-05  9.60093142e-01  1.57107689e+00]","[ 0.00000000e+00 -2.61454359e-01  1.05986248e+00 -1.53955564e-02
  4.02445253e-01  1.05820616e-05 -2.91664395e-05  0.00000000e+00]","[ 0.         -0.87741286 16.0922718   1.26065028 -0.621301    0.26972523
 -0.52075303 -0.59096378]"
1749055013.2204921,"[ 0.00000000e+00 -2.29174067e-01  6.21572544e-01  2.98248662e+00
 -2.23652188e+00  6.39158662e-05  9.60093142e-01  1.57107689e+00]","[ 0.00000000e+00 -2.60110161e-01  1.05905221e+00 -1.02637042e-02
  4.01905030e-01  1.05819570e-05 -2.91443860e-05  0.00000000e+00]","[ 0.         -0.90288872 15.97281742  1.24253297 -0.67393017  0.2633498
 -0.52998334 -0.60483158]"
1749055013.2230651,"[ 0.00000000e+00 -2.29704036e-01  6.23737161e-01  2.98247277e+00
 -2.23569311e+00  6.39158662e-05  9.60093142e-01  1.57107689e+00]","[ 0.00000000e+00 -2.58291505e-01  1.05723980e+00 -5.94214437e-03
  4.04876119e-01  1.05819570e-05 -2.91443860e-05  0.00000000e+00]","[ 0.         -1.01621675 15.87953281  1.16869915 -0.59932798  0.27916101
 -0.52975464 -0.62526518]"
1749055013.2250662,"[ 0.00000000e+00 -2.30214830e-01  6.25818222e-01  2.98246691e+00
 -2.23489736e+00  6.39158662e-05  9.60093142e-01  1.57107689e+00]","[ 0.00000000e+00 -2.58753381e-01  1.05500075e+00 -2.16077981e-03
  4.03255519e-01  1.05820616e-05 -2.91443860e-05  0.00000000e+00]","[ 0.         -1.11948299 15.77190685  1.04598141 -0.48939306  0.33772764
 -0.48604262 -0.59617722]"
1749055013.2273967,"[ 0.00000000e+00 -2.30740538e-01  6.27977313e-01  2.98246505e+00
 -2.23407311e+00  6.39158662e-05  9.60093142e-01  1.57107689e+00]","[ 0.00000000e+00 -2.55783823e-01  1.05285251e+00 -2.70097476e-04
  4.03106882e-01  1.05820616e-05 -1.85604623e-05  0.00000000e+00]","[ 0.         -1.21887565 15.74311161  0.99020463 -0.32671332  0.3757329
 -0.44647568 -0.5859738 ]"
1749055013.2296605,"[ 0.00000000e+00 -2.31492615e-01  6.31167314e-01  2.98246585e+00
 -2.23287176e+00  6.39158662e-05  9.60093142e-01  1.57107689e+00]","[ 0.00000000e+00 -2.52811236e-01  1.04971677e+00  2.63331691e-04
  4.07036909e-01  1.05819570e-05 -2.91443860e-05  0.00000000e+00]","[ 0.         -1.3259114  15.3975153   0.89872015 -0.14718354  0.42588314
 -0.48176992 -0.59269243]"
1749055013.2332206,"[ 0.00000000e+00 -2.32262268e-01  6.34265436e-01  2.98246452e+00
 -2.23163072e+00  6.39158662e-05  9.60093142e-01  1.57107689e+00]","[ 0.00000000e+00 -2.53891630e-01  1.04689781e+00 -3.31156572e-04
  4.09737886e-01  0.00000000e+00 -1.85464284e-05  0.00000000e+00]","[ 0.         -1.42012095 15.32703114  0.85222495 -0.13718256  0.42228383
 -0.48505953 -0.58366501]"
1749055013.2354937,"[ 0.00000000e+00 -2.33035650e-01  6.37432933e-01  2.98246398e+00
 -2.23038410e+00  6.39158662e-05  9.60093142e-01  1.57107689e+00]","[ 0.00000000e+00 -2.55282300e-01  1.04311646e+00 -3.11065050e-04
  4.11628564e-01  0.00000000e+00 -1.85464284e-05  0.00000000e+00]","[ 0.         -1.50407803 15.60715294  0.90055615 -0.21645279  0.41986629
 -0.51253158 -0.59130305]"
1749055013.2373004,"[ 0.00000000e+00 -2.33538988e-01  6.39486896e-01  2.98246398e+00
 -2.22957316e+00  6.39158662e-05  9.60093142e-01  1.57107689e+00]","[ 0.00000000e+00 -2.55512214e-01  1.04017080e+00 -2.64202485e-04
  4.11628564e-01  0.00000000e+00 -2.91443860e-05  0.00000000e+00]","[ 0.         -1.5551548  15.59800053  0.91478783 -0.33960345  0.40968409
 -0.54400831 -0.58936077]"
1749055013.2395859,"[ 0.00000000e+00 -2.34056173e-01  6.41615228e-01  2.98246345e+00
 -2.22873081e+00  6.39158662e-05  9.60093142e-01  1.57107689e+00]","[ 0.00000000e+00 -2.52035757e-01  1.03852477e+00 -1.50994244e-04
  4.11481325e-01  0.00000000e+00 -2.91443860e-05  0.00000000e+00]","[ 0.         -1.59885383 15.69583225  0.9059028  -0.47631052  0.42889342
 -0.53696966 -0.59504992]"
1749055013.2421398,"[ 0.00000000e+00 -2.34553119e-01  6.43661401e-01  2.98246345e+00
 -2.22791721e+00  6.39158662e-05  9.60093142e-01  1.57107689e+00]","[ 0.00000000e+00 -2.51730841e-01  1.03609390e+00 -1.32479098e-04
  4.12979053e-01  0.00000000e+00 -2.91443860e-05  0.00000000e+00]","[ 0.         -1.60361445 15.87173843  0.93799865 -0.54503483  0.44890353
 -0.54972696 -0.60174245]"
1749055013.2443135,"[ 0.00000000e+00 -2.35066577e-01  6.45784673e-01  2.98246398e+00
 -2.22706873e+00  6.39158662e-05  9.60092210e-01  1.57107689e+00]","[ 0.00000000e+00 -2.49765378e-01  1.03450453e+00  0.00000000e+00
  4.14059431e-01  0.00000000e+00 -3.71209245e-05  0.00000000e+00]","[ 0.         -1.55795026 16.20601463  1.01407111 -0.48332536  0.43999887
 -0.57962167 -0.60295242]"
1749055013.2465014,"[ 0.00000000e+00 -2.35806403e-01  6.48926937e-01  2.98246398e+00
 -2.22581598e+00  6.39158662e-05  9.60092210e-01  1.57107689e+00]","[ 0.00000000e+00 -2.49570069e-01  1.03517218e+00  0.00000000e+00
  4.13378727e-01  0.00000000e+00 -2.91223691e-05  0.00000000e+00]","[ 0.         -1.41833365 16.75893402  1.1305176  -0.47110271  0.44770721
 -0.60791928 -0.57873535]"
1749055013.2487388,"[ 0.00000000e+00 -2.36312936e-01  6.50968050e-01  2.98246452e+00
 -2.22499626e+00  6.39158662e-05  9.60092210e-01  1.57107689e+00]","[ 0.00000000e+00 -2.47409280e-01  1.03528363e+00  3.79529876e-05
  4.16490298e-01  0.00000000e+00 -2.91003827e-05  0.00000000e+00]","[ 0.         -1.28260565 17.03475189  1.19880652 -0.39310083  0.44116759
 -0.56797111 -0.58680075]"
1749055013.2511728,"[ 0.00000000e+00 -2.36797631e-01  6.53088592e-01  2.98246505e+00
 -2.22414511e+00  6.39158662e-05  9.60092210e-01  1.57107689e+00]","[ 0.00000000e+00 -2.45248507e-01  1.03474341e+00  7.54917744e-05
  4.15523338e-01  0.00000000e+00 -2.91223691e-05  0.00000000e+00]","[ 0.         -1.19025707 17.09291267  1.27661896 -0.33570981  0.45461309
 -0.55999738 -0.58413213]"
1749055013.2565267,"[ 0.00000000e+00 -2.37537458e-01  6.56149563e-01  2.98246505e+00
 -2.22291207e+00  6.39158662e-05  9.60092210e-01  1.57107689e+00]","[ 0.00000000e+00 -2.43087735e-01  1.03474341e+00  6.65540682e-05
  4.18110898e-01  0.00000000e+00 -2.91006692e-05  0.00000000e+00]","[ 0.         -1.10256183 16.79031563  1.38276458 -0.25139773  0.4512606
 -0.56501365 -0.58182108]"
1749055013.258849,"[ 0.00000000e+00 -2.38784882e-01  6.61396256e-01  2.98246585e+00
 -2.22081163e+00  6.49811306e-05  9.60092210e-01  1.57107689e+00]","[ 0.00000000e+00 -2.38766174e-01  1.03090913e+00  1.25878103e-04
  4.20968736e-01  1.05980643e-05 -2.91223691e-05  0.00000000e+00]","[ 0.00000000e+00 -8.21052253e-01  1.68987732e+01  1.57858789e+00
  1.34737948e-02  4.95982587e-01 -5.68878353e-01 -5.96266568e-01]"
1749055013.260579,"[ 0.00000000e+00 -2.39266382e-01  6.63426318e-01  2.98246585e+00
 -2.21994610e+00  6.49811306e-05  9.60092210e-01  1.57107689e+00]","[ 0.00000000e+00 -2.32588123e-01  1.02880130e+00  1.19228230e-04
  4.23512854e-01  1.05979587e-05 -2.91003827e-05  0.00000000e+00]","[ 0.         -0.73369914 16.88601875  1.58522296  0.27367023  0.47772858
 -0.56791937 -0.59970003]"
1749055013.2628574,"[ 0.00000000e+00 -2.39719119e-01  6.65529882e-01  2.98246585e+00
 -2.21907552e+00  6.49811306e-05  9.60092210e-01  1.57107689e+00]","[ 0.00000000e+00 -2.29042656e-01  1.02764915e+00  1.13648408e-04
  4.25554067e-01  1.05979587e-05 -1.85184257e-05  0.00000000e+00]","[ 0.         -0.6823473  16.91535568  1.66672873  0.5087626   0.49802744
 -0.50390482 -0.61080474]"
1749055013.2651525,"[ 0.00000000e+00 -2.40408878e-01  6.68642718e-01  2.98246691e+00
 -2.21780918e+00  6.49811306e-05  9.60092210e-01  1.57107689e+00]","[ 0.00000000e+00 -2.25801489e-01  1.02564299e+00  1.32705647e-04
  4.29289683e-01  1.06059783e-05 -1.85186086e-05  0.00000000e+00]","[ 0.         -0.60090446 17.17393875  1.790115    0.53018707  0.50041866
 -0.55854517 -0.59142017]"
1749055013.266808,"[ 0.00000000e+00 -2.40852028e-01  6.70660861e-01  2.98246771e+00
 -2.21692794e+00  6.49811306e-05  9.60092210e-01  1.57107689e+00]","[ 0.00000000e+00 -2.24180906e-01  1.02312923e+00  1.54558937e-04
  4.30067892e-01  1.05979587e-05 -2.91003827e-05  0.00000000e+00]","[ 0.         -0.55118936 17.11011314  1.85029733  0.43241209  0.51088125
 -0.59452766 -0.58848351]"
1749055013.269086,"[ 0.00000000e+00 -2.41305831e-01  6.72671614e-01  2.98246825e+00
 -2.21608106e+00  6.49811306e-05  9.60092210e-01  1.57107689e+00]","[ 0.00000000e+00 -2.19859344e-01  1.01880765e+00  1.69695653e-04
  4.29995188e-01  1.05980643e-05 -2.91003827e-05  0.00000000e+00]","[ 0.         -0.4664714  17.0206604   1.91692746  0.43611196  0.52524084
 -0.55818874 -0.60293067]"
1749055013.2719817,"[ 0.00000000e+00 -2.41734067e-01  6.74753607e-01  2.98246851e+00
 -2.21519902e+00  6.49811306e-05  9.60092210e-01  1.57107689e+00]","[ 0.00000000e+00 -2.15319404e-01  1.01529641e+00  1.66704977e-04
  4.31070972e-01  1.05979587e-05 -2.91006692e-05  0.00000000e+00]","[ 0.         -0.35587639 17.08876038  1.98758316  0.38403383  0.54427266
 -0.53276932 -0.60879755]"
1749055013.2748837,"[ 0.00000000e+00 -2.42169760e-01  6.76828676e-01  2.98246958e+00
 -2.21434734e+00  6.49811306e-05  9.60092210e-01  1.57107689e+00]","[ 0.00000000e+00 -2.11648586e-01  1.01210148e+00  1.98715120e-04
  4.31615755e-01  1.05979587e-05 -2.91003827e-05  0.00000000e+00]","[ 0.         -0.25794938 17.13238335  2.09538889  0.3906199   0.55495453
 -0.57944316 -0.59867054]"
1749055013.2765234,"[ 0.00000000e+00 -2.42587344e-01  6.79817075e-01  2.98247038e+00
 -2.21303627e+00  6.49811306e-05  9.60091278e-01  1.57107689e+00]","[ 0.00000000e+00 -2.11756427e-01  1.00854397e+00  2.04996516e-04
  4.31345677e-01  1.06058726e-05 -2.64548924e-05  0.00000000e+00]","[ 0.         -0.11633577 17.3396225   2.20916414  0.406001    0.53183782
 -0.6005379  -0.58708251]"
1749055013.2788107,"[ 0.00000000e+00 -2.43013449e-01  6.81882557e-01  2.98247144e+00
 -2.21218299e+00  6.49811306e-05  9.60091278e-01  1.57107689e+00]","[ 0.00000000e+00 -2.07434866e-01  1.00783843e+00  2.32380278e-04
  4.32696166e-01  1.05979587e-05 -1.85046377e-05  0.00000000e+00]","[ 0.00000000e+00  1.43120075e-02  1.76205120e+01  2.29187918e+00
  3.56533915e-01  5.21524191e-01 -5.58750093e-01 -6.10265553e-01]"
1749055013.2823162,"[ 0.00000000e+00 -2.43636629e-01  6.84860836e-01  2.98247224e+00
 -2.21086579e+00  6.49811306e-05  9.60091278e-01  1.57107689e+00]","[ 0.00000000e+00 -2.02620919e-01  1.00686418e+00  2.26233730e-04
  4.34046655e-01  1.05979587e-05 -1.85184257e-05  0.00000000e+00]","[ 0.          0.22589768 17.30131149  2.35546231  0.42897722  0.54739916
 -0.54894692 -0.60748267]"
1749055013.286847,"[ 0.00000000e+00 -2.44228384e-01  6.87915815e-01  2.98247331e+00
 -2.20953714e+00  6.49811306e-05  9.60092210e-01  1.57107689e+00]","[ 0.00000000e+00 -1.92088633e-01  1.00638321e+00  2.42868279e-04
  4.39178500e-01  1.06059783e-05 -1.05820616e-05  0.00000000e+00]","[ 0.          0.29388899 17.41243172  2.39164829  0.69871032  0.58921587
 -0.51919472 -0.60655212]"
1749055013.2935147,"[ 0.00000000e+00 -2.44775929e-01  6.90968996e-01  2.98247464e+00
 -2.20823219e+00  6.55137628e-05  9.60092210e-01  1.57107689e+00]","[ 0.00000000e+00 -1.82585892e-01  1.00692336e+00  2.58526314e-04
  4.41879478e-01  1.58969375e-05 -1.05739739e-05  0.00000000e+00]","[ 0.          0.27283162 17.01318932  2.40083981  0.84490114  0.58762085
 -0.49956876 -0.59085226]"
1749055013.2938128,"[ 0.00000000e+00 -2.45663827e-01  6.95989321e-01  2.98247544e+00
 -2.20596105e+00  6.55137628e-05  9.60092210e-01  1.57107689e+00]","[ 0.00000000e+00 -1.71525634e-01  1.00044103e+00  2.52144301e-04
  4.48875535e-01  1.58969375e-05 -1.05819570e-05  0.00000000e+00]","[ 0.          0.33131069 16.69655228  2.37871313  0.87640387  0.60875416
 -0.47819984 -0.60397905]"
1749055013.296093,"[ 0.00000000e+00 -2.46163436e-01  6.99019466e-01  2.98247597e+00
 -2.20462254e+00  6.55137628e-05  9.60091278e-01  1.57107689e+00]","[ 0.00000000e+00 -1.66380040e-01  9.97199898e-01  2.58871969e-04
  4.54033845e-01  1.58967790e-05 -1.85046377e-05  0.00000000e+00]","[ 0.          0.21168076 16.85308075  2.35728264  0.69955695  0.591111
 -0.49732605 -0.59528565]"
1749055013.298371,"[ 0.00000000e+00 -2.46498462e-01  7.01059647e-01  2.98247597e+00
 -2.20369177e+00  6.55137628e-05  9.60091278e-01  1.57107689e+00]","[ 0.00000000e+00 -1.61996427e-01  9.95299998e-01  2.58878113e-04
  4.54033845e-01  1.58969375e-05 -1.85184257e-05  0.00000000e+00]","[ 0.          0.15332189 16.81955528  2.3389461   0.54448617  0.5859502
 -0.57641351 -0.61451405]"
1749055013.300653,"[ 0.00000000e+00 -2.46976766e-01  7.03997579e-01  2.98247730e+00
 -2.20231598e+00  6.55137628e-05  9.60091278e-01  1.57107689e+00]","[ 0.00000000e+00 -1.60437895e-01  9.91062843e-01  2.70951739e-04
  4.54033845e-01  1.59089679e-05 -1.85044548e-05  0.00000000e+00]","[ 0.          0.06842437 16.66518974  2.33691645  0.31054947  0.60566825
 -0.54830688 -0.60222006]"
1749055013.3029394,"[ 0.00000000e+00 -2.47295813e-01  7.06023979e-01  2.98247783e+00
 -2.20142009e+00  6.55137628e-05  9.60091278e-01  1.57107689e+00]","[ 0.00000000e+00 -1.53955562e-01  9.88027704e-01  2.70933517e-04
  4.54033845e-01  1.58969375e-05 -1.85184257e-05  0.00000000e+00]","[ 0.00000000e+00  3.17766774e-03  1.68782864e+01  2.35800743e+00
  2.46320337e-01  6.16939485e-01 -5.70109129e-01 -6.11418009e-01]"
1749055013.3057468,"[ 0.00000000e+00 -2.47762398e-01  7.08940739e-01  2.98247916e+00
 -2.20004670e+00  6.55137628e-05  9.60091278e-01  1.57107689e+00]","[ 0.00000000e+00 -1.53470300e-01  9.83965119e-01  2.75986680e-04
  4.51873090e-01  1.58969375e-05 -2.64551545e-05  0.00000000e+00]","[ 0.00000000e+00 -3.40948580e-03  1.75211143e+01  2.39219928e+00
  2.52788603e-01  6.26541376e-01 -6.14448965e-01 -5.84398687e-01]"
1749055013.30867,"[ 0.00000000e+00 -2.48061738e-01  7.10953823e-01  2.98248023e+00
 -2.19912418e+00  6.55137628e-05  9.60091278e-01  1.57107689e+00]","[ 0.00000000e+00 -1.50714395e-01  9.80809539e-01  2.92096302e-04
  4.49705942e-01  1.58970960e-05 -2.64351959e-05  0.00000000e+00]","[ 0.00000000e+00 -1.00811087e-02  1.77080116e+01  2.40033484e+00
  2.90597647e-01  5.96490860e-01 -5.94288051e-01 -5.89922488e-01]"
1749055013.311073,"[ 0.00000000e+00 -2.48511279e-01  7.13923381e-01  2.98248183e+00
 -2.19779846e+00  6.55137628e-05  9.60090279e-01  1.57107689e+00]","[ 0.00000000e+00 -1.47473228e-01  9.77244698e-01  3.11590140e-04
  4.47011323e-01  1.58969375e-05 -3.70368514e-05  0.00000000e+00]","[ 0.00000000e+00  2.58098473e-03  1.78707542e+01  2.40131712e+00
  2.39687398e-01  5.55699885e-01 -5.83506942e-01 -5.95382094e-01]"
1749055013.3131852,"[ 0.00000000e+00 -2.48807955e-01  7.15846982e-01  2.98248236e+00
 -2.19688473e+00  6.55137628e-05  9.60090279e-01  1.57107689e+00]","[ 0.00000000e+00 -1.43439554e-01  9.75230683e-01  3.10047867e-04
  4.45866330e-01  1.59089679e-05 -3.70368514e-05  0.00000000e+00]","[ 0.00000000e+00 -1.59605704e-02  1.78396969e+01  2.41426730e+00
  2.19030365e-01  5.61046422e-01 -5.96073389e-01 -5.87533891e-01]"
1749055013.3162727,"[ 0.00000000e+00 -2.49225006e-01  7.18789442e-01  2.98248369e+00
 -2.19556513e+00  6.55137628e-05  9.60091278e-01  1.57107689e+00]","[ 0.00000000e+00 -1.38689440e-01  9.68299473e-01  3.35058012e-04
  4.45209295e-01  1.58969375e-05 -1.85046377e-05  0.00000000e+00]","[ 0.00000000e+00 -1.52205899e-02  1.72497768e+01  2.38322449e+00
  3.93124849e-01  5.74556172e-01 -5.65053165e-01 -6.00551784e-01]"
1749055013.3185291,"[ 0.00000000e+00 -2.49634601e-01  7.21708999e-01  2.98248502e+00
 -2.19421597e+00  6.55137628e-05  9.60091278e-01  1.57107689e+00]","[ 0.00000000e+00 -1.31807566e-01  9.58953842e-01  3.44701178e-04
  4.45120645e-01  1.58729355e-05 -1.85184257e-05  0.00000000e+00]","[ 0.00000000e+00 -1.24625210e-02  1.71788750e+01  2.38894010e+00
  6.03913903e-01  6.01887882e-01 -5.30591011e-01 -5.95424712e-01]"
1749055013.3208206,"[ 0.00000000e+00 -2.49890797e-01  7.23593052e-01  2.98248556e+00
 -2.19330251e+00  6.55137628e-05  9.60091278e-01  1.57107689e+00]","[ 0.00000000e+00 -1.28026201e-01  9.54794583e-01  3.39391305e-04
  4.46198493e-01  1.58730919e-05 -1.85044548e-05  0.00000000e+00]","[ 0.         -0.07291501 17.09336662  2.293751    0.77084702  0.57476813
 -0.53954887 -0.59995717]"
1749055013.3230345,"[ 0.00000000e+00 -2.50154982e-01  7.25536760e-01  2.98248662e+00
 -2.19242287e+00  6.55137628e-05  9.60091278e-01  1.57107689e+00]","[ 0.00000000e+00 -1.28975785e-01  9.47231872e-01  3.49997299e-04
  4.45930945e-01  1.58729355e-05 -1.85184257e-05  0.00000000e+00]","[ 0.         -0.15952098 17.03359604  2.25273132  0.94079334  0.55798674
 -0.47078016 -0.61499566]"
1749055013.3252952,"[ 0.00000000e+00 -2.50408515e-01  7.27396512e-01  2.98248689e+00
 -2.19150434e+00  6.55137628e-05  9.60091278e-01  1.57107689e+00]","[ 0.00000000e+00 -1.29106596e-01  9.41559804e-01  3.35369841e-04
  4.49982378e-01  1.58609609e-05 -1.85184257e-05  0.00000000e+00]","[ 0.         -0.170413   17.01621246  2.1920805   1.06641281  0.56032991
 -0.46563303 -0.62462187]"
1749055013.3275702,"[ 0.00000000e+00 -2.50790412e-01  7.30237506e-01  2.98248849e+00
 -2.19016850e+00  6.55137628e-05  9.60091278e-01  1.57107689e+00]","[ 0.00000000e+00 -1.25865421e-01  9.33726982e-01  3.52612931e-04
  4.51332867e-01  1.58730919e-05 -1.85046377e-05  0.00000000e+00]","[ 0.         -0.28104743 17.31088638  2.19865632  0.94392121  0.60419786
 -0.52630371 -0.60683686]"
1749055013.329872,"[ 0.00000000e+00 -2.51041282e-01  7.32073822e-01  2.98248928e+00
 -2.18924705e+00  6.55137628e-05  9.60091278e-01  1.57107689e+00]","[ 0.00000000e+00 -1.27356841e-01  9.30485781e-01  3.55907813e-04
  4.50252490e-01  1.58729355e-05 -1.85184257e-05  0.00000000e+00]","[ 0.         -0.32306635 17.41294289  2.19973207  0.68607074  0.58069324
 -0.57408309 -0.60420275]"
1749055013.331621,"[ 0.00000000e+00 -2.51309196e-01  7.33971657e-01  2.98249115e+00
 -2.18836075e+00  6.55137628e-05  9.60091278e-01  1.57107689e+00]","[ 0.00000000e+00 -1.30901134e-01  9.25894159e-01  3.80270535e-04
  4.48631923e-01  1.58729355e-05 -1.85044548e-05  0.00000000e+00]","[ 0.         -0.37052453 17.48343658  2.22734261  0.44459033  0.61225456
 -0.58923101 -0.59787315]"
1749055013.333292,"[ 0.00000000e+00 -2.51564327e-01  7.35790929e-01  2.98249301e+00
 -2.18744462e+00  6.55137628e-05  9.60090279e-01  1.57107689e+00]","[ 0.00000000e+00 -1.29106596e-01  9.21032425e-01  4.05065827e-04
  4.46288574e-01  1.58849283e-05 -2.91006692e-05  0.00000000e+00]","[ 0.         -0.37518594 17.57995033  2.2592864   0.33789262  0.59349459
 -0.6192199  -0.61166728]"
1749055013.3361495,"[ 0.00000000e+00 -2.51822654e-01  7.37673185e-01  2.98249568e+00
 -2.18656711e+00  6.55137628e-05  9.60090279e-01  1.57107689e+00]","[ 0.00000000e+00 -1.25266276e-01  9.17561794e-01  4.88314383e-04
  4.45390723e-01  1.58730919e-05 -2.91003827e-05  0.00000000e+00]","[ 0.         -0.40262622 17.69883537  2.28738117  0.311028    0.59646034
 -0.63957816 -0.60267484]"
1749055013.344587,"[ 0.00000000e+00 -2.52196562e-01  7.40378224e-01  2.98250127e+00
 -2.18522461e+00  6.55137628e-05  9.60089347e-01  1.57107689e+00]","[ 0.00000000e+00 -1.21371935e-01  9.12929491e-01  6.92388724e-04
  4.40622299e-01  1.58729355e-05 -3.70372172e-05  0.00000000e+00]","[ 0.         -0.28558224 17.8153801   2.33172178  0.32280883  0.58485365
 -0.6386416  -0.59698892]"
1749055013.3469405,"[ 0.00000000e+00 -2.53081264e-01  7.47744594e-01  2.98251725e+00
 -2.18163547e+00  6.55137628e-05  9.60090279e-01  1.57107689e+00]","[ 0.00000000e+00 -1.04797819e-01  9.02766469e-01  2.21874894e-03
  4.37384395e-01  1.58730919e-05 -1.85464284e-05  0.00000000e+00]","[ 0.         -0.09487666 17.82118988  2.41656733  0.8939901   0.56259948
 -0.5563615  -0.61041141]"
1749055013.349105,"[ 0.00000000e+00 -2.53287392e-01  7.49520257e-01  2.98252151e+00
 -2.18073878e+00  6.55137628e-05  9.60090279e-01  1.57107689e+00]","[ 0.00000000e+00 -9.98348103e-02  9.00775090e-01  2.30266219e-03
  4.37557900e-01  1.58609609e-05 -1.85466133e-05  0.00000000e+00]","[ 0.         -0.13553558 17.55611229  2.40935826  0.87127554  0.56268859
 -0.53519112 -0.59931219]"
1749055013.352038,"[ 0.00000000e+00 -2.53589927e-01  7.52238679e-01  2.98252790e+00
 -2.17940880e+00  6.55137628e-05  9.60090279e-01  1.57107689e+00]","[ 0.00000000e+00 -9.93043086e-02  8.93738819e-01  2.22684948e-03
  4.37340186e-01  1.58730919e-05 -1.85324169e-05  0.00000000e+00]","[ 0.         -0.10570201 16.91558647  2.42924738  0.87861615  0.55953556
 -0.51376706 -0.60160488]"
1749055013.354249,"[ 0.00000000e+00 -2.53784338e-01  7.53995033e-01  2.98253110e+00
 -2.17897630e+00  6.55137628e-05  9.60090279e-01  1.57107689e+00]","[ 0.00000000e+00 -9.87555143e-02  8.90241289e-01  1.98430117e-03
  4.38638311e-01  1.58609609e-05 -1.85464284e-05  0.00000000e+00]","[ 0.         -0.14676274 16.72195435  2.41045761  0.96907461  0.55899704
 -0.50422508 -0.60301977]"
1749055013.3565626,"[ 0.00000000e+00 -2.54073557e-01  7.56674440e-01  2.98253616e+00
 -2.17767188e+00  6.55137628e-05  9.60090279e-01  1.57107689e+00]","[ 0.00000000e+00 -9.34537265e-02  8.79118730e-01  1.77418231e-03
  4.41879478e-01  5.28698695e-06 -1.85464284e-05  0.00000000e+00]","[ 0.         -0.15746032 16.66315842  2.35946846  1.12590551  0.50025427
 -0.49248707 -0.60839152]"
1749055013.3581967,"[ 0.00000000e+00 -2.54251457e-01  7.58398237e-01  2.98253988e+00
 -2.17676614e+00  6.55137628e-05  9.60090279e-01  1.57107689e+00]","[ 0.00000000e+00 -8.91321651e-02  8.72684933e-01  1.69868521e-03
  4.41609367e-01  5.29097849e-06 -1.85464284e-05  0.00000000e+00]","[ 0.         -0.25300214 16.72074318  2.33195782  1.18273652  0.53161544
 -0.47897038 -0.61307877]"
1749055013.3612638,"[ 0.00000000e+00 -2.54430421e-01  7.60310786e-01  2.98254308e+00
 -2.17586067e+00  6.65790273e-05  9.60090279e-01  1.57107689e+00]","[ 0.00000000e+00 -8.69713844e-02  8.67984586e-01  1.69868521e-03
  4.42857091e-01  1.58730919e-05 -1.85466133e-05  0.00000000e+00]","[ 0.         -0.30426607 16.73198509  2.31889272  1.22691905  0.54541385
 -0.50428736 -0.61042619]"
1749055013.3635473,"[ 0.00000000e+00 -2.54686617e-01  7.62926277e-01  2.98254814e+00
 -2.17454800e+00  6.65790273e-05  9.60090279e-01  1.57107689e+00]","[ 0.00000000e+00 -8.53508009e-02  8.60422740e-01  1.66758422e-03
  4.43229967e-01  1.58729355e-05 -1.85464284e-05  0.00000000e+00]","[ 0.         -0.46777257 17.05236053  2.28733206  1.00593555  0.54000443
 -0.54948652 -0.59302694]"
1749055013.372504,"[ 0.00000000e+00 -2.54856527e-01  7.64612923e-01  2.98255214e+00
 -2.17364012e+00  6.65790273e-05  9.60089347e-01  1.57107689e+00]","[ 0.00000000e+00 -8.26498312e-02  8.53722560e-01  1.72863472e-03
  4.43229967e-01  1.58611183e-05 -2.91443860e-05  0.00000000e+00]","[ 0.         -0.49707773 17.06942177  2.31987357  0.81288403  0.51196945
 -0.61236441 -0.60524565]"
1749055013.3747916,"[ 0.00000000e+00 -2.55539361e-01  7.72214784e-01  2.98257371e+00
 -2.16968373e+00  6.65790273e-05  9.60087416e-01  1.57107689e+00]","[ 0.00000000e+00 -7.45469056e-02  8.34601196e-01  2.41590791e-03
  4.34856922e-01  1.58729355e-05 -3.71209245e-05  0.00000000e+00]","[ 0.         -0.66219902 17.90008163  2.26971769  0.24820261  0.54511034
 -0.68242455 -0.60660738]"
1749055013.3771033,"[ 0.00000000e+00 -2.55699151e-01  7.73917942e-01  2.98257690e+00
 -2.16882859e+00  6.65790273e-05  9.60087416e-01  1.57107689e+00]","[ 0.00000000e+00 -7.87412928e-02  8.28898769e-01  2.18941646e-03
  4.34046655e-01  1.58609609e-05 -3.70928568e-05  0.00000000e+00]","[ 0.         -0.65434265 18.21491051  2.28043056  0.47035488  0.51622081
 -0.69292009 -0.60522705]"
1749055013.3788962,"[ 0.00000000e+00 -2.55926585e-01  7.75552657e-01  2.98258063e+00
 -2.16751272e+00  6.65790273e-05  9.60087416e-01  1.57107689e+00]","[ 0.00000000e+00 -7.61674891e-02  8.28659085e-01  1.62318810e-03
  4.33606867e-01  1.58730919e-05 -3.71209245e-05  0.00000000e+00]","[ 0.         -0.66246241 18.36302948  2.30425     0.79490089  0.5295549
 -0.62127906 -0.6053232 ]"
1749055013.3805885,"[ 0.00000000e+00 -2.56002219e-01  7.76431100e-01  2.98258170e+00
 -2.16705173e+00  6.65790273e-05  9.60087416e-01  1.57107689e+00]","[ 0.00000000e+00 -7.67076863e-02  8.27034357e-01  1.43444527e-03
  4.34489339e-01  1.58609609e-05 -3.70928568e-05  0.00000000e+00]","[ 0.         -0.67401046 18.19448662  2.30263114  0.88111234  0.5110839
 -0.61950552 -0.60435009]"
1749055013.3823903,"[ 0.00000000e+00 -2.56160943e-01  7.78055695e-01  2.98258383e+00
 -2.16619526e+00  6.65790273e-05  9.60088415e-01  1.57107689e+00]","[ 0.00000000e+00 -7.67076863e-02  8.22987018e-01  1.18294872e-03
  4.34046655e-01  1.58729355e-05 -2.91443860e-05  0.00000000e+00]","[ 0.         -0.59820575 17.97872162  2.32325673  0.96203357  0.54630113
 -0.60156244 -0.59885883]"
1749055013.3841164,"[ 0.00000000e+00 -2.56313276e-01  7.79731289e-01  2.98258622e+00
 -2.16530443e+00  6.65790273e-05  9.60088415e-01  1.57107689e+00]","[ 0.00000000e+00 -7.77880725e-02  8.16000547e-01  1.13245685e-03
  4.35334060e-01  1.58609609e-05 -3.70924870e-05  0.00000000e+00]","[ 0.         -0.62833732 17.73750496  2.33314681  1.01021886  0.54338109
 -0.60073638 -0.58547074]"
1749055013.3864727,"[ 0.00000000e+00 -2.56474131e-01  7.81337042e-01  2.98258889e+00
 -2.16444157e+00  6.65790273e-05  9.60088415e-01  1.57107689e+00]","[ 0.00000000e+00 -7.83282698e-02  8.12993373e-01  1.18008699e-03
  4.38193863e-01  1.05740785e-05 -3.70928568e-05  0.00000000e+00]","[ 0.         -0.52247512 17.55865288  2.38553786  1.1331259   0.54834038
 -0.57977033 -0.58891773]"
1749055013.3937376,"[ 0.00000000e+00 -2.56623801e-01  7.82991065e-01  2.98259262e+00
 -2.16357790e+00  6.65790273e-05  9.60088415e-01  1.57107689e+00]","[ 0.00000000e+00 -7.45469056e-02  8.06471358e-01  1.29851652e-03
  4.38638311e-01  1.05739739e-05 -3.71209245e-05  0.00000000e+00]","[ 0.         -0.4590649  17.46844864  2.41138411  1.29371858  0.51415431
 -0.57894486 -0.59172201]"
1749055013.3953898,"[ 0.00000000e+00 -2.56914085e-01  7.86204502e-01  2.98260167e+00
 -2.16179758e+00  6.65790273e-05  9.60088415e-01  1.57107689e+00]","[ 0.00000000e+00 -6.77074835e-02  7.95939088e-01  1.73119892e-03
  4.45209295e-01  1.05740785e-05 -3.71209245e-05  0.00000000e+00]","[ 0.         -0.37178037 17.29600143  2.4622066   1.61412251  0.52443576
 -0.54183584 -0.62082362]"
1749055013.4005446,"[ 0.00000000e+00 -2.57230469e-01  7.90226541e-01  2.98261685e+00
 -2.15950806e+00  6.65790273e-05  9.60088415e-01  1.57107689e+00]","[ 0.00000000e+00 -6.16310071e-02  8.10011098e-01  2.97733686e-03
  4.66728435e-01  1.05740785e-05 -2.91446766e-05  0.00000000e+00]","[ 0.         -0.42045277 17.28980827  2.58856034  1.63077354  0.5427748
 -0.57160318 -0.59382844]"
1749055013.4028668,"[ 0.00000000e+00 -2.57502111e-01  7.94344987e-01  2.98263496e+00
 -2.15708591e+00  6.65790273e-05  9.60087416e-01  1.57107689e+00]","[ 0.00000000e+00 -5.02381288e-02  8.30819841e-01  3.70895350e-03
  4.83230813e-01  1.05819570e-05 -3.70924870e-05  0.00000000e+00]","[ 0.         -0.39271954 16.99589157  2.70126581  1.06207228  0.52832186
 -0.65667969 -0.60169339]"
1749055013.404529,"[ 0.00000000e+00 -2.57595854e-01  7.95993949e-01  2.98264268e+00
 -2.15612371e+00  6.65790273e-05  9.60087416e-01  1.57107689e+00]","[ 0.00000000e+00 -4.59631893e-02  8.38382552e-01  3.77612394e-03
  4.88650912e-01  1.05740785e-05 -3.70928568e-05  0.00000000e+00]","[ 0.         -0.41876379 16.74531174  2.72925282  0.89799851  0.5495441
 -0.65408778 -0.61904514]"
1749055013.4062917,"[ 0.00000000e+00 -2.57685337e-01  7.97720477e-01  2.98264961e+00
 -2.15511304e+00  6.65790273e-05  9.60087416e-01  1.57107689e+00]","[ 0.00000000e+00 -4.21352073e-02  8.44337380e-01  3.64272219e-03
  4.96020011e-01  1.05819570e-05 -3.70928568e-05  0.00000000e+00]","[ 0.         -0.40984875 16.52959633  2.77935505  0.98057646  0.57340306
 -0.63632458 -0.63010734]"
1749055013.4084969,"[ 0.00000000e+00 -2.57766297e-01  7.99393341e-01  2.98265600e+00
 -2.15412821e+00  6.65790273e-05  9.60087416e-01  1.57107689e+00]","[ 0.00000000e+00 -4.05146197e-02  8.49135531e-01  3.31156565e-03
  5.00490627e-01  1.05739739e-05 -3.70928568e-05  0.00000000e+00]","[ 0.         -0.40056637 16.32598305  2.78717589  1.12829161  0.55722779
 -0.60942274 -0.59799135]"
1749055013.4102478,"[ 0.00000000e+00 -2.57853648e-01  8.01135515e-01  2.98266239e+00
 -2.15309543e+00  6.65790273e-05  9.60088415e-01  1.57107689e+00]","[ 0.00000000e+00 -4.37114575e-02  8.51108135e-01  3.17989392e-03
  5.05799971e-01  1.05820616e-05 -1.85464284e-05  0.00000000e+00]","[ 0.         -0.41293919 16.16721725  2.78387976  1.41742194  0.57085752
 -0.53012753 -0.58177161]"
1749055013.4113514,"[ 0.00000000e+00 -2.57898389e-01  8.01976275e-01  2.98266559e+00
 -2.15259396e+00  6.65790273e-05  9.60088415e-01  1.57107689e+00]","[ 0.00000000e+00 -4.53763743e-02  8.52697709e-01  3.19196293e-03
  5.08593561e-01  1.05819570e-05 -1.85604623e-05  0.00000000e+00]","[ 0.         -0.44491509 15.95307255  2.81482983  1.5651896   0.56141138
 -0.52492774 -0.60399103]"
1749055013.413075,"[ 0.00000000e+00 -2.57996926e-01  8.03656929e-01  2.98267251e+00
 -2.15158196e+00  6.65790273e-05  9.60088415e-01  1.57107689e+00]","[ 0.00000000e+00 -4.86490830e-02  8.52427664e-01  3.29836168e-03
  5.14535706e-01  1.05739739e-05 -1.85464284e-05  0.00000000e+00]","[ 0.         -0.37589976 15.80620861  2.85254121  1.82025361  0.57316679
 -0.49662572 -0.61034673]"
1749055013.4148006,"[ 0.00000000e+00 -2.58094398e-01  8.05401366e-01  2.98267997e+00
 -2.15051856e+00  6.65790273e-05  9.60088415e-01  1.57107689e+00]","[ 0.00000000e+00 -4.91079332e-02  8.50558059e-01  3.51045801e-03
  5.20595329e-01  1.05820616e-05 -2.91664395e-05  0.00000000e+00]","[ 0.         -0.34214687 15.68243504  2.89282823  2.02659178  0.59608483
 -0.47151861 -0.59970391]"
1749055013.4159338,"[ 0.00000000e+00 -2.58144466e-01  8.06239396e-01  2.98268449e+00
 -2.15000191e+00  6.65790273e-05  9.60089347e-01  1.57107689e+00]","[ 0.00000000e+00 -5.08298790e-02  8.49996731e-01  3.90764742e-03
  5.23989095e-01  1.05820616e-05 -1.85186086e-05  0.00000000e+00]","[ 0.         -0.31142542 15.46681023  2.8806479   1.95396173  0.58344406
 -0.4510763  -0.59199762]"
1749055013.4176555,"[ 0.00000000e+00 -2.58251525e-01  8.07914525e-01  2.98269595e+00
 -2.14895954e+00  6.65790273e-05  9.60089347e-01  1.57107689e+00]","[ 0.00000000e+00 -5.23989095e-02  8.48646242e-01  4.90233653e-03
  5.29931240e-01  1.05979587e-05 -1.85186086e-05  0.00000000e+00]","[ 0.         -0.19239348 15.17882442  2.90551138  1.94204295  0.58513319
 -0.42464164 -0.59313613]"
1749055013.4194417,"[ 0.00000000e+00 -2.58303190e-01  8.08814540e-01  2.98270367e+00
 -2.14839336e+00  6.65790273e-05  9.60089347e-01  1.57107689e+00]","[ 0.00000000e+00 -5.23989095e-02  8.47597422e-01  6.31996059e-03
  5.33133758e-01  1.05979587e-05 -1.85184257e-05  0.00000000e+00]","[ 0.         -0.16686937 15.19430542  2.89512253  1.93202424  0.61091632
 -0.4354755  -0.57916451]"
1749055013.421213,"[ 0.00000000e+00 -2.58408118e-01  8.10480946e-01  2.98272018e+00
 -2.14733502e+00  6.65790273e-05  9.60089347e-01  1.57107689e+00]","[ 0.00000000e+00 -5.01536899e-02  8.43784508e-01  8.36877775e-03
  5.39114552e-01  1.05899522e-05 -1.85184257e-05  0.00000000e+00]","[ 0.         -0.03686175 14.86634254  2.89545131  1.8237294   0.63515168
 -0.47038352 -0.58479339]"
1749055013.4229426,"[ 0.00000000e+00 -2.58500796e-01  8.12204744e-01  2.98274175e+00
 -2.14621995e+00  6.65790273e-05  9.60089347e-01  1.57107689e+00]","[ 0.00000000e+00 -4.64096974e-02  8.41310631e-01  1.10739970e-02
  5.46961922e-01  1.05979587e-05 -1.85325998e-05  0.00000000e+00]","[ 0.          0.05258737 14.52590084  2.88869858  1.76249945  0.63175762
 -0.45678177 -0.60083371]"
1749055013.4252682,"[ 0.00000000e+00 -2.58590279e-01  8.13856903e-01  2.98276998e+00
 -2.14513871e+00  6.65790273e-05  9.60089347e-01  1.57107689e+00]","[ 0.00000000e+00 -4.53763743e-02  8.36491908e-01  1.45852636e-02
  5.49378275e-01  1.05979587e-05 -1.85184257e-05  0.00000000e+00]","[ 0.          0.06704502 14.35561085  2.85822821  1.69334352  0.62195367
 -0.43087071 -0.59638298]"
1749055013.4270597,"[ 0.00000000e+00 -2.58683489e-01  8.15567850e-01  2.98280434e+00
 -2.14400180e+00  6.65790273e-05  9.60089347e-01  1.57107689e+00]","[ 0.00000000e+00 -4.48361812e-02  8.34055914e-01  1.86178429e-02
  5.56940987e-01  1.05979587e-05 -1.85324169e-05  0.00000000e+00]","[ 0.          0.0885131  14.20379639  2.7558825   1.62811923  0.60909098
 -0.43125629 -0.60129505]"
1749055013.4294608,"[ 0.00000000e+00 -2.58775635e-01  8.17209889e-01  2.98284934e+00
 -2.14289499e+00  6.65790273e-05  9.60089347e-01  1.57107689e+00]","[ 0.00000000e+00 -4.64567646e-02  8.32170330e-01  2.32283823e-02
  5.62042971e-01  1.05898466e-05 -1.85184257e-05  0.00000000e+00]","[ 0.          0.1366381  14.07561588  2.70347071  1.55579972  0.63320464
 -0.4453246  -0.60824645]"
1749055013.4306233,"[ 0.00000000e+00 -2.58869378e-01  8.18907055e-01  2.98290474e+00
 -2.14173093e+00  6.76442917e-05  9.60089347e-01  1.57107689e+00]","[ 0.00000000e+00 -4.64567646e-02  8.27535897e-01  2.97107224e-02
  5.69996701e-01  2.11959173e-05 -1.85184257e-05  0.00000000e+00]","[ 0.          0.11847792 14.10426712  2.67019439  1.47613275  0.6458202
 -0.47571251 -0.61118335]"
1749055013.432955,"[ 0.00000000e+00 -2.58915717e-01  8.19721183e-01  2.98294016e+00
 -2.14116607e+00  6.76442917e-05  9.60089347e-01  1.57107689e+00]","[ 0.00000000e+00 -4.69969619e-02  8.25687996e-01  3.33208307e-02
  5.72876777e-01  2.11799045e-05 -1.85324169e-05  0.00000000e+00]","[ 0.          0.14261764 14.06158447  2.67991257  1.45599365  0.66368812
 -0.47565439 -0.60312045]"
1749055013.4341733,"[ 0.00000000e+00 -2.59016917e-01  8.21344913e-01  2.98301419e+00
 -2.14003156e+00  6.76442917e-05  9.60089347e-01  1.57107689e+00]","[ 0.00000000e+00 -4.96521543e-02  8.22741075e-01  3.91641349e-02
  5.75534212e-01  2.11801137e-05 -1.05819570e-05  0.00000000e+00]","[ 0.          0.06461361 14.23916245  2.63392472  1.29608023  0.67645353
 -0.48219088 -0.59619117]"
1749055013.4353561,"[ 0.00000000e+00 -2.59115987e-01  8.23030094e-01  2.98309622e+00
 -2.13884220e+00  6.76442917e-05  9.60088415e-01  1.57107689e+00]","[ 0.00000000e+00 -4.96979357e-02  8.22446795e-01  4.18651087e-02
  5.81532050e-01  2.11959173e-05 -1.85184257e-05  0.00000000e+00]","[ 0.          0.10282094 14.54139233  2.61069489  1.16769993  0.73220855
 -0.5080328  -0.57107121]"
1749055013.4371264,"[ 0.00000000e+00 -2.59163391e-01  8.23838297e-01  2.98314229e+00
 -2.13826589e+00  6.76442917e-05  9.60088415e-01  1.57107689e+00]","[ 0.00000000e+00 -4.80773522e-02  8.19745818e-01  4.33829441e-02
  5.84490955e-01  2.11799045e-05 -1.85184257e-05  0.00000000e+00]","[ 0.          0.09814823 14.44288921  2.60392451  1.07648647  0.73072821
 -0.55456591 -0.57133347]"
1749055013.4383266,"[ 0.00000000e+00 -2.59209197e-01  8.24708418e-01  2.98318490e+00
 -2.13768931e+00  6.76442917e-05  9.60087416e-01  1.57107689e+00]","[ 0.00000000e+00 -4.64567646e-02  8.19260590e-01  4.32155977e-02
  5.84761066e-01  2.11959173e-05 -2.91003827e-05  0.00000000e+00]","[ 0.          0.06739978 14.66396713  2.62235689  0.96933472  0.73454934
 -0.6102069  -0.57734025]"
1749055013.4400203,"[ 0.00000000e+00 -2.59299212e-01  8.26322494e-01  2.98327811e+00
 -2.13648663e+00  6.76442917e-05  9.60087416e-01  1.57107689e+00]","[ 0.00000000e+00 -4.37114575e-02  8.17026530e-01  4.66429321e-02
  5.87732089e-01  2.11801137e-05 -1.85184257e-05  0.00000000e+00]","[ 0.          0.03784408 14.74480724  2.59320593  0.82559097  0.75123775
 -0.65296423 -0.59186119]"
1749055013.4418046,"[ 0.00000000e+00 -2.59379107e-01  8.27932441e-01  2.98337878e+00
 -2.13532443e+00  6.76442917e-05  9.60087416e-01  1.57107689e+00]","[ 0.00000000e+00 -3.99744266e-02  8.15964462e-01  5.13185192e-02
  5.89622800e-01  2.11959173e-05 -1.85184257e-05  0.00000000e+00]","[ 0.          0.0307013  14.77893734  2.59132433  0.70452714  0.71719402
 -0.61269277 -0.60330552]"
1749055013.4429018,"[ 0.00000000e+00 -2.59419054e-01  8.28797969e-01  2.98342911e+00
 -2.13469752e+00  6.76442917e-05  9.60087416e-01  1.57107689e+00]","[ 0.00000000e+00 -3.76152695e-02  8.14997468e-01  5.10484247e-02
  5.90308964e-01  2.11959173e-05 -1.85186086e-05  0.00000000e+00]","[ 0.          0.0275518  14.58837414  2.59226322  0.60109025  0.7119807
 -0.61424512 -0.59109694]"
1749055013.4446259,"[ 0.00000000e+00 -2.59487231e-01  8.30401924e-01  2.98353537e+00
 -2.13352999e+00  6.76442917e-05  9.60086484e-01  1.57107689e+00]","[ 0.00000000e+00 -3.29518914e-02  8.12169657e-01  5.29121464e-02
  5.93134045e-01  2.11959173e-05 -2.91003827e-05  0.00000000e+00]","[ 0.00000000e+00  6.19902182e-03  1.46633434e+01  2.59286022e+00
  5.42381585e-01  7.16699004e-01 -6.41455114e-01 -5.89927614e-01]"
1749055013.4458363,"[ 0.00000000e+00 -2.59515993e-01  8.31202337e-01  2.98358757e+00
 -2.13294249e+00  6.76442917e-05  9.60086484e-01  1.57107689e+00]","[ 0.00000000e+00 -2.91705272e-02  8.11912995e-01  5.28854690e-02
  5.95835023e-01  2.11957060e-05 -2.91003827e-05  0.00000000e+00]","[ 0.          0.02406783 14.88723469  2.61381292  0.63866353  0.72362113
 -0.67670459 -0.5773899 ]"
1749055013.4475188,"[ 0.00000000e+00 -2.59546886e-01  8.32063270e-01  2.98364137e+00
 -2.13230973e+00  6.76442917e-05  9.60086484e-01  1.57107689e+00]","[ 0.00000000e+00 -2.54470077e-02  8.10734413e-01  5.45596902e-02
  5.95825835e-01  2.11959173e-05 -3.70368514e-05  0.00000000e+00]","[ 0.          0.04028714 14.84749794  2.65326166  0.69118577  0.73218328
 -0.65975666 -0.59284687]"
1749055013.4487555,"[ 0.00000000e+00 -2.59588964e-01  8.33658970e-01  2.98376068e+00
 -2.13112915e+00  6.76442917e-05  9.60087416e-01  1.57107689e+00]","[ 0.00000000e+00 -1.99872133e-02  8.08941972e-01  5.94214448e-02
  5.99076223e-01  2.11957060e-05 -2.91003827e-05  0.00000000e+00]","[ 0.          0.02822225 15.07467842  2.66132784  0.81536055  0.71313626
 -0.63997674 -0.60522074]"
1749055013.4505184,"[ 0.00000000e+00 -2.59607606e-01  8.34454723e-01  2.98382060e+00
 -2.13053500e+00  6.76442917e-05  9.60087416e-01  1.57107689e+00]","[ 0.00000000e+00 -1.89068230e-02  8.07051261e-01  6.07103565e-02
  6.02587468e-01  2.11959173e-05 -2.91006692e-05  0.00000000e+00]","[ 0.          0.01931302 15.22566223  2.70471025  0.97016054  0.71507359
 -0.61323255 -0.59743857]"
1749055013.4522712,"[ 0.00000000e+00 -2.59642227e-01  8.36106948e-01  2.98394204e+00
 -2.12929556e+00  6.76442917e-05  9.60086484e-01  1.57107689e+00]","[ 0.00000000e+00 -1.67460433e-02  8.05424070e-01  6.23925172e-02
  6.06368824e-01  2.11959173e-05 -3.70368514e-05  0.00000000e+00]","[ 0.         -0.02963238 15.35650635  2.76185656  1.19612753  0.66442806
 -0.62117702 -0.59063256]"
1749055013.4534347,"[ 0.00000000e+00 -2.59657141e-01  8.36899038e-01  2.98401235e+00
 -2.12869449e+00  6.76442917e-05  9.60086484e-01  1.57107689e+00]","[ 0.00000000e+00 -1.51254588e-02  8.03269905e-01  6.62028724e-02
  6.09610024e-01  2.11961286e-05 -3.70368514e-05  0.00000000e+00]","[ 0.00000000e+00 -7.77682802e-03  1.54415569e+01  2.78809738e+00
  1.23520446e+00  6.58689797e-01 -6.36232138e-01 -5.81399381e-01]"
1749055013.455136,"[ 0.00000000e+00 -2.59687501e-01  8.38542475e-01  2.98415243e+00
 -2.12748275e+00  6.76442917e-05  9.60086484e-01  1.57107689e+00]","[ 0.00000000e+00 -1.45445703e-02  8.01957566e-01  7.31964166e-02
  6.15822247e-01  2.11959173e-05 -3.70368514e-05  0.00000000e+00]","[ 0.00000000e+00  9.84225702e-03  1.54648066e+01  2.82145190e+00
  1.34923542e+00  6.46786809e-01 -6.19561315e-01 -5.79160392e-01]"
1749055013.4563668,"[ 0.00000000e+00 -2.59701882e-01  8.39332235e-01  2.98423552e+00
 -2.12682788e+00  6.76442917e-05  9.60086484e-01  1.57107689e+00]","[ 0.00000000e+00 -1.45852636e-02  8.01109083e-01  7.82397613e-02
  6.16639637e-01  2.11959173e-05 -3.70368514e-05  0.00000000e+00]","[ 0.00000000e+00  1.28652286e-02  1.52922401e+01  2.80755925e+00
  1.37334907e+00  6.34594858e-01 -6.13043249e-01 -5.95911980e-01]"
1749055013.458119,"[ 0.00000000e+00 -2.59732775e-01  8.40907762e-01  2.98440490e+00
 -2.12560202e+00  6.76442917e-05  9.60087416e-01  1.57107689e+00]","[ 0.00000000e+00 -1.56656540e-02  7.97869014e-01  8.87720308e-02
  6.23384958e-01  2.11959173e-05 -2.91003827e-05  0.00000000e+00]","[ 0.          0.07659029 15.18776035  2.81785512  1.39764285  0.62579429
 -0.58862936 -0.61010963]"
1749055013.4593108,"[ 0.00000000e+00 -2.59749286e-01  8.41693860e-01  2.98449811e+00
 -2.12493757e+00  6.76442917e-05  9.60086484e-01  1.57107689e+00]","[ 0.00000000e+00 -1.55476447e-02  7.97327727e-01  9.45341127e-02
  6.25667287e-01  2.11959173e-05 -3.70368514e-05  0.00000000e+00]","[ 0.          0.1157458  15.33038902  2.83937573  1.46185291  0.60168254
 -0.58674037 -0.60351032]"
1749055013.4610856,"[ 0.00000000e+00 -2.59779114e-01  8.43321717e-01  2.98470717e+00
 -2.12369760e+00  6.76442917e-05  9.60086484e-01  1.57107689e+00]","[ 0.00000000e+00 -1.45852636e-02  7.95437082e-01  1.04257622e-01
  6.30677625e-01  1.05980643e-05 -3.70368514e-05  0.00000000e+00]","[ 0.          0.09790882 15.27867794  2.78603363  1.6480931   0.59659994
 -0.60616136 -0.58463067]"
1749055013.4627867,"[ 0.00000000e+00 -2.59807876e-01  8.44884793e-01  2.98492262e+00
 -2.12244458e+00  6.76442917e-05  9.60087416e-01  1.57107689e+00]","[ 0.00000000e+00 -1.40450684e-02  7.91655726e-01  1.11010067e-01
  6.36619737e-01  1.05979587e-05 -2.91006692e-05  0.00000000e+00]","[ 0.          0.06546012 15.2159481   2.72765684  1.83201015  0.56147504
 -0.58465177 -0.58183742]"
1749055013.4639935,"[ 0.00000000e+00 -2.59822257e-01  8.45664034e-01  2.98503314e+00
 -2.12176681e+00  6.76442917e-05  9.60087416e-01  1.57107689e+00]","[ 0.00000000e+00 -1.35414969e-02  7.90305237e-01  1.11976886e-01
  6.38205716e-01  1.05979587e-05 -2.91003827e-05  0.00000000e+00]","[ 0.          0.07010654 15.05715847  2.70171928  1.90988612  0.55615926
 -0.57292479 -0.59379262]"
1749055013.465788,"[ 0.00000000e+00 -2.59845693e-01  8.47278576e-01  2.98526883e+00
 -2.12049861e+00  6.76442917e-05  9.60087416e-01  1.57107689e+00]","[ 0.00000000e+00 -1.08038994e-02  7.87064037e-01  1.16412014e-01
  6.43912404e-01  1.05979587e-05 -1.85184257e-05  0.00000000e+00]","[ 0.          0.05262154 15.06143475  2.64227772  1.99100423  0.54939413
 -0.55184937 -0.58928698]"
1749055013.4669476,"[ 0.00000000e+00 -2.59855813e-01  8.48053223e-01  2.98538574e+00
 -2.11985892e+00  6.76442917e-05  9.60087416e-01  1.57107689e+00]","[ 0.00000000e+00 -1.02533044e-02  7.85713548e-01  1.18572795e-01
  6.48116803e-01  1.05979587e-05 -1.85186086e-05  0.00000000e+00]","[ 0.          0.06222733 15.09730053  2.63592196  2.07219863  0.52903855
 -0.55347681 -0.58928698]"
1749055013.4687355,"[ 0.00000000e+00 -2.59865400e-01  8.49658509e-01  2.98563554e+00
 -2.11852228e+00  6.76442917e-05  9.60086484e-01  1.57107689e+00]","[ 0.00000000e+00 -9.02766461e-03  7.82899120e-01  1.23628848e-01
  6.54176094e-01  1.05979587e-05 -2.91003827e-05  0.00000000e+00]","[ 0.          0.05069927 15.10789585  2.58368754  2.05646372  0.53081721
 -0.5818392  -0.59836781]"
1749055013.470514,"[ 0.00000000e+00 -2.59873390e-01  8.50428096e-01  2.98575885e+00
 -2.11787566e+00  6.76442917e-05  9.60086484e-01  1.57107689e+00]","[ 0.00000000e+00 -8.10292405e-03  7.79790811e-01  1.24928429e-01
  6.55796694e-01  1.05979587e-05 -2.91003827e-05  0.00000000e+00]","[ 0.00000000e+00  1.35290800e-02  1.50665026e+01  2.54275751e+00
  1.90676033e+00  5.19020498e-01 -5.77345133e-01 -6.08154476e-01]"
1749055013.4722815,"[ 0.00000000e+00 -2.59885108e-01  8.51961345e-01  2.98600306e+00
 -2.11652411e+00  6.76442917e-05  9.60087416e-01  1.57107689e+00]","[ 0.00000000e+00 -5.40194971e-03  7.76800348e-01  1.23974743e-01
  6.60153293e-01  1.05979587e-05 -1.05739739e-05  0.00000000e+00]","[ 0.         -0.0581191  15.17276096  2.46618605  1.66395056  0.53691721
 -0.54980129 -0.60127777]"
1749055013.4734435,"[ 0.00000000e+00 -2.59890434e-01  8.52784262e-01  2.98613329e+00
 -2.11587083e+00  6.76442917e-05  9.60086484e-01  1.57107689e+00]","[ 0.00000000e+00 -5.01536899e-03  7.74874549e-01  1.22625777e-01
  6.62549139e-01  1.05980643e-05 -1.85186086e-05  0.00000000e+00]","[ 0.         -0.0574953  15.25268555  2.42221475  1.67203128  0.51808012
 -0.55076033 -0.59215665]"
1749055013.4751365,"[ 0.00000000e+00 -2.59896293e-01  8.54309188e-01  2.98637643e+00
 -2.11455656e+00  6.76442917e-05  9.60085552e-01  1.57107689e+00]","[ 0.00000000e+00 -2.69823809e-03  7.72775379e-01  1.23974743e-01
  6.67951028e-01  1.05899522e-05 -1.85184257e-05  0.00000000e+00]","[ 0.         -0.17297447 15.49457741  2.36666107  1.43430388  0.48890856
 -0.6407041  -0.59424734]"
1749055013.476799,"[ 0.00000000e+00 -2.59899489e-01  8.55888842e-01  2.98663450e+00
 -2.11318717e+00  6.76442917e-05  9.60085552e-01  1.57107689e+00]","[ 0.00000000e+00 -1.00307384e-03  7.70137052e-01  1.27626661e-01
  6.69050248e-01  1.05819570e-05 -1.85184257e-05  0.00000000e+00]","[ 0.         -0.1963601  15.59012222  2.34116554  1.36827981  0.4713507
 -0.68003923 -0.59338778]"
1749055013.4785137,"[ 0.00000000e+00 -2.59900021e-01  8.56648775e-01  2.98676339e+00
 -2.11252564e+00  6.76442917e-05  9.60085552e-01  1.57107689e+00]","[ 0.00000000e+00 -5.40194952e-04  7.70858169e-01  1.30727179e-01
  6.70922117e-01  1.05820616e-05 -1.85186086e-05  0.00000000e+00]","[ 0.         -0.25574145 15.85169983  2.33825231  1.2060765   0.45016786
 -0.67616808 -0.60404056]"
1749055013.4797466,"[ 0.00000000e+00 -2.59901087e-01  8.58165911e-01  2.98704222e+00
 -2.11119992e+00  6.76442917e-05  9.60085552e-01  1.57107689e+00]","[ 0.00000000e+00 -5.39921159e-04  7.68427303e-01  1.38424189e-01
  6.72542717e-01  1.05820616e-05 -1.85044548e-05  0.00000000e+00]","[ 0.         -0.3078903  15.81837654  2.31265211  0.97465295  0.47149101
 -0.67121196 -0.60498804]"
1749055013.4808342,"[ 0.00000000e+00 -2.59901619e-01  8.58981904e-01  2.98718257e+00
 -2.11048352e+00  6.76442917e-05  9.60085552e-01  1.57107689e+00]","[ 0.00000000e+00 -5.19894785e-04  7.68354532e-01  1.42197156e-01
  6.74567186e-01  1.05820616e-05 -1.85184257e-05  0.00000000e+00]","[ 0.         -0.33455318 15.6103363   2.30906367  0.89948249  0.45549056
 -0.66311735 -0.5952549 ]"
1749055013.482647,"[ 0.00000000e+00 -2.59902152e-01  8.60491716e-01  2.98747206e+00
 -2.10915248e+00  6.76442917e-05  9.60084620e-01  1.57107689e+00]","[ 0.00000000e+00 -2.70097476e-04  7.63601388e-01  1.48704424e-01
  6.73893206e-01  1.05739739e-05 -3.70368514e-05  0.00000000e+00]","[ 0.         -0.36080718 15.5975771   2.25545907  0.75963277  0.44415322
 -0.70533103 -0.58045971]"
1749055013.4843826,"[ 0.00000000e+00 -2.59902684e-01  8.61244325e-01  2.98763185e+00
 -2.10848669e+00  6.76442917e-05  9.60083621e-01  1.57107689e+00]","[ 0.00000000e+00 -3.51108921e-04  7.63295458e-01  1.50319531e-01
  6.75243695e-01  1.05819570e-05 -4.76188043e-05  0.00000000e+00]","[ 0.         -0.38276842 15.74335384  2.27002096  0.68359315  0.43817726
 -0.72683972 -0.59065962]"
1749055013.4855366,"[ 0.00000000e+00 -2.59904815e-01  8.62804205e-01  2.98793705e+00
 -2.10709945e+00  6.76442917e-05  9.60084620e-01  1.57107689e+00]","[ 0.00000000e+00 -6.38392613e-04  7.60594480e-01  1.55846240e-01
  6.77944673e-01  1.05819570e-05 -3.70372172e-05  0.00000000e+00]","[ 0.         -0.44103491 15.72323227  2.26748347  0.66351193  0.42663071
 -0.69556814 -0.59048361]"
1749055013.4872968,"[ 0.00000000e+00 -2.59905348e-01  8.63552687e-01  2.98809284e+00
 -2.10643126e+00  6.76442917e-05  9.60084620e-01  1.57107689e+00]","[ 0.00000000e+00 -6.22130100e-04  7.58973880e-01  1.58007029e-01
  6.77674562e-01  1.05740785e-05 -3.70372172e-05  0.00000000e+00]","[ 0.         -0.44830951 15.60733032  2.24946117  0.70825505  0.40842625
 -0.66658533 -0.60091406]"
1749055013.4890993,"[ 0.00000000e+00 -2.59908011e-01  8.65101515e-01  2.98842014e+00
 -2.10503709e+00  6.65790273e-05  9.60084620e-01  1.57107689e+00]","[ 0.00000000e+00 -9.05965466e-04  7.54604032e-01  1.59338709e-01
  6.81087137e-01  0.00000000e+00 -3.70089097e-05  0.00000000e+00]","[ 0.         -0.46007398 15.72700691  2.20569372  0.93874264  0.39729002
 -0.67025417 -0.61947554]"
1749055013.490243,"[ 0.00000000e+00 -2.59908543e-01  8.65843605e-01  2.98857674e+00
 -2.10436438e+00  6.65790273e-05  9.60083621e-01  1.57107689e+00]","[ 0.00000000e+00 -8.61114153e-04  7.52491546e-01  1.58817312e-01
  6.82266251e-01  0.00000000e+00 -4.76188043e-05  0.00000000e+00]","[ 0.         -0.47963813 15.8603878   2.18176866  1.10193563  0.40757492
 -0.67585087 -0.61499542]"
1749055013.4919627,"[ 0.00000000e+00 -2.59911739e-01  8.67324921e-01  2.98889046e+00
 -2.10301496e+00  6.65790273e-05  9.60083621e-01  1.57107689e+00]","[ 0.00000000e+00 -1.06207827e-03  7.49790568e-01  1.59897707e-01
  6.84427007e-01  0.00000000e+00 -4.76188043e-05  0.00000000e+00]","[ 0.         -0.53490186 15.82326031  2.17293501  1.27661848  0.380054
 -0.65805763 -0.61342847]"
1749055013.4931433,"[ 0.00000000e+00 -2.59912804e-01  8.68119808e-01  2.98906170e+00
 -2.10228418e+00  6.65790273e-05  9.60084620e-01  1.57107689e+00]","[ 0.00000000e+00 -1.05576256e-03  7.48543875e-01  1.61092434e-01
  6.88108628e-01  0.00000000e+00 -3.70092754e-05  0.00000000e+00]","[ 0.         -0.56182462 15.83538532  2.15762496  1.22860384  0.38584709
 -0.62734133 -0.61453235]"
1749055013.4949284,"[ 0.00000000e+00 -2.59914935e-01  8.69589208e-01  2.98938128e+00
 -2.10092038e+00  6.65790273e-05  9.60085552e-01  1.57107689e+00]","[ 0.00000000e+00 -1.11368546e-03  7.44658723e-01  1.62433935e-01
  6.92259830e-01  0.00000000e+00 -2.91003827e-05  0.00000000e+00]","[ 0.         -0.54824024 15.85011101  2.14763975  1.34848857  0.39183879
 -0.56204194 -0.61679184]"
1749055013.496665,"[ 0.00000000e+00 -2.59918131e-01  8.71108208e-01  2.98970539e+00
 -2.09954938e+00  6.65790273e-05  9.60084620e-01  1.57107689e+00]","[ 0.00000000e+00 -1.19226250e-03  7.40607256e-01  1.65839851e-01
  6.97288611e-01  0.00000000e+00 -3.70368514e-05  0.00000000e+00]","[ 0.         -0.57495028 15.69876575  2.17641664  1.36546946  0.39512828
 -0.59963185 -0.60518903]"
1749055013.4983716,"[ 0.00000000e+00 -2.59919729e-01  8.71835118e-01  2.98988329e+00
 -2.09880743e+00  6.65790273e-05  9.60084620e-01  1.57107689e+00]","[ 0.00000000e+00 -1.22462953e-03  7.37366122e-01  1.67513332e-01
  6.97983696e-01  0.00000000e+00 -3.70368514e-05  0.00000000e+00]","[ 0.         -0.58283716 15.34367466  2.17453742  1.42528641  0.3944605
 -0.61019164 -0.61184955]"
1749055013.4994724,"[ 0.00000000e+00 -2.59922924e-01  8.73283811e-01  2.99021964e+00
 -2.09742605e+00  6.65790273e-05  9.60084620e-01  1.57107689e+00]","[ 0.00000000e+00 -1.33929162e-03  7.32504322e-01  1.70701602e-01
  7.01443142e-01  0.00000000e+00 -3.70089097e-05  0.00000000e+00]","[ 0.         -0.59004891 15.07062149  2.14822817  1.37186527  0.37559903
 -0.59670937 -0.60471898]"
1749055013.501252,"[ 0.00000000e+00 -2.59924522e-01  8.74058058e-01  2.99038875e+00
 -2.09673043e+00  6.65790273e-05  9.60084620e-01  1.57107689e+00]","[ 0.00000000e+00 -1.37987622e-03  7.28298125e-01  1.71338114e-01
  7.05494609e-01  0.00000000e+00 -3.70089097e-05  0.00000000e+00]","[ 0.         -0.61955881 15.22009182  2.14047146  1.33518815  0.38013461
 -0.57877451 -0.60053003]"
1749055013.5024645,"[ 0.00000000e+00 -2.59926120e-01  8.74776180e-01  2.99057145e+00
 -2.09598101e+00  6.65790273e-05  9.60084620e-01  1.57107689e+00]","[ 0.00000000e+00 -1.45720971e-03  7.28922104e-01  1.72027157e-01
  7.05662455e-01  0.00000000e+00 -2.64548924e-05  0.00000000e+00]","[ 0.         -0.65505886 14.94975376  2.1255033   1.36759567  0.37385854
 -0.56409162 -0.58540374]"
1749055013.5041528,"[ 0.00000000e+00 -2.59930381e-01  8.76204766e-01  2.99091233e+00
 -2.09458552e+00  6.65790273e-05  9.60084620e-01  1.57107689e+00]","[ 0.00000000e+00 -1.58707574e-03  7.22240632e-01  1.73942769e-01
  7.08735809e-01  0.00000000e+00 -2.64351959e-05  0.00000000e+00]","[ 0.         -0.71586919 14.85236645  2.12684512  1.34359252  0.37352043
 -0.58920145 -0.58178645]"
1749055013.5059395,"[ 0.00000000e+00 -2.59935175e-01  8.77678293e-01  2.99129343e+00
 -2.09313117e+00  6.65790273e-05  9.60084620e-01  1.57107689e+00]","[ 0.00000000e+00 -1.84776761e-03  7.18459277e-01  1.73942769e-01
  7.10176246e-01  0.00000000e+00 -2.64551545e-05  0.00000000e+00]","[ 0.         -0.77886474 14.88120556  2.09657431  1.49065101  0.36471254
 -0.63859183 -0.59583831]"
1749055013.507043,"[ 0.00000000e+00 -2.59937838e-01  8.78383631e-01  2.99146414e+00
 -2.09242836e+00  6.65790273e-05  9.60084620e-01  1.57107689e+00]","[ 0.00000000e+00 -2.00592544e-03  7.14493430e-01  1.73132485e-01
  7.12787209e-01  0.00000000e+00 -2.64349338e-05  0.00000000e+00]","[ 0.         -0.80224174 15.00785923  2.08302212  1.59545648  0.37144715
 -0.61804956 -0.6038053 ]"
1749055013.5087278,"[ 0.00000000e+00 -2.59943697e-01  8.79841046e-01  2.99181914e+00
 -2.09101795e+00  6.65790273e-05  9.60084620e-01  1.57107689e+00]","[ 0.00000000e+00 -2.38462383e-03  7.10807149e-01  1.73193322e-01
  7.14763275e-01  0.00000000e+00 -2.64548924e-05  0.00000000e+00]","[ 0.         -0.83373153 14.92983723  2.05324435  1.7753365   0.3707484
 -0.57812303 -0.59846568]"
1749055013.509857,"[ 0.00000000e+00 -2.59946893e-01  8.80539926e-01  2.99199224e+00
 -2.09025762e+00  6.65790273e-05  9.60084620e-01  1.57107689e+00]","[ 0.00000000e+00 -2.64239936e-03  7.08017688e-01  1.75385486e-01
  7.16618766e-01  0.00000000e+00 -3.70368514e-05  0.00000000e+00]","[ 0.         -0.89318496 14.83740139  2.09919214  1.86981368  0.38836813
 -0.56732178 -0.60607529]"
1749055013.51154,"[ 0.00000000e+00 -2.59955415e-01  8.81926235e-01  2.99234538e+00
 -2.08883922e+00  6.65790273e-05  9.60084620e-01  1.57107689e+00]","[ 0.00000000e+00 -3.51045801e-03  7.01713253e-01  1.81235403e-01
  7.20079877e-01  0.00000000e+00 -3.70092754e-05  0.00000000e+00]","[ 0.         -0.96406019 14.86963367  2.14816785  1.92737818  0.3962478
 -0.59404808 -0.5980438 ]"
1749055013.5132465,"[ 0.00000000e+00 -2.59961807e-01  8.82667392e-01  2.99254192e+00
 -2.08812709e+00  6.65790273e-05  9.60084620e-01  1.57107689e+00]","[ 0.00000000e+00 -4.50484986e-03  6.97232085e-01  1.85067125e-01
  7.22240632e-01  0.00000000e+00 -3.70372172e-05  0.00000000e+00]","[ 0.         -0.98497301 14.9163332   2.11032844  1.97227883  0.39191228
 -0.60012192 -0.59235191]"
1749055013.5144253,"[ 0.00000000e+00 -2.59974057e-01  8.84033461e-01  2.99291157e+00
 -2.08664610e+00  6.65790273e-05  9.60084620e-01  1.57107689e+00]","[ 0.00000000e+00 -6.14440626e-03  6.91179452e-01  1.87527553e-01
  7.23861232e-01  0.00000000e+00 -3.70089097e-05  0.00000000e+00]","[ 0.         -1.05157506 14.98027325  2.09554744  1.791363    0.3769795
 -0.61287272 -0.59443194]"
1749055013.5161407,"[ 0.00000000e+00 -2.59982047e-01  8.84713499e-01  2.99309879e+00
 -2.08593104e+00  6.65790273e-05  9.60084620e-01  1.57107689e+00]","[ 0.00000000e+00 -7.02200678e-03  6.89828963e-01  1.89878525e-01
  7.24476955e-01  0.00000000e+00 -3.70089097e-05  0.00000000e+00]","[ 0.         -1.06353521 15.02562237  2.14401937  1.53165686  0.40109724
 -0.60077864 -0.59463531]"
1749055013.5178952,"[ 0.00000000e+00 -2.60001221e-01  8.86116386e-01  2.99349480e+00
 -2.08444607e+00  6.65790273e-05  9.60084620e-01  1.57107689e+00]","[ 0.00000000e+00 -9.72350907e-03  6.83093296e-01  1.95280481e-01
  7.25751944e-01  0.00000000e+00 -4.76903370e-05  0.00000000e+00]","[ 0.         -1.0924257  15.08900928  2.13493204  1.29880047  0.4011043
 -0.63299286 -0.60981798]"
1749055013.5190673,"[ 0.00000000e+00 -2.60011874e-01  8.86786304e-01  2.99368655e+00
 -2.08373021e+00  6.65790273e-05  9.60083621e-01  1.57107689e+00]","[ 0.00000000e+00 -1.07929524e-02  6.79565274e-01  1.94470181e-01
  7.26021988e-01  0.00000000e+00 -5.82441572e-05  0.00000000e+00]","[ 0.         -1.09206164 14.95043468  2.10189605  1.24104357  0.39192644
 -0.66263777 -0.61035234]"
1749055013.52082,"[ 0.00000000e+00 -2.60040104e-01  8.88117951e-01  2.99406631e+00
 -2.08213471e+00  6.65790273e-05  9.60082689e-01  1.57107689e+00]","[ 0.00000000e+00 -1.40430336e-02  6.73893206e-01  1.91035253e-01
  7.24581618e-01  0.00000000e+00 -6.62372408e-05  0.00000000e+00]","[ 0.         -1.09399045 14.94582081  2.15203357  1.05072844  0.40771943
 -0.70902425 -0.60434639]"
1749055013.522013,"[ 0.00000000e+00 -2.60056615e-01  8.88831545e-01  2.99406631e+00
 -2.08153017e+00  6.65790273e-05  9.60082689e-01  1.57107689e+00]","[ 0.00000000e+00 -1.67460433e-02  6.72059487e-01  1.91035253e-01
  7.23997054e-01  0.00000000e+00 -6.62372408e-05  0.00000000e+00]","[ 0.         -1.10010827 15.12689114  2.15203357  0.96623874  0.40554467
 -0.7090103  -0.59520692]"
1749055013.523729,"[ 0.00000000e+00 -2.60074725e-01  8.89488614e-01  2.99426978e+00
 -2.08070459e+00  6.65790273e-05  9.60082689e-01  1.57107689e+00]","[ 0.00000000e+00 -1.83666278e-02  6.66330495e-01  1.91587110e-01
  7.26103681e-01  0.00000000e+00 -6.62372408e-05  0.00000000e+00]","[ 0.         -1.0891577  14.97062969  2.1720829   0.93544626  0.39177495
 -0.70942199 -0.58392203]"
1749055013.5249493,"[ 0.00000000e+00 -2.60118401e-01  8.90797357e-01  2.99464715e+00
 -2.07927421e+00  6.65790273e-05  9.60082689e-01  1.57107689e+00]","[ 0.00000000e+00 -2.20884245e-02  6.62279028e-01  1.91769203e-01
  7.25231629e-01  0.00000000e+00 -6.62372408e-05  0.00000000e+00]","[ 0.         -1.04563046 15.07413292  2.18448424  0.94704324  0.39043042
 -0.69457132 -0.59447223]"
1749055013.5266302,"[ 0.00000000e+00 -2.60142369e-01  8.91496238e-01  2.99483863e+00
 -2.07850295e+00  6.65790273e-05  9.60082689e-01  1.57107689e+00]","[ 0.00000000e+00 -2.42841426e-02  6.58016439e-01  1.94200087e-01
  7.26225454e-01  0.00000000e+00 -6.62372408e-05  0.00000000e+00]","[ 0.         -1.02507579 15.27118015  2.19593072  1.00957859  0.39260519
 -0.698264   -0.59352976]"
1749055013.5278025,"[ 0.00000000e+00 -2.60191904e-01  8.92785607e-01  2.99524103e+00
 -2.07707151e+00  6.65790273e-05  9.60082689e-01  1.57107689e+00]","[ 0.00000000e+00 -2.48489678e-02  6.52825605e-01  1.96971389e-01
  7.25465654e-01  0.00000000e+00 -6.61872009e-05  0.00000000e+00]","[ 0.         -0.97079563 15.42677879  2.28266287  1.08914626  0.39310461
 -0.69261539 -0.6077981 ]"
1749055013.529622,"[ 0.00000000e+00 -2.60241971e-01  8.94113592e-01  2.99565063e+00
 -2.07558280e+00  6.65790273e-05  9.60082689e-01  1.57107689e+00]","[ 0.00000000e+00 -2.43087727e-02  6.46982629e-01  2.01116300e-01
  7.26994708e-01  0.00000000e+00 -6.62372408e-05  0.00000000e+00]","[ 0.         -0.82475346 15.55920124  2.35495353  1.14145434  0.3558518
 -0.67228335 -0.59795696]"
1749055013.5313635,"[ 0.00000000e+00 -2.60265407e-01  8.94750953e-01  2.99585170e+00
 -2.07486375e+00  6.65790273e-05  9.60082689e-01  1.57107689e+00]","[ 0.00000000e+00 -2.37444946e-02  6.46343271e-01  2.03923588e-01
  7.29263188e-01  0.00000000e+00 -6.62379032e-05  0.00000000e+00]","[ 0.         -0.78997648 15.54104328  2.40111852  1.20472002  0.34623355
 -0.65588909 -0.6004476 ]"
1749055013.5325553,"[ 0.00000000e+00 -2.60309083e-01  8.96031201e-01  2.99625863e+00
 -2.07341552e+00  6.65790273e-05  9.60082689e-01  1.57107689e+00]","[ 0.00000000e+00 -2.05066088e-02  6.48926271e-01  2.06894660e-01
  7.35205300e-01 -1.05819570e-05 -6.62372408e-05  0.00000000e+00]","[ 0.         -0.72504199 15.74603748  2.43141532  1.29413545  0.34162655
 -0.66773319 -0.61580914]"
1749055013.5342944,"[ 0.00000000e+00 -2.60328790e-01  8.96719495e-01  2.99646209e+00
 -2.07263068e+00  6.65790273e-05  9.60082689e-01  1.57107689e+00]","[ 0.00000000e+00 -1.99872133e-02  6.47985709e-01  2.06354471e-01
  7.39014619e-01 -1.05819570e-05 -6.62372408e-05  0.00000000e+00]","[ 0.         -0.66803753 15.84929276  2.45312381  1.34977818  0.34193683
 -0.67272085 -0.60771167]"
1749055013.5354207,"[ 0.00000000e+00 -2.60348498e-01  8.98007067e-01  2.99688820e+00
 -2.07116461e+00  6.65790273e-05  9.60082689e-01  1.57107689e+00]","[ 0.00000000e+00 -1.99872133e-02  6.53365827e-01  2.08785355e-01
  7.45414728e-01 -1.05740785e-05 -5.82453112e-05  0.00000000e+00]","[ 0.         -0.63586754 15.8472271   2.48026156  1.18792951  0.34327635
 -0.66189384 -0.6121394 ]"
1749055013.5371413,"[ 0.00000000e+00 -2.60390043e-01  8.98652218e-01  2.99709619e+00
 -2.07042719e+00  6.65790273e-05  9.60082689e-01  1.57107689e+00]","[ 0.00000000e+00 -2.00426050e-02  6.54176094e-01  2.10946127e-01
  7.47142121e-01 -1.05740785e-05 -5.82893532e-05  0.00000000e+00]","[ 0.         -0.54734713 15.8060751   2.49587083  0.98085266  0.33908656
 -0.65232044 -0.59958619]"
1749055013.538892,"[ 0.00000000e+00 -2.60432121e-01  8.99991255e-01  2.99753428e+00
 -2.06888841e+00  6.65790273e-05  9.60082689e-01  1.57107689e+00]","[ 0.00000000e+00 -2.16077989e-02  6.53243455e-01  2.15807877e-01
  7.51951390e-01 -1.05739739e-05 -4.76908124e-05  0.00000000e+00]","[ 0.         -0.3638204  15.55223274  2.49197769  0.74351722  0.32315648
 -0.68520921 -0.61776561]"
1749055013.540693,"[ 0.00000000e+00 -2.60454491e-01  9.00635474e-01  2.99775053e+00
 -2.06814486e+00  6.65790273e-05  9.60081757e-01  1.57107689e+00]","[ 0.00000000e+00 -2.26881871e-02  6.53365827e-01  2.19319155e-01
  7.54112146e-01 -1.05739739e-05 -5.56392812e-05  0.00000000e+00]","[ 0.         -0.32066628 15.39117622  2.4761517   0.65493172  0.33315477
 -0.70623773 -0.60246867]"
1749055013.5423706,"[ 0.00000000e+00 -2.60504559e-01  9.01927174e-01  2.99819208e+00
 -2.06739864e+00  6.65790273e-05  9.60081757e-01  1.57107689e+00]","[ 0.00000000e+00 -2.48237906e-02  6.55256472e-01  2.24721095e-01
  7.56046333e-01 -1.05819570e-05 -5.56392812e-05  0.00000000e+00]","[ 0.         -0.20809375 15.10217762  2.51018572  0.5024727   0.32976803
 -0.74023968 -0.60580325]"
1749055013.5440366,"[ 0.00000000e+00 -2.60557289e-01  9.03266611e-01  2.99865494e+00
 -2.06584628e+00  6.65790273e-05  9.60081757e-01  1.57107689e+00]","[ 0.00000000e+00 -2.64427345e-02  6.54176094e-01  2.26611789e-01
  7.58204892e-01 -1.05739739e-05 -5.56387285e-05  0.00000000e+00]","[ 0.         -0.14628194 14.80671978  2.45020175  0.35347223  0.32732531
 -0.73498535 -0.61656684]"
1749055013.545734,"[ 0.00000000e+00 -2.60584454e-01  9.03911362e-01  2.99887811e+00
 -2.06509554e+00  6.65790273e-05  9.60081757e-01  1.57107689e+00]","[ 0.00000000e+00 -2.75499417e-02  6.53905983e-01  2.26341678e-01
  7.61404813e-01 -1.05819570e-05 -4.76908124e-05  0.00000000e+00]","[ 0.         -0.090629   14.92800999  2.41739416  0.34527877  0.33573627
 -0.70384926 -0.61533475]"
1749055013.5474775,"[ 0.00000000e+00 -2.60636652e-01  9.05197070e-01  2.99933884e+00
 -2.06353359e+00  6.65790273e-05  9.60081757e-01  1.57107689e+00]","[ 0.00000000e+00 -2.53891630e-02  6.50934894e-01  2.23936228e-01
  7.63339200e-01 -1.05740785e-05 -4.76908124e-05  0.00000000e+00]","[ 0.         -0.02525389 14.71637058  2.45669293  0.38498449  0.35442728
 -0.69287992 -0.60741651]"
1749055013.5492358,"[ 0.00000000e+00 -2.60683523e-01  9.06531047e-01  2.99977959e+00
 -2.06202198e+00  6.65790273e-05  9.60081757e-01  1.57107689e+00]","[ 0.00000000e+00 -2.32048487e-02  6.51475116e-01  2.23640717e-01
  7.67076814e-01 -1.05820616e-05 -5.56392812e-05  0.00000000e+00]","[ 0.          0.06460766 14.57931709  2.48137021  0.60091531  0.33254623
 -0.7028842  -0.604644  ]"
1749055013.5510557,"[ 0.00000000e+00 -2.60728264e-01  9.07810762e-01  3.00024565e+00
 -2.06044512e+00  6.65790273e-05  9.60081757e-01  1.57107689e+00]","[ 0.00000000e+00 -2.10889922e-02  6.47153538e-01  2.30393145e-01
  7.71363771e-01 -1.05820616e-05 -5.56392812e-05  0.00000000e+00]","[ 0.          0.05635773 14.35339832  2.46307182  0.83618593  0.33859906
 -0.60884547 -0.60013533]"
1749055013.5528202,"[ 0.00000000e+00 -2.60749037e-01  9.08497259e-01  3.00047441e+00
 -2.05968240e+00  6.65790273e-05  9.60082689e-01  1.57107689e+00]","[ 0.00000000e+00 -2.10462568e-02  6.45872957e-01  2.32013729e-01
  7.73559147e-01 -1.05739739e-05 -3.70928568e-05  0.00000000e+00]","[ 0.          0.05146498 14.08445644  2.47030926  0.95218194  0.3522056
 -0.60109472 -0.60680419]"
1749055013.5546327,"[ 0.00000000e+00 -2.60788984e-01  9.09765057e-01  3.00093727e+00
 -2.05815374e+00  6.65790273e-05  9.60082689e-01  1.57107689e+00]","[ 0.00000000e+00 -2.05274085e-02  6.41211426e-01  2.35795101e-01
  7.76530236e-01 -1.05819570e-05 -3.70928568e-05  0.00000000e+00]","[ 0.          0.12017456 13.73963547  2.48345208  1.13819432  0.35501483
 -0.58102459 -0.59953278]"
1749055013.5570295,"[ 0.00000000e+00 -2.60829465e-01  9.11162417e-01  3.00142543e+00
 -2.05655718e+00  6.65790273e-05  9.60082689e-01  1.57107689e+00]","[ 0.00000000e+00 -1.94273149e-02  6.33378603e-01  2.39576457e-01
  7.79406783e-01 -1.05740785e-05 -3.70932266e-05  0.00000000e+00]","[ 0.          0.13182898 13.2183075   2.50449133  1.1434989   0.35489023
 -0.58408743 -0.5962922 ]"
1749055013.5594072,"[ 0.00000000e+00 -2.60867281e-01  9.12398989e-01  3.00189840e+00
 -2.05501707e+00  6.55137628e-05  9.60082689e-01  1.57107689e+00]","[ 0.00000000e+00 -1.89068230e-02  6.23655069e-01  2.39846551e-01
  7.81121926e-01 -2.11639139e-05 -4.76908124e-05  0.00000000e+00]","[ 0.          0.17095262 12.78356457  2.54623413  0.85719734  0.34272429
 -0.56796175 -0.60680753]"
1749055013.5611525,"[ 0.00000000e+00 -2.60918947e-01  9.14259207e-01  3.00263077e+00
 -2.05264393e+00  6.55137628e-05  9.60082689e-01  1.57107689e+00]","[ 0.00000000e+00 -1.56656540e-02  6.07719313e-01  2.44168113e-01
  7.81932192e-01 -2.11641232e-05 -3.70928568e-05  0.00000000e+00]","[ 0.          0.26015204 12.40280151  2.504246    0.24412657  0.3401216
 -0.57847005 -0.60476577]"
1749055013.5633886,"[ 0.00000000e+00 -2.60946644e-01  9.15439787e-01  3.00313571e+00
 -2.05104417e+00  6.55137628e-05  9.60081757e-01  1.57107689e+00]","[ 0.00000000e+00 -1.29515433e-02  5.96105134e-01  2.47257696e-01
  7.80892960e-01 -2.11481571e-05 -5.56387285e-05  0.00000000e+00]","[ 0.          0.21500233 12.31016922  2.51664329  0.05054539  0.32554704
 -0.63143164 -0.61695355]"
1749055013.5651767,"[ 0.00000000e+00 -2.60965818e-01  9.16644201e-01  3.00362706e+00
 -2.04950672e+00  6.55137628e-05  9.60081757e-01  1.57107689e+00]","[ 0.00000000e+00 -8.64311923e-03  5.85301222e-01  2.49570069e-01
  7.80311592e-01 -2.11639139e-05 -5.56392812e-05  0.00000000e+00]","[ 0.          0.23464821 12.3507843   2.50797391 -0.01665842  0.32594708
 -0.63203192 -0.61239499]"
1749055013.5663397,"[ 0.00000000e+00 -2.60972210e-01  9.17216848e-01  3.00387340e+00
 -2.04873920e+00  6.55137628e-05  9.60081757e-01  1.57107689e+00]","[ 0.00000000e+00 -6.01844290e-03  5.80121174e-01  2.49840163e-01
  7.78420948e-01 -2.11639139e-05 -5.56392812e-05  0.00000000e+00]","[ 0.          0.1993012  12.53011703  2.48077297 -0.0190663   0.31242573
 -0.61764657 -0.61285126]"
1749055013.568057,"[ 0.00000000e+00 -2.60977536e-01  9.18388239e-01  3.00438446e+00
 -2.04714530e+00  6.55137628e-05  9.60081757e-01  1.57107689e+00]","[ 0.00000000e+00 -1.62223012e-03  5.69495161e-01  2.48759769e-01
  7.79369965e-01 -2.11481571e-05 -4.77269018e-05  0.00000000e+00]","[ 0.          0.09266874 12.47082615  2.51454473 -0.16996561  0.29801947
 -0.60757589 -0.58895683]"
1749055013.5691977,"[ 0.00000000e+00 -2.60978069e-01  9.18943841e-01  3.00463054e+00
 -2.04638017e+00  6.55137628e-05  9.60081757e-01  1.57107689e+00]","[ 0.00000000e+00 -5.39647625e-04  5.63423354e-01  2.49570069e-01
  7.75203782e-01 -2.11641232e-05 -4.76912879e-05  0.00000000e+00]","[ 0.          0.08953781 12.30171013  2.57466316 -0.24677444  0.30356106
 -0.6261391  -0.58738613]"
1749055013.5709295,"[ 0.00000000e+00 -2.60976471e-01  9.20043127e-01  3.00514480e+00
 -2.04485445e+00  6.55137628e-05  9.60081757e-01  1.57107689e+00]","[ 0.00000000e+00  7.80222976e-04  5.55050309e-01  2.51771538e-01
  7.73559147e-01 -2.11479478e-05 -5.56392812e-05  0.00000000e+00]","[ 0.          0.04555321 12.28759289  2.58031297 -0.38192263  0.3013061
 -0.66621041 -0.58953846]"
1749055013.5727203,"[ 0.00000000e+00 -2.60976471e-01  9.20625361e-01  3.00539593e+00
 -2.04403366e+00  6.55137628e-05  9.60081757e-01  1.57107689e+00]","[ 0.00000000e+00  5.26663382e-04  5.47664164e-01  2.54701914e-01
  7.72868390e-01 -2.11639139e-05 -5.56813848e-05  0.00000000e+00]","[ 0.          0.05521293 12.44655991  2.55393887 -0.48221022  0.30111906
 -0.65171528 -0.60460597]"
1749055013.573907,"[ 0.00000000e+00 -2.60977536e-01  9.21692090e-01  3.00590646e+00
 -2.04251566e+00  6.55137628e-05  9.60081757e-01  1.57107689e+00]","[ 0.00000000e+00 -3.60008242e-04  5.39384663e-01  2.60103870e-01
  7.68427303e-01 -2.11639139e-05 -4.76908124e-05  0.00000000e+00]","[ 0.          0.04738975 12.58091259  2.55261612 -0.5556283   0.3069101
 -0.64938909 -0.59381831]"
1749055013.575691,"[ 0.00000000e+00 -2.60977536e-01  9.22219263e-01  3.00618529e+00
 -2.04175906e+00  6.55137628e-05  9.60081757e-01  1.57107689e+00]","[ 0.00000000e+00 -2.64925248e-04  5.34793007e-01  2.62554577e-01
  7.66569481e-01 -2.11641232e-05 -3.70928568e-05  0.00000000e+00]","[ 0.          0.03629582 12.51536751  2.56670785 -0.54334337  0.30359188
 -0.6476754  -0.59926081]"
1749055013.5768845,"[ 0.00000000e+00 -2.60977536e-01  9.22780391e-01  3.00670594e+00
 -2.04019232e+00  6.55137628e-05  9.60080758e-01  1.57107689e+00]","[ 0.00000000e+00 -2.12755037e-04  5.28369130e-01  2.64425431e-01
  7.63565569e-01 -2.11961286e-05 -4.76908124e-05  0.00000000e+00]","[ 0.          0.04413953 12.66588783  2.52729106 -0.56878895  0.30127293
 -0.66665834 -0.60425925]"
1749055013.5786147,"[ 0.00000000e+00 -2.60977536e-01  9.23806174e-01  3.00724869e+00
 -2.03868843e+00  6.55137628e-05  9.60081757e-01  1.57107689e+00]","[ 0.00000000e+00  0.00000000e+00  5.17791886e-01  2.64311847e-01
  7.62215080e-01 -2.11799045e-05 -3.70928568e-05  0.00000000e+00]","[ 0.          0.06131286 12.71887112  2.48985553 -0.74883288  0.27013806
 -0.65541053 -0.60370749]"
1749055013.5797856,"[ 0.00000000e+00 -2.60977536e-01  9.24312707e-01  3.00750862e+00
 -2.03788203e+00  6.55137628e-05  9.60081757e-01  1.57107689e+00]","[ 0.00000000e+00  0.00000000e+00  5.13725405e-01  2.63615131e-01
  7.59326882e-01 -2.11959173e-05 -3.70372172e-05  0.00000000e+00]","[ 0.          0.08437034 12.62374592  2.48445487 -0.88160133  0.25598544
 -0.6635558  -0.586092  ]"
1749055013.5815747,"[ 0.00000000e+00 -2.60977536e-01  9.24853129e-01  3.00776908e+00
 -2.03713527e+00  6.55137628e-05  9.60081757e-01  1.57107689e+00]","[ 0.00000000e+00  0.00000000e+00  5.08809210e-01  2.64155337e-01
  7.57353346e-01 -2.11959173e-05 -3.70372172e-05  0.00000000e+00]","[ 0.          0.07240644 12.76882076  2.41894555 -0.87499499  0.26344755
 -0.66219646 -0.59259993]"
1749055013.5832956,"[ 0.00000000e+00 -2.60977536e-01  9.25839031e-01  3.00831556e+00
 -2.03564657e+00  6.55137628e-05  9.60081757e-01  1.57107689e+00]","[ 0.00000000e+00  0.00000000e+00  4.96979349e-01  2.68071482e-01
  7.54112146e-01 -2.11799045e-05 -2.91006692e-05  0.00000000e+00]","[ 0.          0.07117773 12.91695499  2.37316155 -0.86700445  0.24628258
 -0.67538381 -0.583956  ]"
1749055013.5850961,"[ 0.00000000e+00 -2.60977536e-01  9.26842377e-01  3.00884446e+00
 -2.03410939e+00  6.55137628e-05  9.60081757e-01  1.57107689e+00]","[ 0.00000000e+00  0.00000000e+00  4.87744638e-01  2.67395405e-01
  7.50549968e-01 -2.11959173e-05 -1.85184257e-05  0.00000000e+00]","[ 0.          0.09960185 13.11553669  2.32709026 -0.85962212  0.24801175
 -0.67350423 -0.57568383]"
1749055013.5868366,"[ 0.00000000e+00 -2.60977536e-01  9.27788266e-01  3.00939786e+00
 -2.03263799e+00  6.55137628e-05  9.60081757e-01  1.57107689e+00]","[ 0.00000000e+00  0.00000000e+00  4.76992158e-01  2.71177859e-01
  7.43904249e-01 -2.11959173e-05 -2.91003827e-05  0.00000000e+00]","[ 0.          0.11541483 13.26307297  2.32222271 -0.8648091   0.25584239
 -0.6588006  -0.59517759]"
1749055013.5885787,"[ 0.00000000e+00 -2.60977536e-01  9.28253919e-01  3.00966498e+00
 -2.03190563e+00  6.55137628e-05  9.60081757e-01  1.57107689e+00]","[ 0.00000000e+00  0.00000000e+00  4.72130391e-01  2.70907765e-01
  7.42768078e-01 -2.11959173e-05 -2.91006692e-05  0.00000000e+00]","[ 0.          0.13792419 13.31371117  2.35039282 -0.83673811  0.24812497
 -0.66377097 -0.60434914]"
1749055013.5902865,"[ 0.00000000e+00 -2.60977536e-01  9.29208529e-01  3.01019868e+00
 -2.03039082e+00  6.55137628e-05  9.60081757e-01  1.57107689e+00]","[ 0.00000000e+00  0.00000000e+00  4.64837757e-01  2.70637670e-01
  7.38176389e-01 -1.05979587e-05 -1.85186086e-05  0.00000000e+00]","[ 0.          0.17994347 13.55428123  2.28954411 -0.7016319   0.24201193
 -0.6623292  -0.59351325]"
1749055013.5914068,"[ 0.00000000e+00 -2.60977536e-01  9.29662731e-01  3.01048896e+00
 -2.02966537e+00  6.55137628e-05  9.60081757e-01  1.57107689e+00]","[ 0.00000000e+00  0.00000000e+00  4.60786290e-01  2.73080488e-01
  7.35745522e-01 -1.05979587e-05 -1.85184257e-05  0.00000000e+00]","[ 0.          0.16721103 13.73111916  2.24749398 -0.61247092  0.2503446
 -0.64484435 -0.58025205]"
1749055013.5931895,"[ 0.00000000e+00 -2.60977536e-01  9.30591176e-01  3.01103677e+00
 -2.02816335e+00  6.55137628e-05  9.60081757e-01  1.57107689e+00]","[ 0.00000000e+00  0.00000000e+00  4.51884774e-01  2.78200399e-01
  7.31304501e-01 -1.05979587e-05 -2.91003827e-05  0.00000000e+00]","[ 0.          0.21776666 13.93072128  2.26543927 -0.43970075  0.20821884
 -0.64542854 -0.59781069]"
1749055013.5949225,"[ 0.00000000e+00 -2.60977004e-01  9.31468222e-01  3.01161388e+00
 -2.02672604e+00  6.49811306e-05  9.60081757e-01  1.57107689e+00]","[ 0.00000000e+00  2.51657081e-05  4.42959856e-01  2.83062166e-01
  7.28182811e-01 -1.59089679e-05 -3.70368514e-05  0.00000000e+00]","[ 0.          0.27046287 14.04153252  2.27605939 -0.28406841  0.19217409
 -0.61914676 -0.60586476]"
1749055013.5960515,"[ 0.00000000e+00 -2.60977004e-01  9.31901718e-01  3.01189431e+00
 -2.02595453e+00  6.49811306e-05  9.60081757e-01  1.57107689e+00]","[ 0.00000000e+00  2.40455151e-05  4.39718689e-01  2.84412655e-01
  7.26476257e-01 -1.58969375e-05 -2.91003827e-05  0.00000000e+00]","[ 0.          0.28443125 14.12192345  2.33212614 -0.24454477  0.19127806
 -0.60078233 -0.60997957]"
1749055013.597794,"[ 0.00000000e+00 -2.60977004e-01  9.32789349e-01  3.01247382e+00
 -2.02452840e+00  6.49811306e-05  9.60081757e-01  1.57107689e+00]","[ 0.00000000e+00  2.30966664e-05  4.31979276e-01  2.82365283e-01
  7.21160254e-01 -1.58969375e-05 -2.91003827e-05  0.00000000e+00]","[ 0.          0.30435768 13.9999485   2.38437963 -0.33944717  0.17901164
 -0.59174985 -0.60637939]"
1749055013.5991192,"[ 0.00000000e+00 -2.60977004e-01  9.33210395e-01  3.01275212e+00
 -2.02381920e+00  6.49811306e-05  9.60081757e-01  1.57107689e+00]","[ 0.00000000e+00  2.30198043e-05  4.26591435e-01  2.81965876e-01
  7.19269610e-01 -1.59089679e-05 -2.91003827e-05  0.00000000e+00]","[ 0.          0.33954909 13.75747108  2.36667418 -0.57543612  0.16400987
 -0.59174985 -0.60695344]"
1749055013.6008253,"[ 0.00000000e+00 -2.60977004e-01  9.34069997e-01  3.01331111e+00
 -2.02235553e+00  6.49811306e-05  9.60081757e-01  1.57107689e+00]","[ 0.00000000e+00  2.20789347e-05  4.17278727e-01  2.84142544e-01
  7.12517165e-01 -1.58967790e-05 -2.91226556e-05  0.00000000e+00]","[ 0.          0.34018421 13.56287861  2.40491915 -0.84098774  0.16099684
 -0.60490191 -0.60402697]"
1749055013.6025429,"[ 0.00000000e+00 -2.60976471e-01  9.34478193e-01  3.01359341e+00
 -2.02165512e+00  6.49811306e-05  9.60081757e-01  1.57107689e+00]","[ 0.00000000e+00  4.41578693e-05  4.14059431e-01  2.86303333e-01
  7.10356343e-01 -1.58969375e-05 -2.91006692e-05  0.00000000e+00]","[ 0.          0.3314825  13.64717579  2.47182155 -0.85661447  0.14790983
 -0.6120792  -0.60080808]"
1749055013.604228,"[ 0.00000000e+00 -2.60976471e-01  9.35282268e-01  3.01418756e+00
 -2.02026149e+00  6.49811306e-05  9.60081757e-01  1.57107689e+00]","[ 0.00000000e+00  4.24239132e-05  4.04735704e-01  2.90624878e-01
  7.05224498e-01 -1.58969375e-05 -2.91003827e-05  0.00000000e+00]","[ 0.          0.34608868 13.64213467  2.47759533 -0.92943519  0.14808351
 -0.60426515 -0.59921944]"
1749055013.6053147,"[ 0.00000000e+00 -2.60976471e-01  9.35678080e-01  3.01447651e+00
 -2.01951660e+00  6.49811306e-05  9.60081757e-01  1.57107689e+00]","[ 0.00000000e+00  4.08194212e-05  4.01364841e-01  2.92758835e-01
  7.00739535e-01 -1.58969375e-05 -2.91223691e-05  0.00000000e+00]","[ 0.          0.34361351 13.54631901  2.4621768  -0.90547717  0.12984975
 -0.6109851  -0.60127825]"
1749055013.6070406,"[ 0.00000000e+00 -2.60976471e-01  9.36484885e-01  3.01507519e+00
 -2.01813948e+00  6.49811306e-05  9.60081757e-01  1.57107689e+00]","[ 0.00000000e+00  3.93333240e-05  3.92181530e-01  2.91894473e-01
  6.96954916e-01 -1.59091264e-05 -2.91003827e-05  0.00000000e+00]","[ 0.          0.30859321 13.70205402  2.49626136 -0.80017418  0.10140328
 -0.60002327 -0.59602082]"
1749055013.6087189,"[ 0.00000000e+00 -2.60976471e-01  9.36868779e-01  3.01536414e+00
 -2.01745585e+00  6.49811306e-05  9.60081757e-01  1.57107689e+00]","[ 0.00000000e+00  3.92247023e-05  3.89480552e-01  2.93055778e-01
  6.93340208e-01 -1.59089679e-05 -2.91226556e-05  0.00000000e+00]","[ 0.          0.29278272 13.88554001  2.54202914 -0.78536773  0.0944401
 -0.58938771 -0.59645849]"
1749055013.6103764,"[ 0.00000000e+00 -2.60975938e-01  9.37659006e-01  3.01594445e+00
 -2.01603984e+00  6.39158662e-05  9.60081757e-01  1.57107689e+00]","[ 0.00000000e+00  5.67757450e-05  3.84428036e-01  2.95457083e-01
  6.90099074e-01 -2.64948971e-05 -2.91003827e-05  0.00000000e+00]","[ 0.          0.29883429 13.93166828  2.58546114 -0.81672543  0.07215399
 -0.57973421 -0.59134394]"
1749055013.611535,"[ 0.00000000e+00 -2.60975938e-01  9.38035111e-01  3.01623926e+00
 -2.01536287e+00  6.39158662e-05  9.60081757e-01  1.57107689e+00]","[ 0.00000000e+00  5.69294814e-05  3.81377651e-01  2.98997889e-01
  6.86587763e-01 -2.65149452e-05 -2.91003827e-05  0.00000000e+00]","[ 0.          0.29927585 13.84001064  2.58052897 -0.86665338  0.05928299
 -0.59340912 -0.60345685]"
1749055013.6132157,"[ 0.00000000e+00 -2.60975938e-01  9.38773472e-01  3.01685418e+00
 -2.01396737e+00  6.39158662e-05  9.60081757e-01  1.57107689e+00]","[ 0.00000000e+00  5.48521053e-05  3.72194306e-01  3.00348378e-01
  6.80474077e-01 -2.64948971e-05 -2.91220786e-05  0.00000000e+00]","[ 0.          0.29900244 13.764575    2.61180949 -1.09113693  0.06587923
 -0.61959678 -0.61413264]"
1749055013.6143348,"[ 0.00000000e+00 -2.60975938e-01  9.39136261e-01  3.01715033e+00
 -2.01330105e+00  6.39158662e-05  9.60081757e-01  1.57107689e+00]","[ 0.00000000e+00  5.48521053e-05  3.67872761e-01  3.00348378e-01
  6.75099152e-01 -2.64948971e-05 -2.91003827e-05  0.00000000e+00]","[ 0.          0.26656348 13.80148029  2.66190815 -1.22528791  0.04618225
 -0.6134035  -0.61413264]"
1749055013.616026,"[ 0.00000000e+00 -2.60975938e-01  9.39880149e-01  3.01776365e+00
 -2.01197906e+00  6.39158662e-05  9.60081757e-01  1.57107689e+00]","[ 0.00000000e+00  5.29245075e-05  3.61024276e-01  2.97883223e-01
  6.68221139e-01 -2.64948971e-05 -2.91223691e-05  0.00000000e+00]","[ 0.          0.20476304 13.68693256  2.62858486 -1.48143923  0.02691854
 -0.62834388 -0.5988372 ]"
1749055013.6176789,"[ 0.00000000e+00 -2.60975938e-01  9.40232818e-01  3.01805820e+00
 -2.01127518e+00  6.39158662e-05  9.60081757e-01  1.57107689e+00]","[ 0.00000000e+00  5.12507748e-05  3.57609071e-01  2.98727811e-01
  6.62781034e-01 -2.64948971e-05 -2.91223691e-05  0.00000000e+00]","[ 0.          0.19797735 13.56103611  2.67788315 -1.58574939  0.02427779
 -0.63157076 -0.59323972]"
1749055013.6188416,"[ 0.00000000e+00 -2.60975938e-01  9.40949142e-01  3.01865288e+00
 -2.00998168e+00  6.39158662e-05  9.60081757e-01  1.57107689e+00]","[ 0.00000000e+00  4.97957727e-05  3.46812783e-01  3.02779278e-01
  6.53905983e-01 -2.65149452e-05 -2.91006692e-05  0.00000000e+00]","[ 0.00000000e+00  1.28346846e-01  1.34895401e+01  2.65434051e+00
 -1.74653268e+00 -3.76193901e-03 -6.65990710e-01 -5.89938819e-01]"
1749055013.6205068,"[ 0.00000000e+00 -2.60975938e-01  9.41285699e-01  3.01897646e+00
 -2.00929326e+00  6.39158662e-05  9.60081757e-01  1.57107689e+00]","[ 0.00000000e+00  4.96781175e-05  3.41403204e-01  3.04683672e-01
  6.48236446e-01 -2.65149452e-05 -1.85325998e-05  0.00000000e+00]","[ 0.00000000e+00  1.36020690e-01  1.34916058e+01  2.64325786e+00
 -1.87528443e+00 -6.53152447e-03 -6.60496235e-01 -6.03152812e-01]"
1749055013.622191,"[ 0.00000000e+00 -2.60975406e-01  9.41949225e-01  3.01958259e+00
 -2.00803065e+00  6.39158662e-05  9.60081757e-01  1.57107689e+00]","[ 0.00000000e+00  6.42674094e-05  3.35121173e-01  3.08181234e-01
  6.37970226e-01 -2.64948971e-05 -1.05820616e-05  0.00000000e+00]","[ 0.          0.07105804 13.43871975  2.65296865 -2.02389073 -0.0240743
 -0.6336661  -0.60540974]"
1749055013.623309,"[ 0.00000000e+00 -2.60975406e-01  9.42299631e-01  3.01988752e+00
 -2.00740614e+00  6.28506017e-05  9.60081757e-01  1.57107689e+00]","[ 0.00000000e+00  6.24111330e-05  3.30322356e-01  3.08948258e-01
  6.33378603e-01 -3.71209245e-05 -1.05819570e-05  0.00000000e+00]","[ 0.          0.03283361 13.41706657  2.65331173 -2.02987885 -0.04651596
 -0.62491238 -0.61442637]"
1749055013.6249743,"[ 0.00000000e+00 -2.60975406e-01  9.42940653e-01  3.02051896e+00
 -2.00612676e+00  6.28506017e-05  9.60081757e-01  1.57107689e+00]","[ 0.00000000e+00  6.24093044e-05  3.22766469e-01  3.09197497e-01
  6.21070205e-01 -3.70924870e-05 -1.05899522e-05  0.00000000e+00]","[ 0.00000000e+00 -5.99657698e-03  1.34037228e+01  2.62176585e+00
 -2.06760597e+00 -4.81907651e-02 -6.40902936e-01 -5.91821134e-01]"
1749055013.6266892,"[ 0.00000000e+00 -2.60975406e-01  9.43584406e-01  3.02112776e+00
 -2.00491529e+00  6.28506017e-05  9.60081757e-01  1.57107689e+00]","[ 0.00000000e+00  6.06573543e-05  3.11705196e-01  3.08721423e-01
  6.11500668e-01 -3.71205547e-05 -1.05820616e-05  0.00000000e+00]","[ 0.         -0.08522696 13.41406822  2.57706547 -2.12895226 -0.05319662
 -0.63944215 -0.6024608 ]"
1749055013.6283412,"[ 0.00000000e+00 -2.60975406e-01  9.43886076e-01  3.02143455e+00
 -2.00431714e+00  6.28506017e-05  9.60081757e-01  1.57107689e+00]","[ 0.00000000e+00  5.86308795e-05  3.06020445e-01  3.11152290e-01
  6.06638935e-01 -3.71209245e-05 -1.05820616e-05  0.00000000e+00]","[ 0.         -0.12117902 13.429142    2.52701139 -2.17628956 -0.06272726
 -0.6173169  -0.61163837]"
1749055013.629431,"[ 0.00000000e+00 -2.60975938e-01  9.44473835e-01  3.02207291e+00
 -2.00309368e+00  6.28506017e-05  9.60081757e-01  1.57107689e+00]","[ 0.00000000e+00  4.39743706e-05  2.96026833e-01  3.12232668e-01
  5.94754645e-01 -3.70928568e-05 -1.05819570e-05  0.00000000e+00]","[ 0.         -0.19644791 13.37884426  2.53921676 -2.21355724 -0.07438928
 -0.57789677 -0.60816473]"
1749055013.6311336,"[ 0.00000000e+00 -2.60975938e-01  9.44762256e-01  3.02237944e+00
 -2.00251152e+00  6.28506017e-05  9.60081757e-01  1.57107689e+00]","[ 0.00000000e+00  4.27256522e-05  2.92515555e-01  3.10882179e-01
  5.90433067e-01 -3.71209245e-05 -1.05819570e-05  0.00000000e+00]","[ 0.         -0.23477307 13.34655857  2.53831792 -2.250139   -0.07649922
 -0.57927227 -0.60738486]"
1749055013.6327755,"[ 0.00000000e+00 -2.60975938e-01  9.45343091e-01  3.02301594e+00
 -2.00132321e+00  6.28506017e-05  9.60081757e-01  1.57107689e+00]","[ 0.00000000e+00  2.85410035e-05  2.80361188e-01  3.10451346e-01
  5.77268995e-01 -3.70928568e-05 -1.05900569e-05  0.00000000e+00]","[ 0.         -0.30197188 13.29822731  2.46046114 -2.25892806 -0.07957328
 -0.60909069 -0.59921873]"
1749055013.6338897,"[ 0.00000000e+00 -2.60975938e-01  9.45612670e-01  3.02332087e+00
 -2.00076022e+00  6.28506017e-05  9.60080758e-01  1.57107689e+00]","[ 0.00000000e+00  2.85410035e-05  2.73338648e-01  3.09261612e-01
  5.70986065e-01 -3.70928568e-05 -1.85186086e-05  0.00000000e+00]","[ 0.         -0.34669587 13.27404785  2.34999371 -2.27446055 -0.08332594
 -0.62566358 -0.60417825]"
1749055013.6356041,"[ 0.00000000e+00 -2.60975938e-01  9.45877588e-01  3.02362580e+00
 -2.00020229e+00  6.17853373e-05  9.60081757e-01  1.57107689e+00]","[ 0.00000000e+00  2.78064337e-05  2.68474701e-01  3.08948258e-01
  5.65854221e-01 -4.77269018e-05 -1.05820616e-05  0.00000000e+00]","[ 0.         -0.37192449 13.27382374  2.33082533 -2.27048826 -0.08986708
 -0.62258005 -0.5991804 ]"
1749055013.6367586,"[ 0.00000000e+00 -2.60975938e-01  9.46410286e-01  3.02426416e+00
 -1.99910240e+00  6.17853373e-05  9.60082689e-01  1.57107689e+00]","[ 0.00000000e+00  2.79171969e-05  2.56786903e-01  3.12502779e-01
  5.53678448e-01 -4.76908124e-05  0.00000000e+00  0.00000000e+00]","[ 0.         -0.42685336 13.26215172  2.24672318 -2.19492245 -0.10612676
 -0.58638841 -0.60756016]"
1749055013.6384954,"[ 0.00000000e+00 -2.60975938e-01  9.46901573e-01  3.02488042e+00
 -1.99798521e+00  6.17853373e-05  9.60082689e-01  1.57107689e+00]","[ 0.00000000e+00  2.71087254e-05  2.46869091e-01  3.12502779e-01
  5.43706208e-01 -4.77269018e-05  0.00000000e+00  0.00000000e+00]","[ 0.         -0.49616942 13.24045563  2.12844872 -2.14608383 -0.09875416
 -0.58385044 -0.60799593]"
1749055013.6396847,"[ 0.00000000e+00 -2.60975938e-01  9.47141324e-01  3.02518988e+00
 -1.99745551e+00  6.17853373e-05  9.60081757e-01  1.57107689e+00]","[ 0.00000000e+00  2.63953720e-05  2.43087735e-01  3.13853268e-01
  5.37223874e-01 -4.76908124e-05 -1.05820616e-05  0.00000000e+00]","[ 0.         -0.54601794 13.1809988   2.04431391 -2.0849731  -0.13084577
 -0.61009854 -0.61371678]"
1749055013.6415117,"[ 0.00000000e+00 -2.60975938e-01  9.47393858e-01  3.02552038e+00
 -1.99693006e+00  6.17853373e-05  9.60081757e-01  1.57107689e+00]","[ 0.00000000e+00  2.63953720e-05  2.37504867e-01  3.10910908e-01
  5.32902329e-01 -4.76192757e-05  0.00000000e+00  0.00000000e+00]","[ 0.         -0.60070318 13.18904972  2.02788281 -2.02867675 -0.11381233
 -0.62849045 -0.62438297]"
1749055013.643289,"[ 0.00000000e+00 -2.60976471e-01  9.47842934e-01  3.02612651e+00
 -1.99585921e+00  6.17853373e-05  9.60082689e-01  1.57107689e+00]","[ 0.00000000e+00  0.00000000e+00  2.24451000e-01  3.06830745e-01
  5.20220323e-01 -4.77269018e-05  1.05819570e-05  0.00000000e+00]","[ 0.         -0.67307293 13.07493973  1.88789392 -1.95171702 -0.11749799
 -0.57346284 -0.61140668]"
1749055013.6444514,"[ 0.00000000e+00 -2.60976471e-01  9.48059249e-01  3.02645301e+00
 -1.99535134e+00  6.17853373e-05  9.60082689e-01  1.57107689e+00]","[ 0.00000000e+00  0.00000000e+00  2.19319155e-01  3.07442141e-01
  5.15075894e-01 -4.76192757e-05  1.05820616e-05  0.00000000e+00]","[ 0.         -0.7268213  13.0002594   1.79651344 -1.89303088 -0.12537231
 -0.5442102  -0.61182928]"
1749055013.6462739,"[ 0.00000000e+00 -2.60976471e-01  9.48488085e-01  3.02705835e+00
 -1.99431085e+00  6.17853373e-05  9.60083621e-01  1.57107689e+00]","[ 0.00000000e+00  0.00000000e+00  2.05605740e-01  3.07100823e-01
  5.05549201e-01 -4.76192757e-05  1.85184257e-05  0.00000000e+00]","[ 0.         -0.81919307 12.92434692  1.73453999 -1.81728971 -0.12273853
 -0.53159618 -0.61468679]"
1749055013.647387,"[ 0.00000000e+00 -2.60976471e-01  9.48684626e-01  3.02736142e+00
 -1.99381736e+00  6.17853373e-05  9.60082689e-01  1.57107689e+00]","[ 0.00000000e+00  0.00000000e+00  1.99331932e-01  3.07370934e-01
  5.00490627e-01 -4.76188043e-05  1.05820616e-05  0.00000000e+00]","[ 0.         -0.85062712 12.95384789  1.74121094 -1.83224392 -0.09501157
 -0.55747592 -0.61242342]"
1749055013.6492162,"[ 0.00000000e+00 -2.60977004e-01  9.49072648e-01  3.02798859e+00
 -1.99284504e+00  6.17853373e-05  9.60082689e-01  1.57107689e+00]","[ 0.00000000e+00 -1.12338861e-05  1.86070205e-01  3.05480256e-01
  4.91037204e-01 -4.76188043e-05  1.05899522e-05  0.00000000e+00]","[ 0.         -0.92899269 12.9448328   1.68520057 -1.81941283 -0.0987488
 -0.55569357 -0.59484297]"
1749055013.6503992,"[ 0.00000000e+00 -2.60977004e-01  9.49250348e-01  3.02828660e+00
 -1.99232945e+00  6.17853373e-05  9.60082689e-01  1.57107689e+00]","[ 0.00000000e+00 -1.12519216e-05  1.80155025e-01  3.02239089e-01
  4.85031043e-01 -4.76192757e-05  1.05819570e-05  0.00000000e+00]","[ 0.         -0.9809373  12.89396572  1.62085819 -1.79160798 -0.10167115
 -0.55852622 -0.60251307]"
1749055013.6521204,"[ 0.00000000e+00 -2.60977536e-01  9.49590633e-01  3.02888128e+00
 -1.99138616e+00  6.17853373e-05  9.60083621e-01  1.57107689e+00]","[ 0.00000000e+00 -2.20442107e-05  1.70161413e-01  3.01428789e-01
  4.76451936e-01 -4.76192757e-05  1.85184257e-05  0.00000000e+00]","[ 0.         -1.03619397 13.01351166  1.54403067 -1.90923107 -0.11055787
 -0.53894436 -0.61686915]"
1749055013.6539533,"[ 0.00000000e+00 -2.60977536e-01  9.49921664e-01  3.02949940e+00
 -1.99042982e+00  6.17853373e-05  9.60082689e-01  1.57107689e+00]","[ 0.00000000e+00 -2.15701704e-05  1.58817312e-01  3.02239089e-01
  4.64673940e-01 -4.76188043e-05  0.00000000e+00  0.00000000e+00]","[ 0.         -1.12012339 13.10409927  1.47457278 -1.95869136 -0.09222214
 -0.54110134 -0.59375143]"
1749055013.6551032,"[ 0.00000000e+00 -2.60977536e-01  9.50073664e-01  3.02979688e+00
 -1.98997522e+00  6.17853373e-05  9.60082689e-01  1.57107689e+00]","[ 0.00000000e+00 -2.15706072e-05  1.54225656e-01  3.01698867e-01
  4.61056401e-01 -4.76188043e-05  0.00000000e+00  0.00000000e+00]","[ 0.         -1.19278455 13.20403957  1.45787907 -2.039325   -0.09177872
 -0.55416369 -0.59561986]"
1749055013.656318,"[ 0.00000000e+00 -2.60977536e-01  9.50234852e-01  3.03009302e+00
 -1.98952301e+00  6.17853373e-05  9.60082689e-01  1.57107689e+00]","[ 0.00000000e+00 -2.11483684e-05  1.51714911e-01  3.00348378e-01
  4.58160846e-01 -4.76192757e-05  0.00000000e+00  0.00000000e+00]","[ 0.         -1.23650181 13.21804047  1.40833139 -2.03087902 -0.0861491
 -0.57375211 -0.60718411]"
1749055013.6580703,"[ 0.00000000e+00 -2.60978069e-01  9.50528732e-01  3.03070102e+00
 -1.98862553e+00  6.17853373e-05  9.60082689e-01  1.57107689e+00]","[ 0.00000000e+00 -3.16741331e-05  1.47323808e-01  2.94946456e-01
  4.53223579e-01 -3.70372172e-05  0.00000000e+00  0.00000000e+00]","[ 0.         -1.31430423 13.31789684  1.36304522 -2.09068894 -0.10230324
 -0.56978261 -0.61151516]"
1749055013.6598454,"[ 0.00000000e+00 -2.60978602e-01  9.50672010e-01  3.03098944e+00
 -1.98814802e+00  6.17853373e-05  9.60082689e-01  1.57107689e+00]","[ 0.00000000e+00 -4.14225782e-05  1.45312439e-01  2.92515555e-01
  4.49627845e-01 -3.70648338e-05  0.00000000e+00  0.00000000e+00]","[ 0.         -1.37674224 13.39905548  1.34776533 -2.18496013 -0.09838093
 -0.56153643 -0.61945659]"
1749055013.6610608,"[ 0.00000000e+00 -2.60979134e-01  9.50961762e-01  3.03158120e+00
 -1.98726678e+00  6.17853373e-05  9.60082689e-01  1.57107689e+00]","[ 0.00000000e+00 -4.98663260e-05  1.40179562e-01  2.88885267e-01
  4.44939483e-01 -3.70368514e-05  0.00000000e+00  0.00000000e+00]","[ 0.         -1.44826186 13.43343639  1.32718599 -2.32484603 -0.0592498
 -0.55132771 -0.62063617]"
1749055013.6628163,"[ 0.00000000e+00 -2.60979667e-01  9.51098582e-01  3.03186722e+00
 -1.98682843e+00  6.17853373e-05  9.60082689e-01  1.57107689e+00]","[ 0.00000000e+00 -5.99248672e-05  1.38830105e-01  2.90084689e-01
  4.44580456e-01 -3.70368514e-05  0.00000000e+00  0.00000000e+00]","[ 0.         -1.48383772 13.42916489  1.27881813 -2.4164145  -0.07072937
 -0.55641192 -0.62515026]"
1749055013.6640446,"[ 0.00000000e+00 -2.60980732e-01  9.51367228e-01  3.03243900e+00
 -1.98592642e+00  6.17853373e-05  9.60082689e-01  1.57107689e+00]","[ 0.00000000e+00 -7.69435662e-05  1.35588930e-01  2.89544500e-01
  4.39178500e-01 -3.70651995e-05  1.05820616e-05  0.00000000e+00]","[ 0.         -1.58041382 13.50370121  1.2096746  -2.63375425 -0.08337792
 -0.62040591 -0.6044578 ]"
1749055013.665763,"[ 0.00000000e+00 -2.60981797e-01  9.51635874e-01  3.03302942e+00
 -1.98506701e+00  6.17853373e-05  9.60082689e-01  1.57107689e+00]","[ 0.00000000e+00 -9.28723465e-05  1.30048781e-01  2.87611378e-01
  4.34856922e-01 -3.70368514e-05  1.05899522e-05  0.00000000e+00]","[ 0.         -1.65885568 13.6464777   1.19049489 -2.79086113 -0.08267672
 -0.61621439 -0.61125821]"
1749055013.6674912,"[ 0.00000000e+00 -2.60982863e-01  9.51760777e-01  3.03331199e+00
 -1.98460629e+00  6.17853373e-05  9.60082689e-01  1.57107689e+00]","[ 0.00000000e+00 -1.09420616e-04  1.26547365e-01  2.86573411e-01
  4.33829441e-01 -3.70368514e-05  1.05819570e-05  0.00000000e+00]","[ 0.         -1.72004211 13.74048328  1.18287075 -2.88975883 -0.08267672
 -0.62044603 -0.61186552]"
1749055013.6691835,"[ 0.00000000e+00 -2.60984993e-01  9.52000927e-01  3.03389016e+00
 -1.98376153e+00  6.12527051e-05  9.60082689e-01  1.57107689e+00]","[ 0.00000000e+00 -1.41127333e-04  1.19653181e-01  2.82114513e-01
  4.25673610e-01 -4.23598089e-05  1.05819570e-05  0.00000000e+00]","[ 0.         -1.76638699 13.85743141  1.12588513 -2.96991849 -0.08897719
 -0.62776572 -0.60516614]"
1749055013.670828,"[ 0.00000000e+00 -2.60987656e-01  9.52242875e-01  3.03444569e+00
 -1.98289920e+00  6.12527051e-05  9.60082689e-01  1.57107689e+00]","[ 0.00000000e+00 -1.79153613e-04  1.17222306e-01  2.81171488e-01
  4.19284853e-01 -4.23278279e-05  1.05820616e-05  0.00000000e+00]","[ 0.         -1.86379492 14.03041267  1.07175827 -3.04804134 -0.07458127
 -0.64636135 -0.61688864]"
1749055013.6719613,"[ 0.00000000e+00 -2.60989787e-01  9.52357724e-01  3.03472293e+00
 -1.98248668e+00  6.12527051e-05  9.60082689e-01  1.57107689e+00]","[ 0.00000000e+00 -2.09962245e-04  1.16294061e-01  2.80886596e-01
  4.18380976e-01 -4.23598089e-05  1.05819570e-05  0.00000000e+00]","[ 0.         -1.91307056 14.05402374  1.03924489 -3.10491204 -0.07450093
 -0.64610547 -0.62524813]"
1749055013.673627,"[ 0.00000000e+00 -2.60994048e-01  9.52595078e-01  3.03529284e+00
 -1.98167068e+00  6.12527051e-05  9.60082689e-01  1.57107689e+00]","[ 0.00000000e+00 -2.68480220e-04  1.15601723e-01  2.77600688e-01
  4.12290793e-01 -4.23278279e-05  1.05899522e-05  0.00000000e+00]","[ 0.         -1.9727807  14.11813068  1.00404894 -3.16104603 -0.09273838
 -0.63886166 -0.59945375]"
1749055013.6753037,"[ 0.00000000e+00 -2.60997244e-01  9.52707131e-01  3.03556555e+00
 -1.98126668e+00  6.12527051e-05  9.60082689e-01  1.57107689e+00]","[ 0.00000000e+00 -3.25430581e-04  1.13711036e-01  2.76579815e-01
  4.09737886e-01 -4.23278279e-05  1.05819570e-05  0.00000000e+00]","[ 0.         -2.02700329 14.14856148  0.99740046 -3.15783    -0.10331968
 -0.62160963 -0.59945375]"
1749055013.676986,"[ 0.00000000e+00 -2.61004168e-01  9.52927108e-01  3.03609925e+00
 -1.98043924e+00  6.12527051e-05  9.60082689e-01  1.57107689e+00]","[ 0.00000000e+00 -7.59429383e-04  1.11280161e-01  2.69287181e-01
  4.03255519e-01 -4.23598089e-05  1.05820616e-05  0.00000000e+00]","[ 0.         -2.1228404  14.11439228  0.98716617 -3.07213759 -0.08568783
 -0.62480199 -0.60087383]"
1749055013.6786387,"[ 0.00000000e+00 -2.61013223e-01  9.53147951e-01  3.03664706e+00
 -1.97965254e+00  6.12527051e-05  9.60082689e-01  1.57107689e+00]","[ 0.00000000e+00 -2.51699854e-03  1.06580406e-01  2.66046281e-01
  3.97313374e-01 -4.23278279e-05  1.85324169e-05  0.00000000e+00]","[ 0.         -2.16337562 14.03677559  0.96236634 -2.93023968 -0.07614323
 -0.61877263 -0.60260475]"
1749055013.6803286,"[ 0.00000000e+00 -2.61018016e-01  9.53252213e-01  3.03690965e+00
 -1.97923256e+00  6.12527051e-05  9.60082689e-01  1.57107689e+00]","[ 0.00000000e+00 -3.99940763e-03  1.05878214e-01  2.66316109e-01
  3.95461845e-01 -4.23598089e-05  1.05819570e-05  0.00000000e+00]","[ 0.         -2.17495394 13.96560383  0.9659667  -2.90475941 -0.07547662
 -0.59137839 -0.61402249]"
1749055013.681425,"[ 0.00000000e+00 -2.61030267e-01  9.53460206e-01  3.03743509e+00
 -1.97845971e+00  6.12527051e-05  9.60083621e-01  1.57107689e+00]","[ 0.00000000e+00 -5.76207931e-03  1.00206163e-01  2.66586203e-01
  3.90560963e-01 -4.23278279e-05  1.85604623e-05  0.00000000e+00]","[ 0.         -2.21979165 13.86602116  0.95368731 -2.84214306 -0.08306852
 -0.56892985 -0.60826254]"
1749055013.6831276,"[ 0.00000000e+00 -2.61037724e-01  9.53557079e-01  3.03771739e+00
 -1.97807808e+00  6.12527051e-05  9.60083621e-01  1.57107689e+00]","[ 0.00000000e+00 -6.49337451e-03  9.83154852e-02  2.65814569e-01
  3.87049685e-01 -4.23278279e-05  1.85602774e-05  0.00000000e+00]","[ 0.         -2.2210834  13.78406906  0.9048261  -2.80159783 -0.07867169
 -0.54867828 -0.59941846]"
1749055013.68481,"[ 0.00000000e+00 -2.61055301e-01  9.53745830e-01  3.03823724e+00
 -1.97729325e+00  6.12527051e-05  9.60083621e-01  1.57107689e+00]","[ 0.00000000e+00 -8.91321630e-03  9.45341127e-02  2.62804848e-01
  3.82171140e-01 -4.23598089e-05  1.85604623e-05  0.00000000e+00]","[ 0.         -2.18064165 13.65424538  0.86822796 -2.79688931 -0.10081564
 -0.5544973  -0.58967751]"
1749055013.6864772,"[ 0.00000000e+00 -2.61066486e-01  9.53842237e-01  3.03849423e+00
 -1.97691801e+00  6.12527051e-05  9.60083621e-01  1.57107689e+00]","[ 0.00000000e+00 -1.13440936e-02  9.07781817e-02  2.60644059e-01
  3.80567351e-01 -4.23278279e-05  1.85604623e-05  0.00000000e+00]","[ 0.         -2.19194174 13.57546997  0.89181101 -2.84268379 -0.10341065
 -0.56219715 -0.58801895]"
1749055013.6882093,"[ 0.00000000e+00 -2.61094183e-01  9.54010748e-01  3.03901887e+00
 -1.97617285e+00  6.12527051e-05  9.60083621e-01  1.57107689e+00]","[ 0.00000000e+00 -1.45852636e-02  8.31900202e-02  2.54431819e-01
  3.77596262e-01 -4.23278279e-05  1.85604623e-05  0.00000000e+00]","[ 0.         -2.15382338 13.46267223  0.83079827 -2.75375915 -0.10376524
 -0.53370547 -0.60827327]"
1749055013.6899533,"[ 0.00000000e+00 -2.61133065e-01  9.54164612e-01  3.03957121e+00
 -1.97540879e+00  6.12527051e-05  9.60083621e-01  1.57107689e+00]","[ 0.00000000e+00 -2.10676037e-02  7.16523075e-02  2.50517688e-01
  3.71113928e-01 -4.23282464e-05  1.85604623e-05  0.00000000e+00]","[ 0.         -2.10653281 13.43764973  0.7649495  -2.68469238 -0.09469793
 -0.5260455  -0.60418212]"
1749055013.6911068,"[ 0.00000000e+00 -2.61158631e-01  9.54229793e-01  3.03981729e+00
 -1.97504501e+00  6.12527051e-05  9.60083621e-01  1.57107689e+00]","[ 0.00000000e+00 -2.40737716e-02  6.61738814e-02  2.49570069e-01
  3.68953139e-01 -4.23282464e-05  1.85602774e-05  0.00000000e+00]","[ 0.         -2.06172347 13.47764015  0.70657164 -2.60969305 -0.09656835
 -0.52665448 -0.60490561]"
1749055013.6928072,"[ 0.00000000e+00 -2.61186328e-01  9.54290913e-01  3.04006150e+00
 -1.97468335e+00  6.12527051e-05  9.60083621e-01  1.57107689e+00]","[ 0.00000000e+00 -2.80901368e-02  6.21224186e-02  2.47679391e-01
  3.66792383e-01 -4.23282464e-05  1.85464284e-05  0.00000000e+00]","[ 0.         -2.04196405 13.47085285  0.75547856 -2.60386062 -0.0898933
 -0.53075486 -0.61421478]"
1749055013.6938915,"[ 0.00000000e+00 -2.61254505e-01  9.54408891e-01  3.04056218e+00
 -1.97393846e+00  6.12527051e-05  9.60083621e-01  1.57107689e+00]","[ 0.00000000e+00 -3.51075830e-02  5.61721344e-02  2.43997704e-01
  3.62740916e-01 -4.23278279e-05  1.85604623e-05  0.00000000e+00]","[ 0.         -1.94246387 13.55090427  0.74313939 -2.55522943 -0.11288752
 -0.52597654 -0.61681068]"
1749055013.6957142,"[ 0.00000000e+00 -2.61334400e-01  9.54509425e-01  3.04103862e+00
 -1.97320370e+00  6.01874406e-05  9.60083621e-01  1.57107689e+00]","[ 0.00000000e+00 -4.21352073e-02  4.94278371e-02  2.39846551e-01
  3.57094282e-01 -4.76192757e-05  1.85464284e-05  0.00000000e+00]","[ 0.         -1.84607255 13.64654636  0.72448993 -2.62919545 -0.14204986
 -0.50310785 -0.59422934]"
1749055013.6969032,"[ 0.00000000e+00 -2.61378608e-01  9.54556297e-01  3.04127244e+00
 -1.97285615e+00  6.01874406e-05  9.60084620e-01  1.57107689e+00]","[ 0.00000000e+00 -4.48361812e-02  4.75371550e-02  2.37145590e-01
  3.52477193e-01 -4.76552554e-05  2.91664395e-05  0.00000000e+00]","[ 0.         -1.77822566 13.73886299  0.66859275 -2.67467976 -0.14650898
 -0.50363702 -0.59295595]"
1749055013.698721,"[ 0.00000000e+00 -2.61423882e-01  9.54606830e-01  3.04150493e+00
 -1.97250994e+00  6.01874406e-05  9.60084620e-01  1.57107689e+00]","[ 0.00000000e+00 -4.59165715e-02  4.76011874e-02  2.35795101e-01
  3.51126704e-01 -4.76552554e-05  2.91664395e-05  0.00000000e+00]","[ 0.         -1.70546257 13.7672863   0.76357234 -2.69480395 -0.15732348
 -0.50293654 -0.58914953]"
1749055013.7005198,"[ 0.00000000e+00 -2.61525615e-01  9.54702771e-01  3.04198430e+00
 -1.97182631e+00  6.01874406e-05  9.60084620e-01  1.57107689e+00]","[ 0.00000000e+00 -5.13185192e-02  4.94278371e-02  2.34714707e-01
  3.45454671e-01 -4.76188043e-05  2.91443860e-05  0.00000000e+00]","[ 0.         -1.55964506 13.83727551  0.79969239 -2.77362561 -0.17252134
 -0.5269503  -0.59625882]"
1749055013.7016637,"[ 0.00000000e+00 -2.61577813e-01  9.54754636e-01  3.04221706e+00
 -1.97146066e+00  6.01874406e-05  9.60084620e-01  1.57107689e+00]","[ 0.00000000e+00 -5.28854690e-02  4.88998487e-02  2.36065196e-01
  3.44305084e-01 -4.76547840e-05  2.91443860e-05  0.00000000e+00]","[ 0.         -1.46464729 13.86954975  0.77832365 -2.81489944 -0.16778165
 -0.52642113 -0.60130554]"
1749055013.7034063,"[ 0.00000000e+00 -2.61693927e-01  9.54847447e-01  3.04244903e+00
 -1.97079354e+00  6.01874406e-05  9.60084620e-01  1.57107689e+00]","[ 0.00000000e+00 -5.71214223e-02  4.61398734e-02  2.35254896e-01
  3.35731170e-01 -4.76192757e-05  2.91664395e-05  0.00000000e+00]","[ 0.         -1.30061448 13.8181963   0.87219447 -2.88343453 -0.17449786
 -0.51906812 -0.60308594]"
1749055013.7045226,"[ 0.00000000e+00 -2.61749853e-01  9.54891522e-01  3.04269883e+00
 -1.97046650e+00  6.01874406e-05  9.60084620e-01  1.57107689e+00]","[ 0.00000000e+00 -5.67204709e-02  4.48361812e-02  2.35220807e-01
  3.31679703e-01 -4.76192757e-05  2.91443860e-05  0.00000000e+00]","[ 0.         -1.20240378 13.77777195  0.83430874 -2.90435123 -0.1967461
 -0.5186035  -0.60421497]"
1749055013.7064183,"[ 0.00000000e+00 -2.61861706e-01  9.54979207e-01  3.04316169e+00
 -1.96980257e+00  5.91221762e-05  9.60084620e-01  1.57107689e+00]","[ 0.00000000e+00 -5.36644520e-02  4.26754004e-02  2.34714707e-01
  3.21360153e-01 -5.82007654e-05  2.91664395e-05  0.00000000e+00]","[ 0.         -1.06656671 13.80378723  0.91795069 -2.89016747 -0.21443522
 -0.5192647  -0.5990054 ]"
1749055013.7081194,"[ 0.00000000e+00 -2.61966102e-01  9.55060966e-01  3.04363493e+00
 -1.96917300e+00  5.91221762e-05  9.60084620e-01  1.57107689e+00]","[ 0.00000000e+00 -5.29928527e-02  4.15950101e-02  2.29582862e-01
  3.17634624e-01 -5.82007654e-05  2.91443860e-05  0.00000000e+00]","[ 0.         -0.94339836 13.84527779  1.03048611 -2.76136851 -0.24343617
 -0.48063764 -0.61021918]"
1749055013.7097275,"[ 0.00000000e+00 -2.62016702e-01  9.55103177e-01  3.04385810e+00
 -1.96883824e+00  5.91221762e-05  9.60084620e-01  1.57107689e+00]","[ 0.00000000e+00 -5.12665251e-02  3.96214163e-02  2.26341678e-01
  3.15215941e-01 -5.82013384e-05  2.91446766e-05  0.00000000e+00]","[ 0.         -0.9034611  13.87815571  1.10319126 -2.68670225 -0.24738541
 -0.48063764 -0.62102294]"
1749055013.711392,"[ 0.00000000e+00 -2.62120565e-01  9.55175282e-01  3.04431563e+00
 -1.96822625e+00  5.91221762e-05  9.60085552e-01  1.57107689e+00]","[ 0.00000000e+00 -4.96979357e-02  3.53827707e-02  2.22830417e-01
  3.08991501e-01 -4.76188043e-05  3.71209245e-05  0.00000000e+00]","[ 0.         -0.83840644 13.85893631  1.15675676 -2.5029068  -0.29826343
 -0.45752215 -0.60776454]"
1749055013.7125163,"[ 0.00000000e+00 -2.62216439e-01  9.55235003e-01  3.04475133e+00
 -1.96760573e+00  5.80569118e-05  9.60085552e-01  1.57107689e+00]","[ 0.00000000e+00 -4.80773522e-02  2.83602355e-02  2.21209833e-01
  3.00922156e-01 -5.82007654e-05  3.70932266e-05  0.00000000e+00]","[ 0.         -0.81275421 13.85802841  1.253685   -2.39803934 -0.32107273
 -0.4236061  -0.58858061]"
1749055013.71429,"[ 0.00000000e+00 -2.62268104e-01  9.55262101e-01  3.04498728e+00
 -1.96731145e+00  5.80569118e-05  9.60085552e-01  1.57107689e+00]","[ 0.00000000e+00 -4.86033141e-02  2.55783827e-02  2.22180855e-01
  2.98457700e-01 -5.82007654e-05  3.71209245e-05  0.00000000e+00]","[ 0.         -0.8154133  13.85166454  1.27515137 -2.33896112 -0.34126133
 -0.42996341 -0.58342165]"
1749055013.7154047,"[ 0.00000000e+00 -2.62370370e-01  9.55305244e-01  3.04542804e+00
 -1.96668188e+00  5.80569118e-05  9.60085552e-01  1.57107689e+00]","[ 0.00000000e+00 -5.23989095e-02  2.10462568e-02  2.23370606e-01
  2.95334744e-01 -5.82013384e-05  3.71209245e-05  0.00000000e+00]","[ 0.         -0.77296776 13.91354084  1.3596319  -2.31995368 -0.33867085
 -0.42076516 -0.59253454]"
1749055013.7172053,"[ 0.00000000e+00 -2.62424165e-01  9.55324086e-01  3.04564801e+00
 -1.96637189e+00  5.80569118e-05  9.60086484e-01  1.57107689e+00]","[ 0.00000000e+00 -5.45596902e-02  1.91769216e-02  2.23100511e-01
  2.91894473e-01 -5.82453112e-05  4.76908124e-05  0.00000000e+00]","[ 0.         -0.75339681 13.96768188  1.37775195 -2.3302989  -0.33867085
 -0.40262401 -0.6052987 ]"
1749055013.7189293,"[ 0.00000000e+00 -2.62482222e-01  9.55344260e-01  3.04586799e+00
 -1.96608640e+00  5.80569118e-05  9.60086484e-01  1.57107689e+00]","[ 0.00000000e+00 -5.46675233e-02  1.90584026e-02  2.23100511e-01
  2.89544500e-01 -5.82447383e-05  4.77269018e-05  0.00000000e+00]","[ 0.         -0.74937809 14.00033474  1.40423203 -2.33346176 -0.34617299
 -0.39030141 -0.61297053]"
1749055013.7200048,"[ 0.00000000e+00 -2.62587683e-01  9.55380545e-01  3.04632073e+00
 -1.96556868e+00  5.69916473e-05  9.60086484e-01  1.57107689e+00]","[ 0.00000000e+00 -5.34792999e-02  1.86367264e-02  2.21209833e-01
  2.82263184e-01 -6.87827183e-05  4.76908124e-05  0.00000000e+00]","[ 0.         -0.73800629 14.00642967  1.43319297 -2.44617152 -0.38718814
 -0.41096258 -0.60753667]"
1749055013.7222831,"[ 0.00000000e+00 -2.62690481e-01  9.55418628e-01  3.04676894e+00
 -1.96496095e+00  5.64590151e-05  9.60086484e-01  1.57107689e+00]","[ 0.00000000e+00 -5.18587164e-02  1.94470181e-02  2.17416260e-01
  2.73608743e-01 -7.41289280e-05  4.77264263e-05  0.00000000e+00]","[ 0.         -0.75111324 14.05979156  1.48013353 -2.6580081  -0.39486748
 -0.44260374 -0.60544163]"
1749055013.7239895,"[ 0.00000000e+00 -2.62795943e-01  9.55458176e-01  3.04719744e+00
 -1.96442991e+00  5.64590151e-05  9.60086484e-01  1.57107689e+00]","[ 0.00000000e+00 -5.07783261e-02  1.91769216e-02  2.17968666e-01
  2.67396504e-01 -6.34917418e-05  4.76908124e-05  0.00000000e+00]","[ 0.         -0.76843178 14.09132862  1.49668407 -2.86887121 -0.42265579
 -0.47608683 -0.61039424]"
1749055013.7251546,"[ 0.00000000e+00 -2.62845477e-01  9.55476952e-01  3.04741449e+00
 -1.96415001e+00  5.64590151e-05  9.60086484e-01  1.57107689e+00]","[ 0.00000000e+00 -5.02381288e-02  1.89068230e-02  2.19906399e-01
  2.63309716e-01 -6.35397134e-05  4.76908124e-05  0.00000000e+00]","[ 0.         -0.77551258 14.12785149  1.47860074 -2.97469711 -0.41463971
 -0.47127548 -0.60583258]"
1749055013.7268596,"[ 0.00000000e+00 -2.62942949e-01  9.55511839e-01  3.04786563e+00
 -1.96363922e+00  5.64590151e-05  9.60086484e-01  1.57107689e+00]","[ 0.00000000e+00 -4.66429321e-02  1.65351490e-02  2.19859344e-01
  2.57132797e-01 -6.34917418e-05  4.77269018e-05  0.00000000e+00]","[ 0.         -0.83393759 14.28291893  1.49021053 -3.0614512  -0.41083997
 -0.45987281 -0.60330909]"
1749055013.7280095,"[ 0.00000000e+00 -2.62988756e-01  9.55526553e-01  3.04808028e+00
 -1.96338915e+00  5.64590151e-05  9.60086484e-01  1.57107689e+00]","[ 0.00000000e+00 -4.64567646e-02  1.48553612e-02  2.17698572e-01
  2.53621536e-01 -6.34923676e-05  4.76908124e-05  0.00000000e+00]","[ 0.         -0.88273692 14.35772038  1.48860705 -3.06343651 -0.41145599
 -0.46758729 -0.60245955]"
1749055013.7297843,"[ 0.00000000e+00 -2.63086227e-01  9.55550921e-01  3.04850825e+00
 -1.96288075e+00  5.64590151e-05  9.60086484e-01  1.57107689e+00]","[ 0.00000000e+00 -4.86490830e-02  1.16141912e-02  2.16348083e-01
  2.46756156e-01 -6.35397134e-05  4.77269018e-05  0.00000000e+00]","[ 0.         -0.94443852 14.50289059  1.44084311 -3.07026982 -0.37289724
 -0.4754411  -0.61074924]"
1749055013.7315204,"[ 0.00000000e+00 -2.63137360e-01  9.55561440e-01  3.04873648e+00
 -1.96264107e+00  5.64590151e-05  9.60086484e-01  1.57107689e+00]","[ 0.00000000e+00 -5.18587164e-02  1.00307380e-02  2.14706394e-01
  2.43087735e-01 -6.34923676e-05  4.77269018e-05  0.00000000e+00]","[ 0.         -1.02506316 14.66306496  1.39016056 -3.14333892 -0.36913866
 -0.49800622 -0.61886483]"
1749055013.733199,"[ 0.00000000e+00 -2.63245484e-01  9.55576154e-01  3.04914927e+00
 -1.96217501e+00  5.64590151e-05  9.60086484e-01  1.57107689e+00]","[ 0.00000000e+00 -5.55837048e-02  6.47577163e-03  2.07164771e-01
  2.33634312e-01 -6.35397134e-05  4.76908124e-05  0.00000000e+00]","[ 0.         -1.12676239 14.82412624  1.35981929 -3.20066786 -0.35502923
 -0.48795977 -0.63361847]"
1749055013.7343225,"[ 0.00000000e+00 -2.63301943e-01  9.55580748e-01  3.04935247e+00
 -1.96192894e+00  5.64590151e-05  9.60086484e-01  1.57107689e+00]","[ 0.00000000e+00 -5.72606640e-02  4.59165694e-03  2.06084377e-01
  2.31710062e-01 -6.35403432e-05  5.83322980e-05  0.00000000e+00]","[ 0.         -1.14396846 14.88143063  1.34026873 -3.20684266 -0.33753282
 -0.48279777 -0.61187631]"
1749055013.7360067,"[ 0.00000000e+00 -2.63427644e-01  9.55586274e-01  3.04977485e+00
 -1.96148472e+00  5.64590151e-05  9.60086484e-01  1.57107689e+00]","[ 0.00000000e+00 -6.32028089e-02  1.89068235e-03  2.06354471e-01
  2.23640717e-01 -5.29097849e-05  4.76908124e-05  0.00000000e+00]","[ 0.         -1.21891463 15.02021027  1.2646842  -3.33490396 -0.3365581
 -0.48809931 -0.60915029]"
1749055013.7377198,"[ 0.00000000e+00 -2.63560803e-01  9.55586740e-01  3.05018498e+00
 -1.96126901e+00  5.64590151e-05  9.60086484e-01  1.57107689e+00]","[ 0.00000000e+00 -6.86047607e-02  0.00000000e+00  2.07494504e-01
  2.18778950e-01 -5.29497591e-05  3.71209245e-05  0.00000000e+00]","[ 0.         -1.26094913 15.08209419  1.19823301 -3.4309895  -0.33651072
 -0.50494331 -0.60274553]"
1749055013.7394028,"[ 0.00000000e+00 -2.63634838e-01  9.55586274e-01  3.05040522e+00
 -1.96104210e+00  5.64590151e-05  9.60086484e-01  1.57107689e+00]","[ 0.00000000e+00 -6.96480499e-02 -2.60074325e-04  2.07385514e-01
  2.13453743e-01 -5.29097849e-05  3.71209245e-05  0.00000000e+00]","[ 0.         -1.25875223 15.08814144  1.18025279 -3.47741628 -0.33413211
 -0.52723181 -0.59787071]"
1749055013.7406116,"[ 0.00000000e+00 -2.63774388e-01  9.55585808e-01  3.05081401e+00
 -1.96063331e+00  5.64590151e-05  9.60086484e-01  1.57107689e+00]","[ 0.00000000e+00 -7.13057304e-02 -2.64925248e-04  2.07164771e-01
  2.05544171e-01 -5.29502833e-05  4.76908124e-05  0.00000000e+00]","[ 0.         -1.28739488 15.06681538  1.10094869 -3.67779517 -0.30541652
 -0.53101075 -0.59449875]"
1749055013.7422976,"[ 0.00000000e+00 -2.63852152e-01  9.55586274e-01  3.05101748e+00
 -1.96043650e+00  5.64590151e-05  9.60086484e-01  1.57107689e+00]","[ 0.00000000e+00 -7.32243882e-02 -1.30005425e-04  2.06354471e-01
  1.99602043e-01 -5.30293622e-05  4.77269018e-05  0.00000000e+00]","[ 0.         -1.30005062 15.0500145   1.09297669 -3.77426314 -0.28157827
 -0.53059101 -0.57613891]"
1749055013.74348,"[ 0.00000000e+00 -2.64001822e-01  9.55586740e-01  3.05143293e+00
 -1.96004289e+00  5.64590151e-05  9.60086484e-01  1.57107689e+00]","[ 0.00000000e+00 -7.67076863e-02  1.06377519e-04  2.00479088e-01
  1.88528036e-01 -5.29097849e-05  3.70928568e-05  0.00000000e+00]","[ 0.         -1.31309736 14.97261333  1.05639362 -3.78671288 -0.27284443
 -0.56533462 -0.59791231]"
1749055013.745254,"[ 0.00000000e+00 -2.64079054e-01  9.55586740e-01  3.05162868e+00
 -1.95986232e+00  5.64590151e-05  9.60086484e-01  1.57107689e+00]","[ 0.00000000e+00 -7.82489076e-02  2.12755037e-04  1.98521648e-01
  1.82940541e-01 -5.30298904e-05  2.91443860e-05  0.00000000e+00]","[ 0.         -1.31980526 14.93909931  1.04568648 -3.73605227 -0.28476149
 -0.56087816 -0.61047417]"
1749055013.7463758,"[ 0.00000000e+00 -2.64244170e-01  9.55586274e-01  3.05203081e+00
 -1.95951452e+00  5.64590151e-05  9.60086484e-01  1.57107689e+00]","[ 0.00000000e+00 -8.17505150e-02  8.56321861e-05  1.95348625e-01
  1.75023163e-01 -5.29897943e-05  3.71205547e-05  0.00000000e+00]","[ 0.         -1.30411196 14.8572588   1.0196631  -3.65195704 -0.26810539
 -0.52277917 -0.60605484]"
1749055013.7481072,"[ 0.00000000e+00 -2.64326195e-01  9.55586274e-01  3.05222176e+00
 -1.95933156e+00  5.64590151e-05  9.60086484e-01  1.57107689e+00]","[ 0.00000000e+00 -8.31900202e-02  7.39048415e-05  1.93659898e-01
  1.72277927e-01 -5.30304187e-05  3.70928568e-05  0.00000000e+00]","[ 0.         -1.30428636 14.82939053  1.02784288 -3.5572691  -0.27122715
 -0.48405379 -0.60917437]"
1749055013.749982,"[ 0.00000000e+00 -2.64500366e-01  9.55586274e-01  3.05260153e+00
 -1.95899973e+00  5.64590151e-05  9.60086484e-01  1.57107689e+00]","[ 0.00000000e+00 -8.57628169e-02  0.00000000e+00  1.92309409e-01
  1.66109946e-01 -5.30298904e-05  3.71209245e-05  0.00000000e+00]","[ 0.         -1.34231532 14.71741581  1.04402995 -3.3353219  -0.29309964
 -0.46731639 -0.6141755 ]"
1749055013.75114,"[ 0.00000000e+00 -2.64585054e-01  9.55585808e-01  3.05279168e+00
 -1.95883887e+00  5.64590151e-05  9.60086484e-01  1.57107689e+00]","[ 0.00000000e+00 -8.58909982e-02 -5.80272592e-05  1.92654205e-01
  1.62973591e-01 -5.29897943e-05  3.71209245e-05  0.00000000e+00]","[ 0.         -1.31962705 14.60753155  1.04117358 -3.23015928 -0.26827011
 -0.44933286 -0.61418366]"
1749055013.7528853,"[ 0.00000000e+00 -2.64671873e-01  9.55585342e-01  3.05299568e+00
 -1.95866710e+00  5.64590151e-05  9.60086484e-01  1.57107689e+00]","[ 0.00000000e+00 -8.79625630e-02 -1.04797291e-04  1.92088633e-01
  1.61745657e-01 -5.29897943e-05  2.91443860e-05  0.00000000e+00]","[ 0.         -1.28826654 14.5163002   1.08275843 -3.10249543 -0.26178253
 -0.44371045 -0.60543251]"
1749055013.7540188,"[ 0.00000000e+00 -2.64845511e-01  9.55584876e-01  3.05337038e+00
 -1.95835391e+00  5.64590151e-05  9.60087416e-01  1.57107689e+00]","[ 0.00000000e+00 -8.75115816e-02 -1.66032490e-04  1.89608431e-01
  1.58547218e-01 -5.30293622e-05  4.77269018e-05  0.00000000e+00]","[ 0.         -1.29627836 14.32143021  1.13953161 -2.97462368 -0.26291192
 -0.42885828 -0.60848927]"
1749055013.7558172,"[ 0.00000000e+00 -2.65029270e-01  9.55584876e-01  3.05375361e+00
 -1.95803806e+00  5.64590151e-05  9.60088415e-01  1.57107689e+00]","[ 0.00000000e+00 -9.02125596e-02 -1.52629169e-04  1.86646746e-01
  1.52875167e-01 -5.29897943e-05  5.82013384e-05  0.00000000e+00]","[ 0.         -1.24391329 14.0734005   1.18271637 -2.89081669 -0.25401825
 -0.41301817 -0.6068452 ]"
1749055013.757486,"[ 0.00000000e+00 -2.65118752e-01  9.55584410e-01  3.05393604e+00
 -1.95789105e+00  5.64590151e-05  9.60088415e-01  1.57107689e+00]","[ 0.00000000e+00 -9.07527485e-02 -1.81579164e-04  1.85016775e-01
  1.49093811e-01 -5.30298904e-05  5.82013384e-05  0.00000000e+00]","[ 0.         -1.23905206 13.96918201  1.18190408 -2.90269351 -0.24440314
 -0.41421103 -0.59768277]"
1749055013.7592328,"[ 0.00000000e+00 -2.65303575e-01  9.55583478e-01  3.05429610e+00
 -1.95759944e+00  5.64590151e-05  9.60088415e-01  1.57107689e+00]","[ 0.00000000e+00 -9.02125596e-02 -2.09587722e-04  1.81235403e-01
  1.40681102e-01 -5.29897943e-05  5.82013384e-05  0.00000000e+00]","[ 0.         -1.23489463 13.75694752  1.24473643 -2.94413233 -0.26974884
 -0.41575292 -0.59358311]"
1749055013.760903,"[ 0.00000000e+00 -2.65392525e-01  9.55583012e-01  3.05448705e+00
 -1.95746628e+00  5.64590151e-05  9.60088415e-01  1.57107689e+00]","[ 0.00000000e+00 -9.02125596e-02 -2.29667703e-04  1.79800991e-01
  1.35048741e-01 -5.29903226e-05  5.82013384e-05  0.00000000e+00]","[ 0.         -1.20776021 13.68373203  1.2664752  -2.92833638 -0.2747663
 -0.42222106 -0.59799355]"
1749055013.7620733,"[ 0.00000000e+00 -2.65574152e-01  9.55583012e-01  3.05483832e+00
 -1.95721115e+00  5.64590151e-05  9.60088415e-01  1.57107689e+00]","[ 0.00000000e+00 -8.87720308e-02 -2.16504594e-04  1.78083718e-01
  1.28026201e-01 -5.30298904e-05  5.82013384e-05  0.00000000e+00]","[ 0.         -1.17469621 13.54952621  1.27758968 -2.89750004 -0.28764486
 -0.39253545 -0.59514755]"
1749055013.7638102,"[ 0.00000000e+00 -2.65749388e-01  9.55582613e-01  3.05520663e+00
 -1.95696134e+00  5.64590151e-05  9.60089347e-01  1.57107689e+00]","[ 0.00000000e+00 -9.02125596e-02 -2.33061185e-04  1.81135035e-01
  1.20193379e-01 -5.29897943e-05  6.61372301e-05  0.00000000e+00]","[ 0.         -1.12677419 13.47085953  1.25428569 -2.84882545 -0.29095486
 -0.35054067 -0.58995014]"
1749055013.7649086,"[ 0.00000000e+00 -2.65847393e-01  9.55582147e-01  3.05538666e+00
 -1.95684603e+00  5.64590151e-05  9.60089347e-01  1.57107689e+00]","[ 0.00000000e+00 -9.21959821e-02 -2.34956347e-04  1.82585892e-01
  1.16952203e-01 -5.29897943e-05  6.61372301e-05  0.00000000e+00]","[ 0.         -1.12709773 13.3985672   1.25144053 -2.84726048 -0.287597
 -0.35010636 -0.6006946 ]"
1749055013.7667167,"[ 0.00000000e+00 -2.66030086e-01  9.55581214e-01  3.05574645e+00
 -1.95662472e+00  5.64590151e-05  9.60089347e-01  1.57107689e+00]","[ 0.00000000e+00 -9.23733403e-02 -2.63282098e-04  1.82045703e-01
  1.10469869e-01 -5.29897943e-05  6.61878551e-05  0.00000000e+00]","[ 0.         -1.1565659  13.29499149  1.25508368 -2.79469299 -0.28774139
 -0.34522143 -0.59357345]"
1749055013.7695456,"[ 0.00000000e+00 -2.66122764e-01  9.55580748e-01  3.05592622e+00
 -1.95650887e+00  5.64590151e-05  9.60089347e-01  1.57107689e+00]","[ 0.00000000e+00 -9.39939238e-02 -2.62686252e-04  1.82131074e-01
  1.09084277e-01 -4.76908124e-05  6.61372301e-05  0.00000000e+00]","[ 0.         -1.16088498 13.23041439  1.2770164  -2.76363349 -0.28237575
 -0.34925535 -0.59511995]"
1749055013.771252,"[ 0.00000000e+00 -2.66403993e-01  9.55579816e-01  3.05648095e+00
 -1.95620048e+00  5.53937507e-05  9.60089347e-01  1.57107689e+00]","[ 0.00000000e+00 -9.07527485e-02 -2.76237652e-04  1.82585892e-01
  1.02907141e-01 -5.82887721e-05  6.61872009e-05  0.00000000e+00]","[ 0.         -1.1823796  13.0847435   1.24300194 -2.84065223 -0.27747792
 -0.35631412 -0.6093055 ]"
1749055013.7723985,"[ 0.00000000e+00 -2.66495606e-01  9.55579350e-01  3.05665752e+00
 -1.95609289e+00  5.53937507e-05  9.60089347e-01  1.57107689e+00]","[ 0.00000000e+00 -9.28193948e-02 -2.87026153e-04  1.79074630e-01
  1.01310460e-01 -5.82887721e-05  6.61872009e-05  0.00000000e+00]","[ 0.         -1.1863848  13.04710579  1.2377671  -2.90973973 -0.28728667
 -0.35631412 -0.607759  ]"
1749055013.774182,"[ 0.00000000e+00 -2.66688419e-01  9.55578485e-01  3.05701492e+00
 -1.95590061e+00  5.53937507e-05  9.60090279e-01  1.57107689e+00]","[ 0.00000000e+00 -9.47904752e-02 -2.95940818e-04  1.73402580e-01
  9.58846017e-02 -5.83334602e-05  7.40737029e-05  0.00000000e+00]","[ 0.         -1.16686392 12.95786667  1.19883239 -3.07851648 -0.24933115
 -0.36933395 -0.59153283]"
1749055013.7758996,"[ 0.00000000e+00 -2.66783227e-01  9.55578485e-01  3.05735048e+00
 -1.95570992e+00  5.53937507e-05  9.60090279e-01  1.57107689e+00]","[ 0.00000000e+00 -9.61547045e-02 -2.95952131e-04  1.69719178e-01
  9.16949167e-02 -5.82887721e-05  7.40744343e-05  0.00000000e+00]","[ 0.         -1.16479313 12.95886135  1.19421589 -3.20765185 -0.24961293
 -0.38218933 -0.58931184]"
1749055013.777017,"[ 0.00000000e+00 -2.66979769e-01  9.55578019e-01  3.05752997e+00
 -1.95562497e+00  5.53937507e-05  9.60090279e-01  1.57107689e+00]","[ 0.00000000e+00 -1.00914106e-01 -3.03991451e-04  1.69017935e-01
  8.61610926e-02 -5.82887721e-05  7.40744343e-05  0.00000000e+00]","[ 0.         -1.14311838 12.92428017  1.151824   -3.2770083  -0.25328156
 -0.40593922 -0.60010451]"
1749055013.7788012,"[ 0.00000000e+00 -2.67185897e-01  9.55577553e-01  3.05786287e+00
 -1.95546811e+00  5.53937507e-05  9.60090279e-01  1.57107689e+00]","[ 0.00000000e+00 -1.00476258e-01 -3.13112160e-04  1.68540829e-01
  7.72478753e-02 -5.82893532e-05  7.40744343e-05  0.00000000e+00]","[ 0.         -1.13353896 12.94274044  1.13573778 -3.38657737 -0.23406997
 -0.41467136 -0.60469311]"
1749055013.78057,"[ 0.00000000e+00 -2.67284967e-01  9.55577553e-01  3.05802878e+00
 -1.95539354e+00  5.53937507e-05  9.60090279e-01  1.57107689e+00]","[ 0.00000000e+00 -1.00476258e-01 -3.01696913e-04  1.68270735e-01
  7.56272918e-02 -5.82887721e-05  7.40185509e-05  0.00000000e+00]","[ 0.         -1.14712751 12.97880936  1.13392663 -3.43786263 -0.2373465
 -0.42506319 -0.60014653]"
1749055013.781773,"[ 0.00000000e+00 -2.67487900e-01  9.55577087e-01  3.05837313e+00
 -1.95524946e+00  5.53937507e-05  9.60090279e-01  1.57107689e+00]","[ 0.00000000e+00 -9.83012373e-02 -2.83402570e-04  1.67830415e-01
  6.88050721e-02 -5.83328791e-05  7.40737029e-05  0.00000000e+00]","[ 0.         -1.13274443 13.01137257  1.09529126 -3.46423626 -0.23285973
 -0.41253048 -0.59511274]"
1749055013.783507,"[ 0.00000000e+00 -2.67586437e-01  9.55577087e-01  3.05853984e+00
 -1.95518422e+00  5.53937507e-05  9.60090279e-01  1.57107689e+00]","[ 0.00000000e+00 -9.98348103e-02 -2.83402570e-04  1.69081018e-01
  6.61738814e-02 -5.82887721e-05  6.61372301e-05  0.00000000e+00]","[ 0.         -1.11160469 13.02241802  1.06940627 -3.49057174 -0.21835737
 -0.41093767 -0.59692985]"
1749055013.7852318,"[ 0.00000000e+00 -2.67785641e-01  9.55576154e-01  3.05888739e+00
 -1.95505372e+00  5.53937507e-05  9.60090279e-01  1.57107689e+00]","[ 0.00000000e+00 -1.01556652e-01 -2.90411735e-04  1.69770244e-01
  6.31936502e-02 -5.82887721e-05  6.61378843e-05  0.00000000e+00]","[ 0.         -1.12433982 13.03405952  1.05484116 -3.48065472 -0.21612449
 -0.40386665 -0.58828443]"
1749055013.7869675,"[ 0.00000000e+00 -2.67993368e-01  9.55575222e-01  3.05921629e+00
 -1.95493574e+00  5.53937507e-05  9.60090279e-01  1.57107689e+00]","[ 0.00000000e+00 -1.01556652e-01 -2.98774653e-04  1.65132166e-01
  5.83410544e-02 -5.82887721e-05  6.61372301e-05  0.00000000e+00]","[ 0.         -1.15191627 13.02433777  1.04267704 -3.4854629  -0.20410064
 -0.38955697 -0.59218955]"
1749055013.788109,"[ 0.00000000e+00 -2.68094035e-01  9.55574756e-01  3.05937821e+00
 -1.95487848e+00  5.53937507e-05  9.60090279e-01  1.57107689e+00]","[ 0.00000000e+00 -1.02096849e-01 -3.05270204e-04  1.64219268e-01
  5.38645012e-02 -5.82887721e-05  6.60873364e-05  0.00000000e+00]","[ 0.         -1.17368579 13.02596664  1.03700411 -3.48067999 -0.196384
 -0.40136632 -0.59885669]"
1749055013.7898316,"[ 0.00000000e+00 -2.68302827e-01  9.55573891e-01  3.05971110e+00
 -1.95478421e+00  5.53937507e-05  9.60090279e-01  1.57107689e+00]","[ 0.00000000e+00 -1.02217283e-01 -3.10877797e-04  1.61996427e-01
  4.56464729e-02 -5.83328791e-05  6.61372301e-05  0.00000000e+00]","[ 0.         -1.13528359 13.02384853  1.02330351 -3.46026301 -0.18979037
 -0.4206087  -0.59452516]"
1749055013.7916007,"[ 0.00000000e+00 -2.68405093e-01  9.55573425e-01  3.05987009e+00
 -1.95474160e+00  5.53937507e-05  9.60090279e-01  1.57107689e+00]","[ 0.00000000e+00 -1.03717433e-01 -3.26042568e-04  1.61248196e-01
  4.32155977e-02 -5.83322980e-05  6.61372301e-05  0.00000000e+00]","[ 0.         -1.12427247 13.0153017   0.98880726 -3.45503116 -0.19844806
 -0.43020996 -0.59590232]"
1749055013.7933018,"[ 0.00000000e+00 -2.68613884e-01  9.55572493e-01  3.06018781e+00
 -1.95465931e+00  5.53937507e-05  9.60090279e-01  1.57107689e+00]","[ 0.00000000e+00 -1.05338016e-01 -3.29563682e-04  1.60814999e-01
  3.88691107e-02 -5.82887721e-05  6.61378843e-05  0.00000000e+00]","[ 0.         -1.0799228  12.98425674  0.95625037 -3.44213176 -0.19962744
 -0.41138592 -0.58698702]"
1749055013.7944794,"[ 0.00000000e+00 -2.68720411e-01  9.55572027e-01  3.06034680e+00
 -1.95462389e+00  5.53937507e-05  9.60090279e-01  1.57107689e+00]","[ 0.00000000e+00 -1.07929522e-01 -3.43892542e-04  1.61248196e-01
  3.59229638e-02 -5.83328791e-05  6.61372301e-05  0.00000000e+00]","[ 0.         -1.09733272 12.97030354  0.9574371  -3.42398429 -0.19694954
 -0.41499516 -0.60254967]"
1749055013.796184,"[ 0.00000000e+00 -2.68943051e-01  9.55570628e-01  3.06068156e+00
 -1.95456210e+00  5.53937507e-05  9.60091278e-01  1.57107689e+00]","[ 0.00000000e+00 -1.08689421e-01 -3.67388859e-04  1.64489362e-01
  2.96806203e-02 -4.76908124e-05  7.66613124e-05  0.00000000e+00]","[ 0.         -1.08413422 12.92228127  0.93758506 -3.41887188 -0.19911122
 -0.40007845 -0.60470265]"
1749055013.7973266,"[ 0.00000000e+00 -2.69051708e-01  9.55569696e-01  3.06084454e+00
 -1.95453440e+00  5.53937507e-05  9.60091278e-01  1.57107689e+00]","[ 0.00000000e+00 -1.10088114e-01 -3.77556042e-04  1.65299662e-01
  2.60799204e-02 -4.76908124e-05  7.67199429e-05  0.00000000e+00]","[ 0.         -1.05964351 12.89118195  0.92598391 -3.40758109 -0.22825827
 -0.40604863 -0.58920342]"
1749055013.7990472,"[ 0.00000000e+00 -2.69286066e-01  9.55568365e-01  3.06117824e+00
 -1.95449313e+00  5.53937507e-05  9.60091278e-01  1.57107689e+00]","[ 0.00000000e+00 -1.16141912e-01 -3.87914315e-04  1.62345102e-01
  1.94273149e-02 -4.77273772e-05  6.61378843e-05  0.00000000e+00]","[ 0.         -1.04970181 12.82908535  0.92012179 -3.36731911 -0.23479058
 -0.41674516 -0.58822864]"
1749055013.8001883,"[ 0.00000000e+00 -2.69402180e-01  9.55567899e-01  3.06133723e+00
 -1.95447715e+00  5.53937507e-05  9.60091278e-01  1.57107689e+00]","[ 0.00000000e+00 -1.17762503e-01 -3.91464915e-04  1.61248196e-01
  1.62058481e-02 -4.77269018e-05  6.60873364e-05  0.00000000e+00]","[ 0.         -1.05957949 12.79074574  0.91816604 -3.32844472 -0.24624501
 -0.40388232 -0.58663577]"
1749055013.8024497,"[ 0.00000000e+00 -2.69638669e-01  9.55566500e-01  3.06164909e+00
 -1.95444998e+00  5.53937507e-05  9.60091278e-01  1.57107689e+00]","[ 0.00000000e+00 -1.20881065e-01 -4.04092823e-04  1.56656540e-01
  1.20255622e-02 -4.76908124e-05  6.61372301e-05  0.00000000e+00]","[ 0.         -1.05074489 12.78443909  0.91217709 -3.30132318 -0.24302642
 -0.38788697 -0.60961026]"
1749055013.8082044,"[ 0.00000000e+00 -2.69882614e-01  9.55564703e-01  3.06196121e+00
 -1.95443161e+00  5.53937507e-05  9.60092210e-01  1.57107689e+00]","[ 0.00000000e+00 -1.19284092e-01 -4.46101459e-04  1.51572199e-01
  8.37302164e-03 -4.76908124e-05  7.40178194e-05  0.00000000e+00]","[ 0.         -1.02183497 12.78012466  0.89617223 -3.29724169 -0.24140321
 -0.38019821 -0.61131001]"
1749055013.8093464,"[ 0.00000000e+00 -2.70614984e-01  9.55559643e-01  3.06281076e+00
 -1.95439938e+00  5.53937507e-05  9.60092210e-01  1.57107689e+00]","[ 0.00000000e+00 -1.15244976e-01 -5.54306422e-04  1.38830105e-01
  3.00922145e-03 -3.70928568e-05  7.40737029e-05  0.00000000e+00]","[ 0.         -0.8809225  12.78436565  0.9639529  -3.54338384 -0.29889217
 -0.39104503 -0.60690945]"
1749055013.8110063,"[ 0.00000000e+00 -2.70727369e-01  9.55559643e-01  3.06295031e+00
 -1.95439725e+00  5.53937507e-05  9.60092210e-01  1.57107689e+00]","[ 0.00000000e+00 -1.13981131e-01 -5.73661934e-04  1.41387672e-01
  2.16077981e-03 -3.71209245e-05  7.40737029e-05  0.00000000e+00]","[ 0.         -0.88393861 12.8198185   0.97066855 -3.60339689 -0.3160539
 -0.39693809 -0.60584652]"
1749055013.812764,"[ 0.00000000e+00 -2.70944683e-01  9.55559177e-01  3.06324458e+00
 -1.95439592e+00  5.43284862e-05  9.60092210e-01  1.57107689e+00]","[ 0.00000000e+00 -1.09659578e-01 -6.04951411e-04  1.43276452e-01
  0.00000000e+00 -3.70928568e-05  6.61372301e-05  0.00000000e+00]","[ 0.         -0.84754628 12.88022232  0.94072193 -3.82511902 -0.33756179
 -0.45194232 -0.60095274]"
1749055013.814467,"[ 0.00000000e+00 -2.71061329e-01  9.55559643e-01  3.06338653e+00
 -1.95439619e+00  5.43284862e-05  9.60092210e-01  1.57107689e+00]","[ 0.00000000e+00 -1.09733256e-01 -5.67737311e-04  1.43961950e-01
 -1.29973696e-04 -3.71209245e-05  6.61372301e-05  0.00000000e+00]","[ 0.         -0.85041744 12.90892506  0.94051421 -3.9163096  -0.32397789
 -0.45992547 -0.58824033]"
1749055013.8162496,"[ 0.00000000e+00 -2.71279709e-01  9.55559177e-01  3.06367921e+00
 -1.95439752e+00  5.43284862e-05  9.60092210e-01  1.57107689e+00]","[ 0.00000000e+00 -1.10852391e-01 -5.50318312e-04  1.42687261e-01
 -3.97387880e-04 -3.70924870e-05  6.60873364e-05  0.00000000e+00]","[ 0.         -0.91405344 13.05789948  0.91021329 -4.11717319 -0.34836176
 -0.45811763 -0.60762537]"
1749055013.8180368,"[ 0.00000000e+00 -2.71510871e-01  9.55558711e-01  3.06396018e+00
 -1.95439805e+00  5.43284862e-05  9.60092210e-01  1.57107689e+00]","[ 0.00000000e+00 -1.12845809e-01 -5.30237031e-04  1.41927328e-01
 -4.25510074e-04 -3.70928568e-05  5.82013384e-05  0.00000000e+00]","[ 0.         -0.95228994 13.11894321  0.90366149 -4.33487272 -0.32185179
 -0.46209714 -0.60598773]"
1749055013.8198557,"[ 0.00000000e+00 -2.71621659e-01  9.55558245e-01  3.06425179e+00
 -1.95439805e+00  5.43284862e-05  9.60092210e-01  1.57107689e+00]","[ 0.00000000e+00 -1.12360547e-01 -5.21095028e-04  1.41934951e-01
 -1.59598153e-04 -2.65149452e-05  5.82007654e-05  0.00000000e+00]","[ 0.         -0.99081063 13.26188278  0.89452803 -4.57853985 -0.35143968
 -0.50208157 -0.59893733]"
1749055013.8210049,"[ 0.00000000e+00 -2.71734044e-01  9.55558245e-01  3.06439001e+00
 -1.95439858e+00  5.43284862e-05  9.60092210e-01  1.57107689e+00]","[ 0.00000000e+00 -1.13981131e-01 -5.04034868e-04  1.40180594e-01
 -2.12755037e-04 -2.64548924e-05  5.82007654e-05  0.00000000e+00]","[ 0.         -1.04923189 13.3074646   0.85437709 -4.70930767 -0.34784341
 -0.52599281 -0.60945231]"
1749055013.8227994,"[ 0.00000000e+00 -2.71970000e-01  9.55557779e-01  3.06466964e+00
 -1.95439991e+00  5.43284862e-05  9.60092210e-01  1.57107689e+00]","[ 0.00000000e+00 -1.15855031e-01 -4.86866711e-04  1.34662666e-01
 -3.39737042e-04 -2.12119566e-05  5.82013384e-05  0.00000000e+00]","[ 0.         -1.0737716  13.38755035  0.80624998 -4.91490364 -0.35461834
 -0.54340541 -0.61296576]"
1749055013.8240092,"[ 0.00000000e+00 -2.72085581e-01  9.55557779e-01  3.06479854e+00
 -1.95440098e+00  5.43284862e-05  9.60091278e-01  1.57107689e+00]","[ 0.00000000e+00 -1.17341316e-01 -4.70931632e-04  1.30594729e-01
 -4.30557077e-04 -2.12119566e-05  4.75833530e-05  0.00000000e+00]","[ 0.         -1.08359873 13.46937275  0.80914509 -5.03980446 -0.36670965
 -0.55939037 -0.61361617]"
1749055013.8257697,"[ 0.00000000e+00 -2.72202228e-01  9.55557779e-01  3.06492797e+00
 -1.95440178e+00  5.32632218e-05  9.60091278e-01  1.57107689e+00]","[ 0.00000000e+00 -1.18182833e-01 -4.62369238e-04  1.31400643e-01
 -4.72034770e-04 -3.17458709e-05  4.76188043e-05  0.00000000e+00]","[ 0.         -1.10512805 13.49967384  0.78880435 -5.14169168 -0.36809444
 -0.5648514  -0.61321765]"
1749055013.8269515,"[ 0.00000000e+00 -2.72438184e-01  9.55556847e-01  3.06518097e+00
 -1.95440258e+00  5.32632218e-05  9.60091278e-01  1.57107689e+00]","[ 0.00000000e+00 -1.19923276e-01 -4.44159126e-04  1.28296304e-01
 -4.56844186e-04 -3.17698567e-05  4.76188043e-05  0.00000000e+00]","[ 0.         -1.07295036 13.57406807  0.8057912  -5.3056488  -0.38213888
 -0.56730992 -0.58631051]"
1749055013.828772,"[ 0.00000000e+00 -2.72566015e-01  9.55556380e-01  3.06544569e+00
 -1.95440364e+00  5.32632218e-05  9.60091278e-01  1.57107689e+00]","[ 0.00000000e+00 -1.20368864e-01 -4.10994871e-04  1.29106596e-01
 -4.66597559e-04 -3.17461838e-05  4.76188043e-05  0.00000000e+00]","[ 0.         -1.09377944 13.65898132  0.78442729 -5.51126575 -0.39262912
 -0.59951615 -0.59347665]"
1749055013.829977,"[ 0.00000000e+00 -2.72801972e-01  9.55555981e-01  3.06557325e+00
 -1.95440418e+00  5.32632218e-05  9.60091278e-01  1.57107689e+00]","[ 0.00000000e+00 -1.20341417e-01 -4.13971454e-04  1.29245605e-01
 -4.69441342e-04 -3.17461838e-05  4.76192757e-05  0.00000000e+00]","[ 0.         -1.06227577 13.67091084  0.79444212 -5.5925746  -0.3840524
 -0.60180098 -0.60400194]"
1749055013.8317387,"[ 0.00000000e+00 -2.72930336e-01  9.55555515e-01  3.06570188e+00
 -1.95440497e+00  5.32632218e-05  9.60091278e-01  1.57107689e+00]","[ 0.00000000e+00 -1.20870396e-01 -4.17725562e-04  1.30457085e-01
 -4.93388823e-04 -3.17698567e-05  4.76188043e-05  0.00000000e+00]","[ 0.         -1.03861988 13.69325638  0.81242657 -5.63227558 -0.39777172
 -0.59733671 -0.60031581]"
1749055013.8328989,"[ 0.00000000e+00 -2.73166825e-01  9.55554117e-01  3.06596447e+00
 -1.95440737e+00  5.32632218e-05  9.60091278e-01  1.57107689e+00]","[ 0.00000000e+00 -1.18842890e-01 -4.32183646e-04  1.28026201e-01
 -5.82311746e-04 -3.17458709e-05  4.75828816e-05  0.00000000e+00]","[ 0.         -1.05144835 13.69589996  0.8336159  -5.71459198 -0.41513023
 -0.59582758 -0.58984601]"
1749055013.834742,"[ 0.00000000e+00 -2.73283471e-01  9.55553185e-01  3.06608991e+00
 -1.95440817e+00  5.32632218e-05  9.60091278e-01  1.57107689e+00]","[ 0.00000000e+00 -1.18302692e-01 -4.41578669e-04  1.27215910e-01
 -5.92888383e-04 -3.17458709e-05  4.76188043e-05  0.00000000e+00]","[ 0.         -1.0580709  13.66893005  0.83586633 -5.73952818 -0.42655635
 -0.59550643 -0.59262133]"
1749055013.8364325,"[ 0.00000000e+00 -2.73525819e-01  9.55551387e-01  3.06633731e+00
 -1.95441003e+00  5.21979574e-05  9.60091278e-01  1.57107689e+00]","[ 0.00000000e+00 -1.18422801e-01 -4.67613052e-04  1.25325232e-01
 -6.29390530e-04 -4.23602275e-05  4.75828816e-05  0.00000000e+00]","[ 0.         -1.06548131 13.6293993   0.84398168 -5.77877331 -0.44208553
 -0.61201596 -0.61281741]"
1749055013.8375785,"[ 0.00000000e+00 -2.73767101e-01  9.55549057e-01  3.06659085e+00
 -1.95441190e+00  5.21979574e-05  9.60091278e-01  1.57107689e+00]","[ 0.00000000e+00 -1.23164451e-01 -4.86758878e-04  1.22894348e-01
 -6.59041474e-04 -4.23278279e-05  4.76188043e-05  0.00000000e+00]","[ 0.         -1.07187605 13.54018497  0.88081557 -5.80590439 -0.44417685
 -0.60761797 -0.60746646]"
1749055013.8393445,"[ 0.00000000e+00 -2.73890672e-01  9.55547259e-01  3.06671122e+00
 -1.95441270e+00  5.21979574e-05  9.60091278e-01  1.57107689e+00]","[ 0.00000000e+00 -1.25325232e-01 -4.99342704e-04  1.22084056e-01
 -6.63498172e-04 -4.23598089e-05  4.76188043e-05  0.00000000e+00]","[ 0.         -1.06473053 13.48881054  0.90503335 -5.79354668 -0.43639967
 -0.58755654 -0.59562647]"
1749055013.8410451,"[ 0.00000000e+00 -2.74150596e-01  9.55543531e-01  3.06695304e+00
 -1.95441456e+00  5.21979574e-05  9.60091278e-01  1.57107689e+00]","[ 0.00000000e+00 -1.26945815e-01 -5.38296019e-04  1.16356562e-01
 -6.86610067e-04 -4.23598089e-05  4.76188043e-05  0.00000000e+00]","[ 0.         -1.04747856 13.33879185  0.95674533 -5.76521921 -0.45080331
 -0.56197357 -0.58251882]"
1749055013.842237,"[ 0.00000000e+00 -2.74275232e-01  9.55541267e-01  3.06706516e+00
 -1.95441563e+00  5.16653251e-05  9.60091278e-01  1.57107689e+00]","[ 0.00000000e+00 -1.26277545e-01 -5.71280628e-04  1.13595821e-01
 -7.02119665e-04 -4.76188043e-05  4.76192757e-05  0.00000000e+00]","[ 0.         -1.05663073 13.25661182  0.97876668 -5.76381874 -0.4517054
 -0.56409323 -0.59822851]"
1749055013.84398,"[ 0.00000000e+00 -2.74539418e-01  9.55535741e-01  3.06728380e+00
 -1.95441882e+00  5.16653251e-05  9.60091278e-01  1.57107689e+00]","[ 0.00000000e+00 -1.29898062e-01 -9.12150488e-04  1.09929672e-01
 -8.96602205e-04 -4.76188043e-05  4.75828816e-05  0.00000000e+00]","[ 0.         -0.97191596 13.10229206  0.99898058 -5.72790718 -0.49328667
 -0.56671691 -0.61405015]"
1749055013.8457873,"[ 0.00000000e+00 -2.74668847e-01  9.55532079e-01  3.06739885e+00
 -1.95442015e+00  5.16653251e-05  9.60091278e-01  1.57107689e+00]","[ 0.00000000e+00 -1.31267377e-01 -1.32343099e-03  1.08331975e-01
 -9.37092526e-04 -4.76188043e-05  4.76188043e-05  0.00000000e+00]","[ 0.         -0.9358955  12.99075794  1.02795482 -5.71920633 -0.50391674
 -0.55488503 -0.5974369 ]"
1749055013.8475065,"[ 0.00000000e+00 -2.74940490e-01  9.55524289e-01  3.06761297e+00
 -1.95442415e+00  5.16653251e-05  9.60091278e-01  1.57107689e+00]","[ 0.00000000e+00 -1.31402673e-01 -2.84830072e-03  1.08579183e-01
 -1.19223779e-03 -4.76188043e-05  4.76192757e-05  0.00000000e+00]","[ 0.         -0.88756043 12.81432056  1.0837909  -5.72835636 -0.51766586
 -0.53923899 -0.60763061]"
1749055013.8486779,"[ 0.00000000e+00 -2.75197219e-01  9.55514635e-01  3.06782549e+00
 -1.95442788e+00  5.06000607e-05  9.60091278e-01  1.57107689e+00]","[ 0.00000000e+00 -1.29106596e-01 -4.37235395e-03  1.07929522e-01
 -1.36750305e-03 -5.82007654e-05  4.76192757e-05  0.00000000e+00]","[ 0.         -0.83922011 12.59277725  1.11037648 -5.71644449 -0.5301379
 -0.51846254 -0.62113184]"
1749055013.8504393,"[ 0.00000000e+00 -2.75321855e-01  9.55508177e-01  3.06794080e+00
 -1.95443027e+00  5.06000607e-05  9.60091278e-01  1.57107689e+00]","[ 0.00000000e+00 -1.26405618e-01 -5.26489835e-03  1.08582745e-01
 -1.52344648e-03 -5.82013384e-05  4.76188043e-05  0.00000000e+00]","[ 0.         -0.8270399  12.47477722  1.11304224 -5.73446321 -0.52215493
 -0.51851761 -0.62984556]"
1749055013.852165,"[ 0.00000000e+00 -2.75577518e-01  9.55494395e-01  3.06815758e+00
 -1.95443427e+00  5.06000607e-05  9.60091278e-01  1.57107689e+00]","[ 0.00000000e+00 -1.23879618e-01 -7.02253421e-03  1.10469869e-01
 -1.84758439e-03 -5.82447383e-05  4.76188043e-05  0.00000000e+00]","[ 0.         -0.76762319 12.29439545  1.11545002 -5.7328434  -0.52857733
 -0.51242179 -0.61761093]"
1749055013.853287,"[ 0.00000000e+00 -2.75697893e-01  9.55486606e-01  3.06826917e+00
 -1.95443746e+00  5.06000607e-05  9.60091278e-01  1.57107689e+00]","[ 0.00000000e+00 -1.22084056e-01 -7.42768060e-03  1.13170839e-01
 -2.06492330e-03 -5.82007654e-05  4.76192757e-05  0.00000000e+00]","[ 0.         -0.72681892 12.1974926   1.10760033 -5.75616932 -0.5271281
 -0.49799722 -0.61425078]"
1749055013.8561387,"[ 0.00000000e+00 -2.75934382e-01  9.55467764e-01  3.06850646e+00
 -1.95444545e+00  5.06000607e-05  9.60092210e-01  1.57107689e+00]","[ 0.00000000e+00 -1.19262129e-01 -9.23263854e-03  1.16563889e-01
 -2.75564508e-03 -5.82013384e-05  4.76192757e-05  0.00000000e+00]","[ 0.         -0.71754056 12.05492306  1.12205553 -5.80867338 -0.52663857
 -0.48111653 -0.59826368]"
1749055013.857285,"[ 0.00000000e+00 -2.76173533e-01  9.55447590e-01  3.06874082e+00
 -1.95445557e+00  5.06000607e-05  9.60092210e-01  1.57107689e+00]","[ 0.00000000e+00 -1.16141912e-01 -1.08038994e-02  1.19653181e-01
 -4.25510074e-03 -5.82007654e-05  3.70924870e-05  0.00000000e+00]","[ 0.         -0.75050813 11.83104134  1.0647794  -5.87111568 -0.50875694
 -0.47712585 -0.61010522]"
1749055013.859055,"[ 0.00000000e+00 -2.76403098e-01  9.55424155e-01  3.06898450e+00
 -1.95446916e+00  5.06000607e-05  9.60092210e-01  1.57107689e+00]","[ 0.00000000e+00 -1.16141912e-01 -1.15353491e-02  1.19653181e-01
 -6.31787791e-03 -5.82007654e-05  3.70928568e-05  0.00000000e+00]","[ 0.         -0.79332078 11.6607275   1.01379251 -5.92844582 -0.49997547
 -0.48390946 -0.60615259]"
1749055013.8602283,"[ 0.00000000e+00 -2.76526136e-01  9.55411771e-01  3.06910168e+00
 -1.95447795e+00  5.06000607e-05  9.60092210e-01  1.57107689e+00]","[ 0.00000000e+00 -1.15746041e-01 -1.24244839e-02  1.18842890e-01
 -8.10292405e-03 -5.82447383e-05  3.70928568e-05  0.00000000e+00]","[ 0.         -0.84164155 11.57501316  0.94975519 -5.98430347 -0.49496111
 -0.46514544 -0.60175866]"
1749055013.8620012,"[ 0.00000000e+00 -2.76755168e-01  9.55385139e-01  3.06934003e+00
 -1.95449898e+00  5.06000607e-05  9.60092210e-01  1.57107689e+00]","[ 0.00000000e+00 -1.16024241e-01 -1.40308382e-02  1.16356562e-01
 -1.10338124e-02 -5.82007654e-05  3.70932266e-05  0.00000000e+00]","[ 0.         -0.91850299 11.38122082  0.86644429 -6.08474302 -0.4927218
 -0.46534267 -0.59817046]"
1749055013.8632164,"[ 0.00000000e+00 -2.76870216e-01  9.55370891e-01  3.06945374e+00
 -1.95451203e+00  5.06000607e-05  9.60092210e-01  1.57107689e+00]","[ 0.00000000e+00 -1.16682109e-01 -1.45852636e-02  1.15214765e-01
 -1.32213673e-02 -5.82007654e-05  3.70924870e-05  0.00000000e+00]","[ 0.         -0.92210573 11.32179356  0.86737955 -6.12697506 -0.46899503
 -0.46234885 -0.60338682]"
1749055013.8649573,"[ 0.00000000e+00 -2.77115227e-01  9.55336004e-01  3.06967559e+00
 -1.95454319e+00  5.06000607e-05  9.60092210e-01  1.57107689e+00]","[ 0.00000000e+00 -1.20463473e-01 -1.78264326e-02  1.11820358e-01
 -1.72862385e-02 -5.82447383e-05  2.91443860e-05  0.00000000e+00]","[ 0.         -0.99236113 11.17363644  0.82629949 -6.21989822 -0.48686293
 -0.47399276 -0.60264933]"
1749055013.8661535,"[ 0.00000000e+00 -2.77235602e-01  9.55316230e-01  3.06979330e+00
 -1.95456290e+00  5.06000607e-05  9.60092210e-01  1.57107689e+00]","[ 0.00000000e+00 -1.22084056e-01 -1.99872133e-02  1.10839658e-01
 -1.99872133e-02 -5.82007654e-05  2.91443860e-05  0.00000000e+00]","[ 0.         -1.03100443 11.09941673  0.81516153 -6.25498819 -0.493274
 -0.4671413  -0.58240598]"
1749055013.8678753,"[ 0.00000000e+00 -2.77490200e-01  9.55264831e-01  3.07000023e+00
 -1.95461297e+00  5.06000607e-05  9.60092210e-01  1.57107689e+00]","[ 0.00000000e+00 -1.24882689e-01 -2.70097486e-02  1.03552358e-01
 -2.59293582e-02 -5.82453112e-05  2.91223691e-05  0.00000000e+00]","[ 0.         -1.051705   10.9932394   0.79851967 -6.30790949 -0.48259142
 -0.45828259 -0.58900011]"
1749055013.8696742,"[ 0.00000000e+00 -2.77612173e-01  9.55233139e-01  3.07010862e+00
 -1.95464146e+00  5.06000607e-05  9.60092210e-01  1.57107689e+00]","[ 0.00000000e+00 -1.23704640e-01 -3.21415997e-02  1.01966754e-01
 -2.88711484e-02 -5.82447383e-05  2.91446766e-05  0.00000000e+00]","[ 0.         -1.05722094 10.94706726  0.78817576 -6.33144712 -0.48486212
 -0.4516336  -0.60039061]"
1749055013.8707745,"[ 0.00000000e+00 -2.77858249e-01  9.55149117e-01  3.07030116e+00
 -1.95470804e+00  5.06000607e-05  9.60092210e-01  1.57107689e+00]","[ 0.00000000e+00 -1.24785034e-01 -4.41352496e-02  9.56145072e-02
 -3.36029739e-02 -4.76188043e-05  2.91443860e-05  0.00000000e+00]","[ 0.         -1.05033135 10.91292381  0.78026193 -6.34238434 -0.48791814
 -0.46158215 -0.60074127]"
1749055013.8725085,"[ 0.00000000e+00 -2.77991407e-01  9.55100447e-01  3.07039331e+00
 -1.95474293e+00  4.95347963e-05  9.60092210e-01  1.57107689e+00]","[ 0.00000000e+00 -1.25384229e-01 -4.94278371e-02  9.34537265e-02
 -3.53827707e-02 -5.82447383e-05  2.91223691e-05  0.00000000e+00]","[ 0.         -1.07053483 10.94098091  0.78027099 -6.35264492 -0.49136057
 -0.45869109 -0.59877002]"
1749055013.8743205,"[ 0.00000000e+00 -2.78244408e-01  9.54989793e-01  3.07058159e+00
 -1.95481883e+00  4.95347963e-05  9.60092210e-01  1.57107689e+00]","[ 0.00000000e+00 -1.28436137e-01 -5.83410544e-02  9.11938512e-02
 -3.96641018e-02 -5.82013384e-05  1.85464284e-05  0.00000000e+00]","[ 0.         -1.05370104 11.0405159   0.79180431 -6.43175459 -0.50457513
 -0.46742544 -0.58098936]"
1749055013.8754196,"[ 0.00000000e+00 -2.78371174e-01  9.54929139e-01  3.07067214e+00
 -1.95486144e+00  4.95347963e-05  9.60092210e-01  1.57107689e+00]","[ 0.00000000e+00 -1.28566399e-01 -6.15822255e-02  9.18331430e-02
 -4.32594691e-02 -5.82007654e-05  1.85464284e-05  0.00000000e+00]","[ 0.         -1.00263846 11.11468029  0.80799466 -6.47012997 -0.50270891
 -0.46415925 -0.59083188]"
1749055013.8772123,"[ 0.00000000e+00 -2.78632164e-01  9.54789124e-01  3.07087774e+00
 -1.95496477e+00  4.95347963e-05  9.60092210e-01  1.57107689e+00]","[ 0.00000000e+00 -1.26405618e-01 -7.07655415e-02  9.41100542e-02
 -5.32092012e-02 -5.82447383e-05  1.85462435e-05  0.00000000e+00]","[ 0.         -0.98190528 11.28825474  0.83083367 -6.61626148 -0.5142706
 -0.51135194 -0.58670294]"
1749055013.8782706,"[ 0.00000000e+00 -2.78756267e-01  9.54714688e-01  3.07097281e+00
 -1.95502176e+00  4.95347963e-05  9.60092210e-01  1.57107689e+00]","[ 0.00000000e+00 -1.25865421e-01 -7.56272918e-02  9.64247990e-02
 -5.78008613e-02 -5.82007654e-05  1.85464284e-05  0.00000000e+00]","[ 0.         -0.95785481 11.32120132  0.86314118 -6.69674683 -0.50003356
 -0.51243776 -0.58279508]"
1749055013.880011,"[ 0.00000000e+00 -2.79009267e-01  9.54551237e-01  3.07116243e+00
 -1.95515013e+00  4.84695318e-05  9.60092210e-01  1.57107689e+00]","[ 0.00000000e+00 -1.28436137e-01 -8.06714854e-02  9.59486840e-02
 -6.41967256e-02 -6.88346925e-05  1.85464284e-05  0.00000000e+00]","[ 0.         -0.92818534 11.49657536  0.96204627 -6.82093954 -0.5198822
 -0.54160047 -0.60268694]"
1749055013.8811443,"[ 0.00000000e+00 -2.79146687e-01  9.54468146e-01  3.07126496e+00
 -1.95521671e+00  4.84695318e-05  9.60092210e-01  1.57107689e+00]","[ 0.00000000e+00 -1.29396523e-01 -8.42704147e-02  9.65458563e-02
 -6.75243704e-02 -6.88353671e-05  1.85466133e-05  0.00000000e+00]","[ 0.         -0.90802336 11.58052444  0.98725283 -6.91018295 -0.53991038
 -0.53951114 -0.59846348]"
1749055013.8828819,"[ 0.00000000e+00 -2.79402350e-01  9.54279395e-01  3.07145191e+00
 -1.95536291e+00  4.84695318e-05  9.60092210e-01  1.57107689e+00]","[ 0.00000000e+00 -1.29106596e-01 -9.47904752e-02  9.41685106e-02
 -7.63601355e-02 -6.87827183e-05  1.85464284e-05  0.00000000e+00]","[ 0.         -0.87474209 11.74045467  1.04238737 -7.03501081 -0.54630256
 -0.54692256 -0.58950204]"
1749055013.884581,"[ 0.00000000e+00 -2.79530182e-01  9.54180192e-01  3.07154459e+00
 -1.95544361e+00  4.84695318e-05  9.60092210e-01  1.57107689e+00]","[ 0.00000000e+00 -1.29646785e-01 -1.00476258e-01  9.39939238e-02
 -8.18395312e-02 -6.88346925e-05  1.85464284e-05  0.00000000e+00]","[ 0.         -0.87769526 11.84016705  1.04318678 -7.12908888 -0.55979139
 -0.57312781 -0.58928967]"
1749055013.8863988,"[ 0.00000000e+00 -2.79794367e-01  9.53960281e-01  3.07173820e+00
 -1.95562470e+00  4.84695318e-05  9.60092210e-01  1.57107689e+00]","[ 0.00000000e+00 -1.29646785e-01 -1.15871817e-01  9.48042155e-02
 -9.12929458e-02 -6.87834010e-05  1.85464284e-05  0.00000000e+00]","[ 0.         -0.84733355 12.01939392  1.07563508 -7.24567604 -0.56123823
 -0.58623314 -0.59141779]"
1749055013.8875508,"[ 0.00000000e+00 -2.79921666e-01  9.53841771e-01  3.07183142e+00
 -1.95572058e+00  4.84695318e-05  9.60092210e-01  1.57107689e+00]","[ 0.00000000e+00 -1.29106596e-01 -1.20193379e-01  9.45341127e-02
 -9.72350907e-02 -6.87834010e-05  1.85466133e-05  0.00000000e+00]","[ 0.         -0.81478471 12.14342594  1.08755565 -7.25905371 -0.57136971
 -0.60095751 -0.6026457 ]"
1749055013.8892357,"[ 0.00000000e+00 -2.80174667e-01  9.53581447e-01  3.07202343e+00
 -1.95593816e+00  4.79368996e-05  9.60092210e-01  1.57107689e+00]","[ 0.00000000e+00 -1.27486012e-01 -1.29106596e-01  9.77752879e-02
 -1.08582745e-01 -7.41296676e-05  1.85464284e-05  0.00000000e+00]","[ 0.         -0.77541363 12.45362377  1.18835866 -7.29021025 -0.57943976
 -0.59282625 -0.58799398]"
1749055013.8904166,"[ 0.00000000e+00 -2.80433526e-01  9.53309605e-01  3.07222290e+00
 -1.95616506e+00  4.79368996e-05  9.60091278e-01  1.57107689e+00]","[ 0.00000000e+00 -1.25865421e-01 -1.33910356e-01  9.64247990e-02
 -1.17762503e-01 -7.40737029e-05  1.05979587e-05  0.00000000e+00]","[ 0.         -0.74329942 12.69121933  1.19154787 -7.24570274 -0.57490259
 -0.59931535 -0.5977118 ]"
1749055013.8921862,"[ 0.00000000e+00 -2.80556564e-01  9.53173184e-01  3.07231771e+00
 -1.95628570e+00  4.79368996e-05  9.60091278e-01  1.57107689e+00]","[ 0.00000000e+00 -1.24658601e-01 -1.38289908e-01  9.61547045e-02
 -1.22354159e-01 -7.40744343e-05  1.06059783e-05  0.00000000e+00]","[ 0.         -0.72977203 12.76847076  1.18928051 -7.27480888 -0.57154
 -0.60067338 -0.60267401]"
1749055013.8939087,"[ 0.00000000e+00 -2.80809032e-01  9.52892620e-01  3.07250519e+00
 -1.95655042e+00  4.79368996e-05  9.60091278e-01  1.57107689e+00]","[ 0.00000000e+00 -1.22375007e-01 -1.43816092e-01  9.38986908e-02
 -1.32213664e-01 -7.40737029e-05  1.05979587e-05  0.00000000e+00]","[ 0.         -0.69904089 12.89255047  1.19011879 -7.33839083 -0.5690127
 -0.61460716 -0.62007636]"
1749055013.8950293,"[ 0.00000000e+00 -2.80927809e-01  9.52748477e-01  3.07260293e+00
 -1.95668757e+00  4.79368996e-05  9.60091278e-01  1.57107689e+00]","[ 0.00000000e+00 -1.20463473e-01 -1.46122739e-01  9.20320229e-02
 -1.39100199e-01 -7.40737029e-05  0.00000000e+00  0.00000000e+00]","[ 0.         -0.66399693 12.92387104  1.23719621 -7.36750126 -0.56480861
 -0.61211646 -0.61013931]"
1749055013.8967378,"[ 0.00000000e+00 -2.81159504e-01  9.52439883e-01  3.07278243e+00
 -1.95699170e+00  4.68716352e-05  9.60091278e-01  1.57107689e+00]","[ 0.00000000e+00 -1.16141912e-01 -1.52720271e-01  9.15630403e-02
 -1.51965681e-01 -8.47196178e-05  0.00000000e+00  0.00000000e+00]","[ 0.         -0.6007387  12.91213608  1.23857331 -7.36567307 -0.58268392
 -0.64314228 -0.5950914 ]"
1749055013.898382,"[ 0.00000000e+00 -2.81281476e-01  9.52288349e-01  3.07287937e+00
 -1.95714830e+00  4.68716352e-05  9.60091278e-01  1.57107689e+00]","[ 0.00000000e+00 -1.14743910e-01 -1.53841495e-01  9.12797215e-02
 -1.58817312e-01 -8.46556558e-05  0.00000000e+00  0.00000000e+00]","[ 0.         -0.5902164  12.91338539  1.21184325 -7.37098503 -0.57418811
 -0.6459502  -0.5876407 ]"
1749055013.9000714,"[ 0.00000000e+00 -2.81511041e-01  9.51977025e-01  3.07296885e+00
 -1.95748306e+00  4.68716352e-05  9.60091278e-01  1.57107689e+00]","[ 0.00000000e+00 -1.17222306e-01 -1.59196047e-01  9.07527485e-02
 -1.72862391e-01 -8.46548105e-05  0.00000000e+00  0.00000000e+00]","[ 0.         -0.60017854 12.86442089  1.24691522 -7.28406763 -0.57403547
 -0.65870982 -0.59263945]"
1749055013.9017494,"[ 0.00000000e+00 -2.81625024e-01  9.51804386e-01  3.07305940e+00
 -1.95766122e+00  4.68716352e-05  9.60091278e-01  1.57107689e+00]","[ 0.00000000e+00 -1.15601723e-01 -1.62497967e-01  9.17400989e-02
 -1.80695214e-01 -8.46564929e-05  0.00000000e+00  0.00000000e+00]","[ 0.         -0.57408994 12.88004875  1.23282337 -7.19232607 -0.56879783
 -0.64249635 -0.58535171]"
1749055013.9028194,"[ 0.00000000e+00 -2.81863111e-01  9.51467762e-01  3.07325514e+00
 -1.95805590e+00  4.68716352e-05  9.60091278e-01  1.57107689e+00]","[ 0.00000000e+00 -1.16141912e-01 -1.73402580e-01  9.60443165e-02
 -1.96360859e-01 -8.46556558e-05 -1.05979587e-05  0.00000000e+00]","[ 0.         -0.58212042 12.80084896  1.21936381 -7.00145817 -0.58441842
 -0.62619913 -0.58755028]"
1749055013.9046156,"[ 0.00000000e+00 -2.81976561e-01  9.51280409e-01  3.07335101e+00
 -1.95825564e+00  4.68716352e-05  9.60091278e-01  1.57107689e+00]","[ 0.00000000e+00 -1.14944945e-01 -1.76540999e-01  9.72350907e-02
 -2.02573099e-01 -8.46556558e-05 -1.06059783e-05  0.00000000e+00]","[ 0.         -0.56794912 12.72125816  1.23235905 -6.86583138 -0.55236423
 -0.59563631 -0.59065711]"
1749055013.905786,"[ 0.00000000e+00 -2.82200800e-01  9.50921814e-01  3.07355155e+00
 -1.95868840e+00  4.68716352e-05  9.60091278e-01  1.57107689e+00]","[ 0.00000000e+00 -1.13981131e-01 -1.83396192e-01  1.02907141e-01
 -2.13654728e-01 -8.46564929e-05 -1.05979587e-05  0.00000000e+00]","[ 0.         -0.58103383 12.616045    1.21082747 -6.64193153 -0.55356407
 -0.54845333 -0.60117251]"
1749055013.9075747,"[ 0.00000000e+00 -2.82323838e-01  9.50737657e-01  3.07366154e+00
 -1.95890279e+00  4.68716352e-05  9.60091278e-01  1.57107689e+00]","[ 0.00000000e+00 -1.15855031e-01 -1.86907453e-01  1.03567372e-01
 -2.17428461e-01 -8.46556558e-05 -1.05979587e-05  0.00000000e+00]","[ 0.         -0.59045464 12.5816288   1.17766798 -6.56673193 -0.54874271
 -0.54686344 -0.5997833 ]"
1749055013.9093022,"[ 0.00000000e+00 -2.82554467e-01  9.50343709e-01  3.07386714e+00
 -1.95934780e+00  4.68716352e-05  9.60091278e-01  1.57107689e+00]","[ 0.00000000e+00 -1.17643185e-01 -1.94094792e-01  1.04797819e-01
 -2.28232373e-01 -8.47196178e-05 -1.05979587e-05  0.00000000e+00]","[ 0.         -0.57802701 12.3476305   1.14358628 -6.39584637 -0.51903772
 -0.53019285 -0.59624481]"
1749055013.9105108,"[ 0.00000000e+00 -2.82671647e-01  9.50148099e-01  3.07397100e+00
 -1.95959468e+00  4.68716352e-05  9.60091278e-01  1.57107689e+00]","[ 0.00000000e+00 -1.18842890e-01 -1.98251554e-01  1.05338016e-01
 -2.32462355e-01 -8.46564929e-05 -1.05979587e-05  0.00000000e+00]","[ 0.         -0.61432511 12.21451473  1.16288209 -6.35793734 -0.52037424
 -0.53071886 -0.59714144]"
1749055013.9121652,"[ 0.00000000e+00 -2.82911864e-01  9.49749025e-01  3.07418911e+00
 -1.96006632e+00  4.68716352e-05  9.60091278e-01  1.57107689e+00]","[ 0.00000000e+00 -1.17359642e-01 -2.05003982e-01  1.07228694e-01
 -2.42277435e-01 -8.46564929e-05 -1.06059783e-05  0.00000000e+00]","[ 0.         -0.59362501 11.94989872  1.10690796 -6.25471163 -0.49216479
 -0.52400512 -0.57861429]"
1749055013.9140232,"[ 0.00000000e+00 -2.83139298e-01  9.49315595e-01  3.07440296e+00
 -1.96062292e+00  4.68716352e-05  9.60091278e-01  1.57107689e+00]","[ 0.00000000e+00 -1.14521328e-01 -2.14407038e-01  1.08738998e-01
 -2.56436281e-01 -7.41296676e-05 -1.05979587e-05  0.00000000e+00]","[ 0.         -0.59519571 11.74949551  1.0467627  -6.14585018 -0.46645871
 -0.52551568 -0.58348191]"
1749055013.9150963,"[ 0.00000000e+00 -2.83251150e-01  9.49099746e-01  3.07450896e+00
 -1.96088152e+00  4.68716352e-05  9.60091278e-01  1.57107689e+00]","[ 0.00000000e+00 -1.13440942e-01 -2.18778950e-01  1.07498797e-01
 -2.62264642e-01 -7.40737029e-05 -1.05979587e-05  0.00000000e+00]","[ 0.         -0.58779824 11.73565292  1.02420318 -6.1156497  -0.45075136
 -0.51929182 -0.58381671]"
1749055013.9168491,"[ 0.00000000e+00 -2.83482845e-01  9.48653400e-01  3.07472893e+00
 -1.96141308e+00  4.68716352e-05  9.60092210e-01  1.57107689e+00]","[ 0.00000000e+00 -1.11707058e-01 -2.29582862e-01  1.06418402e-01
 -2.71988159e-01 -7.41303991e-05  0.00000000e+00  0.00000000e+00]","[ 0.         -0.60098666 11.55390739  1.01222491 -5.97751617 -0.43799478
 -0.51441967 -0.59247261]"
1749055013.9179099,"[ 0.00000000e+00 -2.83593100e-01  9.48404062e-01  3.07483147e+00
 -1.96170843e+00  4.68716352e-05  9.60092210e-01  1.57107689e+00]","[ 0.00000000e+00 -1.11820358e-01 -2.34940509e-01  1.03987527e-01
 -2.78102228e-01 -7.41296676e-05  0.00000000e+00  0.00000000e+00]","[ 0.         -0.63504273 11.44457531  1.01363325 -5.91537857 -0.42975241
 -0.50015092 -0.60221177]"
1749055013.9202042,"[ 0.00000000e+00 -2.83816806e-01  9.47921431e-01  3.07503626e+00
 -1.96227222e+00  4.68716352e-05  9.60092210e-01  1.57107689e+00]","[ 0.00000000e+00 -1.07830435e-01 -2.47949485e-01  9.90535387e-02
 -2.88194011e-01 -7.40737029e-05  0.00000000e+00  0.00000000e+00]","[ 0.         -0.64650655 11.37213516  1.05085909 -5.84491158 -0.42444411
 -0.47789338 -0.59498054]"
1749055013.9213161,"[ 0.00000000e+00 -2.83922800e-01  9.47673024e-01  3.07513134e+00
 -1.96256117e+00  4.68716352e-05  9.60092210e-01  1.57107689e+00]","[ 0.00000000e+00 -1.07498797e-01 -2.52000952e-01  9.64247990e-02
 -2.92758835e-01 -7.40737029e-05  0.00000000e+00  0.00000000e+00]","[ 0.         -0.64318693 11.36245728  1.03115284 -5.87447453 -0.43407136
 -0.48434758 -0.59808344]"
1749055013.9231253,"[ 0.00000000e+00 -2.84133722e-01  9.47138062e-01  3.07531350e+00
 -1.96317929e+00  4.79368996e-05  9.60092210e-01  1.57107689e+00]","[ 0.00000000e+00 -1.06418402e-01 -2.64423517e-01  9.15630403e-02
 -3.04669956e-01 -6.34917418e-05  0.00000000e+00  0.00000000e+00]","[ 0.         -0.70576853 11.31334019  1.05961823 -5.90757322 -0.40658939
 -0.49607226 -0.59588718]"
1749055013.924329,"[ 0.00000000e+00 -2.84238651e-01  9.46872212e-01  3.07541150e+00
 -1.96348396e+00  4.79368996e-05  9.60092210e-01  1.57107689e+00]","[ 0.00000000e+00 -1.06418402e-01 -2.69284169e-01  9.22827928e-02
 -3.08991501e-01 -6.34923676e-05  1.06059783e-05  0.00000000e+00]","[ 0.         -0.73248142 11.2412281   1.06786978 -5.90280294 -0.40556109
 -0.51913446 -0.59645009]"
1749055013.9260824,"[ 0.00000000e+00 -2.84455432e-01  9.46307422e-01  3.07558807e+00
 -1.96411007e+00  4.79368996e-05  9.60092210e-01  1.57107689e+00]","[ 0.00000000e+00 -1.05338016e-01 -2.78352998e-01  8.82323828e-02
 -3.20605713e-01 -5.29897943e-05  1.05820616e-05  0.00000000e+00]","[ 0.         -0.76465356 11.1947298   1.09277582 -5.97418737 -0.37327209
 -0.53399783 -0.59752256]"
1749055013.9277985,"[ 0.00000000e+00 -2.84559295e-01  9.46028256e-01  3.07567489e+00
 -1.96445388e+00  4.79368996e-05  9.60092210e-01  1.57107689e+00]","[ 0.00000000e+00 -1.05338016e-01 -2.83062166e-01  8.80517789e-02
 -3.23437519e-01 -5.29897943e-05  1.05819570e-05  0.00000000e+00]","[ 0.         -0.73651123 11.28645229  1.14974093 -6.01358271 -0.37369221
 -0.52772111 -0.59959072]"
1749055013.928852,"[ 0.00000000e+00 -2.84776609e-01  9.45454211e-01  3.07585678e+00
 -1.96510875e+00  4.79368996e-05  9.60092210e-01  1.57107689e+00]","[ 0.00000000e+00 -1.06827364e-01 -2.93353286e-01  8.85919761e-02
 -3.35461059e-01 -5.30298904e-05  1.05819570e-05  0.00000000e+00]","[ 0.         -0.76502317 11.23535538  1.19289899 -6.08560514 -0.3770164
 -0.55186099 -0.60976017]"
1749055013.930561,"[ 0.00000000e+00 -2.84884201e-01  9.45136496e-01  3.07594440e+00
 -1.96546908e+00  4.79368996e-05  9.60091278e-01  1.57107689e+00]","[ 0.00000000e+00 -1.09119380e-01 -2.98885337e-01  8.88620706e-02
 -3.39289719e-01 -5.29897943e-05  0.00000000e+00  0.00000000e+00]","[ 0.         -0.79714286 11.2021389   1.18620455 -6.08260012 -0.36434203
 -0.55641228 -0.61335272]"
1749055013.9322584,"[ 0.00000000e+00 -2.85108439e-01  9.44529429e-01  3.07612630e+00
 -1.96580996e+00  4.79368996e-05  9.60091278e-01  1.57107689e+00]","[ 0.00000000e+00 -1.09836586e-01 -3.10071912e-01  9.33590428e-02
 -3.45724782e-01 -5.29897943e-05  0.00000000e+00  0.00000000e+00]","[ 0.         -0.79533988 11.27231026  1.21277618 -6.12102365 -0.36648259
 -0.60179359 -0.61906183]"
1749055013.9333282,"[ 0.00000000e+00 -2.85218694e-01  9.44219903e-01  3.07622829e+00
 -1.96615750e+00  4.79368996e-05  9.60091278e-01  1.57107689e+00]","[ 0.00000000e+00 -1.11820358e-01 -3.13853268e-01  9.60443165e-02
 -3.52477193e-01 -5.30298904e-05  0.00000000e+00  0.00000000e+00]","[ 0.         -0.78202635 11.28247547  1.20450604 -6.09946775 -0.3722232
 -0.59045976 -0.59860253]"
1749055013.9350386,"[ 0.00000000e+00 -2.85435475e-01  9.43514631e-01  3.07642297e+00
 -1.96689547e+00  4.79368996e-05  9.60091278e-01  1.57107689e+00]","[ 0.00000000e+00 -1.09008818e-01 -3.23651304e-01  1.00206163e-01
 -3.62861957e-01 -5.29897943e-05  0.00000000e+00  0.00000000e+00]","[ 0.         -0.77271074 11.29343605  1.1841228  -6.12684488 -0.34534013
 -0.58129442 -0.60690451]"
1749055013.9367046,"[ 0.00000000e+00 -2.85657583e-01  9.42884594e-01  3.07663602e+00
 -1.96762544e+00  4.79368996e-05  9.60091278e-01  1.57107689e+00]","[ 0.00000000e+00 -1.07830435e-01 -3.35090047e-01  1.04570452e-01
 -3.71924228e-01 -4.23918346e-05  0.00000000e+00  0.00000000e+00]","[ 0.         -0.78533977 11.23350525  1.19189179 -6.16723633 -0.33964837
 -0.59090364 -0.61032099]"
1749055013.937865,"[ 0.00000000e+00 -2.85762511e-01  9.42548969e-01  3.07673989e+00
 -1.96802651e+00  4.79368996e-05  9.60091278e-01  1.57107689e+00]","[ 0.00000000e+00 -1.06418402e-01 -3.39978013e-01  1.05231290e-01
 -3.77657315e-01 -4.23914120e-05  0.00000000e+00  0.00000000e+00]","[ 0.         -0.8312391  11.23923874  1.18286228 -6.19847155 -0.33955789
 -0.590038   -0.59627086]"
1749055013.9400954,"[ 0.00000000e+00 -2.85974499e-01  9.41812871e-01  3.07695054e+00
 -1.96879137e+00  4.79368996e-05  9.60091278e-01  1.57107689e+00]","[ 0.00000000e+00 -1.08038994e-01 -3.48425760e-01  1.07498797e-01
 -3.90831041e-01 -4.23918346e-05  0.00000000e+00  0.00000000e+00]","[ 0.         -0.843485   11.20326138  1.14979482 -6.19156837 -0.32719457
 -0.60901952 -0.59620875]"
1749055013.9412043,"[ 0.00000000e+00 -2.86087417e-01  9.41439097e-01  3.07706399e+00
 -1.96918126e+00  4.79368996e-05  9.60091278e-01  1.57107689e+00]","[ 0.00000000e+00 -1.06225806e-01 -3.52078918e-01  1.06827364e-01
 -3.95422697e-01 -4.23918346e-05  0.00000000e+00  0.00000000e+00]","[ 0.         -0.84534818 11.16479588  1.11327767 -6.15141296 -0.32108793
 -0.60901952 -0.59976631]"
1749055013.9429166,"[ 0.00000000e+00 -2.86293546e-01  9.40732826e-01  3.07727518e+00
 -1.97000551e+00  4.79368996e-05  9.60091278e-01  1.57107689e+00]","[ 0.00000000e+00 -1.04257622e-01 -3.60580127e-01  1.08038994e-01
 -4.04335931e-01 -3.70928568e-05  0.00000000e+00  0.00000000e+00]","[ 0.         -0.87701601 11.1642437   1.05731511 -6.05968523 -0.29440898
 -0.59372687 -0.60002768]"
1749055013.9445946,"[ 0.00000000e+00 -2.86394213e-01  9.40371435e-01  3.07738038e+00
 -1.97040871e+00  4.79368996e-05  9.60091278e-01  1.57107689e+00]","[ 0.00000000e+00 -1.02096849e-01 -3.66522272e-01  1.06688505e-01
 -4.08927586e-01 -3.70932266e-05  0.00000000e+00  0.00000000e+00]","[ 0.         -0.90838808 11.15842533  1.03044403 -6.07267523 -0.28586653
 -0.59484708 -0.60107428]"
1749055013.9462948,"[ 0.00000000e+00 -2.86601407e-01  9.39606908e-01  3.07759476e+00
 -1.97126332e+00  4.84695318e-05  9.60091278e-01  1.57107689e+00]","[ 0.00000000e+00 -1.01016455e-01 -3.75435506e-01  1.04472073e-01
 -4.20271687e-01 -3.17938749e-05  0.00000000e+00  0.00000000e+00]","[ 0.         -0.94955784 11.13280773  1.01253831 -5.92423058 -0.26944071
 -0.54495198 -0.61204648]"
1749055013.947362,"[ 0.00000000e+00 -2.86702075e-01  9.39233600e-01  3.07769729e+00
 -1.97168303e+00  4.84695318e-05  9.60091278e-01  1.57107689e+00]","[ 0.00000000e+00 -1.02096849e-01 -3.78676673e-01  1.03987527e-01
 -4.25242344e-01 -3.17938749e-05  0.00000000e+00  0.00000000e+00]","[ 0.         -0.97734827 11.09473133  0.97229254 -5.83344889 -0.26277599
 -0.54620302 -0.60648036]"
1749055013.9490242,"[ 0.00000000e+00 -2.86912997e-01  9.38444239e-01  3.07789597e+00
 -1.97253018e+00  4.84695318e-05  9.60091278e-01  1.57107689e+00]","[ 0.00000000e+00 -1.03818142e-01 -3.86935735e-01  9.96659659e-02
 -4.31345677e-01 -2.12119566e-05  0.00000000e+00  0.00000000e+00]","[ 0.         -1.00670671 10.95009327  0.93099648 -5.75974226 -0.25126311
 -0.56190783 -0.58220518]"
1749055013.950707,"[ 0.00000000e+00 -2.87121256e-01  9.37661802e-01  3.07809677e+00
 -1.97342474e+00  4.84695318e-05  9.60091278e-01  1.57107689e+00]","[ 0.00000000e+00 -1.06418402e-01 -4.00014352e-01  9.75051851e-02
 -4.38908389e-01 -2.11959173e-05  0.00000000e+00  0.00000000e+00]","[ 0.         -1.03314996 10.84645844  0.87751365 -5.7774477  -0.26831612
 -0.54419029 -0.5790661 ]"
1749055013.95182,"[ 0.00000000e+00 -2.87233109e-01  9.37264592e-01  3.07818998e+00
 -1.97386123e+00  4.84695318e-05  9.60091278e-01  1.57107689e+00]","[ 0.00000000e+00 -1.05322753e-01 -4.02985442e-01  9.44383304e-02
 -4.42689778e-01 -2.11959173e-05  0.00000000e+00  0.00000000e+00]","[ 0.         -1.02349377 10.7761097   0.88937068 -5.82149601 -0.26204005
 -0.52290583 -0.56878906]"
1749055013.953638,"[ 0.00000000e+00 -2.87444564e-01  9.36424697e-01  3.07837960e+00
 -1.97478162e+00  4.84695318e-05  9.60091278e-01  1.57107689e+00]","[ 0.00000000e+00 -1.08038994e-01 -4.11761822e-01  9.26434348e-02
 -4.50708057e-01 -2.11959173e-05  0.00000000e+00  0.00000000e+00]","[ 0.         -1.01115179 10.67412949  0.85439348 -5.87902737 -0.26891753
 -0.54609776 -0.57793576]"
1749055013.9553723,"[ 0.00000000e+00 -2.87550025e-01  9.36424697e-01  3.07847201e+00
 -1.97523010e+00  4.84695318e-05  9.60091278e-01  1.57107689e+00]","[ 0.00000000e+00 -1.06958600e-01 -4.11761822e-01  9.37238210e-02
 -4.54844145e-01 -2.11959173e-05 -1.05819570e-05  0.00000000e+00]","[ 0.         -0.97285289 10.67412949  0.86409885 -5.90930319 -0.25829163
 -0.56071216 -0.59443402]"
1749055013.9565516,"[ 0.00000000e+00 -2.87657084e-01  9.36015103e-01  3.07856415e+00
 -1.97568150e+00  4.84695318e-05  9.60091278e-01  1.57107689e+00]","[ 0.00000000e+00 -1.08579183e-01 -4.15409920e-01  9.34537265e-02
 -4.57815235e-01 -2.11959173e-05 -1.05819570e-05  0.00000000e+00]","[ 0.         -0.95271248 10.63057613  0.88749146 -5.96947956 -0.26607764
 -0.57624543 -0.60222441]"
1749055013.9583006,"[ 0.00000000e+00 -2.87880790e-01  9.35179869e-01  3.07876309e+00
 -1.97663571e+00  4.84695318e-05  9.60091278e-01  1.57107689e+00]","[ 0.00000000e+00 -1.09119380e-01 -4.26754021e-01  9.84592959e-02
 -4.67933948e-01 -2.11959173e-05 -1.05820616e-05  0.00000000e+00]","[ 0.         -0.98231781 10.57526302  0.87330204 -6.04836845 -0.24388212
 -0.5714432  -0.59487748]"
1749055013.9593985,"[ 0.00000000e+00 -2.87987849e-01  9.34721140e-01  3.07886269e+00
 -1.97710043e+00  4.84695318e-05  9.60091278e-01  1.57107689e+00]","[ 0.00000000e+00 -1.08579183e-01 -4.31823282e-01  1.01016455e-01
 -4.71320091e-01 -2.11959173e-05 -1.05819570e-05  0.00000000e+00]","[ 0.         -0.94673002 10.59991741  0.89390796 -6.12146091 -0.24351057
 -0.55716521 -0.59138262]"
1749055013.961082,"[ 0.00000000e+00 -2.88208358e-01  9.33855080e-01  3.07907015e+00
 -1.97803893e+00  4.84695318e-05  9.60092210e-01  1.57107689e+00]","[ 0.00000000e+00 -1.07830435e-01 -4.41069178e-01  1.01561229e-01
 -4.77318329e-01 -2.12119566e-05  0.00000000e+00  0.00000000e+00]","[ 0.         -0.96707237 10.55483246  0.92114776 -6.25352144 -0.25121966
 -0.57188076 -0.58505297]"
1749055013.9634538,"[ 0.00000000e+00 -2.88413422e-01  9.32935357e-01  3.07927175e+00
 -1.97903229e+00  4.84695318e-05  9.60091278e-01  1.57107689e+00]","[ 0.00000000e+00 -1.03177236e-01 -4.50881695e-01  1.01453754e-01
 -4.87243131e-01 -2.11959173e-05 -1.05819570e-05  0.00000000e+00]","[ 0.         -0.92533332 10.51009655  0.92162931 -6.37871408 -0.23947552
 -0.59469348 -0.57625294]"
1749055013.964587,"[ 0.00000000e+00 -2.88515155e-01  9.32483951e-01  3.07936869e+00
 -1.97951752e+00  4.84695318e-05  9.60091278e-01  1.57107689e+00]","[ 0.00000000e+00 -1.03177236e-01 -4.57351378e-01  9.83154852e-02
 -4.92117615e-01 -2.11959173e-05 -1.05820616e-05  0.00000000e+00]","[ 0.         -0.95109177 10.41574001  0.93201387 -6.35590029 -0.24684785
 -0.60000563 -0.58522654]"
1749055013.966339,"[ 0.00000000e+00 -2.88720751e-01  9.31566958e-01  3.07956923e+00
 -1.98053751e+00  4.84695318e-05  9.60091278e-01  1.57107689e+00]","[ 0.00000000e+00 -9.88556741e-02 -4.68078924e-01  9.72350907e-02
 -4.99781527e-01 -2.11959173e-05 -1.05819570e-05  0.00000000e+00]","[ 0.         -0.98298496 10.48796558  0.94106829 -6.44187069 -0.23091185
 -0.59192878 -0.59524041]"
1749055013.9681072,"[ 0.00000000e+00 -2.88917292e-01  9.30595770e-01  3.07975911e+00
 -1.98153540e+00  4.84695318e-05  9.60091278e-01  1.57107689e+00]","[ 0.00000000e+00 -9.47904752e-02 -4.76451936e-01  9.56145072e-02
 -5.08593561e-01 -2.11957060e-05 -1.05819570e-05  0.00000000e+00]","[ 0.         -0.95534188 10.56596184  0.95243621 -6.53563786 -0.24443971
 -0.56396234 -0.6018554 ]"
1749055013.969871,"[ 0.00000000e+00 -2.89008372e-01  9.30118665e-01  3.07986058e+00
 -1.98204140e+00  4.84695318e-05  9.60091278e-01  1.57107689e+00]","[ 0.00000000e+00 -9.23733403e-02 -4.84014681e-01  9.55427850e-02
 -5.13185217e-01 -2.11959173e-05 -1.05899522e-05  0.00000000e+00]","[ 0.         -0.95875835 10.60626125  0.94419324 -6.64187193 -0.26345307
 -0.55846715 -0.60353798]"
1749055013.971058,"[ 0.00000000e+00 -2.89192130e-01  9.29110725e-01  3.08004647e+00
 -1.98310480e+00  4.84695318e-05  9.60090279e-01  1.57107689e+00]","[ 0.00000000e+00 -9.39939238e-02 -4.95052319e-01  9.31836320e-02
 -5.21569414e-01 -2.11959173e-05 -1.85184257e-05  0.00000000e+00]","[ 0.         -1.00981975 10.48986721  0.97304457 -6.77297544 -0.25029919
 -0.6119464  -0.57522285]"
1749055013.9727886,"[ 0.00000000e+00 -2.89387074e-01  9.28119829e-01  3.08022277e+00
 -1.98414476e+00  4.84695318e-05  9.60090279e-01  1.57107689e+00]","[ 0.00000000e+00 -9.52920151e-02 -5.04271983e-01  8.85919761e-02
 -5.29931240e-01 -1.05979587e-05 -1.85324169e-05  0.00000000e+00]","[ 0.         -1.0345912  10.34785271  0.95920628 -6.79858637 -0.25147465
 -0.63568586 -0.57749623]"
1749055013.9745402,"[ 0.00000000e+00 -2.89480817e-01  9.27616558e-01  3.08031465e+00
 -1.98467287e+00  4.84695318e-05  9.60091278e-01  1.57107689e+00]","[ 0.00000000e+00 -9.50743100e-02 -5.10484239e-01  8.65151183e-02
 -5.35603307e-01 -1.06059783e-05 -1.05819570e-05  0.00000000e+00]","[ 0.         -1.04557633 10.27093697  0.9560672  -6.74958658 -0.24857835
 -0.62003154 -0.5867855 ]"
1749055013.9763238,"[ 0.00000000e+00 -2.89669901e-01  9.26554423e-01  3.08047311e+00
 -1.98578287e+00  4.84695318e-05  9.60091278e-01  1.57107689e+00]","[ 0.00000000e+00 -9.66948934e-02 -5.21558228e-01  7.83282698e-02
 -5.43436130e-01 -1.05978530e-05 -1.05820616e-05  0.00000000e+00]","[ 0.         -1.01868963 10.2143383   0.92478979 -6.75099611 -0.25752375
 -0.58153898 -0.58819509]"
1749055013.977467,"[ 0.00000000e+00 -2.89770569e-01  9.26036039e-01  3.08055433e+00
 -1.98632189e+00  4.84695318e-05  9.60091278e-01  1.57107689e+00]","[ 0.00000000e+00 -9.47904752e-02 -5.25077130e-01  7.64124333e-02
 -5.46677297e-01 -1.05979587e-05 -1.05900569e-05  0.00000000e+00]","[ 0.         -1.00846732 10.18594551  0.93640667 -6.78326988 -0.26058006
 -0.57481879 -0.58504242]"
1749055013.9791489,"[ 0.00000000e+00 -2.89956457e-01  9.24941280e-01  3.08070267e+00
 -1.98745614e+00  4.84695318e-05  9.60090279e-01  1.57107689e+00]","[ 0.00000000e+00 -9.50743100e-02 -5.37898353e-01  7.53571974e-02
 -5.56130686e-01 -1.05979587e-05 -1.85186086e-05  0.00000000e+00]","[ 0.         -1.02738953 10.05923748  0.93478251 -6.81691599 -0.27830216
 -0.6150775  -0.59390855]"
1749055013.9809172,"[ 0.00000000e+00 -2.90153531e-01  9.23864497e-01  3.08084781e+00
 -1.98856321e+00  4.84695318e-05  9.60090279e-01  1.57107689e+00]","[ 0.00000000e+00 -9.67966262e-02 -5.48297864e-01  7.31964166e-02
 -5.63423354e-01  0.00000000e+00 -1.85324169e-05  0.00000000e+00]","[ 0.         -0.99187738  9.87618351  0.94995886 -6.850595   -0.29872727
 -0.61015952 -0.60696769]"
1749055013.9820857,"[ 0.00000000e+00 -2.90250470e-01  9.23319015e-01  3.08092531e+00
 -1.98912327e+00  4.84695318e-05  9.60091278e-01  1.57107689e+00]","[ 0.00000000e+00 -9.83154852e-02 -5.52599168e-01  7.29049753e-02
 -5.68014976e-01  0.00000000e+00 -1.05819570e-05  0.00000000e+00]","[ 0.         -0.97993523  9.82515717  0.9638133  -6.83796644 -0.29030386
 -0.59855306 -0.62092131]"
1749055013.9838138,"[ 0.00000000e+00 -2.90449142e-01  9.22170993e-01  3.08107738e+00
 -1.99030119e+00  4.84695318e-05  9.60091278e-01  1.57107689e+00]","[ 0.00000000e+00 -1.00476258e-01 -5.63392128e-01  7.82489076e-02
 -5.76343680e-01  0.00000000e+00 -1.05819570e-05  0.00000000e+00]","[ 0.         -0.91623342  9.78299904  0.95176548 -6.9049263  -0.28180814
 -0.55059618 -0.61574447]"
1749055013.9855394,"[ 0.00000000e+00 -2.90547147e-01  9.21610331e-01  3.08115621e+00
 -1.99087484e+00  4.84695318e-05  9.60091278e-01  1.57107689e+00]","[ 0.00000000e+00 -9.92951623e-02 -5.68555198e-01  7.99488533e-02
 -5.81789977e-01  0.00000000e+00 -1.05899522e-05  0.00000000e+00]","[ 0.         -0.911744    9.72424507  0.93807101 -6.92668819 -0.26336315
 -0.5801335  -0.61186498]"
1749055013.987311,"[ 0.00000000e+00 -2.90749014e-01  9.20431150e-01  3.08132425e+00
 -1.99207778e+00  4.84695318e-05  9.60090279e-01  1.57107689e+00]","[ 0.00000000e+00 -9.77752879e-02 -5.78021271e-01  8.31900202e-02
 -5.89892911e-01  0.00000000e+00 -1.85184257e-05  0.00000000e+00]","[ 0.         -0.77774107  9.70364285  0.92224318 -6.86438131 -0.26417625
 -0.60557896 -0.59309846]"
1749055013.9890387,"[ 0.00000000e+00 -2.90843823e-01  9.19277202e-01  3.08149656e+00
 -1.99325251e+00  4.84695318e-05  9.60091278e-01  1.57107689e+00]","[ 0.00000000e+00 -9.61547045e-02 -5.86596983e-01  8.81411695e-02
 -5.97389909e-01  5.29897933e-06 -1.05899522e-05  0.00000000e+00]","[ 0.         -0.75857306  9.63879013  0.87931776 -6.76579571 -0.27648041
 -0.58095616 -0.59160918]"
1749055013.9902267,"[ 0.00000000e+00 -2.91035038e-01  9.18693570e-01  3.08158977e+00
 -1.99384532e+00  4.84695318e-05  9.60091278e-01  1.57107689e+00]","[ 0.00000000e+00 -9.32858641e-02 -5.92053667e-01  8.76863932e-02
 -6.01847375e-01  5.29897933e-06 -1.05820616e-05  0.00000000e+00]","[ 0.         -0.75261539  9.69703674  0.86666745 -6.75403452 -0.28317809
 -0.55410433 -0.58641666]"
1749055013.9919345,"[ 0.00000000e+00 -2.91217198e-01  9.17466186e-01  3.08176527e+00
 -1.99508955e+00  4.84695318e-05  9.60091278e-01  1.57107689e+00]","[ 0.00000000e+00 -9.18331430e-02 -6.01777201e-01  8.94022679e-02
 -6.09610024e-01  5.29897933e-06  0.00000000e+00  0.00000000e+00]","[ 0.         -0.7259649   9.61559677  0.80696493 -6.69641876 -0.30695608
 -0.52769089 -0.61268336]"
1749055013.9930575,"[ 0.00000000e+00 -2.91306147e-01  9.16867374e-01  3.08185342e+00
 -1.99569383e+00  4.84695318e-05  9.60091278e-01  1.57107689e+00]","[ 0.00000000e+00 -9.02125596e-02 -6.07179157e-01  8.94022679e-02
 -6.12851157e-01  5.29897933e-06  0.00000000e+00  0.00000000e+00]","[ 0.         -0.72517079  9.40881348  0.75812173 -6.61902761 -0.30007568
 -0.54040676 -0.61136258]"
1749055013.9953697,"[ 0.00000000e+00 -2.91503221e-01  9.15653705e-01  3.08203612e+00
 -1.99696042e+00  4.84695318e-05  9.60091278e-01  1.57107689e+00]","[ 0.00000000e+00 -8.91321651e-02 -6.17356893e-01  8.89522852e-02
 -6.19648876e-01  5.29103081e-06  0.00000000e+00  0.00000000e+00]","[ 0.         -0.74185121  9.31423378  0.74403775 -6.59258223 -0.30938953
 -0.5548014  -0.60471588]"
1749055013.9977458,"[ 0.00000000e+00 -2.91680588e-01  9.14371659e-01  3.08221987e+00
 -1.99819640e+00  4.95347963e-05  9.60091278e-01  1.57107689e+00]","[ 0.00000000e+00 -8.57628169e-02 -6.28786914e-01  9.00258803e-02
 -6.27880041e-01  2.64551545e-05  0.00000000e+00  0.00000000e+00]","[ 0.         -0.71108854  9.29627228  0.72060031 -6.63126135 -0.31202093
 -0.53349823 -0.5890395 ]"
1749055013.9994552,"[ 0.00000000e+00 -2.91849965e-01  9.13115313e-01  3.08239378e+00
 -1.99944702e+00  4.95347963e-05  9.60091278e-01  1.57107689e+00]","[ 0.00000000e+00 -8.58909982e-02 -6.40401093e-01  8.75115816e-02
 -6.35809470e-01  2.64548924e-05  0.00000000e+00  0.00000000e+00]","[ 0.         -0.67765993  9.26546097  0.6250993  -6.74125481 -0.27455691
 -0.51665109 -0.58373791]"
1749055014.0011516,"[ 0.00000000e+00 -2.91934121e-01  9.12430681e-01  3.08247980e+00
 -2.00012639e+00  4.95347963e-05  9.60091278e-01  1.57107689e+00]","[ 0.00000000e+00 -8.52643231e-02 -6.44725734e-01  8.72414871e-02
 -6.39710335e-01  2.64551545e-05  0.00000000e+00  0.00000000e+00]","[ 0.         -0.68407929  9.288311    0.58827955 -6.8188858  -0.27885619
 -0.51985896 -0.58453035]"
1749055014.002359,"[ 0.00000000e+00 -2.92106694e-01  9.11141312e-01  3.08265317e+00
 -2.00139858e+00  4.95347963e-05  9.60091278e-01  1.57107689e+00]","[ 0.00000000e+00 -8.37302174e-02 -6.57147183e-01  8.29262757e-02
 -6.46613382e-01  2.64551545e-05  0.00000000e+00  0.00000000e+00]","[ 0.         -0.6941157   9.29149628  0.55999279 -6.80473757 -0.2876747
 -0.5365603  -0.58250481]"
1749055014.0040755,"[ 0.00000000e+00 -2.92271277e-01  9.09782567e-01  3.08280710e+00
 -2.00273389e+00  4.95347963e-05  9.60091278e-01  1.57107689e+00]","[ 0.00000000e+00 -8.31900202e-02 -6.64980006e-01  7.64375836e-02
 -6.54254923e-01  2.64551545e-05  0.00000000e+00  0.00000000e+00]","[ 0.         -0.63993788  9.36582851  0.58324659 -6.82436657 -0.30218276
 -0.53404462 -0.58494663]"
1749055014.0052488,"[ 0.00000000e+00 -2.92352770e-01  9.09121770e-01  3.08288060e+00
 -2.00338317e+00  4.95347963e-05  9.60091278e-01  1.57107689e+00]","[ 0.00000000e+00 -8.26498312e-02 -6.70111851e-01  7.45469056e-02
 -6.58497672e-01  2.64548924e-05  0.00000000e+00  0.00000000e+00]","[ 0.         -0.67726368  9.45641994  0.60751003 -6.83675861 -0.32204726
 -0.53568268 -0.58203948]"
1749055014.0069282,"[ 0.00000000e+00 -2.92518951e-01  9.07786927e-01  3.08302441e+00
 -2.00468865e+00  4.95347963e-05  9.60091278e-01  1.57107689e+00]","[ 0.00000000e+00 -8.10292395e-02 -6.78484829e-01  6.86047607e-02
 -6.63629517e-01  2.64548924e-05  0.00000000e+00  0.00000000e+00]","[ 0.         -0.64086461  9.53640842  0.65274346 -6.98228359 -0.34365326
 -0.51600564 -0.59048569]"
1749055014.009228,"[ 0.00000000e+00 -2.92680339e-01  9.06384107e-01  3.08315278e+00
 -2.00605911e+00  4.95347963e-05  9.60091278e-01  1.57107689e+00]","[ 0.00000000e+00 -8.15694367e-02 -6.86701613e-01  6.45532979e-02
 -6.70554867e-01  2.64548924e-05  0.00000000e+00  0.00000000e+00]","[ 0.         -0.62000728  9.60083103  0.7287792  -7.07802153 -0.35476792
 -0.53830636 -0.60348618]"
1749055014.0103621,"[ 0.00000000e+00 -2.92766625e-01  9.05702205e-01  3.08321989e+00
 -2.00672411e+00  4.95347963e-05  9.60091278e-01  1.57107689e+00]","[ 0.00000000e+00 -8.12489835e-02 -6.91449563e-01  6.31936502e-02
 -6.73750062e-01  2.64548924e-05  0.00000000e+00  0.00000000e+00]","[ 0.         -0.61095858  9.57432652  0.74501348 -7.21653318 -0.35476792
 -0.56631547 -0.59035683]"
1749055014.0121136,"[ 0.00000000e+00 -2.92927480e-01  9.04278212e-01  3.08334346e+00
 -2.00806394e+00  4.95347963e-05  9.60091278e-01  1.57107689e+00]","[ 0.00000000e+00 -8.16522527e-02 -6.97136344e-01  6.23925172e-02
 -6.81726029e-01  2.64548924e-05  0.00000000e+00  0.00000000e+00]","[ 0.         -0.60947698  9.57582188  0.83714056 -7.45848083 -0.34372842
 -0.57269627 -0.59447342]"
1749055014.0139642,"[ 0.00000000e+00 -2.93090465e-01  9.02891504e-01  3.08346091e+00
 -2.00947062e+00  4.84695318e-05  9.60091278e-01  1.57107689e+00]","[ 0.00000000e+00 -7.82397613e-02 -7.04779816e-01  5.86111530e-02
 -6.88478474e-01  1.58611183e-05  0.00000000e+00  0.00000000e+00]","[ 0.         -0.57114607  9.5149374   0.8825236  -7.70067453 -0.39553529
 -0.60370183 -0.59616476]"
1749055014.0151377,"[ 0.00000000e+00 -2.93090465e-01  9.02140227e-01  3.08352243e+00
 -2.01015346e+00  4.84695318e-05  9.60090279e-01  1.57107689e+00]","[ 0.00000000e+00 -7.82397613e-02 -7.07417811e-01  5.79275154e-02
 -6.91828265e-01  1.58609609e-05 -1.05820616e-05  0.00000000e+00]","[ 0.         -0.57114607  9.58019733  0.93345779 -7.79314518 -0.4033885
 -0.62170231 -0.61022562]"
1749055014.0169768,"[ 0.00000000e+00 -2.93237472e-01  9.00733279e-01  3.08363694e+00
 -2.01158145e+00  4.84695318e-05  9.60090279e-01  1.57107689e+00]","[ 0.00000000e+00 -7.34665111e-02 -7.14948032e-01  5.83410544e-02
 -6.99552431e-01  1.58609609e-05 -1.05819570e-05  0.00000000e+00]","[ 0.         -0.53882676  9.59024906  0.99056911 -7.72998476 -0.43794513
 -0.61429375 -0.59601873]"
1749055014.0181355,"[ 0.00000000e+00 -2.93308845e-01  9.00026609e-01  3.08369420e+00
 -2.01227200e+00  4.84695318e-05  9.60091278e-01  1.57107689e+00]","[ 0.00000000e+00 -7.23127798e-02 -7.16838676e-01  5.80709558e-02
 -7.00362764e-01  1.58609609e-05 -1.05819570e-05  0.00000000e+00]","[ 0.         -0.52056277  9.50147533  1.02543378 -7.64140844 -0.45121792
 -0.60232562 -0.58189917]"
1749055014.019922,"[ 0.00000000e+00 -2.93448394e-01  8.98548488e-01  3.08381324e+00
 -2.01371757e+00  4.84695318e-05  9.60091278e-01  1.57107689e+00]","[ 0.00000000e+00 -6.69841731e-02 -7.23036984e-01  5.78008613e-02
 -7.06414731e-01  1.58729355e-05 -1.05820616e-05  0.00000000e+00]","[ 0.         -0.49829829  9.51546764  1.06543815 -7.60169363 -0.46600765
 -0.55669427 -0.60150653]"
1749055014.021129,"[ 0.00000000e+00 -2.93512310e-01  8.97831698e-01  3.08386970e+00
 -2.01441638e+00  4.84695318e-05  9.60091278e-01  1.57107689e+00]","[ 0.00000000e+00 -6.48233924e-02 -7.27102433e-01  5.72026487e-02
 -7.08017688e-01  1.58611183e-05 -1.05820616e-05  0.00000000e+00]","[ 0.         -0.51897436  9.66298389  1.07965195 -7.58045578 -0.47214782
 -0.54132181 -0.60947782]"
1749055014.0234303,"[ 0.00000000e+00 -2.93643338e-01  8.96388864e-01  3.08398582e+00
 -2.01581827e+00  4.84695318e-05  9.60091278e-01  1.57107689e+00]","[ 0.00000000e+00 -6.36951900e-02 -7.31964166e-01  5.96915434e-02
 -7.11976943e-01  5.29103081e-06 -1.05819570e-05  0.00000000e+00]","[ 0.         -0.5946601   9.53867435  1.0721302  -7.37593222 -0.47520208
 -0.52838904 -0.60154748]"
1749055014.0252318,"[ 0.00000000e+00 -2.93771169e-01  8.94878585e-01  3.08411391e+00
 -2.01728194e+00  4.84695318e-05  9.60091278e-01  1.57107689e+00]","[ 0.00000000e+00 -6.42180684e-02 -7.38986722e-01  6.32028089e-02
 -7.15488187e-01  5.28698695e-06 -1.05819570e-05  0.00000000e+00]","[ 0.         -0.63745612  9.34094143  1.00934851 -7.20183849 -0.45580837
 -0.49674344 -0.58111084]"
1749055014.0269895,"[ 0.00000000e+00 -2.93897403e-01  8.93410584e-01  3.08424334e+00
 -2.01869528e+00  4.84695318e-05  9.60091278e-01  1.57107689e+00]","[ 0.00000000e+00 -6.06859677e-02 -7.46009212e-01  6.29428844e-02
 -7.16921900e-01  5.29103081e-06 -1.05978530e-05  0.00000000e+00]","[ 0.         -0.68603647  9.08403587  0.91985327 -7.17914295 -0.45261499
 -0.46411967 -0.60052079]"
1749055014.028184,"[ 0.00000000e+00 -2.93955993e-01  8.92670359e-01  3.08430673e+00
 -2.01945828e+00  4.84695318e-05  9.60091278e-01  1.57107689e+00]","[ 0.00000000e+00 -5.94214448e-02 -7.50871012e-01  6.42831993e-02
 -7.18451620e-01  5.29097849e-06 -1.05979587e-05  0.00000000e+00]","[ 0.         -0.73303241  8.98250675  0.89109915 -7.09671211 -0.43765357
 -0.45609728 -0.60575628]"
1749055014.029881,"[ 0.00000000e+00 -2.94069976e-01  8.91122929e-01  3.08443536e+00
 -2.02087961e+00  4.84695318e-05  9.60091278e-01  1.57107689e+00]","[ 0.00000000e+00 -5.72026487e-02 -7.57353346e-01  6.56336883e-02
 -7.21430366e-01  5.28698695e-06 -1.05979587e-05  0.00000000e+00]","[ 0.         -0.79974109  8.81988811  0.75597417 -7.11803865 -0.43875751
 -0.46587485 -0.60755426]"
1749055014.0315766,"[ 0.00000000e+00 -2.94182894e-01  8.89616778e-01  3.08456665e+00
 -2.02230892e+00  4.84695318e-05  9.60091278e-01  1.57107689e+00]","[ 0.00000000e+00 -5.36644520e-02 -7.64680701e-01  6.31936502e-02
 -7.25481833e-01  5.29103081e-06  0.00000000e+00  0.00000000e+00]","[ 0.         -0.91770333  8.72530937  0.64578402 -7.19719315 -0.41312084
 -0.45315769 -0.5985983 ]"
1749055014.0333612,"[ 0.00000000e+00 -2.94234559e-01  8.88801718e-01  3.08462684e+00
 -2.02308044e+00  4.84695318e-05  9.60092210e-01  1.57107689e+00]","[ 0.00000000e+00 -5.23989095e-02 -7.67351519e-01  6.09801805e-02
 -7.26476257e-01  5.29097849e-06  1.06059783e-05  0.00000000e+00]","[ 0.         -0.95552635  8.65692997  0.59900051 -7.31096888 -0.42835596
 -0.4433364  -0.59483165]"
1749055014.0351417,"[ 0.00000000e+00 -2.94334694e-01  8.87275327e-01  3.08474855e+00
 -2.02452095e+00  4.84695318e-05  9.60091278e-01  1.57107689e+00]","[ 0.00000000e+00 -5.07783261e-02 -7.74909636e-01  5.86798210e-02
 -7.31153900e-01  5.28703927e-06  0.00000000e+00  0.00000000e+00]","[ 0.         -1.03514946  8.66874504  0.47551647 -7.21387053 -0.41962224
 -0.44536611 -0.59107584]"
1749055014.0368726,"[ 0.00000000e+00 -2.94390088e-01  8.86508070e-01  3.08480447e+00
 -2.02524320e+00  4.84695318e-05  9.60091278e-01  1.57107689e+00]","[ 0.00000000e+00 -5.21598409e-02 -7.78150837e-01  5.67204709e-02
 -7.32504322e-01  5.29097849e-06  0.00000000e+00  0.00000000e+00]","[ 0.         -1.0759635   8.76683712  0.392263   -7.16778994 -0.36987087
 -0.46893841 -0.60519195]"
1749055014.038099,"[ 0.00000000e+00 -2.94499810e-01  8.84899521e-01  3.08490967e+00
 -2.02675587e+00  4.84695318e-05  9.60091278e-01  1.57107689e+00]","[ 0.00000000e+00 -5.55837048e-02 -7.87874304e-01  5.20759971e-02
 -7.40607256e-01  5.28698695e-06  0.00000000e+00  0.00000000e+00]","[ 0.         -1.13491893  8.90238762  0.27454835 -7.06644678 -0.32837242
 -0.46727839 -0.62048525]"
1749055014.039864,"[ 0.00000000e+00 -2.94556269e-01  8.84117484e-01  3.08495840e+00
 -2.02748824e+00  4.84695318e-05  9.60092210e-01  1.57107689e+00]","[ 0.00000000e+00 -5.72606640e-02 -7.93006215e-01  4.94780210e-02
 -7.42768078e-01  5.29103081e-06  1.05979587e-05  0.00000000e+00]","[ 0.         -1.1209774   8.80486202  0.21731628 -6.90556526 -0.34647733
 -0.45065749 -0.60135883]"
1749055014.0410109,"[ 0.00000000e+00 -2.94676111e-01  8.82481437e-01  3.08505081e+00
 -2.02902249e+00  4.84695318e-05  9.60092210e-01  1.57107689e+00]","[ 0.00000000e+00 -5.94214448e-02 -8.00703683e-01  4.42959881e-02
 -7.50800771e-01  5.28698695e-06  1.05979587e-05  0.00000000e+00]","[ 0.         -1.13475215  9.01251793  0.12008106 -6.8082428  -0.33514941
 -0.46618789 -0.58427352]"
1749055014.0427349,"[ 0.00000000e+00 -2.94737897e-01  8.81687016e-01  3.08509342e+00
 -2.02976897e+00  4.84695318e-05  9.60092210e-01  1.57107689e+00]","[ 0.00000000e+00 -6.26626158e-02 -8.05700772e-01  4.32155977e-02
 -7.57083235e-01  5.28698695e-06  1.05979587e-05  0.00000000e+00]","[ 0.         -1.14133334  9.15676689  0.10003832 -6.84586573 -0.32996231
 -0.4681325  -0.57253891]"
1749055014.043871,"[ 0.00000000e+00 -2.94872120e-01  8.80022008e-01  3.08517891e+00
 -2.03127153e+00  4.84695318e-05  9.60092210e-01  1.57107689e+00]","[ 0.00000000e+00 -6.65114371e-02 -8.14997468e-01  4.16667989e-02
 -7.64375836e-01  5.29097849e-06  1.05979587e-05  0.00000000e+00]","[ 0.         -1.13453102  9.32664299  0.08385864 -6.7937665  -0.34964618
 -0.48894039 -0.58061999]"
1749055014.0456526,"[ 0.00000000e+00 -2.94937634e-01  8.79212873e-01  3.08521726e+00
 -2.03208885e+00  4.84695318e-05  9.60092210e-01  1.57107689e+00]","[ 0.00000000e+00 -6.63766561e-02 -8.19724712e-01  3.88940363e-02
 -7.69608414e-01  5.28698695e-06  1.05979587e-05  0.00000000e+00]","[ 0.         -1.11831152  9.39606285  0.07795534 -6.75110674 -0.36270067
 -0.4716647  -0.59187222]"
1749055014.0473268,"[ 0.00000000e+00 -2.95073988e-01  8.77586481e-01  3.08529050e+00
 -2.03361697e+00  4.84695318e-05  9.60092210e-01  1.57107689e+00]","[ 0.00000000e+00 -6.72059479e-02 -8.26498262e-01  3.46060473e-02
 -7.77588976e-01  0.00000000e+00  1.05978530e-05  0.00000000e+00]","[ 0.         -1.10350859  9.62961006  0.09006995 -6.65129328 -0.38902837
 -0.4640547  -0.58424413]"
1749055014.0485032,"[ 0.00000000e+00 -2.95141632e-01  8.76705241e-01  3.08532219e+00
 -2.03438902e+00  4.84695318e-05  9.60092210e-01  1.57107689e+00]","[ 0.00000000e+00 -6.86047607e-02 -8.29792859e-01  3.21415997e-02
 -7.82219215e-01  0.00000000e+00  1.05979587e-05  0.00000000e+00]","[ 0.         -1.10088539  9.72046089  0.09583767 -6.70912743 -0.41166627
 -0.4774031  -0.58747393]"
1749055014.0502846,"[ 0.00000000e+00 -2.95280116e-01  8.75060872e-01  3.08537865e+00
 -2.03600290e+00  4.84695318e-05  9.60092210e-01  1.57107689e+00]","[ 0.00000000e+00 -7.07655415e-02 -8.35951685e-01  2.75499417e-02
 -7.90305237e-01  0.00000000e+00  1.05979587e-05  0.00000000e+00]","[ 0.         -1.06269884  9.83622551  0.14784548 -6.659863   -0.39256623
 -0.49835661 -0.59190094]"
1749055014.0520003,"[ 0.00000000e+00 -2.95426058e-01  8.73339870e-01  3.08543271e+00
 -2.03757390e+00  4.84695318e-05  9.60092210e-01  1.57107689e+00]","[ 0.00000000e+00 -7.12182455e-02 -8.41328208e-01  2.58291505e-02
 -7.97869014e-01  0.00000000e+00  1.05979587e-05  0.00000000e+00]","[ 0.         -1.04207528  9.9673214   0.22916587 -6.66418743 -0.40479165
 -0.50809246 -0.57863927]"
1749055014.0531905,"[ 0.00000000e+00 -2.95498496e-01  8.72507832e-01  3.08545801e+00
 -2.03836459e+00  4.84695318e-05  9.60092210e-01  1.57107689e+00]","[ 0.00000000e+00 -7.34665111e-02 -8.43784508e-01  2.56592596e-02
 -8.01919416e-01  0.00000000e+00  1.05980643e-05  0.00000000e+00]","[ 0.         -0.97529775 10.02898693  0.3158496  -6.66116428 -0.39922768
 -0.49216351 -0.56671882]"
1749055014.054907,"[ 0.00000000e+00 -2.95651361e-01  8.70834968e-01  3.08550675e+00
 -2.04002001e+00  4.84695318e-05  9.60092210e-01  1.57107689e+00]","[ 0.00000000e+00 -7.52305391e-02 -8.49456575e-01  2.48489678e-02
 -8.10832617e-01  0.00000000e+00  1.05979587e-05  0.00000000e+00]","[ 0.         -0.88591558 10.08945084  0.46529195 -6.82722044 -0.40373355
 -0.4917286  -0.59790349]"
1749055014.0560486,"[ 0.00000000e+00 -2.95724864e-01  8.69993742e-01  3.08553285e+00
 -2.04082269e+00  4.84695318e-05  9.60092210e-01  1.57107689e+00]","[ 0.00000000e+00 -7.44713717e-02 -8.52373402e-01  2.45521898e-02
 -8.14073817e-01  0.00000000e+00  1.05979587e-05  0.00000000e+00]","[ 0.         -0.85113949  9.93607712  0.5727126  -6.89328527 -0.44126996
 -0.49384123 -0.5967558 ]"
1749055014.0578556,"[ 0.00000000e+00 -2.95869208e-01  8.68238719e-01  3.08557785e+00
 -2.04250341e+00  4.84695318e-05  9.60092210e-01  1.57107689e+00]","[ 0.00000000e+00 -7.34665111e-02 -8.58369776e-01  2.24180906e-02
 -8.23022105e-01  0.00000000e+00  1.05979587e-05  0.00000000e+00]","[ 0.         -0.68583792 10.03406906  0.71938175 -6.90405321 -0.49206692
 -0.51035249 -0.57576913]"
1749055014.0595772,"[ 0.00000000e+00 -2.95942178e-01  8.67390568e-01  3.08559809e+00
 -2.04331754e+00  4.79368996e-05  9.60091278e-01  1.57107689e+00]","[ 0.00000000e+00 -7.40067084e-02 -8.60260487e-01  2.05274085e-02
 -8.24851364e-01 -5.29103081e-06  0.00000000e+00  0.00000000e+00]","[ 0.         -0.58876014 10.32116508  0.81038773 -6.96073246 -0.4907153
 -0.52149838 -0.59953243]"
1749055014.0613153,"[ 0.00000000e+00 -2.96089717e-01  8.65619966e-01  3.08563618e+00
 -2.04495778e+00  4.79368996e-05  9.60091278e-01  1.57107689e+00]","[ 0.00000000e+00 -7.12334838e-02 -8.66202599e-01  1.72862385e-02
 -8.33790930e-01 -5.28698695e-06 -1.05979587e-05  0.00000000e+00]","[ 0.         -0.45554933 10.31884003  0.99044448 -6.94836426 -0.56138653
 -0.5124318  -0.60897088]"
1749055014.0630403,"[ 0.00000000e+00 -2.96157362e-01  8.64764492e-01  3.08565269e+00
 -2.04584621e+00  4.79368996e-05  9.60091278e-01  1.57107689e+00]","[ 0.00000000e+00 -6.86047607e-02 -8.67553088e-01  1.67460433e-02
 -8.36563613e-01 -5.28698695e-06  0.00000000e+00  0.00000000e+00]","[ 0.         -0.40066078 10.20241547  1.05591214 -6.9077692  -0.59452969
 -0.51002538 -0.59932834]"
1749055014.0642085,"[ 0.00000000e+00 -2.96291585e-01  8.63045288e-01  3.08568305e+00
 -2.04750669e+00  4.79368996e-05  9.60091278e-01  1.57107689e+00]","[ 0.00000000e+00 -6.80645635e-02 -8.72340386e-01  1.43072743e-02
 -8.44054619e-01 -5.29103081e-06  0.00000000e+00  0.00000000e+00]","[ 0.         -0.29279897 10.19167614  1.17880547 -6.88776159 -0.60233635
 -0.51621479 -0.60541594]"
1749055014.0659218,"[ 0.00000000e+00 -2.96426874e-01  8.61247987e-01  3.08571021e+00
 -2.04918208e+00  4.79368996e-05  9.60091278e-01  1.57107689e+00]","[ 0.00000000e+00 -6.42831993e-02 -8.79437378e-01  1.26817193e-02
 -8.50807064e-01 -5.28703927e-06  0.00000000e+00  0.00000000e+00]","[ 0.         -0.20126674 10.06660175  1.32064855 -6.83690357 -0.57309186
 -0.54112935 -0.59426302]"
1749055014.067057,"[ 0.00000000e+00 -2.96487061e-01  8.60378798e-01  3.08572246e+00
 -2.05009102e+00  4.79368996e-05  9.60091278e-01  1.57107689e+00]","[ 0.00000000e+00 -6.09801805e-02 -8.81598133e-01  1.15353491e-02
 -8.55872730e-01 -5.29097849e-06  0.00000000e+00  0.00000000e+00]","[ 0.         -0.1416641   9.93377018  1.36839998 -6.91437101 -0.54948103
 -0.53505474 -0.59426302]"
1749055014.06885,"[ 0.00000000e+00 -2.96604240e-01  8.58564054e-01  3.08574537e+00
 -2.05178799e+00  4.79368996e-05  9.60092210e-01  1.57107689e+00]","[ 0.00000000e+00 -5.61233528e-02 -8.88080534e-01  1.16141912e-02
 -8.62421243e-01 -5.29103081e-06  1.05979587e-05  0.00000000e+00]","[ 0.         -0.07428148  9.758955    1.43819666 -6.93189859 -0.56670123
 -0.5188787  -0.59460407]"
1749055014.0699825,"[ 0.00000000e+00 -2.96657503e-01  8.57685610e-01  3.08575735e+00
 -2.05270917e+00  4.79368996e-05  9.60091278e-01  1.57107689e+00]","[ 0.00000000e+00 -5.40194971e-02 -8.90781445e-01  1.21543863e-02
 -8.67408079e-01 -5.28703927e-06  0.00000000e+00  0.00000000e+00]","[ 0.         -0.04068986  9.75045872  1.44257677 -6.89626455 -0.56725472
 -0.51816648 -0.60970384]"
1749055014.071722,"[ 0.00000000e+00 -2.96756573e-01  8.55919135e-01  3.08578531e+00
 -2.05443117e+00  4.79368996e-05  9.60091278e-01  1.57107689e+00]","[ 0.00000000e+00 -4.91577426e-02 -8.96993734e-01  1.42938025e-02
 -8.75115799e-01 -5.29097849e-06  1.05979587e-05  0.00000000e+00]","[ 0.00000000e+00 -5.45618497e-03  9.69827938e+00  1.44157720e+00
 -6.96484661e+00 -5.54960430e-01 -5.31414866e-01 -6.04645491e-01]"
1749055014.0734842,"[ 0.00000000e+00 -2.96803977e-01  8.54963060e-01  3.08580103e+00
 -2.05529723e+00  4.79368996e-05  9.60091278e-01  1.57107689e+00]","[ 0.00000000e+00 -4.46367853e-02 -9.00258770e-01  1.59357516e-02
 -8.78357000e-01 -5.29103081e-06  1.05979587e-05  0.00000000e+00]","[ 0.          0.03592306  9.47425079  1.3986057  -6.92840815 -0.55240738
 -0.53494644 -0.60403335]"
1749055014.0752833,"[ 0.00000000e+00 -2.96886535e-01  8.53180074e-01  3.08583538e+00
 -2.05710792e+00  4.79368996e-05  9.60091278e-01  1.57107689e+00]","[ 0.00000000e+00 -4.04735738e-02 -9.06717202e-01  1.80965312e-02
 -8.85964985e-01 -5.28698695e-06  0.00000000e+00  0.00000000e+00]","[ 0.          0.06550846  9.41306019  1.32635212 -6.68513584 -0.52695847
 -0.5203563  -0.62017953]"
1749055014.0770261,"[ 0.00000000e+00 -2.96966963e-01  8.51316194e-01  3.08587773e+00
 -2.05886294e+00  4.79368996e-05  9.60092210e-01  1.57107689e+00]","[ 0.00000000e+00 -3.91198807e-02 -9.10184771e-01  2.10462568e-02
 -8.90688434e-01 -5.29103081e-06  1.05978530e-05  0.00000000e+00]","[ 0.          0.08303454  9.34946442  1.23746777 -6.41654778 -0.49931177
 -0.46957535 -0.60021597]"
1749055014.078165,"[ 0.00000000e+00 -2.97004780e-01  8.50413449e-01  3.08589823e+00
 -2.05981156e+00  4.79368996e-05  9.60092210e-01  1.57107689e+00]","[ 0.00000000e+00 -3.83538432e-02 -9.15630469e-01  2.07975050e-02
 -8.93237279e-01 -5.29103081e-06  1.85466133e-05  0.00000000e+00]","[ 0.          0.08109387  9.45644569  1.20364821 -6.38897038 -0.45480043
 -0.45387933 -0.58804321]"
1749055014.0799596,"[ 0.00000000e+00 -2.97084142e-01  8.48529396e-01  3.08593978e+00
 -2.06158123e+00  4.79368996e-05  9.60092210e-01  1.57107689e+00]","[ 0.00000000e+00 -3.81168052e-02 -9.22326388e-01  2.10676037e-02
 -8.98884379e-01 -5.29097849e-06  1.85464284e-05  0.00000000e+00]","[ 0.          0.04780301  9.28277206  1.12778807 -6.2744832  -0.44072065
 -0.45976663 -0.58365315]"
1749055014.0817049,"[ 0.00000000e+00 -2.97156047e-01  8.46701801e-01  3.08598052e+00
 -2.06342707e+00  4.79368996e-05  9.60092210e-01  1.57107689e+00]","[ 0.00000000e+00 -3.56528652e-02 -9.27784803e-01  1.99872133e-02
 -9.02766469e-01 -5.29097849e-06  1.06059783e-05  0.00000000e+00]","[ 0.          0.09340356  9.12191486  1.03560817 -6.16414309 -0.40211096
 -0.45973724 -0.56991529]"
1749055014.0834281,"[ 0.00000000e+00 -2.97188538e-01  8.45783410e-01  3.08600023e+00
 -2.06431843e+00  4.84695318e-05  9.60092210e-01  1.57107689e+00]","[ 0.00000000e+00 -3.29518914e-02 -9.30352490e-01  1.99669629e-02
 -9.04016224e-01  0.00000000e+00  1.05980643e-05  0.00000000e+00]","[ 0.          0.11643859  9.16531181  0.95287085 -6.09362888 -0.41057965
 -0.43773001 -0.57479995]"
1749055014.0852058,"[ 0.00000000e+00 -2.97249790e-01  8.43867665e-01  3.08601861e+00
 -2.06610647e+00  4.84695318e-05  9.60092210e-01  1.57107689e+00]","[ 0.00000000e+00 -2.90891406e-02 -9.36968115e-01  1.86367264e-02
 -9.07527535e-01  0.00000000e+00  1.05979587e-05  0.00000000e+00]","[ 0.          0.12507065  9.27168274  0.9143458  -6.04764462 -0.37527671
 -0.43326017 -0.57682991]"
1749055014.0869555,"[ 0.00000000e+00 -2.97302521e-01  8.42012574e-01  3.08605403e+00
 -2.06796802e+00  4.84695318e-05  9.60092210e-01  1.57107689e+00]","[ 0.00000000e+00 -2.64695534e-02 -9.40749538e-01  1.62058481e-02
 -9.09286420e-01  0.00000000e+00  1.85464284e-05  0.00000000e+00]","[ 0.          0.11663523  9.37170029  0.86413002 -6.0187254  -0.3491374
 -0.45268804 -0.59500879]"
1749055014.0887122,"[ 0.00000000e+00 -2.97327555e-01  8.41082731e-01  3.08607001e+00
 -2.06886577e+00  4.84695318e-05  9.60092210e-01  1.57107689e+00]","[ 0.00000000e+00 -2.53891630e-02 -9.42224729e-01  1.50461080e-02
 -9.10498624e-01  0.00000000e+00  1.85464284e-05  0.00000000e+00]","[ 0.          0.09774964  9.30136585  0.84026927 -6.08060312 -0.32836288
 -0.47809216 -0.58217752]"
1749055014.0904126,"[ 0.00000000e+00 -2.97378687e-01  8.39145348e-01  3.08609770e+00
 -2.07066261e+00  4.84695318e-05  9.60092210e-01  1.57107689e+00]","[ 0.00000000e+00 -2.40737716e-02 -9.47231872e-01  1.35048743e-02
 -9.11308891e-01  0.00000000e+00  1.05979587e-05  0.00000000e+00]","[ 0.          0.08761022  9.31976891  0.7909897  -6.22763348 -0.31273791
 -0.50255007 -0.58635181]"
1749055014.0915625,"[ 0.00000000e+00 -2.97420765e-01  8.37274211e-01  3.08612513e+00
 -2.07253241e+00  4.84695318e-05  9.60092210e-01  1.57107689e+00]","[ 0.00000000e+00 -2.05274085e-02 -9.49662738e-01  1.34911902e-02
 -9.12797199e-01  0.00000000e+00  1.05979587e-05  0.00000000e+00]","[ 0.          0.05769303  9.259161    0.76005226 -6.39021206 -0.28461975
 -0.48082533 -0.57859874]"
1749055014.0933328,"[ 0.00000000e+00 -2.97439407e-01  8.36265339e-01  3.08613818e+00
 -2.07343336e+00  4.84695318e-05  9.60092210e-01  1.57107689e+00]","[ 0.00000000e+00 -1.88876669e-02 -9.49910945e-01  1.32347767e-02
 -9.13739758e-01  0.00000000e+00  1.05819570e-05  0.00000000e+00]","[ 0.          0.07050475  9.48181248  0.75580353 -6.5012064  -0.29784268
 -0.49868983 -0.58091044]"
1749055014.0944364,"[ 0.00000000e+00 -2.97468702e-01  8.34385880e-01  3.08616641e+00
 -2.07523526e+00  4.84695318e-05  9.60092210e-01  1.57107689e+00]","[ 0.00000000e+00 -1.24244839e-02 -9.53714205e-01  1.48553612e-02
 -9.13739758e-01  0.00000000e+00  1.05819570e-05  0.00000000e+00]","[ 0.          0.08020037  9.38722897  0.7292496  -6.61488867 -0.29045624
 -0.53447288 -0.58728409]"
1749055014.0961506,"[ 0.00000000e+00 -2.97478822e-01  8.33444053e-01  3.08618319e+00
 -2.07620651e+00  4.84695318e-05  9.60092210e-01  1.57107689e+00]","[ 0.00000000e+00 -1.02637042e-02 -9.55064694e-01  1.57984125e-02
 -9.13692220e-01  0.00000000e+00  1.05820616e-05  0.00000000e+00]","[ 0.          0.09426755  9.21570683  0.75675517 -6.56219721 -0.29182518
 -0.53856194 -0.59750271]"
1749055014.097974,"[ 0.00000000e+00 -2.97490007e-01  8.31485165e-01  3.08621968e+00
 -2.07800867e+00  4.84695318e-05  9.60092210e-01  1.57107689e+00]","[ 0.00000000e+00 -3.78136470e-03 -9.57433976e-01  1.94470181e-02
 -9.13739758e-01 -1.05979587e-05  1.05900569e-05  0.00000000e+00]","[ 0.         -0.01932768  9.13835335  0.74025643 -6.71634436 -0.29294625
 -0.55471522 -0.58460146]"
1749055014.0997298,"[ 0.00000000e+00 -2.97490540e-01  8.30540142e-01  3.08624285e+00
 -2.07911815e+00  4.84695318e-05  9.60092210e-01  1.57107689e+00]","[ 0.00000000e+00 -5.40194952e-04 -9.58305828e-01  2.18168570e-02
 -9.13898549e-01 -1.05979587e-05  1.05819570e-05  0.00000000e+00]","[ 0.         -0.06606715  8.99455833  0.7090084  -6.78904009 -0.2820459
 -0.53635693 -0.57517028]"
1749055014.100886,"[ 0.00000000e+00 -2.97487344e-01  8.28572532e-01  3.08629131e+00
 -2.08091897e+00  4.84695318e-05  9.60092210e-01  1.57107689e+00]","[ 0.00000000e+00  1.62058489e-03 -9.61195491e-01  2.53891630e-02
 -9.12119158e-01 -1.05979587e-05  1.05819570e-05  0.00000000e+00]","[ 0.         -0.15440612  8.84591866  0.70498556 -6.76224136 -0.26506302
 -0.51237267 -0.57346171]"
1749055014.10264,"[ 0.00000000e+00 -2.97486279e-01  8.27623381e-01  3.08631795e+00
 -2.08181912e+00  4.95347963e-05  9.60092210e-01  1.57107689e+00]","[ 0.00000000e+00  1.40397288e-03 -9.61652090e-01  2.70097486e-02
 -9.12929491e-01  0.00000000e+00  1.05819570e-05  0.00000000e+00]","[ 0.         -0.20786922  8.83887577  0.73089767 -6.70843601 -0.2525551
 -0.49710235 -0.57795507]"
1749055014.104379,"[ 0.00000000e+00 -2.97487344e-01  8.25721418e-01  3.08637867e+00
 -2.08368627e+00  4.95347963e-05  9.60092210e-01  1.57107689e+00]","[ 0.00000000e+00  0.00000000e+00 -9.64788162e-01  3.05649708e-02
 -9.10655351e-01  0.00000000e+00  1.05820616e-05  0.00000000e+00]","[ 0.         -0.29881933  8.68087292  0.70987648 -6.64773989 -0.23981634
 -0.49886507 -0.5770458 ]"
1749055014.105535,"[ 0.00000000e+00 -2.97488942e-01  8.24768140e-01  3.08640983e+00
 -2.08458482e+00  4.95347963e-05  9.60092210e-01  1.57107689e+00]","[ 0.00000000e+00 -3.97387880e-04 -9.66948984e-01  3.16014045e-02
 -9.11308891e-01  0.00000000e+00  1.05819570e-05  0.00000000e+00]","[ 0.         -0.37195331  8.54051971  0.6673314  -6.76347685 -0.24211819
 -0.50611722 -0.56823891]"
1749055014.1073508,"[ 0.00000000e+00 -2.97490007e-01  8.22784018e-01  3.08647694e+00
 -2.08638032e+00  4.95347963e-05  9.60092210e-01  1.57107689e+00]","[ 0.00000000e+00 -4.38741518e-04 -9.69649962e-01  3.45724769e-02
 -9.09958402e-01  0.00000000e+00  1.05820616e-05  0.00000000e+00]","[ 0.         -0.45217571  8.41201687  0.5971815  -6.76848412 -0.20699446
 -0.52181077 -0.57846272]"
1749055014.1084783,"[ 0.00000000e+00 -2.97488410e-01  8.20865943e-01  3.08655603e+00
 -2.08824453e+00  4.95347963e-05  9.60092210e-01  1.57107689e+00]","[ 0.00000000e+00 -3.05277096e-04 -9.73431318e-01  4.02445253e-02
 -9.09958402e-01  0.00000000e+00  1.05820616e-05  0.00000000e+00]","[ 0.         -0.48906377  8.27162743  0.57361805 -6.67173815 -0.19956182
 -0.49738032 -0.58623558]"
1749055014.1102855,"[ 0.00000000e+00 -2.97488410e-01  8.19831372e-01  3.08659864e+00
 -2.08914148e+00  4.95347963e-05  9.60092210e-01  1.57107689e+00]","[ 0.00000000e+00 -3.01988489e-04 -9.74235459e-01  4.31718095e-02
 -9.09688291e-01  0.00000000e+00  1.05900569e-05  0.00000000e+00]","[ 0.         -0.4949981   8.35095787  0.54569155 -6.61316776 -0.20494233
 -0.4976446  -0.59059954]"
1749055014.1120412,"[ 0.00000000e+00 -2.97489475e-01  8.17902311e-01  3.08669825e+00
 -2.09100197e+00  4.95347963e-05  9.60092210e-01  1.57107689e+00]","[ 0.00000000e+00 -7.54971222e-05 -9.79913652e-01  4.96054449e-02
 -9.07531064e-01  0.00000000e+00  1.05819570e-05  0.00000000e+00]","[ 0.         -0.53741705  8.20927143  0.51128459 -6.43669319 -0.22371823
 -0.45053726 -0.59628123]"
1749055014.1138,"[ 0.00000000e+00 -2.97489475e-01  8.16932987e-01  3.08674831e+00
 -2.09189786e+00  4.95347963e-05  9.60092210e-01  1.57107689e+00]","[ 0.00000000e+00  7.63192740e-05 -9.82158697e-01  5.07783261e-02
 -9.08607913e-01  0.00000000e+00  1.05819570e-05  0.00000000e+00]","[ 0.         -0.51648432  8.06240368  0.49357083 -6.24245358 -0.2230711
 -0.42523855 -0.58856457]"
1749055014.1155214,"[ 0.00000000e+00 -2.97488942e-01  8.14913911e-01  3.08685031e+00
 -2.09368910e+00  5.06000607e-05  9.60092210e-01  1.57107689e+00]","[ 0.00000000e+00  1.32479098e-04 -9.86475880e-01  5.18587164e-02
 -9.08067691e-01  2.11961286e-05  1.85184257e-05  0.00000000e+00]","[ 0.         -0.47063166  8.00183201  0.46887085 -6.04670191 -0.20609148
 -0.41932079 -0.56312525]"
1749055014.1167648,"[ 0.00000000e+00 -2.97488410e-01  8.12961015e-01  3.08695577e+00
 -2.09465343e+00  5.06000607e-05  9.60092210e-01  1.57107689e+00]","[ 0.00000000e+00  1.58364377e-04 -9.90447453e-01  5.15886178e-02
 -9.08032604e-01  2.12119566e-05  1.85186086e-05  0.00000000e+00]","[ 0.         -0.43654397  8.10825062  0.42790142 -6.08267736 -0.16893347
 -0.44305712 -0.56767178]"
1749055014.118502,"[ 0.00000000e+00 -2.97488942e-01  8.11755602e-01  3.08700824e+00
 -2.09554798e+00  5.06000607e-05  9.60092210e-01  1.57107689e+00]","[ 0.00000000e+00  5.27881270e-05 -9.92872061e-01  5.32092012e-02
 -9.06338167e-01  2.11959173e-05  1.85184257e-05  0.00000000e+00]","[ 0.         -0.42504331  8.1158638   0.4112395  -5.95485687 -0.16628785
 -0.45391443 -0.55822366]"
1749055014.119695,"[ 0.00000000e+00 -2.97488942e-01  8.09793052e-01  3.08711397e+00
 -2.09733603e+00  5.06000607e-05  9.60092210e-01  1.57107689e+00]","[ 0.00000000e+00 -4.80888602e-05 -9.95309186e-01  5.06552298e-02
 -9.07527535e-01  2.11959173e-05  1.05819570e-05  0.00000000e+00]","[ 0.         -0.37188831  8.22473907  0.40683827 -5.83933496 -0.20259182
 -0.43504179 -0.57227886]"
1749055014.1214056,"[ 0.00000000e+00 -2.97488410e-01  8.08808548e-01  3.08716110e+00
 -2.09829770e+00  5.06000607e-05  9.60092210e-01  1.57107689e+00]","[ 0.00000000e+00  0.00000000e+00 -9.97538652e-01  4.78072536e-02
 -9.05524905e-01  2.12119566e-05  1.05819570e-05  0.00000000e+00]","[ 0.         -0.29831323  8.3887949   0.42545331 -5.908041   -0.20380627
 -0.42933774 -0.57282805]"
1749055014.1231353,"[ 0.00000000e+00 -2.97487877e-01  8.06760577e-01  3.08724979e+00
 -2.10008202e+00  5.06000607e-05  9.60092210e-01  1.57107689e+00]","[ 0.00000000e+00  4.08209857e-05 -1.00071114e+00  4.37557908e-02
 -9.03909764e-01  2.11959173e-05  1.05899522e-05  0.00000000e+00]","[ 0.         -0.19152376  8.46063995  0.46529993 -5.79508591 -0.18945993
 -0.41240004 -0.56882107]"
1749055014.1248755,"[ 0.00000000e+00 -2.97487877e-01  8.04782847e-01  3.08733687e+00
 -2.10193291e+00  5.06000607e-05  9.60093142e-01  1.57107689e+00]","[ 0.00000000e+00  7.54971222e-05 -1.00314201e+00  4.21291029e-02
 -9.03518745e-01  2.12119566e-05  1.85186086e-05  0.00000000e+00]","[ 0.         -0.04734524  8.48309326  0.54187995 -5.87382793 -0.20638478
 -0.42402673 -0.58593965]"
1749055014.1266596,"[ 0.00000000e+00 -2.97487344e-01  8.03715652e-01  3.08737922e+00
 -2.10282374e+00  5.06000607e-05  9.60093142e-01  1.57107689e+00]","[ 0.00000000e+00  1.05849015e-04 -1.00482919e+00  4.29454991e-02
 -9.03476068e-01  2.11959173e-05  1.85184257e-05  0.00000000e+00]","[ 0.          0.04894025  8.32319641  0.55520862 -5.93467093 -0.23012991
 -0.43070143 -0.5886808 ]"
1749055014.1283536,"[ 0.00000000e+00 -2.97486812e-01  8.01727402e-01  3.08746417e+00
 -2.10460406e+00  5.06000607e-05  9.60093142e-01  1.57107689e+00]","[ 0.00000000e+00  1.24825923e-04 -1.00725227e+00  4.29019855e-02
 -9.03476068e-01  2.11961286e-05  1.85186086e-05  0.00000000e+00]","[ 0.          0.21373622  8.39423466  0.6299271  -6.14669895 -0.25260332
 -0.4669385  -0.58227205]"
1749055014.1294541,"[ 0.00000000e+00 -2.97486812e-01  8.00730914e-01  3.08750598e+00
 -2.10556280e+00  5.06000607e-05  9.60093142e-01  1.57107689e+00]","[ 0.00000000e+00  1.56023269e-04 -1.01070479e+00  4.24053018e-02
 -9.02766469e-01  2.12119566e-05  1.85186086e-05  0.00000000e+00]","[ 0.          0.32764617  8.42808914  0.72574019 -6.1524086  -0.26319048
 -0.45891616 -0.5804987 ]"
1749055014.1311476,"[ 0.00000000e+00 -2.97485746e-01  7.98655845e-01  3.08759014e+00
 -2.10734446e+00  5.06000607e-05  9.60093142e-01  1.57107689e+00]","[ 0.00000000e+00  1.95031947e-04 -1.01394592e+00  4.10548170e-02
 -9.02395690e-01  2.11959173e-05  1.85324169e-05  0.00000000e+00]","[ 0.          0.53349185  8.33593655  0.814264   -6.29466248 -0.24377003
 -0.471966   -0.57560652]"
1749055014.1323786,"[ 0.00000000e+00 -2.97485214e-01  7.97655296e-01  3.08763088e+00
 -2.10823502e+00  5.06000607e-05  9.60092210e-01  1.57107689e+00]","[ 0.00000000e+00  2.11950741e-04 -1.01475619e+00  4.13249156e-02
 -9.03205957e-01  2.11959173e-05  1.05819570e-05  0.00000000e+00]","[ 0.          0.64452583  8.32577801  0.87840438 -6.43818855 -0.26492465
 -0.4740918  -0.58110708]"
1749055014.1341689,"[ 0.00000000e+00 -2.97484149e-01  7.95649536e-01  3.08772143e+00
 -2.11008512e+00  5.06000607e-05  9.60092210e-01  1.57107689e+00]","[ 0.00000000e+00  2.40444305e-04 -1.01799739e+00  4.51383210e-02
 -9.03268009e-01  2.11959173e-05  0.00000000e+00  0.00000000e+00]","[ 0.          0.79348487  8.38971043  1.03807521 -6.54037666 -0.27825388
 -0.510535   -0.59170675]"
1749055014.1360044,"[ 0.00000000e+00 -2.97483616e-01  7.93562550e-01  3.08781491e+00
 -2.11186997e+00  5.06000607e-05  9.60092210e-01  1.57107689e+00]","[ 0.00000000e+00  2.53217856e-04 -1.01988810e+00  4.78072536e-02
 -9.05474771e-01  2.11959173e-05  1.05818513e-05  0.00000000e+00]","[ 0.          0.89754462  8.45338345  1.12669921 -6.63474655 -0.30340999
 -0.51576161 -0.58471459]"
1749055014.1371198,"[ 0.00000000e+00 -2.97483083e-01  7.92556874e-01  3.08786285e+00
 -2.11276346e+00  4.95347963e-05  9.60092210e-01  1.57107689e+00]","[ 0.00000000e+00  2.64947208e-04 -1.01988810e+00  4.86175453e-02
 -9.05258921e-01  1.05979587e-05  1.05819570e-05  0.00000000e+00]","[ 0.          1.12342381  8.33120632  1.19788408 -6.59359694 -0.31385541
 -0.52236354 -0.59089833]"
1749055014.1395228,"[ 0.00000000e+00 -2.97482018e-01  7.91550332e-01  3.08795979e+00
 -2.11462234e+00  4.95347963e-05  9.60092210e-01  1.57107689e+00]","[ 0.00000000e+00  2.84917145e-04 -1.02096848e+00  4.61866702e-02
 -9.08337802e-01  1.05979587e-05  1.05899522e-05  0.00000000e+00]","[ 0.          1.25198615  8.47326088  1.27519751 -6.71560526 -0.31421578
 -0.54865813 -0.58763283]"
1749055014.1406999,"[ 0.00000000e+00 -2.97481485e-01  7.90543324e-01  3.08800479e+00
 -2.11551956e+00  4.95347963e-05  9.60092210e-01  1.57107689e+00]","[ 0.00000000e+00  2.94185284e-04 -1.02123859e+00  4.56002254e-02
 -9.09958402e-01  1.05979587e-05  0.00000000e+00  0.00000000e+00]","[ 0.          1.35104012  8.30239964  1.3345232  -6.89875078 -0.34819695
 -0.55286384 -0.57903802]"
1749055014.142433,"[ 0.00000000e+00 -2.97479887e-01  7.88449480e-01  3.08809135e+00
 -2.11738670e+00  4.95347963e-05  9.60092210e-01  1.57107689e+00]","[ 0.00000000e+00  3.28256256e-04 -1.02204885e+00  4.37114575e-02
 -9.12504451e-01  1.05979587e-05  0.00000000e+00  0.00000000e+00]","[ 0.          1.59289992  8.26485729  1.49770272 -6.93860197 -0.37036735
 -0.56723505 -0.57905167]"
1749055014.1435156,"[ 0.00000000e+00 -2.97477757e-01  7.86353240e-01  3.08817870e+00
 -2.11919126e+00  4.95347963e-05  9.60092210e-01  1.57107689e+00]","[ 0.00000000e+00  3.75826938e-04 -1.02338609e+00  4.24053018e-02
 -9.15630469e-01  1.05979587e-05  0.00000000e+00  0.00000000e+00]","[ 0.          1.81309342  8.34449482  1.61190724 -6.91312265 -0.39187381
 -0.5705362  -0.58590609]"
1749055014.145283,"[ 0.00000000e+00 -2.97476692e-01  7.85342104e-01  3.08821918e+00
 -2.12009407e+00  4.95347963e-05  9.60092210e-01  1.57107689e+00]","[ 0.00000000e+00  3.97424940e-04 -1.02556010e+00  4.10548170e-02
 -9.15630469e-01  1.06059783e-05  0.00000000e+00  0.00000000e+00]","[ 0.          1.96642435  8.35775757  1.72576857 -6.87928581 -0.39205995
 -0.55337954 -0.58689797]"
1749055014.1464055,"[ 0.00000000e+00 -2.97476159e-01  7.84330036e-01  3.08825726e+00
 -2.12106746e+00  4.95347963e-05  9.60092210e-01  1.57107689e+00]","[ 0.00000000e+00  4.00752559e-04 -1.02533047e+00  3.86239376e-02
 -9.16558714e-01  1.05979587e-05  0.00000000e+00  0.00000000e+00]","[ 0.          2.04751372  8.28898239  1.7933377  -6.66472721 -0.41083226
 -0.51642203 -0.58586591]"
1749055014.1481447,"[ 0.00000000e+00 -2.97474028e-01  7.82226938e-01  3.08832890e+00
 -2.12287521e+00  4.95347963e-05  9.60093142e-01  1.57107689e+00]","[ 0.00000000e+00  4.38828805e-04 -1.02745081e+00  3.40322817e-02
 -9.16980958e-01  1.05979587e-05  1.05819570e-05  0.00000000e+00]","[ 0.          2.25426555  8.27289677  1.94399059 -6.41380358 -0.47472298
 -0.49096763 -0.61920404]"
1749055014.1498172,"[ 0.00000000e+00 -2.97473496e-01  7.81213072e-01  3.08836112e+00
 -2.12377936e+00  4.95347963e-05  9.60093142e-01  1.57107689e+00]","[ 0.00000000e+00  4.41590892e-04 -1.02826108e+00  3.26817948e-02
 -9.16051848e-01  1.06059783e-05  1.05819570e-05  0.00000000e+00]","[ 0.          2.38749194  8.20153999  2.07309842 -6.41207743 -0.48054406
 -0.48661458 -0.60664272]"
1749055014.1509526,"[ 0.00000000e+00 -2.97470833e-01  7.79102184e-01  3.08842850e+00
 -2.12565715e+00  4.84695318e-05  9.60093142e-01  1.57107689e+00]","[ 0.00000000e+00  5.00455855e-04 -1.03040759e+00  3.33522061e-02
 -9.16710847e-01  0.00000000e+00  1.05899522e-05  0.00000000e+00]","[ 0.          2.59665179  8.12276936  2.23737192 -6.30182362 -0.48852932
 -0.47502676 -0.59944546]"
1749055014.1527758,"[ 0.00000000e+00 -2.97468170e-01  7.77066597e-01  3.08850014e+00
 -2.12746304e+00  4.84695318e-05  9.60093142e-01  1.57107689e+00]","[ 0.00000000e+00  6.49155659e-04 -1.03231254e+00  3.78520370e-02
 -9.15090247e-01  0.00000000e+00  1.05819570e-05  0.00000000e+00]","[ 0.          2.83422971  8.01237202  2.40929556 -6.31435204 -0.51226926
 -0.4590143  -0.60114503]"
1749055014.1545067,"[ 0.00000000e+00 -2.97466572e-01  7.76048138e-01  3.08853876e+00
 -2.12843456e+00  4.84695318e-05  9.60093142e-01  1.57107689e+00]","[ 0.00000000e+00  7.73346545e-04 -1.03180628e+00  3.91244538e-02
 -9.13942757e-01  0.00000000e+00  1.05819570e-05  0.00000000e+00]","[ 0.          2.9147265   7.96396065  2.45203662 -6.23787022 -0.51750696
 -0.4422558  -0.59855318]"
1749055014.1556232,"[ 0.00000000e+00 -2.97464441e-01  7.73927596e-01  3.08862637e+00
 -2.13023619e+00  4.84695318e-05  9.60093142e-01  1.57107689e+00]","[ 0.00000000e+00  9.53825839e-04 -1.03528363e+00  4.32155977e-02
 -9.12389269e-01  0.00000000e+00  1.05899522e-05  0.00000000e+00]","[ 0.          3.02674675  7.91127825  2.53713584 -6.21995354 -0.51262289
 -0.44821021 -0.60060567]"
1749055014.1574056,"[ 0.00000000e+00 -2.97463376e-01  7.72906340e-01  3.08867085e+00
 -2.13113527e+00  4.84695318e-05  9.60093142e-01  1.57107689e+00]","[ 0.00000000e+00  1.03251880e-03 -1.03582379e+00  4.51062798e-02
 -9.11849047e-01  0.00000000e+00  1.05819570e-05  0.00000000e+00]","[ 0.          3.11156225  7.66754913  2.5942843  -6.22487974 -0.51139957
 -0.43754432 -0.60201293]"
1749055014.1585493,"[ 0.00000000e+00 -2.97461778e-01  7.71882821e-01  3.08872092e+00
 -2.13210094e+00  4.84695318e-05  9.60093142e-01  1.57107689e+00]","[ 0.00000000e+00  1.12607228e-03 -1.03798461e+00  4.71444719e-02
 -9.09286420e-01  0.00000000e+00  1.05819570e-05  0.00000000e+00]","[ 0.          3.15638733  7.7333684   2.61552191 -6.10760164 -0.52973145
 -0.42977759 -0.59999853]"
1749055014.1603222,"[ 0.00000000e+00 -2.97458050e-01  7.69754489e-01  3.08882425e+00
 -2.13389111e+00  4.84695318e-05  9.60093142e-01  1.57107689e+00]","[ 0.00000000e+00  1.29040155e-03 -1.03828202e+00  5.42345848e-02
 -9.06608012e-01  5.29103081e-06  1.85325998e-05  0.00000000e+00]","[ 0.          3.25029254  7.52730036  2.64139152 -6.18250084 -0.53992993
 -0.41355368 -0.61252201]"
1749055014.1620948,"[ 0.00000000e+00 -2.97453256e-01  7.67700526e-01  3.08894595e+00
 -2.13573988e+00  4.84695318e-05  9.60093142e-01  1.57107689e+00]","[ 0.00000000e+00  1.54539727e-03 -1.04176597e+00  6.37430062e-02
 -9.01165576e-01  5.29097849e-06  1.85184257e-05  0.00000000e+00]","[ 0.          3.34696507  7.33135176  2.62606192 -6.25502396 -0.54092842
 -0.41172838 -0.61134982]"
1749055014.1632447,"[ 0.00000000e+00 -2.97450593e-01  7.66672346e-01  3.08901813e+00
 -2.13662804e+00  4.84695318e-05  9.60093142e-01  1.57107689e+00]","[ 0.00000000e+00  1.73119892e-03 -1.04284635e+00  6.79582534e-02
 -9.00775090e-01  5.29097849e-06  1.85324169e-05  0.00000000e+00]","[ 0.          3.44529653  7.3109231   2.60614133 -6.2482543  -0.53154868
 -0.42118993 -0.59998649]"
1749055014.165121,"[ 0.00000000e+00 -2.97444201e-01  7.64523841e-01  3.08916540e+00
 -2.13840331e+00  4.84695318e-05  9.60093142e-01  1.57107689e+00]","[ 0.00000000e+00  2.24216526e-03 -1.05121939e+00  7.66299637e-02
 -9.00234868e-01  5.29497611e-06  1.85184257e-05  0.00000000e+00]","[ 0.          3.53332376  7.13485098  2.55402732 -6.26855087 -0.50188684
 -0.42708895 -0.61259508]"
1749055014.1668415,"[ 0.00000000e+00 -2.97440473e-01  7.63482811e-01  3.08924583e+00
 -2.13936018e+00  4.84695318e-05  9.60093142e-01  1.57107689e+00]","[ 0.00000000e+00  2.79339357e-03 -1.05474129e+00  8.16522527e-02
 -9.01011046e-01  5.29097849e-06  1.85184257e-05  0.00000000e+00]","[ 0.          3.5231092   7.14991999  2.52511621 -6.39647913 -0.47622517
 -0.45160362 -0.59860384]"
1749055014.1680064,"[ 0.00000000e+00 -2.97431951e-01  7.61307208e-01  3.08942772e+00
 -2.14113864e+00  4.84695318e-05  9.60093142e-01  1.57107689e+00]","[ 0.00000000e+00  3.72321312e-03 -1.06472428e+00  9.07527485e-02
 -9.02125579e-01  5.29103081e-06  1.85324169e-05  0.00000000e+00]","[ 0.          3.62245059  7.24032211  2.41766047 -6.45914316 -0.44724968
 -0.45718724 -0.5793699 ]"
1749055014.1697943,"[ 0.00000000e+00 -2.97426624e-01  7.60253795e-01  3.08951960e+00
 -2.14209924e+00  4.84695318e-05  9.60093142e-01  1.57107689e+00]","[ 0.00000000e+00  4.37126684e-03 -1.06850564e+00  9.31836320e-02
 -9.04521825e-01  5.29097849e-06  1.05819570e-05  0.00000000e+00]","[ 0.          3.6448102   7.32618618  2.36637259 -6.43559885 -0.44796768
 -0.47442722 -0.60147047]"
1749055014.1709158,"[ 0.00000000e+00 -2.97413841e-01  7.58052026e-01  3.08972386e+00
 -2.14388516e+00  4.84695318e-05  9.60093142e-01  1.57107689e+00]","[ 0.00000000e+00  5.96885141e-03 -1.07654898e+00  1.01966754e-01
 -9.05906935e-01  5.29097849e-06  1.85324169e-05  0.00000000e+00]","[ 0.          3.60372496  7.61595964  2.24994254 -6.50636816 -0.4334808
 -0.48616588 -0.62388951]"
1749055014.172673,"[ 0.00000000e+00 -2.97406917e-01  7.56986229e-01  3.08982666e+00
 -2.14478051e+00  4.84695318e-05  9.60093142e-01  1.57107689e+00]","[ 0.00000000e+00  6.75243714e-03 -1.07983492e+00  1.04257622e-01
 -9.08067691e-01  5.29103081e-06  1.85324169e-05  0.00000000e+00]","[ 0.          3.54819989  7.59645414  2.16664577 -6.54661083 -0.38467544
 -0.48299709 -0.61781967]"
1749055014.1738377,"[ 0.00000000e+00 -2.97390405e-01  7.54843650e-01  3.09004291e+00
 -2.14664473e+00  4.84695318e-05  9.60093142e-01  1.57107689e+00]","[ 0.00000000e+00  8.37302164e-03 -1.08876290e+00  1.11550256e-01
 -9.11041843e-01  5.29097849e-06  1.85186086e-05  0.00000000e+00]","[ 0.          3.49115396  7.86442709  2.04095411 -6.56371737 -0.38955089
 -0.49134377 -0.59853446]"
1749055014.1756566,"[ 0.00000000e+00 -2.97381883e-01  7.53682378e-01  3.09016435e+00
 -2.14754487e+00  4.84695318e-05  9.60093142e-01  1.57107689e+00]","[ 0.00000000e+00  8.57826397e-03 -1.09335047e+00  1.14350420e-01
 -9.12929491e-01  5.29097849e-06  1.85324169e-05  0.00000000e+00]","[ 0.          3.48777533  8.00850868  1.9711349  -6.45877314 -0.34541458
 -0.50367355 -0.6135627 ]"
1749055014.1773398,"[ 0.00000000e+00 -2.97363774e-01  7.51519092e-01  3.09039738e+00
 -2.14941787e+00  4.95347963e-05  9.60093142e-01  1.57107689e+00]","[ 0.00000000e+00  9.18331389e-03 -1.09767617e+00  1.19112984e-01
 -9.15304898e-01  1.58729355e-05  1.05819570e-05  0.00000000e+00]","[ 0.          3.34050131  8.31260872  1.78439951 -6.37197542 -0.33780816
 -0.50852287 -0.59612793]"
1749055014.1785295,"[ 0.00000000e+00 -2.97353121e-01  7.50433588e-01  3.09051695e+00
 -2.15032202e+00  4.95347963e-05  9.60093142e-01  1.57107689e+00]","[ 0.00000000e+00  8.77483075e-03 -1.10091731e+00  1.21273765e-01
 -9.16980958e-01  1.58609609e-05  1.05820616e-05  0.00000000e+00]","[ 0.          3.25905538  8.53500748  1.71931446 -6.33308744 -0.31765911
 -0.5004971  -0.59472746]"
1749055014.1802795,"[ 0.00000000e+00 -2.97337142e-01  7.48174362e-01  3.09076356e+00
 -2.15213164e+00  4.95347963e-05  9.60093142e-01  1.57107689e+00]","[ 0.00000000e+00  8.10292405e-03 -1.10469866e+00  1.20733576e-01
 -9.17791225e-01  1.58730919e-05  1.05899522e-05  0.00000000e+00]","[ 0.          3.14793611  8.89434814  1.58556378 -5.8859973  -0.28502691
 -0.47093931 -0.59591341]"
1749055014.18149,"[ 0.00000000e+00 -2.97330218e-01  7.47085662e-01  3.09088207e+00
 -2.15310742e+00  4.95347963e-05  9.60093142e-01  1.57107689e+00]","[ 0.00000000e+00  7.56272939e-03 -1.10415851e+00  1.20193379e-01
 -9.17951281e-01  1.58730919e-05  1.05819570e-05  0.00000000e+00]","[ 0.          3.07911921  8.96742153  1.47456312 -5.85888195 -0.24831074
 -0.47083369 -0.60546088]"
1749055014.183245,"[ 0.00000000e+00 -2.97316902e-01  7.44902668e-01  3.09112575e+00
 -2.15491997e+00  4.95347963e-05  9.60093142e-01  1.57107689e+00]","[ 0.00000000e+00  6.49868470e-03 -1.10793986e+00  1.19365785e-01
 -9.19951981e-01  1.58609609e-05  1.05819570e-05  0.00000000e+00]","[ 0.          2.95651078  9.05302811  1.42922997 -5.52096033 -0.21118991
 -0.46011084 -0.5906648 ]"
1749055014.184413,"[ 0.00000000e+00 -2.97311576e-01  7.43725751e-01  3.09124506e+00
 -2.15582757e+00  4.95347963e-05  9.60093142e-01  1.57107689e+00]","[ 0.00000000e+00  5.94214437e-03 -1.10814579e+00  1.21003670e-01
 -9.20492203e-01  1.05819570e-05  1.05899522e-05  0.00000000e+00]","[ 0.          2.81033278  9.31617165  1.3725065  -5.3127718  -0.23170838
 -0.45792693 -0.60842711]"
1749055014.1861598,"[ 0.00000000e+00 -2.97302521e-01  7.41535434e-01  3.09148528e+00
 -2.15771362e+00  4.95347963e-05  9.60093142e-01  1.57107689e+00]","[ 0.00000000e+00  4.42126353e-03 -1.11064084e+00  1.22084056e-01
 -9.20908655e-01  1.05740785e-05  1.05820616e-05  0.00000000e+00]","[ 0.          2.73849082  9.38158131  1.25483847 -5.23967981 -0.2203009
 -0.45476019 -0.60806316]"
1749055014.1878521,"[ 0.00000000e+00 -2.97297727e-01  7.40438878e-01  3.09160752e+00
 -2.15862149e+00  5.06000607e-05  9.60093142e-01  1.57107689e+00]","[ 0.00000000e+00  4.42126353e-03 -1.11226137e+00  1.23974743e-01
 -9.20762314e-01  2.11639139e-05  1.05900569e-05  0.00000000e+00]","[ 0.          2.6735909   9.20779228  1.21284664 -5.2197814  -0.21087009
 -0.45618737 -0.59688401]"
1749055014.1890645,"[ 0.00000000e+00 -2.97290270e-01  7.38157614e-01  3.09186425e+00
 -2.16043937e+00  5.06000607e-05  9.60094074e-01  1.57107689e+00]","[ 0.00000000e+00  4.14009483e-03 -1.11442220e+00  1.26405618e-01
 -9.22112803e-01  2.11639139e-05  1.85184257e-05  0.00000000e+00]","[ 0.          2.54551649  9.37427235  1.14103734 -5.06969452 -0.23309468
 -0.4556759  -0.58708882]"
1749055014.190243,"[ 0.00000000e+00 -2.97285477e-01  7.37057395e-01  3.09199234e+00
 -2.16141834e+00  5.06000607e-05  9.60094074e-01  1.57107689e+00]","[ 0.00000000e+00  4.14009483e-03 -1.11577268e+00  1.29916888e-01
 -9.21824849e-01  2.11479478e-05  1.85184257e-05  0.00000000e+00]","[ 0.          2.50940299  9.40992355  1.15846717 -4.87546062 -0.22499545
 -0.4380424  -0.56716388]"
1749055014.1920779,"[ 0.00000000e+00 -2.97280150e-01  7.34768342e-01  3.09226399e+00
 -2.16323302e+00  5.06000607e-05  9.60094074e-01  1.57107689e+00]","[ 0.00000000e+00  4.37126684e-03 -1.11820355e+00  1.33408824e-01
 -9.19289719e-01  2.11639139e-05  1.85325998e-05  0.00000000e+00]","[ 0.          2.47068334  9.28082752  1.17156565 -4.66031504 -0.21383044
 -0.41460988 -0.59153914]"
1749055014.1932356,"[ 0.00000000e+00 -2.97273759e-01  7.33664462e-01  3.09239874e+00
 -2.16413956e+00  5.06000607e-05  9.60094074e-01  1.57107689e+00]","[ 0.00000000e+00  5.44218841e-03 -1.11955404e+00  1.36669324e-01
 -9.19411825e-01  2.11641232e-05  1.85184257e-05  0.00000000e+00]","[ 0.          2.43733883  9.26043892  1.13705218 -4.67732477 -0.22277302
 -0.41869894 -0.58871371]"
1749055014.1950412,"[ 0.00000000e+00 -2.97257780e-01  7.31453905e-01  3.09266825e+00
 -2.16602109e+00  5.06000607e-05  9.60094074e-01  1.57107689e+00]","[ 0.00000000e+00  7.80222976e-03 -1.12144475e+00  1.36939419e-01
 -9.18331447e-01  2.11639139e-05  1.85604623e-05  0.00000000e+00]","[ 0.          2.37780619  9.22768402  1.1501857  -4.70089722 -0.2280525
 -0.40780792 -0.59496111]"
1749055014.196746,"[ 0.00000000e+00 -2.97247127e-01  7.30261874e-01  3.09281340e+00
 -2.16692576e+00  5.06000607e-05  9.60094074e-01  1.57107689e+00]","[ 0.00000000e+00  9.61805309e-03 -1.12243958e+00  1.36668808e-01
 -9.17521114e-01  2.11639139e-05  1.85604623e-05  0.00000000e+00]","[ 0.          2.34455442  9.09044456  1.21795392 -4.83891058 -0.21640696
 -0.42024761 -0.61956286]"
1749055014.1979125,"[ 0.00000000e+00 -2.97217832e-01  7.28046257e-01  3.09308184e+00
 -2.16873698e+00  5.06000607e-05  9.60094074e-01  1.57107689e+00]","[ 0.00000000e+00  1.55476447e-02 -1.12360551e+00  1.36939419e-01
 -9.18601492e-01  2.11479478e-05  1.85464284e-05  0.00000000e+00]","[ 0.          2.34892249  9.04651546  1.31243205 -5.03360415 -0.24553394
 -0.4469313  -0.61029959]"
1749055014.1996882,"[ 0.00000000e+00 -2.97199723e-01  7.26936851e-01  3.09321553e+00
 -2.16971303e+00  5.06000607e-05  9.60094074e-01  1.57107689e+00]","[ 0.00000000e+00  1.83666278e-02 -1.12522604e+00  1.35588930e-01
 -9.18201818e-01  2.11479478e-05  1.85464284e-05  0.00000000e+00]","[ 0.          2.367136    9.21819115  1.31117892 -5.15319681 -0.2713027
 -0.47088149 -0.59101462]"
1749055014.200844,"[ 0.00000000e+00 -2.97152319e-01  7.24629421e-01  3.09349011e+00
 -2.17152691e+00  5.06000607e-05  9.60093142e-01  1.57107689e+00]","[ 0.00000000e+00  2.53634386e-02 -1.12711675e+00  1.33968346e-01
 -9.19681936e-01  2.11639139e-05  1.06059783e-05  0.00000000e+00]","[ 0.          2.3502667   9.16705036  1.43159544 -5.47715044 -0.27104649
 -0.48124397 -0.5939669 ]"
1749055014.202567,"[ 0.00000000e+00 -2.97124089e-01  7.23518617e-01  3.09361953e+00
 -2.17243478e+00  5.06000607e-05  9.60093142e-01  1.57107689e+00]","[ 0.00000000e+00  2.86303320e-02 -1.12657653e+00  1.31267377e-01
 -9.20762314e-01  2.11479478e-05  1.05979587e-05  0.00000000e+00]","[ 0.          2.28445697  9.02609539  1.51117897 -5.71240473 -0.28318495
 -0.4978554  -0.60654449]"
1749055014.2042954,"[ 0.00000000e+00 -2.97056977e-01  7.21207526e-01  3.09388638e+00
 -2.17432695e+00  5.06000607e-05  9.60093142e-01  1.57107689e+00]","[ 0.00000000e+00  3.34920866e-02 -1.12795658e+00  1.29916888e-01
 -9.23876748e-01  1.05819570e-05  1.06059783e-05  0.00000000e+00]","[ 0.          2.15944815  8.98293591  1.62834847 -5.98308706 -0.26317281
 -0.53373981 -0.58778429]"
1749055014.2054663,"[ 0.00000000e+00 -2.97021291e-01  7.20094457e-01  3.09401315e+00
 -2.17523988e+00  5.06000607e-05  9.60093142e-01  1.57107689e+00]","[ 0.00000000e+00  3.61930625e-02 -1.12786350e+00  1.28566399e-01
 -9.25894159e-01  1.05820616e-05  1.05978530e-05  0.00000000e+00]","[ 0.          2.18367171  9.09440708  1.61774802 -6.00890827 -0.26302707
 -0.54733002 -0.60610026]"
1749055014.207184,"[ 0.00000000e+00 -2.96944059e-01  7.17869253e-01  3.09427041e+00
 -2.17707161e+00  5.06000607e-05  9.60092210e-01  1.57107689e+00]","[ 0.00000000e+00  3.83538432e-02 -1.12900746e+00  1.31537471e-01
 -9.28997141e-01  1.05820616e-05  0.00000000e+00  0.00000000e+00]","[ 0.          2.03055024  9.25727844  1.65387154 -6.24111748 -0.27338198
 -0.59709233 -0.58182615]"
1749055014.2085876,"[ 0.00000000e+00 -2.96905177e-01  7.16670764e-01  3.09441369e+00
 -2.17806150e+00  5.06000607e-05  9.60092210e-01  1.57107689e+00]","[ 0.00000000e+00  3.94342335e-02 -1.12845805e+00  1.34913427e-01
 -9.32106382e-01  1.05819570e-05  0.00000000e+00  0.00000000e+00]","[ 0.          1.93803298  9.24317837  1.72638631 -6.3863821  -0.27651063
 -0.59124106 -0.60450691]"
1749055014.2097156,"[ 0.00000000e+00 -2.96821554e-01  7.14448290e-01  3.09469039e+00
 -2.17990707e+00  5.06000607e-05  9.60092210e-01  1.57107689e+00]","[ 0.00000000e+00  4.32155977e-02 -1.12624457e+00  1.41927328e-01
 -9.36427960e-01  1.05739739e-05  0.00000000e+00  0.00000000e+00]","[ 0.          1.80853546  9.18723488  1.72200644 -6.46196651 -0.31186378
 -0.59709299 -0.6092276 ]"
1749055014.2114346,"[ 0.00000000e+00 -2.96772019e-01  7.13337485e-01  3.09483367e+00
 -2.18090496e+00  5.06000607e-05  9.60092210e-01  1.57107689e+00]","[ 0.00000000e+00  4.66429321e-02 -1.12657653e+00  1.45312439e-01
 -9.38745509e-01  1.05819570e-05  0.00000000e+00  0.00000000e+00]","[ 0.          1.78501511  8.98999405  1.67107081 -6.40324163 -0.31507781
 -0.60069847 -0.60687888]"
1749055014.2132182,"[ 0.00000000e+00 -2.96670286e-01  7.11029590e-01  3.09513647e+00
 -2.18276278e+00  5.06000607e-05  9.60093142e-01  1.57107689e+00]","[ 0.00000000e+00  5.34792999e-02 -1.12657653e+00  1.48283511e-01
 -9.42910293e-01  1.05819570e-05  1.05979587e-05  0.00000000e+00]","[ 0.          1.57171869  8.63543701  1.56939542 -6.35114813 -0.31481084
 -0.57795155 -0.60007435]"
1749055014.2143354,"[ 0.00000000e+00 -2.96614360e-01  7.09919251e-01  3.09528428e+00
 -2.18369356e+00  5.06000607e-05  9.60093142e-01  1.57107689e+00]","[ 0.00000000e+00  5.67204709e-02 -1.12489541e+00  1.49904095e-01
 -9.43990671e-01  1.05739739e-05  1.05979587e-05  0.00000000e+00]","[ 0.          1.427562    8.59542084  1.50779712 -6.06029129 -0.30284077
 -0.53016472 -0.57140815]"
1749055014.21609,"[ 0.00000000e+00 -2.96492920e-01  7.07693115e-01  3.09559427e+00
 -2.18562861e+00  5.06000607e-05  9.60093142e-01  1.57107689e+00]","[ 0.00000000e+00  6.05018351e-02 -1.12813341e+00  1.51965681e-01
 -9.45341160e-01  0.00000000e+00  1.06059783e-05  0.00000000e+00]","[ 0.          1.21489894  8.0985899   1.39790475 -5.60983658 -0.28687009
 -0.47272146 -0.5846054 ]"
1749055014.2172847,"[ 0.00000000e+00 -2.96430602e-01  7.06492362e-01  3.09574607e+00
 -2.18656018e+00  5.06000607e-05  9.60094074e-01  1.57107689e+00]","[ 0.00000000e+00  6.32028089e-02 -1.13071495e+00  1.53955562e-01
 -9.43843665e-01  0.00000000e+00  1.85604623e-05  0.00000000e+00]","[ 0.          1.09589565  7.74920797  1.28067958 -5.52055788 -0.25070834
 -0.4444125  -0.58558911]"
1749055014.2191288,"[ 0.00000000e+00 -2.96292650e-01  7.04259302e-01  3.09604727e+00
 -2.18849337e+00  5.06000607e-05  9.60094074e-01  1.57107689e+00]","[ 0.00000000e+00  6.81448536e-02 -1.13359915e+00  1.52064884e-01
 -9.43390927e-01  0.00000000e+00  1.85464284e-05  0.00000000e+00]","[ 0.          0.89247364  7.27639246  1.09788322 -5.02427435 -0.1611885
 -0.34756801 -0.57769692]"
1749055014.2208915,"[ 0.00000000e+00 -2.96224473e-01  7.03140707e-01  3.09619375e+00
 -2.18942202e+00  5.16653251e-05  9.60095073e-01  1.57107689e+00]","[ 0.00000000e+00  6.92151531e-02 -1.13440942e+00  1.48553606e-01
 -9.41829916e-01  1.05819570e-05  2.91664395e-05  0.00000000e+00]","[ 0.          0.70414978  7.03946257  0.9851144  -4.71634197 -0.20016186
 -0.32632545 -0.56798196]"
1749055014.222074,"[ 0.00000000e+00 -2.96085989e-01  7.00809842e-01  3.09649335e+00
 -2.19127211e+00  5.16653251e-05  9.60095073e-01  1.57107689e+00]","[ 0.00000000e+00  6.77074835e-02 -1.13838672e+00  1.45852644e-01
 -9.36968115e-01  1.05739739e-05  2.91443860e-05  0.00000000e+00]","[ 0.          0.44620878  6.73218393  0.75442976 -4.34501171 -0.13598481
 -0.3016285  -0.56839979]"
1749055014.223815,"[ 0.00000000e+00 -2.96017812e-01  6.99684856e-01  3.09663610e+00
 -2.19226441e+00  5.16653251e-05  9.60096005e-01  1.57107689e+00]","[ 0.00000000e+00  6.91449538e-02 -1.14089169e+00  1.44772250e-01
 -9.34363277e-01  1.05820616e-05  3.70932266e-05  0.00000000e+00]","[ 0.          0.3797498   6.72388268  0.69235027 -4.20547438 -0.10310349
 -0.27854627 -0.606058  ]"
1749055014.2249749,"[ 0.00000000e+00 -2.95879328e-01  6.97341607e-01  3.09693357e+00
 -2.19409480e+00  5.21979574e-05  9.60096937e-01  1.57107689e+00]","[ 0.00000000e+00  7.02253442e-02 -1.14521333e+00  1.45696483e-01
 -9.26974537e-01  1.58730919e-05  3.70924870e-05  0.00000000e+00]","[ 0.          0.24018236  6.5308094   0.47130591 -3.98033071 -0.08649939
 -0.24905668 -0.58951777]"
1749055014.2267957,"[ 0.00000000e+00 -2.95811683e-01  6.96210163e-01  3.09707552e+00
 -2.19500400e+00  5.21979574e-05  9.60096937e-01  1.57107689e+00]","[ 0.00000000e+00  6.86047607e-02 -1.14737409e+00  1.43961950e-01
 -9.22112803e-01  1.58609609e-05  3.70928568e-05  0.00000000e+00]","[ 0.          0.13911562  6.32791853  0.37757626 -3.9278276  -0.0794107
 -0.25186375 -0.59621811]"
1749055014.2279158,"[ 0.00000000e+00 -2.95672666e-01  6.93853599e-01  3.09736021e+00
 -2.19688473e+00  5.21979574e-05  9.60096937e-01  1.57107689e+00]","[ 0.00000000e+00  6.79956001e-02 -1.15044551e+00  1.43276452e-01
 -9.16558714e-01  1.58729355e-05  3.70928568e-05  0.00000000e+00]","[ 0.          0.04007826  6.26233673  0.26325646 -4.17586374 -0.05403444
 -0.25201064 -0.58291978]"
1749055014.2296958,"[ 0.00000000e+00 -2.95606087e-01  6.92716629e-01  3.09751228e+00
 -2.19778461e+00  5.21979574e-05  9.60096937e-01  1.57107689e+00]","[ 0.00000000e+00  6.75243704e-02 -1.15421681e+00  1.43188784e-01
 -9.12659380e-01  1.58729355e-05  3.70928568e-05  0.00000000e+00]","[ 0.          0.01052836  6.46978807  0.2358142  -4.30473757 -0.02626651
 -0.27673376 -0.58134586]"
1749055014.2313728,"[ 0.00000000e+00 -2.95469201e-01  6.90433101e-01  3.09778765e+00
 -2.19957638e+00  5.21979574e-05  9.60096005e-01  1.57107689e+00]","[ 0.00000000e+00  6.57013367e-02 -1.15871822e+00  1.38830105e-01
 -9.07527535e-01  1.58609609e-05  2.91443860e-05  0.00000000e+00]","[ 0.         -0.05317574  6.39630508  0.09146416 -4.71838093 -0.02614669
 -0.3947247  -0.56223029]"
1749055014.2330956,"[ 0.00000000e+00 -2.95345098e-01  6.88057229e-01  3.09805823e+00
 -2.20142888e+00  5.21979574e-05  9.60096005e-01  1.57107689e+00]","[ 0.00000000e+00  6.15198285e-02 -1.16060880e+00  1.35991200e-01
 -9.03476068e-01  1.58729355e-05  3.70928568e-05  0.00000000e+00]","[ 0.         -0.05051836  6.65138531  0.09039143 -5.12472963  0.03828994
 -0.40433323 -0.57040334]"
1749055014.2342577,"[ 0.00000000e+00 -2.95284377e-01  6.86912469e-01  3.09820044e+00
 -2.20231731e+00  5.32632218e-05  9.60096005e-01  1.57107689e+00]","[ 0.00000000e+00  6.15822255e-02 -1.16087898e+00  1.34036573e-01
 -9.01045201e-01  2.64349338e-05  3.70928568e-05  0.00000000e+00]","[ 0.         -0.08166982  6.87790823  0.09910862 -5.47954178  0.01482555
 -0.46187836 -0.59512711]"
1749055014.235998,"[ 0.00000000e+00 -2.95158676e-01  6.84622949e-01  3.09845770e+00
 -2.20415729e+00  5.32632218e-05  9.60095073e-01  1.57107689e+00]","[ 0.00000000e+00  6.10420282e-02 -1.16006871e+00  1.28566399e-01
 -8.97157053e-01  2.64548924e-05  2.91446766e-05  0.00000000e+00]","[ 0.00000000e+00 -4.24075350e-02  7.27044725e+00  1.46899208e-01
 -5.86560488e+00  4.36589308e-03 -5.51374972e-01 -5.72038233e-01]"
1749055014.2371564,"[ 0.00000000e+00 -2.95099554e-01  6.83390505e-01  3.09858074e+00
 -2.20504119e+00  5.32632218e-05  9.60094074e-01  1.57107689e+00]","[ 0.00000000e+00  5.99616379e-02 -1.16055647e+00  1.24785034e-01
 -8.96453512e-01  2.64551545e-05  1.85464284e-05  0.00000000e+00]","[ 0.00000000e+00  3.44182067e-02  7.40959597e+00  1.85821936e-01
 -5.95294952e+00 -1.14141649e-03 -5.86630583e-01 -5.64644933e-01]"
1749055014.2388747,"[ 0.00000000e+00 -2.94983440e-01  6.81104181e-01  3.09882735e+00
 -2.20687291e+00  5.32632218e-05  9.60094074e-01  1.57107689e+00]","[ 0.00000000e+00  5.88812517e-02 -1.15979853e+00  1.19383087e-01
 -8.92735739e-01  3.70368514e-05  1.85464284e-05  0.00000000e+00]","[ 0.          0.05027698  7.70847368  0.27397275 -6.3245945  -0.06587934
 -0.66936773 -0.57340324]"
1749055014.2406015,"[ 0.00000000e+00 -2.94919524e-01  6.79963083e-01  3.09894293e+00
 -2.20775335e+00  5.32632218e-05  9.60094074e-01  1.57107689e+00]","[ 0.00000000e+00  6.01278150e-02 -1.15736773e+00  1.17103537e-01
 -8.92942267e-01  3.70368514e-05  1.85464284e-05  0.00000000e+00]","[ 0.          0.08921683  8.05784321  0.36100343 -6.49920034 -0.07225122
 -0.67503858 -0.56586796]"
1749055014.2422945,"[ 0.00000000e+00 -2.94799149e-01  6.77595067e-01  3.09918368e+00
 -2.20951104e+00  5.32632218e-05  9.60094074e-01  1.57107689e+00]","[ 0.00000000e+00  6.15822255e-02 -1.15511576e+00  1.16952203e-01
 -8.90511401e-01  3.70089097e-05  1.85464284e-05  0.00000000e+00]","[ 0.          0.17236449  8.19831562  0.52001786 -6.57707214 -0.11397532
 -0.69275391 -0.59648108]"
1749055014.2433994,"[ 0.00000000e+00 -2.94738429e-01  6.76456299e-01  3.09929793e+00
 -2.21038855e+00  5.32632218e-05  9.60094074e-01  1.57107689e+00]","[ 0.00000000e+00  6.15822255e-02 -1.15493680e+00  1.15871817e-01
 -8.89971178e-01  3.70372172e-05  1.85464284e-05  0.00000000e+00]","[ 0.          0.25089738  8.05654812  0.55687857 -6.48247051 -0.1350421
 -0.70810491 -0.60821241]"
1749055014.2452068,"[ 0.00000000e+00 -2.94615924e-01  6.74093276e-01  3.09953628e+00
 -2.21220616e+00  5.32632218e-05  9.60094074e-01  1.57107689e+00]","[ 0.00000000e+00  5.88215927e-02 -1.15358631e+00  1.16607332e-01
 -8.86730045e-01  3.70372172e-05  1.85464284e-05  0.00000000e+00]","[ 0.          0.28875285  8.02525139  0.6601693  -6.384902   -0.13947845
 -0.69823557 -0.60366565]"
1749055014.2468693,"[ 0.00000000e+00 -2.94498745e-01  6.71816607e-01  3.09976904e+00
 -2.21394813e+00  5.32632218e-05  9.60094074e-01  1.57107689e+00]","[ 0.00000000e+00  5.94214448e-02 -1.15295714e+00  1.19653181e-01
 -8.82408467e-01  3.70368514e-05  1.85464284e-05  0.00000000e+00]","[ 0.          0.42813724  7.83299112  0.84163505 -5.92796612 -0.09997103
 -0.58438534 -0.5895564 ]"
1749055014.2480114,"[ 0.00000000e+00 -2.94439090e-01  6.70591486e-01  3.09988862e+00
 -2.21488210e+00  5.32632218e-05  9.60095073e-01  1.57107689e+00]","[ 0.00000000e+00  6.05018351e-02 -1.15353491e+00  1.21273765e-01
 -8.79444968e-01  3.70368514e-05  1.85466133e-05  0.00000000e+00]","[ 0.          0.42021629  7.70690489  0.85393423 -5.55147123 -0.10404698
 -0.56734234 -0.59031415]"
1749055014.2498438,"[ 0.00000000e+00 -2.94314454e-01  6.68312086e-01  3.10016132e+00
 -2.21660410e+00  5.32632218e-05  9.60096005e-01  1.57107689e+00]","[ 0.00000000e+00  6.05018351e-02 -1.15628729e+00  1.25669379e-01
 -8.70254066e-01  3.70092754e-05  2.91443860e-05  0.00000000e+00]","[ 0.          0.43467367  7.33555841  0.92113453 -4.86207676 -0.13072537
 -0.47058588 -0.5929783 ]"
1749055014.2515802,"[ 0.00000000e+00 -2.94254267e-01  6.67172853e-01  3.10028516e+00
 -2.21745951e+00  5.32632218e-05  9.60096005e-01  1.57107689e+00]","[ 0.00000000e+00  6.10420282e-02 -1.15547702e+00  1.25595326e-01
 -8.67553088e-01  4.75828816e-05  2.91443860e-05  0.00000000e+00]","[ 0.          0.51966375  7.33183861  1.01100862 -4.60131598 -0.11343211
 -0.40846673 -0.56245363]"
1749055014.253322,"[ 0.00000000e+00 -2.94122174e-01  6.64803904e-01  3.10054429e+00
 -2.21922332e+00  5.32632218e-05  9.60096005e-01  1.57107689e+00]","[ 0.00000000e+00  6.61405960e-02 -1.15704562e+00  1.27641150e-01
 -8.58099665e-01  4.76188043e-05  2.91443860e-05  0.00000000e+00]","[ 0.          0.5408321   7.21487951  1.0557636  -4.10841751 -0.18214306
 -0.39326245 -0.57881367]"
1749055014.2550995,"[ 0.00000000e+00 -2.93980494e-01  6.62518979e-01  3.10079356e+00
 -2.22090165e+00  5.32632218e-05  9.60096937e-01  1.57107689e+00]","[ 0.00000000e+00  7.29263222e-02 -1.15925831e+00  1.26547365e-01
 -8.48376197e-01  4.76188043e-05  3.70932266e-05  0.00000000e+00]","[ 0.          0.68464804  7.03741693  1.17624581 -3.7162056  -0.16025476
 -0.31464896 -0.57063544]"
1749055014.2562492,"[ 0.00000000e+00 -2.93902197e-01  6.61376482e-01  3.10091926e+00
 -2.22179673e+00  5.32632218e-05  9.60097936e-01  1.57107689e+00]","[ 0.00000000e+00  7.37259280e-02 -1.15871822e+00  1.27486012e-01
 -8.42832761e-01  4.76192757e-05  4.76908124e-05  0.00000000e+00]","[ 0.          0.70532429  6.87712669  1.13785648 -3.55303407 -0.1648647
 -0.29650787 -0.59244728]"
1749055014.2580323,"[ 0.00000000e+00 -2.93747734e-01  6.58999744e-01  3.10117892e+00
 -2.22344576e+00  5.32632218e-05  9.60097936e-01  1.57107689e+00]","[ 0.00000000e+00  7.94086560e-02 -1.16087898e+00  1.26405618e-01
 -8.33790930e-01  4.76188043e-05  4.76908124e-05  0.00000000e+00]","[ 0.          0.81590825  6.81099367  1.21227956 -3.44058919 -0.17367353
 -0.24736197 -0.6015895 ]"
1749055014.2597914,"[ 0.00000000e+00 -2.93666773e-01  6.57855451e-01  3.10130275e+00
 -2.22426256e+00  5.32632218e-05  9.60097936e-01  1.57107689e+00]","[ 0.00000000e+00  8.20264352e-02 -1.15943288e+00  1.25595326e-01
 -8.27549612e-01  4.76908124e-05  4.76908124e-05  0.00000000e+00]","[ 0.          0.86827511  6.85488272  1.25553274 -3.41914511 -0.17032856
 -0.2402512  -0.58832163]"
1749055014.2609181,"[ 0.00000000e+00 -2.93496331e-01  6.55479112e-01  3.10155389e+00
 -2.22594354e+00  5.32632218e-05  9.60097936e-01  1.57107689e+00]","[ 0.00000000e+00  8.37566660e-02 -1.15955339e+00  1.21873475e-01
 -8.18489871e-01  4.76908124e-05  4.76908124e-05  0.00000000e+00]","[ 0.          0.96195626  6.96907902  1.30828869 -3.47577834 -0.15671949
 -0.26631549 -0.58554465]"
1749055014.2626843,"[ 0.00000000e+00 -2.93324824e-01  6.53193254e-01  3.10179171e+00
 -2.22754517e+00  5.32632218e-05  9.60097936e-01  1.57107689e+00]","[ 0.00000000e+00  8.85919761e-02 -1.15817800e+00  1.19653181e-01
 -8.10562506e-01  4.77273772e-05  4.76912879e-05  0.00000000e+00]","[ 0.          1.02655411  7.25241613  1.30025661 -3.8308599  -0.18424879
 -0.33340317 -0.59777874]"
1749055014.264473,"[ 0.00000000e+00 -2.93233743e-01  6.52052156e-01  3.10190889e+00
 -2.22834145e+00  5.32632218e-05  9.60097936e-01  1.57107689e+00]","[ 0.00000000e+00  9.22797468e-02 -1.15736773e+00  1.18842890e-01
 -8.07591483e-01  4.76908124e-05  4.76908124e-05  0.00000000e+00]","[ 0.          1.08197832  7.38584661  1.32410908 -4.09495831 -0.15728
 -0.33774346 -0.55510896]"
1749055014.266257,"[ 0.00000000e+00 -2.93036669e-01  6.49687336e-01  3.10215310e+00
 -2.22998622e+00  5.32632218e-05  9.60096005e-01  1.57107689e+00]","[ 0.00000000e+00  9.77752879e-02 -1.15322692e+00  1.19923276e-01
 -8.01106886e-01  4.76908124e-05  2.91443860e-05  0.00000000e+00]","[ 0.          1.19761109  7.65434074  1.37409067 -4.66743755 -0.16717152
 -0.4348743  -0.56744522]"
1749055014.26734,"[ 0.00000000e+00 -2.92936535e-01  6.48553162e-01  3.10227268e+00
 -2.23077478e+00  5.32632218e-05  9.60096005e-01  1.57107689e+00]","[ 0.00000000e+00  1.01556652e-01 -1.15034511e+00  1.21150893e-01
 -8.00570592e-01  4.77269018e-05  2.91443860e-05  0.00000000e+00]","[ 0.          1.20323551  7.59069061  1.34507573 -4.89777136 -0.16112141
 -0.5014419  -0.58838242]"
1749055014.2691445,"[ 0.00000000e+00 -2.92724547e-01  6.46204853e-01  3.10239518e+00
 -2.23234898e+00  5.32632218e-05  9.60096005e-01  1.57107689e+00]","[ 0.00000000e+00  1.03818142e-01 -1.14626262e+00  1.24244837e-01
 -7.97867949e-01  4.76908124e-05  2.91664395e-05  0.00000000e+00]","[ 0.          1.39392304  7.75325394  1.3364892  -5.36228848 -0.05819621
 -0.5080232  -0.57838523]"
1749055014.2708757,"[ 0.00000000e+00 -2.92621216e-01  6.45079401e-01  3.10252781e+00
 -2.23319373e+00  5.32632218e-05  9.60096005e-01  1.57107689e+00]","[ 0.00000000e+00  1.04691642e-01 -1.14143191e+00  1.24882689e-01
 -7.95437548e-01  4.76908124e-05  2.91006692e-05  0.00000000e+00]","[ 0.          1.40350258  8.05644608  1.38927913 -5.69007206 -0.06722327
 -0.54721367 -0.58184731]"
1749055014.2719638,"[ 0.00000000e+00 -2.92410294e-01  6.42837153e-01  3.10277815e+00
 -2.23476047e+00  5.32632218e-05  9.60095073e-01  1.57107689e+00]","[ 0.00000000e+00  1.06958600e-01 -1.13494964e+00  1.27215910e-01
 -7.94086593e-01  4.76908124e-05  1.85184257e-05  0.00000000e+00]","[ 0.          1.43296301  7.99099827  1.32137239 -6.05027056 -0.05715029
 -0.59833485 -0.60203761]"
1749055014.2737706,"[ 0.00000000e+00 -2.92294180e-01  6.41635002e-01  3.10290225e+00
 -2.23554291e+00  5.32632218e-05  9.60095073e-01  1.57107689e+00]","[ 0.00000000e+00  1.09335047e-01 -1.13090390e+00  1.25865421e-01
 -7.93546371e-01  4.76908124e-05  1.85186086e-05  0.00000000e+00]","[ 0.          1.46246886  7.90044594  1.26967955 -6.12777185 -0.03029691
 -0.60952044 -0.57908463]"
1749055014.2755456,"[ 0.00000000e+00 -2.92071540e-01  6.39414791e-01  3.10316031e+00
 -2.23716850e+00  5.32632218e-05  9.60095073e-01  1.57107689e+00]","[ 0.00000000e+00  1.13981131e-01 -1.12414573e+00  1.26888840e-01
 -7.93006215e-01  4.76908124e-05  1.85186086e-05  0.00000000e+00]","[ 0.          1.47744203  7.90547466  1.21240473 -6.22403336 -0.03868262
 -0.6148721  -0.59167951]"
1749055014.2768729,"[ 0.00000000e+00 -2.91844106e-01  6.37125272e-01  3.10341331e+00
 -2.23872965e+00  5.32632218e-05  9.60096005e-01  1.57107689e+00]","[ 0.00000000e+00  1.16682109e-01 -1.11591962e+00  1.29106596e-01
 -7.91655726e-01  3.70928568e-05  2.91003827e-05  0.00000000e+00]","[ 0.          1.51800561  7.73553276  1.14631057 -6.11679029 -0.02699238
 -0.59941989 -0.59766084]"
1749055014.278292,"[ 0.00000000e+00 -2.91717872e-01  6.36027383e-01  3.10355179e+00
 -2.23956774e+00  5.43284862e-05  9.60096005e-01  1.57107689e+00]","[ 0.00000000e+00  1.18752434e-01 -1.11221377e+00  1.30399602e-01
 -7.89168334e-01  4.77269018e-05  2.91003827e-05  0.00000000e+00]","[ 0.          1.53415298  7.61715603  1.16823471 -6.05374861 -0.01279141
 -0.57389367 -0.59073389]"
1749055014.2794607,"[ 0.00000000e+00 -2.91478188e-01  6.33842526e-01  3.10380666e+00
 -2.24112170e+00  5.43284862e-05  9.60096005e-01  1.57107689e+00]","[ 0.00000000e+00  1.22624254e-01 -1.10658937e+00  1.28436137e-01
 -7.87064037e-01  4.76908124e-05  2.91006692e-05  0.00000000e+00]","[ 0.          1.56700075  7.45788765  1.1578629  -5.76344538  0.02946234
 -0.53908223 -0.58144373]"
1749055014.2812037,"[ 0.00000000e+00 -2.91354084e-01  6.32669803e-01  3.10393343e+00
 -2.24195660e+00  5.43284862e-05  9.60096005e-01  1.57107689e+00]","[ 0.00000000e+00  1.25865421e-01 -1.10438428e+00  1.28566399e-01
 -7.86159095e-01  4.76908124e-05  2.91226556e-05  0.00000000e+00]","[ 0.          1.56004703  7.51962137  1.09817708 -5.58585024  0.01873069
 -0.52410495 -0.54692358]"
1749055014.282321,"[ 0.00000000e+00 -2.91219328e-01  6.31585164e-01  3.10419202e+00
 -2.24361468e+00  5.53937507e-05  9.60096937e-01  1.57107689e+00]","[ 0.00000000e+00  1.26769472e-01 -1.10010704e+00  1.26638070e-01
 -7.79524562e-01  5.82887721e-05  3.70368514e-05  0.00000000e+00]","[ 0.          1.61271644  7.18054104  1.09995043 -5.15831757  0.09479362
 -0.42431027 -0.53878039]"
1749055014.2841153,"[ 0.00000000e+00 -2.90959404e-01  6.29420081e-01  3.10431639e+00
 -2.24438061e+00  5.53937507e-05  9.60096937e-01  1.57107689e+00]","[ 0.00000000e+00  1.33428149e-01 -1.09713595e+00  1.26135523e-01
 -7.76800348e-01  5.82887721e-05  3.70368514e-05  0.00000000e+00]","[ 0.          1.67604303  6.9902029   1.18317902 -4.97967482  0.10103574
 -0.40301564 -0.55864197]"
1749055014.2858057,"[ 0.00000000e+00 -2.90826778e-01  6.28251885e-01  3.10444129e+00
 -2.24520432e+00  5.53937507e-05  9.60097936e-01  1.57107689e+00]","[ 0.00000000e+00  1.34508543e-01 -1.09987048e+00  1.26547365e-01
 -7.75626826e-01  5.82887721e-05  4.76547840e-05  0.00000000e+00]","[ 0.          1.66011262  6.94277573  1.14977789 -4.8395977   0.07313635
 -0.36846054 -0.56152362]"
1749055014.2875154,"[ 0.00000000e+00 -2.90538092e-01  6.26075816e-01  3.10470867e+00
 -2.24673031e+00  5.53937507e-05  9.60097936e-01  1.57107689e+00]","[ 0.00000000e+00  1.43151666e-01 -1.10415851e+00  1.31904213e-01
 -7.73559147e-01  4.76908124e-05  4.76188043e-05  0.00000000e+00]","[ 0.          1.76523745  6.60603094  1.21197712 -4.30355358  0.10584037
 -0.2709336  -0.55491674]"
1749055014.289221,"[ 0.00000000e+00 -2.90247807e-01  6.23801477e-01  3.10497552e+00
 -2.24824965e+00  5.53937507e-05  9.60097936e-01  1.57107689e+00]","[ 0.00000000e+00  1.48553606e-01 -1.11165657e+00  1.36939419e-01
 -7.69461674e-01  4.76908124e-05  3.70648338e-05  0.00000000e+00]","[ 0.          1.8642329   6.64446163  1.28069735 -3.83517647  0.0344614
 -0.27269286 -0.57320559]"
1749055014.2909405,"[ 0.00000000e+00 -2.89939946e-01  6.21598243e-01  3.10526234e+00
 -2.24982571e+00  5.53937507e-05  9.60097936e-01  1.57107689e+00]","[ 0.00000000e+00  1.51254584e-01 -1.11761020e+00  1.40931872e-01
 -7.69507680e-01  4.76908124e-05  3.70368514e-05  0.00000000e+00]","[ 0.          1.9743762   6.68501902  1.37512827 -3.51401448  0.0433336
 -0.2484442  -0.55791962]"
1749055014.2920718,"[ 0.00000000e+00 -2.89788146e-01  6.20491167e-01  3.10540429e+00
 -2.25058045e+00  5.53937507e-05  9.60097936e-01  1.57107689e+00]","[ 0.00000000e+00  1.53955562e-01 -1.12393507e+00  1.43961950e-01
 -7.65456280e-01  4.76908124e-05  3.70368514e-05  0.00000000e+00]","[ 0.          2.02071571  6.83244562  1.4537605  -3.3894763   0.05084287
 -0.24841917 -0.56272268]"
1749055014.293844,"[ 0.00000000e+00 -2.89460577e-01  6.18009700e-01  3.10569351e+00
 -2.25214692e+00  5.53937507e-05  9.60098868e-01  1.57107689e+00]","[ 0.00000000e+00  1.62497967e-01 -1.12921266e+00  1.47863447e-01
 -7.63372689e-01  4.76903370e-05  4.76547840e-05  0.00000000e+00]","[ 0.          2.08043981  7.07533884  1.50584114 -3.32526135  0.05177833
 -0.23340334 -0.57726353]"
1749055014.2958403,"[ 0.00000000e+00 -2.89298657e-01  6.16892038e-01  3.10584131e+00
 -2.25289819e+00  5.53937507e-05  9.60098868e-01  1.57107689e+00]","[ 0.00000000e+00  1.64052870e-01 -1.13359915e+00  1.49904095e-01
 -7.61944969e-01  4.76912879e-05  4.76192757e-05  0.00000000e+00]","[ 0.          2.13748574  7.03771544  1.5654701  -3.35549092  0.0675985
 -0.26554823 -0.58342296]"
1749055014.2983773,"[ 0.00000000e+00 -2.88966294e-01  6.14561639e-01  3.10615237e+00
 -2.25439835e+00  5.53937507e-05  9.60098868e-01  1.57107689e+00]","[ 0.00000000e+00  1.69621207e-01 -1.13954120e+00  1.52180631e-01
 -7.60594480e-01  4.76908124e-05  4.76188043e-05  0.00000000e+00]","[ 0.          2.18569732  7.38148975  1.65315711 -3.48082972  0.0985109
 -0.28670087 -0.57695669]"
1749055014.3006358,"[ 0.00000000e+00 -2.88604637e-01  6.12309337e-01  3.10644931e+00
 -2.25595071e+00  5.64590151e-05  9.60097936e-01  1.57107689e+00]","[ 0.00000000e+00  1.79344725e-01 -1.14216414e+00  1.49904095e-01
 -7.56316178e-01  5.82881910e-05  3.70368514e-05  0.00000000e+00]","[ 0.          2.23348308  7.63401079  1.780931   -3.68973541  0.09672203
 -0.32364398 -0.58273691]"
1749055014.3018732,"[ 0.00000000e+00 -2.88031525e-01  6.08830050e-01  3.10690312e+00
 -2.25744128e+00  5.64590151e-05  9.60097936e-01  1.57107689e+00]","[ 0.00000000e+00  1.93912199e-01 -1.14791431e+00  1.50444300e-01
 -7.54922413e-01  5.83328791e-05  4.76188043e-05  0.00000000e+00]","[ 0.          2.38948655  7.99335766  1.86080468 -3.86728907  0.08154428
 -0.35810837 -0.56789827]"
1749055014.3036292,"[ 0.00000000e+00 -2.87836581e-01  6.07698140e-01  3.10705092e+00
 -2.25824209e+00  5.64590151e-05  9.60097936e-01  1.57107689e+00]","[ 0.00000000e+00  1.97711348e-01 -1.14791431e+00  1.49904095e-01
 -7.54060747e-01  5.83328791e-05  4.76188043e-05  0.00000000e+00]","[ 0.          2.40153337  8.16060066  1.87666261 -4.03187943  0.06011742
 -0.39227977 -0.58002788]"
1749055014.3059838,"[ 0.00000000e+00 -2.87438172e-01  6.05345238e-01  3.10736225e+00
 -2.25973027e+00  5.64590151e-05  9.60097936e-01  1.57107689e+00]","[ 0.00000000e+00  2.03653493e-01 -1.14768967e+00  1.52605073e-01
 -7.54382257e-01  5.82887721e-05  4.76188043e-05  0.00000000e+00]","[ 0.          2.55779982  8.50779438  1.88958764 -4.42499733  0.08385032
 -0.45423409 -0.54887462]"
1749055014.3076339,"[ 0.00000000e+00 -2.87010469e-01  6.03082816e-01  3.10767117e+00
 -2.26127144e+00  5.64590151e-05  9.60096005e-01  1.57107689e+00]","[ 0.00000000e+00  2.10447350e-01 -1.14656382e+00  1.58547218e-01
 -7.51459305e-01  5.82881910e-05  2.91006692e-05  0.00000000e+00]","[ 0.          2.67610383  8.9802227   1.96730351 -4.67292595  0.08140621
 -0.54661888 -0.57354593]"
1749055014.3094227,"[ 0.00000000e+00 -2.86588624e-01  6.00740033e-01  3.10800700e+00
 -2.26275216e+00  5.64590151e-05  9.60096005e-01  1.57107689e+00]","[ 0.00000000e+00  2.14779747e-01 -1.14275190e+00  1.65839851e-01
 -7.51141057e-01  5.82887721e-05  3.70368514e-05  0.00000000e+00]","[ 0.          2.81270742  9.31273651  2.01073956 -4.77774715  0.10328645
 -0.56688255 -0.57373172]"
1749055014.311137,"[ 0.00000000e+00 -2.86136952e-01  5.99615913e-01  3.10834069e+00
 -2.26428747e+00  5.64590151e-05  9.60096937e-01  1.57107689e+00]","[ 0.00000000e+00  2.23100511e-01 -1.14008142e+00  1.70701602e-01
 -7.48980301e-01  5.82887721e-05  4.76188043e-05  0.00000000e+00]","[ 0.          2.86677814  9.31913948  2.09503341 -4.89830923  0.10503164
 -0.55661416 -0.58125043]"
1749055014.313426,"[ 0.00000000e+00 -2.85685812e-01  5.97290573e-01  3.10869622e+00
 -2.26576126e+00  5.64590151e-05  9.60096005e-01  1.57107689e+00]","[ 0.00000000e+00  2.30663240e-01 -1.13429078e+00  1.74753069e-01
 -7.46062875e-01  5.82893532e-05  3.70372172e-05  0.00000000e+00]","[ 0.          2.9087131   9.70148468  2.11285996 -4.9230814   0.11901943
 -0.58310372 -0.59030777]"
1749055014.3145556,"[ 0.00000000e+00 -2.85437073e-01  5.96174310e-01  3.10887013e+00
 -2.26655169e+00  5.64590151e-05  9.60096005e-01  1.57107689e+00]","[ 0.00000000e+00  2.33997401e-01 -1.13110137e+00  1.76373652e-01
 -7.44280820e-01  5.83328791e-05  2.91226556e-05  0.00000000e+00]","[ 0.          2.9891665   9.80442142  2.13855886 -4.82239151  0.12628539
 -0.6099506  -0.60746789]"
1749055014.3162303,"[ 0.00000000e+00 -2.84964096e-01  5.93871474e-01  3.10923471e+00
 -2.26801510e+00  5.64590151e-05  9.60096005e-01  1.57107689e+00]","[ 0.00000000e+00  2.41467152e-01 -1.12225502e+00  1.78045601e-01
 -7.40877367e-01  5.82887721e-05  2.91003827e-05  0.00000000e+00]","[ 0.          3.00346804 10.11588287  2.22892857 -4.63144255  0.14350589
 -0.57582551 -0.58728564]"
1749055014.317917,"[ 0.00000000e+00 -2.84723878e-01  5.92768925e-01  3.10941128e+00
 -2.26874374e+00  5.64590151e-05  9.60096937e-01  1.57107689e+00]","[ 0.00000000e+00  2.43627924e-01 -1.11820355e+00  1.79074630e-01
 -7.38986722e-01  5.82887721e-05  3.70368514e-05  0.00000000e+00]","[ 0.          2.94264889 10.24965     2.21102238 -4.5483427   0.13213694
 -0.55875498 -0.57737678]"
1749055014.3196323,"[ 0.00000000e+00 -2.84217878e-01  5.90574947e-01  3.10976601e+00
 -2.27024576e+00  5.64590151e-05  9.60096937e-01  1.57107689e+00]","[ 0.00000000e+00  2.48762315e-01 -1.10929035e+00  1.80878656e-01
 -7.31805575e-01  5.83334602e-05  2.91006692e-05  0.00000000e+00]","[ 0.          2.95904207 10.33075809  2.211761   -4.32330275  0.17252301
 -0.52515882 -0.57849491]"
1749055014.3213942,"[ 0.00000000e+00 -2.83717736e-01  5.88316187e-01  3.11014631e+00
 -2.27167881e+00  5.69916473e-05  9.60096937e-01  1.57107689e+00]","[ 0.00000000e+00  2.54972025e-01 -1.10091731e+00  1.87717753e-01
 -7.24401455e-01  5.29897943e-05  1.85184257e-05  0.00000000e+00]","[ 0.          2.9251771  10.43944645  2.24220037 -4.0441227   0.14409171
 -0.52858067 -0.57890373]"
1749055014.3231354,"[ 0.00000000e+00 -2.83182973e-01  5.86158893e-01  3.11052608e+00
 -2.27315526e+00  5.69916473e-05  9.60096937e-01  1.57107689e+00]","[ 0.00000000e+00  2.63059180e-01 -1.09173399e+00  1.93659898e-01
 -7.19454700e-01  5.29897943e-05  1.85184257e-05  0.00000000e+00]","[ 0.          2.96035409 10.29260731  2.19869208 -3.80930424  0.17155714
 -0.47240159 -0.57467586]"
1749055014.3243086,"[ 0.00000000e+00 -2.82920918e-01  5.85004945e-01  3.11073274e+00
 -2.27386020e+00  5.69916473e-05  9.60097936e-01  1.57107689e+00]","[ 0.00000000e+00  2.65775920e-01 -1.08657971e+00  1.94596332e-01
 -7.14948032e-01  4.76908124e-05  1.85184257e-05  0.00000000e+00]","[ 0.          2.95631504 10.01326656  2.22577643 -3.64976382  0.17228425
 -0.43110847 -0.58466256]"
1749055014.326101,"[ 0.00000000e+00 -2.82366981e-01  5.82872486e-01  3.11111970e+00
 -2.27525703e+00  5.69916473e-05  9.60097936e-01  1.57107689e+00]","[ 0.00000000e+00  2.71577284e-01 -1.07875561e+00  1.96901065e-01
 -7.07292376e-01  4.76552554e-05  1.05900569e-05  0.00000000e+00]","[ 0.          2.84019709  9.81472301  2.18943906 -3.44257712  0.18492638
 -0.39687154 -0.58295435]"
1749055014.327302,"[ 0.00000000e+00 -2.82098002e-01  5.81730056e-01  3.11131597e+00
 -2.27600325e+00  5.69916473e-05  9.60097936e-01  1.57107689e+00]","[ 0.00000000e+00  2.72798443e-01 -1.07579671e+00  1.99061837e-01
 -7.01992219e-01  4.77269018e-05  1.05820616e-05  0.00000000e+00]","[ 0.          2.78704762  9.7529192   2.16516638 -3.24313378  0.21363242
 -0.36938527 -0.56579381]"
1749055014.3291109,"[ 0.00000000e+00 -2.81554717e-01  5.79619101e-01  3.11172370e+00
 -2.27737531e+00  5.69916473e-05  9.60097936e-01  1.57107689e+00]","[ 0.00000000e+00  2.77120004e-01 -1.06931590e+00  1.98608617e-01
 -6.93610319e-01  4.76188043e-05  1.05899522e-05  0.00000000e+00]","[ 0.          2.69301605  9.30909634  2.11995316 -2.82621026  0.18949829
 -0.34344587 -0.57171792]"
1749055014.3302891,"[ 0.00000000e+00 -2.81280411e-01  5.78567552e-01  3.11191785e+00
 -2.27805441e+00  5.80569118e-05  9.60098868e-01  1.57107689e+00]","[ 0.00000000e+00  2.78200399e-01 -1.06634481e+00  1.96701561e-01
 -6.88748585e-01  5.82447383e-05  1.85324169e-05  0.00000000e+00]","[ 0.          2.71026206  9.15186214  2.11031342 -2.73087931  0.20934895
 -0.30944118 -0.57375085]"
1749055014.3319798,"[ 0.00000000e+00 -2.80705701e-01  5.76395611e-01  3.11230907e+00
 -2.27944698e+00  5.80569118e-05  9.60099800e-01  1.57107689e+00]","[ 0.00000000e+00  2.82521944e-01 -1.05797916e+00  1.98791743e-01
 -6.77074818e-01  5.82013384e-05  3.70372172e-05  0.00000000e+00]","[ 0.          2.69532776  9.02664948  2.0984273  -2.38126612  0.23548315
 -0.22403629 -0.56585729]"
1749055014.333765,"[ 0.00000000e+00 -2.80423406e-01  5.75354648e-01  3.11252398e+00
 -2.28011144e+00  5.80569118e-05  9.60100732e-01  1.57107689e+00]","[ 0.00000000e+00  2.86013248e-01 -1.05581101e+00  2.02370149e-01
 -6.73210439e-01  5.82013384e-05  4.76547840e-05  0.00000000e+00]","[ 0.          2.69695115  8.8244133   2.07925391 -2.19298077  0.23876412
 -0.21669239 -0.56522208]"
1749055014.3355742,"[ 0.00000000e+00 -2.79831652e-01  5.73282775e-01  3.11293305e+00
 -2.28142518e+00  5.80569118e-05  9.60099800e-01  1.57107689e+00]","[ 0.00000000e+00  2.89888347e-01 -1.04932868e+00  2.09055449e-01
 -6.64439784e-01  4.76188043e-05  3.70368514e-05  0.00000000e+00]","[ 0.          2.69283009  8.71773338  2.08677173 -2.22210193  0.2567375
 -0.24590313 -0.5615139 ]"
1749055014.3373659,"[ 0.00000000e+00 -2.79252680e-01  5.71144324e-01  3.11336900e+00
 -2.28277007e+00  5.80569118e-05  9.60099800e-01  1.57107689e+00]","[ 0.00000000e+00  2.94946456e-01 -1.04230619e+00  2.13856113e-01
 -6.55256472e-01  4.76188043e-05  4.76547840e-05  0.00000000e+00]","[ 0.          2.74206114  8.66612434  2.10210133 -2.30702806  0.27662233
 -0.28491706 -0.55776256]"
1749055014.3385472,"[ 0.00000000e+00 -2.78960798e-01  5.70119406e-01  3.11358232e+00
 -2.28341216e+00  5.80569118e-05  9.60099800e-01  1.57107689e+00]","[ 0.00000000e+00  2.96026833e-01 -1.03828202e+00  2.16128872e-01
 -6.50545207e-01  4.76547840e-05  5.82447383e-05  0.00000000e+00]","[ 0.          2.73379135  8.82807255  2.11621809 -2.41306829  0.27309424
 -0.28672108 -0.55248332]"
1749055014.3402612,"[ 0.00000000e+00 -2.78348803e-01  5.68002526e-01  3.11401589e+00
 -2.28473282e+00  5.80569118e-05  9.60099800e-01  1.57107689e+00]","[ 0.00000000e+00  2.99504423e-01 -1.03115993e+00  2.21209833e-01
 -6.43576380e-01  4.76188043e-05  5.82007654e-05  0.00000000e+00]","[ 0.          2.73960495  8.77558041  2.06714773 -2.73068333  0.28120708
 -0.31237334 -0.54432964]"
1749055014.3414142,"[ 0.00000000e+00 -2.78048932e-01  5.66987728e-01  3.11423214e+00
 -2.28536426e+00  5.80569118e-05  9.60099800e-01  1.57107689e+00]","[ 0.00000000e+00  3.04129767e-01 -1.02907141e+00  2.19319155e-01
 -6.39752280e-01  4.76188043e-05  5.82447383e-05  0.00000000e+00]","[ 0.          2.73233151  8.61959457  2.10914803 -2.9142828   0.27969804
 -0.31828272 -0.55692613]"
1749055014.3431306,"[ 0.00000000e+00 -2.77424154e-01  5.64888758e-01  3.11468541e+00
 -2.28662047e+00  5.80569118e-05  9.60098868e-01  1.57107689e+00]","[ 0.00000000e+00  3.06290523e-01 -1.02338609e+00  2.22020133e-01
 -6.35269248e-01  4.76547840e-05  4.76188043e-05  0.00000000e+00]","[ 0.          2.69899273  8.67982197  2.13215113 -3.22632599  0.27048185
 -0.38656729 -0.58374321]"
1749055014.3443012,"[ 0.00000000e+00 -2.77120021e-01  5.63882682e-01  3.11490485e+00
 -2.28729132e+00  5.80569118e-05  9.60098868e-01  1.57107689e+00]","[ 0.00000000e+00  3.08451312e-01 -1.01939435e+00  2.22560322e-01
 -6.31685765e-01  4.76188043e-05  4.76192757e-05  0.00000000e+00]","[ 0.          2.72988605  8.6743679   2.11173725 -3.34225631  0.26363719
 -0.42370692 -0.57920283]"
1749055014.3460243,"[ 0.00000000e+00 -2.76509624e-01  5.61882449e-01  3.11536638e+00
 -2.28852969e+00  5.80569118e-05  9.60099800e-01  1.57107689e+00]","[ 0.00000000e+00  3.09218103e-01 -1.01183929e+00  2.25691617e-01
 -6.26626158e-01  4.76188043e-05  5.82447383e-05  0.00000000e+00]","[ 0.          2.73106956  8.81527996  2.1605618  -3.48000097  0.28494608
 -0.39191094 -0.58102292]"
1749055014.3478024,"[ 0.00000000e+00 -2.76177262e-01  5.60889223e-01  3.11559274e+00
 -2.28914408e+00  5.91221762e-05  9.60099800e-01  1.57107689e+00]","[ 0.00000000e+00  3.12959045e-01 -1.00746359e+00  2.29582862e-01
 -6.23114847e-01  5.82447383e-05  5.82007654e-05  0.00000000e+00]","[ 0.          2.67938089  8.92947292  2.17818594 -3.56943488  0.28223354
 -0.39266694 -0.58905733]"
1749055014.3489861,"[ 0.00000000e+00 -2.75551952e-01  5.58836658e-01  3.11605054e+00
 -2.29041521e+00  5.91221762e-05  9.60098868e-01  1.57107689e+00]","[ 0.00000000e+00  3.19255224e-01 -9.99360653e-01  2.33127779e-01
 -6.19873713e-01  5.82007654e-05  3.70648338e-05  0.00000000e+00]","[ 0.          2.69943237  9.07398701  2.19427276 -3.68892097  0.29086384
 -0.41890687 -0.58131015]"
1749055014.3507562,"[ 0.00000000e+00 -2.75234503e-01  5.57855383e-01  3.11629981e+00
 -2.29102268e+00  5.91221762e-05  9.60098868e-01  1.57107689e+00]","[ 0.00000000e+00  3.21956202e-01 -9.94300780e-01  2.34719284e-01
 -6.16092358e-01  5.82007654e-05  3.70651995e-05  0.00000000e+00]","[ 0.          2.72213888  9.05859375  2.18365574 -3.72935677  0.30418476
 -0.46291593 -0.5892809 ]"
1749055014.35189,"[ 0.00000000e+00 -2.74563386e-01  5.55828984e-01  3.11676454e+00
 -2.29227463e+00  5.91221762e-05  9.60098868e-01  1.57107689e+00]","[ 0.00000000e+00  3.29509759e-01 -9.87024625e-01  2.36065196e-01
 -6.08799690e-01  5.82013384e-05  2.91006692e-05  0.00000000e+00]","[ 0.          2.65952039  9.08261204  2.18847442 -3.72845459  0.32047978
 -0.49056834 -0.57278401]"
1749055014.3536391,"[ 0.00000000e+00 -2.74236883e-01  5.54859160e-01  3.11699889e+00
 -2.29287278e+00  5.91221762e-05  9.60098868e-01  1.57107689e+00]","[ 0.00000000e+00  3.30803989e-01 -9.83695008e-01  2.37685779e-01
 -6.06638935e-01  5.82013384e-05  2.91003827e-05  0.00000000e+00]","[ 0.          2.62392855  9.28740597  2.19940472 -3.7208035   0.3193514
 -0.46871704 -0.57785898]"
1749055014.3553526,"[ 0.00000000e+00 -2.73580147e-01  5.52931930e-01  3.11748652e+00
 -2.29406134e+00  6.01874406e-05  9.60099800e-01  1.57107689e+00]","[ 0.00000000e+00  3.33840492e-01 -9.75592074e-01  2.38254431e-01
 -6.00358002e-01  6.87827183e-05  2.91006692e-05  0.00000000e+00]","[ 0.          2.56744599  9.28420925  2.112746   -3.5473845   0.3332738
 -0.40567821 -0.56805611]"
1749055014.356456,"[ 0.00000000e+00 -2.73224349e-01  5.51900155e-01  3.11772354e+00
 -2.29469438e+00  6.01874406e-05  9.60099800e-01  1.57107689e+00]","[ 0.00000000e+00  3.35026664e-01 -9.71477024e-01  2.40630802e-01
 -5.96076638e-01  6.87827183e-05  2.91003827e-05  0.00000000e+00]","[ 0.          2.56396842  9.05497074  2.06559849 -3.40255809  0.3708452
 -0.39065823 -0.58874786]"
1749055014.3581483,"[ 0.00000000e+00 -2.72555895e-01  5.49994031e-01  3.11822581e+00
 -2.29585765e+00  6.01874406e-05  9.60099800e-01  1.57107689e+00]","[ 0.00000000e+00  3.39978013e-01 -9.64518117e-01  2.47257696e-01
 -5.88272311e-01  6.87834010e-05  1.85324169e-05  0.00000000e+00]","[ 0.          2.51356006  9.03754711  1.93555355 -3.31711888  0.38351882
 -0.41154212 -0.58410829]"
1749055014.3597922,"[ 0.00000000e+00 -2.72140442e-01  5.48972342e-01  3.11847136e+00
 -2.29647736e+00  6.01874406e-05  9.60099800e-01  1.57107689e+00]","[ 0.00000000e+00  3.42500493e-01 -9.61947834e-01  2.49029880e-01
 -5.83538209e-01  6.87834010e-05  1.85324169e-05  0.00000000e+00]","[ 0.          2.47529674  8.9645977   1.91497111 -3.21588802  0.39336434
 -0.3899605  -0.57769668]"
1749055014.360957,"[ 0.00000000e+00 -2.71462934e-01  5.47083695e-01  3.11896644e+00
 -2.29761294e+00  6.01874406e-05  9.60099800e-01  1.57107689e+00]","[ 0.00000000e+00  3.43543087e-01 -9.56685228e-01  2.51745622e-01
 -5.73146821e-01  6.87827183e-05  1.85184257e-05  0.00000000e+00]","[ 0.          2.44816208  8.78120708  1.80831897 -2.96716762  0.40962335
 -0.35363507 -0.58161002]"
1749055014.3627293,"[ 0.00000000e+00 -2.71173715e-01  5.46144199e-01  3.11921677e+00
 -2.29817380e+00  6.12527051e-05  9.60100732e-01  1.57107689e+00]","[ 0.00000000e+00  3.46785718e-01 -9.52903872e-01  2.53891630e-01
 -5.68825310e-01  7.93646793e-05  2.64748795e-05  0.00000000e+00]","[ 0.          2.43237472  8.72367859  1.72999108 -2.8595686   0.43065509
 -0.3191717  -0.57081115]"
1749055014.3639147,"[ 0.00000000e+00 -2.70406192e-01  5.44202754e-01  3.11973476e+00
 -2.29932641e+00  6.12527051e-05  9.60100732e-01  1.57107689e+00]","[ 0.00000000e+00  3.50554458e-01 -9.46691649e-01  2.52000952e-01
 -5.60722376e-01  7.93646793e-05  2.64546283e-05  0.00000000e+00]","[ 0.          2.44512153  8.68818951  1.66733479 -2.64537883  0.46115917
 -0.27672836 -0.56876457]"
1749055014.3657076,"[ 0.00000000e+00 -2.70056785e-01  5.43272878e-01  3.11998270e+00
 -2.29987236e+00  6.12527051e-05  9.60100732e-01  1.57107689e+00]","[ 0.00000000e+00  3.54367905e-01 -9.43180405e-01  2.51460747e-01
 -5.53699820e-01  7.93654595e-05  2.64548924e-05  0.00000000e+00]","[ 0.          2.45552969  8.65501022  1.62482607 -2.56953907  0.44689491
 -0.28024283 -0.56807005]"
1749055014.3674757,"[ 0.00000000e+00 -2.69350515e-01  5.41423279e-01  3.12049962e+00
 -2.30099142e+00  6.12527051e-05  9.60100732e-01  1.57107689e+00]","[ 0.00000000e+00  3.59405307e-01 -9.36157848e-01  2.53538945e-01
 -5.43916797e-01  7.93646793e-05  4.76547840e-05  0.00000000e+00]","[ 0.          2.49215126  8.65898323  1.62329006 -2.4814043   0.44460097
 -0.31400156 -0.57098645]"
1749055014.3693156,"[ 0.00000000e+00 -2.68610156e-01  5.39517621e-01  3.12100376e+00
 -2.30204790e+00  6.12527051e-05  9.60100732e-01  1.57107689e+00]","[ 0.00000000e+00  3.61930616e-01 -9.27114619e-01  2.56592608e-01
 -5.32092562e-01  7.93646793e-05  4.76183330e-05  0.00000000e+00]","[ 0.          2.5247004   8.70265102  1.64802206 -2.34189796  0.47443819
 -0.30830583 -0.57286543]"
1749055014.3704748,"[ 0.00000000e+00 -2.68250629e-01  5.38605688e-01  3.12127753e+00
 -2.30256721e+00  6.12527051e-05  9.60100732e-01  1.57107689e+00]","[ 0.00000000e+00  3.64631594e-01 -9.24813781e-01  2.57789982e-01
 -5.26690073e-01  7.93646793e-05  4.76192757e-05  0.00000000e+00]","[ 0.          2.51448178  8.8882103   1.6561383  -2.28158283  0.47030273
 -0.2841081  -0.56377441]"
1749055014.37212,"[ 0.00000000e+00 -2.67497487e-01  5.36726229e-01  3.12179045e+00
 -2.30363408e+00  6.12527051e-05  9.60100732e-01  1.57107689e+00]","[ 0.00000000e+00  3.69632711e-01 -9.15806437e-01  2.60373964e-01
 -5.19341480e-01  7.93654595e-05  4.76908124e-05  0.00000000e+00]","[ 0.          2.4176867   9.13092422  1.702981   -2.34651899  0.49455741
 -0.26734152 -0.55879062]"
1749055014.373231,"[ 0.00000000e+00 -2.67131569e-01  5.35828045e-01  3.12204665e+00
 -2.30414088e+00  6.17853373e-05  9.60100732e-01  1.57107689e+00]","[ 0.00000000e+00  3.71113928e-01 -9.11038780e-01  2.59833775e-01
 -5.13995483e-01  8.46556558e-05  5.56392812e-05  0.00000000e+00]","[ 0.          2.45800853  9.10664177  1.74121332 -2.43129921  0.50208175
 -0.27032375 -0.56334615]"
1749055014.3749874,"[ 0.00000000e+00 -2.66390145e-01  5.34044559e-01  3.12257928e+00
 -2.30513876e+00  6.17853373e-05  9.60100732e-01  1.57107689e+00]","[ 0.00000000e+00  3.76515884e-01 -9.02125579e-01  2.59833775e-01
 -5.03461682e-01  8.46564929e-05  5.56813848e-05  0.00000000e+00]","[ 0.          2.4778285   9.35276699  1.78022993 -2.50754714  0.51323384
 -0.34036615 -0.58156157]"
1749055014.3767512,"[ 0.00000000e+00 -2.65988540e-01  5.33093111e-01  3.12283654e+00
 -2.30566713e+00  6.17853373e-05  9.60100732e-01  1.57107689e+00]","[ 0.00000000e+00  3.78158821e-01 -8.95152824e-01  2.60914170e-01
 -4.97524631e-01  8.46564929e-05  5.56392812e-05  0.00000000e+00]","[ 0.          2.46463728  9.51648521  1.79172897 -2.52400351  0.51258212
 -0.36315626 -0.56643057]"
1749055014.3778908,"[ 0.00000000e+00 -2.65233268e-01  5.31343148e-01  3.12335666e+00
 -2.30663706e+00  6.17853373e-05  9.60100732e-01  1.57107689e+00]","[ 0.00000000e+00  3.83689475e-01 -8.84839333e-01  2.64965620e-01
 -4.88876448e-01  8.46564929e-05  4.77269018e-05  0.00000000e+00]","[ 0.          2.49132514  9.78591442  1.83696616 -2.53516507  0.49997196
 -0.37463415 -0.58367157]"
1749055014.3796632,"[ 0.00000000e+00 -2.64851903e-01  5.29619783e-01  3.12390820e+00
 -2.30762536e+00  6.17853373e-05  9.60100732e-01  1.57107689e+00]","[ 0.00000000e+00  3.86779574e-01 -8.71334444e-01  2.69284169e-01
 -4.80233325e-01  7.40737029e-05  4.76908124e-05  0.00000000e+00]","[ 0.          2.50415039 10.1444149   1.85223567 -2.57424283  0.47824213
 -0.37793413 -0.57514769]"
1749055014.3808286,"[ 0.00000000e+00 -2.64437515e-01  5.28700959e-01  3.12417451e+00
 -2.30809407e+00  6.17853373e-05  9.60100732e-01  1.57107689e+00]","[ 0.00000000e+00  3.90195710e-01 -8.65151183e-01  2.70097482e-01
 -4.75371558e-01  7.40737029e-05  4.76908124e-05  0.00000000e+00]","[ 0.          2.49837255 10.30382156  1.90500081 -2.53077698  0.47540918
 -0.384911   -0.57506949]"
1749055014.3826566,"[ 0.00000000e+00 -2.63664133e-01  5.27019872e-01  3.12472606e+00
 -2.30905467e+00  6.17853373e-05  9.60100732e-01  1.57107689e+00]","[ 0.00000000e+00  3.92863465e-01 -8.48056219e-01  2.68573022e-01
 -4.66930869e-01  7.40744343e-05  4.77264263e-05  0.00000000e+00]","[ 0.          2.50221443 10.44679451  1.96196473 -2.57459784  0.46235418
 -0.43394467 -0.5774433 ]"
1749055014.385093,"[ 0.00000000e+00 -2.63274779e-01  5.26125816e-01  3.12498997e+00
 -2.30951008e+00  6.17853373e-05  9.60100732e-01  1.57107689e+00]","[ 0.00000000e+00  3.94882508e-01 -8.41829748e-01  2.67666598e-01
 -4.61866668e-01  6.34917418e-05  3.71209245e-05  0.00000000e+00]","[ 0.          2.53434181 10.46942616  1.98586512 -2.63029265  0.47009763
 -0.46147528 -0.58507818]"
1749055014.3862486,"[ 0.00000000e+00 -2.62458254e-01  5.24488804e-01  3.12551595e+00
 -2.31040783e+00  6.17853373e-05  9.60100732e-01  1.57107689e+00]","[ 0.00000000e+00  3.99724933e-01 -8.25687996e-01  2.66856864e-01
 -4.52953468e-01  6.34917418e-05  2.64948971e-05  0.00000000e+00]","[ 0.          2.54721498 10.51711559  1.97737288 -2.62841868  0.48802859
 -0.44137824 -0.60558307]"
1749055014.3880007,"[ 0.00000000e+00 -2.61663034e-01  5.22883484e-01  3.12607148e+00
 -2.31132076e+00  6.28506017e-05  9.60100732e-01  1.57107689e+00]","[ 0.00000000e+00  4.02985442e-01 -8.10303979e-01  2.73337616e-01
 -4.43525511e-01  7.41303991e-05  2.64948971e-05  0.00000000e+00]","[ 0.          2.60000062 10.67516518  1.99266195 -2.51765132  0.52404231
 -0.41575709 -0.59757096]"
1749055014.3891315,"[ 0.00000000e+00 -2.61230004e-01  5.22032604e-01  3.12634206e+00
 -2.31175432e+00  6.28506017e-05  9.60100732e-01  1.57107689e+00]","[ 0.00000000e+00  4.07749504e-01 -8.00451548e-01  2.74419043e-01
 -4.39273175e-01  7.40737029e-05  2.64948971e-05  0.00000000e+00]","[ 0.          2.60721159 10.92809486  1.97298002 -2.36401153  0.5317235
 -0.4199169  -0.57259685]"
1749055014.3914397,"[ 0.00000000e+00 -2.60421468e-01  5.20474555e-01  3.12688748e+00
 -2.31260467e+00  6.28506017e-05  9.60100732e-01  1.57107689e+00]","[ 0.00000000e+00  4.10671857e-01 -7.86523882e-01  2.76579815e-01
 -4.28374588e-01  7.40737029e-05  2.65149452e-05  0.00000000e+00]","[ 0.          2.66711569 10.98383331  1.97388697 -2.16585803  0.55888033
 -0.42612264 -0.57285917]"
1749055014.3925145,"[ 0.00000000e+00 -2.60014005e-01  5.19707265e-01  3.12718282e+00
 -2.31305288e+00  6.28506017e-05  9.60100732e-01  1.57107689e+00]","[ 0.00000000e+00  4.13249131e-01 -7.78150837e-01  2.77840606e-01
 -4.22043322e-01  7.41296676e-05  2.64948971e-05  0.00000000e+00]","[ 0.          2.64809656 10.86456776  1.97593629 -2.09466672  0.57506359
 -0.39786872 -0.56974965]"
1749055014.3942046,"[ 0.00000000e+00 -2.59157532e-01  5.18142791e-01  3.12773010e+00
 -2.31386781e+00  6.28506017e-05  9.60101731e-01  1.57107689e+00]","[ 0.00000000e+00  4.20789472e-01 -7.59823827e-01  2.77120004e-01
 -4.10671857e-01  7.40737029e-05  2.91446766e-05  0.00000000e+00]","[ 0.          2.6634593  10.75102329  1.94135082 -1.9382199   0.5658834
 -0.34429222 -0.57833618]"
1749055014.3953488,"[ 0.00000000e+00 -2.58739948e-01  5.17401200e-01  3.12800281e+00
 -2.31426648e+00  6.28506017e-05  9.60101731e-01  1.57107689e+00]","[ 0.00000000e+00  4.23512854e-01 -7.52221501e-01  2.76579815e-01
 -4.04335931e-01  7.40744343e-05  2.91661490e-05  0.00000000e+00]","[ 0.          2.69537592 10.74327278  1.92792714 -1.82515192  0.5682798
 -0.33419791 -0.58546788]"
1749055014.3971171,"[ 0.00000000e+00 -2.57903716e-01  5.15885429e-01  3.12857725e+00
 -2.31507369e+00  6.28506017e-05  9.60101731e-01  1.57107689e+00]","[ 0.00000000e+00  4.25673610e-01 -7.37259263e-01  2.81362204e-01
 -3.90697250e-01  7.40744343e-05  2.91443860e-05  0.00000000e+00]","[ 0.          2.71224308 10.55194855  1.90572155 -1.64675915  0.57771766
 -0.35227472 -0.57680082]"
1749055014.3989005,"[ 0.00000000e+00 -2.57449913e-01  5.15167241e-01  3.12885555e+00
 -2.31545079e+00  6.28506017e-05  9.60101731e-01  1.57107689e+00]","[ 0.00000000e+00  4.26907486e-01 -7.28452922e-01  2.81965876e-01
 -3.82458029e-01  7.40737029e-05  2.91443860e-05  0.00000000e+00]","[ 0.          2.71432233 10.44704723  1.90191281 -1.58621144  0.57095295
 -0.34109184 -0.57642913]"
1749055014.4000359,"[ 0.00000000e+00 -2.56596104e-01  5.13752936e-01  3.12943452e+00
 -2.31621245e+00  6.39158662e-05  9.60101731e-01  1.57107689e+00]","[ 0.00000000e+00  4.34856922e-01 -7.12874495e-01  2.82616053e-01
 -3.69131171e-01  7.40744343e-05  3.70928568e-05  0.00000000e+00]","[ 0.          2.78227663 10.35967159  1.88374329 -1.50101304  0.61017132
 -0.30064365 -0.56965733]"
1749055014.4018,"[ 0.00000000e+00 -2.55700749e-01  5.12315228e-01  3.12999192e+00
 -2.31692192e+00  6.39158662e-05  9.60102663e-01  1.57107689e+00]","[ 0.00000000e+00  4.37557900e-01 -6.97983696e-01  2.81711677e-01
 -3.56798771e-01  7.40744343e-05  4.76908124e-05  0.00000000e+00]","[ 0.          2.83681083 10.22720432  1.85423517 -1.48845577  0.63215733
 -0.26993254 -0.58049446]"
1749055014.402907,"[ 0.00000000e+00 -2.55267186e-01  5.11634724e-01  3.13026889e+00
 -2.31726813e+00  6.39158662e-05  9.60102663e-01  1.57107689e+00]","[ 0.00000000e+00  4.39273175e-01 -6.90099074e-01  2.80901377e-01
 -3.51126704e-01  7.40744343e-05  4.77269018e-05  0.00000000e+00]","[ 0.          2.89351368 10.1627779   1.89718413 -1.49795043  0.63114673
 -0.27649522 -0.59747916]"
1749055014.4047184,"[ 0.00000000e+00 -2.54832558e-01  5.10960611e-01  3.13054666e+00
 -2.31763138e+00  6.39158662e-05  9.60102663e-01  1.57107689e+00]","[ 0.00000000e+00  4.41246611e-01 -6.83616740e-01  2.81711677e-01
 -3.42048188e-01  7.40178194e-05  4.77269018e-05  0.00000000e+00]","[ 0.          2.87328196 10.2740097   1.93732691 -1.49522889  0.63346201
 -0.29040241 -0.6024785 ]"
1749055014.4058185,"[ 0.00000000e+00 -2.53920692e-01  5.09635855e-01  3.13112776e+00
 -2.31828173e+00  6.39158662e-05  9.60102663e-01  1.57107689e+00]","[ 0.00000000e+00  4.45947956e-01 -6.67410873e-01  2.84394312e-01
 -3.26547858e-01  7.40737029e-05  5.82887721e-05  0.00000000e+00]","[ 0.          2.93055177 10.21999931  1.98217785 -1.51973212  0.63567883
 -0.31615269 -0.60992634]"
1749055014.4076142,"[ 0.00000000e+00 -2.53478075e-01  5.08934678e-01  3.13141192e+00
 -2.31859572e+00  6.39158662e-05  9.60102663e-01  1.57107689e+00]","[ 0.00000000e+00  4.48902001e-01 -6.59652219e-01  2.88194011e-01
 -3.18122282e-01  7.40737029e-05  6.62873661e-05  0.00000000e+00]","[ 0.          3.01325631 10.15302563  2.01480627 -1.56802094  0.64540911
 -0.32105982 -0.60801154]"
1749055014.4093363,"[ 0.00000000e+00 -2.52554490e-01  5.07654463e-01  3.13200687e+00
 -2.31922981e+00  6.39158662e-05  9.60102663e-01  1.57107689e+00]","[ 0.00000000e+00  4.52386314e-01 -6.46073160e-01  2.91975367e-01
 -3.06020445e-01  7.40744343e-05  6.62372408e-05  0.00000000e+00]","[ 0.          3.07306719 10.25082588  2.00160933 -1.71891725  0.64390337
 -0.31987965 -0.61041439]"
1749055014.4104483,"[ 0.00000000e+00 -2.52105481e-01  5.07025358e-01  3.13229449e+00
 -2.31952596e+00  6.39158662e-05  9.60102663e-01  1.57107689e+00]","[ 0.00000000e+00  4.55384334e-01 -6.37970226e-01  2.91705289e-01
 -3.00348378e-01  7.40737029e-05  6.62372408e-05  0.00000000e+00]","[ 0.          3.03369689 10.47206974  2.02715588 -1.77251899  0.63421202
 -0.3286553  -0.6012249 ]"
1749055014.4121828,"[ 0.00000000e+00 -2.51201072e-01  5.05745143e-01  3.13289317e+00
 -2.32011878e+00  6.39158662e-05  9.60101731e-01  1.57107689e+00]","[ 0.00000000e+00  4.60246101e-01 -6.21134387e-01  2.91894473e-01
 -2.85625292e-01  7.41296676e-05  5.82881910e-05  0.00000000e+00]","[ 0.          3.08798242 10.54662609  2.04186034 -1.88624048  0.61292678
 -0.41216439 -0.5832805 ]"
1749055014.4132957,"[ 0.00000000e+00 -2.50709985e-01  5.05136711e-01  3.13318026e+00
 -2.32039575e+00  6.39158662e-05  9.60101731e-01  1.57107689e+00]","[ 0.00000000e+00  4.62417044e-01 -6.17172736e-01  2.91165066e-01
 -2.80901377e-01  7.40744343e-05  5.82887721e-05  0.00000000e+00]","[ 0.          3.1390264  10.47351742  2.02797222 -1.94141638  0.63322806
 -0.4208664  -0.5832805 ]"
1749055014.4150326,"[ 0.00000000e+00 -2.49794923e-01  5.03930865e-01  3.13375923e+00
 -2.32093956e+00  6.39158662e-05  9.60102663e-01  1.57107689e+00]","[ 0.00000000e+00  4.65107868e-01 -6.09069802e-01  2.94676344e-01
 -2.73878837e-01  7.40744343e-05  6.62873661e-05  0.00000000e+00]","[ 0.          3.10971761 10.58204556  2.00790071 -2.04028368  0.64671052
 -0.38740495 -0.60507768]"
1749055014.4161663,"[ 0.00000000e+00 -2.49334196e-01  5.03288011e-01  3.13405218e+00
 -2.32120588e+00  6.39158662e-05  9.60102663e-01  1.57107689e+00]","[ 0.00000000e+00  4.67268624e-01 -6.05355091e-01  2.97107211e-01
 -2.70097482e-01  7.40744343e-05  6.62372408e-05  0.00000000e+00]","[ 0.          3.03080916 10.65855598  2.04981899 -2.04028368  0.64654088
 -0.37727854 -0.60987979]"
1749055014.4179106,"[ 0.00000000e+00 -2.48368001e-01  5.02102838e-01  3.13466337e+00
 -2.32175130e+00  6.49811306e-05  9.60102663e-01  1.57107689e+00]","[ 0.00000000e+00  4.73210769e-01 -5.99346268e-01  2.98694955e-01
 -2.64425431e-01  8.46556558e-05  5.82887721e-05  0.00000000e+00]","[ 0.          3.08197737 10.91438866  2.02120471 -1.94680429  0.62929958
 -0.40486276 -0.61446285]"
1749055014.419599,"[ 0.00000000e+00 -2.47899285e-01  5.01471935e-01  3.13496085e+00
 -2.32200749e+00  6.49811306e-05  9.60101731e-01  1.57107689e+00]","[ 0.00000000e+00  4.75371558e-01 -5.94070479e-01  3.01698867e-01
 -2.59570505e-01  8.46556558e-05  4.77269018e-05  0.00000000e+00]","[ 0.          3.10121274 11.11017132  2.02813339 -1.89523256  0.63662171
 -0.43356356 -0.61220032]"
1749055014.4207067,"[ 0.00000000e+00 -2.46956526e-01  5.00314758e-01  3.13558030e+00
 -2.32252548e+00  6.49811306e-05  9.60101731e-01  1.57107689e+00]","[ 0.00000000e+00  4.78612725e-01 -5.85247826e-01  3.02677546e-01
 -2.50266918e-01  8.46564929e-05  4.76912879e-05  0.00000000e+00]","[ 0.          3.07545805 11.48913288  1.95129466 -1.65622318  0.6503191
 -0.43749139 -0.60972637]"
1749055014.4223835,"[ 0.00000000e+00 -2.46443068e-01  4.99742611e-01  3.13587937e+00
 -2.32276782e+00  6.49811306e-05  9.60102663e-01  1.57107689e+00]","[ 0.00000000e+00  4.83481583e-01 -5.80169377e-01  3.03319467e-01
 -2.45788696e-01  7.93646793e-05  5.82887721e-05  0.00000000e+00]","[ 0.          2.99663305 11.60499191  1.93702149 -1.55066454  0.6600076
 -0.41727978 -0.60239559]"
1749055014.424121,"[ 0.00000000e+00 -2.45485928e-01  4.98571220e-01  3.13648737e+00
 -2.32323681e+00  6.49811306e-05  9.60102663e-01  1.57107689e+00]","[ 0.00000000e+00  4.86175470e-01 -5.68959466e-01  3.10297382e-01
 -2.35254896e-01  7.93646793e-05  4.76908124e-05  0.00000000e+00]","[ 0.          2.98638272 11.82259655  1.92780888 -1.33863354  0.70295268
 -0.35940689 -0.59487456]"
1749055014.4251878,"[ 0.00000000e+00 -2.45006559e-01  4.98015152e-01  3.13681787e+00
 -2.32346371e+00  6.49811306e-05  9.60102663e-01  1.57107689e+00]","[ 0.00000000e+00  4.86175470e-01 -5.63963509e-01  3.11203656e-01
 -2.30123051e-01  7.93646793e-05  4.76908124e-05  0.00000000e+00]","[ 0.          2.96217918 11.97567463  1.86314714 -1.24240589  0.69537407
 -0.36673245 -0.59401715]"
1749055014.426916,"[ 0.00000000e+00 -2.44003080e-01  4.96918129e-01  3.13744052e+00
 -2.32392097e+00  6.49811306e-05  9.60102663e-01  1.57107689e+00]","[ 0.00000000e+00  4.91506186e-01 -5.53138825e-01  3.16554246e-01
 -2.21209833e-01  7.94846874e-05  4.77264263e-05  0.00000000e+00]","[ 0.          2.84293485 12.09083748  1.80704057 -1.08636487  0.717053
 -0.40636387 -0.59190691]"
1749055014.428773,"[ 0.00000000e+00 -2.43515722e-01  4.96337727e-01  3.13775317e+00
 -2.32413456e+00  6.55137628e-05  9.60102663e-01  1.57107689e+00]","[ 0.00000000e+00  4.94278371e-01 -5.46424463e-01  3.17094435e-01
 -2.16618177e-01  8.46556558e-05  4.77269018e-05  0.00000000e+00]","[ 0.          2.80763888 12.13606739  1.82276046 -0.95535815  0.74138141
 -0.40760183 -0.59132284]"
1749055014.4298925,"[ 0.00000000e+00 -2.42533548e-01  4.95278820e-01  3.13839846e+00
 -2.32456200e+00  6.55137628e-05  9.60102663e-01  1.57107689e+00]","[ 0.00000000e+00  4.97519538e-01 -5.34252818e-01  3.15011044e-01
 -2.05880911e-01  8.47836692e-05  3.70928568e-05  0.00000000e+00]","[ 0.          2.66680098 12.41513824  1.73917174 -0.80583233  0.74996823
 -0.36021069 -0.61844403]"
1749055014.4316487,"[ 0.00000000e+00 -2.42003579e-01  4.94716328e-01  3.13870925e+00
 -2.32476040e+00  6.55137628e-05  9.60102663e-01  1.57107689e+00]","[ 0.00000000e+00  4.99029250e-01 -5.29124768e-01  3.14884378e-01
 -2.01222626e-01  7.41857136e-05  2.91664395e-05  0.00000000e+00]","[ 0.          2.62339568 12.6139946   1.72571659 -0.72402531  0.75588381
 -0.34163564 -0.6192174 ]"
1749055014.4333916,"[ 0.00000000e+00 -2.41016079e-01  4.93696004e-01  3.13933562e+00
 -2.32514230e+00  6.55137628e-05  9.60102663e-01  1.57107689e+00]","[ 0.00000000e+00  5.02381305e-01 -5.13204891e-01  3.18985113e-01
 -1.90765441e-01  7.41857136e-05  1.85466133e-05  0.00000000e+00]","[ 0.          2.57943177 12.92852592  1.66362262 -0.4675439   0.76713556
 -0.34498182 -0.61266607]"
1749055014.4344985,"[ 0.00000000e+00 -2.39983305e-01  4.92705075e-01  3.13999369e+00
 -2.32551434e+00  6.55137628e-05  9.60102663e-01  1.57107689e+00]","[ 0.00000000e+00  5.03570439e-01 -4.98329838e-01  3.21956202e-01
 -1.77454047e-01  7.41864532e-05  2.91664395e-05  0.00000000e+00]","[ 0.          2.45245528 13.19764423  1.56710684 -0.36570522  0.80334032
 -0.38078478 -0.58708233]"
1749055014.436342,"[ 0.00000000e+00 -2.39484228e-01  4.92184360e-01  3.14031141e+00
 -2.32568478e+00  6.65790273e-05  9.60102663e-01  1.57107689e+00]","[ 0.00000000e+00  5.06162660e-01 -4.90252337e-01  3.21899810e-01
 -1.72687238e-01  8.47836692e-05  2.91664395e-05  0.00000000e+00]","[ 0.          2.42059898 13.2218647   1.55732226 -0.29840353  0.83659369
 -0.37716264 -0.57974815]"
1749055014.4374886,"[ 0.00000000e+00 -2.38483412e-01  4.91242533e-01  3.14096814e+00
 -2.32601768e+00  6.65790273e-05  9.60103595e-01  1.57107689e+00]","[ 0.00000000e+00  5.08323450e-01 -4.73150448e-01  3.20605713e-01
 -1.59839766e-01  8.47836692e-05  3.70928568e-05  0.00000000e+00]","[ 0.          2.28306532 13.54778004  1.46337688 -0.25016212  0.83722544
 -0.35404715 -0.58124858]"
1749055014.4391816,"[ 0.00000000e+00 -2.37940128e-01  4.90750315e-01  3.14128346e+00
 -2.32616868e+00  6.65790273e-05  9.60103595e-01  1.57107689e+00]","[ 0.00000000e+00  5.11567646e-01 -4.62984164e-01  3.19795413e-01
 -1.53145262e-01  8.47836692e-05  3.71209245e-05  0.00000000e+00]","[ 0.          2.21961451 13.75587559  1.44745111 -0.28677958  0.84154534
 -0.37069708 -0.5801338 ]"
1749055014.440246,"[ 0.00000000e+00 -2.37435192e-01  4.90300740e-01 -3.14158493e+00
 -2.32631382e+00  6.65790273e-05  9.60103595e-01  1.57107689e+00]","[ 0.00000000e+00  5.12104805e-01 -4.55924523e-01  3.21415980e-01
 -1.47203117e-01  8.47836692e-05  3.71209245e-05  0.00000000e+00]","[ 0.          2.22560692 13.74402332  1.40869212 -0.31565624  0.86314487
 -0.391754   -0.58771682]"
1749055014.4419222,"[ 0.00000000e+00 -2.36424256e-01  4.89425991e-01 -3.14092154e+00
 -2.32659665e+00  6.65790273e-05  9.60102663e-01  1.57107689e+00]","[ 0.00000000e+00  5.13185217e-01 -4.39718689e-01  3.22768733e-01
 -1.35414967e-01  8.47836692e-05  2.91443860e-05  0.00000000e+00]","[ 0.          2.1035862  13.8650856   1.36860156 -0.39950159  0.90399694
 -0.40678188 -0.5616734 ]"
1749055014.4436574,"[ 0.00000000e+00 -2.35877776e-01  4.88968194e-01 -3.14060222e+00
 -2.32672422e+00  6.65790273e-05  9.60102663e-01  1.57107689e+00]","[ 0.00000000e+00  5.14576885e-01 -4.31070972e-01  3.23846880e-01
 -1.29376690e-01  8.47836692e-05  3.71209245e-05  0.00000000e+00]","[ 0.          1.92188132 13.94492435  1.34443295 -0.44531813  0.91174453
 -0.4171842  -0.57443154]"
1749055014.4447253,"[ 0.00000000e+00 -2.34862046e-01  4.88148972e-01 -3.13996626e+00
 -2.32696550e+00  6.76442917e-05  9.60103595e-01  1.57107689e+00]","[ 0.00000000e+00  5.15886195e-01 -4.10278075e-01  3.21956202e-01
 -1.19262129e-01  9.53816248e-05  4.76188043e-05  0.00000000e+00]","[ 0.          1.81574225 13.97837162  1.3303616  -0.48564544  0.91200513
 -0.40935758 -0.58778656]"
1749055014.4464068,"[ 0.00000000e+00 -2.34352850e-01  4.87752261e-01 -3.13962884e+00
 -2.32708800e+00  6.76442917e-05  9.60103595e-01  1.57107689e+00]","[ 0.00000000e+00  5.16426383e-01 -4.02445253e-01  3.17723640e-01
 -1.15353491e-01  9.53816248e-05  3.70928568e-05  0.00000000e+00]","[ 0.          1.80313051 13.98062992  1.29363084 -0.47535688  0.92137063
 -0.40818733 -0.60050201]"
1749055014.4481313,"[ 0.00000000e+00 -2.33291846e-01  4.86955110e-01 -3.13895106e+00
 -2.32729972e+00  6.76442917e-05  9.60102663e-01  1.57107689e+00]","[ 0.00000000e+00  5.18587139e-01 -3.85681885e-01  3.19906966e-01
 -1.04257622e-01  8.47845145e-05  2.91223691e-05  0.00000000e+00]","[ 0.          1.6858803  14.02473354  1.27537835 -0.46364567  0.91738856
 -0.43389454 -0.58136302]"
1749055014.4492457,"[ 0.00000000e+00 -2.32779454e-01  4.86584998e-01 -3.13863415e+00
 -2.32739693e+00  6.76442917e-05  9.60102663e-01  1.57107689e+00]","[ 0.00000000e+00  5.19667550e-01 -3.75435506e-01  3.21090342e-01
 -9.85855797e-02  8.47836692e-05  3.70368514e-05  0.00000000e+00]","[ 0.          1.57249343 13.97599888  1.27826035 -0.39557272  0.90383625
 -0.44515353 -0.56842083]"
1749055014.4508922,"[ 0.00000000e+00 -2.31753072e-01  4.85874167e-01 -3.13797395e+00
 -2.32758122e+00  6.76442917e-05  9.60102663e-01  1.57107689e+00]","[ 0.00000000e+00  5.20207739e-01 -3.55718360e-01  3.22766469e-01
 -8.65151183e-02  8.47836692e-05  3.70648338e-05  0.00000000e+00]","[ 0.          1.52924252 13.90877247  1.2818886  -0.33403027  0.90127695
 -0.43222928 -0.58354169]"
1749055014.4526486,"[ 0.00000000e+00 -2.31200732e-01  4.85505419e-01 -3.13765570e+00
 -2.32765978e+00  6.76442917e-05  9.60102663e-01  1.57107689e+00]","[ 0.00000000e+00  5.20093789e-01 -3.47314323e-01  3.22766469e-01
 -7.96787588e-02  8.47836692e-05  3.70648338e-05  0.00000000e+00]","[ 0.          1.60139167 13.85190868  1.26749933 -0.34822375  0.89814323
 -0.41900089 -0.59393227]"
1749055014.4543002,"[ 0.00000000e+00 -2.30172219e-01  4.84842358e-01 -3.13702427e+00
 -2.32779481e+00  6.76442917e-05  9.60103595e-01  1.57107689e+00]","[ 0.00000000e+00  5.21299602e-01 -3.33030192e-01  3.19741218e-01
 -6.53635897e-02  8.47828240e-05  3.70368514e-05  0.00000000e+00]","[ 0.          1.53247571 13.63326263  1.29745781 -0.37647423  0.90756249
 -0.4019202  -0.59897739]"
1749055014.4553754,"[ 0.00000000e+00 -2.29657164e-01  4.84521847e-01 -3.13668578e+00
 -2.32785846e+00  6.76442917e-05  9.60103595e-01  1.57107689e+00]","[ 0.00000000e+00  5.22368528e-01 -3.25197369e-01  3.19027124e-01
 -5.98772822e-02  7.41857136e-05  3.70648338e-05  0.00000000e+00]","[ 0.          1.46989799 13.44911003  1.30962121 -0.39061329  0.91789263
 -0.40383828 -0.59373915]"
1749055014.4570675,"[ 0.00000000e+00 -2.28588171e-01  4.83885884e-01 -3.13605621e+00
 -2.32795486e+00  6.76442917e-05  9.60103595e-01  1.57107689e+00]","[ 0.00000000e+00  5.21828339e-01 -3.05710387e-01  3.19525302e-01
 -4.50605775e-02  7.41857136e-05  3.70648338e-05  0.00000000e+00]","[ 0.          1.49539554 13.21405506  1.32962573 -0.37741262  0.92661095
 -0.41196737 -0.58177036]"
1749055014.4588645,"[ 0.00000000e+00 -2.28074181e-01  4.83592437e-01 -3.13574089e+00
 -2.32799295e+00  6.76442917e-05  9.60103595e-01  1.57107689e+00]","[ 0.00000000e+00  5.21288117e-01 -2.97647434e-01  3.19795413e-01
 -3.86239376e-02  7.41857136e-05  3.70372172e-05  0.00000000e+00]","[ 0.          1.49526751 13.22077084  1.34033608 -0.35575402  0.92743689
 -0.40318054 -0.58782458]"
1749055014.4599838,"[ 0.00000000e+00 -2.27043005e-01  4.83010669e-01 -3.13508735e+00
 -2.32804914e+00  6.76442917e-05  9.60103595e-01  1.57107689e+00]","[ 0.00000000e+00  5.22908717e-01 -2.80108354e-01  3.18174813e-01
 -2.37685775e-02  7.41849740e-05  3.70648338e-05  0.00000000e+00]","[ 0.          1.43886185 13.06411648  1.36725557 -0.26673436  0.90351427
 -0.36607179 -0.58944464]"
1749055014.4616258,"[ 0.00000000e+00 -2.26489600e-01  4.82740192e-01 -3.13477336e+00
 -2.32806645e+00  6.87095561e-05  9.60103595e-01  1.57107689e+00]","[ 0.00000000e+00  5.21096869e-01 -2.74419043e-01  3.18444924e-01
 -1.75563360e-02  8.47836692e-05  3.70648338e-05  0.00000000e+00]","[ 0.          1.4487642  12.97180748  1.41343021 -0.24724878  0.89482534
 -0.3718099  -0.5843547 ]"
1749055014.463397,"[ 0.00000000e+00 -2.25460022e-01  4.82200636e-01 -3.13412542e+00
 -2.32808482e+00  6.87095561e-05  9.60103595e-01  1.57107689e+00]","[ 0.00000000e+00  5.22378915e-01 -2.59545355e-01  3.15671009e-01
 -6.51384652e-03  7.41857136e-05  2.91003827e-05  0.00000000e+00]","[ 0.          1.4537406  12.90013599  1.41086161 -0.22456256  0.88372862
 -0.37644178 -0.60378981]"
1749055014.4645386,"[ 0.00000000e+00 -2.24388366e-01  4.81710214e-01 -3.13350144e+00
 -2.32808216e+00  6.87095561e-05  9.60103595e-01  1.57107689e+00]","[ 0.00000000e+00  5.23111983e-01 -2.45788696e-01  3.17634624e-01
  3.78136470e-03  7.41857136e-05  2.91223691e-05  0.00000000e+00]","[ 0.          1.50159478 12.78842831  1.41961908 -0.18568116  0.88468981
 -0.35789472 -0.6056608 ]"
1749055014.4662886,"[ 0.00000000e+00 -2.23874909e-01  4.81442067e-01 -3.13318692e+00
 -2.32807604e+00  6.87095561e-05  9.60103595e-01  1.57107689e+00]","[ 0.00000000e+00  5.20747928e-01 -2.35659330e-01  3.18985113e-01
  4.99680333e-03  7.41857136e-05  2.91003827e-05  0.00000000e+00]","[ 0.          1.48751557 12.78698444  1.35153186 -0.16912396  0.87781644
 -0.34487435 -0.60541987]"
1749055014.467435,"[ 0.00000000e+00 -2.22849059e-01  4.80983338e-01 -3.13284896e+00
 -2.32806751e+00  6.87095561e-05  9.60103595e-01  1.57107689e+00]","[ 0.00000000e+00  5.20207739e-01 -2.20467610e-01  3.18225180e-01
  4.82615660e-03  7.41857136e-05  2.91003827e-05  0.00000000e+00]","[ 0.          1.46318781 12.6075964   1.3836453  -0.09355146  0.90890503
 -0.33134648 -0.58678138]"
1749055014.4692483,"[ 0.00000000e+00 -2.22296719e-01  4.80774413e-01 -3.13253471e+00
 -2.32806565e+00  6.87095561e-05  9.60103595e-01  1.57107689e+00]","[ 0.00000000e+00  5.20093789e-01 -2.11756427e-01  3.18715035e-01
  3.42218385e-03  7.41857136e-05  2.91223691e-05  0.00000000e+00]","[ 0.          1.50772142 12.5013752   1.33088923 -0.01412858  0.91737068
 -0.34203768 -0.58737004]"
1749055014.470945,"[ 0.00000000e+00 -2.21276729e-01  4.80358361e-01 -3.13190887e+00
 -2.32806645e+00  6.87095561e-05  9.60103595e-01  1.57107689e+00]","[ 0.00000000e+00  5.16426383e-01 -2.00113237e-01  3.15743946e-01
  3.60129957e-04  7.41857136e-05  2.91003827e-05  0.00000000e+00]","[ 0.          1.481498   12.32086849  1.28878951  0.28192168  0.94561285
 -0.35055217 -0.59111595]"
1749055014.4720845,"[ 0.00000000e+00 -2.20768598e-01  4.80165980e-01 -3.13157597e+00
 -2.32806751e+00  6.87095561e-05  9.60103595e-01  1.57107689e+00]","[ 0.00000000e+00  5.15345972e-01 -1.95010370e-01  3.13460585e-01
 -6.30227449e-04  7.41849740e-05  2.91006692e-05  0.00000000e+00]","[ 0.          1.43647921 12.30763245  1.30500424  0.49863315  0.98172015
 -0.33129463 -0.59147435]"
1749055014.4738371,"[ 0.00000000e+00 -2.19713986e-01  4.79800928e-01 -3.13095732e+00
 -2.32806565e+00  6.97748206e-05  9.60104594e-01  1.57107689e+00]","[ 0.00000000e+00  5.14805783e-01 -1.82045703e-01  3.13805098e-01
  0.00000000e+00  7.94846874e-05  3.70648338e-05  0.00000000e+00]","[ 0.          1.39289081 12.18625546  1.28662217  0.87181348  0.94321543
 -0.27549002 -0.61234081]"
1749055014.4755883,"[ 0.00000000e+00 -2.19209583e-01  4.79614473e-01 -3.13062442e+00
 -2.32806325e+00  6.97748206e-05  9.60105526e-01  1.57107689e+00]","[ 0.00000000e+00  5.11564616e-01 -1.75537919e-01  3.13756029e-01
  4.78698850e-04  7.94846874e-05  4.76188043e-05  0.00000000e+00]","[ 0.          1.45290244 12.05741501  1.25998795  1.11355305  0.96119869
 -0.24906012 -0.59874654]"
1749055014.4773884,"[ 0.00000000e+00 -2.18166156e-01  4.79284341e-01 -3.13000471e+00
 -2.32805686e+00  6.97748206e-05  9.60106458e-01  1.57107689e+00]","[ 0.00000000e+00  5.08080037e-01 -1.64489362e-01  3.14393457e-01
  1.25926805e-03  7.94854838e-05  5.82447383e-05  0.00000000e+00]","[ 0.          1.46208751 11.96800327  1.32677162  1.49430513  0.95613003
 -0.16880529 -0.58439398]"
1749055014.4784768,"[ 0.00000000e+00 -2.17666015e-01  4.79127747e-01 -3.12969472e+00
 -2.32805127e+00  6.97748206e-05  9.60107390e-01  1.57107689e+00]","[ 0.00000000e+00  5.07243072e-01 -1.58817312e-01  3.14393457e-01
  1.75528739e-03  7.94846874e-05  6.61878551e-05  0.00000000e+00]","[ 0.          1.35999846 11.96016884  1.29379463  1.62370992  0.9248668
 -0.17122778 -0.58603972]"
1749055014.4802983,"[ 0.00000000e+00 -2.16670525e-01  4.78821018e-01 -3.12905582e+00
 -2.32804088e+00  6.97748206e-05  9.60108389e-01  1.57107689e+00]","[ 0.00000000e+00  5.04030867e-01 -1.46122739e-01  3.11152290e-01
  3.31197735e-03  7.94846874e-05  7.67199429e-05  0.00000000e+00]","[ 0.          1.41259229 11.78652763  1.30045664  1.92611241  0.97332036
 -0.13532026 -0.59333366]"
1749055014.481941,"[ 0.00000000e+00 -2.15643078e-01  4.78548709e-01 -3.12844143e+00
 -2.32802437e+00  6.97748206e-05  9.60110253e-01  1.57107689e+00]","[ 0.00000000e+00  5.00220516e-01 -1.35451552e-01  3.11916318e-01
  7.01931397e-03  7.94846874e-05  9.53095680e-05  0.00000000e+00]","[ 0.          1.46715009 11.7717514   1.30878425  2.10071254  0.96553379
 -0.09597938 -0.60295767]"
1749055014.4831073,"[ 0.00000000e+00 -2.15151458e-01  4.78548709e-01 -3.12813304e+00
 -2.32801558e+00  6.97748206e-05  9.60110253e-01  1.57107689e+00]","[ 0.00000000e+00  4.98599949e-01 -1.35451552e-01  3.12772890e-01
  8.35264118e-03  7.94846874e-05  9.52385514e-05  0.00000000e+00]","[ 0.          1.52795851 11.7717514   1.2934233   2.17960835  0.98875296
 -0.07547037 -0.60155588]"
1749055014.4847944,"[ 0.00000000e+00 -2.14661969e-01  4.78409559e-01 -3.12779881e+00
 -2.32800600e+00  6.97748206e-05  9.60111251e-01  1.57107689e+00]","[ 0.00000000e+00  4.96439160e-01 -1.30901134e-01  3.14714401e-01
  9.31836320e-03  7.94854838e-05  1.05820618e-04  0.00000000e+00]","[ 0.          1.51054668 11.74488068  1.31524348  2.23512578  0.9889524
 -0.07700342 -0.59272176]"
1749055014.4858866,"[ 0.00000000e+00 -2.13651566e-01  4.78167578e-01 -3.12718149e+00
 -2.32798070e+00  6.97748206e-05  9.60111251e-01  1.57107689e+00]","[ 0.00000000e+00  4.92117615e-01 -1.19653181e-01  3.13042968e-01
  1.30399602e-02  7.94846874e-05  1.05899518e-04  0.00000000e+00]","[ 0.          1.56367874 11.87556458  1.32524979  2.27074504  0.9859314
 -0.0776206  -0.60100013]"
1749055014.4876218,"[ 0.00000000e+00 -2.13169001e-01  4.78055525e-01 -3.12687629e+00
 -2.32796605e+00  6.97748206e-05  9.60111251e-01  1.57107689e+00]","[ 0.00000000e+00  4.89416637e-01 -1.13711036e-01  3.09531723e-01
  1.48553612e-02  7.94846874e-05  1.05899518e-04  0.00000000e+00]","[ 0.          1.62779593 11.95843124  1.33101308  2.24270868  0.96824366
 -0.092281   -0.59728944]"
1749055014.4893217,"[ 0.00000000e+00 -2.12164989e-01  4.77842006e-01 -3.12624885e+00
 -2.32793249e+00  6.97748206e-05  9.60111251e-01  1.57107689e+00]","[ 0.00000000e+00  4.90503107e-01 -1.00476258e-01  3.05480256e-01
  1.80965312e-02  6.88867318e-05  1.05899518e-04  0.00000000e+00]","[ 0.          1.68362463 12.24691772  1.35483944  2.17513323  0.9610908
 -0.11822341 -0.61519563]"
1749055014.4910853,"[ 0.00000000e+00 -2.11201458e-01  4.77653754e-01 -3.12564591e+00
 -2.32789015e+00  7.03074528e-05  9.60112184e-01  1.57107689e+00]","[ 0.00000000e+00  4.86762164e-01 -8.95243405e-02  3.06560634e-01
  2.13160808e-02  7.41857136e-05  1.13757160e-04  0.00000000e+00]","[ 0.          1.78365529 12.47266388  1.37958598  1.9972012   0.96493679
 -0.13442606 -0.61982048]"
1749055014.4928613,"[ 0.00000000e+00 -2.10208099e-01  4.77495329e-01 -3.12501501e+00
 -2.32784301e+00  7.03074528e-05  9.60112184e-01  1.57107689e+00]","[ 0.00000000e+00  4.83026781e-01 -7.64375836e-02  3.07943680e-01
  2.45788713e-02  7.41857136e-05  1.13841985e-04  0.00000000e+00]","[ 0.          1.78988528 12.86957264  1.35860825  1.79616749  0.96043241
 -0.21978937 -0.6019758 ]"
1749055014.4945934,"[ 0.00000000e+00 -2.09730860e-01  4.77427818e-01 -3.12471194e+00
 -2.32781585e+00  7.03074528e-05  9.60111251e-01  1.57107689e+00]","[ 0.00000000e+00  4.84014681e-01 -6.86047607e-02  3.07370934e-01
  2.55783827e-02  7.41857136e-05  9.53095680e-05  0.00000000e+00]","[ 0.          1.81522071 12.99450397  1.37461567  1.69774246  0.97251296
 -0.25734705 -0.5920105 ]"
1749055014.4963157,"[ 0.00000000e+00 -2.08779579e-01  4.77311205e-01 -3.12410767e+00
 -2.32778975e+00  7.03074528e-05  9.60111251e-01  1.57107689e+00]","[ 0.00000000e+00  4.81853892e-01 -5.28854690e-02  3.05480256e-01
  2.64427345e-02  7.40744343e-05  9.52385514e-05  0.00000000e+00]","[ 0.          1.85349894 13.32802773  1.3873235   1.53388667  0.93680912
 -0.31837788 -0.61352748]"
1749055014.4974837,"[ 0.00000000e+00 -2.08269317e-01  4.77265265e-01 -3.12378623e+00
 -2.32776391e+00  7.03074528e-05  9.60111251e-01  1.57107689e+00]","[ 0.00000000e+00  4.80472377e-01 -4.64567646e-02  3.02677546e-01
  2.61994548e-02  7.40737029e-05  9.53086171e-05  0.00000000e+00]","[ 0.          1.93653643 13.49432087  1.36635005  1.37707579  0.95091963
 -0.34767225 -0.59199643]"
1749055014.4991186,"[ 0.00000000e+00 -2.07322830e-01  4.77193194e-01 -3.12318622e+00
 -2.32770799e+00  7.03074528e-05  9.60111251e-01  1.57107689e+00]","[ 0.00000000e+00  4.80286389e-01 -3.10952894e-02  3.04399845e-01
  2.80860672e-02  7.40744343e-05  9.52385514e-05  0.00000000e+00]","[ 0.          1.98668981 13.71434689  1.36032212  1.11873114  0.93607736
 -0.350007   -0.60259068]"
1749055014.5008717,"[ 0.00000000e+00 -2.06338525e-01  4.77157807e-01 -3.12256250e+00
 -2.32764807e+00  7.03074528e-05  9.60111251e-01  1.57107689e+00]","[ 0.00000000e+00  4.79970837e-01 -1.29646791e-02  3.03931362e-01
  3.13313079e-02  6.34917418e-05  9.53095680e-05  0.00000000e+00]","[ 0.          1.96038997 13.98614693  1.3723712   0.89837199  0.92192715
 -0.38015667 -0.6081292 ]"
1749055014.5026388,"[ 0.00000000e+00 -2.05867146e-01  4.77153679e-01 -3.12226316e+00
 -2.32761238e+00  7.03074528e-05  9.60111251e-01  1.57107689e+00]","[ 0.00000000e+00  4.78072536e-01 -4.32155961e-03  3.03897773e-01
  3.35713635e-02  6.34917418e-05  8.47196178e-05  0.00000000e+00]","[ 0.          1.9797672  14.08697987  1.38202977  0.86948812  0.93837762
 -0.38960499 -0.60507858]"
1749055014.5043864,"[ 0.00000000e+00 -2.04925985e-01  4.77167927e-01 -3.12166795e+00
 -2.32753648e+00  7.03074528e-05  9.60111251e-01  1.57107689e+00]","[0.00000000e+00 4.76992158e-01 7.01857952e-03 3.00078300e-01
 3.97043280e-02 6.34923676e-05 8.46564929e-05 0.00000000e+00]","[ 0.          1.93603575 14.21614838  1.38042939  0.79967779  0.933869
 -0.4182913  -0.60651934]"
1749055014.5055013,"[ 0.00000000e+00 -2.04455138e-01  4.77178480e-01 -3.12135077e+00
 -2.32749387e+00  7.03074528e-05  9.60111251e-01  1.57107689e+00]","[0.00000000e+00 4.77532347e-01 1.01428987e-02 2.98665227e-01
 4.32155977e-02 6.34917418e-05 8.47196178e-05 0.00000000e+00]","[ 0.          1.80152321 14.28549385  1.39505529  0.79223788  0.92580312
 -0.4103806  -0.60169405]"
1749055014.5072775,"[ 0.00000000e+00 -2.03480954e-01  4.77196389e-01 -3.12076114e+00
 -2.32739800e+00  7.03074528e-05  9.60111251e-01  1.57107689e+00]","[0.00000000e+00 4.74831369e-01 7.27228515e-03 2.98457700e-01
 4.78072536e-02 6.34917418e-05 8.46556558e-05 0.00000000e+00]","[ 0.          1.74671459 14.42235184  1.34753716  0.77646637  0.92140341
 -0.40196911 -0.60116667]"
1749055014.5089562,"[ 0.00000000e+00 -2.02544054e-01  4.77201915e-01 -3.12014595e+00
 -2.32729919e+00  7.03074528e-05  9.60111251e-01  1.57107689e+00]","[0.00000000e+00 4.74772680e-01 1.34911905e-03 3.00922156e-01
 5.07268771e-02 6.34917418e-05 8.47204549e-05 0.00000000e+00]","[ 0.          1.63868737 14.73152828  1.34693086  0.80638611  0.88968289
 -0.38168433 -0.61654025]"
1749055014.5100942,"[ 0.00000000e+00 -2.02041249e-01  4.77201915e-01 -3.11984927e+00
 -2.32724193e+00  7.03074528e-05  9.60111251e-01  1.57107689e+00]","[0.00000000e+00 4.73005473e-01 0.00000000e+00 3.00888600e-01
 5.39152177e-02 6.34923676e-05 8.47204549e-05 0.00000000e+00]","[ 0.          1.66786134 14.89290428  1.31152952  0.91626221  0.90282375
 -0.40103054 -0.6200195 ]"
1749055014.511861,"[ 0.00000000e+00 -2.01110208e-01  4.77199618e-01 -3.11925646e+00
 -2.32712555e+00  7.03074528e-05  9.60111251e-01  1.57107689e+00]","[ 0.00000000e+00  4.71050013e-01 -7.89995073e-04  3.00348378e-01
  6.05018351e-02  6.34917418e-05  8.46556558e-05  0.00000000e+00]","[ 0.          1.56744325 15.32254696  1.22432649  0.89044863  0.8740592
 -0.44605997 -0.627621  ]"
1749055014.5130045,"[ 0.00000000e+00 -2.00647350e-01  4.77200517e-01 -3.11893954e+00
 -2.32706270e+00  7.03074528e-05  9.60111251e-01  1.57107689e+00]","[ 0.00000000e+00  4.69429413e-01 -3.31238950e-04  2.98133727e-01
  6.37430062e-02  6.34917418e-05  9.53105108e-05  0.00000000e+00]","[ 0.          1.50819564 15.55091667  1.237638    0.8813588   0.85720932
 -0.45152655 -0.62249786]"
1749055014.5152533,"[ 0.00000000e+00 -1.99688080e-01  4.77206043e-01 -3.11835737e+00
 -2.32692635e+00  7.03074528e-05  9.60110253e-01  1.57107689e+00]","[0.00000000e+00 4.67334837e-01 8.38460769e-04 2.94136156e-01
 6.75243704e-02 6.34917418e-05 7.40744343e-05 0.00000000e+00]","[ 0.          1.44360125 15.85681438  1.18125165  0.75347179  0.8777656
 -0.45367527 -0.62571508]"
1749055014.5163848,"[ 0.00000000e+00 -1.99227353e-01  4.77209239e-01 -3.11806789e+00
 -2.32685791e+00  7.03074528e-05  9.60110253e-01  1.57107689e+00]","[0.00000000e+00 4.67268624e-01 1.22867876e-03 2.93595967e-01
 6.94150525e-02 6.35390794e-05 7.40744343e-05 0.00000000e+00]","[ 0.          1.43679929 16.00731659  1.08876395  0.63745695  0.90734661
 -0.48249158 -0.61619389]"
1749055014.5181804,"[ 0.00000000e+00 -1.98276072e-01  4.77220258e-01 -3.11746654e+00
 -2.32670504e+00  7.03074528e-05  9.60109321e-01  1.57107689e+00]","[0.00000000e+00 4.63921663e-01 2.28526451e-03 2.93148323e-01
 7.59828405e-02 5.29103091e-05 6.61872009e-05 0.00000000e+00]","[ 0.          1.36772704 16.29586601  0.97248143  0.47670245  0.91743541
 -0.54527843 -0.59400874]"
1749055014.5192573,"[ 0.00000000e+00 -1.97820138e-01  4.77228081e-01 -3.11717892e+00
 -2.32662781e+00  7.03074528e-05  9.60109321e-01  1.57107689e+00]","[0.00000000e+00 4.62406890e-01 4.08308108e-03 2.91705289e-01
 7.83282698e-02 5.29097849e-05 6.61372301e-05 0.00000000e+00]","[ 0.          1.31701577 16.40510941  0.97289604  0.39547557  0.96958458
 -0.56827253 -0.60433763]"
1749055014.520983,"[ 0.00000000e+00 -1.96914131e-01  4.77249653e-01 -3.11660448e+00
 -2.32646616e+00  7.03074528e-05  9.60109321e-01  1.57107689e+00]","[0.00000000e+00 4.59631877e-01 1.05330102e-02 2.91165066e-01
 8.33755593e-02 5.29497591e-05 7.41303991e-05 0.00000000e+00]","[ 0.          1.2678076  16.67570114  0.89835989  0.23460275  0.97464919
 -0.60655874 -0.58446759]"
1749055014.5227387,"[ 0.00000000e+00 -1.96426773e-01  4.77262502e-01 -3.11629875e+00
 -2.32637987e+00  7.03074528e-05  9.60109321e-01  1.57107689e+00]","[0.00000000e+00 4.58474567e-01 1.29515433e-02 2.87882188e-01
 8.75115816e-02 5.29497591e-05 7.41289280e-05 0.00000000e+00]","[ 0.          1.23158801 16.82658768  0.79321539  0.20682137  0.95493925
 -0.61179829 -0.58830351]"
1749055014.524414,"[ 0.00000000e+00 -1.95525559e-01  4.77294660e-01 -3.11573496e+00
 -2.32618972e+00  7.03074528e-05  9.60109321e-01  1.57107689e+00]","[0.00000000e+00 4.55384334e-01 1.68014870e-02 2.84952844e-01
 9.45341127e-02 5.29103091e-05 6.61372301e-05 0.00000000e+00]","[ 0.          1.21460342 17.0853405   0.75951892  0.10925342  0.92780203
 -0.62371814 -0.60520917]"
1749055014.5261517,"[ 0.00000000e+00 -1.94599311e-01  4.77335972e-01 -3.11514746e+00
 -2.32599131e+00  7.03074528e-05  9.60108389e-01  1.57107689e+00]","[0.00000000e+00 4.50881695e-01 2.24180906e-02 2.86628338e-01
 1.03177236e-01 5.29497591e-05 5.82447383e-05 0.00000000e+00]","[ 0.          1.2120285  17.35868454  0.76971316  0.11347228  0.90734118
 -0.63624191 -0.62982029]"
1749055014.52796,"[ 0.00000000e+00 -1.93710348e-01  4.77393830e-01 -3.11458181e+00
 -2.32576814e+00  7.03074528e-05  9.60108389e-01  1.57107689e+00]","[0.00000000e+00 4.49982378e-01 3.03429839e-02 2.86303333e-01
 1.10897590e-01 5.29097849e-05 5.82013384e-05 0.00000000e+00]","[ 0.          1.20872295 17.53444672  0.71954811  0.11500871  0.9315421
 -0.62665576 -0.61510944]"
1749055014.5297205,"[ 0.00000000e+00 -1.93267198e-01  4.77428750e-01 -3.11429951e+00
 -2.32565496e+00  7.03074528e-05  9.60108389e-01  1.57107689e+00]","[0.00000000e+00 4.49442190e-01 3.53469179e-02 2.86303333e-01
 1.14791431e-01 4.76192757e-05 5.82007654e-05 0.00000000e+00]","[ 0.          1.22057056 17.62218475  0.74136657  0.15263966  0.96131647
 -0.62680596 -0.62665689]"
1749055014.531377,"[ 0.00000000e+00 -1.92357995e-01  4.77516901e-01 -3.11372187e+00
 -2.32540462e+00  7.13727172e-05  9.60108389e-01  1.57107689e+00]","[0.00000000e+00 4.42419667e-01 4.80773522e-02 2.80346940e-01
 1.24130388e-01 5.82013384e-05 5.82007654e-05 0.00000000e+00]","[ 0.          1.2012223  17.66082001  0.72628492  0.20064019  0.9759807
 -0.62773341 -0.59969968]"
1749055014.5325072,"[ 0.00000000e+00 -1.91489272e-01  4.77636743e-01 -3.11317619e+00
 -2.32514283e+00  7.13727172e-05  9.60108389e-01  1.57107689e+00]","[0.00000000e+00 4.39718689e-01 6.23925172e-02 2.75769515e-01
 1.35451552e-01 5.82447383e-05 5.82007654e-05 0.00000000e+00]","[ 0.          1.17137325 17.55211639  0.77639204  0.29800591  0.97581267
 -0.61528766 -0.57994521]"
1749055014.5342832,"[ 0.00000000e+00 -1.91024817e-01  4.77703355e-01 -3.11290535e+00
 -2.32500568e+00  7.13727172e-05  9.60108389e-01  1.57107689e+00]","[0.00000000e+00 4.37340186e-01 6.74559521e-02 2.74689137e-01
 1.39100199e-01 5.82447383e-05 5.82447383e-05 0.00000000e+00]","[ 0.          1.11401689 17.51334763  0.76300794  0.29268873  0.96497262
 -0.61798549 -0.60220665]"
1749055014.5359564,"[ 0.00000000e+00 -1.90168344e-01  4.77855322e-01 -3.11233969e+00
 -2.32470607e+00  7.13727172e-05  9.60108389e-01  1.57107689e+00]","[0.00000000e+00 4.32696166e-01 7.69859201e-02 2.77120004e-01
 1.48283511e-01 5.82007654e-05 5.82013384e-05 0.00000000e+00]","[ 0.          1.21063232 17.29177856  0.79416722  0.33215246  0.90864688
 -0.57728696 -0.60999805]"
1749055014.5377502,"[ 0.00000000e+00 -1.89741706e-01  4.77937081e-01 -3.11206645e+00
 -2.32455694e+00  7.13727172e-05  9.60108389e-01  1.57107689e+00]","[0.00000000e+00 4.32696166e-01 8.29199257e-02 2.77120004e-01
 1.51254584e-01 4.76552554e-05 5.82007654e-05 0.00000000e+00]","[ 0.          1.26897252 17.17386246  0.82813793  0.36475271  0.87970573
 -0.56638151 -0.58995831]"
1749055014.5394273,"[ 0.00000000e+00 -1.88855938e-01  4.78117544e-01 -3.11149893e+00
 -2.32423283e+00  7.13727172e-05  9.60108389e-01  1.57107689e+00]","[0.00000000e+00 4.32696166e-01 9.45341127e-02 2.77600688e-01
 1.61518290e-01 4.76188043e-05 4.76192757e-05 0.00000000e+00]","[ 0.          1.23637581 16.99052048  0.87086046  0.4889667   0.82394075
 -0.54114079 -0.61371309]"
1749055014.5411863,"[ 0.00000000e+00 -1.87971236e-01  4.78327833e-01 -3.11095458e+00
 -2.32389993e+00  7.13727172e-05  9.60108389e-01  1.57107689e+00]","[0.00000000e+00 4.31417050e-01 1.06148308e-01 2.75769515e-01
 1.71241807e-01 4.76547840e-05 4.76192757e-05 0.00000000e+00]","[ 0.          1.21846414 16.72372246  0.87500614  0.67511803  0.82580739
 -0.49877614 -0.62945533]"
1749055014.5428014,"[ 0.00000000e+00 -1.87549391e-01  4.78438488e-01 -3.11066270e+00
 -2.32372576e+00  7.13727172e-05  9.60109321e-01  1.57107689e+00]","[0.00000000e+00 4.27834399e-01 1.12246706e-01 2.74842236e-01
 1.76643747e-01 4.76552554e-05 6.61872009e-05 0.00000000e+00]","[ 0.          1.11531544 16.6249752   0.85516727  0.77391112  0.82566565
 -0.48429933 -0.6135422 ]"
1749055014.5445871,"[ 0.00000000e+00 -1.86706767e-01  4.78681401e-01 -3.11011942e+00
 -2.32335026e+00  7.13727172e-05  9.60109321e-01  1.57107689e+00]","[0.00000000e+00 4.26213832e-01 1.21121166e-01 2.77120004e-01
 1.86097153e-01 4.76188043e-05 6.61372301e-05 0.00000000e+00]","[ 0.          1.12869394 16.34345627  0.85185039  0.89706582  0.86540329
 -0.45679191 -0.59942102]"
1749055014.5457208,"[ 0.00000000e+00 -1.85770400e-01  4.78935334e-01 -3.10957160e+00
 -2.32296437e+00  7.13727172e-05  9.60109321e-01  1.57107689e+00]","[0.00000000e+00 4.25673610e-01 1.31267377e-01 2.77120004e-01
 1.99263938e-01 3.70648338e-05 5.83328791e-05 0.00000000e+00]","[ 0.          1.14898801 16.05929565  0.89034837  0.9513427   0.89631861
 -0.44248924 -0.6089648 ]"
1749055014.5474682,"[ 0.00000000e+00 -1.85351751e-01  4.79070822e-01 -3.10927759e+00
 -2.32274625e+00  7.13727172e-05  9.60109321e-01  1.57107689e+00]","[0.00000000e+00 4.24593232e-01 1.37340324e-01 2.76848378e-01
 2.05186159e-01 3.70368514e-05 5.82013384e-05 0.00000000e+00]","[ 0.          1.1885711  15.91620541  0.91274238  0.94131947  0.89209741
 -0.42879897 -0.61162078]"
1749055014.549207,"[ 0.00000000e+00 -1.84485691e-01  4.79368830e-01 -3.10873351e+00
 -2.32232387e+00  7.13727172e-05  9.60109321e-01  1.57107689e+00]","[0.00000000e+00 4.22294092e-01 1.47743322e-01 2.75229326e-01
 2.16618177e-01 3.70648338e-05 6.62372408e-05 0.00000000e+00]","[ 0.          1.11329174 15.55936146  0.87973464  0.86662084  0.86805922
 -0.40330172 -0.60016418]"
1749055014.5509694,"[ 0.00000000e+00 -1.84071836e-01  4.79519432e-01 -3.10844429e+00
 -2.32210496e+00  7.13727172e-05  9.60109321e-01  1.57107689e+00]","[0.00000000e+00 4.19306192e-01 1.52875167e-01 2.72334553e-01
 2.22020133e-01 3.70648338e-05 6.62873661e-05 0.00000000e+00]","[ 0.          1.07770789 15.43745422  0.90297246  0.7922039   0.85446167
 -0.41096681 -0.61795771]"
1749055014.5520108,"[ 0.00000000e+00 -1.83243060e-01  4.79832586e-01 -3.10790899e+00
 -2.32163145e+00  7.13727172e-05  9.60109321e-01  1.57107689e+00]","[0.00000000e+00 4.19191276e-01 1.60978101e-01 2.71988159e-01
 2.34174518e-01 3.70368514e-05 6.62372408e-05 0.00000000e+00]","[ 0.          1.03760731 15.23555946  0.89570677  0.6264782   0.82458228
 -0.42272922 -0.61366147]"
1749055014.5537019,"[ 0.00000000e+00 -1.82392446e-01  4.80176999e-01 -3.10736837e+00
 -2.32115927e+00  7.13727172e-05  9.60109321e-01  1.57107689e+00]","[0.00000000e+00 4.13789320e-01 1.70798474e-01 2.74689137e-01
 2.40926946e-01 3.70644640e-05 5.82887721e-05 0.00000000e+00]","[ 0.          1.03238213 15.01665783  0.85371816  0.46610832  0.80467933
 -0.43614534 -0.61307317]"
1749055014.555368,"[ 0.00000000e+00 -1.81986580e-01  4.80350105e-01 -3.10707596e+00
 -2.32089935e+00  7.13727172e-05  9.60109321e-01  1.57107689e+00]","[0.00000000e+00 4.11211480e-01 1.75563352e-01 2.75343776e-01
 2.44750014e-01 3.70372172e-05 5.82887721e-05 0.00000000e+00]","[ 0.          0.9620167  14.93621731  0.84594041  0.3842856   0.81917781
 -0.44394532 -0.62428194]"
1749055014.5571957,"[ 0.00000000e+00 -1.81176979e-01  4.80719752e-01 -3.10653134e+00
 -2.32040453e+00  7.13727172e-05  9.60109321e-01  1.57107689e+00]","[0.00000000e+00 4.10548153e-01 1.83126081e-01 2.75759945e-01
 2.52811236e-01 3.70648338e-05 5.82887721e-05 0.00000000e+00]","[ 0.          0.95795351 14.747859    0.75039274  0.24658452  0.85072809
 -0.45977724 -0.63211137]"
1749055014.5589538,"[ 0.00000000e+00 -1.80742352e-01  4.80902045e-01 -3.10625890e+00
 -2.32015153e+00  7.13727172e-05  9.60109321e-01  1.57107689e+00]","[0.00000000e+00 4.09254123e-01 1.84746681e-01 2.76309721e-01
 2.56592608e-01 3.70648338e-05 5.82887721e-05 0.00000000e+00]","[ 0.          0.91823906 14.68718338  0.78139055  0.19828172  0.85295469
 -0.45977724 -0.62173933]"
1749055014.5606318,"[ 0.00000000e+00 -1.79936479e-01  4.81282278e-01 -3.10570150e+00
 -2.31961517e+00  7.13727172e-05  9.60109321e-01  1.57107689e+00]","[0.00000000e+00 4.07847175e-01 1.95010370e-01 2.71447970e-01
 2.63885242e-01 3.70372172e-05 5.82881910e-05 0.00000000e+00]","[ 0.          0.80851609 14.51687813  0.69248366  0.06442976  0.85029161
 -0.45412534 -0.62449372]"
1749055014.5623152,"[ 0.00000000e+00 -1.79110899e-01  4.81695534e-01 -3.10516940e+00
 -2.31908281e+00  7.13727172e-05  9.60109321e-01  1.57107689e+00]","[0.00000000e+00 4.01229520e-01 2.03653493e-01 2.69017087e-01
 2.71177859e-01 2.64748795e-05 5.82893532e-05 0.00000000e+00]","[ 0.          0.63567019 14.18045807  0.64381516 -0.09333228  0.79566914
 -0.44913411 -0.631464  ]"
1749055014.5640054,"[ 0.00000000e+00 -1.78324734e-01  4.82108357e-01 -3.10461786e+00
 -2.31851955e+00  7.13727172e-05  9.60109321e-01  1.57107689e+00]","[0.00000000e+00 3.97583486e-01 2.10405938e-01 2.69287181e-01
 2.75769515e-01 2.64548924e-05 5.82887721e-05 0.00000000e+00]","[ 0.          0.52344906 13.93567944  0.53765303 -0.24124141  0.80707246
 -0.43131468 -0.61334717]"
1749055014.5656502,"[ 0.00000000e+00 -1.77933782e-01  4.82549643e-01 -3.10408975e+00
 -2.31796614e+00  7.13727172e-05  9.60109321e-01  1.57107689e+00]","[0.00000000e+00 3.96503108e-01 2.17208168e-01 2.67396504e-01
 2.82792055e-01 2.64748795e-05 5.82893532e-05 0.00000000e+00]","[ 0.          0.42412034 13.62004185  0.51354802 -0.28743228  0.81359375
 -0.42126086 -0.58529955]"
1749055014.5673323,"[ 0.00000000e+00 -1.77515666e-01  4.82765891e-01 -3.10380826e+00
 -2.31766308e+00  7.13727172e-05  9.60109321e-01  1.57107689e+00]","[0.00000000e+00 3.93706489e-01 2.19319155e-01 2.65062259e-01
 2.85374522e-01 2.64548924e-05 5.82887721e-05 0.00000000e+00]","[ 0.          0.36435279 13.51246643  0.41035914 -0.31365767  0.84307927
 -0.41532609 -0.58896387]"
1749055014.5684545,"[ 0.00000000e+00 -1.76748143e-01  4.83219594e-01 -3.10329134e+00
 -2.31708650e+00  7.13727172e-05  9.60109321e-01  1.57107689e+00]","[0.00000000e+00 3.87713012e-01 2.21428545e-01 2.60919629e-01
 2.94676344e-01 2.64748795e-05 5.82887721e-05 0.00000000e+00]","[ 0.          0.254567   13.31062031  0.29633203 -0.2382759   0.88417751
 -0.41983634 -0.60603714]"
1749055014.5702431,"[ 0.00000000e+00 -1.76368908e-01  4.83440004e-01 -3.10303594e+00
 -2.31679249e+00  7.13727172e-05  9.60109321e-01  1.57107689e+00]","[0.00000000e+00 3.84229098e-01 2.23640717e-01 2.59023475e-01
 2.98187623e-01 2.64748795e-05 5.82887721e-05 0.00000000e+00]","[ 0.          0.18322447 13.25759125  0.30403277 -0.20703131  0.86484468
 -0.42828447 -0.59967005]"
1749055014.5718753,"[ 0.00000000e+00 -1.75584874e-01  4.83909286e-01 -3.10251156e+00
 -2.31617437e+00  7.13727172e-05  9.60109321e-01  1.57107689e+00]","[0.00000000e+00 3.81917840e-01 2.30957752e-01 2.55242119e-01
 3.03012139e-01 2.64548924e-05 5.82887721e-05 0.00000000e+00]","[ 0.00000000e+00 -8.20606365e-04  1.31995573e+01  1.72180131e-01
 -1.41369656e-01  8.82919848e-01 -4.17159945e-01 -6.16827190e-01]"
1749055014.5730517,"[ 0.00000000e+00 -1.75210966e-01  4.84139350e-01 -3.10225803e+00
 -2.31587423e+00  7.13727172e-05  9.60109321e-01  1.57107689e+00]","[0.00000000e+00 3.79216862e-01 2.33364218e-01 2.57132797e-01
 3.04399845e-01 2.64751417e-05 4.76912879e-05 0.00000000e+00]","[ 0.00000000e+00  7.46109895e-03  1.30737257e+01  8.12732577e-02
 -1.19551241e-01  8.74390781e-01 -3.98375928e-01 -6.10276043e-01]"
1749055014.5747402,"[ 0.00000000e+00 -1.74838656e-01  4.84372144e-01 -3.10200556e+00
 -2.31557196e+00  7.13727172e-05  9.60109321e-01  1.57107689e+00]","[0.00000000e+00 3.77213699e-01 2.36065196e-01 2.56052403e-01
 3.06560634e-01 2.64751417e-05 4.76908124e-05 0.00000000e+00]","[ 0.         -0.14713907 13.00235367  0.08680409 -0.05980957  0.83113933
 -0.39439961 -0.61970943]"
1749055014.5758913,"[ 0.00000000e+00 -1.74078590e-01  4.84845121e-01 -3.10148625e+00
 -2.31493414e+00  7.13727172e-05  9.60109321e-01  1.57107689e+00]","[0.00000000e+00 3.69118987e-01 2.41197040e-01 2.52271047e-01
 3.13962125e-01 1.58729355e-05 2.91443860e-05 0.00000000e+00]","[ 0.         -0.32843867 12.85809517 -0.10527602 -0.0412594   0.84049457
 -0.36941093 -0.61125672]"
1749055014.5776432,"[ 0.00000000e+00 -1.73719063e-01  4.85102249e-01 -3.10123777e+00
 -2.31462095e+00  7.13727172e-05  9.60109321e-01  1.57107689e+00]","[0.00000000e+00 3.64631594e-01 2.42242331e-01 2.52000952e-01
 3.17634624e-01 1.58849283e-05 2.91443860e-05 0.00000000e+00]","[ 0.         -0.30246249 12.72171021 -0.21600929 -0.0250152   0.85840982
 -0.36288992 -0.61423641]"
1749055014.5793784,"[ 0.00000000e+00 -1.72979770e-01  4.85579821e-01 -3.10073231e+00
 -2.31398685e+00  7.13727172e-05  9.60109321e-01  1.57107689e+00]","[0.00000000e+00 3.59601981e-01 2.41737246e-01 2.44248474e-01
 3.22766469e-01 1.58849283e-05 1.06058726e-05 0.00000000e+00]","[ 0.         -0.53812188 12.59702492 -0.33173451 -0.09140287  0.89302349
 -0.35740834 -0.60240716]"
1749055014.5805502,"[ 0.00000000e+00 -1.72629298e-01  4.85817674e-01 -3.10049528e+00
 -2.31364064e+00  7.13727172e-05  9.60109321e-01  1.57107689e+00]","[0.00000000e+00 3.55088123e-01 2.41197040e-01 2.40143194e-01
 3.25999014e-01 1.58730919e-05 1.05978530e-05 0.00000000e+00]","[ 0.         -0.7174679  12.5373888  -0.34794483 -0.06933208  0.90218645
 -0.36909166 -0.59135282]"
1749055014.5828044,"[ 0.00000000e+00 -1.71937941e-01  4.86315918e-01 -3.10003243e+00
 -2.31299349e+00  7.13727172e-05  9.60109321e-01  1.57107689e+00]","[ 0.00000000e+00  3.47345348e-01  2.44168113e-01  2.33127779e-01
  3.28438536e-01  1.58849283e-05 -1.05979587e-05  0.00000000e+00]","[ 0.         -0.79983419 12.46799755 -0.40793586 -0.07186525  0.9160136
 -0.38512132 -0.61842257]"
1749055014.5845115,"[ 0.00000000e+00 -1.71233801e-01  4.86802644e-01 -3.09955892e+00
 -2.31230986e+00  7.13727172e-05  9.60109321e-01  1.57107689e+00]","[ 0.00000000e+00  3.42549728e-01  2.47930843e-01  2.29582862e-01
  3.35390984e-01  1.58729355e-05 -1.85464284e-05  0.00000000e+00]","[ 0.         -0.8940807  12.57364464 -0.47666675 -0.09994269  0.95043379
 -0.39871177 -0.6226424 ]"
1749055014.58631,"[ 0.00000000e+00 -1.70568544e-01  4.87314637e-01 -3.09911124e+00
 -2.31164140e+00  7.13727172e-05  9.60109321e-01  1.57107689e+00]","[ 0.00000000e+00  3.36001248e-01  2.50920558e-01  2.26341678e-01
  3.40322826e-01  1.58850858e-05 -1.85464284e-05  0.00000000e+00]","[ 0.         -0.92354721 12.61225891 -0.49033442 -0.06625231  0.95651406
 -0.38251293 -0.61812156]"
1749055014.5880437,"[ 0.00000000e+00 -1.69891035e-01  4.87828927e-01 -3.09865344e+00
 -2.31093726e+00  7.13727172e-05  9.60109321e-01  1.57107689e+00]","[ 0.00000000e+00  3.29008219e-01  2.51269998e-01  2.22682395e-01
  3.44806624e-01  1.58729355e-05 -1.85464284e-05  0.00000000e+00]","[ 0.         -0.94965756 12.67812824 -0.50799006 -0.05921201  0.96328908
 -0.39186555 -0.61000872]"
1749055014.5897598,"[ 0.00000000e+00 -1.69254540e-01  4.88329435e-01 -3.09822627e+00
 -2.31025416e+00  7.13727172e-05  9.60109321e-01  1.57107689e+00]","[ 0.00000000e+00  3.20875791e-01  2.54161725e-01  2.14457388e-01
  3.47533068e-01  1.58849283e-05 -2.91443860e-05  0.00000000e+00]","[ 0.         -0.94364667 12.77781487 -0.55260748 -0.0871973   0.95801198
 -0.42216063 -0.61282843]"
1749055014.5914981,"[ 0.00000000e+00 -1.68943483e-01  4.88581536e-01 -3.09801881e+00
 -2.30990875e+00  7.13727172e-05  9.60109321e-01  1.57107689e+00]","[ 0.00000000e+00  3.15473868e-01  2.55523149e-01  2.10405938e-01
  3.50316438e-01  1.05819570e-05 -2.91440955e-05  0.00000000e+00]","[ 0.         -0.92915565 12.81369305 -0.56865394 -0.06046995  0.97179019
 -0.42690566 -0.58978164]"
1749055014.6008136,"[ 0.00000000e+00 -1.68308052e-01  4.89115134e-01 -3.09759697e+00
 -2.30918464e+00  7.13727172e-05  9.60109321e-01  1.57107689e+00]","[ 0.00000000e+00  3.08445220e-01  2.62554577e-01  2.04376292e-01
  3.54367905e-01  1.05900569e-05 -2.91443860e-05  0.00000000e+00]","[ 0.         -0.89299899 12.94052029 -0.56195861 -0.12998901  0.9863224
 -0.47514501 -0.59119046]"
1749055014.6024985,"[ 0.00000000e+00 -1.65666729e-01  4.91570402e-01 -3.09583955e+00
 -2.30590416e+00  7.13727172e-05  9.60108389e-01  1.57107689e+00]","[ 0.00000000e+00  2.79356078e-01  2.78997816e-01  1.83396192e-01
  3.70468111e-01  1.06059783e-05 -2.91443860e-05  0.00000000e+00]","[ 0.         -0.57843494 13.35572529 -0.40803388 -0.45925513  1.01736343
 -0.5254584  -0.59904408]"
1749055014.6041226,"[ 0.00000000e+00 -1.65122912e-01  4.92130165e-01 -3.09549094e+00
 -2.30516939e+00  7.13727172e-05  9.60108389e-01  1.57107689e+00]","[ 0.00000000e+00  2.74419043e-01  2.84394312e-01  1.75293258e-01
  3.73004606e-01  1.06059783e-05 -2.91443860e-05  0.00000000e+00]","[ 0.         -0.47651398 13.29480648 -0.28502518 -0.45194837  0.98929709
 -0.52212536 -0.60254526]"
1749055014.6058424,"[ 0.00000000e+00 -1.64832627e-01  4.92435530e-01 -3.09531011e+00
 -2.30477125e+00  7.13727172e-05  9.60108389e-01  1.57107689e+00]","[ 0.00000000e+00  2.73337616e-01  2.87631418e-01  1.70111612e-01
  3.74898846e-01  1.06058726e-05 -2.91443860e-05  0.00000000e+00]","[ 0.         -0.40871477 13.36414146 -0.20642155 -0.40311909  0.98000026
 -0.51121163 -0.59953535]"
1749055014.6075554,"[ 0.00000000e+00 -1.64301060e-01  4.93009974e-01 -3.09498494e+00
 -2.30402370e+00  7.13727172e-05  9.60108389e-01  1.57107689e+00]","[ 0.00000000e+00  2.67396504e-01  2.92785667e-01  1.63138873e-01
  3.80027162e-01  1.06059783e-05 -2.91443860e-05  0.00000000e+00]","[ 0.         -0.25665942 13.30782032 -0.08140839 -0.35836872  0.95192611
 -0.49319452 -0.6018877 ]"
1749055014.6092443,"[ 0.00000000e+00 -1.63778548e-01  4.93615177e-01 -3.09466536e+00
 -2.30323593e+00  7.13727172e-05  9.60108389e-01  1.57107689e+00]","[ 0.00000000e+00  2.64155337e-01  2.96659101e-01  1.62058479e-01
  3.85319063e-01  1.05979587e-05 -2.91443860e-05  0.00000000e+00]","[ 0.         -0.03389135 13.29491997  0.05044716 -0.27173215  0.93035603
 -0.47116289 -0.59757584]"
1749055014.6103933,"[ 0.00000000e+00 -1.63498916e-01  4.93910455e-01 -3.09448986e+00
 -2.30285457e+00  7.13727172e-05  9.60108389e-01  1.57107689e+00]","[ 0.00000000e+00  2.63306887e-01  2.99234611e-01  1.65256419e-01
  3.86779574e-01  1.06059783e-05 -2.91443860e-05  0.00000000e+00]","[ 0.          0.06520372 13.21972275  0.13127303 -0.21942818  0.94097579
 -0.48189887 -0.5810411 ]"
1749055014.6121597,"[ 0.00000000e+00 -1.62983328e-01  4.94504173e-01 -3.09416175e+00
 -2.30209237e+00  7.13727172e-05  9.60108389e-01  1.57107689e+00]","[ 0.00000000e+00  2.61729097e-01  3.01698867e-01  1.66650135e-01
  3.87589874e-01  1.05979587e-05 -2.91443860e-05  0.00000000e+00]","[ 0.          0.24942505 13.16071224  0.31647971 -0.08816937  0.89112252
 -0.46495956 -0.60282212]"
1749055014.6139014,"[ 0.00000000e+00 -1.62723936e-01  4.94803579e-01 -3.09399717e+00
 -2.30168012e+00  7.13727172e-05  9.60108389e-01  1.57107689e+00]","[ 0.00000000e+00  2.63074942e-01  3.03589578e-01  1.66920246e-01
  3.88189584e-01  1.05979587e-05 -2.91443860e-05  0.00000000e+00]","[ 0.00000000e+00  3.17774296e-01  1.32513523e+01  3.92413676e-01
  8.09760485e-03  8.81712556e-01 -4.53684181e-01 -5.99672735e-01]"
1749055014.615067,"[ 0.00000000e+00 -1.62186510e-01  4.95428057e-01 -3.09365416e+00
 -2.30090647e+00  7.13727172e-05  9.60108389e-01  1.57107689e+00]","[ 0.00000000e+00  2.62534753e-01  3.05249627e-01  1.68270735e-01
  3.93532019e-01  1.06059783e-05 -1.85464284e-05  0.00000000e+00]","[ 0.          0.45914105 13.1907568   0.48552838  0.12966046  0.86907071
 -0.45051831 -0.59492362]"
1749055014.6168563,"[ 0.00000000e+00 -1.61669857e-01  4.96030065e-01 -3.09330981e+00
 -2.30009687e+00  7.13727172e-05  9.60108389e-01  1.57107689e+00]","[ 0.00000000e+00  2.60649801e-01  3.05480256e-01  1.69017935e-01
  3.95963385e-01  1.05980643e-05 -1.85464284e-05  0.00000000e+00]","[ 0.          0.64279652 13.0876112   0.60501653  0.12547062  0.86026764
 -0.4352209  -0.58926404]"
1749055014.61798,"[ 0.00000000e+00 -1.61393954e-01  4.96353805e-01 -3.09314496e+00
 -2.29970565e+00  7.13727172e-05  9.60108389e-01  1.57107689e+00]","[ 0.00000000e+00  2.59796125e-01  3.04934442e-01  1.67190340e-01
  3.96773186e-01  1.06059783e-05 -1.05979587e-05  0.00000000e+00]","[ 0.          0.72529042 12.99008656  0.63386577  0.08406751  0.87823683
 -0.43743235 -0.58218455]"
1749055014.6198401,"[ 0.00000000e+00 -1.60885823e-01  4.96957178e-01 -3.09282032e+00
 -2.29891522e+00  7.13727172e-05  9.60108389e-01  1.57107689e+00]","[ 0.00000000e+00  2.56592608e-01  3.06830745e-01  1.63138873e-01
  4.02445253e-01  1.05979587e-05 -1.05819570e-05  0.00000000e+00]","[ 0.          0.85367817 12.92027378  0.71780133  0.01311276  0.85366184
 -0.46322006 -0.59586775]"
1749055014.6209254,"[ 0.00000000e+00 -1.60633887e-01  4.97262543e-01 -3.09264855e+00
 -2.29848592e+00  7.13727172e-05  9.60108389e-01  1.57107689e+00]","[ 0.00000000e+00  2.55512214e-01  3.09487914e-01  1.61745657e-01
  4.03858492e-01  1.05979587e-05 -1.05819570e-05  0.00000000e+00]","[ 0.          0.87696999 12.99284554  0.75376403 -0.0218391   0.85031682
 -0.47132957 -0.60483801]"
1749055014.622701,"[ 0.00000000e+00 -1.60108179e-01  4.97901735e-01 -3.09233030e+00
 -2.29768830e+00  7.13727172e-05  9.60108389e-01  1.57107689e+00]","[ 0.00000000e+00  2.56044280e-01  3.12959045e-01  1.61788384e-01
  4.05686420e-01  1.06059783e-05 -1.05820616e-05  0.00000000e+00]","[ 0.          1.00348365 12.9960804   0.81687981 -0.09205508  0.86727399
 -0.46765131 -0.60732645]"
1749055014.627991,"[ 0.00000000e+00 -1.59855712e-01  4.98212126e-01 -3.09217024e+00
 -2.29728989e+00  7.13727172e-05  9.60108389e-01  1.57107689e+00]","[ 0.00000000e+00  2.56052403e-01  3.14933646e-01  1.62328590e-01
  4.04065819e-01  1.05979587e-05 -1.05820616e-05  0.00000000e+00]","[ 0.          1.05860651 12.9872551   0.80947256 -0.09859391  0.88017476
 -0.47030437 -0.60912442]"
1749055014.6291413,"[ 0.00000000e+00 -1.58582721e-01  4.99799104e-01 -3.09133294e+00
 -2.29523340e+00  7.13727172e-05  9.60108389e-01  1.57107689e+00]","[0.00000000e+00 2.52271047e-01 3.19849708e-01 1.64754880e-01
 4.13789320e-01 1.05978530e-05 0.00000000e+00 0.00000000e+00]","[ 0.          1.13871276 13.01068592  0.8639974  -0.30494952  0.89734238
 -0.50945348 -0.6101442 ]"
1749055014.631367,"[ 0.00000000e+00 -1.58067133e-01  5.00435533e-01 -3.09100990e+00
 -2.29438359e+00  7.13727172e-05  9.60108389e-01  1.57107689e+00]","[0.         0.25200884 0.32330669 0.16405287 0.41627565 0.
 0.         0.        ]","[ 0.          1.18108928 12.90051651  0.83198124 -0.34065336  0.91277623
 -0.51221555 -0.60148531]"
1749055014.6324553,"[ 0.00000000e+00 -1.57817861e-01  5.00779014e-01 -3.09084905e+00
 -2.29397266e+00  7.13727172e-05  9.60108389e-01  1.57107689e+00]","[0.         0.25255509 0.32349131 0.16313887 0.41676041 0.
 0.         0.        ]","[ 0.          1.20721233 12.87787437  0.82958728 -0.30888632  0.9197526
 -0.5205248  -0.60068464]"
1749055014.6341407,"[ 0.00000000e+00 -1.57320915e-01  5.01415909e-01 -3.09052015e+00
 -2.29311432e+00  7.13727172e-05  9.60108389e-01  1.57107689e+00]","[0.         0.25173084 0.32297909 0.15873644 0.41953562 0.
 0.         0.        ]","[ 0.          1.18287277 12.84821415  0.8038727  -0.30460832  0.92369211
 -0.53292525 -0.59387064]"
1749055014.6358325,"[ 0.00000000e+00 -1.57072176e-01  5.01735488e-01 -3.09036462e+00
 -2.29269914e+00  7.13727172e-05  9.60108389e-01  1.57107689e+00]","[0.         0.25227105 0.32411696 0.15773693 0.42108195 0.
 0.         0.        ]","[ 0.          1.1418469  12.82226658  0.77302819 -0.35217807  0.93419796
 -0.52756315 -0.59653324]"
1749055014.636935,"[ 0.00000000e+00 -1.56559251e-01  5.02404075e-01 -3.09005836e+00
 -2.29186770e+00  7.13727172e-05  9.60108389e-01  1.57107689e+00]","[0.         0.24902988 0.32735812 0.15487886 0.42189225 0.
 0.         0.        ]","[ 0.          1.11519301 12.79725647  0.73231804 -0.38481551  0.91560978
 -0.5019514  -0.59404725]"
1749055014.6386502,"[ 0.00000000e+00 -1.56316371e-01  5.02728714e-01 -3.08989404e+00
 -2.29145065e+00  7.13727172e-05  9.60108389e-01  1.57107689e+00]","[0.         0.2463289  0.32924884 0.15472413 0.42297263 0.
 0.         0.        ]","[ 0.          1.15461802 12.72354507  0.73682743 -0.34405711  0.89704031
 -0.50826454 -0.59606999]"
1749055014.640331,"[ 0.00000000e+00 -1.55815164e-01  5.03402361e-01 -3.08956700e+00
 -2.29057820e+00  7.13727172e-05  9.60108389e-01  1.57107689e+00]","[0.         0.24374695 0.32870861 0.15421996 0.4270241  0.
 0.         0.        ]","[ 0.          1.11752963 12.64652061  0.71974486 -0.3639026   0.91756898
 -0.51361281 -0.5973109 ]"
1749055014.641442,"[ 0.00000000e+00 -1.55576545e-01  5.03725169e-01 -3.08940269e+00
 -2.29015529e+00  7.13727172e-05  9.60107390e-01  1.57107689e+00]","[ 0.00000000e+00  2.42007340e-01  3.27026461e-01  1.54724133e-01
  4.28480216e-01  0.00000000e+00 -1.05819570e-05  0.00000000e+00]","[ 0.          1.07512188 12.61635303  0.70342892 -0.39093661  0.92833298
 -0.52358812 -0.59668368]"
1749055014.6431274,"[ 0.00000000e+00 -1.55085458e-01  5.04369421e-01 -3.08909269e+00
 -2.28927751e+00  7.13727172e-05  9.60108389e-01  1.57107689e+00]","[ 0.00000000e+00  2.39509129e-01  3.26007669e-01  1.57736934e-01
  4.28312536e-01  0.00000000e+00 -1.05820616e-05  0.00000000e+00]","[ 0.          1.09445262 12.54868698  0.67857867 -0.39611438  0.93036526
 -0.50999558 -0.60927403]"
1749055014.6448343,"[ 0.00000000e+00 -1.54613546e-01  5.05089873e-01 -3.08876512e+00
 -2.28842689e+00  7.13727172e-05  9.60108389e-01  1.57107689e+00]","[ 0.00000000e+00  2.38766174e-01  3.27629667e-01  1.60340840e-01
  4.31448275e-01  0.00000000e+00 -1.05819570e-05  0.00000000e+00]","[ 0.          1.08474576 12.55224323  0.65041387 -0.32119164  0.93840706
 -0.48488894 -0.60608792]"
1749055014.646512,"[ 0.00000000e+00 -1.54379720e-01  5.05412215e-01 -3.08860826e+00
 -2.28799866e+00  7.13727172e-05  9.60107390e-01  1.57107689e+00]","[ 0.00000000e+00  2.37145590e-01  3.26817936e-01  1.59087406e-01
  4.34316733e-01  0.00000000e+00 -1.85184257e-05  0.00000000e+00]","[ 0.          1.0881784  12.52891159  0.58761281 -0.20028564  0.92336136
 -0.48304445 -0.6086027 ]"
1749055014.6475976,"[ 0.00000000e+00 -1.53896623e-01  5.06079437e-01 -3.08829454e+00
 -2.28710597e+00  7.13727172e-05  9.60107390e-01  1.57107689e+00]","[ 0.00000000e+00  2.34999532e-01  3.25137681e-01  1.58007029e-01
  4.36207411e-01  0.00000000e+00 -1.85184257e-05  0.00000000e+00]","[ 0.          1.0179038  12.52242851  0.51017994 -0.0522455   0.92091489
 -0.49496394 -0.60747433]"
1749055014.6494308,"[ 0.00000000e+00 -1.53667058e-01  5.06399948e-01 -3.08812756e+00
 -2.28667320e+00  7.13727172e-05  9.60108389e-01  1.57107689e+00]","[ 0.00000000e+00  2.33060401e-01  3.25197369e-01  1.57231832e-01
  4.38908389e-01  0.00000000e+00 -1.05820616e-05  0.00000000e+00]","[ 0.00000000e+00  9.71920550e-01  1.25592012e+01  5.08881807e-01
  7.01490371e-03  9.35202360e-01 -4.71093297e-01 -5.98557234e-01]"
1749055014.6512496,"[ 0.00000000e+00 -1.53212190e-01  5.07066704e-01 -3.08782024e+00
 -2.28576826e+00  7.13727172e-05  9.60108389e-01  1.57107689e+00]","[ 0.00000000e+00  2.29042656e-01  3.25999014e-01  1.55035956e-01
  4.43229967e-01  0.00000000e+00 -1.05819570e-05  0.00000000e+00]","[ 0.          0.9522903  12.56150627  0.42986599  0.11952411  0.9279018
 -0.43608585 -0.60231793]"
1749055014.6529875,"[ 0.00000000e+00 -1.52971973e-01  5.07390411e-01 -3.08766923e+00
 -2.28532831e+00  7.13727172e-05  9.60108389e-01  1.57107689e+00]","[ 0.00000000e+00  2.26193157e-01  3.28438536e-01  1.52990099e-01
  4.45748951e-01  0.00000000e+00 -1.05740785e-05  0.00000000e+00]","[ 0.          0.94766712 12.59992695  0.39933336  0.14601083  0.93791872
 -0.43303925 -0.60243541]"
1749055014.6541493,"[ 0.00000000e+00 -1.52528823e-01  5.08037426e-01 -3.08736563e+00
 -2.28444680e+00  7.13727172e-05  9.60107390e-01  1.57107689e+00]","[ 0.00000000e+00  2.23640717e-01  3.27898347e-01  1.47953396e-01
  4.47011323e-01  0.00000000e+00 -1.85184257e-05  0.00000000e+00]","[ 0.          0.9114157  12.64298344  0.366644    0.09101244  0.94435579
 -0.47485608 -0.61801273]"
1749055014.656496,"[ 0.00000000e+00 -1.52093130e-01  5.08710573e-01 -3.08708414e+00
 -2.28352694e+00  7.13727172e-05  9.60107390e-01  1.57107689e+00]","[ 0.00000000e+00  2.19319155e-01  3.28438536e-01  1.42071272e-01
  4.50792679e-01  0.00000000e+00 -1.85184257e-05  0.00000000e+00]","[ 0.          0.86270922 12.61729145  0.34531322  0.10048321  0.94183034
 -0.49621412 -0.60827607]"
1749055014.6582932,"[ 0.00000000e+00 -1.51649980e-01  5.09357122e-01 -3.08694645e+00
 -2.28263372e+00  7.13727172e-05  9.60107390e-01  1.57107689e+00]","[ 0.00000000e+00  2.15537783e-01  3.27358125e-01  1.39498908e-01
  4.53763768e-01  0.00000000e+00 -1.85184257e-05  0.00000000e+00]","[ 0.          0.82234961 12.63041687  0.35880843  0.18096417  0.94644225
 -0.47982493 -0.61982453]"
1749055014.6599987,"[ 0.00000000e+00 -1.51439590e-01  5.09680863e-01 -3.08679811e+00
 -2.28208191e+00  7.13727172e-05  9.60107390e-01  1.57107689e+00]","[ 0.00000000e+00  2.13377011e-01  3.28105741e-01  1.39678039e-01
  4.54910924e-01  0.00000000e+00 -1.85044548e-05  0.00000000e+00]","[ 0.          0.81701142 12.56105423  0.32033017  0.23137848  0.95620793
 -0.4670274  -0.62020618]"
1749055014.6617384,"[ 0.00000000e+00 -1.51012419e-01  5.10353111e-01 -3.08652115e+00
 -2.28118230e+00  7.13727172e-05  9.60107390e-01  1.57107689e+00]","[ 0.00000000e+00  2.06633204e-01  3.28375585e-01  1.41260972e-01
  4.57815235e-01  0.00000000e+00 -1.85186086e-05  0.00000000e+00]","[ 0.          0.82113433 12.62940788  0.29900488  0.3940019   0.98374277
 -0.43422493 -0.61553049]"
1749055014.6634455,"[ 0.00000000e+00 -1.50608151e-01  5.10679581e-01 -3.08623565e+00
 -2.28030905e+00  7.13727172e-05  9.60107390e-01  1.57107689e+00]","[ 0.00000000e+00  2.04193699e-01  3.31139514e-01  1.39100199e-01
  4.61056401e-01  0.00000000e+00 -1.85184257e-05  0.00000000e+00]","[ 0.          0.83761698 12.74615383  0.29502442  0.54866862  0.96994579
 -0.45176393 -0.59824187]"
1749055014.665163,"[ 0.00000000e+00 -1.50194296e-01  5.11357822e-01 -3.08596694e+00
 -2.27932634e+00  7.13727172e-05  9.60107390e-01  1.57107689e+00]","[ 0.00000000e+00  2.02119379e-01  3.31679703e-01  1.35048741e-01
  4.63217157e-01  0.00000000e+00 -1.85184257e-05  0.00000000e+00]","[ 0.          0.78221428 12.8377142   0.30273041  0.64158821  0.97374511
 -0.47894835 -0.58744848]"
1749055014.6669276,"[ 0.00000000e+00 -1.49798018e-01  5.12014924e-01 -3.08569104e+00
 -2.27837399e+00  7.13727172e-05  9.60107390e-01  1.57107689e+00]","[ 0.00000000e+00  2.00412326e-01  3.33232392e-01  1.33968346e-01
  4.65648057e-01  0.00000000e+00 -1.85044548e-05  0.00000000e+00]","[ 0.          0.74491239 12.93681145  0.28561285  0.67657167  0.98203051
 -0.45126206 -0.59403992]"
1749055014.668092,"[ 0.00000000e+00 -1.49599878e-01  5.12341860e-01 -3.08555735e+00
 -2.27791140e+00  7.13727172e-05  9.60107390e-01  1.57107689e+00]","[ 0.00000000e+00  2.00748917e-01  3.31679703e-01  1.35588930e-01
  4.69159302e-01  0.00000000e+00 -1.85186086e-05  0.00000000e+00]","[ 0.          0.75427127 12.92678738  0.28964567  0.63887489  0.99790686
 -0.44601944 -0.5934962 ]"
1749055014.6698766,"[ 0.00000000e+00 -1.49189219e-01  5.13026059e-01 -3.08528171e+00
 -2.27694760e+00  7.13727172e-05  9.60107390e-01  1.57107689e+00]","[ 0.00000000e+00  2.00412326e-01  3.34380681e-01  1.33698252e-01
  4.71695464e-01  0.00000000e+00 -1.85184257e-05  0.00000000e+00]","[ 0.          0.72489953 12.92834473  0.31326535  0.54407334  0.99640876
 -0.46602789 -0.60307187]"
1749055014.6716437,"[ 0.00000000e+00 -1.48992145e-01  5.13356225e-01 -3.08515148e+00
 -2.27648102e+00  7.13727172e-05  9.60107390e-01  1.57107689e+00]","[ 0.00000000e+00  1.99872137e-01  3.34920870e-01  1.31943844e-01
  4.73210769e-01  0.00000000e+00 -1.85184257e-05  0.00000000e+00]","[ 0.          0.72236043 12.97450447  0.3186563   0.55181938  0.99814051
 -0.48252034 -0.60449237]"
1749055014.672889,"[ 0.00000000e+00 -1.48593204e-01  5.14043620e-01 -3.08489715e+00
 -2.27554758e+00  7.13727172e-05  9.60107390e-01  1.57107689e+00]","[ 0.00000000e+00  1.93091713e-01  3.35528204e-01  1.28026201e-01
  4.73270957e-01  0.00000000e+00 -1.85184257e-05  0.00000000e+00]","[ 0.          0.69711185 12.98213387  0.29883239  0.3767018   0.98943722
 -0.48055166 -0.6150977 ]"
1749055014.6745446,"[ 0.00000000e+00 -1.48406250e-01  5.14373319e-01 -3.08476293e+00
 -2.27507913e+00  7.13727172e-05  9.60107390e-01  1.57107689e+00]","[ 0.00000000e+00  1.89416317e-01  3.34720167e-01  1.26387300e-01
  4.75101447e-01  0.00000000e+00 -1.85184257e-05  0.00000000e+00]","[ 0.          0.72328293 12.93127537  0.29977942  0.19324446  1.00741541
 -0.49056962 -0.61687285]"
1749055014.6757438,"[ 0.00000000e+00 -1.48035005e-01  5.15031786e-01 -3.08451579e+00
 -2.27410441e+00  7.24379817e-05  9.60107390e-01  1.57107689e+00]","[ 0.00000000e+00  1.87447642e-01  3.34920870e-01  1.25055129e-01
  4.76451936e-01  1.05820616e-05 -1.85186086e-05  0.00000000e+00]","[ 0.          0.72241336 13.04495621  0.34149453  0.05492597  0.99795669
 -0.50690371 -0.61814982]"
1749055014.6775107,"[ 0.00000000e+00 -1.47839529e-01  5.15389948e-01 -3.08439142e+00
 -2.27363383e+00  7.24379817e-05  9.60107390e-01  1.57107689e+00]","[ 0.00000000e+00  1.84064046e-01  3.37283593e-01  1.26135523e-01
  4.76778673e-01  1.05819570e-05 -1.85184257e-05  0.00000000e+00]","[ 0.          0.69560045 13.14275455  0.35316554  0.05746248  0.99819475
 -0.51721501 -0.60145384]"
1749055014.6792452,"[ 0.00000000e+00 -1.47480535e-01  5.16062229e-01 -3.08412803e+00
 -2.27315979e+00  7.24379817e-05  9.60107390e-01  1.57107689e+00]","[ 0.00000000e+00  1.82045703e-01  3.42406416e-01  1.29916888e-01
  4.80773514e-01  1.05819570e-05 -1.85186086e-05  0.00000000e+00]","[ 0.          0.7398352  13.26043987  0.36817366 -0.06062046  1.02045739
 -0.51788467 -0.60512459]"
1749055014.6809273,"[ 0.00000000e+00 -1.47300505e-01  5.16766602e-01 -3.08386704e+00
 -2.27216670e+00  7.24379817e-05  9.60107390e-01  1.57107689e+00]","[ 0.00000000e+00  1.82400902e-01  3.44054314e-01  1.33158055e-01
  4.86175470e-01  1.05820616e-05 -1.85186086e-05  0.00000000e+00]","[ 0.          0.73306024 13.32583332  0.40523413 -0.13987751  0.98886812
 -0.52132618 -0.60175198]"
1749055014.6820164,"[ 0.00000000e+00 -1.46924999e-01  5.17106888e-01 -3.08372563e+00
 -2.27168573e+00  7.24379817e-05  9.60107390e-01  1.57107689e+00]","[ 0.00000000e+00  1.83060983e-01  3.45184559e-01  1.33032786e-01
  4.87796037e-01  1.05820616e-05 -1.85186086e-05  0.00000000e+00]","[ 0.          0.74092716 13.27892303  0.41495752 -0.22207431  1.00520802
 -0.52526265 -0.595213  ]"
1749055014.6837502,"[ 0.00000000e+00 -1.46564407e-01  5.17791520e-01 -3.08346117e+00
 -2.27068305e+00  7.24379817e-05  9.60106458e-01  1.57107689e+00]","[ 0.00000000e+00  1.82400902e-01  3.48425760e-01  1.34238449e-01
  4.91004647e-01  1.05819570e-05 -2.91003827e-05  0.00000000e+00]","[ 0.          0.75282222 13.30223274  0.43608165 -0.39675644  1.02296174
 -0.52599967 -0.58082157]"
1749055014.685478,"[ 0.00000000e+00 -1.46383845e-01  5.18163930e-01 -3.08332695e+00
 -2.27019756e+00  7.24379817e-05  9.60106458e-01  1.57107689e+00]","[ 0.00000000e+00  1.83312002e-01  3.50574298e-01  1.36129127e-01
  4.91888816e-01  1.05819570e-05 -2.91003827e-05  0.00000000e+00]","[ 0.          0.7321257  13.29705334  0.39695382 -0.48552772  1.01870906
 -0.54048312 -0.5783326 ]"
1749055014.6866095,"[ 0.00000000e+00 -1.46011535e-01  5.18859614e-01 -3.08304732e+00
 -2.26921911e+00  7.24379817e-05  9.60106458e-01  1.57107689e+00]","[ 0.00000000e+00  1.81505497e-01  3.53017416e-01  1.36418038e-01
  4.95936155e-01  1.05900569e-05 -2.91006692e-05  0.00000000e+00]","[ 0.          0.72038341 13.22466946  0.36572573 -0.65299708  1.02851689
 -0.54036742 -0.59085858]"
1749055014.6882772,"[ 0.00000000e+00 -1.45832571e-01  5.19206757e-01 -3.08291336e+00
 -2.26869047e+00  7.24379817e-05  9.60106458e-01  1.57107689e+00]","[ 0.00000000e+00  1.81321606e-01  3.52207115e-01  1.35859032e-01
  4.97775401e-01  1.05820616e-05 -2.91223691e-05  0.00000000e+00]","[ 0.          0.69468337 13.20367336  0.37772667 -0.72171527  1.03279245
 -0.53697896 -0.59352833]"
1749055014.6899953,"[ 0.00000000e+00 -1.45461326e-01  5.19929972e-01 -3.08265157e+00
 -2.26770271e+00  7.24379817e-05  9.60106458e-01  1.57107689e+00]","[ 0.00000000e+00  1.80553284e-01  3.53017416e-01  1.30864548e-01
  5.02651416e-01  1.05819570e-05 -2.91003827e-05  0.00000000e+00]","[ 0.          0.71214104 13.08050251  0.36622664 -0.86815804  1.04617441
 -0.55120724 -0.60288626]"
1749055014.6916773,"[ 0.00000000e+00 -1.45283427e-01  5.20280344e-01 -3.08251469e+00
 -2.26720603e+00  7.24379817e-05  9.60106458e-01  1.57107689e+00]","[ 0.00000000e+00  1.80425119e-01  3.55448282e-01  1.28894991e-01
  5.03221399e-01  1.05899522e-05 -2.91003827e-05  0.00000000e+00]","[ 0.          0.74706912 13.05543423  0.35522437 -0.90219009  1.04812074
 -0.56139874 -0.60594934]"
1749055014.69335,"[ 0.00000000e+00 -1.44910584e-01  5.21013212e-01 -3.08226994e+00
 -2.26617139e+00  7.24379817e-05  9.60106458e-01  1.57107689e+00]","[ 0.00000000e+00  1.83389833e-01  3.58685887e-01  1.22624254e-01
  5.05549201e-01  1.05819570e-05 -2.91006692e-05  0.00000000e+00]","[ 0.          0.72014505 12.95455742  0.37287259 -0.97319871  1.03770769
 -0.56860036 -0.60556632]"
1749055014.6945426,"[ 0.00000000e+00 -1.44728424e-01  5.21366314e-01 -3.08215010e+00
 -2.26567231e+00  7.24379817e-05  9.60106458e-01  1.57107689e+00]","[ 0.00000000e+00  1.84746681e-01  3.57786371e-01  1.21543868e-01
  5.06162660e-01  1.05819570e-05 -2.91006692e-05  0.00000000e+00]","[ 0.          0.71493769 12.90326977  0.3778241  -0.98576164  1.04032958
 -0.56475002 -0.60125828]"
1749055014.6963499,"[ 0.00000000e+00 -1.44359843e-01  5.22071186e-01 -3.08190722e+00
 -2.26466750e+00  7.24379817e-05  9.60106458e-01  1.57107689e+00]","[ 0.00000000e+00  1.86367264e-01  3.57068849e-01  1.17610404e-01
  5.09944050e-01  1.05819570e-05 -2.91223691e-05  0.00000000e+00]","[ 0.          0.71480048 12.82047749  0.4073939  -0.99682868  1.03504372
 -0.53159779 -0.59427941]"
1749055014.6975048,"[ 0.00000000e+00 -1.44173954e-01  5.22421991e-01 -3.08179190e+00
 -2.26412395e+00  7.24379817e-05  9.60106458e-01  1.57107689e+00]","[ 0.00000000e+00  1.88528036e-01  3.55718360e-01  1.16952203e-01
  5.11336949e-01  1.05819570e-05 -2.91223691e-05  0.00000000e+00]","[ 0.          0.73520261 12.71215534  0.40714997 -0.98906261  1.02526617
 -0.51934397 -0.59374505]"
1749055014.6992722,"[ 0.00000000e+00 -1.43786730e-01  5.23151198e-01 -3.08156287e+00
 -2.26311142e+00  7.24379817e-05  9.60106458e-01  1.57107689e+00]","[ 0.00000000e+00  1.89416317e-01  3.55897624e-01  1.15871817e-01
  5.13725405e-01  1.05819570e-05 -2.91006692e-05  0.00000000e+00]","[ 0.          0.7288276  12.49030304  0.41876185 -0.96347606  1.02337337
 -0.52244157 -0.58099812]"
1749055014.7010012,"[ 0.00000000e+00 -1.43413888e-01  5.23850544e-01 -3.08132132e+00
 -2.26209436e+00  7.24379817e-05  9.60106458e-01  1.57107689e+00]","[ 0.00000000e+00  1.88528036e-01  3.53827682e-01  1.19112984e-01
  5.16426383e-01  1.05819570e-05 -1.85186086e-05  0.00000000e+00]","[ 0.          0.7294994  12.25529957  0.41264331 -0.89857882  1.0399549
 -0.5109672  -0.57522666]"
1749055014.7028172,"[ 0.00000000e+00 -1.43215749e-01  5.24227082e-01 -3.08120281e+00
 -2.26154548e+00  7.24379817e-05  9.60106458e-01  1.57107689e+00]","[ 0.00000000e+00  1.86571728e-01  3.54586617e-01  1.20193379e-01
  5.16833781e-01  1.05819570e-05 -1.85184257e-05  0.00000000e+00]","[ 0.          0.67416054 12.19906044  0.41971338 -0.91112632  1.04742455
 -0.50544208 -0.58095366]"
1749055014.7039747,"[ 0.00000000e+00 -1.42848232e-01  5.24921368e-01 -3.08095035e+00
 -2.26052442e+00  7.24379817e-05  9.60106458e-01  1.57107689e+00]","[ 0.00000000e+00  1.86367264e-01  3.51666927e-01  1.24381158e-01
  5.18317061e-01  1.05819570e-05 -1.85324169e-05  0.00000000e+00]","[ 0.          0.67075092 11.99730396  0.42136914 -0.93474275  1.04405773
 -0.46044353 -0.5871622 ]"
1749055014.7057688,"[ 0.00000000e+00 -1.42664474e-01  5.25266680e-01 -3.08082731e+00
 -2.25997235e+00  7.24379817e-05  9.60106458e-01  1.57107689e+00]","[ 0.00000000e+00  1.86178429e-01  3.49961471e-01  1.24785034e-01
  5.19353996e-01  1.05820616e-05 -1.85186086e-05  0.00000000e+00]","[ 0.          0.68248785 11.79660225  0.407765   -0.84934396  1.02905738
 -0.42615411 -0.58322895]"
1749055014.707519,"[ 0.00000000e+00 -1.42284708e-01  5.25979808e-01 -3.08058017e+00
 -2.25894277e+00  7.24379817e-05  9.60106458e-01  1.57107689e+00]","[ 0.00000000e+00  1.85568665e-01  3.47345348e-01  1.25865421e-01
  5.22638606e-01  1.05820616e-05 -1.85186086e-05  0.00000000e+00]","[ 0.          0.64000201 11.58805752  0.39260033 -0.85979456  1.02394056
 -0.43326554 -0.58671445]"
1749055014.7086022,"[ 0.00000000e+00 -1.41917724e-01  5.26660312e-01 -3.08032477e+00
 -2.25791053e+00  7.24379817e-05  9.60106458e-01  1.57107689e+00]","[ 0.00000000e+00  1.85827058e-01  3.44104182e-01  1.24514940e-01
  5.22109070e-01  1.05819570e-05 -1.85184257e-05  0.00000000e+00]","[ 0.          0.63078183 11.4579134   0.38283139 -0.96626455  0.99957466
 -0.43961731 -0.58695948]"
1749055014.7103682,"[ 0.00000000e+00 -1.41720117e-01  5.26997369e-01 -3.08020093e+00
 -2.25735499e+00  7.24379817e-05  9.60106458e-01  1.57107689e+00]","[ 0.00000000e+00  1.85895152e-01  3.41943393e-01  1.25468077e-01
  5.23596046e-01  1.05819570e-05 -1.85184257e-05  0.00000000e+00]","[ 0.          0.59939003 11.46659946  0.395302   -1.00471663  0.99980676
 -0.43435103 -0.58759952]"
1749055014.712072,"[ 0.00000000e+00 -1.41351003e-01  5.27688892e-01 -3.07994873e+00
 -2.25632036e+00  7.24379817e-05  9.60106458e-01  1.57107689e+00]","[ 0.00000000e+00  1.87257725e-01  3.35930641e-01  1.22876547e-01
  5.25346974e-01  1.05819570e-05 -1.85325998e-05  0.00000000e+00]","[ 0.          0.59069633 11.41256142  0.38197601 -1.00810266  0.98152071
 -0.42456156 -0.59020716]"
1749055014.7138772,"[ 0.00000000e+00 -1.41166180e-01  5.28018591e-01 -3.07982862e+00
 -2.25580157e+00  7.24379817e-05  9.60106458e-01  1.57107689e+00]","[ 0.00000000e+00  1.87447642e-01  3.34380681e-01  1.21813962e-01
  5.26149884e-01  1.05820616e-05 -1.85184257e-05  0.00000000e+00]","[ 0.          0.60950261 11.35514832  0.37132573 -0.98318344  0.98478281
 -0.40734106 -0.58815295]"
1749055014.7150939,"[ 0.00000000e+00 -1.40786946e-01  5.28697298e-01 -3.07959373e+00
 -2.25472699e+00  7.24379817e-05  9.60106458e-01  1.57107689e+00]","[ 0.00000000e+00  1.84565586e-01  3.31515918e-01  1.17913005e-01
  5.25339584e-01  1.05820616e-05 -1.85184257e-05  0.00000000e+00]","[ 0.          0.57083029 11.28244209  0.3602176  -1.03078187  0.99375963
 -0.41367984 -0.58975601]"
1749055014.716831,"[ 0.00000000e+00 -1.40421560e-01  5.29348407e-01 -3.07935591e+00
 -2.25368889e+00  7.24379817e-05  9.60106458e-01  1.57107689e+00]","[ 0.00000000e+00  1.86907453e-01  3.29248836e-01  1.15061525e-01
  5.26156442e-01  1.05819570e-05 -1.85186086e-05  0.00000000e+00]","[ 0.          0.54310703 11.27117443  0.37297052 -1.17674577  0.99094796
 -0.44946626 -0.58435369]"
1749055014.7179995,"[ 0.00000000e+00 -1.40237802e-01  5.29696016e-01 -3.07924486e+00
 -2.25313095e+00  7.24379817e-05  9.60106458e-01  1.57107689e+00]","[ 0.00000000e+00  1.86367264e-01  3.26945002e-01  1.12630650e-01
  5.25359924e-01  1.05819570e-05 -1.85184257e-05  0.00000000e+00]","[ 0.          0.52724266 11.29203224  0.35679343 -1.24722004  0.97833884
 -0.47411752 -0.57990378]"
1749055014.7197487,"[ 0.00000000e+00 -1.40040195e-01  5.30333377e-01 -3.07901263e+00
 -2.25209818e+00  7.24379817e-05  9.60106458e-01  1.57107689e+00]","[ 0.00000000e+00  1.85895152e-01  3.21415980e-01  1.14099650e-01
  5.23448906e-01  1.05819570e-05 -1.85602774e-05  0.00000000e+00]","[ 0.          0.58637446 11.32953644  0.38415551 -1.2917161   0.97572988
 -0.50097752 -0.58083189]"
1749055014.7208545,"[ 0.00000000e+00 -1.39673744e-01  5.30647930e-01 -3.07889998e+00
 -2.25158153e+00  7.24379817e-05  9.60106458e-01  1.57107689e+00]","[ 0.00000000e+00  1.85827058e-01  3.18985113e-01  1.14135469e-01
  5.23989095e-01  1.05819570e-05 -1.85464284e-05  0.00000000e+00]","[ 0.          0.59274942 11.38182354  0.39759707 -1.29352987  0.98339772
 -0.49714488 -0.58083516]"
1749055014.722497,"[ 0.00000000e+00 -1.39488388e-01  5.30984520e-01 -3.07878466e+00
 -2.25106647e+00  7.24379817e-05  9.60106458e-01  1.57107689e+00]","[ 0.00000000e+00  1.87987848e-01  3.16971330e-01  1.16952203e-01
  5.22368528e-01  1.05819570e-05 -1.85464284e-05  0.00000000e+00]","[ 0.          0.59586751 11.49031353  0.40897372 -1.25155449  0.97505909
 -0.48240033 -0.58524883]"
1749055014.7236767,"[ 0.00000000e+00 -1.39103828e-01  5.31608099e-01 -3.07853992e+00
 -2.24999775e+00  7.24379817e-05  9.60106458e-01  1.57107689e+00]","[ 0.00000000e+00  1.87797382e-01  3.14884378e-01  1.19653181e-01
  5.20747928e-01  1.05819570e-05 -1.85604623e-05  0.00000000e+00]","[ 0.          0.59612387 11.62314606  0.39109391 -1.13480759  0.9620809
 -0.46888    -0.58715653]"
1749055014.7259943,"[ 0.00000000e+00 -1.38918472e-01  5.31917592e-01 -3.07842194e+00
 -2.24948402e+00  7.24379817e-05  9.60106458e-01  1.57107689e+00]","[ 0.00000000e+00  1.87987848e-01  3.13853268e-01  1.19653181e-01
  5.21018039e-01  1.05819570e-05 -1.85464284e-05  0.00000000e+00]","[ 0.          0.60404533 11.63384628  0.40640542 -1.11501646  0.95025557
 -0.48475295 -0.58900172]"
1749055014.7271037,"[ 0.00000000e+00 -1.38534977e-01  5.32552623e-01 -3.07817773e+00
 -2.24841823e+00  7.24379817e-05  9.60106458e-01  1.57107689e+00]","[ 0.00000000e+00  1.87073268e-01  3.08181234e-01  1.18111943e-01
  5.19592249e-01  1.05819570e-05 -1.85464284e-05  0.00000000e+00]","[ 0.          0.58045411 11.65157318  0.41931975 -1.08659732  0.9254511
 -0.50681007 -0.58908969]"
1749055014.728838,"[ 0.00000000e+00 -1.38351751e-01  5.32853860e-01 -3.07806295e+00
 -2.24790663e+00  7.24379817e-05  9.60106458e-01  1.57107689e+00]","[ 0.00000000e+00  1.85827058e-01  3.05480256e-01  1.16294061e-01
  5.18857250e-01  1.05819570e-05 -1.85604623e-05  0.00000000e+00]","[ 0.          0.57867599 11.67700386  0.43011048 -1.07463145  0.90877777
 -0.50916177 -0.59068006]"
1749055014.7299256,"[ 0.00000000e+00 -1.37986898e-01  5.33452638e-01 -3.07783525e+00
 -2.24684882e+00  7.24379817e-05  9.60106458e-01  1.57107689e+00]","[ 0.00000000e+00  1.84934234e-01  3.02742327e-01  1.15061525e-01
  5.16583011e-01  1.05820616e-05 -1.85464284e-05  0.00000000e+00]","[ 0.          0.57702535 11.69158936  0.42397287 -1.03530073  0.88485837
 -0.47859952 -0.59611028]"
1749055014.7316456,"[ 0.00000000e+00 -1.37610327e-01  5.34071191e-01 -3.07760222e+00
 -2.24582937e+00  7.24379817e-05  9.60106458e-01  1.57107689e+00]","[ 0.00000000e+00  1.83666286e-01  3.01428789e-01  1.14350420e-01
  5.17236650e-01  1.05820616e-05 -1.85602774e-05  0.00000000e+00]","[ 0.          0.60147077 11.73354244  0.39167237 -0.94143522  0.87697798
 -0.46864226 -0.59459299]"
1749055014.7333043,"[ 0.00000000e+00 -1.37430830e-01  5.34367800e-01 -3.07749117e+00
 -2.24531910e+00  7.24379817e-05  9.60106458e-01  1.57107689e+00]","[ 0.00000000e+00  1.82045703e-01  3.00888600e-01  1.12516534e-01
  5.17506761e-01  1.05900569e-05 -1.85464284e-05  0.00000000e+00]","[ 0.          0.61259174 11.73073769  0.39839768 -0.94624525  0.87394929
 -0.47073182 -0.57667243]"
1749055014.7345076,"[ 0.00000000e+00 -1.37058520e-01  5.34977165e-01 -3.07726932e+00
 -2.24426210e+00  7.24379817e-05  9.60106458e-01  1.57107689e+00]","[ 0.00000000e+00  1.82057903e-01  2.96659101e-01  1.06827364e-01
  5.15345473e-01  1.05819570e-05 -1.85464284e-05  0.00000000e+00]","[ 0.          0.62041092 11.83996487  0.42663336 -0.96956396  0.85934788
 -0.49034572 -0.58301502]"
1749055014.73618,"[ 0.00000000e+00 -1.36876893e-01  5.35266451e-01 -3.07716573e+00
 -2.24375423e+00  7.24379817e-05  9.60106458e-01  1.57107689e+00]","[ 0.00000000e+00  1.84206475e-01  2.93028647e-01  1.05067922e-01
  5.15075894e-01  1.05819570e-05 -1.85464284e-05  0.00000000e+00]","[ 0.          0.62197751 11.90382195  0.4321937  -0.93546605  0.85845912
 -0.49248058 -0.59272915]"
1749055014.7378547,"[ 0.00000000e+00 -1.36513105e-01  5.35838597e-01 -3.07696972e+00
 -2.24269909e+00  7.24379817e-05  9.60106458e-01  1.57107689e+00]","[ 0.00000000e+00  1.83126081e-01  2.89544500e-01  9.80453824e-02
  5.15830734e-01  1.05819570e-05 -1.85464284e-05  0.00000000e+00]","[ 0.          0.64733499 12.10379219  0.4260475  -0.96857166  0.86200124
 -0.47323543 -0.60169524]"
1749055014.7390318,"[ 0.00000000e+00 -1.36317629e-01  5.36145327e-01 -3.07686665e+00
 -2.24219202e+00  7.24379817e-05  9.60106458e-01  1.57107689e+00]","[ 0.00000000e+00  1.84064046e-01  2.88885267e-01  9.69560996e-02
  5.14265594e-01  1.05820616e-05 -1.85464284e-05  0.00000000e+00]","[ 0.          0.65585208 12.16849995  0.42425478 -1.0162164   0.84107244
 -0.48644587 -0.60805291]"
1749055014.740772,"[ 0.00000000e+00 -1.35951710e-01  5.36713812e-01 -3.07667810e+00
 -2.24117762e+00  7.13727172e-05  9.60106458e-01  1.57107689e+00]","[ 0.00000000e+00  1.86907453e-01  2.87632184e-01  9.53444128e-02
  5.14805783e-01  0.00000000e+00 -1.05979587e-05  0.00000000e+00]","[ 0.          0.66724461 12.33309937  0.42769843 -1.00635076  0.83754021
 -0.47983032 -0.60049653]"
1749055014.7425015,"[ 0.00000000e+00 -1.35754637e-01  5.36996207e-01 -3.07658383e+00
 -2.24066976e+00  7.13727172e-05  9.60106458e-01  1.57107689e+00]","[ 0.00000000e+00  1.85568665e-01  2.86593983e-01  9.56145072e-02
  5.14554015e-01  0.00000000e+00 -1.05979587e-05  0.00000000e+00]","[ 0.          0.67825222 12.41661644  0.46782073 -1.00354433  0.83379942
 -0.47233567 -0.60252827]"
1749055014.7441983,"[ 0.00000000e+00 -1.35364750e-01  5.37578008e-01 -3.07638143e+00
 -2.23961967e+00  7.13727172e-05  9.60106458e-01  1.57107689e+00]","[ 0.00000000e+00  1.82400902e-01  2.83602355e-01  9.93043086e-02
  5.11834728e-01  0.00000000e+00 -1.85464284e-05  0.00000000e+00]","[ 0.          0.68013424 12.54119682  0.49228609 -1.03179979  0.85219043
 -0.48114514 -0.58516014]"
1749055014.746023,"[ 0.00000000e+00 -1.35184187e-01  5.37856741e-01 -3.07628182e+00
 -2.23911687e+00  7.13727172e-05  9.60106458e-01  1.57107689e+00]","[ 0.00000000e+00  1.83126081e-01  2.82792055e-01  1.01016455e-01
  5.09944050e-01  0.00000000e+00 -1.85466133e-05  0.00000000e+00]","[ 0.          0.68613052 12.6479969   0.49499607 -1.07737005  0.84910268
 -0.50981092 -0.59152192]"
1749055014.7471302,"[ 0.00000000e+00 -1.34811345e-01  5.38433482e-01 -3.07606717e+00
 -2.23806812e+00  7.13727172e-05  9.60106458e-01  1.57107689e+00]","[ 0.00000000e+00  1.81505497e-01  2.81171488e-01  1.06175039e-01
  5.11336949e-01  0.00000000e+00 -1.05979587e-05  0.00000000e+00]","[ 0.          0.69174784 12.83170223  0.46635693 -1.08096361  0.83775216
 -0.49634194 -0.59302646]"
1749055014.7488492,"[ 0.00000000e+00 -1.34454481e-01  5.38992779e-01 -3.07585705e+00
 -2.23706304e+00  7.13727172e-05  9.60106458e-01  1.57107689e+00]","[ 0.00000000e+00  1.80965308e-01  2.84394312e-01  1.06688505e-01
  5.09403827e-01  0.00000000e+00 -1.85464284e-05  0.00000000e+00]","[ 0.          0.67847908 12.94067383  0.43917665 -1.14816666  0.82592088
 -0.49359068 -0.58687031]"
1749055014.7505896,"[ 0.00000000e+00 -1.34262734e-01  5.39271512e-01 -3.07574999e+00
 -2.23656157e+00  7.13727172e-05  9.60106458e-01  1.57107689e+00]","[ 0.00000000e+00  1.80383441e-01  2.82792055e-01  1.08579183e-01
  5.08593561e-01  0.00000000e+00 -1.85466133e-05  0.00000000e+00]","[ 0.          0.66721535 12.90639019  0.39551935 -1.2464304   0.82277226
 -0.51034385 -0.5833593 ]"
1749055014.7529125,"[ 0.00000000e+00 -1.33908533e-01  5.39851915e-01 -3.07552735e+00
 -2.23551867e+00  7.13727172e-05  9.60106458e-01  1.57107689e+00]","[ 0.00000000e+00  1.79344725e-01  2.83602355e-01  1.08731133e-01
  5.09133750e-01  0.00000000e+00 -1.85602774e-05  0.00000000e+00]","[ 0.          0.61555499 12.91788673  0.39698911 -1.38896573  0.82501626
 -0.52414846 -0.58137834]"
1749055014.754606,"[ 0.00000000e+00 -1.33538354e-01  5.40409381e-01 -3.07531004e+00
 -2.23448403e+00  7.13727172e-05  9.60105526e-01  1.57107689e+00]","[ 0.00000000e+00  1.80553284e-01  2.82251866e-01  1.11010067e-01
  5.04071513e-01  0.00000000e+00 -1.85464284e-05  0.00000000e+00]","[ 0.          0.61330241 12.96003056  0.36857969 -1.4702599   0.80750597
 -0.55592483 -0.58606285]"
1749055014.756376,"[ 0.00000000e+00 -1.33183621e-01  5.40987020e-01 -3.07508553e+00
 -2.23349174e+00  7.13727172e-05  9.60105526e-01  1.57107689e+00]","[ 0.00000000e+00  1.78804536e-01  2.81426253e-01  1.09335047e-01
  5.02921494e-01  0.00000000e+00 -1.85606472e-05  0.00000000e+00]","[ 0.          0.60906541 12.99262333  0.32755497 -1.50498807  0.81227505
 -0.53195351 -0.58325303]"
1749055014.7575262,"[ 0.00000000e+00 -1.33008917e-01  5.41265754e-01 -3.07497767e+00
 -2.23299639e+00  7.13727172e-05  9.60105526e-01  1.57107689e+00]","[ 0.00000000e+00  1.77183952e-01  2.82792055e-01  1.09389475e-01
  5.02381305e-01  0.00000000e+00 -1.85466133e-05  0.00000000e+00]","[ 0.          0.58107102 13.09601212  0.30406377 -1.48994434  0.81865454
 -0.51524752 -0.59690249]"
1749055014.759319,"[ 0.00000000e+00 -1.32650989e-01  5.41844359e-01 -3.07476915e+00
 -2.23196948e+00  7.13727172e-05  9.60105526e-01  1.57107689e+00]","[ 0.00000000e+00  1.74482974e-01  2.82365283e-01  1.04151994e-01
  5.00220516e-01  0.00000000e+00 -1.85604623e-05  0.00000000e+00]","[ 0.          0.56571048 13.08799267  0.2662878  -1.47903478  0.81840819
 -0.52124935 -0.6066528 ]"
1749055014.7616403,"[ 0.00000000e+00 -1.32464567e-01  5.42404088e-01 -3.07456355e+00
 -2.23098357e+00  7.13727172e-05  9.60105526e-01  1.57107689e+00]","[ 0.00000000e+00  1.75537919e-01  2.83602355e-01  9.91257769e-02
  4.99410249e-01  0.00000000e+00 -1.85464284e-05  0.00000000e+00]","[ 0.          0.56302291 13.09628868  0.28041324 -1.46250641  0.79934776
 -0.56085563 -0.60489321]"
1749055014.763421,"[ 0.00000000e+00 -1.32123683e-01  5.42985423e-01 -3.07437420e+00
 -2.22996518e+00  7.13727172e-05  9.60105526e-01  1.57107689e+00]","[ 0.00000000e+00  1.72189310e-01  2.83602355e-01  9.56145072e-02
  4.96521551e-01  0.00000000e+00 -1.85462435e-05  0.00000000e+00]","[ 0.          0.53479803 13.08046913  0.29714027 -1.41977644  0.78083211
 -0.53505731 -0.59555149]"
1749055014.7652009,"[ 0.00000000e+00 -1.31785994e-01  5.43544254e-01 -3.07418272e+00
 -2.22898807e+00  7.13727172e-05  9.60105526e-01  1.57107689e+00]","[ 0.00000000e+00  1.71781996e-01  2.83062166e-01  9.32782325e-02
  4.95088671e-01  0.00000000e+00 -1.85464284e-05  0.00000000e+00]","[ 0.          0.55264831 12.97176647  0.29757598 -1.39622879  0.77107364
 -0.49208745 -0.57732993]"
1749055014.7668793,"[ 0.00000000e+00 -1.31602768e-01  5.43843194e-01 -3.07409271e+00
 -2.22846316e+00  7.13727172e-05  9.60105526e-01  1.57107689e+00]","[ 0.00000000e+00  1.72528697e-01  2.81097519e-01  9.12004509e-02
  4.93799667e-01  0.00000000e+00 -1.85464284e-05  0.00000000e+00]","[ 0.          0.54746157 12.85641479  0.29626974 -1.44590235  0.76172316
 -0.49675286 -0.57502639]"
1749055014.7686467,"[ 0.00000000e+00 -1.31260286e-01  5.44398829e-01 -3.07391188e+00
 -2.22748844e+00  7.13727172e-05  9.60105526e-01  1.57107689e+00]","[ 0.00000000e+00  1.73402580e-01  2.81426253e-01  8.80517789e-02
  4.93507752e-01  0.00000000e+00 -1.85604623e-05  0.00000000e+00]","[ 0.          0.54734087 12.78252316  0.35717556 -1.50677693  0.75540245
 -0.52506977 -0.57081825]"
1749055014.7703905,"[ 0.00000000e+00 -1.30905020e-01  5.44953965e-01 -3.07373957e+00
 -2.22651985e+00  7.13727172e-05  9.60105526e-01  1.57107689e+00]","[ 0.00000000e+00  1.73695328e-01  2.81171488e-01  8.72414871e-02
  4.89416637e-01  0.00000000e+00 -1.85466133e-05  0.00000000e+00]","[ 0.          0.53724933 12.67793179  0.35831723 -1.54016888  0.75434965
 -0.51878321 -0.56727332]"
1749055014.7720532,"[ 0.00000000e+00 -1.30563603e-01  5.45524747e-01 -3.07356327e+00
 -2.22551930e+00  7.03074528e-05  9.60105526e-01  1.57107689e+00]","[ 0.00000000e+00  1.72322185e-01  2.77660210e-01  8.59326683e-02
  4.88066148e-01 -1.05819570e-05 -1.85604623e-05  0.00000000e+00]","[ 0.          0.53773022 12.54621983  0.4074139  -1.61152244  0.7455669
 -0.50265688 -0.58945566]"
1749055014.77384,"[ 0.00000000e+00 -1.30396356e-01  5.45797522e-01 -3.07347698e+00
 -2.22503807e+00  7.03074528e-05  9.60105526e-01  1.57107689e+00]","[ 0.00000000e+00  1.69621207e-01  2.76579815e-01  8.75115816e-02
  4.87571632e-01 -1.05899522e-05 -1.85464284e-05  0.00000000e+00]","[ 0.          0.55454391 12.48234749  0.43254909 -1.58405936  0.73801434
 -0.50392741 -0.5917182 ]"
1749055014.7750142,"[ 0.00000000e+00 -1.30051743e-01  5.46353590e-01 -3.07330255e+00
 -2.22404524e+00  7.03074528e-05  9.60105526e-01  1.57107689e+00]","[ 0.00000000e+00  1.67513332e-01  2.71080704e-01  8.79625630e-02
  4.83474492e-01 -1.05979587e-05 -1.85464284e-05  0.00000000e+00]","[ 0.          0.58815819 12.36635876  0.4699387  -1.5968703   0.70626074
 -0.49458107 -0.59304601]"
1749055014.7767887,"[ 0.00000000e+00 -1.29887160e-01  5.46619906e-01 -3.07320747e+00
 -2.22356907e+00  7.03074528e-05  9.60105526e-01  1.57107689e+00]","[ 0.00000000e+00  1.66920246e-01  2.70097482e-01  8.95243405e-02
  4.82934303e-01 -2.11957060e-05 -1.85602774e-05  0.00000000e+00]","[ 0.          0.60140169 12.29473305  0.47722137 -1.58338201  0.69077629
 -0.49961242 -0.59909391]"
1749055014.7779222,"[ 0.00000000e+00 -1.29565983e-01  5.47149375e-01 -3.07302824e+00
 -2.22261912e+00  7.03074528e-05  9.60105526e-01  1.57107689e+00]","[ 0.00000000e+00  1.61894295e-01  2.67936692e-01  9.10228513e-02
  4.81853892e-01 -2.11959173e-05 -1.85464284e-05  0.00000000e+00]","[ 0.          0.63649118 12.19009399  0.52268863 -1.61327279  0.65101111
 -0.47578636 -0.58596677]"
1749055014.7797518,"[ 0.00000000e+00 -1.29235751e-01  5.47693493e-01 -3.07284981e+00
 -2.22164014e+00  7.03074528e-05  9.60105526e-01  1.57107689e+00]","[ 0.00000000e+00  1.62058479e-01  2.64812904e-01  9.02125596e-02
  4.75911747e-01 -2.11959173e-05 -1.85604623e-05  0.00000000e+00]","[ 0.          0.6667968  12.11382675  0.59584188 -1.66145861  0.64902818
 -0.48423311 -0.58574677]"
1749055014.781498,"[ 0.00000000e+00 -1.29075961e-01  5.47952485e-01 -3.07275473e+00
 -2.22117409e+00  7.03074528e-05  9.60105526e-01  1.57107689e+00]","[ 0.00000000e+00  1.62058479e-01  2.62534753e-01  8.95243405e-02
  4.72670580e-01 -2.12119566e-05 -1.85464284e-05  0.00000000e+00]","[ 0.          0.68677521 12.13039684  0.62183976 -1.65496457  0.65181166
 -0.49110729 -0.59191132]"
1749055014.7826107,"[ 0.00000000e+00 -1.28744664e-01  5.48459418e-01 -3.07257923e+00
 -2.22020789e+00  7.03074528e-05  9.60105526e-01  1.57107689e+00]","[ 0.00000000e+00  1.61844028e-01  2.55242119e-01  8.85022110e-02
  4.70943154e-01 -2.11959173e-05 -1.85464284e-05  0.00000000e+00]","[ 0.          0.70874262 12.07944775  0.64118564 -1.59509075  0.65117741
 -0.48757857 -0.59756577]"
1749055014.7844,"[ 0.00000000e+00 -1.28587537e-01  5.48725767e-01 -3.07249374e+00
 -2.21974557e+00  7.03074528e-05  9.60105526e-01  1.57107689e+00]","[ 0.00000000e+00  1.59357518e-01  2.50768458e-01  8.67012899e-02
  4.68889224e-01 -2.12119566e-05 -1.06059783e-05  0.00000000e+00]","[ 0.          0.71586418 12.05642414  0.64620012 -1.53006196  0.65725917
 -0.46323913 -0.58999711]"
1749055014.7861195,"[ 0.00000000e+00 -1.28272752e-01  5.49214324e-01 -3.07231531e+00
 -2.21882891e+00  7.03074528e-05  9.60105526e-01  1.57107689e+00]","[ 0.00000000e+00  1.59897707e-01  2.46618970e-01  8.69713844e-02
  4.63417094e-01 -2.11959173e-05 -1.05979587e-05  0.00000000e+00]","[ 0.          0.72534013 12.00589752  0.67523342 -1.48305345  0.64568025
 -0.39830089 -0.58945984]"
1749055014.7878914,"[ 0.00000000e+00 -1.28103375e-01  5.49455407e-01 -3.07222929e+00
 -2.21833755e+00  7.03074528e-05  9.60105526e-01  1.57107689e+00]","[ 0.00000000e+00  1.59488745e-01  2.44438224e-01  8.72414871e-02
  4.62232553e-01 -2.11959173e-05 -1.05979587e-05  0.00000000e+00]","[ 0.          0.74505043 11.99511051  0.69537741 -1.56250739  0.6543752
 -0.39861897 -0.58593076]"
1749055014.7890599,"[ 0.00000000e+00 -1.27792318e-01  5.49948125e-01 -3.07205299e+00
 -2.21743208e+00  7.03074528e-05  9.60105526e-01  1.57107689e+00]","[ 0.00000000e+00  1.56656540e-01  2.39306363e-01  8.52612771e-02
  4.57815235e-01 -2.12119566e-05 -1.06059783e-05  0.00000000e+00]","[ 0.          0.78050351 11.86694622  0.66551876 -1.60284925  0.62808198
 -0.46709543 -0.5915398 ]"
1749055014.7908046,"[ 0.00000000e+00 -1.27639452e-01  5.50181850e-01 -3.07196724e+00
 -2.21698387e+00  7.03074528e-05  9.60105526e-01  1.57107689e+00]","[ 0.00000000e+00  1.55035956e-01  2.37145590e-01  8.68832670e-02
  4.54113474e-01 -2.11959173e-05 -1.05820616e-05  0.00000000e+00]","[ 0.          0.80082422 11.80576706  0.64164698 -1.63181841  0.61955583
 -0.48583773 -0.5998264 ]"
1749055014.7920022,"[ 0.00000000e+00 -1.27326797e-01  5.50651599e-01 -3.07179413e+00
 -2.21606428e+00  7.03074528e-05  9.60105526e-01  1.57107689e+00]","[ 0.00000000e+00  1.52875167e-01  2.26945450e-01  8.37566660e-02
  4.47792594e-01 -2.11959173e-05 -1.05819570e-05  0.00000000e+00]","[ 0.          0.8098731  11.77925873  0.6459074  -1.6871531   0.62550473
 -0.46832377 -0.6022352 ]"
1749055014.7937117,"[ 0.00000000e+00 -1.27176595e-01  5.50872941e-01 -3.07171317e+00
 -2.21562459e+00  7.03074528e-05  9.60105526e-01  1.57107689e+00]","[ 0.00000000e+00  1.52334978e-01  2.24223583e-01  8.21096340e-02
  4.45479106e-01 -2.12119566e-05 -1.05819570e-05  0.00000000e+00]","[ 0.          0.80956239 11.77419186  0.64498597 -1.72535586  0.62370819
 -0.4274601  -0.59838235]"
1749055014.7948573,"[ 0.00000000e+00 -1.26876723e-01  5.51304106e-01 -3.07154885e+00
 -2.21475187e+00  7.03074528e-05  9.60105526e-01  1.57107689e+00]","[ 0.00000000e+00  1.52180631e-01  2.16618177e-01  8.29199257e-02
  4.41879478e-01 -2.11959173e-05 -1.05820616e-05  0.00000000e+00]","[ 0.          0.82906884 11.7885952   0.64407617 -1.78810632  0.62629718
 -0.41369724 -0.5940944 ]"
1749055014.796661,"[ 0.00000000e+00 -1.26716400e-01  5.51531407e-01 -3.07146763e+00
 -2.21428609e+00  6.97748206e-05  9.60105526e-01  1.57107689e+00]","[ 0.00000000e+00  1.50962618e-01  2.14156268e-01  8.22962633e-02
  4.38594036e-01 -2.64948971e-05 -1.05740785e-05  0.00000000e+00]","[ 0.          0.80927962 11.79590797  0.63559604 -1.76669264  0.64219028
 -0.44667068 -0.58847511]"
1749055014.797823,"[ 0.00000000e+00 -1.26415996e-01  5.51948824e-01 -3.07130145e+00
 -2.21343068e+00  6.97748206e-05  9.60105526e-01  1.57107689e+00]","[ 0.00000000e+00  1.52875167e-01  2.10946127e-01  8.12993422e-02
  4.31718087e-01 -2.64948971e-05 -1.05819570e-05  0.00000000e+00]","[ 0.          0.83474469 11.86558628  0.59569991 -1.91153741  0.63495559
 -0.49118346 -0.59517556]"
1749055014.7995546,"[ 0.00000000e+00 -1.26265794e-01  5.52155452e-01 -3.07121995e+00
 -2.21300777e+00  6.97748206e-05  9.60105526e-01  1.57107689e+00]","[ 0.00000000e+00  1.52334978e-01  2.09383284e-01  8.26498312e-02
  4.28914777e-01 -2.64948971e-05 -1.05819570e-05  0.00000000e+00]","[ 0.          0.8561309  11.9020052   0.61172861 -2.06749344  0.64545161
 -0.47166595 -0.59286606]"
1749055014.8006809,"[ 0.00000000e+00 -1.25954204e-01  5.52576532e-01 -3.07104658e+00
 -2.21213905e+00  6.97748206e-05  9.60105526e-01  1.57107689e+00]","[ 0.00000000e+00  1.51794789e-01  2.03923588e-01  8.54316029e-02
  4.22432443e-01 -2.65149452e-05 -1.05819570e-05  0.00000000e+00]","[ 0.          0.87835699 11.98442554  0.61564821 -2.24070668  0.62348115
 -0.43153918 -0.59437543]"
1749055014.8024204,"[ 0.00000000e+00 -1.25804534e-01  5.52773506e-01 -3.07095923e+00
 -2.21172493e+00  6.97748206e-05  9.60105526e-01  1.57107689e+00]","[ 0.00000000e+00  1.51640975e-01  1.99872137e-01  8.86819161e-02
  4.19576036e-01 -2.64948971e-05 -1.05820616e-05  0.00000000e+00]","[ 0.          0.85226077 12.03906155  0.5824163  -2.29900336  0.6189875
 -0.43163377 -0.58461529]"
1749055014.8041961,"[ 0.00000000e+00 -1.25494010e-01  5.53175310e-01 -3.07077467e+00
 -2.21087618e+00  6.97748206e-05  9.60105526e-01  1.57107689e+00]","[ 0.00000000e+00  1.51464158e-01  1.95352437e-01  9.53444128e-02
  4.12627117e-01 -2.64948971e-05 -1.05819570e-05  0.00000000e+00]","[ 0.          0.88086522 12.13218212  0.55594391 -2.44985533  0.64137173
 -0.49014944 -0.56246954]"
1749055014.8052843,"[ 0.00000000e+00 -1.25347003e-01  5.53366325e-01 -3.07067880e+00
 -2.21046951e+00  6.97748206e-05  9.60105526e-01  1.57107689e+00]","[ 0.00000000e+00  1.49093811e-01  1.93659898e-01  9.72350907e-02
  4.12438831e-01 -2.65149452e-05 -1.05819570e-05  0.00000000e+00]","[ 0.          0.88823438 12.19290638  0.51892537 -2.55939388  0.6246739
 -0.49014944 -0.57486147]"
1749055014.8070822,"[ 0.00000000e+00 -1.25059914e-01  5.53741964e-01 -3.07047533e+00
 -2.20962875e+00  6.97748206e-05  9.60105526e-01  1.57107689e+00]","[ 0.00000000e+00  1.44085920e-01  1.89068225e-01  1.00476258e-01
  4.09254123e-01 -2.64948971e-05 -1.05819570e-05  0.00000000e+00]","[ 0.          0.86189061 12.23024273  0.49096653 -2.71943188  0.62103635
 -0.51513135 -0.59161383]"
1749055014.8088048,"[ 0.00000000e+00 -1.24907581e-01  5.53941235e-01 -3.07037600e+00
 -2.20922555e+00  6.97748206e-05  9.60105526e-01  1.57107689e+00]","[ 0.00000000e+00  1.43439554e-01  1.87574808e-01  1.00644278e-01
  4.08927586e-01 -2.64946330e-05 -1.05819570e-05  0.00000000e+00]","[ 0.          0.84705567 12.23840141  0.46964318 -2.78537917  0.64282542
 -0.49834833 -0.58924222]"
1749055014.809947,"[ 0.00000000e+00 -1.24625286e-01  5.54309517e-01 -3.07017120e+00
 -2.20842980e+00  6.97748206e-05  9.60105526e-01  1.57107689e+00]","[ 0.00000000e+00  1.44232044e-01  1.86987897e-01  1.00206163e-01
  4.01497833e-01 -2.64948971e-05 -1.05820616e-05  0.00000000e+00]","[ 0.          0.82902974 12.19564915  0.40861824 -3.06209612  0.60841298
 -0.49709699 -0.56490427]"
1749055014.8116593,"[ 0.00000000e+00 -1.24335534e-01  5.54692946e-01 -3.06997146e+00
 -2.20761327e+00  6.97748206e-05  9.60105526e-01  1.57107689e+00]","[ 0.00000000e+00  1.41433411e-01  1.86646746e-01  1.01016455e-01
  3.97313374e-01 -2.64948971e-05 -1.05739739e-05  0.00000000e+00]","[ 0.          0.8152163  12.16940975  0.39771023 -3.29017472  0.60400313
 -0.52837145 -0.55932152]"
1749055014.8134162,"[ 0.00000000e+00 -1.24198115e-01  5.54874773e-01 -3.06986361e+00
 -2.20722338e+00  6.97748206e-05  9.60105526e-01  1.57107689e+00]","[ 0.00000000e+00  1.39229088e-01  1.84476569e-01  1.01561229e-01
  3.95422697e-01 -2.65149452e-05 -1.05739739e-05  0.00000000e+00]","[ 0.          0.82642555 12.12867546  0.38785031 -3.37831473  0.57921195
 -0.5338726  -0.56669384]"
1749055014.8152416,"[ 0.00000000e+00 -1.23912092e-01  5.55237063e-01 -3.06965987e+00
 -2.20645107e+00  6.87095561e-05  9.60105526e-01  1.57107689e+00]","[ 0.00000000e+00  1.40430332e-01  1.83126081e-01  1.03177236e-01
  3.89750663e-01 -3.70928568e-05 -1.05820616e-05  0.00000000e+00]","[ 0.          0.81480223 12.01041222  0.34275988 -3.59390545  0.55865985
 -0.52115339 -0.59876919]"
1749055014.816396,"[ 0.00000000e+00 -1.23773075e-01  5.55431773e-01 -3.06955867e+00
 -2.20604041e+00  6.87095561e-05  9.60105526e-01  1.57107689e+00]","[ 0.00000000e+00  1.40990877e-01  1.83311736e-01  1.02637038e-01
  3.86321210e-01 -3.70928568e-05 -1.05740785e-05  0.00000000e+00]","[ 0.          0.80909216 12.01039219  0.31524143 -3.6752224   0.56417859
 -0.49019021 -0.6049704 ]"
1749055014.8182123,"[ 0.00000000e+00 -1.23492378e-01  5.55790401e-01 -3.06934163e+00
 -2.20528700e+00  6.87095561e-05  9.60105526e-01  1.57107689e+00]","[ 0.00000000e+00  1.42071272e-01  1.81505497e-01  9.74006145e-02
  3.81377651e-01 -3.70928568e-05 -1.05819570e-05  0.00000000e+00]","[ 0.          0.76231235 11.90703297  0.24182989 -3.85254669  0.51504952
 -0.50713521 -0.60748076]"
1749055014.8199706,"[ 0.00000000e+00 -1.23340577e-01  5.55968100e-01 -3.06926200e+00
 -2.20491229e+00  6.87095561e-05  9.60105526e-01  1.57107689e+00]","[ 0.00000000e+00  1.42938014e-01  1.80155025e-01  9.54778371e-02
  3.80027162e-01 -3.70928568e-05 -1.05819570e-05  0.00000000e+00]","[ 0.          0.77497333 11.75613022  0.28661877 -3.88612986  0.50137961
 -0.51219285 -0.59611446]"
1749055014.821149,"[ 0.00000000e+00 -1.23058815e-01  5.56333153e-01 -3.06907291e+00
 -2.20414504e+00  6.87095561e-05  9.60105526e-01  1.57107689e+00]","[ 0.00000000e+00  1.42611461e-01  1.76913841e-01  8.76008974e-02
  3.72464417e-01 -3.71212943e-05 -1.05740785e-05  0.00000000e+00]","[ 0.          0.77014834 11.63060665  0.28424931 -3.99159932  0.47524533
 -0.54065526 -0.59040129]"
1749055014.8228922,"[ 0.00000000e+00 -1.22917667e-01  5.56506725e-01 -3.06898103e+00
 -2.20378178e+00  6.87095561e-05  9.60105526e-01  1.57107689e+00]","[ 0.00000000e+00  1.43151666e-01  1.76103558e-01  8.64337337e-02
  3.68039675e-01 -3.71209245e-05 -1.05820616e-05  0.00000000e+00]","[ 0.          0.74687982 11.57831764  0.25407901 -4.09337854  0.45361015
 -0.51541251 -0.57854056]"
1749055014.8240004,"[ 0.00000000e+00 -1.22625252e-01  5.56889687e-01 -3.06881672e+00
 -2.20304329e+00  6.87095561e-05  9.60105526e-01  1.57107689e+00]","[ 0.00000000e+00  1.42436491e-01  1.73665317e-01  8.22962633e-02
  3.57879149e-01 -3.70928568e-05 -1.05739739e-05  0.00000000e+00]","[ 0.          0.7691685  11.35459232  0.28231698 -4.23425293  0.46303859
 -0.46883616 -0.58285767]"
1749055014.8256693,"[ 0.00000000e+00 -1.22345088e-01  5.57223515e-01 -3.06865080e+00
 -2.20234687e+00  6.76442917e-05  9.60105526e-01  1.57107689e+00]","[ 0.00000000e+00  1.41927328e-01  1.67830415e-01  8.14997534e-02
  3.51396815e-01 -4.76908124e-05 -1.05819570e-05  0.00000000e+00]","[ 0.          0.76040316 11.1037674   0.24628644 -4.40260935  0.40768671
 -0.44839716 -0.59353495]"
1749055014.8273542,"[ 0.00000000e+00 -1.22196483e-01  5.57398484e-01 -3.06857011e+00
 -2.20197855e+00  6.76442917e-05  9.60105526e-01  1.57107689e+00]","[ 0.00000000e+00  1.39928809e-01  1.64754880e-01  8.18395312e-02
  3.46812783e-01 -4.76908124e-05 -1.05820616e-05  0.00000000e+00]","[ 0.          0.75499821 10.86940479  0.30315825 -4.51631308  0.40974733
 -0.47125399 -0.58750921]"
1749055014.829047,"[ 0.00000000e+00 -1.21918449e-01  5.57716699e-01 -3.06840766e+00
 -2.20130717e+00  6.76442917e-05  9.60105526e-01  1.57107689e+00]","[ 0.00000000e+00  1.40450688e-01  1.60167801e-01  8.26498312e-02
  3.38505351e-01 -4.76908124e-05 -1.05740785e-05  0.00000000e+00]","[ 0.          0.78125024 10.69062901  0.32960984 -4.68872881  0.37492609
 -0.47365007 -0.58924514]"
1749055014.8302085,"[ 0.00000000e+00 -1.21782096e-01  5.57870530e-01 -3.06831897e+00
 -2.20097987e+00  6.76442917e-05  9.60105526e-01  1.57107689e+00]","[ 0.00000000e+00  1.38289908e-01  1.56116334e-01  8.34273411e-02
  3.31613457e-01 -4.77269018e-05 -1.05819570e-05  0.00000000e+00]","[ 0.          0.77923983 10.57803631  0.32531148 -4.82494736  0.34333038
 -0.4570491  -0.59225845]"
1749055014.8318663,"[ 0.00000000e+00 -1.21501398e-01  5.58174962e-01 -3.06815039e+00
 -2.20031674e+00  6.76442917e-05  9.60105526e-01  1.57107689e+00]","[ 0.00000000e+00  1.35991200e-01  1.45704856e-01  8.56209037e-02
  3.20875791e-01 -4.76908124e-05 -1.05819570e-05  0.00000000e+00]","[ 0.          0.78511769 10.33944225  0.37851524 -4.99831915  0.35042357
 -0.43663394 -0.59942997]"
1749055014.8336296,"[ 0.00000000e+00 -1.21366642e-01  5.58314112e-01 -3.06806597e+00
 -2.20000542e+00  6.76442917e-05  9.60105526e-01  1.57107689e+00]","[ 0.00000000e+00  1.36669324e-01  1.40990877e-01  8.56209037e-02
  3.15743946e-01 -4.76908124e-05 -1.05740785e-05  0.00000000e+00]","[ 0.          0.76487374 10.19544315  0.35749018 -5.0398407   0.33014748
 -0.43322596 -0.59214509]"
1749055014.8353906,"[ 0.00000000e+00 -1.21084347e-01  5.58588718e-01 -3.06788861e+00
 -2.19939928e+00  6.65790273e-05  9.60105526e-01  1.57107689e+00]","[ 0.00000000e+00  1.38424189e-01  1.30901134e-01  8.69347992e-02
  3.04669956e-01 -5.82887721e-05 -1.05820616e-05  0.00000000e+00]","[ 0.          0.75075167  9.91106129  0.3523944  -5.1122241   0.30135548
 -0.45088896 -0.58778709]"
1749055014.8365178,"[ 0.00000000e+00 -1.20815368e-01  5.58833928e-01 -3.06771497e+00
 -2.19879581e+00  6.65790273e-05  9.60105526e-01  1.57107689e+00]","[ 0.00000000e+00  1.35048741e-01  1.21003670e-01  8.77816761e-02
  2.91165066e-01 -5.83328791e-05 -1.05739739e-05  0.00000000e+00]","[ 0.          0.71234614  9.73200226  0.28406751 -5.17190123  0.30709592
 -0.44068146 -0.60007113]"
1749055014.8382697,"[ 0.00000000e+00 -1.20683808e-01  5.58947778e-01 -3.06762149e+00
 -2.19851485e+00  6.65790273e-05  9.60105526e-01  1.57107689e+00]","[ 0.00000000e+00  1.33428149e-01  1.15484593e-01  8.80197294e-02
  2.84952844e-01 -5.82887721e-05 -1.05819570e-05  0.00000000e+00]","[ 0.          0.6996215   9.64217091  0.22735584 -5.26919794  0.29915306
 -0.41485074 -0.5899626 ]"
1749055014.8400176,"[ 0.00000000e+00 -1.20412166e-01  5.59166357e-01 -3.06744359e+00
 -2.19794999e+00  6.65790273e-05  9.60105526e-01  1.57107689e+00]","[ 0.00000000e+00  1.32782258e-01  1.03717433e-01  9.10228513e-02
  2.72334553e-01 -4.76908124e-05 -1.05819570e-05  0.00000000e+00]","[ 0.          0.6377123   9.46334267  0.19358248 -5.39432812  0.31299508
 -0.39687797 -0.588323  ]"
1749055014.8411746,"[ 0.00000000e+00 -1.20282203e-01  5.59261898e-01 -3.06744359e+00
 -2.19768873e+00  6.65790273e-05  9.60105526e-01  1.57107689e+00]","[ 0.00000000e+00  1.31807566e-01  9.69649962e-02  9.10228513e-02
  2.64965620e-01 -4.77269018e-05 -1.05820616e-05  0.00000000e+00]","[ 0.          0.59905654  9.36505318  0.19358248 -5.44020796  0.31100053
 -0.40548131 -0.59518433]"
1749055014.8428125,"[ 0.00000000e+00 -1.20024409e-01  5.59351846e-01 -3.06725770e+00
 -2.19718194e+00  6.65790273e-05  9.60105526e-01  1.57107689e+00]","[ 0.00000000e+00  1.29646785e-01  9.12929458e-02  9.07781817e-02
  2.54701914e-01 -4.76908124e-05 -1.05819570e-05  0.00000000e+00]","[ 0.          0.53416115  9.29344845  0.1252501  -5.58101654  0.29228058
 -0.40974265 -0.61093056]"
1749055014.8446023,"[ 0.00000000e+00 -1.19889653e-01  5.59444658e-01 -3.06716875e+00
 -2.19691961e+00  6.65790273e-05  9.60105526e-01  1.57107689e+00]","[ 0.00000000e+00  1.26888840e-01  8.72674280e-02  9.02125596e-02
  2.47006926e-01 -4.76908124e-05 -1.05819570e-05  0.00000000e+00]","[ 0.          0.52066576  9.2033596   0.11670171 -5.68620348  0.32403824
 -0.41447446 -0.61137801]"
1749055014.8463438,"[ 0.00000000e+00 -1.19645175e-01  5.59602117e-01 -3.06699192e+00
 -2.19641548e+00  6.65790273e-05  9.60105526e-01  1.57107689e+00]","[ 0.00000000e+00  1.22624254e-01  7.72478753e-02  8.88620706e-02
  2.33634312e-01 -4.76192757e-05 -1.05899522e-05  0.00000000e+00]","[ 0.00000000e+00  4.33331013e-01  9.17469406e+00 -2.78956327e-03
 -5.82324600e+00  3.06351990e-01 -4.20394093e-01 -5.91159046e-01]"
1749055014.8474598,"[ 0.00000000e+00 -1.19526398e-01  5.59673756e-01 -3.06690137e+00
 -2.19617526e+00  6.65790273e-05  9.60105526e-01  1.57107689e+00]","[ 0.00000000e+00  1.20463473e-01  7.26562194e-02  8.51810660e-02
  2.26193157e-01 -4.76192757e-05 -1.05819570e-05  0.00000000e+00]","[ 0.          0.39936486  9.13741112 -0.06027276 -5.84854174  0.29804325
 -0.42587182 -0.58866841]"
1749055014.8492112,"[ 0.00000000e+00 -1.19278192e-01  5.59813372e-01 -3.06674025e+00
 -2.19574836e+00  6.65790273e-05  9.60105526e-01  1.57107689e+00]","[ 0.00000000e+00  1.19923276e-01  6.61738814e-02  8.04074995e-02
  2.12836805e-01 -4.76547840e-05 -1.05819570e-05  0.00000000e+00]","[ 0.          0.34501201  9.04220676 -0.13352442 -5.94679451  0.29844478
 -0.43857494 -0.58110899]"
1749055014.8504279,"[ 0.00000000e+00 -1.19159947e-01  5.59874425e-01 -3.06666302e+00
 -2.19554755e+00  6.65790273e-05  9.60105526e-01  1.57107689e+00]","[ 0.00000000e+00  1.19923276e-01  6.18523200e-02  7.83282698e-02
  2.03653493e-01 -4.76188043e-05 -1.05899522e-05  0.00000000e+00]","[ 0.          0.32576033  8.98059273 -0.16296858 -5.97649574  0.313021
 -0.43706989 -0.59724408]"
1749055014.8522053,"[ 0.00000000e+00 -1.18916534e-01  5.59980020e-01 -3.06651255e+00
 -2.19515580e+00  6.65790273e-05  9.60105526e-01  1.57107689e+00]","[ 0.00000000e+00  1.18182833e-01  5.02381288e-02  7.10356359e-02
  1.87324038e-01 -4.76192757e-05 -1.05818513e-05  0.00000000e+00]","[ 0.          0.278505    8.8935442  -0.2304586  -5.97421169  0.34140512
 -0.42155957 -0.59564847]"
1749055014.8534248,"[ 0.00000000e+00 -1.18799888e-01  5.60027357e-01 -3.06644224e+00
 -2.19497684e+00  6.65790273e-05  9.60106458e-01  1.57107689e+00]","[ 0.00000000e+00  1.18302692e-01  4.46367853e-02  7.13057304e-02
  1.81505497e-01 -4.76552554e-05  0.00000000e+00  0.00000000e+00]","[ 0.          0.23784155  8.88602543 -0.26153588 -5.92665672  0.33704969
 -0.41603619 -0.58337677]"
1749055014.855194,"[ 0.00000000e+00 -1.18556475e-01  5.60100794e-01 -3.06630296e+00
 -2.19464021e+00  6.65790273e-05  9.60106458e-01  1.57107689e+00]","[ 0.00000000e+00  1.18362713e-01  3.53827707e-02  7.04240160e-02
  1.67730529e-01 -4.76188043e-05  1.05819570e-05  0.00000000e+00]","[ 0.          0.19105656  8.89483356 -0.28826448 -5.83946705  0.3383182
 -0.38408411 -0.57601225]"
1749055014.8569705,"[ 0.00000000e+00 -1.18321584e-01  5.60160515e-01 -3.06616527e+00
 -2.19431957e+00  6.65790273e-05  9.60106458e-01  1.57107689e+00]","[ 0.00000000e+00  1.19801769e-01  2.70097486e-02  6.61738814e-02
  1.52334978e-01 -4.76547840e-05  1.05819570e-05  0.00000000e+00]","[ 0.          0.14485426  8.87292385 -0.30691317 -5.79184008  0.35363054
 -0.3890003  -0.58896637]"
1749055014.8580844,"[ 0.00000000e+00 -1.18204405e-01  5.60182087e-01 -3.06610189e+00
 -2.19417603e+00  6.65790273e-05  9.60106458e-01  1.57107689e+00]","[ 0.00000000e+00  1.18842890e-01  2.18557287e-02  6.42831993e-02
  1.45582533e-01 -4.76188043e-05  1.05819570e-05  0.00000000e+00]","[ 0.          0.11907948  8.83916759 -0.31689498 -5.77807045  0.35263661
 -0.3967635  -0.58321518]"
1749055014.8598926,"[ 0.00000000e+00 -1.18088291e-01  5.60197666e-01 -3.06603771e+00
 -2.19403834e+00  6.65790273e-05  9.60106458e-01  1.57107689e+00]","[ 0.00000000e+00  1.17762503e-01  1.56656540e-02  6.50934910e-02
  1.39640388e-01 -4.76192757e-05  1.05819570e-05  0.00000000e+00]","[ 0.          0.08805608  8.83916759 -0.35070238 -5.7946353   0.33900586
 -0.38394687 -0.59220564]"
1749055014.8610246,"[ 0.00000000e+00 -1.17844878e-01  5.60210583e-01 -3.06590668e+00
 -2.19376963e+00  6.55137628e-05  9.60106458e-01  1.57107689e+00]","[ 0.00000000e+00  1.19383087e-01  2.70097486e-03  6.39482444e-02
  1.27087013e-01 -5.82447383e-05  1.05819570e-05  0.00000000e+00]","[ 0.          0.01710802  8.85005951 -0.37313759 -5.84202003  0.33696729
 -0.35453922 -0.59879255]"
1749055014.8633375,"[ 0.00000000e+00 -1.17610520e-01  5.60200929e-01 -3.06578018e+00
 -2.19354006e+00  6.55137628e-05  9.60106458e-01  1.57107689e+00]","[ 0.00000000e+00  1.18842890e-01 -4.86175453e-03  6.11875034e-02
  1.13056173e-01 -5.82007654e-05  1.05819570e-05  0.00000000e+00]","[ 0.00000000e+00 -3.55590158e-03  8.90386963e+00 -3.93459558e-01
 -5.90318489e+00  3.31546277e-01 -3.45392913e-01 -5.99554062e-01]"
1749055014.864423,"[ 0.00000000e+00 -1.17486417e-01  5.60194471e-01 -3.06571946e+00
 -2.19354006e+00  6.55137628e-05  9.60106458e-01  1.57107689e+00]","[ 0.00000000e+00  1.16748172e-01 -5.40012347e-03  6.15822255e-02
  1.13056173e-01 -5.82007654e-05  1.05820616e-05  0.00000000e+00]","[ 0.         -0.0193945   8.91496754 -0.37202719 -5.90318489  0.33154628
 -0.35225052 -0.59304923]"
1749055014.8661523,"[ 0.00000000e+00 -1.17265374e-01  5.60187147e-01 -3.06559349e+00
 -2.19333393e+00  6.55137628e-05  9.60106458e-01  1.57107689e+00]","[ 0.00000000e+00  1.10199767e-01 -3.64104055e-03  6.42831993e-02
  9.61547045e-02 -5.82007654e-05  1.05819570e-05  0.00000000e+00]","[ 0.         -0.01772385  8.96748352 -0.4013744  -6.00014973  0.32134748
 -0.3858988  -0.59076494]"
1749055014.867918,"[ 0.00000000e+00 -1.17160446e-01  5.60187613e-01 -3.06552984e+00
 -2.19324738e+00  6.55137628e-05  9.60106458e-01  1.57107689e+00]","[ 0.00000000e+00  1.06418402e-01 -9.45341174e-04  6.44878924e-02
  8.77816761e-02 -5.82013384e-05  1.05820616e-05  0.00000000e+00]","[ 0.         -0.03805412  8.95055294 -0.41778827 -6.05768728  0.31085727
 -0.39925238 -0.59432733]"
1749055014.8690774,"[ 0.00000000e+00 -1.16950056e-01  5.60191741e-01 -3.06539935e+00
 -2.19309372e+00  6.55137628e-05  9.60106458e-01  1.57107689e+00]","[ 0.00000000e+00  1.01811991e-01  1.49221285e-03  6.34729076e-02
  7.09674756e-02 -5.82007654e-05  1.05819570e-05  0.00000000e+00]","[ 0.         -0.10296514  8.86010456 -0.43047172 -6.17444277  0.32406804
 -0.38850418 -0.58465403]"
1749055014.870839,"[ 0.00000000e+00 -1.16851519e-01  5.60191275e-01 -3.06527311e+00
 -2.19298106e+00  6.55137628e-05  9.60106458e-01  1.57107689e+00]","[ 0.00000000e+00  9.99360687e-02  9.27238375e-04  6.42831993e-02
  5.32092012e-02 -5.82007654e-05  1.05819570e-05  0.00000000e+00]","[ 0.         -0.09276216  8.66171169 -0.46758547 -6.2010479   0.29872668
 -0.36236253 -0.58463734]"
1749055014.8719275,"[ 0.00000000e+00 -1.16659239e-01  5.60188945e-01 -3.06520414e+00
 -2.19293899e+00  6.55137628e-05  9.60106458e-01  1.57107689e+00]","[ 0.00000000e+00  9.56145072e-02 -1.30005425e-04  6.49490312e-02
  4.26754004e-02 -5.82007654e-05  1.05820616e-05  0.00000000e+00]","[ 0.         -0.13492791  8.54867554 -0.44600478 -6.1747551   0.28966668
 -0.35905305 -0.5859859 ]"
1749055014.8736835,"[ 0.00000000e+00 -1.16561235e-01  5.60187147e-01 -3.06514235e+00
 -2.19290090e+00  6.55137628e-05  9.60106458e-01  1.57107689e+00]","[ 0.00000000e+00  9.22827928e-02 -4.19147908e-04  6.25991244e-02
  3.58598885e-02 -4.76192757e-05  1.05819570e-05  0.00000000e+00]","[ 0.         -0.16004267  8.50146866 -0.43784612 -6.13112783  0.26842347
 -0.35048303 -0.58549404]"
1749055014.8754308,"[ 0.00000000e+00 -1.16386531e-01  5.60185283e-01 -3.06502517e+00
 -2.19284977e+00  6.55137628e-05  9.60107390e-01  1.57107689e+00]","[ 0.00000000e+00  8.69713844e-02 -6.03976977e-04  5.80709558e-02
  2.29350247e-02 -4.76188043e-05  1.85184257e-05  0.00000000e+00]","[ 0.         -0.193297    8.34511471 -0.43529013 -5.99097395  0.27001876
 -0.26809755 -0.59816706]"
1749055014.8765936,"[ 0.00000000e+00 -1.16227807e-01  5.60183951e-01 -3.06491252e+00
 -2.19282261e+00  6.55137628e-05  9.60107390e-01  1.57107689e+00]","[ 0.00000000e+00  7.94892749e-02 -9.60354029e-04  5.46675233e-02
  1.00307380e-02 -4.76192757e-05  1.85186086e-05  0.00000000e+00]","[ 0.         -0.17521872  8.14377975 -0.40155232 -5.90908861  0.25212571
 -0.24030776 -0.58163476]"
1749055014.8783453,"[ 0.00000000e+00 -1.16145249e-01  5.60182553e-01 -3.06486112e+00
 -2.19281941e+00  6.55137628e-05  9.60107390e-01  1.57107689e+00]","[ 0.00000000e+00  7.76650928e-02 -1.19216367e-03  5.21288109e-02
  3.24116978e-03 -4.76552554e-05  1.85186086e-05  0.00000000e+00]","[ 0.         -0.12920064  7.98583746 -0.39622718 -5.89956188  0.23543969
 -0.22412331 -0.57406163]"
1749055014.8800464,"[ 0.00000000e+00 -1.15992916e-01  5.60177027e-01 -3.06476765e+00
 -2.19282767e+00  6.49811306e-05  9.60108389e-01  1.57107689e+00]","[ 0.00000000e+00  7.67076863e-02 -1.50446157e-03  4.58700494e-02
 -4.18651082e-03 -5.29097849e-05  2.91003827e-05  0.00000000e+00]","[ 0.         -0.10417883  7.65259838 -0.3354004  -5.96649218  0.24157687
 -0.21788912 -0.58217269]"
1749055014.8811967,"[ 0.00000000e+00 -1.15911423e-01  5.60173365e-01 -3.06472264e+00
 -2.19283512e+00  6.49811306e-05  9.60108389e-01  1.57107689e+00]","[ 0.00000000e+00  7.67351502e-02 -1.70715453e-03  4.23798686e-02
 -5.31191666e-03 -5.29097849e-05  2.91003827e-05  0.00000000e+00]","[ 0.         -0.11502331  7.57317257 -0.27796835 -6.00065899  0.23331732
 -0.19913414 -0.5849517 ]"
1749055014.8828955,"[ 0.00000000e+00 -1.15762286e-01  5.60164177e-01 -3.06464993e+00
 -2.19284711e+00  6.49811306e-05  9.60108389e-01  1.57107689e+00]","[ 0.00000000e+00  7.56272918e-02 -2.61613679e-03  3.53827707e-02
 -5.84881618e-03 -5.29497591e-05  2.91006692e-05  0.00000000e+00]","[ 0.         -0.06681769  7.27927542 -0.25687382 -6.18511486  0.1926049
 -0.21775834 -0.56665266]"
1749055014.884041,"[ 0.00000000e+00 -1.15686652e-01  5.60159117e-01 -3.06461771e+00
 -2.19285030e+00  6.49811306e-05  9.60108389e-01  1.57107689e+00]","[ 0.00000000e+00  7.67076863e-02 -3.91053191e-03  3.26817948e-02
 -4.18651082e-03 -5.29497591e-05  2.91006692e-05  0.00000000e+00]","[ 0.00000000e+00  4.23799921e-03  7.14764547e+00 -1.75997019e-01
 -6.38320732e+00  2.16825202e-01 -2.13338524e-01 -5.87590635e-01]"
1749055014.8857455,"[ 0.00000000e+00 -1.15534320e-01  5.60147666e-01 -3.06455486e+00
 -2.19285217e+00  6.49811306e-05  9.60108389e-01  1.57107689e+00]","[ 0.00000000e+00  7.34665111e-02 -5.44218841e-03  2.99504423e-02
 -9.10260138e-04 -5.29103091e-05  2.91003827e-05  0.00000000e+00]","[ 0.          0.05672632  7.06420517 -0.08650392 -6.82686329  0.18138322
 -0.25750849 -0.60370845]"
1749055014.887459,"[ 0.00000000e+00 -1.15462947e-01  5.60142139e-01 -3.06452690e+00
 -2.19285217e+00  6.39158662e-05  9.60107390e-01  1.57107689e+00]","[ 0.00000000e+00  7.23861249e-02 -5.61774274e-03  2.83602355e-02
 -2.69960579e-04 -6.35397134e-05  1.85184257e-05  0.00000000e+00]","[ 0.          0.10528993  7.00788546 -0.10679976 -7.15994501  0.11975719
 -0.30699736 -0.59137607]"
1749055014.8891826,"[ 0.00000000e+00 -1.15319136e-01  5.60130688e-01 -3.06447230e+00
 -2.19285403e+00  6.39158662e-05  9.60107390e-01  1.57107689e+00]","[ 0.00000000e+00  7.28524278e-02 -5.61589153e-03  2.59293582e-02
 -6.14440613e-04 -6.34917418e-05  1.85186086e-05  0.00000000e+00]","[ 0.          0.19571303  6.98569965  0.06855852 -7.6829133   0.15332821
 -0.30693322 -0.59210634]"
1749055014.8903735,"[ 0.00000000e+00 -1.15240307e-01  5.60125628e-01 -3.06444887e+00
 -2.19285670e+00  6.39158662e-05  9.60107390e-01  1.57107689e+00]","[ 0.00000000e+00  7.42274678e-02 -5.44039494e-03  2.37685775e-02
 -1.12593236e-03 -6.34917418e-05  1.85042720e-05  0.00000000e+00]","[ 0.          0.22136386  7.07080269  0.08929903 -8.01972103  0.12243238
 -0.36167127 -0.59207648]"
1749055014.8920941,"[ 0.00000000e+00 -1.15100757e-01  5.60116440e-01 -3.06440839e+00
 -2.19286735e+00  6.39158662e-05  9.60107390e-01  1.57107689e+00]","[ 0.00000000e+00  7.07655415e-02 -4.86175453e-03  1.97171168e-02
 -2.53295826e-03 -6.35397134e-05  1.85464284e-05  0.00000000e+00]","[ 0.          0.36731154  7.0700202   0.15193136 -8.53448772  0.11298705
 -0.41913292 -0.58579433]"
1749055014.8938472,"[ 0.00000000e+00 -1.15031515e-01  5.60111846e-01 -3.06439134e+00
 -2.19287587e+00  6.39158662e-05  9.60107390e-01  1.57107689e+00]","[ 0.00000000e+00  7.02253442e-02 -4.56441572e-03  1.60340836e-02
 -3.90608672e-03 -6.34917418e-05  1.85464284e-05  0.00000000e+00]","[ 0.          0.33681279  7.14455223  0.20384109 -8.70929146  0.11507908
 -0.43396017 -0.60270303]"
1749055014.89494,"[ 0.00000000e+00 -1.14889302e-01  5.60104456e-01 -3.06436817e+00
 -2.19289851e+00  6.39158662e-05  9.60106458e-01  1.57107689e+00]","[ 0.00000000e+00  6.92151531e-02 -3.94867363e-03  9.99360666e-03
 -1.14733245e-02 -6.35397134e-05  1.05979587e-05  0.00000000e+00]","[ 0.          0.36979026  7.26021671  0.2370171  -9.14949322  0.06640215
 -0.48618072 -0.59287387]"
1749055014.896631,"[ 0.00000000e+00 -1.14823788e-01  5.60100794e-01 -3.06436072e+00
 -2.19291369e+00  6.28506017e-05  9.60106458e-01  1.57107689e+00]","[ 0.00000000e+00  6.63766561e-02 -3.78008643e-03  7.56272939e-03
 -1.53955564e-02 -7.41296676e-05  1.05979587e-05  0.00000000e+00]","[ 0.          0.43642348  7.23515415  0.31341848 -9.31259441  0.08859508
 -0.48932812 -0.59776735]"
1749055014.8977556,"[ 0.00000000e+00 -1.14699152e-01  5.60090274e-01 -3.06435299e+00
 -2.19295550e+00  6.28506017e-05  9.60106458e-01  1.57107689e+00]","[ 0.00000000e+00  6.21224186e-02 -4.56996050e-03  2.15859050e-03
 -2.20676248e-02 -6.87834010e-05  1.06059783e-05  0.00000000e+00]","[ 0.          0.47435915  7.25593185  0.37878039 -9.45019436  0.07420887
 -0.49656484 -0.58463049]"
1749055014.8994586,"[ 0.00000000e+00 -1.14633106e-01  5.60083350e-01 -3.06435246e+00
 -2.19298213e+00  6.28506017e-05  9.60106458e-01  1.57107689e+00]","[ 0.00000000e+00  6.21905789e-02 -5.79329707e-03  5.40194952e-04
 -2.70097486e-02 -6.88346925e-05  1.05979587e-05  0.00000000e+00]","[ 0.          0.48903289  7.23483086  0.39169592 -9.47512341  0.06342997
 -0.50077397 -0.58650523]"
1749055014.901113,"[ 0.00000000e+00 -1.14511666e-01  5.60063177e-01 -3.06435566e+00
 -2.19305057e+00  6.28506017e-05  9.60106458e-01  1.57107689e+00]","[ 0.00000000e+00  6.09801805e-02 -9.87800050e-03 -1.56044595e-03
 -3.77753338e-02 -6.87827183e-05  1.05979587e-05  0.00000000e+00]","[ 0.          0.571585    7.15154696  0.45846421 -9.42674541  0.07072413
 -0.50242591 -0.58739489]"
1749055014.9022493,"[ 0.00000000e+00 -1.14454142e-01  5.60049861e-01 -3.06435645e+00
 -2.19309585e+00  6.28506017e-05  9.60106458e-01  1.57107689e+00]","[ 0.00000000e+00  5.84002848e-02 -1.35048743e-02 -1.31665852e-03
 -4.26306385e-02 -6.87827183e-05  1.06059783e-05  0.00000000e+00]","[ 0.          0.62982416  7.0861268   0.47934929 -9.30718803  0.08280648
 -0.47565016 -0.57876319]"
1749055014.90394,"[ 0.00000000e+00 -1.14335897e-01  5.60011245e-01 -3.06435566e+00
 -2.19319465e+00  6.28506017e-05  9.60107390e-01  1.57107689e+00]","[ 0.00000000e+00  5.78008613e-02 -2.18778954e-02  0.00000000e+00
 -5.15886178e-02 -6.88353671e-05  1.85466133e-05  0.00000000e+00]","[ 0.          0.65039927  7.06044006  0.50876778 -8.96828461  0.10935185
 -0.42897955 -0.59785318]"
1749055014.9056838,"[ 0.00000000e+00 -1.14278373e-01  5.59981884e-01 -3.06435432e+00
 -2.19324925e+00  6.28506017e-05  9.60107390e-01  1.57107689e+00]","[ 0.00000000e+00  5.83410544e-02 -2.75845316e-02  3.31156572e-04
 -5.53699820e-02 -6.88346925e-05  1.85464284e-05  0.00000000e+00]","[ 0.          0.69744605  7.00778627  0.51318568 -8.78889084  0.08817724
 -0.41250119 -0.60791701]"
1749055014.9068465,"[ 0.00000000e+00 -1.14156933e-01  5.59908847e-01 -3.06435299e+00
 -2.19337282e+00  6.28506017e-05  9.60108389e-01  1.57107689e+00]","[ 0.00000000e+00  6.01278150e-02 -4.05146197e-02  4.44378629e-04
 -6.17896524e-02 -6.87827183e-05  2.91664395e-05  0.00000000e+00]","[ 0.          0.73852956  6.96543932  0.54832822 -8.26442719  0.14097376
 -0.32319415 -0.59796268]"
1749055014.9085486,"[ 0.00000000e+00 -1.14098876e-01  5.59862508e-01 -3.06435326e+00
 -2.19343753e+00  6.28506017e-05  9.60108389e-01  1.57107689e+00]","[ 0.00000000e+00  5.88812517e-02 -4.69493454e-02  5.33254381e-04
 -6.56336883e-02 -6.88346925e-05  2.91443860e-05  0.00000000e+00]","[ 0.          0.69700378  7.06133556  0.47580469 -8.0405674   0.12798569
 -0.31701866 -0.59174573]"
1749055014.9102952,"[ 0.00000000e+00 -1.13988088e-01  5.59749057e-01 -3.06435432e+00
 -2.19358321e+00  6.28506017e-05  9.60108389e-01  1.57107689e+00]","[ 0.00000000e+00  5.50998833e-02 -5.79275154e-02  3.01988489e-04
 -7.27228567e-02 -6.87827183e-05  2.91664395e-05  0.00000000e+00]","[ 0.          0.77430522  7.09786749  0.49490348 -7.65745783  0.15789749
 -0.28571594 -0.57274044]"
1749055014.912001,"[ 0.00000000e+00 -1.13930031e-01  5.59687072e-01 -3.06435379e+00
 -2.19373288e+00  6.28506017e-05  9.60108389e-01  1.57107689e+00]","[ 0.00000000e+00  5.46675233e-02 -6.29327103e-02  7.63302134e-05
 -7.68997835e-02 -6.88346925e-05  2.91664395e-05  0.00000000e+00]","[ 0.          0.7817409   7.18002319  0.4691568  -7.28073835  0.19106394
 -0.23334035 -0.57455271]"
1749055014.913667,"[ 0.00000000e+00 -1.13820842e-01  5.59552516e-01 -3.06435326e+00
 -2.19381144e+00  6.28506017e-05  9.60108389e-01  1.57107689e+00]","[ 0.00000000e+00  5.50998833e-02 -7.07655415e-02  0.00000000e+00
 -7.96787588e-02 -6.87827183e-05  2.91664395e-05  0.00000000e+00]","[ 0.          0.82979637  7.42134047  0.46080774 -7.18626356  0.18857461
 -0.22958769 -0.5919944 ]"
1749055014.915382,"[ 0.00000000e+00 -1.13707391e-01  5.59388598e-01 -3.06435326e+00
 -2.19398348e+00  6.28506017e-05  9.60108389e-01  1.57107689e+00]","[ 0.00000000e+00  5.51690631e-02 -8.28359113e-02  0.00000000e+00
 -8.55120470e-02 -5.82453112e-05  2.91664395e-05  0.00000000e+00]","[ 0.          0.88746095  7.70020294  0.44389439 -7.05759525  0.21900445
 -0.2409637  -0.5885005 ]"
1749055014.9164786,"[ 0.00000000e+00 -1.13652530e-01  5.59302711e-01 -3.06435326e+00
 -2.19406897e+00  6.28506017e-05  9.60108389e-01  1.57107689e+00]","[ 0.00000000e+00  5.56400806e-02 -8.69713844e-02  0.00000000e+00
 -8.67012899e-02 -5.82447383e-05  2.91661490e-05  0.00000000e+00]","[ 0.          0.89139163  7.94693375  0.40853125 -7.04343176  0.22047074
 -0.23595357 -0.56772524]"
1749055014.918262,"[ 0.00000000e+00 -1.13539079e-01  5.59106636e-01 -3.06435379e+00
 -2.19424713e+00  6.28506017e-05  9.60108389e-01  1.57107689e+00]","[ 0.00000000e+00  5.94214448e-02 -9.90535387e-02 -4.41578693e-05
 -9.21032375e-02 -5.82007654e-05  2.91664395e-05  0.00000000e+00]","[ 0.          0.90623987  8.39353848  0.41972494 -7.19379616  0.23388283
 -0.31308436 -0.58030504]"
1749055014.9199328,"[ 0.00000000e+00 -1.13472500e-01  5.59003372e-01 -3.06435379e+00
 -2.19434860e+00  6.28506017e-05  9.60108389e-01  1.57107689e+00]","[ 0.00000000e+00  6.26921145e-02 -1.04691642e-01 -6.62368019e-05
 -9.54529033e-02 -5.82447383e-05  2.91664395e-05  0.00000000e+00]","[ 0.          0.99781382  8.64254189  0.39776769 -7.27955484  0.24789065
 -0.35305601 -0.57008588]"
1749055014.9217634,"[ 0.00000000e+00 -1.13341473e-01  5.58783861e-01 -3.06435326e+00
 -2.19455020e+00  6.28506017e-05  9.60107390e-01  1.57107689e+00]","[ 0.00000000e+00  6.75243704e-02 -1.13711036e-01  0.00000000e+00
 -1.04797819e-01 -5.82453112e-05  1.85602774e-05  0.00000000e+00]","[ 0.          1.05761456  9.17673683  0.34954491 -7.49899673  0.266137
 -0.39244485 -0.57035881]"
1749055014.923384,"[ 0.00000000e+00 -1.13202988e-01  5.58541380e-01 -3.06435379e+00
 -2.19478722e+00  6.28506017e-05  9.60107390e-01  1.57107689e+00]","[ 0.00000000e+00  7.02253442e-02 -1.19653181e-01 -3.52830036e-05
 -1.18613483e-01 -5.82007654e-05  1.85604623e-05  0.00000000e+00]","[ 0.          1.03494036  9.85506058  0.34418049 -7.85908031  0.22553527
 -0.46511802 -0.56921619]"
1749055014.9245331,"[ 0.00000000e+00 -1.13124159e-01  5.58421538e-01 -3.06435379e+00
 -2.19491026e+00  6.28506017e-05  9.60107390e-01  1.57107689e+00]","[ 0.00000000e+00  7.42274678e-02 -1.21543868e-01  0.00000000e+00
 -1.24785034e-01 -5.82447383e-05  1.85745164e-05  0.00000000e+00]","[ 0.          1.02287245 10.19634819  0.34959269 -7.9685297   0.22901687
 -0.484501   -0.55885369]"
1749055014.926274,"[ 0.00000000e+00 -1.12975022e-01  5.58175428e-01 -3.06435326e+00
 -2.19517418e+00  6.28506017e-05  9.60106458e-01  1.57107689e+00]","[ 0.00000000e+00  7.55506677e-02 -1.25325232e-01  3.12046522e-05
 -1.36800676e-01 -4.76188043e-05  1.06059783e-05  0.00000000e+00]","[ 0.          0.97663981 10.73182774  0.35435998 -8.301404    0.24913481
 -0.57222033 -0.57520854]"
1749055014.92805,"[ 0.00000000e+00 -1.12900453e-01  5.58041804e-01 -3.06435326e+00
 -2.19532624e+00  6.28506017e-05  9.60106458e-01  1.57107689e+00]","[ 0.00000000e+00  7.56272918e-02 -1.25767341e-01  2.95005375e-05
 -1.43188784e-01 -4.76547840e-05  1.06058726e-05  0.00000000e+00]","[ 0.          1.00207865 10.94763088  0.3335171  -8.42179489  0.25229827
 -0.59777009 -0.59171915]"
1749055014.9297585,"[ 0.00000000e+00 -1.12732142e-01  5.57790635e-01 -3.06435326e+00
 -2.19563064e+00  6.28506017e-05  9.60106458e-01  1.57107689e+00]","[ 0.00000000e+00  7.72478753e-02 -1.27486012e-01  5.57234111e-05
 -1.58277123e-01 -4.76552554e-05  1.06058726e-05  0.00000000e+00]","[ 0.          1.0436877  11.25751114  0.35082829 -8.57969093  0.27344635
 -0.595047   -0.55740732]"
1749055014.9309347,"[ 0.00000000e+00 -1.12565960e-01  5.57530277e-01 -3.06435326e+00
 -2.19598191e+00  6.28506017e-05  9.60106458e-01  1.57107689e+00]","[ 0.00000000e+00  8.17505150e-02 -1.27020009e-01  5.29903226e-05
 -1.75372786e-01 -4.76188043e-05  1.06059783e-05  0.00000000e+00]","[ 0.          1.06557691 11.54113007  0.37450004 -8.70724201  0.26573938
 -0.5914126  -0.55703849]"
1749055014.932683,"[ 0.00000000e+00 -1.12485000e-01  5.57406740e-01 -3.06435326e+00
 -2.19616194e+00  6.28506017e-05  9.60106458e-01  1.57107689e+00]","[ 0.00000000e+00  8.21096340e-02 -1.25325232e-01  2.64938426e-05
 -1.82585892e-01 -4.76547840e-05  1.06059783e-05  0.00000000e+00]","[ 0.          1.05451667 11.69477749  0.37017298 -8.71640968  0.26431841
 -0.59538889 -0.56293315]"
1749055014.933842,"[ 0.00000000e+00 -1.12316688e-01  5.57163360e-01 -3.06435326e+00
 -2.19653852e+00  6.28506017e-05  9.60106458e-01  1.57107689e+00]","[ 0.00000000e+00  8.63436190e-02 -1.23974743e-01  0.00000000e+00
 -1.93659898e-01 -4.76547840e-05  1.06059783e-05  0.00000000e+00]","[ 0.          1.11177826 11.77986145  0.3999112  -8.59024906  0.23426957
 -0.58587962 -0.57079965]"
1749055014.935583,"[ 0.00000000e+00 -1.12224010e-01  5.57032965e-01 -3.06435326e+00
 -2.19675210e+00  6.28506017e-05  9.60106458e-01  1.57107689e+00]","[ 0.00000000e+00  8.72674280e-02 -1.22876547e-01  0.00000000e+00
 -2.01116300e-01 -3.70651995e-05  1.06058726e-05  0.00000000e+00]","[ 0.          1.11840534 11.75469208  0.4318572  -8.49411678  0.2238567
 -0.56496733 -0.58474714]"
1749055014.9373534,"[ 0.00000000e+00 -1.12056764e-01  5.56789586e-01 -3.06435299e+00
 -2.19716542e+00  6.28506017e-05  9.60106458e-01  1.57107689e+00]","[ 0.00000000e+00  8.37302174e-02 -1.23974743e-01  1.10394673e-05
 -2.12566711e-01 -3.70648338e-05  1.06059783e-05  0.00000000e+00]","[ 0.          1.09838319 11.74513626  0.45254362 -8.3158884   0.20082666
 -0.54862046 -0.57280082]"
1749055014.9385402,"[ 0.00000000e+00 -1.11973141e-01  5.56669278e-01 -3.06435299e+00
 -2.19738114e+00  6.28506017e-05  9.60106458e-01  1.57107689e+00]","[ 0.00000000e+00  8.48106036e-02 -1.22084056e-01  1.10394673e-05
 -2.18557292e-01 -3.70648338e-05  1.06059783e-05  0.00000000e+00]","[ 0.          1.14932072 11.66082859  0.46709177 -8.1640358   0.19679034
 -0.50206566 -0.56300098]"
1749055014.940345,"[ 0.00000000e+00 -1.11803764e-01  5.56420405e-01 -3.06435193e+00
 -2.19784080e+00  6.28506017e-05  9.60106458e-01  1.57107689e+00]","[ 0.00000000e+00  8.11725508e-02 -1.21371935e-01  5.08780598e-05
 -2.26881884e-01 -3.70651995e-05  1.05979587e-05  0.00000000e+00]","[ 0.          1.12915695 11.53090096  0.5506568  -7.83862972  0.20760465
 -0.43451944 -0.56613761]"
1749055014.9415457,"[ 0.00000000e+00 -1.11641843e-01  5.56181153e-01 -3.06435113e+00
 -2.19832097e+00  6.28506017e-05  9.60107390e-01  1.57107689e+00]","[ 0.00000000e+00  8.26498312e-02 -1.21543868e-01  7.56983059e-05
 -2.36725427e-01 -3.70372172e-05  1.85602774e-05  0.00000000e+00]","[ 0.          1.26306105 11.21628571  0.61172205 -7.51888561  0.18117686
 -0.34189415 -0.56604195]"
1749055014.9433217,"[ 0.00000000e+00 -1.11559285e-01  5.56058548e-01 -3.06435006e+00
 -2.19855985e+00  6.28506017e-05  9.60107390e-01  1.57107689e+00]","[ 0.00000000e+00  8.37302174e-02 -1.24244837e-01  1.09704211e-04
 -2.42277435e-01 -3.70648338e-05  1.85604623e-05  0.00000000e+00]","[ 0.          1.25840199 11.06406784  0.65176684 -7.37651825  0.17144844
 -0.32063416 -0.57082742]"
1749055014.9444811,"[ 0.00000000e+00 -1.11469271e-01  5.55925856e-01 -3.06434980e+00
 -2.19880327e+00  6.17853373e-05  9.60108389e-01  1.57107689e+00]","[ 0.00000000e+00  8.47597373e-02 -1.24882689e-01  1.14955322e-04
 -2.46618970e-01 -4.76547840e-05  2.91443860e-05  0.00000000e+00]","[ 0.          1.29149067 10.95966816  0.70248061 -7.32494831  0.17601918
 -0.31111243 -0.56738883]"
1749055014.9463143,"[ 0.00000000e+00 -1.11385647e-01  5.55674221e-01 -3.06434740e+00
 -2.19932312e+00  6.17853373e-05  9.60108389e-01  1.57107689e+00]","[ 0.00000000e+00  8.48106036e-02 -1.28566399e-01  1.82153099e-04
 -2.56795874e-01 -4.76908124e-05  2.91440955e-05  0.00000000e+00]","[ 0.          1.29667652 10.66348171  0.81484854 -7.14522648  0.13529401
 -0.29374287 -0.57732332]"
1749055014.9474463,"[ 0.00000000e+00 -1.11214140e-01  5.55546123e-01 -3.06434633e+00
 -2.19958118e+00  6.17853373e-05  9.60108389e-01  1.57107689e+00]","[ 0.00000000e+00  8.80517789e-02 -1.29916888e-01  2.08869088e-04
 -2.61724453e-01 -4.77264263e-05  2.91667301e-05  0.00000000e+00]","[ 0.          1.38764012 10.50470638  0.85374218 -7.1048584   0.10628144
 -0.27818593 -0.58128905]"
1749055014.949197,"[ 0.00000000e+00 -1.11120396e-01  5.55273814e-01 -3.06434287e+00
 -2.20011061e+00  6.17853373e-05  9.60108389e-01  1.57107689e+00]","[ 0.00000000e+00  8.82704993e-02 -1.33968346e-01  2.95066123e-04
 -2.71177859e-01 -4.77269018e-05  2.91443860e-05  0.00000000e+00]","[ 0.          1.45574486 10.29914761  0.97760904 -7.13217068  0.08186987
 -0.26397023 -0.59507442]"
1749055014.9503648,"[ 0.00000000e+00 -1.11030914e-01  5.55140656e-01 -3.06434101e+00
 -2.20040303e+00  6.17853373e-05  9.60108389e-01  1.57107689e+00]","[ 0.00000000e+00  9.07527485e-02 -1.34911904e-01  3.38543658e-04
 -2.75084750e-01 -4.77269018e-05  2.91443860e-05  0.00000000e+00]","[ 0.          1.47268927 10.20778751  1.01496637 -7.20374775  0.06949501
 -0.25070834 -0.5897187 ]"
1749055014.9520726,"[ 0.00000000e+00 -1.10849287e-01  5.54868348e-01 -3.06433595e+00
 -2.20096176e+00  6.17853373e-05  9.60108389e-01  1.57107689e+00]","[ 0.00000000e+00  9.38986908e-02 -1.39370294e-01  4.52752730e-04
 -2.85763144e-01 -4.77269018e-05  2.91446766e-05  0.00000000e+00]","[ 0.          1.55463684 10.02764893  1.12144554 -7.40070724  0.08054839
 -0.25138262 -0.57219291]"
1749055014.9538586,"[ 0.00000000e+00 -1.10753413e-01  5.54718179e-01 -3.06433275e+00
 -2.20124991e+00  6.17853373e-05  9.60108389e-01  1.57107689e+00]","[ 0.00000000e+00  9.72350907e-02 -1.41433411e-01  5.36337822e-04
 -2.92245478e-01 -4.77269018e-05  1.85466133e-05  0.00000000e+00]","[ 0.          1.65182352  9.97134972  1.19415796 -7.44243717  0.06853637
 -0.25946331 -0.57058787]"
1749055014.9550142,"[ 0.00000000e+00 -1.10548349e-01  5.54427994e-01 -3.06432476e+00
 -2.20186883e+00  6.12527051e-05  9.60108389e-01  1.57107689e+00]","[ 0.00000000e+00  1.01016455e-01 -1.48553606e-01  1.29086409e-03
 -3.05435981e-01 -5.30293622e-05  1.85604623e-05  0.00000000e+00]","[ 0.          1.68727314  9.79701233  1.22738802 -7.70061445  0.02354897
 -0.32363454 -0.56376988]"
1749055014.9567866,"[ 0.00000000e+00 -1.10445019e-01  5.54268638e-01 -3.06431970e+00
 -2.20217510e+00  6.12527051e-05  9.60108389e-01  1.57107689e+00]","[ 0.00000000e+00  1.04797819e-01 -1.49818474e-01  2.32679630e-03
 -3.10612101e-01 -5.30298904e-05  1.85604623e-05  0.00000000e+00]","[ 0.          1.69069231  9.72310352  1.27258384 -7.84245491  0.05686251
 -0.32392514 -0.54643214]"
1749055014.9579144,"[ 0.00000000e+00 -1.10225042e-01  5.53969265e-01 -3.06430825e+00
 -2.20280547e+00  6.12527051e-05  9.60108389e-01  1.57107689e+00]","[ 0.00000000e+00  1.08331975e-01 -1.52334978e-01  5.16604253e-03
 -3.23036580e-01 -5.29897943e-05  1.85604623e-05  0.00000000e+00]","[ 0.          1.73895264  9.62929821  1.35333347 -7.97767115  0.03953096
 -0.31445163 -0.56050324]"
1749055014.9596426,"[ 0.00000000e+00 -1.10115319e-01  5.53815867e-01 -3.06430053e+00
 -2.20315354e+00  6.12527051e-05  9.60108389e-01  1.57107689e+00]","[ 0.00000000e+00  1.11280161e-01 -1.55576145e-01  6.31996059e-03
 -3.27754370e-01 -5.30298904e-05  1.85606472e-05  0.00000000e+00]","[ 0.          1.76597464  9.53581715  1.35977483 -8.05560493  0.03432899
 -0.31986263 -0.55966365]"
1749055014.9614542,"[ 0.00000000e+00 -1.09883092e-01  5.53486168e-01 -3.06428162e+00
 -2.20382120e+00  6.12527051e-05  9.60108389e-01  1.57107689e+00]","[ 0.00000000e+00  1.18842890e-01 -1.63501030e-01  9.23263854e-03
 -3.42213504e-01 -5.30298904e-05  1.85464284e-05  0.00000000e+00]","[ 0.          1.79056704  9.40900612  1.37240124 -8.1630764   0.06280234
 -0.30669248 -0.56867385]"
1749055014.9626098,"[ 0.00000000e+00 -1.09754195e-01  5.53320419e-01 -3.06427070e+00
 -2.20416714e+00  6.12527051e-05  9.60108389e-01  1.57107689e+00]","[ 0.00000000e+00  1.21371935e-01 -1.67830415e-01  1.10627764e-02
 -3.50856626e-01 -4.23918346e-05  1.85604623e-05  0.00000000e+00]","[ 0.          1.76148176  9.37099361  1.36327302 -8.20940876  0.04795722
 -0.31287012 -0.56232625]"
1749055014.9644222,"[ 0.00000000e+00 -1.09508651e-01  5.52977870e-01 -3.06424327e+00
 -2.20490723e+00  6.12527051e-05  9.60108389e-01  1.57107689e+00]","[ 0.00000000e+00  1.24785034e-01 -1.75741601e-01  1.48553612e-02
 -3.65171783e-01 -4.24239132e-05  1.85604623e-05  0.00000000e+00]","[ 0.          1.75335753  9.295578    1.32165718 -8.23366928  0.05763651
 -0.30046719 -0.58421034]"
1749055014.966159,"[ 0.00000000e+00 -1.09250857e-01  5.52608223e-01 -3.06420652e+00
 -2.20564386e+00  6.12527051e-05  9.60108389e-01  1.57107689e+00]","[ 0.00000000e+00  1.26888840e-01 -1.83126081e-01  1.89068230e-02
 -3.75975695e-01 -4.23922572e-05  1.85325998e-05  0.00000000e+00]","[ 0.          1.75056493  9.26166058  1.29117334 -8.1825428   0.07737031
 -0.31526959 -0.58930081]"
1749055014.9673474,"[ 0.00000000e+00 -1.09124091e-01  5.52424066e-01 -3.06418521e+00
 -2.20604840e+00  6.12527051e-05  9.60108389e-01  1.57107689e+00]","[ 0.00000000e+00  1.28566399e-01 -1.86907453e-01  2.15859048e-02
 -3.80917290e-01 -4.24234905e-05  1.85324169e-05  0.00000000e+00]","[ 0.          1.76874375  9.21684837  1.25733745 -8.15380573  0.09791331
 -0.30885434 -0.56938577]"
1749055014.9691675,"[ 0.00000000e+00 -1.08860971e-01  5.52029185e-01 -3.06413435e+00
 -2.20681965e+00  6.12527051e-05  9.60108389e-01  1.57107689e+00]","[ 0.00000000e+00  1.35588930e-01 -1.94094792e-01  2.58291505e-02
 -3.93403122e-01 -4.24239132e-05  1.85184257e-05  0.00000000e+00]","[ 0.          1.72033715  9.21065712  1.18788207 -8.08686447  0.10356413
 -0.28684726 -0.5618034 ]"
1749055014.9708652,"[ 0.00000000e+00 -1.08726215e-01  5.51835840e-01 -3.06410718e+00
 -2.20721513e+00  6.12527051e-05  9.60109321e-01  1.57107689e+00]","[ 0.00000000e+00  1.36669324e-01 -1.95892093e-01  2.75499417e-02
 -4.01094764e-01 -4.23918346e-05  2.91223691e-05  0.00000000e+00]","[ 0.          1.68408537  9.23597431  1.15070546 -8.09369373  0.11503188
 -0.26267561 -0.55845606]"
1749055014.9720137,"[ 0.00000000e+00 -1.08440724e-01  5.51445986e-01 -3.06405072e+00
 -2.20805269e+00  6.12527051e-05  9.60109321e-01  1.57107689e+00]","[ 0.00000000e+00  1.40450688e-01 -1.98521648e-01  2.89004307e-02
 -4.11761822e-01 -4.24239132e-05  2.91003827e-05  0.00000000e+00]","[ 0.          1.62107348  9.23731709  1.08048952 -7.98326397  0.12664022
 -0.24978051 -0.55901986]"
1749055014.9737723,"[ 0.00000000e+00 -1.08161092e-01  5.51032264e-01 -3.06399240e+00
 -2.20888147e+00  6.12527051e-05  9.60109321e-01  1.57107689e+00]","[ 0.00000000e+00  1.43151666e-01 -2.03113304e-01  2.80860672e-02
 -4.22813908e-01 -4.24243358e-05  1.85325998e-05  0.00000000e+00]","[ 0.          1.53423703  9.20534611  0.99175888 -7.8479495   0.14194308
 -0.2179359  -0.5497365 ]"
1749055014.9755323,"[ 0.00000000e+00 -1.08017814e-01  5.50828399e-01 -3.06396444e+00
 -2.20933740e+00  6.12527051e-05  9.60109321e-01  1.57107689e+00]","[ 0.00000000e+00  1.45312439e-01 -2.06894660e-01  2.83602355e-02
 -4.29315616e-01 -4.24239132e-05  1.85324169e-05  0.00000000e+00]","[ 0.          1.53870332  9.19831562  0.97850037 -7.73823261  0.15159708
 -0.19586633 -0.56163704]"
1749055014.9766974,"[ 0.00000000e+00 -1.07712083e-01  5.50413279e-01 -3.06390851e+00
 -2.21020080e+00  6.12527051e-05  9.60110253e-01  1.57107689e+00]","[ 0.00000000e+00  1.50714395e-01 -2.11701033e-01  2.86303320e-02
 -4.40528989e-01 -4.24239132e-05  2.91003827e-05  0.00000000e+00]","[ 0.          1.50402367  9.27821255  0.89226609 -7.63307428  0.15545376
 -0.18960342 -0.56730133]"
1749055014.9785058,"[ 0.00000000e+00 -1.07564011e-01  5.50185079e-01 -3.06387709e+00
 -2.21063969e+00  6.12527051e-05  9.60110253e-01  1.57107689e+00]","[ 0.00000000e+00  1.50174189e-01 -2.14706394e-01  2.95906783e-02
 -4.45120645e-01 -4.23918346e-05  2.91003827e-05  0.00000000e+00]","[ 0.          1.4874711   9.35491371  0.88560849 -7.65689611  0.16468173
 -0.20432483 -0.57741433]"
1749055014.9803066,"[ 0.00000000e+00 -1.07250291e-01  5.49750219e-01 -3.06381370e+00
 -2.21156407e+00  6.12527051e-05  9.60110253e-01  1.57107689e+00]","[ 0.00000000e+00  1.52875167e-01 -2.21209833e-01  3.32219900e-02
 -4.53890900e-01 -3.71212943e-05  1.85325998e-05  0.00000000e+00]","[ 0.          1.49291849  9.52873135  0.86227232 -7.55374193  0.17152192
 -0.21070294 -0.55885524]"
1749055014.9814682,"[ 0.00000000e+00 -1.07097425e-01  5.49531640e-01 -3.06377988e+00
 -2.21201814e+00  6.12527051e-05  9.60110253e-01  1.57107689e+00]","[ 0.00000000e+00  1.55035956e-01 -2.21750022e-01  3.43023804e-02
 -4.60049593e-01 -3.71209245e-05  1.85184257e-05  0.00000000e+00]","[ 0.          1.50026     9.60936069  0.85080034 -7.51861572  0.17005287
 -0.22378166 -0.55245364]"
1749055014.983224,"[ 0.00000000e+00 -1.06791162e-01  5.49074741e-01 -3.06370318e+00
 -2.21294039e+00  6.12527051e-05  9.60110253e-01  1.57107689e+00]","[ 0.00000000e+00  1.55576145e-01 -2.23100511e-01  3.80837445e-02
 -4.69969602e-01 -3.70928568e-05  1.85324169e-05  0.00000000e+00]","[ 0.          1.50221658  9.87992287  0.86658192 -7.49499321  0.17721675
 -0.2218371  -0.5457508 ]"
1749055014.9849823,"[ 0.00000000e+00 -1.06624448e-01  5.48853399e-01 -3.06366457e+00
 -2.21344506e+00  6.12527051e-05  9.60110253e-01  1.57107689e+00]","[ 0.00000000e+00  1.56981062e-01 -2.24451000e-01  3.91641349e-02
 -4.75206242e-01 -3.70928568e-05  1.85324169e-05  0.00000000e+00]","[ 0.          1.48621285  9.97196388  0.8623268  -7.4436717   0.17464326
 -0.22325939 -0.54069406]"
1749055014.9861703,"[ 0.00000000e+00 -1.06314456e-01  5.48392373e-01 -3.06358547e+00
 -2.21439821e+00  6.12527051e-05  9.60110253e-01  1.57107689e+00]","[ 0.00000000e+00  1.58277123e-01 -2.25691617e-01  4.05146197e-02
 -4.86175470e-01 -3.71209245e-05  1.85186086e-05  0.00000000e+00]","[ 0.          1.51916814 10.11281204  0.87312037 -7.48172522  0.17176628
 -0.21854495 -0.56483877]"
1749055014.9879484,"[ 0.00000000e+00 -1.05989018e-01  5.47940101e-01 -3.06349732e+00
 -2.21541207e+00  6.12527051e-05  9.60110253e-01  1.57107689e+00]","[ 0.00000000e+00  1.58817312e-01 -2.29889891e-01  4.42959881e-02
 -4.97285279e-01 -2.64948971e-05  2.91223691e-05  0.00000000e+00]","[ 0.          1.57944775 10.29416752  0.90731376 -7.54909611  0.17241047
 -0.25150919 -0.57104415]"
1749055014.989119,"[ 0.00000000e+00 -1.05830826e-01  5.47694425e-01 -3.06345098e+00
 -2.21590769e+00  6.12527051e-05  9.60110253e-01  1.57107689e+00]","[ 0.00000000e+00  1.60275343e-01 -2.31208522e-01  4.69969619e-02
 -5.02651416e-01 -2.65149452e-05  2.91003827e-05  0.00000000e+00]","[ 0.          1.59782934 10.39091873  0.91037756 -7.62868643  0.17620015
 -0.26039773 -0.58517385]"
1749055014.990898,"[ 0.00000000e+00 -1.05511247e-01  5.47239357e-01 -3.06334232e+00
 -2.21691516e+00  6.12527051e-05  9.60110253e-01  1.57107689e+00]","[ 0.00000000e+00  1.63679062e-01 -2.30123051e-01  5.51171606e-02
 -5.14265594e-01 -2.64946330e-05  2.91226556e-05  0.00000000e+00]","[ 0.          1.59012294 10.65743828  0.93887562 -7.74620152  0.16193479
 -0.29673299 -0.57811135]"
1749055014.9926565,"[ 0.00000000e+00 -1.05334413e-01  5.47014819e-01 -3.06328347e+00
 -2.21746750e+00  6.12527051e-05  9.60110253e-01  1.57107689e+00]","[ 0.00000000e+00  1.66510252e-01 -2.27692167e-01  5.96915434e-02
 -5.20093789e-01 -2.64951613e-05  2.91226556e-05  0.00000000e+00]","[ 0.          1.61724651 10.73874855  0.96471155 -7.70919514  0.16439664
 -0.31910026 -0.57546973]"
1749055014.9943318,"[ 0.00000000e+00 -1.05000452e-01  5.46553793e-01 -3.06315350e+00
 -2.21851386e+00  6.12527051e-05  9.60110253e-01  1.57107689e+00]","[ 0.00000000e+00  1.69621207e-01 -2.24223583e-01  6.83346621e-02
 -5.33171841e-01 -2.64948971e-05  2.91003827e-05  0.00000000e+00]","[ 0.          1.61122847 10.98944569  0.98783082 -7.78153086  0.15333678
 -0.32132068 -0.57362735]"
1749055014.9954522,"[ 0.00000000e+00 -1.04819357e-01  5.46336146e-01 -3.06307494e+00
 -2.21904436e+00  6.12527051e-05  9.60110253e-01  1.57107689e+00]","[ 0.00000000e+00  1.70522554e-01 -2.20669644e-01  7.39766979e-02
 -5.38034174e-01 -2.64948971e-05  2.91003827e-05  0.00000000e+00]","[ 0.          1.62088144 11.09256458  0.96250182 -7.84273005  0.15424742
 -0.34117672 -0.57584423]"
1749055014.9971704,"[ 0.00000000e+00 -1.04473146e-01  5.45907244e-01 -3.06291062e+00
 -2.22016715e+00  6.12527051e-05  9.60109321e-01  1.57107689e+00]","[ 0.00000000e+00  1.76643747e-01 -2.16618177e-01  8.61610926e-02
 -5.51539031e-01 -1.59089679e-05  2.91003827e-05  0.00000000e+00]","[ 0.          1.63448036 11.19209385  0.96223587 -7.90746307  0.16434994
 -0.364281   -0.55867183]"
1749055014.9987557,"[ 0.00000000e+00 -1.04296845e-01  5.45676747e-01 -3.06282194e+00
 -2.22071629e+00  6.12527051e-05  9.60109321e-01  1.57107689e+00]","[ 0.00000000e+00  1.78804536e-01 -2.17165490e-01  8.98513268e-02
 -5.56940987e-01 -1.58967790e-05  2.91003827e-05  0.00000000e+00]","[ 0.          1.64149404 11.17894268  0.94122428 -7.87352371  0.17176954
 -0.35646439 -0.56175953]"
1749055014.9999602,"[ 0.00000000e+00 -1.03929862e-01  5.45248777e-01 -3.06262460e+00
 -2.22187343e+00  6.12527051e-05  9.60110253e-01  1.57107689e+00]","[ 0.00000000e+00  1.79344725e-01 -2.16398700e-01  9.85855797e-02
 -5.67238265e-01 -1.58969375e-05  3.70368514e-05  0.00000000e+00]","[ 0.          1.60915804 11.20691204  0.92150635 -7.80940056  0.1883682
 -0.3367604  -0.55583346]"
1749055015.0017323,"[ 0.00000000e+00 -1.03751430e-01  5.45037089e-01 -3.06250929e+00
 -2.22243909e+00  6.12527051e-05  9.60110253e-01  1.57107689e+00]","[ 0.00000000e+00  1.80965308e-01 -2.14945496e-01  1.01331174e-01
 -5.73105808e-01 -1.59089679e-05  3.70368514e-05  0.00000000e+00]","[ 0.          1.58938074 11.21760941  0.90051311 -7.83339357  0.18727072
 -0.32307583 -0.55915308]"
1749055015.0033646,"[ 0.00000000e+00 -1.03392436e-01  5.44600863e-01 -3.06229623e+00
 -2.22358744e+00  6.12527051e-05  9.60110253e-01  1.57107689e+00]","[ 0.00000000e+00  1.81861245e-01 -2.12296616e-01  1.05067922e-01
 -5.84490955e-01 -1.58969375e-05  3.70368514e-05  0.00000000e+00]","[ 0.          1.58498561 11.22078705  0.90441364 -7.69375706  0.20576859
 -0.297259   -0.57540637]"
1749055015.0045116,"[ 0.00000000e+00 -1.03198025e-01  5.44392371e-01 -3.06218971e+00
 -2.22416801e+00  6.12527051e-05  9.60110253e-01  1.57107689e+00]","[ 0.00000000e+00  1.83060983e-01 -2.11486316e-01  1.08038994e-01
 -5.88812467e-01 -1.58969375e-05  2.91003827e-05  0.00000000e+00]","[ 0.          1.56831253 11.17807961  0.89516175 -7.56171417  0.20581686
 -0.28539377 -0.59363174]"
1749055015.006152,"[ 0.00000000e+00 -1.02833704e-01  5.43965333e-01 -3.06196227e+00
 -2.22539040e+00  6.12527051e-05  9.60110253e-01  1.57107689e+00]","[ 0.00000000e+00  1.85286870e-01 -2.07887054e-01  1.12006205e-01
 -5.99278690e-01 -1.59089679e-05  2.91006692e-05  0.00000000e+00]","[ 0.          1.53181911 11.0561676   0.85668522 -7.51392174  0.21615599
 -0.27939317 -0.57391483]"
1749055015.0073597,"[ 0.00000000e+00 -1.02635565e-01  5.43762367e-01 -3.06184856e+00
 -2.22598456e+00  6.12527051e-05  9.60110253e-01  1.57107689e+00]","[ 0.00000000e+00  1.86571728e-01 -2.05605740e-01  1.15331620e-01
 -6.02587468e-01 -1.58969375e-05  2.91006692e-05  0.00000000e+00]","[ 0.          1.53214836 11.01698589  0.84067547 -7.53848839  0.22828597
 -0.26419926 -0.5559876 ]"
1749055015.009152,"[ 0.00000000e+00 -1.02265386e-01  5.43312826e-01 -3.06161793e+00
 -2.22723251e+00  6.12527051e-05  9.60110253e-01  1.57107689e+00]","[ 0.00000000e+00  1.88337021e-01 -2.04841646e-01  1.16952203e-01
 -6.11500668e-01 -1.58969375e-05  1.85184257e-05  0.00000000e+00]","[ 0.          1.50206113 10.90123272  0.85719335 -7.60324049  0.23986851
 -0.24114323 -0.55397624]"
1749055015.0108304,"[ 0.00000000e+00 -1.02077367e-01  5.43142017e-01 -3.06149409e+00
 -2.22784184e+00  6.12527051e-05  9.60110253e-01  1.57107689e+00]","[ 0.00000000e+00  1.90688826e-01 -2.04441456e-01  1.16607332e-01
 -6.17983002e-01 -1.59091264e-05  1.85184257e-05  0.00000000e+00]","[ 0.          1.50918269 10.80576992  0.84797925 -7.6550045   0.24530245
 -0.22227703 -0.54946214]"
1749055015.0119765,"[ 0.00000000e+00 -1.01683219e-01  5.42739314e-01 -3.06126852e+00
 -2.22907169e+00  6.12527051e-05  9.60110253e-01  1.57107689e+00]","[ 0.00000000e+00  1.92590173e-01 -2.03113304e-01  1.13595821e-01
 -6.26180811e-01 -1.58969375e-05  1.85046377e-05  0.00000000e+00]","[ 0.          1.56072819 10.70833302  0.87115061 -7.83638144  0.2529918
 -0.24761093 -0.54632413]"
1749055015.0137148,"[ 0.00000000e+00 -1.01494667e-01  5.42539111e-01 -3.06115613e+00
 -2.22974014e+00  6.12527051e-05  9.60110253e-01  1.57107689e+00]","[ 0.00000000e+00  1.91229014e-01 -2.03113304e-01  1.13981131e-01
 -6.28836715e-01 -1.59089679e-05  1.85184257e-05  0.00000000e+00]","[ 0.          1.6210115  10.73347282  0.91272658 -7.83696127  0.23882779
 -0.24613971 -0.55110806]"
1749055015.0154207,"[ 0.00000000e+00 -1.01099987e-01  5.42096427e-01 -3.06091965e+00
 -2.23099742e+00  6.12527051e-05  9.60110253e-01  1.57107689e+00]","[ 0.00000000e+00  1.93593252e-01 -2.00479088e-01  1.15855031e-01
 -6.39860937e-01 -1.58969375e-05  1.85184257e-05  0.00000000e+00]","[ 0.          1.64736307 10.69329357  0.94352245 -7.97078371  0.20925745
 -0.24599761 -0.55850822]"
1749055015.0165663,"[ 0.00000000e+00 -1.00907174e-01  5.41899453e-01 -3.06080327e+00
 -2.23168212e+00  6.12527051e-05  9.60111251e-01  1.57107689e+00]","[ 0.00000000e+00  1.95352437e-01 -1.99872137e-01  1.18032598e-01
 -6.44725734e-01 -1.58969375e-05  2.90784288e-05  0.00000000e+00]","[ 0.          1.69312322 10.60232925  0.97477043 -8.11548233  0.23287138
 -0.24952239 -0.54338932]"
1749055015.018312,"[ 0.00000000e+00 -1.00519417e-01  5.41494885e-01 -3.06056331e+00
 -2.23296790e+00  6.12527051e-05  9.60111251e-01  1.57107689e+00]","[ 0.00000000e+00  1.97171159e-01 -1.97441254e-01  1.22230189e-01
 -6.54446205e-01 -1.58969375e-05  2.91006692e-05  0.00000000e+00]","[ 0.          1.79397333 10.5383997   1.052755   -8.30872154  0.20542604
 -0.24396448 -0.52733994]"
1749055015.0194085,"[ 0.00000000e+00 -1.00324474e-01  5.41301573e-01 -3.06043042e+00
 -2.23361797e+00  6.12527051e-05  9.60111251e-01  1.57107689e+00]","[ 0.00000000e+00  1.97711348e-01 -1.96090765e-01  1.25133459e-01
 -6.58639951e-01 -1.58969375e-05  2.91006692e-05  0.00000000e+00]","[ 0.          1.83824444 10.51074123  1.0622375  -8.37025261  0.17877042
 -0.26307851 -0.55107802]"
1749055015.0211685,"[ 0.00000000e+00 -9.99074230e-02  5.40898870e-01 -3.06030339e+00
 -2.23498178e+00  6.12527051e-05  9.60111251e-01  1.57107689e+00]","[ 0.00000000e+00  2.05605740e-01 -1.95665924e-01  1.28836493e-01
 -6.68297972e-01 -1.58969375e-05  3.70368514e-05  0.00000000e+00]","[ 0.          1.96541703 10.43020344  1.12098694 -8.49898815  0.19487558
 -0.28679478 -0.56069118]"
1749055015.0229204,"[ 0.00000000e+00 -9.97034249e-02  5.40706024e-01 -3.06017529e+00
 -2.23564677e+00  6.12527051e-05  9.60111251e-01  1.57107689e+00]","[ 0.00000000e+00  2.07104717e-01 -1.95550576e-01  1.29916888e-01
 -6.74433429e-01 -1.58609609e-05  3.70372172e-05  0.00000000e+00]","[ 0.          1.99303019 10.37222385  1.16838145 -8.55470753  0.20659152
 -0.29045019 -0.56699502]"
1749055015.0240445,"[ 0.00000000e+00 -9.92709275e-02  5.40319832e-01 -3.05990471e+00
 -2.23699353e+00  6.12527051e-05  9.60111251e-01  1.57107689e+00]","[ 0.00000000e+00  2.11950538e-01 -1.96630970e-01  1.32656515e-01
 -6.84967229e-01 -1.58730919e-05  3.70092754e-05  0.00000000e+00]","[ 0.          2.07169771 10.29991436  1.23327398 -8.62180901  0.22489753
 -0.27354118 -0.57876343]"
1749055015.0257905,"[ 0.00000000e+00 -9.88480175e-02  5.39916197e-01 -3.05963840e+00
 -2.23851899e+00  6.12527051e-05  9.60111251e-01  1.57107689e+00]","[ 0.00000000e+00  2.14457388e-01 -1.97780857e-01  1.35721380e-01
 -6.95835590e-01 -1.58729355e-05  4.76188043e-05  0.00000000e+00]","[ 0.          2.19510961 10.22268963  1.30285287 -8.63733196  0.21050109
 -0.25153849 -0.57807142]"
1749055015.0274699,"[ 0.00000000e+00 -9.86354973e-02  5.39916197e-01 -3.05950284e+00
 -2.23921008e+00  6.12527051e-05  9.60111251e-01  1.57107689e+00]","[ 0.00000000e+00  2.15537783e-01 -1.97780857e-01  1.37479616e-01
 -7.00902920e-01 -1.58729355e-05  4.76188043e-05  0.00000000e+00]","[ 0.          2.23456216 10.22268963  1.31782556 -8.55488873  0.20940296
 -0.25015244 -0.58404827]"
1749055015.0285702,"[ 0.00000000e+00 -9.81896841e-02  5.39525444e-01 -3.05921868e+00
 -2.24066203e+00  6.12527051e-05  9.60111251e-01  1.57107689e+00]","[ 0.00000000e+00  2.17158366e-01 -1.98251554e-01  1.39640388e-01
 -7.11706832e-01 -1.58729355e-05  4.76188043e-05  0.00000000e+00]","[ 0.          2.30602741 10.18433952  1.37970638 -8.50424099  0.18042132
 -0.27152702 -0.58035058]"
1749055015.0302908,"[ 0.00000000e+00 -9.79745007e-02  5.39314222e-01 -3.05908047e+00
 -2.24137017e+00  6.12527051e-05  9.60111251e-01  1.57107689e+00]","[ 0.00000000e+00  2.18238761e-01 -1.98859387e-01  1.40038564e-01
 -7.18189165e-01 -1.58609609e-05  4.76192757e-05  0.00000000e+00]","[ 0.          2.37700057 10.19812393  1.41067803 -8.52623558  0.1837012
 -0.27485439 -0.57074857]"
1749055015.0319605,"[ 0.00000000e+00 -9.75201654e-02  5.38921606e-01 -3.05880776e+00
 -2.24285462e+00  6.12527051e-05  9.60111251e-01  1.57107689e+00]","[ 0.00000000e+00  2.23640717e-01 -1.99872137e-01  1.38149792e-01
 -7.26726994e-01 -1.58730919e-05  4.76188043e-05  0.00000000e+00]","[ 0.          2.51027489 10.16164875  1.49295354 -8.4176569   0.18787901
 -0.23154809 -0.5768652 ]"
1749055015.0330684,"[ 0.00000000e+00 -9.72969925e-02  5.38723700e-01 -3.05865889e+00
 -2.24357660e+00  6.12527051e-05  9.60111251e-01  1.57107689e+00]","[ 0.00000000e+00  2.26341678e-01 -2.00682421e-01  1.40179562e-01
 -7.32234278e-01 -1.58729355e-05  4.76188043e-05  0.00000000e+00]","[ 0.          2.53570604 10.14116955  1.49072838 -8.31287289  0.16380645
 -0.21607722 -0.57836705]"
1749055015.035347,"[ 0.00000000e+00 -9.68442551e-02  5.38317301e-01 -3.05837739e+00
 -2.24503228e+00  6.12527051e-05  9.60112184e-01  1.57107689e+00]","[ 0.00000000e+00  2.31438170e-01 -1.97441254e-01  1.44502155e-01
 -7.40607256e-01 -1.58729355e-05  5.82007654e-05  0.00000000e+00]","[ 0.          2.67011714 10.11183643  1.57570016 -8.07449532  0.18617485
 -0.20705868 -0.55934304]"
1749055015.037058,"[ 0.00000000e+00 -9.65965812e-02  5.38122624e-01 -3.05822213e+00
 -2.24582324e+00  6.12527051e-05  9.60112184e-01  1.57107689e+00]","[ 0.00000000e+00  2.32995270e-01 -1.97241200e-01  1.46198006e-01
 -7.44782294e-01 -1.58730919e-05  5.82013384e-05  0.00000000e+00]","[ 0.          2.71079612 10.15095329  1.63146079 -7.91335583  0.19385302
 -0.17563607 -0.56333113]"
1749055015.0381584,"[ 0.00000000e+00 -9.61315932e-02  5.37718057e-01 -3.05792572e+00
 -2.24730103e+00  6.12527051e-05  9.60113116e-01  1.57107689e+00]","[ 0.00000000e+00  2.36605385e-01 -1.98859387e-01  1.52064884e-01
 -7.50330790e-01 -1.58611183e-05  6.61372301e-05  0.00000000e+00]","[ 0.          2.84513521 10.07768345  1.68010664 -7.63076353  0.18080285
 -0.1475817  -0.56782341]"
1749055015.0399027,"[ 0.00000000e+00 -9.56415716e-02  5.37326372e-01 -3.05761333e+00
 -2.24885019e+00  6.12527051e-05  9.60113116e-01  1.57107689e+00]","[ 0.00000000e+00  2.40737728e-01 -1.98251554e-01  1.60707990e-01
 -7.58323802e-01 -1.58729355e-05  6.61372301e-05  0.00000000e+00]","[ 0.          2.95532632 10.0831995   1.78063262 -7.39056015  0.19887416
 -0.11148585 -0.55014867]"
1749055015.0415776,"[ 0.00000000e+00 -9.54008218e-02  5.37130297e-01 -3.05743783e+00
 -2.24960120e+00  6.12527051e-05  9.60113116e-01  1.57107689e+00]","[ 0.00000000e+00  2.43920722e-01 -1.98590325e-01  1.65256419e-01
 -7.61674858e-01 -1.58729355e-05  6.61378843e-05  0.00000000e+00]","[ 0.          2.9571898  10.11802387  1.75788665 -7.39056015  0.19013165
 -0.11720867 -0.56907177]"
1749055015.0427022,"[ 0.00000000e+00 -9.49118655e-02  5.36721635e-01 -3.05710174e+00
 -2.25035408e+00  6.12527051e-05  9.60113116e-01  1.57107689e+00]","[ 0.00000000e+00  2.50110258e-01 -1.99872137e-01  1.72052091e-01
 -7.63565569e-01 -1.58729355e-05  5.82013384e-05  0.00000000e+00]","[ 0.          3.01423407 10.21695232  1.80503857 -7.266994    0.18956725
 -0.14663082 -0.5751937 ]"
1749055015.0444455,"[ 0.00000000e+00 -9.46423536e-02  5.36523696e-01 -3.05692970e+00
 -2.25111095e+00  6.12527051e-05  9.60113116e-01  1.57107689e+00]","[ 0.00000000e+00  2.53777680e-01 -2.00682421e-01  1.74482974e-01
 -7.67617036e-01 -1.58730919e-05  5.82007654e-05  0.00000000e+00]","[ 0.          3.10748386 10.2823782   1.84587932 -7.29227018  0.18681748
 -0.15947808 -0.56765842]"
1749055015.0456302,"[ 0.00000000e+00 -9.41336898e-02  5.36118263e-01 -3.05656458e+00
 -2.25269100e+00  6.12527051e-05  9.60113116e-01  1.57107689e+00]","[ 0.00000000e+00  2.59833775e-01 -1.96901065e-01  1.79884914e-01
 -7.72235756e-01 -5.29097849e-06  4.76188043e-05  0.00000000e+00]","[ 0.          3.18189788 10.4621067   1.83656991 -7.22347212  0.17055959
 -0.17306884 -0.57064468]"
1749055015.0479252,"[ 0.00000000e+00 -9.38748305e-02  5.35926315e-01 -3.05638588e+00
 -2.25345506e+00  6.12527051e-05  9.60114114e-01  1.57107689e+00]","[ 0.00000000e+00  2.62534753e-01 -1.94542969e-01  1.81235403e-01
 -7.74909636e-01 -5.29097849e-06  5.82013384e-05  0.00000000e+00]","[ 0.          3.1367979  10.65983391  1.83515155 -7.19562817  0.17678839
 -0.19535396 -0.56433928]"
1749055015.0496695,"[ 0.00000000e+00 -9.33352741e-02  5.35534631e-01 -3.05601304e+00
 -2.25505030e+00  6.12527051e-05  9.60114114e-01  1.57107689e+00]","[ 0.00000000e+00  2.64695526e-01 -1.90333260e-01  1.82057903e-01
 -7.80140684e-01 -5.29097849e-06  5.82007654e-05  0.00000000e+00]","[ 0.          3.22476697 10.91630936  1.79984403 -7.19752789  0.20390479
 -0.21305962 -0.55106217]"
1749055015.051408,"[ 0.00000000e+00 -9.28058377e-02  5.35163120e-01 -3.05565165e+00
 -2.25659786e+00  6.12527051e-05  9.60114114e-01  1.57107689e+00]","[ 0.00000000e+00  2.69557276e-01 -1.88528036e-01  1.83126081e-01
 -7.86806243e-01 -5.28698695e-06  5.82007654e-05  0.00000000e+00]","[ 0.          3.28237414 11.18471718  1.84170437 -7.28339052  0.20875457
 -0.23493838 -0.55580062]"
1749055015.052584,"[ 0.00000000e+00 -9.22460412e-02  5.34797601e-01 -3.05527161e+00
 -2.25821919e+00  6.12527051e-05  9.60114114e-01  1.57107689e+00]","[ 0.00000000e+00  2.76039626e-01 -1.84476569e-01  1.87073268e-01
 -7.93186045e-01 -5.29097849e-06  5.82447383e-05  0.00000000e+00]","[ 0.          3.37764764 11.48429585  1.83498895 -7.47667646  0.21982491
 -0.24153382 -0.58825505]"
1749055015.0543864,"[ 0.00000000e+00 -9.19706703e-02  5.34602458e-01 -3.05508413e+00
 -2.25900722e+00  6.12527051e-05  9.60114114e-01  1.57107689e+00]","[ 0.00000000e+00  2.78997816e-01 -1.83640370e-01  1.90148620e-01
 -7.99218438e-01 -5.29097849e-06  5.82447383e-05  0.00000000e+00]","[ 0.          3.49198532 11.59521008  1.89603055 -7.6258626   0.21488351
 -0.24771877 -0.58484215]"
1749055015.0555186,"[ 0.00000000e+00 -9.13874381e-02  5.34245228e-01 -3.05470037e+00
 -2.26059580e+00  6.12527051e-05  9.60113116e-01  1.57107689e+00]","[ 0.00000000e+00  2.86879108e-01 -1.80155025e-01  1.94812797e-01
 -8.07321372e-01  0.00000000e+00  4.76192757e-05  0.00000000e+00]","[ 0.          3.57121873 11.95116138  1.94039583 -7.93726921  0.18418728
 -0.33436197 -0.5809803 ]"
1749055015.0572958,"[ 0.00000000e+00 -9.11019472e-02  5.34070724e-01 -3.05450702e+00
 -2.26145786e+00  6.12527051e-05  9.60113116e-01  1.57107689e+00]","[ 0.00000000e+00  2.89544500e-01 -1.76913841e-01  1.96090765e-01
 -8.11737492e-01  0.00000000e+00  4.76188043e-05  0.00000000e+00]","[ 0.          3.61655927 12.13828087  1.9124409  -8.05325413  0.19394417
 -0.34321383 -0.55559629]"
1749055015.0590355,"[ 0.00000000e+00 -9.05203128e-02  5.33724946e-01 -3.05409503e+00
 -2.26307227e+00  6.12527051e-05  9.60113116e-01  1.57107689e+00]","[ 0.00000000e+00  2.96567022e-01 -1.66548968e-01  2.03113304e-01
 -8.21096306e-01  0.00000000e+00  4.76188043e-05  0.00000000e+00]","[ 0.          3.65265417 12.46453476  1.93750286 -8.13167095  0.21812755
 -0.37905097 -0.55888456]"
1749055015.0601747,"[ 0.00000000e+00 -9.02023314e-02  5.33565623e-01 -3.05389263e+00
 -2.26388613e+00  6.12527051e-05  9.60113116e-01  1.57107689e+00]","[ 0.00000000e+00  2.99135874e-01 -1.61354639e-01  2.05274077e-01
 -8.25417885e-01  0.00000000e+00  4.76188043e-05  0.00000000e+00]","[ 0.          3.75090909 12.60731316  1.97284937 -8.12580013  0.2200768
 -0.3762356  -0.56829762]"
1749055015.0618963,"[ 0.00000000e+00 -8.96015222e-02  5.33252435e-01 -3.05346839e+00
 -2.26558789e+00  6.12527051e-05  9.60113116e-01  1.57107689e+00]","[ 0.00000000e+00  3.06830745e-01 -1.49904095e-01  2.07887054e-01
 -8.32802031e-01  0.00000000e+00  4.76192757e-05  0.00000000e+00]","[ 0.          3.81477499 12.77858162  1.98526394 -8.2008791   0.24321574
 -0.38664237 -0.57889932]"
1749055015.0635815,"[ 0.00000000e+00 -8.92963240e-02  5.33111021e-01 -3.05326173e+00
 -2.26641241e+00  6.12527051e-05  9.60113116e-01  1.57107689e+00]","[ 0.00000000e+00  3.09531723e-01 -1.43421761e-01  2.09595638e-01
 -8.36221796e-01  0.00000000e+00  4.76192757e-05  0.00000000e+00]","[ 0.          3.77805352 12.84474659  1.98336697 -8.24114227  0.24613513
 -0.41002652 -0.58029652]"
1749055015.06532,"[ 0.00000000e+00 -8.86518390e-02  5.32832288e-01 -3.05284041e+00
 -2.26813627e+00  6.12527051e-05  9.60113116e-01  1.57107689e+00]","[ 0.00000000e+00  3.16554246e-01 -1.33910356e-01  2.15807877e-01
 -8.42290475e-01  0.00000000e+00  4.76188043e-05  0.00000000e+00]","[ 0.          3.77368927 12.92002487  2.01256609 -8.17793083  0.2545473
 -0.39316684 -0.58458072]"
1749055015.067125,"[ 0.00000000e+00 -8.80196046e-02  5.32583416e-01 -3.05238688e+00
 -2.26980740e+00  6.12527051e-05  9.60113116e-01  1.57107689e+00]","[ 0.00000000e+00  3.21956202e-01 -1.25865421e-01  2.23640717e-01
 -8.48646242e-01  0.00000000e+00  4.76908124e-05  0.00000000e+00]","[ 0.          3.76143122 12.88434887  2.01212025 -8.06919193  0.27188873
 -0.32386252 -0.57163918]"
1749055015.0682437,"[ 0.00000000e+00 -8.76749915e-02  5.32464006e-01 -3.05216370e+00
 -2.27064630e+00  6.12527051e-05  9.60113116e-01  1.57107689e+00]","[ 0.00000000e+00  3.24494394e-01 -1.21003670e-01  2.26341678e-01
 -8.50807064e-01  0.00000000e+00  4.76908124e-05  0.00000000e+00]","[ 0.          3.75117421 12.857687    2.02246833 -7.92990494  0.2876226
 -0.30546242 -0.57768601]"
1749055015.06999,"[ 0.00000000e+00 -8.70203865e-02  5.32222923e-01 -3.05168940e+00
 -2.27239813e+00  6.12527051e-05  9.60113116e-01  1.57107689e+00]","[ 0.00000000e+00  3.34380681e-01 -1.17108872e-01  2.32744750e-01
 -8.55611340e-01  0.00000000e+00  4.76908124e-05  0.00000000e+00]","[ 0.          3.74326396 12.77895641  1.99710882 -7.68080282  0.27949861
 -0.31134066 -0.55395192]"
1749055015.071156,"[ 0.00000000e+00 -8.66869587e-02  5.32110438e-01 -3.05145690e+00
 -2.27324581e+00  6.17853373e-05  9.60113116e-01  1.57107689e+00]","[ 0.00000000e+00  3.37819421e-01 -1.13981131e-01  2.35795101e-01
 -8.59720265e-01  5.29497611e-06  3.70928568e-05  0.00000000e+00]","[ 0.          3.70553541 12.69599056  1.97986889 -7.61631012  0.29932857
 -0.30334294 -0.55743313]"
1749055015.0729082,"[ 0.00000000e+00 -8.59780253e-02  5.31886799e-01 -3.05099218e+00
 -2.27494411e+00  6.17853373e-05  9.60113116e-01  1.57107689e+00]","[ 0.00000000e+00  3.47739197e-01 -1.07328904e-01  2.36335290e-01
 -8.61881021e-01  5.29097849e-06  3.71209245e-05  0.00000000e+00]","[ 0.          3.64999986 12.5620203   1.98400319 -7.31711578  0.31351957
 -0.25384778 -0.57532817]"
1749055015.0740345,"[ 0.00000000e+00 -8.56339449e-02  5.31783502e-01 -3.05074291e+00
 -2.27586210e+00  6.17853373e-05  9.60114114e-01  1.57107689e+00]","[ 0.00000000e+00  3.48965949e-01 -1.04797819e-01  2.34719284e-01
 -8.64398906e-01  5.29103081e-06  4.76908124e-05  0.00000000e+00]","[ 0.          3.65931821 12.49206734  1.98243749 -7.16235876  0.30656043
 -0.22661456 -0.56514406]"
1749055015.0758166,"[ 0.00000000e+00 -8.52856034e-02  5.31683866e-01 -3.05051015e+00
 -2.27671591e+00  6.17853373e-05  9.60114114e-01  1.57107689e+00]","[ 0.00000000e+00  3.53287493e-01 -1.01016455e-01  2.35826010e-01
 -8.65932488e-01  5.29097849e-06  4.76908124e-05  0.00000000e+00]","[ 0.          3.59362245 12.40822792  1.97820973 -6.98472691  0.31819659
 -0.17451213 -0.55499905]"
1749055015.0769398,"[ 0.00000000e+00 -8.45558972e-02  5.31488224e-01 -3.05003983e+00
 -2.27842672e+00  6.17853373e-05  9.60114114e-01  1.57107689e+00]","[ 0.00000000e+00  3.57786371e-01 -9.47904752e-02  2.39036268e-01
 -8.68093310e-01  5.29097849e-06  3.71209245e-05  0.00000000e+00]","[ 0.          3.5422914  12.24298286  1.97447944 -6.61468506  0.34959909
 -0.16173345 -0.56197727]"
1749055015.0785942,"[ 0.00000000e+00 -8.41995663e-02  5.31397310e-01 -3.04978177e+00
 -2.27934978e+00  6.17853373e-05  9.60114114e-01  1.57107689e+00]","[ 0.00000000e+00  3.61757311e-01 -9.20099187e-02  2.42994641e-01
 -8.69163501e-01  5.29097849e-06  3.70928568e-05  0.00000000e+00]","[ 0.          3.53462958 12.11168766  1.96794569 -6.59264326  0.35133958
 -0.1559599  -0.55937868]"
1749055015.0803134,"[ 0.00000000e+00 -8.34751865e-02  5.31226502e-01 -3.04929202e+00
 -2.28106938e+00  6.17853373e-05  9.60114114e-01  1.57107689e+00]","[ 0.00000000e+00  3.68953139e-01 -8.48106036e-02  2.49570069e-01
 -8.73225155e-01  5.29097849e-06  3.70928568e-05  0.00000000e+00]","[ 0.          3.48721385 11.78187656  1.94740677 -6.39469814  0.36706987
 -0.1634351  -0.56205326]"
1749055015.0815344,"[ 0.00000000e+00 -8.30810386e-02  5.31145209e-01 -3.04904354e+00
 -2.28199696e+00  6.17853373e-05  9.60115046e-01  1.57107689e+00]","[ 0.00000000e+00  3.71137331e-01 -8.23797284e-02  2.52000952e-01
 -8.73426556e-01  5.29097849e-06  4.76908124e-05  0.00000000e+00]","[ 0.          3.47275877 11.65260696  1.92293143 -6.30534363  0.36914852
 -0.15041733 -0.56274778]"
1749055015.0836973,"[ 0.00000000e+00 -8.23390820e-02  5.30980359e-01 -3.04852050e+00
 -2.28372615e+00  6.17853373e-05  9.60115046e-01  1.57107689e+00]","[ 0.00000000e+00  3.77596262e-01 -7.96787588e-02  2.56285363e-01
 -8.77816777e-01  5.29497611e-06  4.76908124e-05  0.00000000e+00]","[ 0.          3.45886898 11.50059891  1.93013823 -6.3010273   0.38490945
 -0.14399974 -0.56613421]"
1749055015.0848997,"[ 0.00000000e+00 -8.15486557e-02  5.30828825e-01 -3.04801343e+00
 -2.28546093e+00  6.17853373e-05  9.60115046e-01  1.57107689e+00]","[ 0.00000000e+00  3.87824398e-01 -7.31555038e-02  2.57672986e-01
 -8.80165286e-01  5.29097849e-06  4.76908124e-05  0.00000000e+00]","[ 0.          3.53132129 11.38972282  1.93826079 -6.24219561  0.38844582
 -0.1641615  -0.56650335]"
1749055015.0866778,"[ 0.00000000e+00 -8.11603669e-02  5.30759516e-01 -3.04773860e+00
 -2.28639916e+00  6.17853373e-05  9.60115046e-01  1.57107689e+00]","[ 0.00000000e+00  3.93802130e-01 -7.02253442e-02  2.58549599e-01
 -8.83457286e-01  5.29097849e-06  4.76908124e-05  0.00000000e+00]","[ 0.          3.51310754 11.36457157  1.9449085  -6.31770897  0.39327577
 -0.16721924 -0.56277615]"
1749055015.0878253,"[ 0.00000000e+00 -8.03742017e-02  5.30625892e-01 -3.04721582e+00
 -2.28814327e+00  6.17853373e-05  9.60115046e-01  1.57107689e+00]","[ 0.00000000e+00  3.99744275e-01 -6.61738814e-02  2.66585921e-01
 -8.85919711e-01  5.29097849e-06  4.76908124e-05  0.00000000e+00]","[ 0.          3.44461846 11.33032131  1.94841743 -6.30220938  0.40827838
 -0.16704148 -0.57116449]"
1749055015.089572,"[ 0.00000000e+00 -7.99773907e-02  5.30559280e-01 -3.04695057e+00
 -2.28901785e+00  6.17853373e-05  9.60115046e-01  1.57107689e+00]","[ 0.00000000e+00  4.02037489e-01 -6.26921145e-02  2.69017087e-01
 -8.87000089e-01  5.29103081e-06  4.77269018e-05  0.00000000e+00]","[ 0.          3.47440457 11.27124405  1.94288659 -6.2627182   0.41738063
 -0.16163069 -0.55637777]"
1749055015.0913143,"[ 0.00000000e+00 -7.91411581e-02  5.30446329e-01 -3.04639530e+00
 -2.29083945e+00  6.17853373e-05  9.60115046e-01  1.57107689e+00]","[ 0.00000000e+00  4.10132201e-01 -5.64503723e-02  2.72083784e-01
 -8.91321667e-01  5.29097849e-06  4.76908124e-05  0.00000000e+00]","[ 0.          3.40116787 11.21421814  1.90365946 -6.48435593  0.42346925
 -0.17734933 -0.56306195]"
1749055015.092509,"[ 0.00000000e+00 -7.83214371e-02  5.30338437e-01 -3.04585574e+00
 -2.29259953e+00  6.28506017e-05  9.60115046e-01  1.57107689e+00]","[ 0.00000000e+00  4.17570709e-01 -5.48297889e-02  2.73601353e-01
 -8.93212379e-01  1.58729355e-05  4.77264263e-05  0.00000000e+00]","[ 0.          3.30005336 11.14033031  1.87615025 -6.70643091  0.44908693
 -0.23216327 -0.55500907]"
1749055015.0942044,"[ 0.00000000e+00 -7.79065166e-02  5.30281479e-01 -3.04558756e+00
 -2.29348344e+00  6.28506017e-05  9.60115046e-01  1.57107689e+00]","[ 0.00000000e+00  4.20811876e-01 -5.36644520e-02  2.72264296e-01
 -8.96453512e-01  1.58730919e-05  4.76908124e-05  0.00000000e+00]","[ 0.          3.26054668 11.1428833   1.89257753 -6.73328066  0.47357962
 -0.25414833 -0.55937284]"
1749055015.0953474,"[ 0.00000000e+00 -7.74564424e-02  5.30230513e-01 -3.04529701e+00
 -2.29443632e+00  6.28506017e-05  9.60115046e-01  1.57107689e+00]","[ 0.00000000e+00  4.23798711e-01 -5.15886178e-02  2.73331025e-01
 -8.97249531e-01  1.58849283e-05  4.76908124e-05  0.00000000e+00]","[ 0.          3.30201745 11.22198391  1.89149356 -6.85853052  0.48957711
 -0.29950258 -0.55378765]"
1749055015.0971644,"[ 0.00000000e+00 -7.66079593e-02  5.30130877e-01 -3.04474866e+00
 -2.29621078e+00  6.28506017e-05  9.60115046e-01  1.57107689e+00]","[ 0.00000000e+00  4.31615755e-01 -5.02381288e-02  2.79820999e-01
 -9.00775090e-01  1.58729355e-05  5.83328791e-05  0.00000000e+00]","[ 0.          3.3341341  11.32520103  1.8824271  -6.98922396  0.51990253
 -0.31508958 -0.56815839]"
1749055015.0988808,"[ 0.00000000e+00 -7.57110066e-02  5.30025250e-01 -3.04416650e+00
 -2.29805928e+00  6.28506017e-05  9.60115046e-01  1.57107689e+00]","[ 0.00000000e+00  4.40349425e-01 -5.21288109e-02  2.85473592e-01
 -9.03476068e-01  1.58850858e-05  4.76908124e-05  0.00000000e+00]","[ 0.          3.36660504 11.52809906  1.91756463 -7.11347008  0.51920986
 -0.3556273  -0.57165229]"
1749055015.100027,"[ 0.00000000e+00 -7.52747808e-02  5.29973817e-01 -3.04388260e+00
 -2.29895197e+00  6.28506017e-05  9.60114114e-01  1.57107689e+00]","[ 0.00000000e+00  4.42419667e-01 -5.21288109e-02  2.87923900e-01
 -9.05366713e-01  1.58730919e-05  3.71209245e-05  0.00000000e+00]","[ 0.          3.3370688  11.62310219  1.89937508 -7.06927395  0.53936893
 -0.36045405 -0.55831158]"
1749055015.1018393,"[ 0.00000000e+00 -7.48342940e-02  5.29918257e-01 -3.04359658e+00
 -2.29984706e+00  6.28506017e-05  9.60114114e-01  1.57107689e+00]","[ 0.00000000e+00  4.46288574e-01 -5.24106066e-02  2.90084689e-01
 -9.07797646e-01  1.58730919e-05  3.71209245e-05  0.00000000e+00]","[ 0.          3.43385172 11.7668581   1.86854255 -7.07698345  0.52582884
 -0.36291325 -0.53675097]"
1749055015.103005,"[ 0.00000000e+00 -7.39091118e-02  5.29824148e-01 -3.04300243e+00
 -2.30171261e+00  6.28506017e-05  9.60114114e-01  1.57107689e+00]","[ 0.00000000e+00  4.53763768e-01 -4.56002254e-02  2.90139117e-01
 -9.11437455e-01  1.58729355e-05  3.70928568e-05  0.00000000e+00]","[ 0.          3.45088339 12.04192924  1.8803767  -7.07492781  0.56696349
 -0.37403122 -0.54512131]"
1749055015.1047738,"[ 0.00000000e+00 -7.34574397e-02  5.29782802e-01 -3.04271401e+00
 -2.30261222e+00  6.28506017e-05  9.60114114e-01  1.57107689e+00]","[ 0.00000000e+00  4.58085312e-01 -4.18651087e-02  2.92515555e-01
 -9.12389269e-01  1.58849283e-05  3.71209245e-05  0.00000000e+00]","[ 0.          3.41345739 12.17339897  1.88523424 -6.97016478  0.58368832
 -0.37361389 -0.56657386]"
1749055015.1059031,"[ 0.00000000e+00 -7.25445081e-02  5.29711163e-01 -3.04213504e+00
 -2.30441971e+00  6.39158662e-05  9.60114114e-01  1.57107689e+00]","[ 0.00000000e+00  4.65107868e-01 -3.28506684e-02  2.94406233e-01
 -9.17521114e-01  2.64551545e-05  3.71205547e-05  0.00000000e+00]","[ 0.          3.4772644  12.3636961   1.89980912 -6.81316519  0.5962528
 -0.37971935 -0.56784356]"
1749055015.1076689,"[ 0.00000000e+00 -7.20486275e-02  5.29683633e-01 -3.04181919e+00
 -2.30539549e+00  6.39158662e-05  9.60114114e-01  1.57107689e+00]","[ 0.00000000e+00  4.66930869e-01 -2.78200403e-02  2.97131613e-01
 -9.18815610e-01  2.64551545e-05  3.70924870e-05  0.00000000e+00]","[ 0.          3.54687643 12.44904041  1.93009341 -6.74548817  0.60629922
 -0.39438823 -0.55876386]"
1749055015.1093829,"[ 0.00000000e+00 -7.11154559e-02  5.29639091e-01 -3.04122770e+00
 -2.30721097e+00  6.39158662e-05  9.60114114e-01  1.57107689e+00]","[ 0.00000000e+00  4.75371558e-01 -1.95599403e-02  3.00888600e-01
 -9.21032425e-01  2.64548924e-05  3.71209245e-05  0.00000000e+00]","[ 0.          3.56050801 12.61937141  1.99045777 -6.40852547  0.63872856
 -0.40803635 -0.55280143]"
1749055015.1111345,"[ 0.00000000e+00 -7.01268905e-02  5.29614757e-01 -3.04060851e+00
 -2.30909835e+00  6.39158662e-05  9.60114114e-01  1.57107689e+00]","[ 0.00000000e+00  4.84986202e-01 -1.02533044e-02  3.03179052e-01
 -9.21323309e-01  2.64548924e-05  3.70928568e-05  0.00000000e+00]","[ 0.          3.74144316 12.60119057  2.06812596 -5.9130187   0.63151455
 -0.35482809 -0.53860867]"
1749055015.1128838,"[ 0.00000000e+00 -6.91638914e-02  5.29606934e-01 -3.04000850e+00
 -2.31091303e+00  6.39158662e-05  9.60115046e-01  1.57107689e+00]","[ 0.00000000e+00  4.90497015e-01 -1.75537920e-03  3.04940034e-01
 -9.19411825e-01  2.64548924e-05  4.77273772e-05  0.00000000e+00]","[ 0.          3.77591014 12.7719326   2.09335828 -5.29445314  0.60038853
 -0.29048735 -0.53797704]"
1749055015.1152132,"[ 0.00000000e+00 -6.86770656e-02  5.29609231e-01 -3.03970544e+00
 -2.31188828e+00  6.39158662e-05  9.60115046e-01  1.57107689e+00]","[ 0.00000000e+00  4.93738182e-01  2.43087727e-03  3.07059511e-01
 -9.18314070e-01  2.64551545e-05  4.77269018e-05  0.00000000e+00]","[ 0.          3.87992096 12.76622963  2.08027411 -5.19418001  0.56521857
 -0.26850784 -0.53797704]"
1749055015.116904,"[ 0.00000000e+00 -6.76480201e-02  5.29617486e-01 -3.03906308e+00
 -2.31369390e+00  6.39158662e-05  9.60115046e-01  1.57107689e+00]","[ 0.00000000e+00  5.05054319e-01  3.60129964e-03  3.15203757e-01
 -9.15208158e-01  2.64548924e-05  3.71209245e-05  0.00000000e+00]","[ 0.          4.00969696 12.84823418  2.1589694  -4.71009493  0.61157668
 -0.26696441 -0.54023671]"
1749055015.1186097,"[ 0.00000000e+00 -6.65678420e-02  5.29620249e-01 -3.03843351e+00
 -2.31548834e+00  6.39158662e-05  9.60115046e-01  1.57107689e+00]","[ 0.00000000e+00  5.09698140e-01  2.71548388e-03  3.20335602e-01
 -9.08067691e-01  2.64548924e-05  3.71205547e-05  0.00000000e+00]","[ 0.          4.10379648 13.01782894  2.14567518 -4.39569616  0.59903282
 -0.26922005 -0.5660885 ]"
1749055015.1209695,"[ 0.00000000e+00 -6.55095018e-02  5.29617952e-01 -3.03777305e+00
 -2.31733844e+00  6.39158662e-05  9.60115046e-01  1.57107689e+00]","[ 0.00000000e+00  5.18122917e-01  1.32462624e-04  3.22169621e-01
 -9.01585357e-01  2.64548924e-05  3.71209245e-05  0.00000000e+00]","[ 0.          4.17629719 13.31293964  2.23999238 -4.18471861  0.6435228
 -0.27608329 -0.5624823 ]"
1749055015.1227212,"[ 0.00000000e+00 -6.44362478e-02  5.29618418e-01 -3.03713442e+00
 -2.31917202e+00  6.39158662e-05  9.60115046e-01  1.57107689e+00]","[ 0.00000000e+00  5.24615171e-01 -2.61967439e-04  3.24927258e-01
 -8.93237279e-01  2.64548924e-05  3.71209245e-05  0.00000000e+00]","[ 0.          4.27522039 13.60763931  2.29226422 -4.13323498  0.61876786
 -0.31225613 -0.56023037]"
1749055015.1244476,"[ 0.00000000e+00 -6.33890929e-02  5.29622080e-01 -3.03646117e+00
 -2.32092385e+00  6.39158662e-05  9.60114114e-01  1.57107689e+00]","[ 0.00000000e+00  5.33171841e-01  3.11065050e-04  3.30599325e-01
 -8.86189822e-01  2.65149452e-05  2.91664395e-05  0.00000000e+00]","[ 0.          4.34256744 13.97760201  2.372612   -4.33530331  0.58957082
 -0.38995719 -0.57323605]"
1749055015.1267748,"[ 0.00000000e+00 -6.22849463e-02  5.29625309e-01 -3.03577514e+00
 -2.32266290e+00  6.39158662e-05  9.60114114e-01  1.57107689e+00]","[ 0.00000000e+00  5.41158328e-01  6.29275707e-04  3.36531283e-01
 -8.79977600e-01  2.64948971e-05  2.91664395e-05  0.00000000e+00]","[ 0.          4.39665127 14.29311562  2.51177287 -4.68037939  0.59771204
 -0.429914   -0.57240081]"
1749055015.1285307,"[ 0.00000000e+00 -6.12138229e-02  5.29629437e-01 -3.03510855e+00
 -2.32445680e+00  6.39158662e-05  9.60112184e-01  1.57107689e+00]","[ 0.00000000e+00  5.44516508e-01  9.04208924e-04  3.38972337e-01
 -8.73689477e-01  2.64948971e-05  1.05979587e-05  0.00000000e+00]","[ 0.          4.5002017  14.8050642   2.59389138 -5.15681124  0.57985592
 -0.58147764 -0.60532665]"
1749055015.1308422,"[ 0.00000000e+00 -6.00889037e-02  5.29636328e-01 -3.03443477e+00
 -2.32617374e+00  6.39158662e-05  9.60111251e-01  1.57107689e+00]","[ 0.00000000e+00  5.50687551e-01  1.33313592e-03  3.43293881e-01
 -8.69443799e-01  2.64948971e-05  0.00000000e+00  0.00000000e+00]","[ 0.          4.53105211 15.27697182  2.63039875 -5.45098209  0.63702738
 -0.63741839 -0.5729751 ]"
1749055015.1325803,"[ 0.00000000e+00 -5.89938118e-02  5.29645982e-01 -3.03371998e+00
 -2.32794767e+00  6.39158662e-05  9.60110253e-01  1.57107689e+00]","[ 0.00000000e+00  5.56400798e-01  2.76609175e-03  3.51040784e-01
 -8.64852110e-01  2.65149452e-05 -1.05979587e-05  0.00000000e+00]","[ 0.          4.60532045 15.82082367  2.66354704 -5.91143656  0.63594633
 -0.75838405 -0.59056354]"
1749055015.1343663,"[ 0.00000000e+00 -5.78896652e-02  5.29659298e-01 -3.03302277e+00
 -2.32964650e+00  6.39158662e-05  9.60109321e-01  1.57107689e+00]","[ 0.00000000e+00  5.61802754e-01  5.59159799e-03  3.54367905e-01
 -8.59720265e-01  2.64948971e-05 -1.85604623e-05  0.00000000e+00]","[ 0.          4.66165257 16.18396568  2.7317965  -6.11800814  0.67240572
 -0.789217   -0.58704233]"
1749055015.1359692,"[ 0.00000000e+00 -5.67343860e-02  5.29675344e-01 -3.03229998e+00
 -2.33140392e+00  6.39158662e-05  9.60108389e-01  1.57107689e+00]","[ 0.00000000e+00  5.64503732e-01  8.09881748e-03  3.53557604e-01
 -8.57289398e-01  2.65149452e-05 -3.70928568e-05  0.00000000e+00]","[ 0.          4.64706993 16.6306591   2.77127671 -6.20347261  0.66583455
 -0.83522415 -0.59498918]"
1749055015.1384215,"[ 0.00000000e+00 -5.61756548e-02  5.29695084e-01 -3.03159931e+00
 -2.33314883e+00  6.39158662e-05  9.60108389e-01  1.57107689e+00]","[ 0.00000000e+00  5.66664487e-01  1.08038994e-02  3.57609071e-01
 -8.50606595e-01  2.64948971e-05 -4.77269018e-05  0.00000000e+00]","[ 0.          4.5921607  16.87956429  2.74300098 -6.06072187  0.66938245
 -0.83312339 -0.5863961 ]"
1749055015.1400614,"[ 0.00000000e+00 -5.50065271e-02  5.29720817e-01 -3.03085815e+00
 -2.33481756e+00  6.49811306e-05  9.60108389e-01  1.57107689e+00]","[ 0.00000000e+00  5.72755137e-01  1.35048743e-02  3.62740916e-01
 -8.43469256e-01  3.70932266e-05 -4.76908124e-05  0.00000000e+00]","[ 0.          4.68285465 17.07288933  2.79761982 -5.71316767  0.73804194
 -0.80157769 -0.56532001]"
1749055015.141229,"[ 0.00000000e+00 -5.44371432e-02  5.29736430e-01 -3.03049862e+00
 -2.33564634e+00  6.49811306e-05  9.60108389e-01  1.57107689e+00]","[ 0.00000000e+00  5.77468399e-01  1.59196051e-02  3.64631594e-01
 -8.40543375e-01  3.70928568e-05 -4.77269018e-05  0.00000000e+00]","[ 0.          4.69366455 17.16597176  2.74825358 -5.55179691  0.74945217
 -0.79495561 -0.58940512]"
1749055015.142951,"[ 0.00000000e+00 -5.32520365e-02  5.29774080e-01 -3.02975027e+00
 -2.33735263e+00  6.49811306e-05  9.60109321e-01  1.57107689e+00]","[ 0.00000000e+00  5.79776694e-01  1.95599403e-02  3.64631594e-01
 -8.29739463e-01  3.71209245e-05 -3.70368514e-05  0.00000000e+00]","[ 0.          4.70420647 17.05164528  2.74473643 -5.06835842  0.80012983
 -0.74636203 -0.56839085]"
1749055015.144673,"[ 0.00000000e+00 -5.26783916e-02  5.29796118e-01 -3.02938888e+00
 -2.33816782e+00  6.49811306e-05  9.60109321e-01  1.57107689e+00]","[ 0.00000000e+00  5.81789977e-01  2.24180906e-02  3.66522272e-01
 -8.26768374e-01  3.71209245e-05 -3.70372172e-05  0.00000000e+00]","[ 0.          4.69220257 17.01790428  2.77384543 -4.72548962  0.85878289
 -0.69427752 -0.56522489]"
1749055015.1458406,"[ 0.00000000e+00 -5.15215144e-02  5.29846618e-01 -3.02863068e+00
 -2.33984055e+00  6.55137628e-05  9.60110253e-01  1.57107689e+00]","[ 0.00000000e+00  5.88272311e-01  2.70097486e-02  3.70886561e-01
 -8.14510642e-01  4.23918346e-05 -2.91223691e-05  0.00000000e+00]","[ 0.          4.56702614 16.89837837  2.66571164 -4.12977219  0.82325929
 -0.65280861 -0.57725567]"
1749055015.1476119,"[ 0.00000000e+00 -5.09398801e-02  5.29878776e-01 -3.02826370e+00
 -2.34063737e+00  6.55137628e-05  9.60110253e-01  1.57107689e+00]","[ 0.00000000e+00  5.89892911e-01  3.03144402e-02  3.72194306e-01
 -8.07312850e-01  4.24239132e-05 -3.70368514e-05  0.00000000e+00]","[ 0.          4.69016886 16.70159149  2.63471389 -3.6452539   0.85081905
 -0.53787595 -0.56406313]"
1749055015.1493297,"[ 0.00000000e+00 -4.97217502e-02  5.29943524e-01 -3.02752813e+00
 -2.34220783e+00  6.55137628e-05  9.60111251e-01  1.57107689e+00]","[ 0.00000000e+00  5.96850286e-01  3.34920866e-02  3.72734528e-01
 -7.92195882e-01  4.23918346e-05 -2.91006692e-05  0.00000000e+00]","[ 0.          4.70900202 16.48374557  2.58199239 -2.94826102  0.87001336
 -0.46863124 -0.53999603]"
1749055015.151079,"[ 0.00000000e+00 -4.85361109e-02  5.30010103e-01 -3.02676354e+00
 -2.34380973e+00  6.55137628e-05  9.60111251e-01  1.57107689e+00]","[ 0.00000000e+00  6.01777201e-01  3.40322817e-02  3.74625206e-01
 -7.78420948e-01  4.24239132e-05 -2.91006692e-05  0.00000000e+00]","[ 0.          4.69636917 16.10315895  2.60280013 -2.51906133  0.88135421
 -0.43108884 -0.55297565]"
1749055015.1528296,"[ 0.00000000e+00 -4.72918820e-02  5.30078080e-01 -3.02601892e+00
 -2.34532293e+00  6.55137628e-05  9.60111251e-01  1.57107689e+00]","[ 0.00000000e+00  6.09339913e-01  3.29185062e-02  3.79486940e-01
 -7.63061765e-01  4.23918346e-05 -2.91003827e-05  0.00000000e+00]","[ 0.          4.69263935 15.95162582  2.60718727 -2.19872904  0.91344804
 -0.42525443 -0.55963373]"
1749055015.1540146,"[ 0.00000000e+00 -4.66878771e-02  5.30110204e-01 -3.02564235e+00
 -2.34612561e+00  6.55137628e-05  9.60111251e-01  1.57107689e+00]","[ 0.00000000e+00  6.12581046e-01  3.26817948e-02  3.81917840e-01
 -7.55816169e-01  4.23918346e-05 -2.91003827e-05  0.00000000e+00]","[ 0.          4.72248507 15.90130901  2.61967945 -2.16408849  0.90465981
 -0.40663013 -0.55808187]"
1749055015.155728,"[ 0.00000000e+00 -4.54244734e-02  5.30179547e-01 -3.02485698e+00
 -2.34759275e+00  6.65790273e-05  9.60111251e-01  1.57107689e+00]","[ 0.00000000e+00  6.18314366e-01  3.46060473e-02  3.84348707e-01
 -7.40067100e-01  5.30298904e-05 -1.85184257e-05  0.00000000e+00]","[ 0.          4.71024466 15.96735382  2.63960862 -2.05829406  0.94471455
 -0.40175098 -0.54717058]"
1749055015.1574647,"[ 0.00000000e+00 -4.48103485e-02  5.30216265e-01 -3.02447908e+00
 -2.34831553e+00  6.65790273e-05  9.60111251e-01  1.57107689e+00]","[ 0.00000000e+00  6.22844803e-01  3.72734528e-02  3.82880007e-01
 -7.33044544e-01  5.29897943e-05 -1.85184257e-05  0.00000000e+00]","[ 0.          4.58103371 15.99211121  2.6178329  -1.99666739  0.96064419
 -0.39560834 -0.55347109]"
1749055015.159126,"[ 0.00000000e+00 -4.41930278e-02  5.30257144e-01 -3.02410118e+00
 -2.34903139e+00  6.65790273e-05  9.60111251e-01  1.57107689e+00]","[ 0.00000000e+00  6.26085936e-01  4.15528656e-02  3.83268329e-01
 -7.26021988e-01  5.29897943e-05 -1.85184257e-05  0.00000000e+00]","[ 0.          4.66533709 16.01103783  2.65291333 -2.04315996  0.96183878
 -0.40279934 -0.56077057]"
1749055015.1608207,"[ 0.00000000e+00 -4.29008620e-02  5.30357712e-01 -3.02330809e+00
 -2.35049506e+00  6.65790273e-05  9.60111251e-01  1.57107689e+00]","[ 0.00000000e+00  6.31434962e-01  5.14075353e-02  3.88400174e-01
 -7.10176246e-01  5.30298904e-05 -1.85184257e-05  0.00000000e+00]","[ 0.          4.71401215 16.05716705  2.6149354  -2.25181675  0.93740356
 -0.45555079 -0.57088524]"
1749055015.161933,"[ 0.00000000e+00 -4.16433173e-02  5.30474358e-01 -3.02254056e+00
 -2.35188044e+00  6.65790273e-05  9.60110253e-01  1.57107689e+00]","[ 0.00000000e+00  6.38942812e-01  6.15822255e-02  3.90020741e-01
 -6.99012275e-01  5.29897943e-05 -2.91003827e-05  0.00000000e+00]","[ 0.          4.72724724 16.02519798  2.62265134 -2.5712285   0.97573107
 -0.49149328 -0.56205857]"
1749055015.1636455,"[ 0.00000000e+00 -4.10094850e-02  5.30541404e-01 -3.02215414e+00
 -2.35261627e+00  6.65790273e-05  9.60110253e-01  1.57107689e+00]","[ 0.00000000e+00  6.42831960e-01  6.80645635e-02  3.91514341e-01
 -6.92873223e-01  5.30298904e-05 -2.91003827e-05  0.00000000e+00]","[ 0.          4.67428493 16.00695992  2.55887628 -2.80620098  0.96664494
 -0.48092192 -0.5711906 ]"
1749055015.1647055,"[ 0.00000000e+00 -3.96832308e-02  5.30707618e-01 -3.02135120e+00
 -2.35396942e+00  6.65790273e-05  9.60110253e-01  1.57107689e+00]","[ 0.00000000e+00  6.49854516e-01  8.56209037e-02  3.92593654e-01
 -6.83076518e-01  5.30298904e-05 -2.91006692e-05  0.00000000e+00]","[ 0.          4.76662159 15.86277103  2.52875447 -3.30830193  0.98420209
 -0.58331883 -0.56135672]"
1749055015.1664429,"[ 0.00000000e+00 -3.90382132e-02  5.30798998e-01 -3.02095865e+00
 -2.35463787e+00  6.65790273e-05  9.60109321e-01  1.57107689e+00]","[ 0.00000000e+00  6.54176094e-01  9.25495667e-02  3.98123675e-01
 -6.77944673e-01  5.29897943e-05 -3.70368514e-05  0.00000000e+00]","[ 0.          4.90717745 15.83314228  2.63466859 -3.46209931  0.99033529
 -0.60025173 -0.56846851]"
1749055015.1681564,"[ 0.00000000e+00 -3.77396558e-02  5.31009754e-01 -3.02013706e+00
 -2.35601340e+00  6.65790273e-05  9.60108389e-01  1.57107689e+00]","[ 0.00000000e+00  6.60247702e-01  1.06325824e-01  4.02984909e-01
 -6.69841739e-01  5.30298904e-05 -4.76188043e-05  0.00000000e+00]","[ 0.          4.92125797 15.64089394  2.57858682 -3.70218754  0.96108663
 -0.66952699 -0.57700723]"
1749055015.1698377,"[ 0.00000000e+00 -3.70333855e-02  5.31122705e-01 -3.01973812e+00
 -2.35666800e+00  6.65790273e-05  9.60108389e-01  1.57107689e+00]","[ 0.00000000e+00  6.64412353e-01  1.14521328e-01  4.04196081e-01
 -6.63899628e-01  5.30293622e-05 -4.76188043e-05  0.00000000e+00]","[ 0.          4.94077063 15.49848652  2.54503345 -3.80415916  0.97921866
 -0.67808437 -0.57004857]"
1749055015.1709626,"[ 0.00000000e+00 -3.57092618e-02  5.31366085e-01 -3.01894237e+00
 -2.35796443e+00  6.76442917e-05  9.60108389e-01  1.57107689e+00]","[ 0.00000000e+00  6.73623095e-01  1.26675712e-01  4.04065819e-01
 -6.55256472e-01  5.82887721e-05 -4.76192757e-05  0.00000000e+00]","[ 0.          4.98446894 15.29958439  2.61920929 -3.77544761  0.9808799
 -0.65792948 -0.54639286]"
1749055015.1727,"[ 0.00000000e+00 -3.50429389e-02  5.31498810e-01 -3.01851147e+00
 -2.35865419e+00  6.76442917e-05  9.60108389e-01  1.57107689e+00]","[ 0.00000000e+00  6.75783918e-01  1.34372256e-01  4.05743378e-01
 -6.48879333e-01  5.83328791e-05 -4.76188043e-05  0.00000000e+00]","[ 0.          5.02221727 15.15601444  2.65037966 -3.73448205  0.97646958
 -0.62096143 -0.55795825]"
1749055015.1744585,"[ 0.00000000e+00 -3.36479751e-02  5.31791292e-01 -3.01770107e+00
 -2.35991919e+00  6.76442917e-05  9.60108389e-01  1.57107689e+00]","[ 0.00000000e+00  6.83193897e-01  1.46122739e-01  4.12708942e-01
 -6.38510448e-01  5.82887721e-05 -4.76188043e-05  0.00000000e+00]","[ 0.          5.07926178 14.81729698  2.6631124  -3.64994264  0.98232931
 -0.61230135 -0.56326175]"
1749055015.1762893,"[ 0.00000000e+00 -3.22924261e-02  5.32096656e-01 -3.01685205e+00
 -2.36120576e+00  6.76442917e-05  9.60108389e-01  1.57107689e+00]","[ 0.00000000e+00  6.89288741e-01  1.56926634e-01  4.14520258e-01
 -6.25667287e-01  5.83334602e-05 -5.82007654e-05  0.00000000e+00]","[ 0.          5.08337307 14.43041706  2.71966791 -3.25042081  1.04796743
 -0.59077996 -0.54482847]"
1749055015.1780717,"[ 0.00000000e+00 -3.15568610e-02  5.32267931e-01 -3.01644326e+00
 -2.36181749e+00  6.76442917e-05  9.60108389e-01  1.57107689e+00]","[ 0.00000000e+00  6.92622486e-01  1.61244118e-01  4.14599620e-01
 -6.19785297e-01  5.83328791e-05 -5.82013384e-05  0.00000000e+00]","[ 0.          5.16213799 14.23414421  2.64331746 -3.08330154  1.04060304
 -0.55009323 -0.56409538]"
1749055015.1791422,"[ 0.00000000e+00 -3.01805394e-02  5.32595333e-01 -3.01561821e+00
 -2.36302044e+00  6.76442917e-05  9.60110253e-01  1.57107689e+00]","[ 0.00000000e+00  6.97764384e-01  1.66650135e-01  4.20001576e-01
 -6.06368824e-01  5.83328791e-05 -3.70368514e-05  0.00000000e+00]","[ 0.          5.16492605 13.83112431  2.63819933 -2.74840021  1.03804445
 -0.46447667 -0.55160803]"
1749055015.1808684,"[ 0.00000000e+00 -2.87376387e-02  5.32935619e-01 -3.01474895e+00
 -2.36424789e+00  6.76442917e-05  9.60110253e-01  1.57107689e+00]","[ 0.00000000e+00  7.06398752e-01  1.73672674e-01  4.25242344e-01
 -5.96645356e-01  5.83328791e-05 -3.70368514e-05  0.00000000e+00]","[ 0.          5.18778324 13.44756508  2.68514156 -2.3983829   1.02281284
 -0.37533459 -0.55816925]"
1749055015.182746,"[ 0.00000000e+00 -2.80356294e-02  5.33124803e-01 -3.01432871e+00
 -2.36483245e+00  6.76442917e-05  9.60110253e-01  1.57107689e+00]","[ 0.00000000e+00  7.11976943e-01  1.78045601e-01  4.26213832e-01
 -5.92863934e-01  5.83328791e-05 -4.76188043e-05  0.00000000e+00]","[ 0.          5.15341091 13.29933929  2.75573421 -2.22089028  0.98869747
 -0.39636919 -0.5746268 ]"
1749055015.1844292,"[ 0.00000000e+00 -2.66204256e-02  5.33488458e-01 -3.01348475e+00
 -2.36603221e+00  6.76442917e-05  9.60110253e-01  1.57107689e+00]","[ 0.00000000e+00  7.19539654e-01  1.86637359e-01  4.29995188e-01
 -5.84541289e-01  5.83328791e-05 -4.76192757e-05  0.00000000e+00]","[ 0.          5.24061108 12.8958168   2.81358242 -1.81896353  1.00270998
 -0.37251306 -0.56253856]"
1749055015.1861405,"[ 0.00000000e+00 -2.51343817e-02  5.33883371e-01 -3.01259206e+00
 -2.36717390e+00  6.87095561e-05  9.60111251e-01  1.57107689e+00]","[ 0.00000000e+00  7.26905359e-01  1.94596332e-01  4.37828011e-01
 -5.76928177e-01  6.88867318e-05 -3.70368514e-05  0.00000000e+00]","[ 0.          5.27300072 12.687253    2.81204176 -1.66873825  0.98256487
 -0.30245465 -0.56267422]"
1749055015.1878338,"[ 0.00000000e+00 -2.44126651e-02  5.34078514e-01 -3.01209032e+00
 -2.36773823e+00  6.87095561e-05  9.60112184e-01  1.57107689e+00]","[ 0.00000000e+00  7.31964166e-01  1.97981443e-01  4.40895906e-01
 -5.72336554e-01  6.89388604e-05 -2.91003827e-05  0.00000000e+00]","[ 0.          5.35865402 12.56347466  2.81460261 -1.55661964  1.00210238
 -0.28604856 -0.55298483]"
1749055015.1895132,"[ 0.00000000e+00 -2.28935980e-02  5.34495931e-01 -3.01118192e+00
 -2.36889617e+00  6.87095561e-05  9.60111251e-01  1.57107689e+00]","[ 0.00000000e+00  7.44782294e-01  2.04877832e-01  4.44172193e-01
 -5.63392128e-01  6.89388604e-05 -3.70372172e-05  0.00000000e+00]","[ 0.          5.37733555 12.45636559  2.81351686 -1.23362482  1.03362775
 -0.25753576 -0.56111491]"
1749055015.1912377,"[ 0.00000000e+00 -2.14128804e-02  5.34933988e-01 -3.01029668e+00
 -2.36999233e+00  6.87095561e-05  9.60110253e-01  1.57107689e+00]","[ 0.00000000e+00  7.53571990e-01  2.07164771e-01  4.50792679e-01
 -5.53138825e-01  6.88867318e-05 -4.76188043e-05  0.00000000e+00]","[ 0.          5.4069705  12.42200089  2.84048533 -0.94131494  1.05579484
 -0.28939942 -0.55622423]"
1749055015.1929095,"[ 0.00000000e+00 -2.06645322e-02  5.35139717e-01 -3.00981492e+00
 -2.37053322e+00  6.87095561e-05  9.60111251e-01  1.57107689e+00]","[ 0.00000000e+00  7.58973880e-01  2.08303988e-01  4.53640130e-01
 -5.48567975e-01  5.83328791e-05 -3.70368514e-05  0.00000000e+00]","[ 0.          5.32094622 12.45729351  2.82343864 -0.88423634  1.0695616
 -0.27585053 -0.57419455]"
1749055015.1945922,"[ 0.00000000e+00 -1.90964629e-02  5.35572714e-01 -3.00891503e+00
 -2.37164189e+00  6.87095561e-05  9.60112184e-01  1.57107689e+00]","[ 0.00000000e+00  7.68697414e-01  2.11486316e-01  4.57275012e-01
 -5.38298493e-01  5.82887721e-05 -2.91006692e-05  0.00000000e+00]","[ 0.          5.36237764 12.48497105  2.81861448 -0.74408525  1.07375765
 -0.22176592 -0.58100897]"
1749055015.1958485,"[ 0.00000000e+00 -1.75624821e-02  5.35997954e-01 -3.00797414e+00
 -2.37269011e+00  6.87095561e-05  9.60111251e-01  1.57107689e+00]","[ 0.00000000e+00  7.80041481e-01  2.16618177e-01  4.59977788e-01
 -5.28584846e-01  5.83328791e-05 -3.70368514e-05  0.00000000e+00]","[ 0.          5.36446762 12.64898586  2.75515056 -0.71767533  1.10551417
 -0.26310411 -0.58493119]"
1749055015.1976426,"[ 0.00000000e+00 -1.67891001e-02  5.36233511e-01 -3.00751581e+00
 -2.37320676e+00  6.87095561e-05  9.60110253e-01  1.57107689e+00]","[ 0.00000000e+00  7.84363059e-01  2.21679315e-01  4.64837757e-01
 -5.23989095e-01  5.83328791e-05 -4.76188043e-05  0.00000000e+00]","[ 0.          5.27212524 12.74271584  2.79022574 -0.64199573  1.10699856
 -0.31002247 -0.56347859]"
1749055015.1999178,"[ 0.00000000e+00 -1.51672350e-02  5.36681222e-01 -3.00659222e+00
 -2.37426564e+00  6.97748206e-05  9.60110253e-01  1.57107689e+00]","[ 0.00000000e+00  7.94626749e-01  2.29275200e-01  4.69969602e-01
 -5.15616083e-01  6.88867318e-05 -4.76547840e-05  0.00000000e+00]","[ 0.          5.23971462 13.02976513  2.64988065 -0.89385217  1.12523627
 -0.35245022 -0.56025875]"
1749055015.2016618,"[ 0.00000000e+00 -1.35245973e-02  5.37158760e-01 -3.00563082e+00
 -2.37527125e+00  6.97748206e-05  9.60111251e-01  1.57107689e+00]","[ 0.00000000e+00  8.03963659e-01  2.34217744e-01  4.68953773e-01
 -5.08053338e-01  6.89381696e-05 -2.91006692e-05  0.00000000e+00]","[ 0.          5.12714958 13.33154774  2.54949188 -1.18878412  1.15753531
 -0.37315932 -0.56525481]"
1749055015.20333,"[ 0.00000000e+00 -1.19251027e-02  5.37633102e-01 -3.00469712e+00
 -2.37629923e+00  6.97748206e-05  9.60109321e-01  1.57107689e+00]","[ 0.00000000e+00  8.13533595e-01  2.42547529e-01  4.74561258e-01
 -4.99680327e-01  6.87834010e-05 -4.76188043e-05  0.00000000e+00]","[ 0.          5.00827932 13.63091183  2.47265029 -1.48157263  1.1985482
 -0.41188937 -0.56235737]"
1749055015.2057126,"[ 0.00000000e+00 -1.02451807e-02  5.38124455e-01 -3.00419032e+00
 -2.37727554e+00  6.97748206e-05  9.60107390e-01  1.57107689e+00]","[ 0.00000000e+00  8.21245710e-01  2.50650463e-01  4.77212368e-01
 -4.92657804e-01  5.82447383e-05 -6.61372301e-05  0.00000000e+00]","[ 0.          4.94060946 13.92673206  2.37588573 -1.6591022   1.20761919
 -0.56347728 -0.55987948]"
1749055015.2074132,"[ 0.00000000e+00 -8.61266297e-03  5.38397196e-01 -3.00324756e+00
 -2.37827476e+00  7.03074528e-05  9.60107390e-01  1.57107689e+00]","[ 0.00000000e+00  8.29739463e-01  2.56786903e-01  4.77802425e-01
 -4.85365170e-01  6.34917418e-05 -6.60879907e-05  0.00000000e+00]","[ 0.          4.89015579 14.00971794  2.26662636 -1.77819753  1.24126613
 -0.56864494 -0.55140769]"
1749055015.2091577,"[ 0.00000000e+00 -6.89811986e-03  5.38923437e-01 -3.00225979e+00
 -2.37922151e+00  7.03074528e-05  9.60107390e-01  1.57107689e+00]","[ 0.00000000e+00  8.39572786e-01  2.70097482e-01  4.83983123e-01
 -4.78412156e-01  6.34923676e-05 -6.61378843e-05  0.00000000e+00]","[ 0.          4.82737684 14.3387804   2.23653483 -1.74547148  1.21320045
 -0.55035228 -0.56826252]"
1749055015.211539,"[ 0.00000000e+00 -5.23311154e-03  5.39494685e-01 -3.00130345e+00
 -2.38026228e+00  7.03074528e-05  9.60107390e-01  1.57107689e+00]","[ 0.00000000e+00  8.45945264e-01  2.82251866e-01  4.85095059e-01
 -4.71498956e-01  6.34917418e-05 -6.60873364e-05  0.00000000e+00]","[ 0.          4.84985113 14.52609158  2.13382173 -1.67662668  1.23594117
 -0.59689331 -0.56364137]"
1749055015.213306,"[ 0.00000000e+00 -3.55478742e-03  5.40087937e-01 -3.00034871e+00
 -2.38110437e+00  7.03074528e-05  9.60107390e-01  1.57107689e+00]","[ 0.00000000e+00  8.51887442e-01  2.92646783e-01  4.83474492e-01
 -4.60516213e-01  6.35403432e-05 -7.67199429e-05  0.00000000e+00]","[ 0.          4.84254122 14.59862518  2.09972095 -1.53044176  1.19189882
 -0.61813986 -0.55085492]"
1749055015.2156677,"[ 0.00000000e+00 -2.64664949e-03  5.40380918e-01 -2.99983312e+00
 -2.38165671e+00  7.03074528e-05  9.60107390e-01  1.57107689e+00]","[ 0.00000000e+00  8.55120453e-01  2.97107211e-01  4.85487742e-01
 -4.54974940e-01  6.34917418e-05 -7.67191870e-05  0.00000000e+00]","[ 0.          4.78651285 14.69330215  2.08534098 -1.4686166   1.18153584
 -0.62392086 -0.5665803 ]"
1749055015.2246091,"[ 0.00000000e+00 -1.01732754e-04  5.41315821e-01 -2.99835267e+00
 -2.38297311e+00  7.03074528e-05  9.60108389e-01  1.57107689e+00]","[ 0.00000000e+00  8.62961465e-01  3.13962125e-01  4.87744638e-01
 -4.38638311e-01  6.35397134e-05 -6.61372301e-05  0.00000000e+00]","[ 0.          4.93675518 14.55834675  2.04150915 -1.17526233  1.13507164
 -0.52339953 -0.57940787]"
1749055015.227482,"[ 0.00000000e+00  7.81490526e-03  5.44380454e-01 -2.99392144e+00
 -2.38666638e+00  7.03074528e-05  9.60108389e-01  1.57107689e+00]","[ 0.00000000e+00  8.74680373e-01  3.59852751e-01  4.95518472e-01
 -3.83268329e-01  6.35397134e-05 -5.82007654e-05  0.00000000e+00]","[ 0.          4.9242835  14.27243042  2.21613359 -0.58502632  1.22720969
 -0.45266962 -0.57200718]"
1749055015.2298303,"[ 0.00000000e+00  1.04130004e-02  5.45472849e-01 -2.99245217e+00
 -2.38779050e+00  7.03074528e-05  9.60108389e-01  1.57107689e+00]","[ 0.00000000e+00  8.78276506e-01  3.73544795e-01  4.96709271e-01
 -3.64631594e-01  6.35403432e-05 -3.70368514e-05  0.00000000e+00]","[ 0.          5.09659386 14.18745804  2.38446474 -0.55073828  1.14379406
 -0.48491427 -0.54295695]"
1749055015.2321095,"[ 0.00000000e+00  1.22189940e-02  5.46250259e-01 -2.99142952e+00
 -2.38851754e+00  7.03074528e-05  9.60108389e-01  1.57107689e+00]","[ 0.00000000e+00  8.82408467e-01  3.80451570e-01  4.99680327e-01
 -3.52078918e-01  6.34917418e-05 -2.90784288e-05  0.00000000e+00]","[ 0.          5.12472534 14.13324928  2.45237112 -0.58197516  1.12664843
 -0.467235   -0.56424844]"
1749055015.2347949,"[ 0.00000000e+00  1.48395903e-02  5.47433601e-01 -2.98990592e+00
 -2.38919292e+00  7.03074528e-05  9.60108389e-01  1.57107689e+00]","[ 0.00000000e+00  8.87270200e-01  3.93532019e-01  5.02790766e-01
 -3.39978013e-01  6.35397134e-05 -1.85186086e-05  0.00000000e+00]","[ 0.          5.26042175 14.07171059  2.44570422 -0.71929359  1.13994896
 -0.47387058 -0.57448   ]"
1749055015.2367623,"[ 0.00000000e+00  1.66561449e-02  5.48216970e-01 -2.98890670e+00
 -2.38987442e+00  7.03074528e-05  9.60108389e-01  1.57107689e+00]","[ 0.00000000e+00  8.86641029e-01  3.97720305e-01  5.07513149e-01
 -3.30763609e-01  6.34923676e-05 -1.05819570e-05  0.00000000e+00]","[ 0.          5.2854538  13.96628284  2.47454596 -0.83050233  1.16743875
 -0.50140023 -0.5900631 ]"
1749055015.238506,"[ 0.00000000e+00  1.84088722e-02  5.49032497e-01 -2.98786621e+00
 -2.39051411e+00  7.03074528e-05  9.60108389e-01  1.57107689e+00]","[ 0.00000000e+00  8.89160912e-01  3.98346748e-01  5.07555361e-01
 -3.22766469e-01  6.35397134e-05  0.00000000e+00  0.00000000e+00]","[ 0.          5.23890829 13.97158909  2.53362584 -0.96342075  1.16135681
 -0.51213348 -0.59597725]"
1749055015.2402525,"[ 0.00000000e+00  2.02309362e-02  5.49824587e-01 -2.98686459e+00
 -2.39115860e+00  7.03074528e-05  9.60108389e-01  1.57107689e+00]","[ 0.00000000e+00  8.89160912e-01  4.02445253e-01  5.07538583e-01
 -3.12959045e-01  5.29103091e-05  0.00000000e+00  0.00000000e+00]","[ 0.          5.22810841 14.00110722  2.59847736 -0.98699683  1.15589225
 -0.52197886 -0.59193492]"
1749055015.2420473,"[ 0.00000000e+00  2.19868790e-02  5.50652997e-01 -2.98581717e+00
 -2.39175888e+00  7.03074528e-05  9.60107390e-01  1.57107689e+00]","[ 0.00000000e+00  8.89609122e-01  4.04238758e-01  5.12319955e-01
 -3.01123391e-01  5.29497591e-05 -1.05819570e-05  0.00000000e+00]","[ 0.          5.18103075 14.10829926  2.63261199 -0.93220061  1.14511192
 -0.52519524 -0.57567757]"
1749055015.244322,"[ 0.00000000e+00  2.29314315e-02  5.51052937e-01 -2.98531250e+00
 -2.39205316e+00  7.03074528e-05  9.60107390e-01  1.57107689e+00]","[ 0.00000000e+00  8.89475697e-01  4.05686420e-01  5.11834728e-01
 -2.98457700e-01  5.29097849e-05 -1.05739739e-05  0.00000000e+00]","[ 0.          5.06926346 14.08260441  2.65934324 -0.90161657  1.13544631
 -0.54339153 -0.59999412]"
1749055015.2527876,"[ 0.00000000e+00  2.55658034e-02  5.52294137e-01 -2.98375509e+00
 -2.39294185e+00  7.03074528e-05  9.60107390e-01  1.57107689e+00]","[ 0.00000000e+00  8.89971178e-01  4.12012592e-01  5.14326115e-01
 -2.89274389e-01  4.76543085e-05 -1.85462435e-05  0.00000000e+00]","[ 0.          5.16858673 14.29574966  2.55118084 -0.76989281  1.14910042
 -0.52136517 -0.6060853 ]"
1749055015.2536006,"[ 0.00000000e+00  3.09810294e-02  5.54797175e-01 -2.98066502e+00
 -2.39458715e+00  7.13727172e-05  9.60107390e-01  1.57107689e+00]","[ 0.00000000e+00  8.92484936e-01  4.23782932e-01  5.17791886e-01
 -2.57037672e-01  5.82013384e-05 -3.70924870e-05  0.00000000e+00]","[ 0.          5.1956625  14.64189816  2.44536257 -0.22164604  1.2402091
 -0.50287265 -0.57624859]"
1749055015.2553043,"[ 0.00000000e+00  3.36227479e-02  5.56099894e-01 -2.97909509e+00
 -2.39531713e+00  7.13727172e-05  9.60107390e-01  1.57107689e+00]","[ 0.00000000e+00  8.92672156e-01  4.31718087e-01  5.18087630e-01
 -2.41737246e-01  5.82447383e-05 -3.70928568e-05  0.00000000e+00]","[ 0.          5.35816765 14.82636738  2.39813709  0.03707678  1.22276735
 -0.50840396 -0.59620303]"
1749055015.2582047,"[ 0.00000000e+00  3.54521586e-02  5.56961792e-01 -2.97807296e+00
 -2.39579596e+00  7.13727172e-05  9.60107390e-01  1.57107689e+00]","[ 0.00000000e+00  8.93212379e-01  4.39178500e-01  5.18317061e-01
 -2.31203445e-01  4.76188043e-05 -3.70928568e-05  0.00000000e+00]","[ 0.          5.33295155 14.93130302  2.40721655  0.15263084  1.25585628
 -0.49176642 -0.5711838 ]"
1749055015.2605155,"[ 0.00000000e+00  3.72113138e-02  5.57870530e-01 -2.97701276e+00
 -2.39623139e+00  7.13727172e-05  9.60107390e-01  1.57107689e+00]","[ 0.00000000e+00  8.92402045e-01  4.46201023e-01  5.17084550e-01
 -2.17428461e-01  4.76192757e-05 -3.70644640e-05  0.00000000e+00]","[ 0.          5.28367472 14.94807148  2.34102583  0.22362916  1.27586222
 -0.49191913 -0.57754928]"
1749055015.2621515,"[ 0.00000000e+00  3.90365945e-02  5.58757695e-01 -2.97598904e+00
 -2.39665883e+00  7.24379817e-05  9.60107390e-01  1.57107689e+00]","[ 0.00000000e+00  8.91861890e-01  4.51602979e-01  5.19937628e-01
 -2.05605740e-01  5.82007654e-05 -2.91443860e-05  0.00000000e+00]","[ 0.          5.17583609 15.02431679  2.23936796  0.23020166  1.29174101
 -0.52095336 -0.59801507]"
1749055015.2644393,"[ 0.00000000e+00  4.16773933e-02  5.60146733e-01 -2.97441272e+00
 -2.39724978e+00  7.24379817e-05  9.60106458e-01  1.57107689e+00]","[ 0.00000000e+00  8.91861890e-01  4.62406890e-01  5.17522074e-01
 -1.90082490e-01  5.82007654e-05 -3.70928568e-05  0.00000000e+00]","[ 0.          4.84228277 14.95684814  2.08941817  0.15388091  1.34799957
 -0.56305271 -0.56678414]"
1749055015.267268,"[ 0.00000000e+00  4.35026740e-02  5.61107336e-01 -2.97339193e+00
 -2.39761304e+00  7.24379817e-05  9.60106458e-01  1.57107689e+00]","[ 0.00000000e+00  8.90511401e-01  4.70943154e-01  5.18046950e-01
 -1.82585892e-01  5.82007654e-05 -2.91443860e-05  0.00000000e+00]","[ 0.          4.73493767 14.87981033  2.00580502  0.08596796  1.32641387
 -0.56720442 -0.56238085]"
1749055015.2695599,"[ 0.00000000e+00  4.52618292e-02  5.62042704e-01 -2.97233359e+00
 -2.39797576e+00  7.24379817e-05  9.60106458e-01  1.57107689e+00]","[ 0.00000000e+00  8.91861890e-01  4.74620081e-01  5.15903139e-01
 -1.75036379e-01  5.82007654e-05 -1.85464284e-05  0.00000000e+00]","[ 0.00000000e+00  4.73503065e+00  1.48025827e+01  1.92262638e+00
  1.12206517e-02  1.33106279e+00 -5.54425418e-01 -5.66283286e-01]"
1749055015.2712543,"[ 0.00000000e+00  4.79673762e-02  5.63506644e-01 -2.97077084e+00
 -2.39846631e+00  7.24379817e-05  9.60106458e-01  1.57107689e+00]","[ 0.00000000e+00  8.92672156e-01  4.85487742e-01  5.16347587e-01
 -1.60167801e-01  4.76552554e-05 -1.85464284e-05  0.00000000e+00]","[ 0.          4.68415737 14.63118458  1.93222511 -0.09321283  1.25193894
 -0.54945546 -0.5799489 ]"
1749055015.2735038,"[ 0.00000000e+00  4.97963312e-02  5.64467246e-01 -2.96975831e+00
 -2.39877844e+00  7.24379817e-05  9.60106458e-01  1.57107689e+00]","[ 0.00000000e+00  8.91497902e-01  4.88066148e-01  5.11316110e-01
 -1.49457999e-01  4.76188043e-05 -1.85464284e-05  0.00000000e+00]","[ 0.          4.64191389 14.37720013  1.92888033 -0.03114887  1.20692205
 -0.56938797 -0.58942682]"
1749055015.275814,"[ 0.00000000e+00  5.15600762e-02  5.65474720e-01 -2.96871568e+00
 -2.39906126e+00  7.24379817e-05  9.60106458e-01  1.57107689e+00]","[ 0.00000000e+00  8.95643245e-01  4.92698284e-01  5.08809210e-01
 -1.41387672e-01  4.76547840e-05 -1.85464284e-05  0.00000000e+00]","[ 0.          4.69701719 14.25971985  1.94851482  0.01476733  1.21888709
 -0.56751245 -0.59513974]"
1749055015.2774541,"[ 0.00000000e+00  5.33922436e-02  5.66453232e-01 -2.96771007e+00
 -2.39933317e+00  7.35032461e-05  9.60106458e-01  1.57107689e+00]","[ 0.00000000e+00  8.94992635e-01  4.96439160e-01  5.09403827e-01
 -1.29647292e-01  5.82007654e-05 -1.85464284e-05  0.00000000e+00]","[ 0.          4.63312864 14.30764961  1.95898569  0.1755853   1.30314231
 -0.51676512 -0.62587243]"
1749055015.2797313,"[ 0.00000000e+00  5.51596671e-02  5.67474488e-01 -2.96667117e+00
 -2.39957019e+00  7.35032461e-05  9.60106458e-01  1.57107689e+00]","[ 0.00000000e+00  8.97533890e-01  4.99140138e-01  5.06050741e-01
 -1.16294061e-01  5.82013384e-05 -3.70928568e-05  0.00000000e+00]","[ 0.          4.76807594 14.33250809  1.94359231  0.36109099  1.34633005
 -0.50616002 -0.58020145]"
1749055015.2820518,"[ 0.00000000e+00  5.69991791e-02  5.68466315e-01 -2.96567062e+00
 -2.39979390e+00  7.35032461e-05  9.60106458e-01  1.57107689e+00]","[ 0.00000000e+00  8.96894332e-01  5.02951587e-01  5.07783261e-01
 -1.06827364e-01  5.82007654e-05 -3.70928568e-05  0.00000000e+00]","[ 0.          4.76653194 14.5197401   2.07571292  0.52619487  1.40068388
 -0.49991766 -0.5257836 ]"
1749055015.284268,"[ 0.00000000e+00  5.87739471e-02  5.69502285e-01 -2.96467327e+00
 -2.39998938e+00  7.35032461e-05  9.60106458e-01  1.57107689e+00]","[ 0.00000000e+00  8.99694712e-01  5.06803051e-01  5.05352394e-01
 -9.72350907e-02  5.81568575e-05 -3.70648338e-05  0.00000000e+00]","[ 0.          4.91831303 14.60991669  2.14707327  0.63666612  1.39009821
 -0.49156466 -0.54524416]"
1749055015.2865348,"[ 0.00000000e+00  6.15084226e-02  5.71019887e-01 -2.96314515e+00
 -2.40026128e+00  7.35032461e-05  9.60106458e-01  1.57107689e+00]","[ 0.00000000e+00  9.01585357e-01  5.15616083e-01  5.04271983e-01
 -8.42704147e-02  5.82013384e-05 -4.76908124e-05  0.00000000e+00]","[ 0.          5.1530652  14.9186306   2.31713843  0.63532472  1.32834005
 -0.52860558 -0.56103867]"
1749055015.2888892,"[ 0.00000000e+00  6.33603349e-02  5.72083820e-01 -2.96211051e+00
 -2.40041282e+00  7.35032461e-05  9.60105526e-01  1.57107689e+00]","[ 0.00000000e+00  9.05023365e-01  5.20747928e-01  5.05047661e-01
 -7.45469056e-02  4.76188043e-05 -5.82887721e-05  0.00000000e+00]","[ 0.          5.28599644 14.91664982  2.37258935  0.56375474  1.2994678
 -0.55343413 -0.58137643]"
1749055015.291211,"[ 0.00000000e+00  6.60341986e-02  5.73675392e-01 -2.96062420e+00
 -2.40060829e+00  7.35032461e-05  9.60105526e-01  1.57107689e+00]","[ 0.00000000e+00  9.04016224e-01  5.27770484e-01  5.02651416e-01
 -5.85517687e-02  4.76188043e-05 -4.77273772e-05  0.00000000e+00]","[ 0.          5.4779501  14.73106289  2.46576452  0.24571355  1.3253274
 -0.54557872 -0.586321  ]"
1749055015.2940862,"[ 0.00000000e+00  6.78870263e-02  5.74721881e-01 -2.95959622e+00
 -2.40071349e+00  7.35032461e-05  9.60105526e-01  1.57107689e+00]","[ 0.00000000e+00  9.05775708e-01  5.31283094e-01  5.01571005e-01
 -4.88381092e-02  4.76188043e-05 -6.62372408e-05  0.00000000e+00]","[ 0.00000000e+00  5.45805597e+00  1.46456842e+01  2.40311551e+00
  5.65311289e-04  1.31334925e+00 -5.74103236e-01 -5.98473132e-01]"
1749055015.296381,"[ 0.00000000e+00  6.96677656e-02  5.75817506e-01 -2.95860925e+00
 -2.40080031e+00  7.35032461e-05  9.60104594e-01  1.57107689e+00]","[ 0.00000000e+00  9.02665735e-01  5.36640742e-01  4.99174060e-01
 -4.24053018e-02  4.76188043e-05 -7.41857136e-05  0.00000000e+00]","[ 0.          5.47335052 14.72062302  2.36585808 -0.10144604  1.28453767
 -0.61382413 -0.60378557]"
1749055015.2986805,"[ 0.00000000e+00  7.24059155e-02  5.77418665e-01 -2.95708752e+00
 -2.40090417e+00  7.35032461e-05  9.60104594e-01  1.57107689e+00]","[ 0.00000000e+00  9.02500685e-01  5.42355719e-01  5.02651416e-01
 -2.99808189e-02  4.76188043e-05 -5.56392812e-05  0.00000000e+00]","[ 0.          5.32628298 15.01488018  2.26928186 -0.04523525  1.23726141
 -0.62173462 -0.61391199]"
1749055015.3010037,"[ 0.00000000e+00  7.41820609e-02  5.78538657e-01 -2.95610295e+00
 -2.40094918e+00  7.35032461e-05  9.60104594e-01  1.57107689e+00]","[ 0.00000000e+00  9.01045201e-01  5.47742328e-01  4.98059760e-01
 -1.95599403e-02  3.70368514e-05 -5.56392812e-05  0.00000000e+00]","[ 0.          5.37404251 15.02758312  2.25286865  0.08158512  1.27397931
 -0.58605033 -0.61331123]"
1749055015.3033803,"[ 0.00000000e+00  7.69137817e-02  5.80214251e-01 -2.95458921e+00
 -2.40097661e+00  7.45685105e-05  9.60104594e-01  1.57107689e+00]","[ 0.00000000e+00  9.00775090e-01  5.52944447e-01  4.99443871e-01
 -4.59165694e-03  4.76908124e-05 -4.77269018e-05  0.00000000e+00]","[ 0.          5.409863   14.99198914  2.28590608  0.31696096  1.38029063
 -0.53426784 -0.58166671]"
1749055015.3064778,"[ 0.00000000e+00  7.88933510e-02  5.81313538e-01 -2.95356975e+00
 -2.40097208e+00  7.45685105e-05  9.60104594e-01  1.57107689e+00]","[ 0.00000000e+00  9.00600720e-01  5.58265476e-01  4.97273861e-01
  2.20955272e-03  4.76908124e-05 -2.64948971e-05  0.00000000e+00]","[ 0.          5.34480476 14.99681377  2.32344007  0.4424924   1.41211689
 -0.51989949 -0.56255114]"
1749055015.309524,"[ 0.00000000e+00  8.16250635e-02  5.83016230e-01 -2.95209623e+00
 -2.40096063e+00  7.45685105e-05  9.60104594e-01  1.57107689e+00]","[ 0.00000000e+00  9.01011046e-01  5.62473670e-01  4.97789649e-01
  3.19132549e-03  4.23918346e-05 -2.64548924e-05  0.00000000e+00]","[ 0.          5.42076874 15.05775166  2.28705621  0.57193393  1.35476351
 -0.48896086 -0.58237916]"
1749055015.3118665,"[ 0.00000000e+00  8.42920446e-02  5.84691824e-01 -2.95059234e+00
 -2.40096276e+00  7.45685105e-05  9.60104594e-01  1.57107689e+00]","[ 0.00000000e+00  9.02125579e-01  5.67709312e-01  4.94008293e-01
  9.57397699e-04  4.24239132e-05 -2.64748795e-05  0.00000000e+00]","[ 0.          5.09810114 15.08457661  2.26909447  0.85597706  1.35200465
 -0.50046915 -0.57365727]"
1749055015.3141618,"[ 0.00000000e+00  8.61361505e-02  5.85855359e-01 -2.94957528e+00
 -2.40096249e+00  7.45685105e-05  9.60105526e-01  1.57107689e+00]","[ 0.00000000e+00  9.00234868e-01  5.68518780e-01  4.96709271e-01
  1.31644146e-04  4.23918346e-05 -1.85184257e-05  0.00000000e+00]","[ 0.          5.12787008 15.10408783  2.26472974  1.21580696  1.41686428
 -0.42523032 -0.56145215]"
1749055015.315985,"[ 0.00000000e+00  8.79127535e-02  5.86981344e-01 -2.94859710e+00
 -2.40095930e+00  7.45685105e-05  9.60105526e-01  1.57107689e+00]","[ 0.00000000e+00  9.00234868e-01  5.72066443e-01  4.94587064e-01
  4.96796609e-04  4.23918346e-05 -1.85325998e-05  0.00000000e+00]","[ 0.          5.09282064 15.08710766  2.16978598  1.52170622  1.42108536
 -0.37812099 -0.57894766]"
1749055015.3171258,"[ 0.00000000e+00  8.97596141e-02  5.88154533e-01 -2.94758456e+00
 -2.40095690e+00  7.51011427e-05  9.60105526e-01  1.57107689e+00]","[ 0.00000000e+00  9.02125579e-01  5.72876777e-01  4.94264622e-01
  6.38328829e-04  4.76912879e-05 -2.91003827e-05  0.00000000e+00]","[ 0.          5.14765978 14.85855007  2.12190628  1.8239466   1.46115446
 -0.33425686 -0.57328206]"
1749055015.3189473,"[ 0.00000000e+00  9.15362172e-02  5.89332382e-01 -2.94661011e+00
 -2.40095610e+00  7.51011427e-05  9.60105526e-01  1.57107689e+00]","[ 0.00000000e+00  9.01148865e-01  5.74972218e-01  4.92927882e-01
  4.08755306e-04  4.76908124e-05 -1.85324169e-05  0.00000000e+00]","[ 0.          5.13588858 14.75159931  2.07770276  1.96787894  1.44985497
 -0.33489633 -0.57189345]"
1749055015.320774,"[ 0.00000000e+00  9.24238322e-02  5.89899503e-01 -2.94612382e+00
 -2.40095504e+00  7.51011427e-05  9.60105526e-01  1.57107689e+00]","[ 0.00000000e+00  8.99322735e-01  5.75307643e-01  4.93197993e-01
  4.60000546e-04  4.76908124e-05 -1.85184257e-05  0.00000000e+00]","[ 0.          5.15333891 14.54461479  2.06839824  2.05333614  1.45459163
 -0.30301043 -0.57182789]"
1749055015.322538,"[ 0.00000000e+00  9.42638102e-02  5.91032278e-01 -2.94512061e+00
 -2.40095184e+00  7.51011427e-05  9.60105526e-01  1.57107689e+00]","[ 0.00000000e+00  8.98884379e-01  5.74767421e-01  4.89416637e-01
  6.36432237e-04  4.76912879e-05 -2.91003827e-05  0.00000000e+00]","[ 0.          5.13547564 14.48707008  2.03322291  2.20917749  1.47055054
 -0.29952908 -0.56947041]"
1749055015.3242667,"[ 0.00000000e+00  9.60335223e-02  5.92212857e-01 -2.94415441e+00
 -2.40094678e+00  7.51011427e-05  9.60105526e-01  1.57107689e+00]","[ 0.00000000e+00  8.96084864e-01  5.76883303e-01  4.89416637e-01
  8.86479267e-04  4.76908124e-05 -2.91000901e-05  0.00000000e+00]","[ 0.          5.06099939 14.4617691   1.94579303  2.26710749  1.50120819
 -0.29494804 -0.57462007]"
1749055015.3254058,"[ 0.00000000e+00  9.69840461e-02  5.92782707e-01 -2.94363430e+00
 -2.40094412e+00  7.61664072e-05  9.60105526e-01  1.57107689e+00]","[ 0.00000000e+00  8.94992635e-01  5.78008621e-01  4.89750797e-01
  9.98248679e-04  5.82887721e-05 -2.91003827e-05  0.00000000e+00]","[ 0.          5.23311281 14.53750134  1.87181032  2.27052689  1.51904297
 -0.32068428 -0.56969523]"
1749055015.3271267,"[ 0.00000000e+00  9.78670671e-02  5.93921075e-01 -2.94267689e+00
 -2.40093719e+00  7.61664072e-05  9.60105526e-01  1.57107689e+00]","[ 0.00000000e+00  8.95643245e-01  5.78008621e-01  4.84333728e-01
  1.72886722e-03  5.83328791e-05 -2.91003827e-05  0.00000000e+00]","[ 0.          5.12007189 14.55206108  1.87517345  2.25556755  1.55094695
 -0.32583272 -0.589131  ]"
1749055015.3294013,"[ 0.00000000e+00  9.96285235e-02  5.95108512e-01 -2.94172082e+00
 -2.40093027e+00  7.61664072e-05  9.60105526e-01  1.57107689e+00]","[ 0.00000000e+00  8.92672156e-01  5.80169377e-01  4.85095059e-01
  3.05763350e-03  5.82881910e-05 -2.91006692e-05  0.00000000e+00]","[ 0.          5.09599209 14.68981743  1.90053535  2.2364831   1.56079113
 -0.34659791 -0.58853036]"
1749055015.331168,"[ 0.00000000e+00  1.01454262e-01  5.96254204e-01 -2.94072746e+00
 -2.40092335e+00  7.61664072e-05  9.60105526e-01  1.57107689e+00]","[ 0.00000000e+00  8.91861890e-01  5.81200487e-01  4.84284759e-01
  3.40408059e-03  5.83328791e-05 -2.91003827e-05  0.00000000e+00]","[ 0.          5.22638369 14.79768753  1.98986006  2.16685796  1.50267148
 -0.37325498 -0.57437891]"
1749055015.3323357,"[ 0.00000000e+00  1.02334528e-01  5.96875054e-01 -2.94025102e+00
 -2.40092015e+00  7.61664072e-05  9.60105526e-01  1.57107689e+00]","[ 0.00000000e+00  8.92672156e-01  5.84541289e-01  4.83204381e-01
  3.40408059e-03  5.82887721e-05 -2.91003827e-05  0.00000000e+00]","[ 0.          5.32429457 14.82984352  2.05499053  2.10134435  1.47998118
 -0.39187935 -0.56211811]"
1749055015.3341007,"[ 0.00000000e+00  1.04163479e-01  5.98032197e-01 -2.93929334e+00
 -2.40091296e+00  7.61664072e-05  9.60105526e-01  1.57107689e+00]","[ 0.00000000e+00  8.92824156e-01  5.87191933e-01  4.85905359e-01
  3.44514373e-03  5.82893532e-05 -2.91006692e-05  0.00000000e+00]","[ 0.          5.30690527 15.00147438  2.11294174  2.00912404  1.42805767
 -0.41451675 -0.54719931]"
1749055015.3358724,"[ 0.00000000e+00  1.05045127e-01  5.98613033e-01 -2.93877722e+00
 -2.40090923e+00  7.61664072e-05  9.60105526e-01  1.57107689e+00]","[ 0.00000000e+00  8.93386616e-01  5.89082578e-01  4.85989282e-01
  3.51025958e-03  5.83328791e-05 -2.91003827e-05  0.00000000e+00]","[ 0.          5.28124189 15.17834473  2.05493426  1.98068666  1.42752039
 -0.41696677 -0.59365898]"
1749055015.337568,"[ 0.00000000e+00  1.06808414e-01  5.99825770e-01 -2.93782408e+00
 -2.40090177e+00  7.61664072e-05  9.60104594e-01  1.57107689e+00]","[ 0.00000000e+00  8.94562868e-01  5.92802947e-01  4.82124003e-01
  3.64272219e-03  5.82887721e-05 -3.70372172e-05  0.00000000e+00]","[ 0.          5.29424286 15.39348793  2.11753988  1.899333    1.44349694
 -0.46489877 -0.59435326]"
1749055015.3393328,"[ 0.00000000e+00  1.08645629e-01  6.01047229e-01 -2.93683684e+00
 -2.40089485e+00  7.61664072e-05  9.60104594e-01  1.57107689e+00]","[ 0.00000000e+00  8.96747991e-01  5.97581258e-01  4.82980043e-01
  3.57738060e-03  5.83328791e-05 -3.70368514e-05  0.00000000e+00]","[ 0.          5.34799433 15.47198582  2.09542918  1.88509798  1.5388459
 -0.50146878 -0.56317043]"
1749055015.3410819,"[ 0.00000000e+00  1.09530947e-01  6.01637718e-01 -2.93636014e+00
 -2.40089086e+00  7.72316716e-05  9.60104594e-01  1.57107689e+00]","[ 0.00000000e+00  8.97804001e-01  5.98806112e-01  4.82984637e-01
  3.64362855e-03  6.88867318e-05 -3.70368514e-05  0.00000000e+00]","[ 0.          5.25809669 15.58409119  2.09306693  1.88902581  1.58737326
 -0.49856946 -0.5710209 ]"
1749055015.3422287,"[ 0.00000000e+00  1.11305253e-01  6.02829815e-01 -2.93541046e+00
 -2.40088127e+00  7.72316716e-05  9.60104594e-01  1.57107689e+00]","[ 0.00000000e+00  9.00234868e-01  6.05828668e-01  4.80773514e-01
  4.09517090e-03  6.88867318e-05 -2.64551545e-05  0.00000000e+00]","[ 0.          5.12586927 15.69679737  2.03397202  1.96572661  1.66670632
 -0.50150722 -0.58693105]"
1749055015.3439488,"[ 0.00000000e+00  1.12261286e-01  6.03429493e-01 -2.93490099e+00
 -2.40087514e+00  7.82969360e-05  9.60104594e-01  1.57107689e+00]","[ 0.00000000e+00  9.00258770e-01  6.07643213e-01  4.79720067e-01
  4.90111730e-03  7.95448377e-05 -2.64548924e-05  0.00000000e+00]","[ 0.          5.19542599 15.62691498  1.94127357  1.99213958  1.67914701
 -0.48449171 -0.580226  ]"
1749055015.3451192,"[ 0.00000000e+00  1.14041110e-01  6.04682177e-01 -2.93395264e+00
 -2.40085996e+00  7.82969360e-05  9.60104594e-01  1.57107689e+00]","[ 0.00000000e+00  9.02935846e-01  6.12769864e-01  4.81043592e-01
  7.69777819e-03  7.94846874e-05 -2.64548924e-05  0.00000000e+00]","[ 0.          5.11597109 15.52885628  1.90004623  2.05211353  1.67737103
 -0.47636399 -0.58037496]"
1749055015.3469408,"[ 0.00000000e+00  1.14934235e-01  6.05290110e-01 -2.93347886e+00
 -2.40085038e+00  7.82969360e-05  9.60104594e-01  1.57107689e+00]","[ 0.00000000e+00  9.05906935e-01  6.16632513e-01  4.80016577e-01
  8.91321630e-03  7.94846874e-05 -2.64548924e-05  0.00000000e+00]","[ 0.          4.90562725 15.62211132  1.87040043  2.11012101  1.65285802
 -0.48363057 -0.5628047 ]"
1749055015.3481271,"[ 0.00000000e+00  1.16784308e-01  6.06559772e-01 -2.93250148e+00
 -2.40082614e+00  7.82969360e-05  9.60104594e-01  1.57107689e+00]","[ 0.00000000e+00  9.03476068e-01  6.20902692e-01  4.76992158e-01
  1.24244839e-02  6.89388604e-05 -2.64548924e-05  0.00000000e+00]","[ 0.          4.85149765 15.50196362  1.80838025  2.20272446  1.6549952
 -0.46502361 -0.59559894]"
1749055015.3499115,"[ 0.00000000e+00  1.17676059e-01  6.07174164e-01 -2.93203197e+00
 -2.40081096e+00  7.82969360e-05  9.60104594e-01  1.57107689e+00]","[ 0.00000000e+00  9.04286335e-01  6.22483545e-01  4.76181858e-01
  1.53799571e-02  6.88867318e-05 -2.64548924e-05  0.00000000e+00]","[ 0.          4.92172527 15.31791878  1.82754135  2.2791543   1.68499279
 -0.42777207 -0.59499818]"
1749055015.3517241,"[ 0.00000000e+00  1.19538990e-01  6.08414464e-01 -2.93105139e+00
 -2.40077501e+00  7.82969360e-05  9.60105526e-01  1.57107689e+00]","[ 0.00000000e+00  9.09787960e-01  6.30407514e-01  4.79970837e-01
  1.83060970e-02  6.88867318e-05 -1.85184257e-05  0.00000000e+00]","[ 0.          4.84751368 15.29681301  1.79520786  2.42803407  1.6892823
 -0.39399183 -0.57047367]"
1749055015.3529363,"[ 0.00000000e+00  1.21348658e-01  6.09718548e-01 -2.93010517e+00
 -2.40073479e+00  7.88295683e-05  9.60104594e-01  1.57107689e+00]","[ 0.00000000e+00  9.19681936e-01  6.38958059e-01  4.79693103e-01
  2.13377002e-02  7.41864532e-05 -2.64551545e-05  0.00000000e+00]","[ 0.          4.80536604 15.23051834  1.81006861  2.6958971   1.77271509
 -0.40023315 -0.54653007]"
1749055015.3548024,"[ 0.00000000e+00  1.22257853e-01  6.10354111e-01 -2.92963246e+00
 -2.40071162e+00  7.88295683e-05  9.60104594e-01  1.57107689e+00]","[ 0.00000000e+00  9.22112803e-01  6.44452560e-01  4.79423025e-01
  2.34746727e-02  7.41857136e-05 -2.64548924e-05  0.00000000e+00]","[ 0.          4.79481649 15.2920866   1.72541547  2.81975508  1.76868427
 -0.39110267 -0.57023484]"
1749055015.3563495,"[ 0.00000000e+00  1.24159358e-01  6.11688022e-01 -2.92864576e+00
 -2.40065517e+00  7.88295683e-05  9.60105526e-01  1.57107689e+00]","[ 0.00000000e+00  9.30100222e-01  6.51885709e-01  4.82394081e-01
  2.95906783e-02  7.42418490e-05 -1.85184257e-05  0.00000000e+00]","[ 0.          4.76578283 15.18070126  1.62441719  3.02923965  1.79694951
 -0.36733833 -0.5737381 ]"
1749055015.3580797,"[ 0.00000000e+00  1.26007592e-01  6.12990308e-01 -2.92769102e+00
 -2.40058459e+00  7.98948327e-05  9.60105526e-01  1.57107689e+00]","[ 0.00000000e+00  9.38717013e-01  6.62819183e-01  4.83474492e-01
  3.80837445e-02  8.47836692e-05 -1.85184257e-05  0.00000000e+00]","[ 0.          4.69624996 15.17486668  1.53561032  3.19492364  1.77399743
 -0.29139793 -0.55931592]"
1749055015.3598425,"[ 0.00000000e+00  1.27936653e-01  6.14359106e-01 -2.92669526e+00
 -2.40048952e+00  7.98948327e-05  9.60105526e-01  1.57107689e+00]","[ 0.00000000e+00  9.42638651e-01  6.70053328e-01  4.87525959e-01
  4.88538468e-02  7.42418490e-05 -1.85325998e-05  0.00000000e+00]","[ 0.          4.63100052 15.06210232  1.4439944   3.23817492  1.7574718
 -0.28850907 -0.55848712]"
1749055015.3615453,"[ 0.00000000e+00  1.28869724e-01  6.15025429e-01 -2.92621216e+00
 -2.40043519e+00  7.98948327e-05  9.60105526e-01  1.57107689e+00]","[ 0.00000000e+00  9.46421538e-01  6.75783918e-01  4.89956826e-01
  5.50998833e-02  7.41857136e-05 -1.85184257e-05  0.00000000e+00]","[ 0.          4.46582747 14.9992857   1.48817837  3.20490384  1.75159729
 -0.31499431 -0.56275821]"
1749055015.3633103,"[ 0.00000000e+00  1.30745056e-01  6.16369460e-01 -2.92520416e+00
 -2.40031029e+00  7.98948327e-05  9.60105526e-01  1.57107689e+00]","[ 0.00000000e+00  9.53330577e-01  6.82924052e-01  4.91544869e-01
  6.31936502e-02  7.42418490e-05 -1.85184257e-05  0.00000000e+00]","[ 0.          4.40298557 15.06967163  1.49408352  3.07333565  1.77586997
 -0.3247762  -0.57180828]"
1749055015.3650649,"[ 0.00000000e+00  1.32699824e-01  6.17781001e-01 -2.92423477e+00
 -2.40017367e+00  8.09600971e-05  9.60105526e-01  1.57107689e+00]","[ 0.00000000e+00  9.54794583e-01  6.92120946e-01  4.91888816e-01
  7.15758332e-02  8.48478263e-05 -1.05819570e-05  0.00000000e+00]","[ 0.          4.33420229 15.12222767  1.44244015  2.94447899  1.78349543
 -0.30797049 -0.57025015]"
1749055015.3668067,"[ 0.00000000e+00  1.33644381e-01  6.18573558e-01 -2.92370959e+00
 -2.40009856e+00  8.09600971e-05  9.60105526e-01  1.57107689e+00]","[ 0.00000000e+00  9.58035717e-01  6.96447052e-01  4.94515392e-01
  7.60903157e-02  8.47836692e-05 -1.05819570e-05  0.00000000e+00]","[ 0.          4.36186504 14.94462967  1.3801986   2.84950066  1.784657
 -0.32615083 -0.57241774]"
1749055015.3685038,"[ 0.00000000e+00  1.35612465e-01  6.20012198e-01 -2.92273088e+00
 -2.39993664e+00  8.09600971e-05  9.60104594e-01  1.57107689e+00]","[ 0.00000000e+00  9.60693951e-01  7.04659375e-01  4.96439160e-01
  7.94936025e-02  8.48478263e-05 -1.85324169e-05  0.00000000e+00]","[ 0.          4.21587992 14.91247082  1.25729394  2.72920108  1.83499444
 -0.36287963 -0.55789828]"
1749055015.370865,"[ 0.00000000e+00  1.37512598e-01  6.21415018e-01 -2.92175164e+00
 -2.39977233e+00  8.09600971e-05  9.60104594e-01  1.57107689e+00]","[ 0.00000000e+00  9.63977895e-01  7.12334872e-01  4.96439160e-01
  8.45405092e-02  8.47836692e-05 -1.85184257e-05  0.00000000e+00]","[ 0.          4.08710289 14.87125397  1.18356097  2.63254356  1.81498337
 -0.40491948 -0.57481182]"
1749055015.3725767,"[ 0.00000000e+00  1.39491701e-01  6.22887679e-01 -2.92065308e+00
 -2.39958671e+00  8.09600971e-05  9.60105526e-01  1.57107689e+00]","[ 0.00000000e+00  9.66712429e-01  7.21711595e-01  4.98904215e-01
  9.26434348e-02  8.48469811e-05 -1.05899522e-05  0.00000000e+00]","[ 0.          3.90523362 14.98338318  1.08490753  2.53555536  1.8265661
 -0.37475711 -0.58163154]"
1749055015.3749325,"[ 0.00000000e+00  1.41401936e-01  6.24324921e-01 -2.91970846e+00
 -2.39939203e+00  8.20253616e-05  9.60104594e-01  1.57107689e+00]","[ 0.00000000e+00  9.69109740e-01  7.30613677e-01  4.97806260e-01
  1.01556652e-01  9.53816248e-05 -1.85186086e-05  0.00000000e+00]","[ 0.          3.78865528 14.99160194  1.01936054  2.51118493  1.81534052
 -0.3642782  -0.57606584]"
1749055015.376636,"[ 0.00000000e+00  1.43314452e-01  6.25833801e-01 -2.91865065e+00
 -2.39916752e+00  8.20253616e-05  9.60104594e-01  1.57107689e+00]","[ 0.00000000e+00  9.70556236e-01  7.38068931e-01  4.99140138e-01
  1.11842729e-01  9.54538036e-05 -1.85324169e-05  0.00000000e+00]","[ 0.          3.53249121 14.97241116  0.92150807  2.46964812  1.84417498
 -0.39199451 -0.57900566]"
1749055015.377892,"[ 0.00000000e+00  1.45307795e-01  6.27301869e-01 -2.91762800e+00
 -2.39893183e+00  8.20253616e-05  9.60104594e-01  1.57107689e+00]","[ 0.00000000e+00  9.73701429e-01  7.46009212e-01  4.99279987e-01
  1.21960361e-01  8.47836692e-05 -1.85184257e-05  0.00000000e+00]","[ 0.          3.40817165 14.85374737  0.83161861  2.36884809  1.84229207
 -0.41282085 -0.5935545 ]"
1749055015.3795755,"[ 0.00000000e+00  1.46267049e-01  6.28040696e-01 -2.91713718e+00
 -2.39879974e+00  8.20253616e-05  9.60105526e-01  1.57107689e+00]","[ 0.00000000e+00  9.72891096e-01  7.49250412e-01  4.97285279e-01
  1.24381158e-01  8.48469811e-05 -1.05820616e-05  0.00000000e+00]","[ 0.          3.42414618 14.87134171  0.75108594  2.31640935  1.88638461
 -0.40417698 -0.5767684 ]"
1749055015.3813703,"[ 0.00000000e+00  1.48260841e-01  6.29587261e-01 -2.91615713e+00
 -2.39854301e+00  8.30906260e-05  9.60104594e-01  1.57107689e+00]","[ 0.00000000e+00  9.71905393e-01  7.56107253e-01  4.97519538e-01
  1.32617857e-01  9.54538036e-05 -1.85184257e-05  0.00000000e+00]","[ 0.          3.23981881 14.79245567  0.62586993  2.1548562   1.89070618
 -0.43237638 -0.58081776]"
1749055015.3835275,"[ 0.00000000e+00  1.50180264e-01  6.31086021e-01 -2.91514273e+00
 -2.39826791e+00  8.30906260e-05  9.60104594e-01  1.57107689e+00]","[ 0.00000000e+00  9.73431318e-01  7.61404813e-01  4.94766162e-01
  1.42071272e-01  9.54538036e-05 -1.85184257e-05  0.00000000e+00]","[ 0.          3.13747644 14.66634178  0.6069954   2.06348348  1.91163671
 -0.45269376 -0.56746942]"
1749055015.386215,"[ 0.00000000e+00  1.52172692e-01  6.32594902e-01 -2.91417201e+00
 -2.39796431e+00  8.30906260e-05  9.60104594e-01  1.57107689e+00]","[ 0.00000000e+00  9.73232380e-01  7.65996436e-01  4.90809503e-01
  1.49904095e-01  9.52385514e-05 -1.85184257e-05  0.00000000e+00]","[ 0.          2.97225046 14.72035217  0.48860359  1.97293413  1.9078548
 -0.41945773 -0.56246346]"
1749055015.3898652,"[ 0.00000000e+00  1.53132395e-01  6.33413224e-01 -2.91368865e+00
 -2.39781277e+00  8.30906260e-05  9.60104594e-01  1.57107689e+00]","[ 0.00000000e+00  9.73431318e-01  7.70611494e-01  4.90226904e-01
  1.53529755e-01  9.52376087e-05 -1.85186086e-05  0.00000000e+00]","[ 0.          2.97035003 14.75186729  0.52073312  1.9299618   1.89453197
 -0.41636971 -0.5624876 ]"
1749055015.391562,"[ 0.00000000e+00  1.57985107e-01  6.36475993e-01 -2.91124760e+00
 -2.39701196e+00  8.36232582e-05  9.60104594e-01  1.57107689e+00]","[ 0.00000000e+00  9.67759251e-01  7.79501326e-01  4.82934303e-01
  1.64862355e-01  1.00605543e-04 -1.05819570e-05  0.00000000e+00]","[ 0.          2.7396493  14.64944839  0.1782642   1.72212291  1.8901732
 -0.47516182 -0.55280101]"
1749055015.393208,"[ 0.00000000e+00  1.59960091e-01  6.38079482e-01 -2.91026036e+00
 -2.39666628e+00  8.36232582e-05  9.60104594e-01  1.57107689e+00]","[ 0.00000000e+00  9.63452453e-01  7.83282681e-01  4.81853892e-01
  1.70431507e-01  1.00605543e-04 -1.05899522e-05  0.00000000e+00]","[ 0.          2.5599792  14.53156948  0.17527105  1.6929754   1.86427379
 -0.4287141  -0.56416821]"
1749055015.3943176,"[ 0.00000000e+00  1.60908776e-01  6.38855061e-01 -2.90978765e+00
 -2.39649451e+00  8.36232582e-05  9.60104594e-01  1.57107689e+00]","[ 0.00000000e+00  9.62087184e-01  7.85726931e-01  4.79423025e-01
  1.74212880e-01  1.00528593e-04 -1.05819570e-05  0.00000000e+00]","[ 0.          2.67129087 14.30280495  0.26030546  1.69107699  1.8399117
 -0.41396397 -0.56120056]"
1749055015.3965685,"[ 0.00000000e+00  1.62799720e-01  6.40468205e-01 -2.90881293e+00
 -2.39612673e+00  8.36232582e-05  9.60104594e-01  1.57107689e+00]","[0.00000000e+00 9.57065061e-01 7.88144415e-01 4.75206242e-01
 1.80804054e-01 1.00604543e-04 0.00000000e+00 0.00000000e+00]","[ 0.          2.58945584 14.21923256  0.25667331  1.72312188  1.81362021
 -0.40178597 -0.57060158]"
1749055015.3988843,"[ 0.00000000e+00  1.64754031e-01  6.42026686e-01 -2.90834555e+00
 -2.39575468e+00  8.36232582e-05  9.60104594e-01  1.57107689e+00]","[0.00000000e+00 9.53923197e-01 7.91385615e-01 4.73540801e-01
 1.90688826e-01 1.00605543e-04 0.00000000e+00 0.00000000e+00]","[ 0.          2.5287416  14.01856804  0.24223517  1.65474069  1.80249619
 -0.3756755  -0.56502777]"
1749055015.4006233,"[ 0.00000000e+00  1.66633490e-01  6.43646687e-01 -2.90741238e+00
 -2.39533790e+00  8.36232582e-05  9.60104594e-01  1.57107689e+00]","[0.00000000e+00 9.50859097e-01 7.91174493e-01 4.72130391e-01
 1.97511029e-01 1.00603543e-04 0.00000000e+00 0.00000000e+00]","[ 0.          2.51121473 13.99104691  0.31827867  1.65098095  1.76990938
 -0.36292964 -0.57731152]"
1749055015.4022741,"[ 0.00000000e+00  1.68576782e-01  6.45208898e-01 -2.90645763e+00
 -2.39492458e+00  8.36232582e-05  9.60104594e-01  1.57107689e+00]","[0.00000000e+00 9.48155522e-01 7.91932895e-01 4.63921663e-01
 2.03113304e-01 1.00528593e-04 0.00000000e+00 0.00000000e+00]","[ 0.          2.41561055 14.0060854   0.38116154  1.58916974  1.74979734
 -0.35376155 -0.57132101]"
1749055015.4040017,"[ 0.00000000e+00  1.70444307e-01  6.46833026e-01 -2.90554497e+00
 -2.39449740e+00  8.36232582e-05  9.60104594e-01  1.57107689e+00]","[0.00000000e+00 9.47772027e-01 7.94086593e-01 4.63217157e-01
 2.08890133e-01 9.00145929e-05 0.00000000e+00 0.00000000e+00]","[ 0.          2.46841168 14.20371819  0.48995343  1.53943646  1.74095619
 -0.37640622 -0.58381432]"
1749055015.4057314,"[ 0.00000000e+00  1.71448102e-01  6.47615929e-01 -2.90505388e+00
 -2.39428755e+00  8.36232582e-05  9.60104594e-01  1.57107689e+00]","[0.00000000e+00 9.45146350e-01 7.94086593e-01 4.62417044e-01
 2.12836805e-01 9.00154869e-05 0.00000000e+00 0.00000000e+00]","[ 0.          2.53067946 14.25004864  0.56921178  1.54721558  1.7197876
 -0.39471525 -0.58875906]"
1749055015.4074166,"[ 0.00000000e+00  1.73309186e-01  6.49179005e-01 -2.90414841e+00
 -2.39385958e+00  8.36232582e-05  9.60104594e-01  1.57107689e+00]","[0.00000000e+00 9.44137944e-01 7.92202740e-01 4.57815235e-01
 2.19366759e-01 8.99466322e-05 0.00000000e+00 0.00000000e+00]","[ 0.          2.55483866 14.35435581  0.63854218  1.44703841  1.65114677
 -0.40560898 -0.58170509]"
1749055015.408508,"[ 0.00000000e+00  1.74238596e-01  6.50022095e-01 -2.90369940e+00
 -2.39362043e+00  8.36232582e-05  9.60104594e-01  1.57107689e+00]","[0.00000000e+00 9.41685106e-01 7.93932929e-01 4.55384334e-01
 2.25190077e-01 9.00145929e-05 0.00000000e+00 0.00000000e+00]","[ 0.          2.48843455 14.49277306  0.63346422  1.4072814   1.59567666
 -0.3839992  -0.57281071]"
1749055015.4103537,"[ 0.00000000e+00  1.76164894e-01  6.51587967e-01 -2.90276623e+00
 -2.39316636e+00  8.30906260e-05  9.60104594e-01  1.57107689e+00]","[0.00000000e+00 9.39880215e-01 7.94086593e-01 4.55114257e-01
 2.31743634e-01 8.46564929e-05 0.00000000e+00 0.00000000e+00]","[ 0.          2.53395939 14.42534828  0.72036773  1.3734237   1.50912321
 -0.36744651 -0.57044518]"
1749055015.411983,"[ 0.00000000e+00  1.78018637e-01  6.53213494e-01 -2.90184024e+00
 -2.39270110e+00  8.30906260e-05  9.60104594e-01  1.57107689e+00]","[0.00000000e+00 9.39399049e-01 7.93546371e-01 4.51383234e-01
 2.37145590e-01 8.46556558e-05 0.00000000e+00 0.00000000e+00]","[ 0.          2.68088794 14.43455029  0.78473675  1.40681183  1.43792391
 -0.39293477 -0.60048401]"
1749055015.4131305,"[ 0.00000000e+00  1.78943902e-01  6.53994533e-01 -2.90139736e+00
 -2.39244624e+00  8.30906260e-05  9.60104594e-01  1.57107689e+00]","[0.00000000e+00 9.38318604e-01 7.92195882e-01 4.49172112e-01
 2.39759649e-01 8.47196178e-05 0.00000000e+00 0.00000000e+00]","[ 0.          2.82773519 14.27097034  0.81524229  1.45796549  1.4309032
 -0.38174143 -0.61189669]"
1749055015.41487,"[ 0.00000000e+00  1.80863775e-01  6.55562203e-01 -2.90051346e+00
 -2.39196793e+00  8.30906260e-05  9.60105526e-01  1.57107689e+00]","[0.00000000e+00 9.38858826e-01 7.95437082e-01 4.48902001e-01
 2.43087735e-01 8.46556558e-05 0.00000000e+00 0.00000000e+00]","[ 0.          2.9294486  14.38096905  0.80592871  1.48340178  1.47588933
 -0.34415245 -0.60688239]"
1749055015.416573,"[ 0.00000000e+00  1.81789507e-01  6.56405293e-01 -2.90007217e+00
 -2.39172665e+00  8.30906260e-05  9.60105526e-01  1.57107689e+00]","[0.00000000e+00 9.38858826e-01 7.93932929e-01 4.47551512e-01
 2.44708318e-01 8.47196178e-05 0.00000000e+00 0.00000000e+00]","[ 0.          2.95388365 14.55199242  0.84211367  1.52462769  1.5056293
 -0.34640127 -0.61929071]"
1749055015.4183376,"[ 0.00000000e+00  1.83639588e-01  6.57973429e-01 -2.89915604e+00
 -2.39146327e+00  8.36232582e-05  9.60104594e-01  1.57107689e+00]","[ 0.00000000e+00  9.38858826e-01  7.95437082e-01  4.46201023e-01
  2.47776696e-01  8.46556558e-05 -1.05980643e-05  0.00000000e+00]","[ 0.          3.02221942 14.68869305  0.8497541   1.60578346  1.65288067
 -0.36503923 -0.60319924]"
1749055015.4200127,"[ 0.00000000e+00  1.85557164e-01  6.59543895e-01 -2.89828466e+00
 -2.39095806e+00  8.36232582e-05  9.60104594e-01  1.57107689e+00]","[ 0.00000000e+00  9.35479142e-01  7.96787571e-01  4.41069178e-01
  2.58483286e-01  8.47196178e-05 -1.05979587e-05  0.00000000e+00]","[ 0.          3.19158959 14.80591679  0.74854803  1.67390239  1.73597932
 -0.3805044  -0.56406957]"
1749055015.4217675,"[ 0.00000000e+00  1.86480598e-01  6.60391512e-01 -2.89781621e+00
 -2.39070054e+00  8.36232582e-05  9.60104594e-01  1.57107689e+00]","[ 0.00000000e+00  9.36427960e-01  7.97445106e-01  4.41101735e-01
  2.61184264e-01  8.47196178e-05 -1.05979587e-05  0.00000000e+00]","[ 0.          3.17595601 14.87857914  0.67489487  1.67940664  1.75953519
 -0.35301465 -0.55743235]"
1749055015.4234946,"[ 0.00000000e+00  1.88324238e-01  6.61966106e-01 -2.89694988e+00
 -2.39015166e+00  8.36232582e-05  9.60104594e-01  1.57107689e+00]","[ 0.00000000e+00  9.35617626e-01  7.99218438e-01  4.38193863e-01
  2.70637670e-01  8.46556558e-05 -1.05979587e-05  0.00000000e+00]","[ 0.          3.23736286 15.08535671  0.55366093  1.71133482  1.75610244
 -0.3667179  -0.57616609]"
1749055015.4252753,"[ 0.00000000e+00  1.90235389e-01  6.63606747e-01 -2.89605746e+00
 -2.38960757e+00  8.36232582e-05  9.60104594e-01  1.57107689e+00]","[ 0.00000000e+00  9.31836270e-01  8.01456026e-01  4.34581751e-01
  2.77378880e-01  8.47196178e-05 -1.05979587e-05  0.00000000e+00]","[ 0.          3.29332328 15.38370514  0.49856073  1.64159131  1.74184096
 -0.42617258 -0.59375775]"
1749055015.4269276,"[ 0.00000000e+00  1.91152382e-01  6.64398438e-01 -2.89563055e+00
 -2.38931010e+00  8.36232582e-05  9.60104594e-01  1.57107689e+00]","[ 0.00000000e+00  9.29003399e-01  8.02186198e-01  4.32966244e-01
  2.80108354e-01  7.41303991e-05 -1.05979587e-05  0.00000000e+00]","[ 0.          3.50508642 15.49010754  0.55740732  1.63917434  1.73272562
 -0.44517085 -0.60012466]"
1749055015.4280257,"[ 0.00000000e+00  1.93056193e-01  6.65989477e-01 -2.89477514e+00
 -2.38874578e+00  8.36232582e-05  9.60104594e-01  1.57107689e+00]","[ 0.00000000e+00  9.29135292e-01  8.07591483e-01  4.33067211e-01
  2.88194011e-01  7.40737029e-05 -1.06059783e-05  0.00000000e+00]","[ 0.          3.63089252 15.70961857  0.50357562  1.56644535  1.71303225
 -0.47455591 -0.58209825]"
1749055015.4298322,"[ 0.00000000e+00  1.93971355e-01  6.66848679e-01 -2.89434664e+00
 -2.38845922e+00  8.36232582e-05  9.60104594e-01  1.57107689e+00]","[ 0.00000000e+00  9.28054915e-01  8.08979057e-01  4.35028063e-01
  2.90624878e-01  7.41296676e-05 -1.05979587e-05  0.00000000e+00]","[ 0.          3.57380366 15.95409489  0.43399197  1.48492944  1.69667721
 -0.49431041 -0.5464927 ]"
1749055015.4315445,"[ 0.00000000e+00  1.95866893e-01  6.68451703e-01 -2.89346647e+00
 -2.38785495e+00  8.36232582e-05  9.60103595e-01  1.57107689e+00]","[ 0.00000000e+00  9.25203734e-01  8.14073817e-01  4.28374588e-01
  2.96266551e-01  7.40737029e-05 -1.85464284e-05  0.00000000e+00]","[ 0.          3.64372182 15.96831226  0.41277269  1.32011104  1.6567632
 -0.52335137 -0.55926234]"
1749055015.433213,"[ 0.00000000e+00  1.97688961e-01  6.70061583e-01 -2.89262651e+00
 -2.38724242e+00  8.36232582e-05  9.60103595e-01  1.57107689e+00]","[ 0.00000000e+00  9.24003448e-01  8.15407595e-01  4.25673610e-01
  2.99417537e-01  7.41296676e-05 -1.85464284e-05  0.00000000e+00]","[ 0.          3.70747638 15.85634518  0.4004311   1.15289164  1.62471569
 -0.50085813 -0.57903868]"
1749055015.4348624,"[ 0.00000000e+00  1.99505054e-01  6.71739974e-01 -2.89175299e+00
 -2.38664481e+00  8.36232582e-05  9.60103595e-01  1.57107689e+00]","[ 0.00000000e+00  9.20762314e-01  8.19745818e-01  4.26213832e-01
  3.04669956e-01  7.40737029e-05 -1.85464284e-05  0.00000000e+00]","[ 0.          3.61153507 15.7270937   0.38635254  0.98590058  1.62467515
 -0.50644982 -0.56426191]"
1749055015.4369116,"[ 0.00000000e+00  2.00482667e-01  6.72549042e-01 -2.89133514e+00
 -2.38634414e+00  8.36232582e-05  9.60103595e-01  1.57107689e+00]","[ 0.00000000e+00  9.20571032e-01  8.20556151e-01  4.23353564e-01
  3.04940034e-01  7.40744343e-05 -1.85606472e-05  0.00000000e+00]","[ 0.          3.68158531 15.50985718  0.41450575  0.91062808  1.63973963
 -0.52262801 -0.56084901]"
1749055015.4487438,"[ 0.00000000e+00  2.02294632e-01  6.74232893e-01 -2.89047574e+00
 -2.38571190e+00  8.36232582e-05  9.60102663e-01  1.57107689e+00]","[ 0.00000000e+00  9.18331447e-01  8.22771302e-01  4.18532543e-01
  3.09949806e-01  7.41296676e-05 -1.85464284e-05  0.00000000e+00]","[ 0.          3.68003035 15.32482052  0.40906921  0.99162281  1.68461192
 -0.50066751 -0.58740628]"
1749055015.4517946,"[ 0.00000000e+00  2.12427560e-01  6.83327122e-01 -2.88593372e+00
 -2.38205165e+00  8.36232582e-05  9.60105526e-01  1.57107689e+00]","[0.00000000e+00 9.11734664e-01 8.31900218e-01 4.08117286e-01
 3.56707092e-01 5.29103091e-05 1.06060839e-05 0.00000000e+00]","[ 0.          3.55652118 15.51784706  0.62935358  2.68125272  1.63235641
 -0.23381428 -0.55423993]"
1749055015.4553235,"[ 0.00000000e+00  2.16091437e-01  6.86680108e-01 -2.88429854e+00
 -2.38057120e+00  8.36232582e-05  9.60105526e-01  1.57107689e+00]","[0.00000000e+00 9.11308891e-01 8.35951685e-01 4.06766797e-01
 3.75435506e-01 4.76188043e-05 1.05979587e-05 0.00000000e+00]","[ 0.          3.58413792 15.16721725  0.79177511  2.62602353  1.60890365
 -0.29793677 -0.59155697]"
1749055015.4582121,"[ 0.00000000e+00  2.19748424e-01  6.90043681e-01 -2.88267481e+00
 -2.37901166e+00  8.36232582e-05  9.60104594e-01  1.57107689e+00]","[ 0.00000000e+00  9.08496793e-01  8.37302174e-01  4.01905030e-01
  3.94458799e-01  4.76188043e-05 -1.05979587e-05  0.00000000e+00]","[ 0.          3.61817122 15.1411171   0.87000948  2.25955367  1.57136929
 -0.37167993 -0.58427864]"
1749055015.4611113,"[ 0.00000000e+00  2.22500817e-01  6.92590395e-01 -2.88145268e+00
 -2.37780444e+00  8.36232582e-05  9.60104594e-01  1.57107689e+00]","[ 0.00000000e+00  9.05906935e-01  8.38922774e-01  4.01767645e-01
  3.99975703e-01  3.70368514e-05 -1.05979587e-05  0.00000000e+00]","[ 0.          3.88656402 15.33911514  0.79732174  2.11277556  1.54040015
 -0.4251197  -0.58387387]"
1749055015.4627273,"[ 0.00000000e+00  2.24284769e-01  6.94243486e-01 -2.88066039e+00
 -2.37700789e+00  8.36232582e-05  9.60104594e-01  1.57107689e+00]","[ 0.00000000e+00  9.03100296e-01  8.38922774e-01  4.00014352e-01
  4.04735704e-01  3.70651995e-05 -1.05979587e-05  0.00000000e+00]","[ 0.          4.00510883 15.66630745  0.81431955  2.12903619  1.53438795
 -0.42199489 -0.58128029]"
1749055015.465001,"[ 0.00000000e+00  2.26129324e-01  6.95961757e-01 -2.87984626e+00
 -2.37617432e+00  8.36232582e-05  9.60103595e-01  1.57107689e+00]","[ 0.00000000e+00  9.00258770e-01  8.38783025e-01  3.97313374e-01
  4.07749504e-01  3.70368514e-05 -1.85464284e-05  0.00000000e+00]","[ 0.          4.10860777 15.85505772  0.79076773  2.2935679   1.51119769
 -0.44253287 -0.5706414 ]"
1749055015.4667592,"[ 0.00000000e+00  2.27900426e-01  6.97619908e-01 -2.87903347e+00
 -2.37536765e+00  8.36232582e-05  9.60103595e-01  1.57107689e+00]","[ 0.00000000e+00  8.98344223e-01  8.41083530e-01  3.97094096e-01
  4.10278075e-01  2.64548924e-05 -1.85464284e-05  0.00000000e+00]","[ 0.          4.12803078 16.18925285  0.8869428   2.40216017  1.53173518
 -0.47325325 -0.5799281 ]"
1749055015.4685922,"[ 0.00000000e+00  2.29737192e-01  6.99341841e-01 -2.87825103e+00
 -2.37455539e+00  8.36232582e-05  9.60103595e-01  1.57107689e+00]","[ 0.00000000e+00  8.95995715e-01  8.41083530e-01  3.96503108e-01
  4.12168753e-01  2.64551545e-05 -1.05979587e-05  0.00000000e+00]","[ 0.          4.21735764 16.21264458  0.90216708  2.54638791  1.51722586
 -0.48576614 -0.57041848]"
1749055015.4709282,"[ 0.00000000e+00  2.31498640e-01  7.01000924e-01 -2.87747552e+00
 -2.37370850e+00  8.36232582e-05  9.60103595e-01  1.57107689e+00]","[ 0.00000000e+00  8.92402045e-01  8.41396718e-01  3.92721719e-01
  4.13100261e-01  2.64548924e-05 -1.05979587e-05  0.00000000e+00]","[ 0.          4.17715359 16.22089767  0.910155    2.65753198  1.51810944
 -0.45773759 -0.56029248]"
1749055015.4733667,"[ 0.00000000e+00  2.33326218e-01  7.02723789e-01 -2.87667018e+00
 -2.37286188e+00  8.36232582e-05  9.60103595e-01  1.57107689e+00]","[ 0.00000000e+00  8.92484936e-01  8.40543375e-01  3.93532019e-01
  4.14269488e-01  2.64548924e-05 -1.85464284e-05  0.00000000e+00]","[ 0.          4.25772715 16.1648674   0.89551407  2.80109406  1.50500548
 -0.45622158 -0.57134658]"
1749055015.4757183,"[ 0.00000000e+00  2.35957371e-01  7.05204790e-01 -2.87548161e+00
 -2.37162671e+00  8.36232582e-05  9.60103595e-01  1.57107689e+00]","[ 0.00000000e+00  8.88259964e-01  8.36993447e-01  3.89694170e-01
  4.19036380e-01  1.58729355e-05 -1.05979587e-05  0.00000000e+00]","[ 0.          4.23229694 16.04227829  0.83128923  2.97311258  1.51684546
 -0.42434019 -0.55652213]"
1749055015.4780622,"[ 0.00000000e+00  2.37775761e-01  7.06914806e-01 -2.87472261e+00
 -2.37076385e+00  8.36232582e-05  9.60103595e-01  1.57107689e+00]","[ 0.00000000e+00  8.87270200e-01  8.34295199e-01  3.83808518e-01
  4.22004440e-01  1.58729355e-05 -1.05820616e-05  0.00000000e+00]","[ 0.          4.27940035 15.83024693  0.82941496  3.06122279  1.49992156
 -0.38024059 -0.5489524 ]"
1749055015.4803007,"[ 0.00000000e+00  2.40464322e-01  7.09370573e-01 -2.87355641e+00
 -2.36950390e+00  8.36232582e-05  9.60103595e-01  1.57107689e+00]","[ 0.00000000e+00  8.86466525e-01  8.28929129e-01  3.83565338e-01
  4.27834399e-01  1.58730919e-05 -1.85184257e-05  0.00000000e+00]","[ 0.          4.1229682  15.79819584  0.78892797  3.19632888  1.4938401
 -0.36741522 -0.56666774]"
1749055015.4820437,"[ 0.00000000e+00  2.42206944e-01  7.11060815e-01 -2.87280247e+00
 -2.36861947e+00  8.36232582e-05  9.60103595e-01  1.57107689e+00]","[ 0.00000000e+00  8.83488845e-01  8.23797284e-01  3.81377651e-01
  4.32966244e-01  5.29097849e-06 -1.05820616e-05  0.00000000e+00]","[ 0.          4.12312794 15.92366505  0.78698879  3.33221245  1.51096034
 -0.34760046 -0.56605798]"
1749055015.484276,"[ 0.00000000e+00  2.44017062e-01  7.12745131e-01 -2.87202775e+00
 -2.36775847e+00  8.36232582e-05  9.60104594e-01  1.57107689e+00]","[0.00000000e+00 8.85964985e-01 8.22019025e-01 3.78304163e-01
 4.37287822e-01 5.29097849e-06 0.00000000e+00 0.00000000e+00]","[ 0.          4.19847775 16.16579056  0.75521815  3.49551463  1.47930753
 -0.33595034 -0.57377613]"
1749055015.4865613,"[ 0.00000000e+00  2.45756938e-01  7.14363335e-01 -2.87128100e+00
 -2.36685246e+00  8.36232582e-05  9.60104594e-01  1.57107689e+00]","[0.00000000e+00 8.82408467e-01 8.19745818e-01 3.78292978e-01
 4.43229967e-01 5.30298914e-06 0.00000000e+00 0.00000000e+00]","[ 0.          4.28061771 16.33687401  0.81272608  3.64519095  1.50328445
 -0.33287039 -0.55499923]"
1749055015.4888172,"[ 0.00000000e+00  2.47563843e-01  7.15978276e-01 -2.87051002e+00
 -2.36596616e+00  8.36232582e-05  9.60103595e-01  1.57107689e+00]","[ 0.00000000e+00  8.80371415e-01  8.17026530e-01  3.76245773e-01
  4.49796290e-01  5.29903215e-06 -1.05820616e-05  0.00000000e+00]","[ 0.          4.44664764 16.47339058  0.82825106  3.75127149  1.47994244
 -0.37724254 -0.54777008]"
1749055015.490608,"[ 0.00000000e+00  2.49300956e-01  7.17652006e-01 -2.86977525e+00
 -2.36503778e+00  8.36232582e-05  9.60103595e-01  1.57107689e+00]","[ 0.00000000e+00  8.80517755e-01  8.17855173e-01  3.72356859e-01
  4.54033845e-01  0.00000000e+00 -1.05819570e-05  0.00000000e+00]","[ 0.          4.5737772  16.62298012  0.90282291  3.7334156   1.46308327
 -0.38424566 -0.57668579]"
1749055015.4924023,"[ 0.00000000e+00  2.51101902e-01  7.19262885e-01 -2.86901306e+00
 -2.36413364e+00  8.36232582e-05  9.60103595e-01  1.57107689e+00]","[ 0.00000000e+00  8.79444968e-01  8.16504684e-01  3.72792452e-01
  4.61056401e-01  0.00000000e+00 -1.05819570e-05  0.00000000e+00]","[ 0.          4.6587224  16.70020294  0.93792194  3.70108747  1.46698916
 -0.38361406 -0.58370429]"
1749055015.4941652,"[ 0.00000000e+00  2.51969311e-01  7.20067360e-01 -2.86864527e+00
 -2.36364282e+00  8.36232582e-05  9.60103595e-01  1.57107689e+00]","[ 0.00000000e+00  8.78816129e-01  8.15964462e-01  3.73004606e-01
  4.62166274e-01  0.00000000e+00 -1.05819570e-05  0.00000000e+00]","[ 0.          4.5673995  16.56549454  0.9551937   3.60025501  1.46507144
 -0.38361406 -0.59084159]"
1749055015.495358,"[ 0.00000000e+00  2.53695405e-01  7.21736962e-01 -2.86790864e+00
 -2.36272483e+00  8.36232582e-05  9.60103595e-01  1.57107689e+00]","[ 0.00000000e+00  8.75115799e-01  8.14073817e-01  3.73274717e-01
  4.66188246e-01  0.00000000e+00 -1.05820616e-05  0.00000000e+00]","[ 0.          4.60280895 16.55417252  1.01529729  3.3981154   1.4583894
 -0.43089712 -0.5850054 ]"
1749055015.4970846,"[ 0.00000000e+00  2.55483951e-01  7.23344579e-01 -2.86714938e+00
 -2.36176183e+00  8.30906260e-05  9.60103595e-01  1.57107689e+00]","[ 0.00000000e+00  8.72674213e-01  8.14884084e-01  3.69763439e-01
  4.72197004e-01 -5.29897933e-06 -1.05819570e-05  0.00000000e+00]","[ 0.          4.69803905 16.61967659  1.02742791  3.19800019  1.43718803
 -0.44140971 -0.56821275]"
1749055015.4982753,"[ 0.00000000e+00  2.56477643e-01  7.24208376e-01 -2.86678506e+00
 -2.36129444e+00  8.30906260e-05  9.60103595e-01  1.57107689e+00]","[ 0.00000000e+00  8.73133009e-01  8.13492915e-01  3.69118987e-01
  4.74021069e-01 -5.29897933e-06 -1.05819570e-05  0.00000000e+00]","[ 0.          4.8622942  16.72939491  1.08211899  3.11006737  1.41371369
 -0.4626658  -0.557769  ]"
1749055015.5000222,"[ 0.00000000e+00  2.58061841e-01  7.25812264e-01 -2.86602792e+00
 -2.36035808e+00  8.30906260e-05  9.60103595e-01  1.57107689e+00]","[ 0.00000000e+00  8.68562825e-01  8.12709346e-01  3.69223250e-01
  4.75641669e-01 -5.29903215e-06 -1.05819570e-05  0.00000000e+00]","[ 0.          4.93543768 16.74644089  1.10153317  3.00171781  1.41343939
 -0.48412326 -0.57162333]"
1749055015.50177,"[ 0.00000000e+00  2.58983894e-01  7.26612677e-01 -2.86566333e+00
 -2.35985208e+00  8.30906260e-05  9.60103595e-01  1.57107689e+00]","[ 0.00000000e+00  8.68160422e-01  8.11912995e-01  3.69763439e-01
  4.76011849e-01 -5.29897933e-06 -1.05819570e-05  0.00000000e+00]","[ 0.          4.84586859 16.79937935  1.03453302  2.9600215   1.41075051
 -0.48337823 -0.5789628 ]"
1749055015.503482,"[ 0.00000000e+00  2.60827084e-01  7.28277220e-01 -2.86493496e+00
 -2.35890239e+00  8.30906260e-05  9.60103595e-01  1.57107689e+00]","[ 0.00000000e+00  8.66742821e-01  8.12993373e-01  3.68412950e-01
  4.82934303e-01 -5.29897933e-06 -1.05819570e-05  0.00000000e+00]","[ 0.          4.80758715 16.91153336  0.99320841  2.93353939  1.39315569
 -0.49142277 -0.58121377]"
1749055015.5045867,"[ 0.00000000e+00  2.62602314e-01  7.29880243e-01 -2.86418208e+00
 -2.35790690e+00  8.30906260e-05  9.60102663e-01  1.57107689e+00]","[ 0.00000000e+00  8.66742821e-01  8.12723328e-01  3.67769863e-01
  4.86992361e-01 -5.29897933e-06 -1.85184257e-05  0.00000000e+00]","[ 0.          4.81041145 17.01959801  0.96744245  2.92608094  1.38649786
 -0.52631325 -0.58232081]"
1749055015.5063887,"[ 0.00000000e+00  2.63455025e-01  7.30743507e-01 -2.86381750e+00
 -2.35742354e+00  8.30906260e-05  9.60102663e-01  1.57107689e+00]","[ 0.00000000e+00  8.64852110e-01  8.12991375e-01  3.69763439e-01
  4.90226904e-01 -5.30304197e-06 -1.85184257e-05  0.00000000e+00]","[ 0.          4.80431938 16.80134773  0.99838424  2.93960381  1.39251828
 -0.52140617 -0.57852101]"
1749055015.5080988,"[ 0.00000000e+00  2.65226127e-01  7.32349326e-01 -2.86305690e+00
 -2.35641180e+00  8.30906260e-05  9.60102663e-01  1.57107689e+00]","[ 0.00000000e+00  8.64649643e-01  8.12993373e-01  3.71388100e-01
  4.95518472e-01 -5.29897933e-06 -1.85186086e-05  0.00000000e+00]","[ 0.          4.6775651  16.73325157  0.93685454  2.98877454  1.38497794
 -0.51010585 -0.57585353]"
1749055015.5092046,"[ 0.00000000e+00  2.66078389e-01  7.33152868e-01 -2.86269178e+00
 -2.35592098e+00  8.30906260e-05  9.60102663e-01  1.57107689e+00]","[ 0.00000000e+00  8.63436174e-01  8.14884084e-01  3.70303628e-01
  4.97789649e-01  0.00000000e+00 -1.85186086e-05  0.00000000e+00]","[ 0.          4.74618149 16.86750412  0.86765933  3.07155323  1.39307725
 -0.50031    -0.56715864]"
1749055015.5108817,"[ 0.00000000e+00  2.67789320e-01  7.34832591e-01 -2.86196420e+00
 -2.35492603e+00  8.30906260e-05  9.60102663e-01  1.57107689e+00]","[ 0.00000000e+00  8.68903577e-01  8.21636529e-01  3.68683061e-01
  5.06162660e-01  0.00000000e+00 -1.85184257e-05  0.00000000e+00]","[ 0.          4.55063057 16.68857384  0.85244542  3.10831642  1.38390851
 -0.44957855 -0.55746233]"
1749055015.512655,"[ 0.00000000e+00  2.68648922e-01  7.35645387e-01 -2.86159988e+00
 -2.35438301e+00  8.30906260e-05  9.60102663e-01  1.57107689e+00]","[ 0.00000000e+00  8.71874666e-01  8.23502273e-01  3.69493361e-01
  5.11316876e-01  0.00000000e+00 -1.85184257e-05  0.00000000e+00]","[ 0.          4.34419775 16.42043686  0.86077332  3.04909086  1.40392852
 -0.4543134  -0.55629843]"
1749055015.5233274,"[ 0.00000000e+00  2.70446655e-01  7.37344817e-01 -2.86083689e+00
 -2.35336009e+00  8.30906260e-05  9.60102663e-01  1.57107689e+00]","[ 0.00000000e+00  8.78816129e-01  8.30264904e-01  3.73814906e-01
  5.21018039e-01  0.00000000e+00 -1.85184257e-05  0.00000000e+00]","[ 0.          4.16721344 16.03162003  0.76218325  3.0767169   1.3936286
 -0.43098223 -0.57790679]"
1749055015.5237331,"[ 0.00000000e+00  2.71315894e-01  7.38167734e-01 -2.86046750e+00
 -2.35284077e+00  8.30906260e-05  9.60102663e-01  1.57107689e+00]","[ 0.00000000e+00  8.81598133e-01  8.34601196e-01  3.74625206e-01
  5.26690073e-01  0.00000000e+00 -2.91003827e-05  0.00000000e+00]","[ 0.          4.14117432 16.05579567  0.71124905  3.10270214  1.37801588
 -0.42611378 -0.57430822]"
1749055015.523862,"[ 0.00000000e+00  2.72188363e-01  7.39822622e-01 -2.85969838e+00
 -2.35174834e+00  8.30906260e-05  9.60102663e-01  1.57107689e+00]","[ 0.00000000e+00  8.84839333e-01  8.40543375e-01  3.75798828e-01
  5.35873385e-01 -5.29897933e-06 -2.91003827e-05  0.00000000e+00]","[ 0.          3.86855388 15.79709244  0.56771165  3.11072254  1.41683757
 -0.4041087  -0.56595254]"
1749055015.5250328,"[ 0.00000000e+00  2.76726539e-01  7.44078420e-01 -2.85780940e+00
 -2.34898212e+00  8.30906260e-05  9.60103595e-01  1.57107689e+00]","[ 0.00000000e+00  8.97249531e-01  8.55668798e-01  3.78562823e-01
  5.63153243e-01 -5.30298914e-06 -1.05819570e-05  0.00000000e+00]","[ 0.          3.49921131 15.56341362  0.28779072  3.28717089  1.40379727
 -0.32208624 -0.53960949]"
1749055015.5368147,"[ 0.00000000e+00  2.81255977e-01  7.48474234e-01 -2.85591989e+00
 -2.34607421e+00  8.30906260e-05  9.60103595e-01  1.57107689e+00]","[ 0.00000000e+00  9.07029524e-01  8.70918857e-01  3.78946751e-01
  5.91243400e-01 -5.30298914e-06 -1.05820616e-05  0.00000000e+00]","[ 0.          3.10860062 14.90869236  0.1301326   3.40121889  1.37215102
 -0.28984463 -0.56967598]"
1749055015.5397177,"[ 0.00000000e+00  2.91331048e-01  7.58206290e-01 -2.85175710e+00
 -2.33920698e+00  8.20253616e-05  9.60104594e-01  1.57107689e+00]","[ 0.00000000e+00  9.09286420e-01  8.90958212e-01  3.71137331e-01
  6.39752280e-01 -1.58970960e-05  1.85184257e-05  0.00000000e+00]","[ 0.          2.15241766 14.24947643 -0.28076562  3.40453792  1.35966265
 -0.2659077  -0.54689664]"
1749055015.5426357,"[ 0.00000000e+00  2.94015947e-01  7.60921915e-01 -2.85066334e+00
 -2.33724397e+00  8.20253616e-05  9.60103595e-01  1.57107689e+00]","[ 0.00000000e+00  9.06717202e-01  8.95744912e-01  3.70843850e-01
  6.50744145e-01 -1.58969375e-05  0.00000000e+00  0.00000000e+00]","[ 0.          1.99266136 14.21153736 -0.32757947  2.99445152  1.33470511
 -0.31714356 -0.52886629]"
1749055015.5467863,"[ 0.00000000e+00  2.97655024e-01  7.64527969e-01 -2.84918582e+00
 -2.33461010e+00  8.20253616e-05  9.60103595e-01  1.57107689e+00]","[ 0.00000000e+00  9.02020984e-01  8.96993734e-01  3.63551216e-01
  6.58016439e-01 -1.58969375e-05  0.00000000e+00  0.00000000e+00]","[ 0.          1.70276678 13.96353054 -0.50549841  2.62529683  1.32783484
 -0.33327779 -0.54640102]"
1749055015.5511024,"[ 0.00000000e+00  3.01260111e-01  7.68110586e-01 -2.84774292e+00
 -2.33197144e+00  8.20253616e-05  9.60103595e-01  1.57107689e+00]","[ 0.00000000e+00  8.91321667e-01  8.85831561e-01  3.56798771e-01
  6.54391011e-01 -1.58969375e-05 -1.85184257e-05  0.00000000e+00]","[ 0.          1.43311203 13.6872654  -0.56373107  2.65182352  1.25172698
 -0.31817406 -0.53804088]"
1749055015.555388,"[ 0.00000000e+00  3.04810571e-01  7.71629354e-01 -2.84633331e+00
 -2.32935276e+00  8.09600971e-05  9.60104594e-01  1.57107689e+00]","[ 0.00000000e+00  8.76117947e-01  8.69163501e-01  3.45104665e-01
  6.49490328e-01 -2.64551545e-05 -1.05819570e-05  0.00000000e+00]","[ 0.          1.27976322 13.58204556 -0.58532828  2.75600481  1.19461811
 -0.28281319 -0.56253505]"
1749055015.558338,"[ 0.00000000e+00  3.08298114e-01  7.75070957e-01 -2.84495619e+00
 -2.32680917e+00  8.09600971e-05  9.60104594e-01  1.57107689e+00]","[ 0.00000000e+00  8.61610976e-01  8.47848159e-01  3.40322826e-01
  6.43102071e-01 -2.64551545e-05  0.00000000e+00  0.00000000e+00]","[ 0.          1.44904256 13.49867439 -0.54364741  2.88872504  1.17315614
 -0.24513124 -0.55537534]"
1749055015.5614007,"[ 0.00000000e+00  3.10893464e-01  7.77551492e-01 -2.84394419e+00
 -2.32486639e+00  8.09600971e-05  9.60104594e-01  1.57107689e+00]","[ 0.00000000e+00  8.50807064e-01  8.33520819e-01  3.28375585e-01
  6.39050604e-01 -2.64548924e-05  0.00000000e+00  0.00000000e+00]","[ 0.          1.63540304 13.74498749 -0.45156887  3.10085106  1.10357547
 -0.22256359 -0.5457086 ]"
1749055015.5643666,"[ 0.00000000e+00  3.13458488e-01  7.80049471e-01 -2.84298305e+00
 -2.32293187e+00  7.98948327e-05  9.60104594e-01  1.57107689e+00]","[ 0.00000000e+00  8.42434019e-01  8.17566153e-01  3.24927258e-01
  6.37159959e-01 -3.70372172e-05  0.00000000e+00  0.00000000e+00]","[ 0.          2.18117523 13.82151699 -0.35537875  3.44313455  1.06457806
 -0.21078868 -0.54888111]"
1749055015.5667408,"[ 0.00000000e+00  3.15937658e-01  7.82513494e-01 -2.84200168e+00
 -2.32100055e+00  7.98948327e-05  9.60104594e-01  1.57107689e+00]","[ 0.00000000e+00  8.34601196e-01  8.07725240e-01  3.21629998e-01
  6.35948820e-01 -3.70368514e-05  1.05899522e-05  0.00000000e+00]","[ 0.          2.3539207  14.46964931 -0.20833643  3.3306427   0.99825591
 -0.23876199 -0.59699452]"
1749055015.5691385,"[ 0.00000000e+00  3.17638053e-01  7.84099073e-01 -2.84134974e+00
 -2.31974966e+00  7.98948327e-05  9.60103595e-01  1.57107689e+00]","[ 0.00000000e+00  8.30009574e-01  8.01916353e-01  3.16971330e-01
  6.32736848e-01 -3.70368514e-05  0.00000000e+00  0.00000000e+00]","[ 0.          2.60470271 14.71213818 -0.13582516  3.25260878  0.96857297
 -0.29104117 -0.56616133]"
1749055015.5714507,"[ 0.00000000e+00  3.20142456e-01  7.86521285e-01 -2.84041656e+00
 -2.31783219e+00  7.98948327e-05  9.60103595e-01  1.57107689e+00]","[ 0.00000000e+00  8.22153182e-01  7.96787571e-01  3.15743946e-01
  6.30431882e-01 -3.70368514e-05  0.00000000e+00  0.00000000e+00]","[ 0.00000000e+00  2.98319674e+00  1.51572590e+01 -5.74328331e-03
  3.02508736e+00  9.49515283e-01 -3.61921787e-01 -5.50926030e-01]"
1749055015.5737176,"[ 0.00000000e+00  3.21758829e-01  7.88089421e-01 -2.83972547e+00
 -2.31659089e+00  7.88295683e-05  9.60103595e-01  1.57107689e+00]","[ 0.00000000e+00  8.19205662e-01  7.94896860e-01  3.13583157e-01
  6.28786914e-01 -4.76188043e-05  0.00000000e+00  0.00000000e+00]","[ 0.          3.14958954 15.53119278  0.07458832  2.66292453  0.98613733
 -0.34302244 -0.57250094]"
1749055015.5760446,"[ 0.00000000e+00  3.23433491e-01  7.89711752e-01 -2.83908765e+00
 -2.31531204e+00  7.88295683e-05  9.60102663e-01  1.57107689e+00]","[ 0.00000000e+00  8.16752890e-01  7.91393272e-01  3.10200576e-01
  6.22156575e-01 -4.76188043e-05 -1.05900569e-05  0.00000000e+00]","[ 0.          3.22988415 15.79919815  0.10338736  2.33561826  0.92544883
 -0.46735629 -0.58103782]"
1749055015.5777438,"[ 0.00000000e+00  3.25039710e-01  7.91273496e-01 -2.83848204e+00
 -2.31408885e+00  7.88295683e-05  9.60100732e-01  1.57107689e+00]","[ 0.00000000e+00  8.14058437e-01  7.91655726e-01  3.07370934e-01
  6.19333491e-01 -4.76192757e-05 -2.91443860e-05  0.00000000e+00]","[ 0.          3.33999705 16.09898758  0.16869085  2.04065037  0.94114268
 -0.53674495 -0.59016097]"
1749055015.5793927,"[ 0.00000000e+00  3.26642300e-01  7.92894429e-01 -2.83785487e+00
 -2.31283050e+00  7.88295683e-05  9.60100732e-01  1.57107689e+00]","[ 0.00000000e+00  8.12183106e-01  7.90680743e-01  3.06439061e-01
  6.12878122e-01 -4.76188043e-05 -2.91664395e-05  0.00000000e+00]","[ 0.          3.50019813 16.18539047  0.15648556  1.91941297  0.94368637
 -0.54904383 -0.57464987]"
1749055015.5804956,"[ 0.00000000e+00  3.27505564e-01  7.93674136e-01 -2.83755074e+00
 -2.31222810e+00  7.88295683e-05  9.60101731e-01  1.57107689e+00]","[ 0.00000000e+00  8.12991375e-01  7.91648336e-01  3.08138790e-01
  6.10960513e-01 -4.75828816e-05 -1.85464284e-05  0.00000000e+00]","[ 0.          3.5097506  15.98711967  0.19792192  1.8853724   0.95529574
 -0.53052962 -0.5785296 ]"
1749055015.5822222,"[ 0.00000000e+00  3.29107222e-01  7.95413979e-01 -2.83694327e+00
 -2.31103047e+00  7.88295683e-05  9.60100732e-01  1.57107689e+00]","[ 0.00000000e+00  8.11642884e-01  7.90824887e-01  3.07911123e-01
  6.06909046e-01 -4.76192757e-05 -2.91664395e-05  0.00000000e+00]","[ 0.          3.60220146 15.83190632  0.12631127  2.00352669  0.99275583
 -0.55947995 -0.57026482]"
1749055015.5839276,"[ 0.00000000e+00  3.30706118e-01  7.96972461e-01 -2.83631743e+00
 -2.30979823e+00  7.88295683e-05  9.60100732e-01  1.57107689e+00]","[ 0.00000000e+00  8.10011098e-01  7.89765015e-01  3.04669956e-01
  6.01342773e-01 -4.76188043e-05 -2.91667301e-05  0.00000000e+00]","[ 0.          3.50608492 15.64522266  0.04453298  2.22560477  0.98795271
 -0.58264112 -0.57846141]"
1749055015.5850642,"[ 0.00000000e+00  3.31568017e-01  7.97749438e-01 -2.83601889e+00
 -2.30920674e+00  7.88295683e-05  9.60100732e-01  1.57107689e+00]","[ 0.00000000e+00  8.11486756e-01  7.88144415e-01  3.02472482e-01
  5.99886490e-01 -4.76188043e-05 -3.70928568e-05  0.00000000e+00]","[ 0.          3.3605957  15.67536068 -0.02095861  2.41999602  0.99802417
 -0.56154841 -0.57522064]"
1749055015.5867937,"[ 0.00000000e+00  3.33168310e-01  7.99360251e-01 -2.83540636e+00
 -2.30802430e+00  7.88295683e-05  9.60102663e-01  1.57107689e+00]","[ 0.00000000e+00  8.11642884e-01  7.86523882e-01  2.98915997e-01
  5.98739067e-01 -4.76188043e-05 -1.85604623e-05  0.00000000e+00]","[ 0.          3.22794914 15.51203918 -0.15929949  2.75221539  1.02213347
 -0.40338349 -0.57027853]"
1749055015.5884426,"[ 0.00000000e+00  3.33967758e-01  8.00133500e-01 -2.83511102e+00
 -2.30738647e+00  7.88295683e-05  9.60102663e-01  1.57107689e+00]","[ 0.00000000e+00  8.10832617e-01  7.84363059e-01  2.99538112e-01
  6.00590430e-01 -4.76192757e-05 -1.05979587e-05  0.00000000e+00]","[ 0.          3.25451612 15.27798176 -0.15403534  2.94848943  1.01400566
 -0.38744769 -0.57336354]"
1749055015.5901241,"[ 0.00000000e+00  3.35627706e-01  8.01735658e-01 -2.83481674e+00
 -2.30620030e+00  7.88295683e-05  9.60102663e-01  1.57107689e+00]","[ 0.00000000e+00  8.10832617e-01  7.81394500e-01  2.98457700e-01
  6.01777201e-01 -4.76188043e-05 -1.06059783e-05  0.00000000e+00]","[ 0.          3.24151802 15.08346558 -0.21913396  3.36676264  1.03168774
 -0.35992321 -0.58349204]"
1749055015.59126,"[ 0.00000000e+00  3.36427187e-01  8.02503381e-01 -2.83452432e+00
 -2.30560375e+00  7.88295683e-05  9.60102663e-01  1.57107689e+00]","[ 0.00000000e+00  8.10011098e-01  7.78690992e-01  2.96567022e-01
  6.05018335e-01 -4.76188043e-05 -1.06059783e-05  0.00000000e+00]","[ 0.          3.07606316 15.16848087 -0.18497959  3.51146221  1.06033719
 -0.33634856 -0.58757067]"
1749055015.5930235,"[ 0.00000000e+00  3.38085304e-01  8.04037095e-01 -2.83391872e+00
 -2.30426711e+00  7.88295683e-05  9.60103595e-01  1.57107689e+00]","[ 0.00000000e+00  8.10734413e-01  7.77340503e-01  2.95216533e-01
  6.08973195e-01 -4.76188043e-05  0.00000000e+00  0.00000000e+00]","[ 0.          3.01187015 15.07915688 -0.31961268  3.92190886  1.03747523
 -0.30238029 -0.58046621]"
1749055015.594667,"[ 0.00000000e+00  3.38883387e-01  8.04860878e-01 -2.83334134e+00
 -2.30305404e+00  7.88295683e-05  9.60104594e-01  1.57107689e+00]","[ 0.00000000e+00  8.09482128e-01  7.74897186e-01  2.91705289e-01
  6.16277580e-01 -4.76192757e-05  1.06059783e-05  0.00000000e+00]","[ 0.          3.06467843 15.1223011  -0.34562933  4.19706774  1.11620378
 -0.20471667 -0.59250563]"
1749055015.5963407,"[ 0.00000000e+00  3.40479519e-01  8.06384006e-01 -2.83303295e+00
 -2.30239677e+00  7.88295683e-05  9.60104594e-01  1.57107689e+00]","[ 0.00000000e+00  8.09471409e-01  7.72478769e-01  2.90389887e-01
  6.18896533e-01 -4.76188043e-05  1.05979587e-05  0.00000000e+00]","[ 0.          2.98285699 15.13266277 -0.42404801  4.29810047  1.1187048
 -0.20857368 -0.57075107]"
1749055015.5974846,"[ 0.00000000e+00  3.41339121e-01  8.07143539e-01 -2.83274639e+00
 -2.30178398e+00  7.88295683e-05  9.60104594e-01  1.57107689e+00]","[ 0.00000000e+00  8.09480597e-01  7.70318014e-01  2.90624878e-01
  6.20864609e-01 -4.23278279e-05  1.05979587e-05  0.00000000e+00]","[ 0.          2.91462517 14.98867512 -0.45785895  4.31560755  1.13889623
 -0.19929487 -0.57547832]"
1749055015.5993207,"[ 0.00000000e+00  3.42932524e-01  8.07960864e-01 -2.83217089e+00
 -2.30054641e+00  7.88295683e-05  9.60103595e-01  1.57107689e+00]","[ 0.00000000e+00  8.08131639e-01  7.69608414e-01  2.91165066e-01
  6.29597248e-01 -4.23278279e-05  0.00000000e+00  0.00000000e+00]","[ 0.          2.90821338 15.08380032 -0.53392243  4.34135246  1.17278433
 -0.23739332 -0.55920237]"
1749055015.600437,"[ 0.00000000e+00  3.43727844e-01  8.08717601e-01 -2.83185956e+00
 -2.29992270e+00  7.88295683e-05  9.60103595e-01  1.57107689e+00]","[ 0.00000000e+00  8.06511039e-01  7.67617036e-01  2.92872552e-01
  6.32568270e-01 -4.23598089e-05  0.00000000e+00  0.00000000e+00]","[ 0.          2.812886   14.8304491  -0.59720242  4.33072519  1.18525648
 -0.22932753 -0.55636144]"
1749055015.6021032,"[ 0.00000000e+00  3.45375874e-01  8.10228812e-01 -2.83128618e+00
 -2.29861641e+00  7.88295683e-05  9.60103595e-01  1.57107689e+00]","[ 0.00000000e+00  8.04890505e-01  7.64410856e-01  2.90084689e-01
  6.40401093e-01 -4.23278279e-05  0.00000000e+00  0.00000000e+00]","[ 0.          2.69825983 14.78681374 -0.62490392  4.13254642  1.22311664
 -0.21279015 -0.5614869 ]"
1749055015.6038873,"[ 0.00000000e+00  3.46168431e-01  8.11039278e-01 -2.83100469e+00
 -2.29798312e+00  7.88295683e-05  9.60103595e-01  1.57107689e+00]","[ 0.00000000e+00  8.02995666e-01  7.63088397e-01  2.85493033e-01
  6.42291804e-01 -4.23282464e-05  0.00000000e+00  0.00000000e+00]","[ 0.          2.79578209 14.96324158 -0.64437109  4.02055359  1.23607683
 -0.22685868 -0.54286605]"
1749055015.605089,"[ 0.00000000e+00  3.47809105e-01  8.12544963e-01 -2.83042465e+00
 -2.29666032e+00  7.88295683e-05  9.60103595e-01  1.57107689e+00]","[ 0.00000000e+00  8.00452946e-01  7.63295458e-01  2.81965876e-01
  6.47734906e-01 -4.23278279e-05  1.05979587e-05  0.00000000e+00]","[ 0.          2.68161678 14.918437   -0.64416873  3.78124189  1.25528371
 -0.26554585 -0.56529385]"
1749055015.6067786,"[ 0.00000000e+00  3.49385496e-01  8.14106707e-01 -2.82987125e+00
 -2.29537215e+00  7.88295683e-05  9.60102663e-01  1.57107689e+00]","[ 0.00000000e+00  7.98678216e-01  7.62837660e-01  2.80901377e-01
  6.54052923e-01 -4.23278279e-05  0.00000000e+00  0.00000000e+00]","[ 0.          2.68820262 15.12802887 -0.67091966  3.58980298  1.24805629
 -0.36597213 -0.57447428]"
1749055015.60847,"[ 0.00000000e+00  3.50170729e-01  8.14859316e-01 -2.82959348e+00
 -2.29472420e+00  7.88295683e-05  9.60102663e-01  1.57107689e+00]","[ 0.00000000e+00  7.96247349e-01  7.64070371e-01  2.81711677e-01
  6.57147183e-01 -4.23282464e-05  0.00000000e+00  0.00000000e+00]","[ 0.          2.62707162 15.1078043  -0.67979008  3.54891801  1.25275683
 -0.37071615 -0.57349813]"
1749055015.6101933,"[ 0.00000000e+00  3.51798087e-01  8.16364535e-01 -2.82901850e+00
 -2.29336732e+00  7.88295683e-05  9.60102663e-01  1.57107689e+00]","[ 0.00000000e+00  7.94086593e-01  7.64375836e-01  2.80091077e-01
  6.63629517e-01 -4.23278279e-05  0.00000000e+00  0.00000000e+00]","[ 0.          2.53720212 15.43770027 -0.71789718  3.41864109  1.26981819
 -0.37675402 -0.57620144]"
1749055015.611446,"[ 0.00000000e+00  3.52578260e-01  8.17177265e-01 -2.82874366e+00
 -2.29270979e+00  7.88295683e-05  9.60102663e-01  1.57107689e+00]","[ 0.00000000e+00  7.91385615e-01  7.65345359e-01  2.78740588e-01
  6.66870650e-01 -4.23278279e-05  0.00000000e+00  0.00000000e+00]","[ 0.          2.61225104 15.60259628 -0.72877169  3.39556336  1.27414834
 -0.38439897 -0.57592672]"
1749055015.6131198,"[ 0.00000000e+00  3.54201490e-01  8.18689408e-01 -2.82817961e+00
 -2.29138593e+00  7.88295683e-05  9.60101731e-01  1.57107689e+00]","[ 0.00000000e+00  7.92428309e-01  7.66536658e-01  2.73601353e-01
  6.73225485e-01 -4.23278279e-05 -1.05979587e-05  0.00000000e+00]","[ 0.          2.62045383 15.75182533 -0.76395214  3.30596733  1.298576
 -0.42984122 -0.56839556]"
1749055015.614832,"[ 0.00000000e+00  3.55761370e-01  8.20203815e-01 -2.82764617e+00
 -2.29066635e+00  7.88295683e-05  9.60101731e-01  1.57107689e+00]","[ 0.00000000e+00  7.90044114e-01  7.68396343e-01  2.70097482e-01
  6.76938997e-01 -4.23282464e-05 -1.06060839e-05  0.00000000e+00]","[ 0.          2.55151439 16.02103615 -0.75177175  3.24481392  1.32553256
 -0.50182211 -0.5572145 ]"
1749055015.6165657,"[ 0.00000000e+00  3.56539679e-01  8.21021605e-01 -2.82738013e+00
 -2.28999496e+00  7.88295683e-05  9.60101731e-01  1.57107689e+00]","[ 0.00000000e+00  7.89224793e-01  7.69385508e-01  2.69827370e-01
  6.80915763e-01 -4.23278279e-05 -1.06059783e-05  0.00000000e+00]","[ 0.          2.54305744 16.11762238 -0.78433347  3.30007887  1.32137513
 -0.49469537 -0.56582189]"
1749055015.6224408,"[ 0.00000000e+00  3.58154187e-01  8.22546131e-01 -2.82682725e+00
 -2.28859281e+00  7.88295683e-05  9.60102663e-01  1.57107689e+00]","[ 0.00000000e+00  7.87874304e-01  7.74639592e-01  2.68746993e-01
  6.86102535e-01 -4.23278279e-05  0.00000000e+00  0.00000000e+00]","[ 0.          2.52572203 16.37512398 -0.84210652  3.16211128  1.3312794
 -0.43205252 -0.57588178]"
1749055015.6241615,"[ 0.00000000e+00  3.58932529e-01  8.23369448e-01 -2.82656467e+00
 -2.28791211e+00  7.88295683e-05  9.60102663e-01  1.57107689e+00]","[ 0.00000000e+00  7.89494904e-01  7.75376089e-01  2.66316109e-01
  6.90369119e-01 -4.23278279e-05  0.00000000e+00  0.00000000e+00]","[ 0.          2.52214122 16.31509209 -0.88592309  3.09114337  1.34327257
 -0.42802143 -0.58272272]"
1749055015.6259058,"[ 0.00000000e+00  3.64474035e-01  8.28818209e-01 -2.82476836e+00
 -2.28294744e+00  7.98948327e-05  9.60103595e-01  1.57107689e+00]","[ 0.00000000e+00  7.82472415e-01  7.83282681e-01  2.47139185e-01
  7.13516716e-01 -3.17461838e-05  0.00000000e+00  0.00000000e+00]","[ 0.          2.22246099 16.09312248 -1.27204156  3.41013598  1.401582
 -0.38229322 -0.56901258]"
1749055015.627574,"[ 0.00000000e+00  3.65244987e-01  8.29649781e-01 -2.82452442e+00
 -2.28223984e+00  7.98948327e-05  9.60101731e-01  1.57107689e+00]","[ 0.00000000e+00  7.81932192e-01  7.82899120e-01  2.47409280e-01
  7.17649010e-01 -3.17461838e-05 -1.85604623e-05  0.00000000e+00]","[ 0.          1.97645748 15.85356236 -1.32455289  3.4859724   1.43473995
 -0.38769865 -0.58695716]"
1749055015.628674,"[ 0.00000000e+00  3.66843915e-01  8.31194947e-01 -2.82402481e+00
 -2.28081318e+00  7.98948327e-05  9.60101731e-01  1.57107689e+00]","[ 0.00000000e+00  7.78690992e-01  7.83282681e-01  2.42743871e-01
  7.25481833e-01 -3.17458709e-05 -1.85604623e-05  0.00000000e+00]","[ 0.          1.89687228 15.85785294 -1.45840406  3.78782058  1.43949807
 -0.41118017 -0.57465637]"
1749055015.6304574,"[ 0.00000000e+00  3.67610273e-01  8.31966398e-01 -2.82378752e+00
 -2.28003794e+00  7.98948327e-05  9.60102663e-01  1.57107689e+00]","[ 0.00000000e+00  7.77340503e-01  7.82472415e-01  2.40656852e-01
  7.29986969e-01 -3.17458709e-05 -1.06059783e-05  0.00000000e+00]","[ 0.          1.96866906 15.95119572 -1.48049045  3.98528409  1.46020269
 -0.36394984 -0.57465637]"
1749055015.6315746,"[ 0.00000000e+00  3.68375766e-01  8.32738315e-01 -2.82355290e+00
 -2.27931569e+00  7.98948327e-05  9.60103595e-01  1.57107689e+00]","[ 0.00000000e+00  7.76260125e-01  7.82742459e-01  2.37714774e-01
  7.32504322e-01 -3.17458709e-05  0.00000000e+00  0.00000000e+00]","[ 0.          1.86801493 15.82035732 -1.50397444  4.10351229  1.47907925
 -0.31977731 -0.55374908]"
1749055015.633341,"[ 0.00000000e+00  3.69963642e-01  8.34339474e-01 -2.82309696e+00
 -2.27785814e+00  7.98948327e-05  9.60103595e-01  1.57107689e+00]","[ 0.00000000e+00  7.74646649e-01  7.80330434e-01  2.29042656e-01
  7.41147478e-01 -3.17461838e-05  0.00000000e+00  0.00000000e+00]","[ 0.          1.88458478 15.95814037 -1.61948955  4.40649462  1.44361639
 -0.29235259 -0.56721532]"
1749055015.6356843,"[ 0.00000000e+00  3.71483109e-01  8.35937504e-01 -2.82263677e+00
 -2.27633002e+00  7.98948327e-05  9.60103595e-01  1.57107689e+00]","[ 0.00000000e+00  7.68997885e-01  7.79639144e-01  2.22560322e-01
  7.47899923e-01 -3.17458709e-05  0.00000000e+00  0.00000000e+00]","[ 0.          1.8162396  16.12065315 -1.60672915  4.75577927  1.45837057
 -0.28684148 -0.54579574]"
1749055015.6374435,"[ 0.00000000e+00  3.73053075e-01  8.37470686e-01 -2.82220560e+00
 -2.27484451e+00  7.98948327e-05  9.60103595e-01  1.57107689e+00]","[ 0.00000000e+00  7.65345359e-01  7.77610614e-01  2.17428461e-01
  7.54652368e-01 -3.17458709e-05 -1.05979587e-05  0.00000000e+00]","[ 0.          1.86189365 16.33169174 -1.56853533  4.83611345  1.44034255
 -0.30128771 -0.54646021]"
1749055015.6393054,"[ 0.00000000e+00  3.74553234e-01  8.39061325e-01 -2.82176432e+00
 -2.27329029e+00  7.98948327e-05  9.60103595e-01  1.57107689e+00]","[ 0.00000000e+00  7.59514102e-01  7.76629905e-01  2.14727500e-01
  7.60795615e-01 -2.11639139e-05  0.00000000e+00  0.00000000e+00]","[ 0.          1.87261808 16.45041084 -1.53097391  4.69687462  1.42020738
 -0.27332529 -0.54304105]"
1749055015.6410584,"[ 0.00000000e+00  3.75300351e-01  8.39825453e-01 -2.82155446e+00
 -2.27253634e+00  7.98948327e-05  9.60103595e-01  1.57107689e+00]","[ 0.00000000e+00  7.56855801e-01  7.74124536e-01  2.12836805e-01
  7.63871233e-01 -2.11481571e-05  0.00000000e+00  0.00000000e+00]","[ 0.          1.78464031 16.33191681 -1.47262728  4.47412586  1.44493139
 -0.29098615 -0.53413516]"
1749055015.6422439,"[ 0.00000000e+00  3.76843686e-01  8.41353641e-01 -2.82112729e+00
 -2.27096401e+00  7.98948327e-05  9.60102663e-01  1.57107689e+00]","[ 0.00000000e+00  7.52221501e-01  7.74639592e-01  2.06894660e-01
  7.68354532e-01 -2.11639139e-05 -1.06059783e-05  0.00000000e+00]","[ 0.          1.81204116 16.34069061 -1.41197896  4.33078003  1.4182198
 -0.34261099 -0.54665363]"
1749055015.6440353,"[ 0.00000000e+00  3.78319044e-01  8.42935958e-01 -2.82072648e+00
 -2.26944175e+00  7.98948327e-05  9.60102663e-01  1.57107689e+00]","[ 0.00000000e+00  7.45469056e-01  7.72208658e-01  2.02573099e-01
  7.72748881e-01 -2.11479478e-05 -1.06059783e-05  0.00000000e+00]","[ 0.          1.81427372 16.32542992 -1.32131743  4.03394461  1.40796494
 -0.35021496 -0.54794735]"
1749055015.6452024,"[ 0.00000000e+00  3.79106574e-01  8.43698222e-01 -2.82051343e+00
 -2.26867849e+00  7.98948327e-05  9.60103595e-01  1.57107689e+00]","[ 0.00000000e+00  7.41522318e-01  7.73018992e-01  2.00614760e-01
  7.74099370e-01 -2.11477385e-05  0.00000000e+00  0.00000000e+00]","[ 0.          1.96489024 16.58549118 -1.31959081  3.96606684  1.38849652
 -0.34175345 -0.57142597]"
1749055015.6469553,"[ 0.00000000e+00  3.80561292e-01  8.45221350e-01 -2.82012860e+00
 -2.26708832e+00  7.98948327e-05  9.60102663e-01  1.57107689e+00]","[ 0.00000000e+00  7.36285744e-01  7.71128280e-01  1.94200087e-01
  7.76901481e-01 -2.11639139e-05 -1.06058726e-05  0.00000000e+00]","[ 0.          2.01440501 16.69926834 -1.2433368   3.67409182  1.3470875
 -0.38363126 -0.59077537]"
1749055015.6480207,"[ 0.00000000e+00  3.81340067e-01  8.46041005e-01 -2.81994005e+00
 -2.26632053e+00  7.98948327e-05  9.60101731e-01  1.57107689e+00]","[ 0.00000000e+00  7.33246945e-01  7.71865310e-01  1.91229014e-01
  7.78690992e-01 -2.11479478e-05 -1.85604623e-05  0.00000000e+00]","[ 0.          2.00429249 16.54596519 -1.15236902  3.5319488   1.35427701
 -0.40107805 -0.5720489 ]"
1749055015.6502824,"[ 0.00000000e+00  3.82779173e-01  8.47560005e-01 -2.81954910e+00
 -2.26472396e+00  7.98948327e-05  9.60101731e-01  1.57107689e+00]","[ 0.00000000e+00  7.27912699e-01  7.69237636e-01  1.90834800e-01
  7.80642224e-01 -2.11639139e-05 -1.85464284e-05  0.00000000e+00]","[ 0.          2.0849092  16.66958237 -1.07599747  3.22310138  1.3128401
 -0.4397276  -0.59986269]"
1749055015.651383,"[ 0.00000000e+00  3.83493200e-01  8.48320005e-01 -2.81935948e+00
 -2.26395457e+00  7.98948327e-05  9.60101731e-01  1.57107689e+00]","[ 0.00000000e+00  7.23397643e-01  7.70858169e-01  1.92114549e-01
  7.80311592e-01 -2.11639139e-05 -2.91664395e-05  0.00000000e+00]","[ 0.          2.21142888 16.75077629 -1.10326958  3.08801627  1.28617847
 -0.45979413 -0.59982949]"
1749055015.6531603,"[ 0.00000000e+00  3.84969956e-01  8.49898194e-01 -2.81898291e+00
 -2.26241473e+00  7.88295683e-05  9.60101731e-01  1.57107689e+00]","[ 0.00000000e+00  7.19620082e-01  7.69777791e-01  1.90148620e-01
  7.79790811e-01 -3.17461838e-05 -2.91443860e-05  0.00000000e+00]","[ 0.          2.26123452 16.86185837 -1.0415976   2.8638072   1.27533424
 -0.48758274 -0.60082692]"
1749055015.6543565,"[ 0.00000000e+00  3.85679389e-01  8.50657261e-01 -2.81878238e+00
 -2.26164508e+00  7.88295683e-05  9.60101731e-01  1.57107689e+00]","[ 0.00000000e+00  7.19539654e-01  7.69777791e-01  1.88828657e-01
  7.80581703e-01 -2.11959173e-05 -1.85186086e-05  0.00000000e+00]","[ 0.          2.25009418 16.90140724 -0.99321508  2.80373049  1.27484655
 -0.5114184  -0.60266864]"
1749055015.6561067,"[ 0.00000000e+00  3.87141930e-01  8.52233187e-01 -2.81841273e+00
 -2.26004852e+00  7.88295683e-05  9.60101731e-01  1.57107689e+00]","[ 0.00000000e+00  7.12683945e-01  7.69106875e-01  1.87717753e-01
  7.79231214e-01 -2.11799045e-05 -2.91223691e-05  0.00000000e+00]","[ 0.          2.32512403 17.0208416  -0.96823215  2.70568919  1.24645388
 -0.54058903 -0.59547949]"
1749055015.6573393,"[ 0.00000000e+00  3.87844472e-01  8.52992721e-01 -2.81822817e+00
 -2.25927939e+00  7.88295683e-05  9.60101731e-01  1.57107689e+00]","[ 0.00000000e+00  7.12517165e-01  7.70318014e-01  1.86987897e-01
  7.80041481e-01 -2.11959173e-05 -2.91003827e-05  0.00000000e+00]","[ 0.          2.34072208 17.07592392 -1.00247467  2.56207371  1.24158955
 -0.56253797 -0.59069866]"
1749055015.6591043,"[ 0.00000000e+00  3.89241799e-01  8.54512653e-01 -2.81785560e+00
 -2.25768469e+00  7.88295683e-05  9.60101731e-01  1.57107689e+00]","[ 0.00000000e+00  7.06668597e-01  7.70616820e-01  1.80425119e-01
  7.77610614e-01 -2.11957060e-05 -2.91226556e-05  0.00000000e+00]","[ 0.          2.39247537 17.16065598 -1.00224364  2.36350322  1.16482842
 -0.5606913  -0.57688344]"
1749055015.660898,"[ 0.00000000e+00  3.89938848e-01  8.55330909e-01 -2.81768249e+00
 -2.25691877e+00  7.88295683e-05  9.60101731e-01  1.57107689e+00]","[ 0.00000000e+00  7.06845098e-01  7.71086802e-01  1.75385486e-01
  7.76800348e-01 -2.11801137e-05 -2.91226556e-05  0.00000000e+00]","[ 0.          2.40712237 17.27099037 -0.97038537  2.39897561  1.14542627
 -0.55138063 -0.568699  ]"
1749055015.6620245,"[ 0.00000000e+00  3.91381616e-01  8.56853106e-01 -2.81734374e+00
 -2.25538825e+00  7.82969360e-05  9.60100732e-01  1.57107689e+00]","[ 0.00000000e+00  7.03603898e-01  7.72208658e-01  1.70604530e-01
  7.74909636e-01 -2.64948971e-05 -3.70368514e-05  0.00000000e+00]","[ 0.          2.41467094 17.16911125 -1.0349313   2.30137396  1.1003195
 -0.54884249 -0.57764012]"
1749055015.6644197,"[ 0.00000000e+00  3.92814297e-01  8.58432294e-01 -2.81699699e+00
 -2.25380314e+00  7.82969360e-05  9.60101731e-01  1.57107689e+00]","[ 0.00000000e+00  6.98640897e-01  7.70077131e-01  1.69081018e-01
  7.74369481e-01 -1.58969375e-05 -2.91223691e-05  0.00000000e+00]","[ 0.          2.28692293 16.87213326 -1.09942579  2.25249577  1.06282485
 -0.5199917  -0.59469485]"
1749055015.6656408,"[ 0.00000000e+00  3.93501692e-01  8.59191295e-01 -2.81683214e+00
 -2.25304280e+00  7.82969360e-05  9.60101731e-01  1.57107689e+00]","[ 0.00000000e+00  6.96415293e-01  7.69777791e-01  1.67190340e-01
  7.70346976e-01 -1.58967790e-05 -2.91006692e-05  0.00000000e+00]","[ 0.          2.10058117 16.55709457 -1.12057555  2.16336775  1.09104717
 -0.50859195 -0.57809341]"
1749055015.6673532,"[ 0.00000000e+00  3.94871455e-01  8.60762227e-01 -2.81649339e+00
 -2.25146595e+00  7.82969360e-05  9.60101731e-01  1.57107689e+00]","[ 0.00000000e+00  6.93880430e-01  7.65345359e-01  1.64759457e-01
  7.69777791e-01 -1.58970960e-05 -2.91223691e-05  0.00000000e+00]","[ 0.          1.97071826 16.1428318  -1.22385323  2.16828513  1.11368036
 -0.49465197 -0.57480007]"
1749055015.669103,"[ 0.00000000e+00  3.96286693e-01  8.62268777e-01 -2.81617221e+00
 -2.24995327e+00  7.82969360e-05  9.60101731e-01  1.57107689e+00]","[ 0.00000000e+00  6.90114787e-01  7.63295458e-01  1.63138873e-01
  7.66536658e-01 -1.58969375e-05 -1.85184257e-05  0.00000000e+00]","[ 0.          1.81522799 15.84282494 -1.36495137  2.36859465  1.11621165
 -0.49639264 -0.5638907 ]"
1749055015.6702902,"[ 0.00000000e+00  3.96963535e-01  8.63017258e-01 -2.81600204e+00
 -2.24919747e+00  7.82969360e-05  9.60101731e-01  1.57107689e+00]","[ 0.00000000e+00  6.86587763e-01  7.58204892e-01  1.60241038e-01
  7.66536658e-01 -1.58969375e-05 -1.85184257e-05  0.00000000e+00]","[ 0.          1.94216514 15.79572964 -1.44999099  2.53847861  1.10943627
 -0.43251938 -0.56126475]"
1749055015.6720243,"[ 0.00000000e+00  3.98310329e-01  8.64564289e-01 -2.81569018e+00
 -2.24763153e+00  7.82969360e-05  9.60102663e-01  1.57107689e+00]","[ 0.00000000e+00  6.81035272e-01  7.53559207e-01  1.57466823e-01
  7.63835680e-01 -5.29903215e-06 -1.05900569e-05  0.00000000e+00]","[ 0.          1.79125464 15.58216476 -1.54927588  2.86302447  1.06056929
 -0.39956665 -0.55748075]"
1749055015.673203,"[ 0.00000000e+00  3.99031280e-01  8.65304048e-01 -2.81553944e+00
 -2.24687945e+00  7.82969360e-05  9.60102663e-01  1.57107689e+00]","[ 0.00000000e+00  6.78830241e-01  7.50330790e-01  1.52875167e-01
  7.62755302e-01 -5.29897933e-06 -1.05899522e-05  0.00000000e+00]","[ 0.          1.65110445 15.41990376 -1.62980402  2.98565459  1.04633665
 -0.37927526 -0.56689531]"
1749055015.6749516,"[ 0.00000000e+00  4.00360164e-01  8.66774846e-01 -2.81523877e+00
 -2.24531538e+00  7.72316716e-05  9.60102663e-01  1.57107689e+00]","[ 0.00000000e+00  6.72002495e-01  7.44658723e-01  1.45080777e-01
  7.63589937e-01 -1.58969375e-05 -1.05819570e-05  0.00000000e+00]","[ 0.          1.56545472 15.24325275 -1.70741117  3.26411676  1.01545572
 -0.36303627 -0.55282187]"
1749055015.676144,"[ 0.00000000e+00  4.01021394e-01  8.67560944e-01 -2.81510109e+00
 -2.24456277e+00  7.72316716e-05  9.60102663e-01  1.57107689e+00]","[ 0.00000000e+00  6.70652006e-01  7.40268502e-01  1.39498908e-01
  7.63295458e-01 -1.59089679e-05  0.00000000e+00  0.00000000e+00]","[ 0.          1.5581212  15.16823578 -1.73728168  3.2525754   0.96417308
 -0.3480719  -0.56552869]"
1749055015.677873,"[ 0.00000000e+00  4.02481605e-01  8.69009238e-01 -2.81482998e+00
 -2.24305888e+00  7.72316716e-05  9.60102663e-01  1.57107689e+00]","[ 0.00000000e+00  6.62279028e-01  7.32301855e-01  1.36129127e-01
  7.63025347e-01 -1.58970960e-05  1.85186086e-05  0.00000000e+00]","[ 0.          1.44941938 14.96553802 -1.81212437  3.18198705  0.93799818
 -0.31946921 -0.57872647]"
1749055015.6789637,"[ 0.00000000e+00  4.03135977e-01  8.69732486e-01 -2.81469842e+00
 -2.24230547e+00  7.72316716e-05  9.60102663e-01  1.57107689e+00]","[ 0.00000000e+00  6.62957135e-01  7.33584766e-01  1.33428149e-01
  7.64105791e-01 -1.58969375e-05  1.85186086e-05  0.00000000e+00]","[ 0.          1.4341929  15.00438595 -1.85318553  3.16561174  0.93078148
 -0.30330575 -0.56765556]"
1749055015.6806557,"[ 0.00000000e+00  4.04493789e-01  8.71235374e-01 -2.81442971e+00
 -2.24073048e+00  7.72316716e-05  9.60102663e-01  1.57107689e+00]","[ 0.00000000e+00  6.62819183e-01  7.33854811e-01  1.30589527e-01
  7.70858169e-01 -1.58969375e-05  1.05899522e-05  0.00000000e+00]","[ 0.          1.34123337 14.79484749 -1.83431756  2.97901058  0.95518047
 -0.29753119 -0.55954957]"
1749055015.6823645,"[ 0.00000000e+00  4.05145365e-01  8.71960886e-01 -2.81430107e+00
 -2.23996828e+00  7.61664072e-05  9.60102663e-01  1.57107689e+00]","[ 0.00000000e+00  6.60928539e-01  7.35000037e-01  1.30324901e-01
  7.73018992e-01 -2.64948971e-05  1.05819570e-05  0.00000000e+00]","[ 0.          1.2965517  14.52930164 -1.85806608  2.74294114  0.95260388
 -0.32324666 -0.5630663 ]"
1749055015.684032,"[ 0.00000000e+00  4.06499982e-01  8.73412841e-01 -2.81403289e+00
 -2.23837997e+00  7.61664072e-05  9.60102663e-01  1.57107689e+00]","[ 0.00000000e+00  6.61025678e-01  7.35000037e-01  1.30457085e-01
  7.76379169e-01 -2.65149452e-05  1.85186086e-05  0.00000000e+00]","[ 0.          1.22281635 14.26905537 -1.85430896  2.35128021  0.9225601
 -0.37424755 -0.56348801]"
1749055015.6851346,"[ 0.00000000e+00  4.07150193e-01  8.74195810e-01 -2.81390400e+00
 -2.23761165e+00  7.61664072e-05  9.60102663e-01  1.57107689e+00]","[ 0.00000000e+00  6.58909730e-01  7.37259263e-01  1.30727179e-01
  7.79231214e-01 -2.65149452e-05  1.85184257e-05  0.00000000e+00]","[ 0.          1.17733169 14.39957809 -1.8797878   2.22295713  0.93239719
 -0.36247772 -0.56413883]"
1749055015.686805,"[ 0.00000000e+00  4.08451546e-01  8.75655090e-01 -2.81364993e+00
 -2.23606968e+00  7.51011427e-05  9.60102663e-01  1.57107689e+00]","[ 0.00000000e+00  6.59848161e-01  7.40607256e-01  1.27345065e-01
  7.83282681e-01 -3.70928568e-05  1.05819570e-05  0.00000000e+00]","[ 0.          1.12705708 14.26334858 -1.99686873  1.73720181  0.83710343
 -0.40600204 -0.56653577]"
1749055015.6885245,"[ 0.00000000e+00  4.09150426e-01  8.76385661e-01 -2.81351677e+00
 -2.23523638e+00  7.51011427e-05  9.60101731e-01  1.57107689e+00]","[ 0.00000000e+00  6.58016439e-01  7.40877367e-01  1.25266276e-01
  7.84654542e-01 -3.71209245e-05 -1.05819570e-05  0.00000000e+00]","[ 0.          0.9531166  13.98847389 -1.93032527  1.52622545  0.81466615
 -0.44496387 -0.54894137]"
1749055015.6897953,"[ 0.00000000e+00  4.10444423e-01  8.77906526e-01 -2.81327842e+00
 -2.23368748e+00  7.51011427e-05  9.60101731e-01  1.57107689e+00]","[ 0.00000000e+00  6.55256472e-01  7.42555159e-01  1.18842890e-01
  7.85726931e-01 -3.70932266e-05 -1.05819570e-05  0.00000000e+00]","[ 0.          0.61683196 13.98065186 -2.01300788  1.13667226  0.79141319
 -0.4748764  -0.57547945]"
1749055015.6909404,"[ 0.00000000e+00  4.11089574e-01  8.78638429e-01 -2.81316364e+00
 -2.23291090e+00  7.51011427e-05  9.60100732e-01  1.57107689e+00]","[ 0.00000000e+00  6.53513300e-01  7.42227856e-01  1.16412014e-01
  7.87604259e-01 -3.70928568e-05 -1.85186086e-05  0.00000000e+00]","[ 0.          0.67318171 13.91790771 -2.06019998  0.90342724  0.76362079
 -0.51703513 -0.58333468]"
1749055015.6926785,"[ 0.00000000e+00  4.11783427e-01  8.79427790e-01 -2.81305205e+00
 -2.23213433e+00  7.51011427e-05  9.60100732e-01  1.57107689e+00]","[ 0.00000000e+00  6.53251844e-01  7.43277741e-01  1.13170839e-01
  7.87604259e-01 -3.71209245e-05 -1.85184257e-05  0.00000000e+00]","[ 0.          0.55170721 13.66568851 -2.00480747  0.69893283  0.76729852
 -0.55312037 -0.58542675]"
1749055015.6944451,"[ 0.00000000e+00  4.12425382e-01  8.80892595e-01 -2.81283500e+00
 -2.23051939e+00  7.51011427e-05  9.60100732e-01  1.57107689e+00]","[ 0.00000000e+00  6.50934894e-01  7.41687700e-01  1.03177236e-01
  7.88144415e-01 -3.70928568e-05 -2.91003827e-05  0.00000000e+00]","[ 0.          0.43742815 13.5154829  -2.12405801  0.40732214  0.7720921
 -0.54394013 -0.59481168]"
1749055015.6954765,"[ 0.00000000e+00  4.13064574e-01  8.81622235e-01 -2.81273567e+00
 -2.22974148e+00  7.45685105e-05  9.60100732e-01  1.57107689e+00]","[ 0.00000000e+00  6.48233916e-01  7.40067100e-01  1.00746360e-01
  7.88155334e-01 -4.23918346e-05 -2.91003827e-05  0.00000000e+00]","[ 0.          0.29618594 13.41203499 -2.19968581  0.19319344  0.74828154
 -0.55777597 -0.58535695]"
1749055015.697265,"[ 0.00000000e+00  4.14385202e-01  8.83134844e-01 -2.81254738e+00
 -2.22812946e+00  7.45685105e-05  9.60099800e-01  1.57107689e+00]","[ 0.00000000e+00  6.43471851e-01  7.37366122e-01  8.91321651e-02
  7.87064037e-01 -4.23918346e-05 -4.76547840e-05  0.00000000e+00]","[ 0.          0.16607241 13.22763634 -2.18370771 -0.10156091  0.76652884
 -0.59919274 -0.56659502]"
1749055015.6984234,"[ 0.00000000e+00  4.15015207e-01  8.83860822e-01 -2.81246296e+00
 -2.22735289e+00  7.45685105e-05  9.60099800e-01  1.57107689e+00]","[ 0.00000000e+00  6.38403123e-01  7.36285744e-01  8.55341512e-02
  7.87604259e-01 -4.23918346e-05 -4.76188043e-05  0.00000000e+00]","[ 0.          0.08024381 13.12929535 -2.19125032 -0.06405674  0.75788295
 -0.59982097 -0.56874824]"
1749055015.7001843,"[ 0.00000000e+00  4.16273384e-01  8.85365108e-01 -2.81230131e+00
 -2.22580319e+00  7.45685105e-05  9.60099800e-01  1.57107689e+00]","[ 0.00000000e+00  6.37430070e-01  7.34751564e-01  7.69859201e-02
  7.85443437e-01 -4.23918346e-05 -3.70368514e-05  0.00000000e+00]","[ 0.         -0.08967569 13.15279961 -2.25258923 -0.06445265  0.70630026
 -0.5749594  -0.57564592]"
1749055015.7019067,"[ 0.00000000e+00  4.16947929e-01  8.86086492e-01 -2.81223073e+00
 -2.22496749e+00  7.35032461e-05  9.60099800e-01  1.57107689e+00]","[ 0.00000000e+00  6.35196477e-01  7.31694055e-01  7.15758332e-02
  7.86911438e-01 -5.30298904e-05 -3.70368514e-05  0.00000000e+00]","[ 0.         -0.13588385 13.00250721 -2.31392288 -0.08018543  0.70936686
 -0.56171519 -0.57615274]"
1749055015.7030761,"[ 0.00000000e+00  4.18190493e-01  8.87524665e-01 -2.81209917e+00
 -2.22341620e+00  7.35032461e-05  9.60099800e-01  1.57107689e+00]","[ 0.00000000e+00  6.28786914e-01  7.27444982e-01  6.53635897e-02
  7.86523882e-01 -5.29897943e-05 -3.70368514e-05  0.00000000e+00]","[ 0.         -0.17432195 12.95838451 -2.34841442  0.26145944  0.7279616
 -0.55675876 -0.55556428]"
1749055015.704884,"[ 0.00000000e+00  4.18809013e-01  8.88241455e-01 -2.81203046e+00
 -2.22263883e+00  7.35032461e-05  9.60099800e-01  1.57107689e+00]","[ 0.00000000e+00  6.27166314e-01  7.27102433e-01  6.46373997e-02
  7.88414526e-01 -5.29897943e-05 -3.70372172e-05  0.00000000e+00]","[ 0.         -0.21407947 13.16064072 -2.4407599   0.46172601  0.67735481
 -0.53803867 -0.57141984]"
1749055015.7060077,"[ 0.00000000e+00  4.20083269e-01  8.89723771e-01 -2.81190876e+00
 -2.22102149e+00  7.35032461e-05  9.60100732e-01  1.57107689e+00]","[ 0.00000000e+00  6.20413869e-01  7.22240632e-01  6.10420282e-02
  7.89494904e-01 -5.29897943e-05 -2.91003827e-05  0.00000000e+00]","[ 0.         -0.23506619 13.12319374 -2.53520823  0.74708456  0.67424983
 -0.51348907 -0.57207119]"
1749055015.7077825,"[ 0.00000000e+00  4.20693532e-01  8.90435500e-01 -2.81184990e+00
 -2.22024198e+00  7.35032461e-05  9.60100732e-01  1.57107689e+00]","[ 0.00000000e+00  6.19063447e-01  7.21700477e-01  5.96915434e-02
  7.90575282e-01 -5.29897943e-05 -1.85186086e-05  0.00000000e+00]","[ 0.         -0.19191456 13.03575134 -2.55065465  0.93648452  0.70442009
 -0.46544671 -0.57063431]"
1749055015.709528,"[ 0.00000000e+00  4.21956303e-01  8.91904900e-01 -2.81172793e+00
 -2.21861639e+00  7.35032461e-05  9.60100732e-01  1.57107689e+00]","[ 0.00000000e+00  6.15385821e-01  7.15943921e-01  5.99336622e-02
  7.93436582e-01 -5.29903226e-05 -1.85184257e-05  0.00000000e+00]","[ 0.         -0.23623526 13.2096386  -2.76030517  1.3591013   0.68442667
 -0.45320365 -0.56365776]"
1749055015.7106903,"[ 0.00000000e+00  4.22559676e-01  8.92609772e-01 -2.81166854e+00
 -2.21783022e+00  7.35032461e-05  9.60100732e-01  1.57107689e+00]","[ 0.00000000e+00  6.12040891e-01  7.14948032e-01  6.02317365e-02
  7.97327727e-01 -5.29897943e-05 -1.85046377e-05  0.00000000e+00]","[ 0.         -0.28567696 13.39674568 -2.82254934  1.62049758  0.70170063
 -0.46662155 -0.57207936]"
1749055015.7124813,"[ 0.00000000e+00  4.23759097e-01  8.94013990e-01 -2.81155109e+00
 -2.21625416e+00  7.35032461e-05  9.60100732e-01  1.57107689e+00]","[ 0.00000000e+00  6.06909046e-01  7.11166676e-01  5.85517687e-02
  7.99758594e-01 -5.30298904e-05 -1.85184257e-05  0.00000000e+00]","[ 0.         -0.4148984  13.75293922 -2.94003725  2.02190185  0.67476994
 -0.39485586 -0.57976133]"
1749055015.7136111,"[ 0.00000000e+00  4.24401484e-01  8.94713736e-01 -2.81149091e+00
 -2.21540248e+00  7.35032461e-05  9.60100732e-01  1.57107689e+00]","[ 0.00000000e+00  6.04853552e-01  7.09816187e-01  5.66736701e-02
  8.01203092e-01 -5.29897943e-05 -1.85184257e-05  0.00000000e+00]","[ 0.         -0.35323149 13.7848835  -3.03259206  2.16615772  0.69980562
 -0.36532119 -0.55802864]"
1749055015.7153685,"[ 0.00000000e+00  4.25584827e-01  8.96164826e-01 -2.81138491e+00
 -2.21381471e+00  7.35032461e-05  9.60100732e-01  1.57107689e+00]","[ 0.00000000e+00  5.98806112e-01  7.07208220e-01  5.23989095e-02
  8.06511039e-01 -5.29897943e-05 -1.05820616e-05  0.00000000e+00]","[ 0.         -0.47486326 14.28477669 -3.09313202  2.30958939  0.70897228
 -0.40216285 -0.54131049]"
1749055015.7171214,"[ 0.00000000e+00  4.26757150e-01  8.97611255e-01 -2.81128371e+00
 -2.21222160e+00  7.35032461e-05  9.60100732e-01  1.57107689e+00]","[ 0.00000000e+00  5.92863934e-01  7.06665534e-01  4.81022486e-02
  8.08401750e-01 -5.29897943e-05 -1.05820616e-05  0.00000000e+00]","[ 0.         -0.59260643 14.8114872  -3.21695781  2.18953991  0.72916746
 -0.44623482 -0.53026885]"
1749055015.7188199,"[ 0.00000000e+00  4.27383026e-01  8.98308737e-01 -2.81124004e+00
 -2.21136194e+00  7.24379817e-05  9.60099800e-01  1.57107689e+00]","[ 0.00000000e+00  5.88751480e-01  7.07385320e-01  4.42959881e-02
  8.09480597e-01 -6.35877499e-05 -1.85184257e-05  0.00000000e+00]","[ 0.         -0.70314014 15.13647652 -3.29123425  1.81510699  0.71030378
 -0.49179214 -0.54136008]"
1749055015.7199454,"[ 0.00000000e+00  4.28535576e-01  8.99700571e-01 -2.81116840e+00
 -2.20976670e+00  7.24379817e-05  9.60099800e-01  1.57107689e+00]","[ 0.00000000e+00  5.83140466e-01  7.05319439e-01  3.37621852e-02
  8.08661941e-01 -6.35877499e-05 -2.91003827e-05  0.00000000e+00]","[ 0.         -0.69707394 15.60125351 -3.37715888  1.35889626  0.69440812
 -0.60827225 -0.54026836]"
1749055015.7216604,"[ 0.00000000e+00  4.29108189e-01  9.00397188e-01 -2.81113857e+00
 -2.20897015e+00  7.24379817e-05  9.60098868e-01  1.57107689e+00]","[ 0.00000000e+00  5.80709599e-01  7.07292376e-01  2.80860672e-02
  8.07861528e-01 -6.34917418e-05 -2.91003827e-05  0.00000000e+00]","[ 0.         -0.63858992 15.8416996  -3.38014221  1.26824594  0.72479099
 -0.62853307 -0.5433659 ]"
1749055015.7233784,"[ 0.00000000e+00  4.30285106e-01  9.01848677e-01 -2.81110049e+00
 -2.20732165e+00  7.24379817e-05  9.60096937e-01  1.57107689e+00]","[ 0.00000000e+00  5.73146821e-01  7.09816187e-01  1.67460433e-02
  8.03269905e-01 -6.34923676e-05 -3.70372172e-05  0.00000000e+00]","[ 0.         -0.64688599 16.21984673 -3.40022326  0.69798571  0.65019286
 -0.72292161 -0.56260121]"
1749055015.7251348,"[ 0.00000000e+00  4.31404599e-01  9.03249167e-01 -2.81108078e+00
 -2.20574347e+00  7.24379817e-05  9.60094074e-01  1.57107689e+00]","[ 0.00000000e+00  5.66394376e-01  7.11166676e-01  7.27228515e-03
  7.98678216e-01 -6.34917418e-05 -8.46556558e-05  0.00000000e+00]","[ 0.         -0.51727498 16.44282722 -3.34390378  0.27136356  0.65449762
 -0.76281941 -0.55958819]"
1749055015.726304,"[ 0.00000000e+00  4.32004310e-01  9.04006370e-01 -2.81107838e+00
 -2.20489765e+00  7.13727172e-05  9.60093142e-01  1.57107689e+00]","[ 0.00000000e+00  5.64730566e-01  7.12934749e-01  2.43087727e-03
  7.96440628e-01 -8.46556558e-05 -1.03252035e-04  0.00000000e+00]","[ 0.         -0.535016   16.39994812 -3.34529042  0.07538683  0.62465662
 -0.77187866 -0.55731744]"
1749055015.7280288,"[ 0.00000000e+00  4.33107724e-01  9.05413318e-01 -2.81108451e+00
 -2.20333490e+00  7.13727172e-05  9.60093142e-01  1.57107689e+00]","[ 0.00000000e+00  5.56940987e-01  7.13867654e-01 -3.10612098e-03
  7.90845393e-01 -8.47204549e-05 -8.46556558e-05  0.00000000e+00]","[ 0.         -0.46632627 16.37135887 -3.27834225 -0.23601598  0.59121817
 -0.82852376 -0.56496352]"
1749055015.7291725,"[ 0.00000000e+00  4.33695517e-01  9.06120055e-01 -2.81109010e+00
 -2.20255939e+00  7.13727172e-05  9.60092210e-01  1.57107689e+00]","[ 0.00000000e+00  5.53445987e-01  7.16838676e-01 -3.86092533e-03
  7.86523882e-01 -8.46564929e-05 -9.52385514e-05  0.00000000e+00]","[ 0.         -0.41974616 16.5760231  -3.23991871 -0.35123873  0.5789175
 -0.82708615 -0.56769496]"
1749055015.7309167,"[ 0.00000000e+00  4.34781022e-01  9.07589454e-01 -2.81109862e+00
 -2.20095723e+00  7.03074528e-05  9.60091278e-01  1.57107689e+00]","[ 0.00000000e+00  5.49108164e-01  7.17197804e-01 -4.63619207e-03
  7.80581703e-01 -9.52376087e-05 -1.13843115e-04  0.00000000e+00]","[ 0.         -0.39371178 16.41109848 -3.14758921 -0.39792976  0.55467278
 -0.82588041 -0.5633074 ]"
1749055015.7326853,"[ 0.00000000e+00  4.35319646e-01  9.08297522e-01 -2.81110102e+00
 -2.20018998e+00  7.03074528e-05  9.60091278e-01  1.57107689e+00]","[ 0.00000000e+00  5.46137108e-01  7.17461523e-01 -3.69133217e-03
  7.78150837e-01 -9.53095680e-05 -1.21692507e-04  0.00000000e+00]","[ 0.         -0.33297244 16.11872482 -3.08804727 -0.36301747  0.55424738
 -0.8137871  -0.548747  ]"
1749055015.7343266,"[ 0.00000000e+00  4.36424924e-01  9.09713658e-01 -2.81110022e+00
 -2.19860753e+00  7.03074528e-05  9.60091278e-01  1.57107689e+00]","[ 0.00000000e+00  5.37898353e-01  7.17649010e-01 -5.26663382e-04
  7.71113034e-01 -9.52376087e-05 -1.21784452e-04  0.00000000e+00]","[ 0.         -0.19929549 15.82334995 -2.99845338 -0.2105905   0.51466829
 -0.80051661 -0.55178076]"
1749055015.735478,"[ 0.00000000e+00  4.36953462e-01  9.10474057e-01 -2.81109782e+00
 -2.19785039e+00  7.03074528e-05  9.60091278e-01  1.57107689e+00]","[ 0.00000000e+00  5.36143496e-01  7.15943921e-01  1.05332676e-03
  7.67887147e-01 -9.52385514e-05 -1.21692507e-04  0.00000000e+00]","[ 0.         -0.24763384 15.67418671 -2.9598496  -0.15704289  0.50147891
 -0.75735343 -0.55327082]"
1749055015.737229,"[ 0.00000000e+00  4.38001316e-01  9.11884733e-01 -2.81109516e+00
 -2.19634384e+00  6.97748206e-05  9.60091278e-01  1.57107689e+00]","[ 0.00000000e+00  5.28854657e-01  7.15218143e-01  1.15265669e-03
  7.63295458e-01 -1.00528593e-04 -1.21692507e-04  0.00000000e+00]","[ 0.00000000e+00 -2.60975063e-01  1.52394600e+01 -2.91273761e+00
  8.86122975e-03  4.59158689e-01 -7.27578819e-01 -5.75984538e-01]"
1749055015.7389646,"[ 0.00000000e+00  4.39075369e-01  9.13339418e-01 -2.81109649e+00
 -2.19478802e+00  6.97748206e-05  9.60092210e-01  1.57107689e+00]","[ 0.00000000e+00  5.22908717e-01  7.09275965e-01  8.44319398e-04
  7.57359937e-01 -1.00528593e-04 -1.13756038e-04  0.00000000e+00]","[ 0.         -0.15544033 14.77061462 -2.88610387  0.29915673  0.46975476
 -0.66419482 -0.55157137]"
1749055015.7400596,"[ 0.00000000e+00  4.39588727e-01  9.14036501e-01 -2.81109782e+00
 -2.19404287e+00  6.97748206e-05  9.60092210e-01  1.57107689e+00]","[ 0.00000000e+00  5.20747928e-01  7.07115209e-01  3.99940769e-04
  7.55732746e-01 -1.00528593e-04 -1.13756038e-04  0.00000000e+00]","[ 0.         -0.10407317 14.59161663 -2.89627552  0.45708227  0.45991325
 -0.62684375 -0.54680151]"
1749055015.741835,"[ 0.00000000e+00  4.40643971e-01  9.15421877e-01 -2.81110022e+00
 -2.19255629e+00  6.97748206e-05  9.60092210e-01  1.57107689e+00]","[ 0.00000000e+00  5.13323035e-01  7.00362764e-01 -3.39737042e-04
  7.52221501e-01 -1.00529585e-04 -1.03252035e-04  0.00000000e+00]","[ 0.         -0.07718837 14.27973366 -2.86382484  0.67016917  0.4088003
 -0.60841382 -0.55052108]"
1749055015.7435348,"[ 0.00000000e+00  4.41146310e-01  9.16162502e-01 -2.81109969e+00
 -2.19175921e+00  6.97748206e-05  9.60092210e-01  1.57107689e+00]","[ 0.00000000e+00  5.08887707e-01  6.97387081e-01 -2.31809594e-04
  7.50549968e-01 -1.00529585e-04 -1.03174077e-04  0.00000000e+00]","[ 0.         -0.12241624 14.09940529 -2.84594941  0.72564799  0.40499446
 -0.57964647 -0.55229324]"
1749055015.7446952,"[ 0.00000000e+00  4.41644088e-01  9.16847201e-01 -2.81109969e+00
 -2.19101911e+00  6.97748206e-05  9.60092210e-01  1.57107689e+00]","[ 0.00000000e+00  5.04812171e-01  6.94420586e-01 -4.68101146e-04
  7.50600901e-01 -1.00528593e-04 -1.03174077e-04  0.00000000e+00]","[ 0.         -0.06789512 14.08875561 -2.83276463  0.84803897  0.39868841
 -0.56514674 -0.57686138]"
1749055015.746461,"[ 0.00000000e+00  4.42669904e-01  9.18206345e-01 -2.81109862e+00
 -2.18948939e+00  6.87095561e-05  9.60093142e-01  1.57107689e+00]","[ 0.00000000e+00  4.99680327e-01  6.86857874e-01 -3.83528259e-04
  7.44332219e-01 -1.11111643e-04 -1.03174077e-04  0.00000000e+00]","[ 0.00000000e+00  4.11194284e-03  1.38953590e+01 -2.83264709e+00
  7.95112073e-01  3.98780495e-01 -5.52457154e-01 -5.74810863e-01]"
1749055015.74761,"[ 0.00000000e+00  4.43158927e-01  9.18932789e-01 -2.81109916e+00
 -2.18875623e+00  6.87095561e-05  9.60092210e-01  1.57107689e+00]","[ 0.00000000e+00  4.95898971e-01  6.84096376e-01 -3.98955543e-04
  7.43578345e-01 -1.11110546e-04 -1.03175101e-04  0.00000000e+00]","[ 0.         -0.02585404 13.61600208 -2.829602    0.7204861   0.38653564
 -0.58060265 -0.562868  ]"
1749055015.7493691,"[ 0.00000000e+00  4.44127386e-01  9.20271826e-01 -2.81110022e+00
 -2.18729815e+00  6.87095561e-05  9.60092210e-01  1.57107689e+00]","[ 0.00000000e+00  4.88920756e-01  6.76594184e-01 -4.22159699e-04
  7.38176389e-01 -1.11111643e-04 -9.52385514e-05  0.00000000e+00]","[ 0.00000000e+00  9.33069270e-03  1.35159464e+01 -2.80346036e+00
  6.48169041e-01  3.81933600e-01 -5.92938364e-01 -5.40440738e-01]"
1749055015.7504554,"[ 0.00000000e+00  4.44645337e-01  9.20935353e-01 -2.81110049e+00
 -2.18657323e+00  6.87095561e-05  9.60092210e-01  1.57107689e+00]","[ 0.00000000e+00  4.87744638e-01  6.72400971e-01 -4.10601444e-04
  7.35205300e-01 -1.11111643e-04 -9.53095680e-05  0.00000000e+00]","[ 0.          0.05197037 13.67614651 -2.82530761  0.61003333  0.39863554
 -0.5936361  -0.54456413]"
1749055015.752201,"[ 0.00000000e+00  4.45596785e-01  9.22303286e-01 -2.81110155e+00
 -2.18507627e+00  6.87095561e-05  9.60092210e-01  1.57107689e+00]","[ 0.00000000e+00  4.81043592e-01  6.66600539e-01 -4.55435851e-04
  7.28722966e-01 -1.11110546e-04 -9.52376087e-05  0.00000000e+00]","[ 0.          0.11169031 13.77099323 -2.83389854  0.56782478  0.38679349
 -0.57100171 -0.53399658]"
1749055015.7540107,"[ 0.00000000e+00  4.46531221e-01  9.23605971e-01 -2.81110235e+00
 -2.18364961e+00  6.76442917e-05  9.60092210e-01  1.57107689e+00]","[ 0.00000000e+00  4.72670580e-01  6.59037828e-01 -3.22577403e-04
  7.21700477e-01 -1.11110546e-04 -9.53105108e-05  0.00000000e+00]","[ 0.          0.06820959 13.9101181  -2.86407661  0.44458795  0.37223086
 -0.58542389 -0.54032594]"
1749055015.75568,"[ 0.00000000e+00  4.47029898e-01  9.24302121e-01 -2.81110342e+00
 -2.18288689e+00  6.76442917e-05  9.60092210e-01  1.57107689e+00]","[ 0.00000000e+00  4.68996949e-01  6.55508740e-01 -3.03602250e-04
  7.18200883e-01 -1.11110546e-04 -9.53806739e-05  0.00000000e+00]","[ 0.          0.0321311  13.85673618 -2.89967203  0.45154586  0.36877075
 -0.62261945 -0.55300641]"
1749055015.7568562,"[ 0.00000000e+00  4.47950586e-01  9.25586963e-01 -2.81110475e+00
 -2.18148127e+00  6.76442917e-05  9.60091278e-01  1.57107689e+00]","[ 0.00000000e+00  4.66188246e-01  6.49854516e-01 -3.60553391e-04
  7.10626454e-01 -1.11110546e-04 -1.03330098e-04  0.00000000e+00]","[ 0.          0.03573094 14.04295158 -2.93340874  0.27558693  0.34503862
 -0.63021624 -0.5549342 ]"
1749055015.758488,"[ 0.00000000e+00  4.48407019e-01  9.26223858e-01 -2.81110555e+00
 -2.18073079e+00  6.76442917e-05  9.60091278e-01  1.57107689e+00]","[ 0.00000000e+00  4.62947079e-01  6.45418555e-01 -3.90076865e-04
  7.06000743e-01 -1.11110546e-04 -1.03408291e-04  0.00000000e+00]","[ 0.          0.01438858 14.28403568 -2.98740983 -0.03650318  0.37028867
 -0.61876363 -0.55034637]"
1749055015.7596397,"[ 0.00000000e+00  4.49341489e-01  9.27538927e-01 -2.81110874e+00
 -2.17935287e+00  6.76442917e-05  9.60092210e-01  1.57107689e+00]","[ 0.00000000e+00  4.54033845e-01  6.40671204e-01 -5.30510174e-04
  6.96581408e-01 -1.11111643e-04 -9.53816248e-05  0.00000000e+00]","[ 0.         -0.04339402 14.48631096 -3.01087523 -0.43177864  0.31085831
 -0.61106634 -0.56789345]"
1749055015.761379,"[ 0.00000000e+00  4.49785970e-01  9.28167100e-01 -2.81111061e+00
 -2.17867084e+00  6.76442917e-05  9.60091278e-01  1.57107689e+00]","[ 0.00000000e+00  4.50335946e-01  6.37159959e-01 -5.99745178e-04
  6.91719608e-01 -1.11110546e-04 -1.03330098e-04  0.00000000e+00]","[ 0.         -0.11666495 14.52561855 -3.05894661 -0.46021193  0.30533719
 -0.62140781 -0.55889499]"
1749055015.7624714,"[ 0.00000000e+00  4.50700666e-01  9.29417055e-01 -2.81111513e+00
 -2.17726948e+00  6.65790273e-05  9.60090279e-01  1.57107689e+00]","[ 0.00000000e+00  4.44850534e-01  6.33378603e-01 -7.68359685e-04
  6.81574961e-01 -1.16401531e-04 -1.03330098e-04  0.00000000e+00]","[ 0.         -0.18631105 14.66748047 -3.1237967  -0.65882438  0.30530852
 -0.68466663 -0.54671764]"
1749055015.764201,"[ 0.00000000e+00  4.51135061e-01  9.30085175e-01 -2.81111806e+00
 -2.17660316e+00  6.65790273e-05  9.60090279e-01  1.57107689e+00]","[ 0.00000000e+00  4.40528989e-01  6.28586178e-01 -8.65110455e-04
  6.75783918e-01 -1.16401531e-04 -1.03330098e-04  0.00000000e+00]","[ 0.         -0.24252154 14.77705574 -3.15662098 -0.73206329  0.30496034
 -0.67692155 -0.53953862]"
1749055015.7658842,"[ 0.00000000e+00  4.51992366e-01  9.31318552e-01 -2.81112339e+00
 -2.17528542e+00  6.65790273e-05  9.60092210e-01  1.57107689e+00]","[ 0.00000000e+00  4.32696166e-01  6.23925180e-01 -1.40424193e-03
  6.66330495e-01 -1.16402677e-04 -9.54538036e-05  0.00000000e+00]","[ 0.         -0.35188237 14.92178535 -3.1917789  -0.8035208   0.32093847
 -0.61674243 -0.54745668]"
1749055015.7675614,"[ 0.00000000e+00  4.52450663e-01  9.31931079e-01 -2.81112632e+00
 -2.17458315e+00  6.65790273e-05  9.60092210e-01  1.57107689e+00]","[ 0.00000000e+00  4.31166513e-01  6.21224202e-01 -1.87531209e-03
  6.61276414e-01 -1.16402677e-04 -9.53825757e-05  0.00000000e+00]","[ 0.         -0.29921725 15.03653622 -3.2040453  -0.80100739  0.3094146
 -0.56887162 -0.54812044]"
1749055015.7692804,"[ 0.00000000e+00  4.53291889e-01  9.33288492e-01 -2.81113165e+00
 -2.17329285e+00  6.65790273e-05  9.60091278e-01  1.57107689e+00]","[ 0.00000000e+00  4.25242344e-01  6.15282024e-01 -2.61460417e-03
  6.51894364e-01 -1.16401531e-04 -1.03330098e-04  0.00000000e+00]","[ 0.         -0.35782924 14.93087959 -3.20517302 -0.75147402  0.28393218
 -0.55036634 -0.53636813]"
1749055015.7709181,"[ 0.00000000e+00  4.53707908e-01  9.33892297e-01 -2.81113511e+00
 -2.17265316e+00  6.65790273e-05  9.60091278e-01  1.57107689e+00]","[ 0.00000000e+00  4.21892254e-01  6.12311002e-01 -2.80840844e-03
  6.48774138e-01 -1.16401531e-04 -1.03408291e-04  0.00000000e+00]","[ 0.         -0.4397639  14.67523861 -3.23127007 -0.7052319   0.28150862
 -0.54842603 -0.53088403]"
1749055015.7720618,"[ 0.00000000e+00  4.54557423e-01  9.35092651e-01 -2.81114043e+00
 -2.17134421e+00  6.65790273e-05  9.60092210e-01  1.57107689e+00]","[ 0.00000000e+00  4.12708942e-01  6.07103590e-01 -2.84402328e-03
  6.36619737e-01 -1.16401531e-04 -1.03330098e-04  0.00000000e+00]","[ 0.         -0.51013386 14.47423267 -3.20897198 -0.81579816  0.27877709
 -0.49880743 -0.55928177]"
1749055015.7737641,"[ 0.00000000e+00  4.54960592e-01  9.35732741e-01 -2.81114336e+00
 -2.17071997e+00  6.65790273e-05  9.60093142e-01  1.57107689e+00]","[ 0.00000000e+00  4.08927586e-01  6.02847392e-01 -2.84402328e-03
  6.33108492e-01 -1.16313715e-04 -9.53825757e-05  0.00000000e+00]","[ 0.         -0.47640148 14.54931831 -3.21049118 -0.87556642  0.29268238
 -0.47453365 -0.56990099]"
1749055015.775491,"[ 0.00000000e+00  4.55788502e-01  9.36910125e-01 -2.81114922e+00
 -2.16943632e+00  6.55137628e-05  9.60094074e-01  1.57107689e+00]","[ 0.00000000e+00  4.02232599e-01  5.96105134e-01 -2.89617130e-03
  6.23911931e-01 -1.26983484e-04 -8.47836692e-05  0.00000000e+00]","[ 0.         -0.51051819 14.40877247 -3.19921327 -0.93036324  0.27258033
 -0.42497551 -0.55019808]"
1749055015.777198,"[ 0.00000000e+00  4.56569574e-01  9.38078254e-01 -2.81115189e+00
 -2.16821846e+00  6.55137628e-05  9.60092210e-01  1.57107689e+00]","[ 0.00000000e+00  3.94072208e-01  5.89834854e-01 -2.79958542e-03
  6.14741869e-01 -1.16313715e-04 -1.03330098e-04  0.00000000e+00]","[ 0.         -0.53007466 14.20627689 -3.1495378  -0.96638101  0.26424876
 -0.4431642  -0.52837068]"
1749055015.7782953,"[ 0.00000000e+00  4.56956232e-01  9.38700901e-01 -2.81115482e+00
 -2.16761632e+00  6.55137628e-05  9.60092210e-01  1.57107689e+00]","[ 0.00000000e+00  3.92181530e-01  5.86296645e-01 -2.84402328e-03
  6.10690402e-01 -1.16313715e-04 -1.03408291e-04  0.00000000e+00]","[ 0.         -0.63245136 13.99285412 -3.09037924 -0.99552798  0.23215963
 -0.4393031  -0.52332103]"
1749055015.7807047,"[ 0.00000000e+00  4.57750154e-01  9.39845261e-01 -2.81115988e+00
 -2.16638487e+00  6.55137628e-05  9.60095073e-01  1.57107689e+00]","[ 0.00000000e+00  3.86117878e-01  5.78548777e-01 -2.72064558e-03
  5.97995779e-01 -1.16402677e-04 -7.41857136e-05  0.00000000e+00]","[ 0.         -0.52121764 13.77800369 -3.03983927 -1.320696    0.17286746
 -0.35764799 -0.52757794]"
1749055015.7824771,"[ 0.00000000e+00  4.58503695e-01  9.40974375e-01 -2.81116440e+00
 -2.16522214e+00  6.49811306e-05  9.60094074e-01  1.57107689e+00]","[ 0.00000000e+00  3.80567351e-01  5.69905687e-01 -2.53253564e-03
  5.86327138e-01 -1.21692507e-04 -8.48478263e-05  0.00000000e+00]","[ 0.         -0.42051911 13.67393017 -2.88090062 -1.63163531  0.1785714
 -0.33400342 -0.53225106]"
1749055015.7847655,"[ 0.00000000e+00  4.59272816e-01  9.42128323e-01 -2.81116893e+00
 -2.16395341e+00  6.49811306e-05  9.60092210e-01  1.57107689e+00]","[ 0.00000000e+00  3.73544795e-01  5.61262531e-01 -2.32571335e-03
  5.73249220e-01 -1.11111643e-04 -1.03330098e-04  0.00000000e+00]","[ 0.         -0.26372617 13.48036671 -2.78536105 -1.98853683  0.15026605
 -0.44385436 -0.51980084]"
1749055015.786543,"[ 0.00000000e+00  4.59999260e-01  9.43223947e-01 -2.81117266e+00
 -2.16284580e+00  6.49811306e-05  9.60092210e-01  1.57107689e+00]","[ 0.00000000e+00  3.66690551e-01  5.53159631e-01 -2.13301752e-03
  5.58561553e-01 -1.11027826e-04 -1.03408291e-04  0.00000000e+00]","[ 0.         -0.17713678 13.41754723 -2.5717392  -2.31723928  0.18708473
 -0.44054022 -0.52653998]"
1749055015.7882195,"[ 0.00000000e+00  4.60745444e-01  9.44338880e-01 -2.81117586e+00
 -2.16172727e+00  6.49811306e-05  9.60094074e-01  1.57107689e+00]","[ 0.00000000e+00  3.63281105e-01  5.41545452e-01 -1.88721049e-03
  5.41545452e-01 -1.00528593e-04 -7.68351964e-05  0.00000000e+00]","[ 0.          0.03836168 13.34648323 -2.47096586 -2.63840699  0.13863599
 -0.41921827 -0.54864758]"
1749055015.7900627,"[ 0.00000000e+00  4.61102241e-01  9.44868782e-01 -2.81117665e+00
 -2.16120103e+00  6.49811306e-05  9.60093142e-01  1.57107689e+00]","[ 0.00000000e+00  3.61930616e-01  5.37493985e-01 -1.59976308e-03
  5.33712596e-01 -1.00528593e-04 -8.47836692e-05  0.00000000e+00]","[ 0.          0.16968872 13.40931988 -2.3819139  -2.67182732  0.20443031
 -0.4369128  -0.54621333]"
1749055015.7912028,"[ 0.00000000e+00  4.61808478e-01  9.45953354e-01 -2.81117825e+00
 -2.16013071e+00  6.49811306e-05  9.60090279e-01  1.57107689e+00]","[ 0.00000000e+00  3.56798771e-01  5.27115313e-01 -1.22867876e-03
  5.18852923e-01 -1.00528593e-04 -1.03408291e-04  0.00000000e+00]","[ 0.          0.32449198 13.40015793 -2.20508313 -2.7506516   0.20835532
 -0.57309234 -0.54606915]"
1749055015.7929816,"[ 0.00000000e+00  4.62533091e-01  9.46976940e-01 -2.81117852e+00
 -2.15913069e+00  6.39158662e-05  9.60090279e-01  1.57107689e+00]","[ 0.00000000e+00  3.52477193e-01  5.16426383e-01 -6.66567960e-04
  5.02381305e-01 -1.11110546e-04 -1.03330098e-04  0.00000000e+00]","[ 0.          0.54318017 13.38611317 -2.04530621 -2.8018539   0.23762533
 -0.59905446 -0.54469401]"
1749055015.7947183,"[ 0.00000000e+00  4.62879302e-01  9.47483407e-01 -2.81117825e+00
 -2.15864386e+00  6.39158662e-05  9.60091278e-01  1.57107689e+00]","[ 0.00000000e+00  3.50770973e-01  5.13725405e-01 -3.94932421e-04
  4.93738182e-01 -1.11110546e-04 -9.54538036e-05  0.00000000e+00]","[ 0.          0.62106341 13.43078518 -1.92844021 -2.80807924  0.20269534
 -0.55683273 -0.54693466]"
1749055015.7959263,"[ 0.00000000e+00  4.63596558e-01  9.47984348e-01 -2.81117772e+00
 -2.15765610e+00  6.39158662e-05  9.60091278e-01  1.57107689e+00]","[ 0.00000000e+00  3.50323528e-01  5.08053338e-01  0.00000000e+00
  4.78667453e-01 -1.05819570e-04 -9.53816248e-05  0.00000000e+00]","[ 0.          0.82076716 13.43155384 -1.74650073 -2.71815825  0.18319507
 -0.55400002 -0.53652143]"
1749055015.7977304,"[ 0.00000000e+00  4.63940039e-01  9.48519310e-01 -2.81117772e+00
 -2.15719058e+00  6.39158662e-05  9.60090279e-01  1.57107689e+00]","[ 0.00000000e+00  3.48425760e-01  5.03793845e-01  0.00000000e+00
  4.72130391e-01 -1.05819570e-04 -9.53825757e-05  0.00000000e+00]","[ 0.          0.91807389 13.51431847 -1.71153581 -2.5745554   0.18498112
 -0.57701969 -0.55314797]"
1749055015.7994797,"[ 0.00000000e+00  4.64648573e-01  9.49532776e-01 -2.81117772e+00
 -2.15628031e+00  6.39158662e-05  9.60090279e-01  1.57107689e+00]","[ 0.00000000e+00  3.45809703e-01  4.92007726e-01  0.00000000e+00
  4.57815235e-01 -1.05820618e-04 -9.54528527e-05  0.00000000e+00]","[ 0.          1.15738153 13.41229916 -1.50590849 -2.14239812  0.14805657
 -0.61037791 -0.54814869]"
1749055015.8006394,"[ 0.00000000e+00  4.64989291e-01  9.50013543e-01 -2.81117772e+00
 -2.15580067e+00  6.39158662e-05  9.60090279e-01  1.57107689e+00]","[ 0.00000000e+00  3.45454671e-01  4.87525959e-01  0.00000000e+00
  4.51634004e-01 -1.05819570e-04 -9.53816248e-05  0.00000000e+00]","[ 0.          1.24789071 13.32334614 -1.42935419 -1.9818095   0.14299148
 -0.57051748 -0.55097741]"
1749055015.8018825,"[ 0.00000000e+00  4.65675321e-01  9.50967754e-01 -2.81117772e+00
 -2.15535752e+00  6.28506017e-05  9.60092210e-01  1.57107689e+00]","[ 0.00000000e+00  3.48965949e-01  4.81905324e-01  0.00000000e+00
  4.49442190e-01 -1.05819570e-04 -7.42418490e-05  0.00000000e+00]","[ 0.          1.40230453 13.22332001 -1.34104609 -1.83936965  0.09895953
 -0.55305022 -0.56740123]"
1749055015.8035848,"[ 0.00000000e+00  4.66021998e-01  9.51477882e-01 -2.81117772e+00
 -2.15491837e+00  6.28506017e-05  9.60092210e-01  1.57107689e+00]","[ 0.00000000e+00  3.51666927e-01  4.80925248e-01  0.00000000e+00
  4.45390723e-01 -1.05819570e-04 -7.42418490e-05  0.00000000e+00]","[ 0.          1.4427563  13.24580383 -1.30789399 -1.68241084  0.1202403
 -0.55988932 -0.55609798]"
1749055015.8053699,"[ 0.00000000e+00  4.66745679e-01  9.52415581e-01 -2.81117719e+00
 -2.15401422e+00  6.28506017e-05  9.60089347e-01  1.57107689e+00]","[ 0.00000000e+00  3.53017416e-01  4.73750958e-01  3.54615325e-05
  4.40349425e-01 -1.05819570e-04 -1.13928053e-04  0.00000000e+00]","[ 0.          1.4455111  13.23941612 -1.24934971 -1.46166861  0.11293932
 -0.61779284 -0.55280834]"
1749055015.8065515,"[ 0.00000000e+00  4.67095119e-01  9.52882567e-01 -2.81117719e+00
 -2.15358412e+00  6.28506017e-05  9.60088415e-01  1.57107689e+00]","[ 0.00000000e+00  3.54008844e-01  4.73750958e-01  7.09230650e-05
  4.36207411e-01 -1.05899518e-04 -1.21968747e-04  0.00000000e+00]","[ 0.          1.51227081 13.12796402 -1.22109079 -1.36131763  0.09868667
 -0.67135036 -0.55280834]"
1749055015.8083978,"[ 0.00000000e+00  4.67822029e-01  9.53844567e-01 -2.81117719e+00
 -2.15269596e+00  6.28506017e-05  9.60088415e-01  1.57107689e+00]","[ 0.00000000e+00  3.55840433e-01  4.68686258e-01  6.62395490e-05
  4.32324821e-01 -1.05819570e-04 -1.21876526e-04  0.00000000e+00]","[ 0.          1.58457553 13.1136713  -1.21619749 -1.27246463  0.13530229
 -0.68757319 -0.54430735]"
1749055015.8095741,"[ 0.00000000e+00  4.68174232e-01  9.54302831e-01 -2.81117772e+00
 -2.15227119e+00  6.28506017e-05  9.60088415e-01  1.57107689e+00]","[ 0.00000000e+00  3.57068849e-01  4.64837757e-01  4.96765734e-05
  4.30368996e-01 -1.05819570e-04 -1.21876526e-04  0.00000000e+00]","[ 0.          1.55179465 13.27786064 -1.23224318 -1.32228339  0.1461634
 -0.69545543 -0.56769806]"
1749055015.811274,"[ 0.00000000e+00  4.68884131e-01  9.55214763e-01 -2.81117772e+00
 -2.15142856e+00  6.28506017e-05  9.60085552e-01  1.57107689e+00]","[ 0.00000000e+00  3.60850238e-01  4.61866668e-01  3.32749556e-05
  4.25673610e-01 -1.05900567e-04 -1.51135188e-04  0.00000000e+00]","[ 0.          1.47793698 13.45120621 -1.30224085 -1.48709428  0.18773533
 -0.86875063 -0.58970284]"
1749055015.8130152,"[ 0.00000000e+00  4.69267094e-01  9.55704252e-01 -2.81117825e+00
 -2.15097955e+00  6.28506017e-05  9.60082689e-01  1.57107689e+00]","[ 0.00000000e+00  3.60605061e-01  4.60912424e-01  0.00000000e+00
  4.22795632e-01 -1.05819570e-04 -1.80165302e-04  0.00000000e+00]","[ 0.          1.53828537 13.45648003 -1.36514902 -1.54636252  0.21621521
 -0.9263463  -0.58584332]"
1749055015.8147478,"[ 0.00000000e+00  4.69978823e-01  9.56609794e-01 -2.81117852e+00
 -2.15015610e+00  6.28506017e-05  9.60077962e-01  1.57107689e+00]","[ 0.00000000e+00  3.61390427e-01  4.58355424e-01 -1.39857214e-05
  4.15950109e-01 -1.05899518e-04 -2.28028536e-04  0.00000000e+00]","[ 0.          1.3490572  13.71118641 -1.48022711 -1.84888959  0.28832698
 -0.97481841 -0.56683517]"
1749055015.8159275,"[ 0.00000000e+00  4.70722278e-01  9.57542832e-01 -2.81118012e+00
 -2.14931827e+00  6.28506017e-05  9.60076031e-01  1.57107689e+00]","[ 0.00000000e+00  3.63614267e-01  4.55384334e-01 -8.83932083e-05
  4.06244918e-01 -1.05819570e-04 -2.46589000e-04  0.00000000e+00]","[ 0.          1.18164718 14.07296467 -1.67686224 -2.38359666  0.2814199
 -1.00696087 -0.56532526]"
1749055015.8182805,"[ 0.00000000e+00  4.71080440e-01  9.57992440e-01 -2.81118092e+00
 -2.14892146e+00  6.28506017e-05  9.60076031e-01  1.57107689e+00]","[ 0.00000000e+00  3.62913023e-01  4.55462598e-01 -1.20636037e-04
  4.02445253e-01 -1.05820618e-04 -2.46402543e-04  0.00000000e+00]","[ 0.          1.00125694 14.34180737 -1.7703135  -2.60843921  0.27570274
 -1.00163555 -0.57548094]"
1749055015.8200254,"[ 0.00000000e+00  4.71796764e-01  9.58890592e-01 -2.81118464e+00
 -2.14814462e+00  6.28506017e-05  9.60073168e-01  1.57107689e+00]","[ 0.00000000e+00  3.62200727e-01  4.54844145e-01 -2.65784550e-04
  3.90560963e-01 -9.52376087e-05 -2.65149464e-04  0.00000000e+00]","[ 0.          0.71366316 14.71278954 -2.09294176 -2.89124775  0.35349342
 -1.11775887 -0.55292481]"
1749055015.8217273,"[ 0.00000000e+00  4.72533327e-01  9.59820434e-01 -2.81119157e+00
 -2.14735685e+00  6.28506017e-05  9.60068441e-01  1.57107689e+00]","[ 0.00000000e+00  3.59351212e-01  4.54033845e-01 -5.10242777e-04
  3.83174219e-01 -9.52376087e-05 -3.02041836e-04  0.00000000e+00]","[ 0.          0.5013085  15.01746941 -2.37975264 -2.91382241  0.36022884
 -1.17291045 -0.57214272]"
1749055015.8234293,"[ 0.00000000e+00  4.73235869e-01  9.60718652e-01 -2.81120302e+00
 -2.14661410e+00  6.39158662e-05  9.60063647e-01  1.57107689e+00]","[ 0.00000000e+00  3.55897624e-01  4.57004935e-01 -9.66683133e-04
  3.74895284e-01 -8.46564929e-05 -3.31436834e-04  0.00000000e+00]","[ 0.          0.27390537 15.30798149 -2.68627977 -2.90460205  0.4746196
 -1.22832656 -0.54501802]"
1749055015.824623,"[ 0.00000000e+00  4.73585775e-01  9.61204013e-01 -2.81121074e+00
 -2.14624898e+00  6.39158662e-05  9.60062715e-01  1.57107689e+00]","[ 0.00000000e+00  3.54908093e-01  4.56900139e-01 -1.85074351e-03
  3.70303628e-01 -8.47828240e-05 -3.23237731e-04  0.00000000e+00]","[ 0.          0.20003782 15.37139606 -2.81301856 -2.82383943  0.550551
 -1.21742392 -0.53056878]"
1749055015.8264253,"[ 0.00000000e+00  4.74307625e-01  9.62103562e-01 -2.81123152e+00
 -2.14550835e+00  6.49811306e-05  9.60060785e-01  1.57107689e+00]","[ 0.00000000e+00  3.51126704e-01  4.55924523e-01 -9.63347654e-03
  3.58849672e-01 -7.42418490e-05 -3.23237731e-04  0.00000000e+00]","[ 0.00000000e+00  1.73989299e-03  1.56339502e+01 -3.17411733e+00
 -2.66649079e+00  5.79368949e-01 -1.25123954e+00 -4.99959975e-01]"
1749055015.827696,"[ 0.00000000e+00  4.74652471e-01  9.62553570e-01 -2.81124563e+00
 -2.14515788e+00  6.49811306e-05  9.60059852e-01  1.57107689e+00]","[ 0.00000000e+00  3.49776215e-01  4.56464746e-01 -1.32782258e-02
  3.55448282e-01 -6.35877499e-05 -3.31436834e-04  0.00000000e+00]","[ 0.         -0.12045594 15.69780827 -3.30644202 -2.50556874  0.61152655
 -1.25797021 -0.52903396]"
1749055015.8294694,"[ 0.00000000e+00  4.75331611e-01  9.63490736e-01 -2.81127785e+00
 -2.14446599e+00  6.49811306e-05  9.60059852e-01  1.57107689e+00]","[ 0.00000000e+00  3.42753693e-01  4.57351378e-01 -1.72862385e-02
  3.49421848e-01 -6.35877499e-05 -3.23237731e-04  0.00000000e+00]","[ 0.         -0.43008327 15.85959911 -3.59151745 -2.01168442  0.63266236
 -1.23232806 -0.54884183]"
1749055015.8306322,"[ 0.00000000e+00  4.75692536e-01  9.63943940e-01 -2.81129623e+00
 -2.14409528e+00  6.49811306e-05  9.60059852e-01  1.57107689e+00]","[ 0.00000000e+00  3.39471613e-01  4.59705912e-01 -1.86367264e-02
  3.49069712e-01 -6.36358718e-05 -3.22752888e-04  0.00000000e+00]","[ 0.         -0.50569314 15.9410696  -3.76294637 -1.8433255   0.69764948
 -1.2434305  -0.50164694]"
1749055015.8324614,"[ 0.00000000e+00  4.76354697e-01  9.64887631e-01 -2.81133751e+00
 -2.14341351e+00  6.49811306e-05  9.60059852e-01  1.57107689e+00]","[ 0.00000000e+00  3.33570381e-01  4.61915504e-01 -2.10676037e-02
  3.44644370e-01 -5.29903226e-05 -3.12170821e-04  0.00000000e+00]","[ 0.         -0.75533855 16.02040291 -3.93322682 -1.34525597  0.76064003
 -1.15220678 -0.51243389]"
1749055015.8336325,"[ 0.00000000e+00  4.76680269e-01  9.65343564e-01 -2.81135855e+00
 -2.14304892e+00  6.49811306e-05  9.60059852e-01  1.57107689e+00]","[ 0.00000000e+00  3.30059103e-01  4.62406890e-01 -2.13160808e-02
  3.43302037e-01 -5.29897943e-05 -3.12170821e-04  0.00000000e+00]","[ 0.         -0.88805306 16.00556183 -4.06851339 -1.0941658   0.71848071
 -1.14179814 -0.53826702]"
1749055015.8354475,"[ 0.00000000e+00  4.77344228e-01  9.66260557e-01 -2.81140222e+00
 -2.14237248e+00  6.55137628e-05  9.60058920e-01  1.57107689e+00]","[ 0.00000000e+00  3.21360153e-01  4.65176245e-01 -2.24180906e-02
  3.43293881e-01 -4.76908124e-05 -3.22752888e-04  0.00000000e+00]","[ 0.         -1.01927722 16.01005936 -4.23870516 -0.82610726  0.76791161
 -1.11680269 -0.52198023]"
1749055015.8365583,"[ 0.00000000e+00  4.77657416e-01  9.66756038e-01 -2.81142646e+00
 -2.14203346e+00  6.55137628e-05  9.60058920e-01  1.57107689e+00]","[ 0.00000000e+00  3.17634624e-01  4.66429329e-01 -2.28199304e-02
  3.43485729e-01 -4.76908124e-05 -3.22749702e-04  0.00000000e+00]","[ 0.         -1.12426245 16.15895844 -4.27974606 -0.71566987  0.80090898
 -1.08680165 -0.48607939]"
1749055015.8383048,"[ 0.00000000e+00  4.78298439e-01  9.67678557e-01 -2.81147333e+00
 -2.14133252e+00  6.55137628e-05  9.60058920e-01  1.57107689e+00]","[ 0.00000000e+00  3.11962590e-01  4.68078924e-01 -2.40386761e-02
  3.41797418e-01 -4.24239132e-05 -3.30686162e-04  0.00000000e+00]","[ 0.         -1.20722413 16.17305565 -4.37048149 -0.65396798  0.81829983
 -1.06068635 -0.48258194]"
1749055015.8395224,"[ 0.00000000e+00  4.78603337e-01  9.68140482e-01 -2.81149863e+00
 -2.14099669e+00  6.55137628e-05  9.60058920e-01  1.57107689e+00]","[ 0.00000000e+00  3.09261612e-01  4.68349035e-01 -2.56592596e-02
  3.40592904e-01 -4.24239132e-05 -3.30935996e-04  0.00000000e+00]","[ 0.         -1.23989773 16.07551956 -4.37770844 -0.69039726  0.81814617
 -1.06905508 -0.48120475]"
1749055015.8412223,"[ 0.00000000e+00  4.79230578e-01  9.69110805e-01 -2.81155482e+00
 -2.14030800e+00  6.55137628e-05  9.60057988e-01  1.57107689e+00]","[ 0.00000000e+00  3.05185211e-01  4.75206242e-01 -2.80901368e-02
  3.34711479e-01 -4.23918346e-05 -3.38622623e-04  0.00000000e+00]","[ 0.         -1.26749647 16.12418365 -4.36044836 -0.82410097  0.82603931
 -1.11240292 -0.50292736]"
1749055015.8435483,"[ 0.00000000e+00  4.79527687e-01  9.69581452e-01 -2.81158305e+00
 -2.13997830e+00  6.55137628e-05  9.60056990e-01  1.57107689e+00]","[ 0.00000000e+00  3.01123391e-01  4.76778673e-01 -2.86303320e-02
  3.34380681e-01 -4.24239132e-05 -3.49208038e-04  0.00000000e+00]","[ 0.         -1.29443002 16.28353119 -4.34452057 -0.89632893  0.81652796
 -1.12516475 -0.50357193]"
1749055015.8452938,"[ 0.00000000e+00  4.80393248e-01  9.71035205e-01 -2.81167866e+00
 -2.13897029e+00  6.55137628e-05  9.60056057e-01  1.57107689e+00]","[ 0.00000000e+00  2.89274389e-01  4.80472377e-01 -3.21415997e-02
  3.30262069e-01 -4.23918346e-05 -3.74755464e-04  0.00000000e+00]","[ 0.         -1.23666763 16.18149185 -4.13392735 -1.14824545  0.81879771
 -1.1625905  -0.48410591]"
1749055015.8469808,"[ 0.00000000e+00  4.80695417e-01  9.71511445e-01 -2.81170955e+00
 -2.13864619e+00  6.55137628e-05  9.60055125e-01  1.57107689e+00]","[ 0.00000000e+00  2.84622212e-01  4.82934303e-01 -3.12995622e-02
  3.28708614e-01 -3.18179359e-05 -3.95435859e-04  0.00000000e+00]","[ 0.         -1.23291779 16.28570747 -4.02222872 -1.22236288  0.7767629
 -1.17140865 -0.50846058]"
1749055015.848086,"[ 0.00000000e+00  4.81248289e-01  9.72467453e-01 -2.81176921e+00
 -2.13800650e+00  6.55137628e-05  9.60053195e-01  1.57107689e+00]","[ 0.00000000e+00  2.79267661e-01  4.85857921e-01 -2.99808189e-02
  3.22979089e-01 -3.17938749e-05 -4.60983172e-04  0.00000000e+00]","[ 0.         -1.15571511 16.22167778 -3.84472919 -1.35186696  0.72854728
 -1.220608   -0.500193  ]"
1749055015.8498363,"[ 0.00000000e+00  4.81520564e-01  9.72982642e-01 -2.81179957e+00
 -2.13769064e+00  6.55137628e-05  9.60052262e-01  1.57107689e+00]","[ 0.00000000e+00  2.76039626e-01  4.84529969e-01 -2.85876049e-02
  3.20335602e-01 -3.18176189e-05 -5.42797353e-04  0.00000000e+00]","[ 0.         -1.07756174 16.07897758 -3.70775604 -1.39820921  0.77515662
 -1.23867965 -0.47313726]"
1749055015.850952,"[ 0.00000000e+00  4.82077098e-01  9.73946040e-01 -2.81185363e+00
 -2.13704137e+00  6.55137628e-05  9.60050332e-01  1.57107689e+00]","[ 0.00000000e+00  2.69557276e-01  4.89416637e-01 -2.75220284e-02
  3.15743946e-01 -3.17938749e-05 -7.54006573e-04  0.00000000e+00]","[ 0.         -1.01256061 16.01896858 -3.50044274 -1.46541321  0.73277587
 -1.22601748 -0.4849565 ]"
1749055015.8526623,"[ 0.00000000e+00  4.82340685e-01  9.74430003e-01 -2.81188026e+00
 -2.13673271e+00  6.55137628e-05  9.60050332e-01  1.57107689e+00]","[ 0.00000000e+00  2.67396504e-01  4.90767126e-01 -2.70097486e-02
  3.12725786e-01 -3.17938749e-05 -8.37490042e-04  0.00000000e+00]","[ 0.         -0.95071149 16.02671051 -3.41823077 -1.53542483  0.69297248
 -1.20803058 -0.51104748]"
1749055015.8543396,"[ 0.00000000e+00  4.82859568e-01  9.75435680e-01 -2.81193858e+00
 -2.13609941e+00  6.55137628e-05  9.60050332e-01  1.57107689e+00]","[ 0.00000000e+00  2.61998925e-01  4.91037204e-01 -2.89004307e-02
  3.07943680e-01 -2.12119566e-05 -7.85859306e-04  0.00000000e+00]","[ 0.         -0.79039967 15.92635918 -3.17892838 -1.60603034  0.65746534
 -1.18583798 -0.51203597]"
1749055015.8554914,"[ 0.00000000e+00  4.83134639e-01  9.75919176e-01 -2.81196841e+00
 -2.13580060e+00  6.55137628e-05  9.60050332e-01  1.57107689e+00]","[ 0.00000000e+00  2.59043815e-01  4.90497015e-01 -3.02509176e-02
  3.02742327e-01 -2.12119566e-05 -7.34327529e-04  0.00000000e+00]","[ 0.         -0.71794838 15.76856709 -3.08437681 -1.54203939  0.65543532
 -1.16694129 -0.49211872]"
1749055015.8571618,"[ 0.00000000e+00  4.83643869e-01  9.76924786e-01 -2.81203552e+00
 -2.13518568e+00  6.49811306e-05  9.60050332e-01  1.57107689e+00]","[ 0.00000000e+00  2.58483286e-01  4.91255417e-01 -3.38537418e-02
  2.98915997e-01 -2.65149452e-05 -6.42964979e-04  0.00000000e+00]","[ 0.         -0.52425188 15.63234138 -2.88220906 -1.467942    0.62361425
 -1.13584876 -0.4811708 ]"
1749055015.8587737,"[ 0.00000000e+00  4.83898268e-01  9.77407884e-01 -2.81206988e+00
 -2.13489512e+00  6.49811306e-05  9.60050332e-01  1.57107689e+00]","[ 0.00000000e+00  2.57943097e-01  4.89956826e-01 -3.48072720e-02
  2.94676344e-01 -2.65149452e-05 -6.17231535e-04  0.00000000e+00]","[ 0.         -0.42666945 15.57574463 -2.7528429  -1.44834423  0.54277694
 -1.12267184 -0.53543061]"
1749055015.8598452,"[ 0.00000000e+00  4.84422644e-01  9.78371282e-01 -2.81214258e+00
 -2.13431775e+00  6.49811306e-05  9.60050332e-01  1.57107689e+00]","[ 0.00000000e+00  2.55782308e-01  4.88066148e-01 -3.72734528e-02
  2.91679556e-01 -2.64948971e-05 -6.02880374e-04  0.00000000e+00]","[ 0.         -0.27133349 15.33123112 -2.56836319 -1.33144903  0.46304214
 -0.99147922 -0.52184403]"
1749055015.8616397,"[ 0.00000000e+00  4.84673813e-01  9.78889200e-01 -2.81218386e+00
 -2.13403040e+00  6.49811306e-05  9.60050332e-01  1.57107689e+00]","[ 0.00000000e+00  2.54443853e-01  4.87744638e-01 -3.88691107e-02
  2.91435178e-01 -2.65149452e-05 -5.84054049e-04  0.00000000e+00]","[ 0.         -0.1816282  15.28623199 -2.50258684 -1.29104626  0.44351929
 -0.96514201 -0.47884825]"
1749055015.8634481,"[ 0.00000000e+00  4.85188569e-01  9.79848937e-01 -2.81226908e+00
 -2.13343838e+00  6.39158662e-05  9.60050332e-01  1.57107689e+00]","[ 0.00000000e+00  2.49765378e-01  4.86175470e-01 -4.45660825e-02
  2.88464088e-01 -2.64948971e-05 -4.97022744e-04  0.00000000e+00]","[ 0.          0.04634847 15.06239605 -2.31677938 -1.14601648  0.37600392
 -0.97118002 -0.50793368]"
1749055015.8645709,"[ 0.00000000e+00  4.85433314e-01  9.80326042e-01 -2.81231702e+00
 -2.13315422e+00  6.39158662e-05  9.60050332e-01  1.57107689e+00]","[ 0.00000000e+00  2.48219580e-01  4.84014681e-01 -4.86175453e-02
  2.88194011e-01 -2.64948971e-05 -4.27040254e-04  0.00000000e+00]","[ 0.          0.0652635  14.85492229 -2.21331191 -1.13802528  0.35535085
 -0.98559344 -0.5400911 ]"
1749055015.8664,"[ 0.00000000e+00  4.85922370e-01  9.81311012e-01 -2.81243047e+00
 -2.13257072e+00  6.39158662e-05  9.60050332e-01  1.57107689e+00]","[ 0.00000000e+00  2.47428438e-01  4.80521446e-01 -5.66736701e-02
  2.83117593e-01 -2.65149452e-05 -3.14000184e-04  0.00000000e+00]","[ 0.          0.31020457 14.60597229 -2.00883222 -1.12524223  0.32423517
 -0.98509133 -0.55726838]"
1749055015.8675067,"[ 0.00000000e+00  4.86166182e-01  9.81781660e-01 -2.81248879e+00
 -2.13229375e+00  6.39158662e-05  9.60050332e-01  1.57107689e+00]","[ 0.00000000e+00  2.47660466e-01  4.77262236e-01 -5.91513461e-02
  2.80616751e-01 -2.65149452e-05 -2.89398811e-04  0.00000000e+00]","[ 0.          0.41202927 14.57434654 -1.9360553  -1.08161569  0.33975694
 -0.95424992 -0.54343092]"
1749055015.8692923,"[ 0.00000000e+00  4.86710799e-01  9.82756510e-01 -2.81261716e+00
 -2.13172383e+00  6.39158662e-05  9.60050332e-01  1.57107689e+00]","[ 0.00000000e+00  2.47428438e-01  4.75206242e-01 -6.39459557e-02
  2.78102228e-01 -2.64951613e-05 -2.44925906e-04  0.00000000e+00]","[ 0.          0.58165663 14.42931747 -1.77471209 -1.07441008  0.32480583
 -0.91142029 -0.52714658]"
1749055015.870451,"[ 0.00000000e+00  4.86956009e-01  9.83222163e-01 -2.81268294e+00
 -2.13145352e+00  6.28506017e-05  9.60050332e-01  1.57107689e+00]","[ 0.00000000e+00  2.48759769e-01  4.72130391e-01 -6.67140745e-02
  2.74148932e-01 -3.71209245e-05 -2.26085455e-04  0.00000000e+00]","[ 0.          0.62970275 14.31738281 -1.64207077 -1.07268381  0.27111623
 -0.90760607 -0.54328501]"
1749055015.8721673,"[ 0.00000000e+00  4.87464773e-01  9.84149210e-01 -2.81282488e+00
 -2.13091610e+00  6.28506017e-05  9.60050332e-01  1.57107689e+00]","[ 0.00000000e+00  2.47679391e-01  4.69429413e-01 -7.31964166e-02
  2.72791868e-01 -3.70928568e-05 -2.20943006e-04  0.00000000e+00]","[ 0.          0.80663699 14.34127808 -1.45140529 -1.10197556  0.21686403
 -0.91101027 -0.54100537]"
1749055015.8738775,"[ 0.00000000e+00  4.87709085e-01  9.84646555e-01 -2.81290371e+00
 -2.13064978e+00  6.28506017e-05  9.60050332e-01  1.57107689e+00]","[ 0.00000000e+00  2.47679391e-01  4.68877007e-01 -7.42274678e-02
  2.70371687e-01 -3.71209245e-05 -2.20943006e-04  0.00000000e+00]","[ 0.          0.94486171 14.38815117 -1.35124481 -1.1053499   0.22287986
 -0.91032314 -0.50965053]"
1749055015.8750327,"[ 0.00000000e+00  4.88223374e-01  9.85563082e-01 -2.81305525e+00
 -2.13010463e+00  6.28506017e-05  9.60050332e-01  1.57107689e+00]","[ 0.00000000e+00  2.51033626e-01  4.63487268e-01 -7.72478753e-02
  2.65235714e-01 -2.64948971e-05 -2.16776631e-04  0.00000000e+00]","[ 0.          1.06769204 14.3784399  -1.15802157 -1.16130733  0.16240078
 -0.87588835 -0.54080313]"
1749055015.8767729,"[ 0.00000000e+00  4.88471315e-01  9.86016751e-01 -2.81313248e+00
 -2.12984710e+00  6.17853373e-05  9.60050332e-01  1.57107689e+00]","[ 0.00000000e+00  2.51460747e-01  4.60246101e-01 -7.82489076e-02
  2.61184264e-01 -3.70928568e-05 -2.11688667e-04  0.00000000e+00]","[ 0.          1.09500873 14.30716801 -1.08061397 -1.22037899  0.12104692
 -0.85012412 -0.54846251]"
1749055015.8779476,"[ 0.00000000e+00  4.88972322e-01  9.86953052e-01 -2.81329280e+00
 -2.12931820e+00  6.17853373e-05  9.60050332e-01  1.57107689e+00]","[ 0.00000000e+00  2.55242119e-01  4.56219768e-01 -7.79156213e-02
  2.57046394e-01 -3.71209245e-05 -2.07182717e-04  0.00000000e+00]","[ 0.          1.24234784 14.26058483 -0.91262627 -1.31506872  0.11924233
 -0.85689145 -0.53946263]"
1749055015.8797092,"[ 0.00000000e+00  4.89243698e-01  9.87402128e-01 -2.81336790e+00
 -2.12906706e+00  6.17853373e-05  9.60050332e-01  1.57107689e+00]","[ 0.00000000e+00  2.55533053e-01  4.55384334e-01 -7.61674891e-02
  2.54960507e-01 -3.70928568e-05 -2.07519042e-04  0.00000000e+00]","[ 0.          1.294765   14.31015778 -0.85805595 -1.34298408  0.09923511
 -0.86697644 -0.546395  ]"
1749055015.8814716,"[ 0.00000000e+00  4.89751563e-01  9.88290692e-01 -2.81351864e+00
 -2.12856639e+00  6.17853373e-05  9.60050332e-01  1.57107689e+00]","[ 0.00000000e+00  2.57681741e-01  4.48361812e-01 -7.64375836e-02
  2.53351425e-01 -3.18179359e-05 -2.02855991e-04  0.00000000e+00]","[ 0.          1.40781045 14.2529335  -0.77114677 -1.41818511  0.09175365
 -0.83582687 -0.52189952]"
1749055015.882591,"[ 0.00000000e+00  4.90006394e-01  9.88763203e-01 -2.81359853e+00
 -2.12830007e+00  6.17853373e-05  9.60053195e-01  1.57107689e+00]","[ 0.00000000e+00  2.58483286e-01  4.44863250e-01 -7.52305391e-02
  2.50768458e-01 -3.18179359e-05 -1.21434140e-04  0.00000000e+00]","[ 0.          1.40740979 14.18987656 -0.71526355 -1.38389552  0.06896146
 -0.75312477 -0.52747697]"
1749055015.8843434,"[ 0.00000000e+00  4.90281465e-01  9.89633324e-01 -2.81374101e+00
 -2.12781192e+00  6.17853373e-05  9.60055125e-01  1.57107689e+00]","[ 0.00000000e+00  2.59043815e-01  4.39542987e-01 -7.13057304e-02
  2.46849350e-01 -3.17938749e-05 -7.72762744e-05  0.00000000e+00]","[ 0.          1.49487126 14.1878624  -0.65902954 -0.98666364  0.08780507
 -0.6127674  -0.5467183 ]"
1749055015.8860748,"[ 0.00000000e+00  4.90792992e-01  9.90522820e-01 -2.81388189e+00
 -2.12730884e+00  6.12527051e-05  9.60055125e-01  1.57107689e+00]","[ 0.00000000e+00  2.59030865e-01  4.31417050e-01 -6.86047607e-02
  2.45271377e-01 -3.71209245e-05 -7.72762744e-05  0.00000000e+00]","[ 0.00000000e+00  1.51517701e+00  1.40087700e+01 -7.28128016e-01
 -3.08775157e-01 -4.90876753e-03 -5.25486350e-01 -5.54495037e-01]"
1749055015.8871865,"[ 0.00000000e+00  4.91048755e-01  9.90944798e-01 -2.81394714e+00
 -2.12706676e+00  6.12527051e-05  9.60054127e-01  1.57107689e+00]","[ 0.00000000e+00  2.59293570e-01  4.27834399e-01 -6.61738814e-02
  2.45518602e-01 -3.71209245e-05 -9.73654393e-05  0.00000000e+00]","[ 0.          1.52715147 13.82831478 -0.72638005  0.23032428  0.04202594
 -0.59211421 -0.57618022]"
1749055015.8888848,"[ 0.00000000e+00  4.91587380e-01  9.91774572e-01 -2.81406565e+00
 -2.12655437e+00  6.17853373e-05  9.60054127e-01  1.57107689e+00]","[ 0.00000000e+00  2.64155337e-01  4.19191276e-01 -5.83410544e-02
  2.52523831e-01 -3.17938749e-05 -9.53114617e-05  0.00000000e+00]","[ 0.          1.33625352 13.58055973 -0.87118286  1.3158356   0.09022817
 -0.44406146 -0.56530219]"
1749055015.890038,"[ 0.00000000e+00  4.91847304e-01  9.92215392e-01 -2.81412344e+00
 -2.12629951e+00  6.17853373e-05  9.60056990e-01  1.57107689e+00]","[ 0.00000000e+00  2.63615131e-01  4.15021798e-01 -5.43655666e-02
  2.58483286e-01 -3.18179359e-05 -3.63521855e-05  0.00000000e+00]","[ 0.          1.26534176 13.29849815 -1.03013241  1.69986224  0.12410928
 -0.38722795 -0.55325311]"
1749055015.89177,"[ 0.00000000e+00  4.92127868e-01  9.92618062e-01 -2.81417484e+00
 -2.12604038e+00  6.17853373e-05  9.60060785e-01  1.57107689e+00]","[ 0.00000000e+00  2.64309950e-01  4.07973609e-01 -5.21288109e-02
  2.62538565e-01 -3.18179359e-05  3.63521855e-05  0.00000000e+00]","[ 0.          1.25044119 13.01069641 -1.11734462  2.2735815   0.19480982
 -0.29479566 -0.55693382]"
1749055015.893455,"[ 0.00000000e+00  4.92650880e-01  9.93402829e-01 -2.81427577e+00
 -2.12550562e+00  6.39158662e-05  9.60066510e-01  1.57107689e+00]","[ 0.00000000e+00  2.64157517e-01  3.94342319e-01 -4.88998487e-02
  2.73608743e-01  0.00000000e+00  1.39824686e-04  0.00000000e+00]","[ 0.          0.87706554 12.65291977 -1.45093048  3.20896363  0.29323629
 -0.03697689 -0.5329988 ]"
1749055015.8946443,"[ 0.00000000e+00  4.92910771e-01  9.93812889e-01 -2.81432131e+00
 -2.12520708e+00  6.39158662e-05  9.60066510e-01  1.57107689e+00]","[ 0.00000000e+00  2.63615131e-01  3.86183425e-01 -4.61398734e-02
  2.81111434e-01  0.00000000e+00  1.37286458e-04  0.00000000e+00]","[ 0.          0.74903738 12.45957375 -1.71432984  3.47365379  0.41018969
 -0.06420533 -0.43966329]"
1749055015.8964076,"[ 0.00000000e+00  4.93445267e-01  9.94554446e-01 -2.81440680e+00
 -2.12463396e+00  6.49811306e-05  9.60063647e-01  1.57107796e+00]","[ 0.00000000e+00  2.60097561e-01  3.73004606e-01 -4.24053018e-02
  2.93055778e-01  1.06059783e-05  1.02962946e-04  1.06059783e-05]","[ 0.          0.46736047 12.13920879 -2.10434842  4.21594954  0.6310063
 -0.12600735 -0.42894405]"
1749055015.897551,"[ 0.00000000e+00  4.93699200e-01  9.94915371e-01 -2.81444755e+00
 -2.12433782e+00  6.49811306e-05  9.60063647e-01  1.57107796e+00]","[ 0.00000000e+00  2.57411913e-01  3.65611271e-01 -4.13249156e-02
  3.00348378e-01  1.05819570e-05  1.22574931e-04  1.06059783e-05]","[ 0.          0.1591216  12.02825069 -2.38755083  4.52163792  0.57317084
 -0.07944789 -0.47772107]"
1749055015.8993235,"[ 0.00000000e+00  4.94220846e-01  9.95642281e-01 -2.81453623e+00
 -2.12369547e+00  6.49811306e-05  9.60066510e-01  1.57107796e+00]","[ 0.00000000e+00  2.53025371e-01  3.51666927e-01 -4.48361812e-02
  3.17222100e-01  1.05899522e-05  1.70324220e-04  1.06059783e-05]","[ 0.         -0.33572724 12.01464939 -3.02014995  4.62686825  0.71230894
  0.02506442 -0.4257175 ]"
1749055015.9004102,"[ 0.00000000e+00  4.94466523e-01  9.95982101e-01 -2.81458257e+00
 -2.12337482e+00  6.49811306e-05  9.60067442e-01  1.57107796e+00]","[ 0.00000000e+00  2.49029880e-01  3.44644370e-01 -4.69969619e-02
  3.25197369e-01  1.05820616e-05  1.81101082e-04  1.06058726e-05]","[ 0.         -0.50480109 11.9690752  -3.31064391  4.58873987  0.78167254
  0.05030711 -0.43218219]"
1749055015.9022086,"[ 0.00000000e+00  4.94951418e-01  9.96666733e-01 -2.81468590e+00
 -2.12268986e+00  6.55137628e-05  9.60066510e-01  1.57107796e+00]","[ 0.00000000e+00  2.43920722e-01  3.31515918e-01 -5.45596902e-02
  3.37534363e-01  2.64551545e-05  1.78269344e-04  1.05979587e-05]","[ 0.00000000e+00 -1.00524783e+00  1.20685825e+01 -3.88786054e+00
  4.26432753e+00  9.00621235e-01  1.02133490e-02 -4.15136248e-01]"
1749055015.903954,"[ 0.00000000e+00  4.95186076e-01  9.96987244e-01 -2.81474875e+00
 -2.12235403e+00  6.55137628e-05  9.60065578e-01  1.57107796e+00]","[ 0.00000000e+00  2.37955874e-01  3.24867869e-01 -5.91813566e-02
  3.40592904e-01  2.64748795e-05  1.61817774e-04  1.06059783e-05]","[ 0.00000000e+00 -1.36640227e+00  1.22301588e+01 -4.21792459e+00
  3.87532568e+00  8.57377172e-01 -1.06820436e-02 -4.33853924e-01]"
1749055015.9050872,"[ 0.00000000e+00  4.95654426e-01  9.97612221e-01 -2.81487925e+00
 -2.12167306e+00  6.65790273e-05  9.60064646e-01  1.57107796e+00]","[ 0.00000000e+00  2.24991189e-01  3.14393457e-01 -6.88748552e-02
  3.47075271e-01  3.70372172e-05  1.61613209e-04  1.06059783e-05]","[ 0.         -1.7998383  12.37770557 -4.7209425   3.04435563  0.86202174
 -0.15564217 -0.46421927]"
1749055015.90681,"[ 0.00000000e+00  4.95870708e-01  9.97940989e-01 -2.81495408e+00
 -2.12130208e+00  6.65790273e-05  9.60064646e-01  1.57107796e+00]","[ 0.00000000e+00  2.19319155e-01  3.09448267e-01 -7.58973946e-02
  3.49320449e-01  3.70372172e-05  1.58970968e-04  1.05979587e-05]","[ 0.         -2.04669785 12.65606117 -5.04669523  2.69807506  1.06130147
 -0.13840646 -0.39889288]"
1749055015.9085433,"[ 0.00000000e+00  4.96298678e-01  9.98534740e-01 -2.81513171e+00
 -2.12060913e+00  6.65790273e-05  9.60062715e-01  1.57107796e+00]","[ 0.00000000e+00  2.04796272e-01  2.98997889e-01 -9.02125596e-02
  3.52207115e-01  3.70368514e-05  1.38859989e-04  1.06059783e-05]","[ 0.         -2.65235424 13.19115257 -5.55882645  1.56931067  1.05237973
 -0.34755012 -0.44321221]"
1749055015.9097068,"[ 0.00000000e+00  4.96493821e-01  9.98824958e-01 -2.81522679e+00
 -2.12026239e+00  6.65790273e-05  9.60060785e-01  1.57107796e+00]","[ 0.00000000e+00  1.97981443e-01  2.94406233e-01 -9.64247990e-02
  3.51666927e-01  3.70368514e-05  1.21653138e-04  1.06059783e-05]","[ 0.         -2.72291493 13.3979454  -5.6127739   1.06396043  1.04206169
 -0.47268701 -0.45174676]"
1749055015.9114385,"[ 0.00000000e+00  4.96868994e-01  9.99419110e-01 -2.81545316e+00
 -2.11954626e+00  6.65790273e-05  9.60056990e-01  1.57107796e+00]","[ 0.00000000e+00  1.87177547e-01  2.89274389e-01 -1.14851951e-01
  3.49320449e-01  3.70368514e-05  9.55846128e-05  1.06059783e-05]","[ 0.         -3.25044179 14.15672302 -5.94664812  0.08521816  1.10888839
 -0.57364529 -0.42742908]"
1749055015.9125981,"[ 0.00000000e+00  4.97060475e-01  9.99703402e-01 -2.81557540e+00
 -2.11920484e+00  6.65790273e-05  9.60056990e-01  1.57107796e+00]","[ 0.00000000e+00  1.80302531e-01  2.88464088e-01 -1.23974743e-01
  3.46264971e-01  3.70651995e-05  1.08486128e-04  1.06060839e-05]","[ 0.         -3.46363974 14.49597454 -6.13279629 -0.30382407  1.09543717
 -0.66285926 -0.45997149]"
1749055015.9143007,"[ 0.00000000e+00  4.97393836e-01  1.00027279e+00 -2.81584571e+00
 -2.11853080e+00  6.65790273e-05  9.60056057e-01  1.57107796e+00]","[ 0.00000000e+00  1.65132166e-01  2.88734200e-01 -1.41531083e-01
  3.40592904e-01  3.70372172e-05  9.40728983e-05  1.05979587e-05]","[ 0.         -3.68767262 14.98703098 -6.17447138 -0.87555122  1.1197964
 -0.79160362 -0.42909756]"
1749055015.9154568,"[ 0.00000000e+00  4.97549498e-01  1.00057858e+00 -2.81600417e+00
 -2.11817260e+00  6.65790273e-05  9.60055125e-01  1.57107796e+00]","[ 0.00000000e+00  1.57736934e-01  2.87882188e-01 -1.49066863e-01
  3.37283593e-01  3.70648338e-05  7.57680058e-05  1.06059783e-05]","[ 0.         -3.84067464 15.22147274 -6.14090824 -1.20481253  1.10753083
 -0.84621465 -0.43828973]"
1749055015.9172146,"[ 0.00000000e+00  4.97844310e-01  1.00114664e+00 -2.81631682e+00
 -2.11751800e+00  6.65790273e-05  9.60053195e-01  1.57107796e+00]","[ 0.00000000e+00  1.38289908e-01  2.87383711e-01 -1.62058479e-01
  3.31139514e-01  3.70648338e-05  4.62471155e-05  1.06059783e-05]","[ 0.         -4.0021739  15.51144028 -6.11623669 -1.27301383  1.10924804
 -1.00424111 -0.45063925]"
1749055015.9189038,"[ 0.00000000e+00  4.97973340e-01  1.00145010e+00 -2.81648220e+00
 -2.11716806e+00  6.65790273e-05  9.60052262e-01  1.57107796e+00]","[ 0.00000000e+00  1.30727179e-01  2.85876029e-01 -1.67730529e-01
  3.29509759e-01  3.70368514e-05  2.94299822e-05  1.05979587e-05]","[ 0.         -4.07318974 15.66077232 -6.13745832 -1.17285049  1.0997535
 -1.03880727 -0.44115585]"
1749055015.9200184,"[ 0.00000000e+00  4.98209829e-01  1.00200897e+00 -2.81684413e+00
 -2.11652517e+00  6.65790273e-05  9.60051264e-01  1.57107796e+00]","[ 0.00000000e+00  1.11393137e-01  2.84682733e-01 -1.79702654e-01
  3.24927258e-01  3.70648338e-05  1.68171322e-05  1.06059783e-05]","[ 0.         -4.08537292 15.74318314 -5.89955473 -0.67749876  1.08049345
 -1.05393183 -0.467365  ]"
1749055015.921764,"[ 0.00000000e+00  4.98311295e-01  1.00228767e+00 -2.81702682e+00
 -2.11620320e+00  6.65790273e-05  9.60051264e-01  1.57107796e+00]","[ 0.00000000e+00  1.02907141e-01  2.82521944e-01 -1.85286870e-01
  3.26547858e-01  3.70648338e-05  1.68171322e-05  1.06059783e-05]","[ 0.         -4.07493162 15.67831612 -5.83482552 -0.40987051  1.07319045
 -1.02916372 -0.47478551]"
1749055015.9234676,"[ 0.00000000e+00  4.98493589e-01  1.00286631e+00 -2.81742177e+00
 -2.11553101e+00  6.65790273e-05  9.60051264e-01  1.57107796e+00]","[ 0.00000000e+00  8.37566660e-02  2.82365283e-01 -1.95097855e-01
  3.28197653e-01  2.64548924e-05  1.65593722e-05  1.05979587e-05]","[ 0.         -3.86246848 15.37661076 -5.51646137  0.33835444  0.91889441
 -1.12036109 -0.5194546 ]"
1749055015.9246418,"[ 0.00000000e+00  4.98567092e-01  1.00314361e+00 -2.81761911e+00
 -2.11520211e+00  6.65790273e-05  9.60050332e-01  1.57107796e+00]","[ 0.00000000e+00  7.45469056e-02  2.81171488e-01 -2.00142232e-01
  3.33570381e-01  2.64748795e-05  0.00000000e+00  1.06059783e-05]","[ 0.         -3.76412225 15.40621185 -5.28561831  0.74357522  0.93180412
 -1.10407853 -0.54415512]"
1749055015.926365,"[ 0.00000000e+00  4.98693825e-01  1.00369648e+00 -2.81803349e+00
 -2.11453499e+00  6.65790273e-05  9.60050332e-01  1.57107796e+00]","[ 0.00000000e+00  6.15822255e-02  2.79280777e-01 -2.13160812e-01
  3.40052715e-01  2.64548924e-05  0.00000000e+00  1.05979587e-05]","[ 0.         -3.59764624 15.14247131 -4.94580984  1.33948779  0.86370623
 -1.13340724 -0.56333548]"
1749055015.9274566,"[ 0.00000000e+00  4.98751216e-01  1.00399129e+00 -2.81826759e+00
 -2.11417041e+00  6.55137628e-05  9.60049400e-01  1.57107796e+00]","[ 0.00000000e+00  5.41150339e-02  2.77600688e-01 -2.20425482e-01
  3.43302037e-01  5.29103081e-06 -1.55854345e-05  1.05979587e-05]","[ 0.         -3.26257873 14.83304787 -4.74771357  1.70725203  0.69121695
 -1.16695058 -0.57511532]"
1749055015.929222,"[ 0.00000000e+00  4.98838901e-01  1.00453771e+00 -2.81871473e+00
 -2.11348198e+00  6.55137628e-05  9.60049400e-01  1.57107796e+00]","[ 0.00000000e+00  4.10548170e-02  2.76839224e-01 -2.27692167e-01
  3.51126704e-01  5.29097849e-06 -1.53635789e-05  1.06059783e-05]","[ 0.         -2.87099171 14.67428303 -4.31524181  2.13461113  0.64075643
 -1.14964151 -0.56503111]"
1749055015.9309309,"[ 0.00000000e+00  4.98874720e-01  1.00481234e+00 -2.81894270e+00
 -2.11312858e+00  6.55137628e-05  9.60048467e-01  1.57107796e+00]","[ 0.00000000e+00  3.61930625e-02  2.78470493e-01 -2.31203445e-01
  3.58419338e-01  5.29097849e-06 -2.65092886e-05  1.05979587e-05]","[ 0.         -2.63763976 14.62503719 -3.95335507  2.26448131  0.65753388
 -1.21149743 -0.59596568]"
1749055015.932062,"[ 0.00000000e+00  4.98941299e-01  1.00538306e+00 -2.81942233e+00
 -2.11237863e+00  6.49811306e-05  9.60044606e-01  1.57107796e+00]","[ 0.00000000e+00  3.15693862e-02  2.79010699e-01 -2.34984801e-01
  3.68880401e-01  0.00000000e+00 -8.10423213e-05  1.05979587e-05]","[ 0.         -2.1429913  14.450881   -3.45757079  2.36500168  0.49524507
 -1.32524884 -0.62906158]"
1749055015.9338014,"[ 0.00000000e+00  4.99001454e-01  1.00593134e+00 -2.81988626e+00
 -2.11163987e+00  6.49811306e-05  9.60040811e-01  1.57107796e+00]","[ 0.00000000e+00  3.02509176e-02  2.77120004e-01 -2.34174518e-01
  3.76245773e-01  0.00000000e+00 -1.28959707e-04  1.06059783e-05]","[ 0.         -1.70685434 14.40081978 -2.94588304  2.16220999  0.47020108
 -1.41690111 -0.64244831]"
1749055015.935528,"[ 0.00000000e+00  4.99031314e-01  1.00622435e+00 -2.82011715e+00
 -2.11126570e+00  6.39158662e-05  9.60037948e-01  1.57107796e+00]","[ 0.00000000e+00  3.02509176e-02  2.75845299e-01 -2.34174518e-01
  3.79872233e-01 -1.05819570e-05 -1.62624996e-04  1.05979587e-05]","[ 0.         -1.51840138 14.3584547  -2.75010872  1.9456495   0.35787475
 -1.45458901 -0.6630761 ]"
1749055015.9372518,"[ 0.00000000e+00  4.99091934e-01  1.00676571e+00 -2.82060131e+00
 -2.11047447e+00  6.39158662e-05  9.60031290e-01  1.57107796e+00]","[ 0.00000000e+00  2.94406258e-02  2.73878837e-01 -2.36605385e-01
  3.89210474e-01 -1.58729355e-05 -2.47806343e-04  1.06059783e-05]","[ 0.         -1.1713984  14.45867157 -2.40152311  1.43375683  0.25701919
 -1.60825145 -0.6829738 ]"
1749055015.9389775,"[ 0.00000000e+00  4.99120863e-01  1.00705639e+00 -2.82083674e+00
 -2.11008911e+00  6.39158662e-05  9.60027495e-01  1.57107796e+00]","[ 0.00000000e+00  2.94406258e-02  2.73839156e-01 -2.38766174e-01
  3.90831041e-01 -1.58729355e-05 -2.92262944e-04  1.06059783e-05]","[ 0.         -0.97285032 14.66422272 -2.14380693  1.22291708  0.29789925
 -1.67064869 -0.69301409]"
1749055015.9401467,"[ 0.00000000e+00  4.99177322e-01  1.00760054e+00 -2.82132623e+00
 -2.10931679e+00  6.28506017e-05  9.60017042e-01  1.57107796e+00]","[ 0.00000000e+00  2.73337616e-02  2.76579815e-01 -2.38766174e-01
  3.92181530e-01 -2.64548924e-05 -4.13981760e-04  1.06059783e-05]","[ 0.         -0.74410921 15.02507496 -1.94916213  0.53156114  0.21280171
 -1.87449038 -0.74276155]"
1749055015.9418907,"[ 0.00000000e+00  4.99203987e-01  1.00787465e+00 -2.82156218e+00
 -2.10890134e+00  6.28506017e-05  9.60010384e-01  1.57107796e+00]","[ 0.00000000e+00  2.70097486e-02  2.77930304e-01 -2.39306363e-01
  3.90830774e-01 -2.64748795e-05 -4.90760512e-04  1.06059783e-05]","[ 0.         -0.40504017 15.12182713 -1.89963067  0.19188535  0.1719151
 -1.95099247 -0.73236418]"
1749055015.9430184,"[ 0.00000000e+00  4.99256318e-01  1.00844316e+00 -2.82203436e+00
 -2.10812929e+00  6.28506017e-05  9.59992341e-01  1.57107796e+00]","[ 0.00000000e+00  2.64695534e-02  2.77120004e-01 -2.39036268e-01
  3.92181530e-01 -2.64548924e-05 -1.30944237e-03  1.05979587e-05]","[ 0.         -0.06930619 15.46791553 -1.69822943 -0.46295917  0.21481881
 -2.04630995 -0.7181651 ]"
1749055015.9447057,"[ 0.00000000e+00  4.99285713e-01  1.00871867e+00 -2.82228603e+00
 -2.10774393e+00  6.28506017e-05  9.59978027e-01  1.57107796e+00]","[ 0.00000000e+00  2.75845316e-02  2.79280777e-01 -2.36976196e-01
  3.90831041e-01 -2.64548924e-05 -2.84726380e-03  1.05978530e-05]","[ 0.          0.10999776 15.55501366 -1.60835111 -0.82027978  0.20089559
 -2.16098332 -0.74937671]"
1749055015.9464524,"[ 0.00000000e+00  4.99344935e-01  1.00929358e+00 -2.82278697e+00
 -2.10694871e+00  6.28506017e-05  9.59926694e-01  1.57107689e+00]","[ 0.00000000e+00  3.07911127e-02  2.81111434e-01 -2.35795101e-01
  3.87197157e-01 -2.64548924e-05 -1.89421556e-02  0.00000000e+00]","[ 0.          0.55639732 15.69291306 -1.47178423 -1.32360172  0.18399082
 -2.27903008 -0.73526984]"
1749055015.9476361,"[ 0.00000000e+00  4.99377991e-01  1.00957228e+00 -2.82303731e+00
 -2.10657028e+00  6.28506017e-05  9.59887679e-01  1.57107689e+00]","[ 0.00000000e+00  3.34920866e-02  2.82235720e-01 -2.35500605e-01
  3.83808518e-01 -2.64548924e-05 -3.94342335e-02  0.00000000e+00]","[ 0.          0.71720558 15.83125401 -1.50493658 -1.52458572  0.19060703
 -2.3014462  -0.74458224]"
1749055015.9493608,"[ 0.00000000e+00  4.99450096e-01  1.01013893e+00 -2.82350230e+00
 -2.10581820e+00  6.28506017e-05  9.59783949e-01  1.57107689e+00]","[ 0.00000000e+00  3.58865659e-02  2.88194011e-01 -2.36065196e-01
  3.80567351e-01 -2.64548924e-05 -5.40194971e-02  0.00000000e+00]","[ 0.          0.97585249 15.97291279 -1.51922297 -1.72788072  0.16965355
 -2.40925241 -0.77235639]"
1749055015.950517,"[ 0.00000000e+00  4.99485916e-01  1.01042502e+00 -2.82373612e+00
 -2.10541633e+00  6.28506017e-05  9.59724028e-01  1.57107689e+00]","[ 0.00000000e+00  3.62298058e-02  2.90084689e-01 -2.37145590e-01
  3.78409591e-01 -2.64551545e-05 -6.07719338e-02  0.00000000e+00]","[ 0.          1.11531281 15.93052483 -1.46458793 -1.73383915  0.16826272
 -2.44577622 -0.73513293]"
1749055015.9522285,"[ 0.00000000e+00  4.99561217e-01  1.01102377e+00 -2.82421735e+00
 -2.10467570e+00  6.28506017e-05  9.59582281e-01  1.57107689e+00]","[ 0.00000000e+00  3.63614283e-02  2.93866044e-01 -2.34174518e-01
  3.73975794e-01 -2.64748795e-05 -7.27228567e-02  0.00000000e+00]","[ 0.          1.37823522 15.98497581 -1.45050299 -1.45830774  0.1930715
 -2.50378489 -0.75710481]"
1749055015.9539585,"[ 0.00000000e+00  4.99596570e-01  1.01131445e+00 -2.82444692e+00
 -2.10430792e+00  6.28506017e-05  9.59505249e-01  1.57107689e+00]","[ 0.00000000e+00  3.59229638e-02  2.94946456e-01 -2.32588123e-01
  3.73004606e-01 -2.64748795e-05 -7.80581670e-02  0.00000000e+00]","[ 0.          1.44273508 16.13785172 -1.58152139 -1.20425677  0.22313453
 -2.49173903 -0.78344518]"
1749055015.9551063,"[ 0.00000000e+00  4.99673735e-01  1.01192059e+00 -2.82490099e+00
 -2.10354519e+00  6.28506017e-05  9.59337803e-01  1.57107689e+00]","[ 0.00000000e+00  3.86183408e-02  2.96157561e-01 -2.30123051e-01
  3.71889640e-01 -2.64548924e-05 -8.69713844e-02  0.00000000e+00]","[ 0.          1.70988631 16.07197571 -1.57546258 -0.74780673  0.1877632
 -2.51022124 -0.76567185]"
1749055015.9568288,"[ 0.00000000e+00  4.99758224e-01  1.01251154e+00 -2.82536118e+00
 -2.10280776e+00  6.28506017e-05  9.59144724e-01  1.57107689e+00]","[ 0.00000000e+00  4.42511055e-02  3.00888600e-01 -2.23640717e-01
  3.74895284e-01 -2.11799045e-05 -9.65226951e-02  0.00000000e+00]","[ 0.          1.79747653 16.15572548 -1.67720544 -0.16212384  0.27462465
 -2.41506958 -0.78572631]"
1749055015.9585762,"[ 0.00000000e+00  4.99805062e-01  1.01280862e+00 -2.82558009e+00
 -2.10243572e+00  6.28506017e-05  9.59045787e-01  1.57107689e+00]","[ 0.00000000e+00  4.75371550e-02  3.01428789e-01 -2.22020133e-01
  3.77326184e-01 -2.11639139e-05 -1.00374458e-01  0.00000000e+00]","[ 0.          1.83272839 15.97427177 -1.70758009 -0.02248363  0.24849761
 -2.4528811  -0.76633394]"
1749055015.9597719,"[ 0.00000000e+00  4.99913420e-01  1.01347953e+00 -2.82603576e+00
 -2.10165435e+00  6.28506017e-05  9.58826942e-01  1.57107689e+00]","[ 0.00000000e+00  5.44167575e-02  3.05583454e-01 -2.23685458e-01
  3.83268329e-01 -2.11799045e-05 -1.09335047e-01  0.00000000e+00]","[ 0.          1.90909207 15.93561935 -1.72110057  0.51653683  0.2641618
 -2.45631051 -0.78146392]"
1749055015.9615018,"[ 0.00000000e+00  4.99968980e-01  1.01378260e+00 -2.82625787e+00
 -2.10127591e+00  6.28506017e-05  9.58715688e-01  1.57107689e+00]","[ 0.00000000e+00  5.64503723e-02  3.07370934e-01 -2.25261300e-01
  3.83808518e-01 -2.11639139e-05 -1.12900745e-01  0.00000000e+00]","[ 0.          1.86025441 16.02573586 -1.78287601  0.70143008  0.28684157
 -2.42084026 -0.79064453]"
1749055015.9632452,"[ 0.00000000e+00  5.00089288e-01  1.01441584e+00 -2.82648024e+00
 -2.10048602e+00  6.28506017e-05  9.58480664e-01  1.57107689e+00]","[ 0.00000000e+00  6.23925172e-02  3.09567776e-01 -2.25531395e-01
  3.87049685e-01 -2.11639139e-05 -1.21543868e-01  0.00000000e+00]","[ 0.          1.81371486 15.89893341 -1.79975188  0.76421797  0.27609304
 -2.44951725 -0.76079077]"
1749055015.9649384,"[ 0.00000000e+00  5.00159995e-01  1.01472070e+00 -2.82671860e+00
 -2.10010306e+00  6.28506017e-05  9.58344644e-01  1.57107689e+00]","[ 0.00000000e+00  6.66416615e-02  3.08948258e-01 -2.24437768e-01
  3.88400174e-01 -1.05899522e-05 -1.28022140e-01  0.00000000e+00]","[ 0.          1.76324606 15.75674534 -1.83921838  0.70703918  0.28960258
 -2.4533391  -0.7503106 ]"
1749055015.966106,"[ 0.00000000e+00  5.00298213e-01  1.01533143e+00 -2.82716254e+00
 -2.09933260e+00  6.28506017e-05  9.58076397e-01  1.57107689e+00]","[ 0.00000000e+00  7.02253442e-02  3.10612101e-01 -2.25572707e-01
  3.91784186e-01 -1.05819570e-05 -1.38019813e-01  0.00000000e+00]","[ 0.          1.61556816 15.67862797 -1.87774789  0.60653061  0.35396749
 -2.50122237 -0.7250241 ]"
1749055015.96785,"[ 0.00000000e+00  5.00367555e-01  1.01566113e+00 -2.82738385e+00
 -2.09891662e+00  6.28506017e-05  9.57937513e-01  1.57107689e+00]","[ 0.00000000e+00  7.02253442e-02  3.10451346e-01 -2.24451000e-01
  3.91700330e-01 -1.05819570e-05 -1.40990877e-01  0.00000000e+00]","[ 0.          1.58203542 15.68432617 -1.93228972  0.55132234  0.38705981
 -2.48800206 -0.72126687]"
1749055015.9689875,"[ 0.00000000e+00  5.00511299e-01  1.01627552e+00 -2.82783446e+00
 -2.09814430e+00  6.28506017e-05  9.57633047e-01  1.57107689e+00]","[ 0.00000000e+00  7.09007135e-02  3.11692479e-01 -2.19049061e-01
  3.92181530e-01 -1.05820616e-05 -1.52334978e-01  0.00000000e+00]","[ 0.          1.52887809 15.62996006 -1.9986763   0.25720289  0.38681164
 -2.59643841 -0.72849375]"
1749055015.970704,"[ 0.00000000e+00  5.00582472e-01  1.01658272e+00 -2.82804884e+00
 -2.09775894e+00  6.28506017e-05  9.57477052e-01  1.57107689e+00]","[ 0.00000000e+00  7.21160221e-02  3.11692479e-01 -2.17428461e-01
  3.90831041e-01 -1.05818513e-05 -1.58277123e-01  0.00000000e+00]","[ 0.          1.49380589 15.59086514 -2.01289558  0.11514258  0.40453637
 -2.63541532 -0.70365107]"
1749055015.9724383,"[ 0.00000000e+00  5.00729412e-01  1.01722008e+00 -2.82849599e+00
 -2.09695680e+00  6.28506017e-05  9.57128910e-01  1.57107689e+00]","[ 0.          0.07171978  0.31007191 -0.21841932  0.39124453  0.
 -0.17277947  0.        ]","[ 0.          1.42766356 15.6700325  -2.07225871 -0.20203583  0.42669028
 -2.64787292 -0.72920233]"
1749055015.9747107,"[ 0.00000000e+00  5.00873123e-01  1.01783633e+00 -2.82892902e+00
 -2.09610166e+00  6.28506017e-05  9.56755003e-01  1.57107689e+00]","[ 0.          0.07400671  0.31299563 -0.21909693  0.3871865   0.
 -0.19582067  0.        ]","[ 0.          1.43011487 15.87944317 -2.11187148 -0.38724288  0.4239988
 -2.67757034 -0.70491779]"
1749055015.9765399,"[ 0.00000000e+00  5.01025589e-01  1.01817156e+00 -2.82935939e+00
 -2.09534558e+00  6.28506017e-05  9.56327898e-01  1.57107689e+00]","[ 0.          0.07824891  0.31571748 -0.21796867  0.38218792  0.
 -0.21315319  0.        ]","[ 0.          1.23815203 16.07209969 -2.15712619 -0.55170071  0.42833498
 -2.72486115 -0.73445988]"
1749055015.9788156,"[ 0.00000000e+00  5.01188142e-01  1.01879967e+00 -2.82980147e+00
 -2.09456288e+00  6.28506017e-05  9.55878889e-01  1.57107689e+00]","[ 0.00000000e+00  8.02189477e-02  3.19525302e-01 -2.14779747e-01
  3.81418830e-01  1.05819570e-05 -2.32553934e-01  0.00000000e+00]","[ 0.          1.13150656 16.21636581 -2.15743923 -0.48827055  0.44681764
 -2.72479105 -0.70511395]"
1749055015.980528,"[ 0.00000000e+00  5.01357119e-01  1.01945587e+00 -2.83023503e+00
 -2.09381640e+00  6.39158662e-05  9.55385139e-01  1.57107689e+00]","[ 0.00000000e+00  8.30043562e-02  3.19980569e-01 -2.10645506e-01
  3.77213699e-01  2.11799045e-05 -2.43746951e-01  0.00000000e+00]","[ 0.          0.91404521 16.3367424  -2.26787066 -0.37057254  0.48681858
 -2.74605346 -0.69723195]"
1749055015.9817019,"[ 0.00000000e+00  5.01440210e-01  1.01977132e+00 -2.83044036e+00
 -2.09344569e+00  6.39158662e-05  9.55139729e-01  1.57107689e+00]","[ 0.00000000e+00  8.42704147e-02  3.19471406e-01 -2.08245149e-01
  3.75975695e-01  2.11799045e-05 -2.49029880e-01  0.00000000e+00]","[ 0.          0.82668108 16.29131699 -2.32848072 -0.34157756  0.5200004
 -2.70043993 -0.70386761]"
1749055015.9834309,"[ 0.00000000e+00  5.01606458e-01  1.02040502e+00 -2.83085209e+00
 -2.09267976e+00  6.39158662e-05  9.54637390e-01  1.57107689e+00]","[ 0.00000000e+00  8.47246751e-02  3.22226280e-01 -2.09595638e-01
  3.74625206e-01  2.11641232e-05 -2.55523149e-01  0.00000000e+00]","[ 0.          0.66045094 16.2266674  -2.43996978 -0.21201368  0.54192424
 -2.76856637 -0.68743622]"
1749055015.9845495,"[ 0.00000000e+00  5.01693244e-01  1.02074757e+00 -2.83105875e+00
 -2.09231198e+00  6.39158662e-05  9.54360555e-01  1.57107689e+00]","[ 0.00000000e+00  8.80517789e-02  3.22488235e-01 -2.09595638e-01
  3.73004606e-01  2.11801137e-05 -2.61045014e-01  0.00000000e+00]","[ 0.          0.56855035 16.13873863 -2.49616599 -0.15465747  0.54800534
 -2.84072423 -0.69564652]"
1749055015.98632,"[ 0.00000000e+00  5.01876902e-01  1.02138539e+00 -2.83149551e+00
 -2.09155031e+00  6.39158662e-05  9.53844034e-01  1.57107689e+00]","[ 0.00000000e+00  9.02125596e-02  3.23036580e-01 -2.15049576e-01
  3.70537653e-01  2.64548924e-05 -2.62534753e-01  0.00000000e+00]","[ 0.          0.29843873 16.0051918  -2.62350202 -0.07469909  0.52160293
 -2.84838867 -0.69831926]"
1749055015.987993,"[ 0.00000000e+00  5.01964154e-01  1.02170271e+00 -2.83170989e+00
 -2.09118626e+00  6.39158662e-05  9.53585242e-01  1.57107689e+00]","[ 0.00000000e+00  8.85919761e-02  3.21956202e-01 -2.17428461e-01
  3.69223250e-01  2.64548924e-05 -2.62534753e-01  0.00000000e+00]","[ 0.          0.24418025 15.8718195  -2.71174884  0.03506815  0.54312903
 -2.79191208 -0.69831926]"
1749055015.9891982,"[ 0.00000000e+00  5.02149210e-01  1.02235752e+00 -2.83215624e+00
 -2.09046295e+00  6.39158662e-05  9.53052543e-01  1.57107689e+00]","[ 0.00000000e+00  9.02766419e-02  3.18392094e-01 -2.18419323e-01
  3.67062461e-01  2.64751417e-05 -2.60110161e-01  0.00000000e+00]","[ 0.          0.09371045 15.64745426 -2.9145062   0.2768161   0.55783993
 -2.75674677 -0.73420084]"
1749055015.9908898,"[ 0.00000000e+00  5.02236462e-01  1.02267343e+00 -2.83237116e+00
 -2.09010209e+00  6.39158662e-05  9.52792818e-01  1.57107689e+00]","[ 0.00000000e+00  8.85919761e-02  3.20335602e-01 -2.17968666e-01
  3.65982083e-01  2.11639139e-05 -2.63345037e-01  0.00000000e+00]","[ 0.         -0.01868308 15.67236614 -3.02474904  0.40245798  0.51673359
 -2.81060123 -0.73532993]"
1749055015.9920666,"[ 0.00000000e+00  5.02409567e-01  1.02332591e+00 -2.83280285e+00
 -2.08971220e+00  6.39158662e-05  9.52237283e-01  1.57107689e+00]","[ 0.00000000e+00  8.80517789e-02  3.18985113e-01 -2.19319155e-01
  3.66779667e-01  2.11639139e-05 -2.74089926e-01  0.00000000e+00]","[ 0.         -0.03756484 15.57609558 -3.23856425  0.49292222  0.55193037
 -2.77465391 -0.70969111]"
1749055015.99379,"[ 0.00000000e+00  5.02502778e-01  1.02364143e+00 -2.83301857e+00
 -2.08934974e+00  6.39158662e-05  9.51917637e-01  1.57107689e+00]","[ 0.00000000e+00  8.77689595e-02  3.20065524e-01 -2.18778950e-01
  3.67602650e-01  1.05899522e-05 -2.80825410e-01  0.00000000e+00]","[ 0.         -0.09755834 15.54266167 -3.30404401  0.59817868  0.57839841
 -2.76615477 -0.69275612]"
1749055015.9949443,"[ 0.00000000e+00  5.02673620e-01  1.02426727e+00 -2.83346731e+00
 -2.08862430e+00  6.39158662e-05  9.51343992e-01  1.57107596e+00]","[ 0.00000000e+00  8.61610926e-02  3.16284135e-01 -2.19049061e-01
  3.67872761e-01  0.00000000e+00 -2.93325855e-01 -1.05819570e-05]","[ 0.         -0.20713408 15.60925293 -3.45569301  0.71210164  0.61497259
 -2.77944183 -0.71262836]"
1749055015.9966743,"[ 0.00000000e+00  5.02756710e-01  1.02460249e+00 -2.83368543e+00
 -2.08823388e+00  6.39158662e-05  9.51026277e-01  1.57107596e+00]","[ 0.00000000e+00  8.42704147e-02  3.15717481e-01 -2.21209833e-01
  3.67626552e-01  0.00000000e+00 -2.99166767e-01 -2.11639139e-05]","[ 0.         -0.29200801 15.65400887 -3.46690798  0.70160812  0.61507303
 -2.77487779 -0.7250585 ]"
1749055015.9983892,"[ 0.00000000e+00  5.02922026e-01  1.02522055e+00 -2.83414775e+00
 -2.08750897e+00  6.39158662e-05  9.50427865e-01  1.57107596e+00]","[ 0.00000000e+00  7.92428326e-02  3.12502779e-01 -2.26481428e-01
  3.66960395e-01 -1.05979587e-05 -3.06519855e-01 -2.11639139e-05]","[ 0.         -0.33915108 15.78742981 -3.49389076  0.71913332  0.60225517
 -2.80911708 -0.69713128]"
1749055015.9995522,"[ 0.00000000e+00  5.02995496e-01  1.02553007e+00 -2.83437332e+00
 -2.08714624e+00  6.39158662e-05  9.50121534e-01  1.57107596e+00]","[ 0.00000000e+00  7.45469056e-02  3.13535287e-01 -2.28772562e-01
  3.67872761e-01 -1.05979587e-05 -3.10612101e-01 -2.11799045e-05]","[ 0.         -0.3413389  15.91233349 -3.54222894  0.76342595  0.58883137
 -2.828125   -0.69241297]"
1749055016.0012362,"[ 0.00000000e+00  5.03130951e-01  1.02617429e+00 -2.83482446e+00
 -2.08639363e+00  6.39158662e-05  9.49466131e-01  1.57107596e+00]","[ 0.00000000e+00  6.69841731e-02  3.14933646e-01 -2.29582862e-01
  3.67332572e-01 -1.06059783e-05 -3.21415980e-01 -2.11641232e-05]","[ 0.         -0.31102735 16.13223648 -3.50393009  0.60154384  0.56315494
 -2.81675792 -0.71081138]"
1749055016.0023375,"[ 0.00000000e+00  5.03199827e-01  1.02648422e+00 -2.83507107e+00
 -2.08603171e+00  6.39158662e-05  9.49146485e-01  1.57107596e+00]","[ 0.00000000e+00  6.48879324e-02  3.14393457e-01 -2.32211602e-01
  3.67062461e-01 -1.06059783e-05 -3.24116958e-01 -2.11637026e-05]","[ 0.         -0.28707948 16.19984627 -3.4309361   0.47026595  0.57444447
 -2.80857277 -0.71911955]"
1749055016.0040636,"[ 0.00000000e+00  5.03321068e-01  1.02711059e+00 -2.83553179e+00
 -2.08528363e+00  6.39158662e-05  9.48481493e-01  1.57107596e+00]","[ 0.00000000e+00  5.96915434e-02  3.18174813e-01 -2.33601139e-01
  3.65118886e-01 -1.58969375e-05 -3.23938593e-01 -2.11639139e-05]","[ 0.         -0.27732676 16.4124527  -3.34479952  0.33542994  0.56066167
 -2.88283944 -0.74691457]"
1749055016.00573,"[ 0.00000000e+00  5.03377560e-01  1.02744948e+00 -2.83578027e+00
 -2.08492410e+00  6.39158662e-05  9.48158052e-01  1.57107596e+00]","[ 0.00000000e+00  5.72606640e-02  3.18977490e-01 -2.33746881e-01
  3.64262147e-01 -1.59089679e-05 -3.27898347e-01 -2.11639139e-05]","[ 0.         -0.23579004 16.56146049 -3.335109    0.33905739  0.57585686
 -2.95863223 -0.74598539]"
1749055016.0074384,"[ 0.00000000e+00  5.03492808e-01  1.02808178e+00 -2.83624845e+00
 -2.08420452e+00  6.39158662e-05  9.47472155e-01  1.57107596e+00]","[ 0.00000000e+00  5.59669420e-02  3.20875791e-01 -2.39306363e-01
  3.64361483e-01 -2.64948971e-05 -3.38537409e-01 -2.11641232e-05]","[ 0.         -0.18551633 16.63472366 -3.25356293  0.24770126  0.57341695
 -3.06247878 -0.71048957]"
1749055016.0086317,"[ 0.00000000e+00  5.03549733e-01  1.02840089e+00 -2.83648680e+00
 -2.08384499e+00  6.39158662e-05  9.47135399e-01  1.57107596e+00]","[ 0.00000000e+00  5.77422967e-02  3.23576769e-01 -2.41737246e-01
  3.64631594e-01 -2.64948971e-05 -3.41403204e-01 -2.11641232e-05]","[ 0.         -0.16346794 16.55030823 -3.19437671  0.19937217  0.57571286
 -3.02948689 -0.71267825]"
1749055016.0103698,"[ 0.00000000e+00  5.03667312e-01  1.02906855e+00 -2.83698961e+00
 -2.08310250e+00  6.39158662e-05  9.46451432e-01  1.57107596e+00]","[ 0.00000000e+00  5.67204709e-02  3.26817936e-01 -2.46273508e-01
  3.61390427e-01 -2.65149452e-05 -3.45914132e-01 -2.11639139e-05]","[ 0.         -0.14437163 16.54489517 -3.13169694  0.09295384  0.55596209
 -3.01005554 -0.72470868]"
1749055016.0120835,"[ 0.00000000e+00  5.03722406e-01  1.02939139e+00 -2.83723409e+00
 -2.08274857e+00  6.39158662e-05  9.46078523e-01  1.57107596e+00]","[ 0.00000000e+00  5.59101792e-02  3.27358125e-01 -2.47949485e-01
  3.58595839e-01 -2.64948971e-05 -3.51075838e-01 -2.11799045e-05]","[ 0.         -0.09151316 16.66638947 -3.12732553  0.09295384  0.53858852
 -3.04139161 -0.72778738]"
1749055016.0138454,"[ 0.00000000e+00  5.03831695e-01  1.03006497e+00 -2.83772517e+00
 -2.08201513e+00  6.39158662e-05  9.45731313e-01  1.57107596e+00]","[ 0.00000000e+00  5.26613765e-02  3.29008219e-01 -2.49840163e-01
  3.57595822e-01 -2.64948971e-05 -3.52207115e-01 -2.11639139e-05]","[ 0.         -0.02791006 16.70277977 -3.08234191  0.12831645  0.52061218
 -3.10175419 -0.74706084]"
1749055016.014959,"[ 0.00000000e+00  5.03935925e-01  1.03071658e+00 -2.83823277e+00
 -2.08130753e+00  6.39158662e-05  9.45019717e-01  1.57107596e+00]","[ 0.00000000e+00  5.26690081e-02  3.31139514e-01 -2.47508466e-01
  3.59229638e-01 -2.64946330e-05 -3.63821294e-01 -2.11801137e-05]","[ 0.          0.07700778 16.66994286 -3.02760887  0.21075323  0.48719311
 -3.1888485  -0.74281281]"
1749055016.0167131,"[ 0.00000000e+00  5.03987357e-01  1.03104401e+00 -2.83847645e+00
 -2.08092696e+00  6.39158662e-05  9.44655330e-01  1.57107596e+00]","[ 0.00000000e+00  5.21288109e-02  3.32219892e-01 -2.47139185e-01
  3.58348132e-01 -2.64951613e-05 -3.69493361e-01 -2.11639139e-05]","[ 0.          0.13258585 16.5843277  -3.00153852  0.27484715  0.48498586
 -3.23520088 -0.75181371]"
1749055016.018449,"[ 0.00000000e+00  5.04088358e-01  1.03173417e+00 -2.83898538e+00
 -2.08022203e+00  6.39158662e-05  9.43892401e-01  1.57107596e+00]","[ 0.00000000e+00  4.83983131e-02  3.37717888e-01 -2.48762315e-01
  3.56798771e-01 -2.65149452e-05 -3.73274717e-01 -2.11639139e-05]","[ 0.          0.22747527 16.52959442 -2.94019246  0.35358259  0.47000763
 -3.19076371 -0.74290252]"
1749055016.0195615,"[ 0.00000000e+00  5.04133831e-01  1.03206980e+00 -2.83923279e+00
 -2.07986996e+00  6.39158662e-05  9.43523287e-01  1.57107596e+00]","[ 0.00000000e+00  4.61398734e-02  3.40322826e-01 -2.50920558e-01
  3.56707092e-01 -2.64948971e-05 -3.74355095e-01 -2.11799045e-05]","[ 0.          0.31279519 16.57530212 -2.89273453  0.37315169  0.43401733
 -3.17717695 -0.75175393]"
1749055016.0212567,"[ 0.00000000e+00  5.04225677e-01  1.03274344e+00 -2.83973426e+00
 -2.07913386e+00  6.39158662e-05  9.42744179e-01  1.57107596e+00]","[ 0.00000000e+00  4.69969619e-02  3.41943393e-01 -2.55242119e-01
  3.60039938e-01 -2.64951613e-05 -3.81917840e-01 -2.11639139e-05]","[ 0.          0.39135745 16.39745903 -2.83912754  0.51429152  0.44177079
 -3.26314187 -0.76780254]"
1749055016.022426,"[ 0.00000000e+00  5.04277575e-01  1.03310437e+00 -2.83998726e+00
 -2.07877833e+00  6.39158662e-05  9.42360817e-01  1.57107596e+00]","[ 0.00000000e+00  4.88998487e-02  3.39791259e-01 -2.56592608e-01
  3.60580127e-01 -2.65152094e-05 -3.88940363e-01 -2.11639139e-05]","[ 0.          0.43308315 16.2594223  -2.78960896  0.54692757  0.44516191
 -3.34519124 -0.7545343 ]"
1749055016.0241241,"[ 0.00000000e+00  5.04378576e-01  1.03377662e+00 -2.84051484e+00
 -2.07806806e+00  6.39158662e-05  9.41559804e-01  1.57107596e+00]","[ 0.00000000e+00  5.21288109e-02  3.41943393e-01 -2.58483286e-01
  3.60039938e-01 -2.64948971e-05 -3.92201870e-01 -2.11639139e-05]","[ 0.          0.5110321  16.17292213 -2.65429354  0.59732372  0.40687004
 -3.35045624 -0.74412203]"
1749055016.025835,"[ 0.00000000e+00  5.04431373e-01  1.03411411e+00 -2.84076917e+00
 -2.07768696e+00  6.39158662e-05  9.41169785e-01  1.57107596e+00]","[ 0.00000000e+00  5.34792999e-02  3.42213504e-01 -2.57943097e-01
  3.58849672e-01 -2.64948971e-05 -3.95422697e-01 -2.11639139e-05]","[ 0.          0.56942159 16.22976303 -2.60110068  0.5590837   0.3665489
 -3.16384172 -0.75306243]"
1749055016.0269425,"[ 0.00000000e+00  5.04545256e-01  1.03481672e+00 -2.84129541e+00
 -2.07697936e+00  6.39158662e-05  9.40380224e-01  1.57107503e+00]","[ 0.00000000e+00  5.67204709e-02  3.43293881e-01 -2.56285363e-01
  3.59769827e-01 -1.58969375e-05 -4.01364841e-01 -2.91226556e-05]","[ 0.          0.66969132 16.24829674 -2.47583008  0.49358177  0.3569077
 -3.11259604 -0.76833987]"
1749055016.0286973,"[ 0.00000000e+00  5.04603579e-01  1.03515514e+00 -2.84155027e+00
 -2.07659720e+00  6.39158662e-05  9.39949258e-01  1.57107503e+00]","[ 0.00000000e+00  5.91513461e-02  3.43293881e-01 -2.58221381e-01
  3.59852751e-01 -1.58969375e-05 -4.05743378e-01 -2.91003827e-05]","[ 0.          0.71271127 16.21904945 -2.40813899  0.51589435  0.34919262
 -3.13561821 -0.76677418]"
1749055016.0304286,"[ 0.00000000e+00  5.04732610e-01  1.03583105e+00 -2.84206453e+00
 -2.07588640e+00  6.28506017e-05  9.39139657e-01  1.57107503e+00]","[ 0.00000000e+00  6.39459557e-02  3.43293881e-01 -2.61724453e-01
  3.60580127e-01 -2.65149452e-05 -4.10671857e-01 -2.91003827e-05]","[ 0.          0.8362422  16.29260635 -2.29845405  0.53750426  0.34375191
 -3.31435227 -0.77537084]"
1749055016.0321577,"[ 0.00000000e+00  5.04797358e-01  1.03619750e+00 -2.84232259e+00
 -2.07553060e+00  6.28506017e-05  9.38729663e-01  1.57107503e+00]","[ 0.00000000e+00  6.56336883e-02  3.44732787e-01 -2.61724453e-01
  3.60484620e-01 -2.64948971e-05 -4.15950109e-01 -2.91223691e-05]","[ 0.          0.87400657 16.38770103 -2.26425385  0.5140214   0.31466362
 -3.29677081 -0.75704545]"
1749055016.0332315,"[ 0.00000000e+00  5.04927786e-01  1.03688260e+00 -2.84285868e+00
 -2.07479397e+00  6.28506017e-05  9.37876386e-01  1.57107503e+00]","[ 0.00000000e+00  6.67140745e-02  3.48425760e-01 -2.61454359e-01
  3.59852751e-01 -2.12117453e-05 -4.14869731e-01 -2.91006692e-05]","[ 0.          1.00012159 16.50855446 -2.20850396  0.44006181  0.30200487
 -3.27187157 -0.77130347]"
1749055016.0349987,"[ 0.00000000e+00  5.05069666e-01  1.03757229e+00 -2.84337108e+00
 -2.07408557e+00  6.28506017e-05  9.37056332e-01  1.57107503e+00]","[ 0.00000000e+00  7.02253442e-02  3.49236026e-01 -2.59300677e-01
  3.58959560e-01 -1.05979587e-05 -4.17840787e-01 -2.91003827e-05]","[ 0.          1.07095146 16.63540459 -2.12183905  0.35349962  0.30735731
 -3.29300261 -0.7450695 ]"
1749055016.0361106,"[ 0.00000000e+00  5.05142204e-01  1.03794380e+00 -2.84364192e+00
 -2.07373190e+00  6.28506017e-05  9.36610186e-01  1.57107503e+00]","[ 0.00000000e+00  7.34665111e-02  3.49821988e-01 -2.55031530e-01
  3.58689449e-01 -1.05979587e-05 -4.19642016e-01 -2.91003827e-05]","[ 0.          1.10887361 16.65929413 -2.08793283  0.32511842  0.3168394
 -3.4019022  -0.7508871 ]"
1749055016.037844,"[ 0.00000000e+00  5.05294204e-01  1.03863349e+00 -2.84414765e+00
 -2.07300166e+00  6.28506017e-05  9.35757775e-01  1.57107503e+00]","[ 0.00000000e+00  7.47289993e-02  3.50316438e-01 -2.57132797e-01
  3.54908093e-01 -1.06059783e-05 -4.36207411e-01 -2.91006692e-05]","[ 0.          1.14839804 16.81438255 -2.03383636  0.18894871  0.33103308
 -3.5446887  -0.74585348]"
1749055016.0395288,"[ 0.00000000e+00  5.05368140e-01  1.03898157e+00 -2.84440332e+00
 -2.07265226e+00  6.28506017e-05  9.35326876e-01  1.57107503e+00]","[ 0.00000000e+00  7.50110197e-02  3.53017416e-01 -2.59293570e-01
  3.54367905e-01  0.00000000e+00 -4.37017711e-01 -2.91006692e-05]","[ 0.          1.15305281 16.94472885 -2.02792048  0.0642985   0.3448599
 -3.56065488 -0.73080707]"
1749055016.0406675,"[ 0.00000000e+00  5.05541245e-01  1.03970848e+00 -2.84493861e+00
 -2.07193187e+00  6.28506017e-05  9.34407885e-01  1.57107503e+00]","[ 0.00000000e+00  7.89734705e-02  3.54908093e-01 -2.62534753e-01
  3.50574298e-01  0.00000000e+00 -4.51602979e-01 -2.91006692e-05]","[ 0.          1.20407856 17.14368057 -1.99690568 -0.15105173  0.34179133
 -3.47992539 -0.74983788]"
1749055016.0424883,"[ 0.00000000e+00  5.05618377e-01  1.04005975e+00 -2.84519827e+00
 -2.07158752e+00  6.28506017e-05  9.33953151e-01  1.57107503e+00]","[ 0.00000000e+00  7.83282698e-02  3.56258582e-01 -2.63345037e-01
  3.49236026e-01  0.00000000e+00 -4.61326479e-01 -2.91003827e-05]","[ 0.          1.21936941 17.2079525  -1.98090243 -0.17235121  0.34002334
 -3.47412205 -0.75184548]"
1749055016.0436077,"[ 0.00000000e+00  5.05774971e-01  1.04079351e+00 -2.84573676e+00
 -2.07087380e+00  6.28506017e-05  9.32995212e-01  1.57107503e+00]","[ 0.00000000e+00  7.99488533e-02  3.58149260e-01 -2.62805347e-01
  3.48066632e-01  0.00000000e+00 -4.69438568e-01 -2.91003827e-05]","[ 0.          1.19613135 17.35204124 -1.94927442 -0.28265598  0.33144715
 -3.61916304 -0.74106443]"
1749055016.0453687,"[ 0.00000000e+00  5.05861291e-01  1.04114985e+00 -2.84599243e+00
 -2.07053211e+00  6.28506017e-05  9.32530956e-01  1.57107503e+00]","[ 0.00000000e+00  8.11725508e-02  3.61390427e-01 -2.59293570e-01
  3.46535048e-01  0.00000000e+00 -4.70779902e-01 -2.91006692e-05]","[ 0.          1.20419157 17.38868141 -1.92696619 -0.31003308  0.33914593
 -3.66335177 -0.74727684]"
1749055016.0471475,"[ 0.00000000e+00  5.06022944e-01  1.04186983e+00 -2.84650029e+00
 -2.06985301e+00  6.28506017e-05  9.31592059e-01  1.57107503e+00]","[ 0.00000000e+00  8.22962633e-02  3.66522272e-01 -2.56602445e-01
  3.42753693e-01  0.00000000e+00 -4.78612725e-01 -1.85186086e-05]","[ 0.          1.23450291 17.46743965 -1.88095605 -0.31405741  0.3310802
 -3.68116117 -0.73158067]"
1749055016.0488873,"[ 0.00000000e+00  5.06105136e-01  1.04226105e+00 -2.84677406e+00
 -2.06951612e+00  6.28506017e-05  9.31075472e-01  1.57107503e+00]","[ 0.00000000e+00  8.34601230e-02  3.68378862e-01 -2.57789982e-01
  3.41673315e-01  0.00000000e+00 -4.86490822e-01 -1.85184257e-05]","[ 0.          1.20950675 17.52698517 -1.85582542 -0.26176915  0.32678679
 -3.61172843 -0.74164718]"
1749055016.050088,"[ 0.00000000e+00  5.06283302e-01  1.04299808e+00 -2.84728299e+00
 -2.06881571e+00  6.28506017e-05  9.30100355e-01  1.57107503e+00]","[ 0.00000000e+00  8.85919761e-02  3.74355095e-01 -2.58213192e-01
  3.42136605e-01  0.00000000e+00 -4.96979349e-01 -1.85184257e-05]","[ 0.          1.20919347 17.45245743 -1.84122634 -0.26663679  0.33674142
 -3.52419567 -0.73650348]"
1749055016.0518517,"[ 0.00000000e+00  5.06369621e-01  1.04336959e+00 -2.84753919e+00
 -2.06847908e+00  6.28506017e-05  9.29599015e-01  1.57107503e+00]","[ 0.00000000e+00  8.75115816e-02  3.76785995e-01 -2.59833775e-01
  3.41403204e-01  0.00000000e+00 -5.08323450e-01 -1.85184257e-05]","[ 0.          1.22742522 17.28657722 -1.83528936 -0.2524834   0.32041675
 -3.48884964 -0.73725122]"
1749055016.0534973,"[ 0.00000000e+00  5.06549618e-01  1.04414970e+00 -2.84806623e+00
 -2.06777388e+00  6.28506017e-05  9.28529756e-01  1.57107409e+00]","[ 0.00000000e+00  8.82704993e-02  3.82728140e-01 -2.56545337e-01
  3.45057393e-01  0.00000000e+00 -5.27770484e-01 -2.64551545e-05]","[ 0.          1.14390147 17.00593948 -1.79941177 -0.10091656  0.35611123
 -3.56371546 -0.73149776]"
1749055016.0546846,"[ 0.00000000e+00  5.06637336e-01  1.04452853e+00 -2.84831790e+00
 -2.06743353e+00  6.28506017e-05  9.28007510e-01  1.57107409e+00]","[ 0.00000000e+00  8.88620706e-02  3.84078596e-01 -2.55242119e-01
  3.45184559e-01  0.00000000e+00 -5.29661162e-01 -2.64548924e-05]","[ 0.          1.11021709 17.01512146 -1.79513121 -0.02120917  0.37080994
 -3.61695457 -0.73463446]"
1749055016.0563529,"[ 0.00000000e+00  5.06725054e-01  1.04532482e+00 -2.84881697e+00
 -2.06675309e+00  6.28506017e-05  9.26903031e-01  1.57107409e+00]","[ 0.00000000e+00  8.88620706e-02  3.89750663e-01 -2.52271047e-01
  3.45454671e-01  0.00000000e+00 -5.41910638e-01 -2.64548924e-05]","[ 0.          1.11614573 16.78423309 -1.80766773  0.09440294  0.37787566
 -3.74570394 -0.70652503]"
1749055016.0575123,"[ 0.00000000e+00  5.06813204e-01  1.04571191e+00 -2.84908382e+00
 -2.06638531e+00  6.28506017e-05  9.26359813e-01  1.57107409e+00]","[ 0.00000000e+00  8.94022679e-02  3.92721719e-01 -2.51269998e-01
  3.46311243e-01  0.00000000e+00 -5.50998842e-01 -2.64548924e-05]","[ 0.          1.12693357 16.61607552 -1.82008517  0.13395359  0.37589368
 -3.82330108 -0.68851817]"
1749055016.0592475,"[ 0.00000000e+00  5.07004685e-01  1.04651871e+00 -2.84958077e+00
 -2.06569608e+00  6.28506017e-05  9.25251605e-01  1.57107409e+00]","[ 0.00000000e+00  9.56145072e-02  3.94709569e-01 -2.52285261e-01
  3.51666927e-01  0.00000000e+00 -5.67204709e-01 -2.64551545e-05]","[ 0.          1.09970617 16.44005775 -1.83771753  0.22404444  0.39309829
 -3.79624248 -0.67250532]"
1749055016.0609584,"[ 0.00000000e+00  5.07100659e-01  1.04690993e+00 -2.84985214e+00
 -2.06534854e+00  6.28506017e-05  9.24640809e-01  1.57107409e+00]","[ 0.00000000e+00  9.71365704e-02  3.96773186e-01 -2.55533053e-01
  3.52477193e-01  0.00000000e+00 -5.74721681e-01 -2.64548924e-05]","[ 0.          1.09381342 16.41936302 -1.8668952   0.31381449  0.40868217
 -3.71799541 -0.67785829]"
1749055016.0626423,"[ 0.00000000e+00  5.07304990e-01  1.04769696e+00 -2.85035495e+00
 -2.06462442e+00  6.28506017e-05  9.23488792e-01  1.57107409e+00]","[ 0.00000000e+00  1.00307380e-01  3.99609053e-01 -2.53891630e-01
  3.54008844e-01  0.00000000e+00 -5.86651711e-01 -2.64548924e-05]","[ 0.          1.05245721 16.25391769 -1.88855267  0.51498896  0.43583581
 -3.59386015 -0.6761173 ]"
1749055016.0637944,"[ 0.00000000e+00  5.07503828e-01  1.04851708e+00 -2.85087187e+00
 -2.06389845e+00  6.28506017e-05  9.22322527e-01  1.57107409e+00]","[ 0.00000000e+00  1.00206163e-01  4.00728013e-01 -2.52022308e-01
  3.54335847e-01  0.00000000e+00 -5.92323778e-01 -2.64551545e-05]","[ 0.          1.0602901  16.13090134 -1.84724259  0.67444849  0.45375958
 -3.4503696  -0.65083569]"
1749055016.065555,"[ 0.00000000e+00  5.07602099e-01  1.04891150e+00 -2.85111928e+00
 -2.06354345e+00  6.28506017e-05  9.21691757e-01  1.57107409e+00]","[ 0.00000000e+00  9.95649904e-02  4.00014352e-01 -2.50666326e-01
  3.60039938e-01  0.00000000e+00 -5.93819742e-01 -2.64551545e-05]","[ 0.          1.03787756 16.056633   -1.7972784   0.76097417  0.4671692
 -3.52190113 -0.65195411]"
1749055016.0673625,"[ 0.00000000e+00  5.07810558e-01  1.04970592e+00 -2.85160477e+00
 -2.06283025e+00  6.28506017e-05  9.20511244e-01  1.57107409e+00]","[ 0.00000000e+00  1.02062761e-01  4.03255519e-01 -2.45518602e-01
  3.62373367e-01  0.00000000e+00 -6.01437248e-01 -2.64548924e-05]","[ 0.          1.02930331 16.0457859  -1.78857076  0.89485317  0.47194538
 -3.51805854 -0.64355403]"
1749055016.0691042,"[ 0.00000000e+00  5.07912957e-01  1.05013708e+00 -2.85184525e+00
 -2.06247152e+00  6.28506017e-05  9.19869090e-01  1.57107409e+00]","[ 0.00000000e+00  1.03717433e-01  4.05612217e-01 -2.43898018e-01
  3.63821294e-01  0.00000000e+00 -6.05172598e-01 -2.64349338e-05]","[ 0.          1.01374102 16.1635685  -1.81000233  0.90931922  0.48015687
 -3.48592472 -0.64672917]"
1749055016.0708153,"[ 0.00000000e+00  5.08121449e-01  1.05094069e+00 -2.85234673e+00
 -2.06172531e+00  6.28506017e-05  9.18663810e-01  1.57107409e+00]","[ 0.00000000e+00  1.06148308e-01  4.07577097e-01 -2.44978413e-01
  3.63821294e-01  0.00000000e+00 -6.12581046e-01 -2.64551545e-05]","[ 0.          1.01620936 16.16698074 -1.80282319  0.89000773  0.50207573
 -3.50342226 -0.64571244]"
1749055016.072587,"[ 0.00000000e+00  5.08338630e-01  1.05177319e+00 -2.85282903e+00
 -2.06100039e+00  6.39158662e-05  9.17445147e-01  1.57107409e+00]","[ 0.00000000e+00  1.05231290e-01  4.06495688e-01 -2.43920722e-01
  3.68953139e-01  1.06059783e-05 -6.19333491e-01 -2.64946330e-05]","[ 0.          1.02486515 16.18610573 -1.82094908  0.83648443  0.52034777
 -3.60363984 -0.64161038]"
1749055016.0743906,"[ 0.00000000e+00  5.08546656e-01  1.05257860e+00 -2.85332810e+00
 -2.06024219e+00  6.39158662e-05  9.16172289e-01  1.57107409e+00]","[ 0.00000000e+00  1.05608111e-01  4.08387397e-01 -2.43627924e-01
  3.70843850e-01  1.06059783e-05 -6.23562857e-01 -2.64948971e-05]","[ 0.          1.00511611 16.20817947 -1.81204045  0.81066084  0.53352845
 -3.64923477 -0.61397308]"
1749055016.0766926,"[ 0.00000000e+00  5.08762006e-01  1.05341523e+00 -2.85380507e+00
 -2.05951115e+00  6.39158662e-05  9.14870936e-01  1.57107409e+00]","[ 0.00000000e+00  1.05338016e-01  4.08251044e-01 -2.41197040e-01
  3.70303628e-01  1.06059783e-05 -6.37704176e-01 -2.64948971e-05]","[ 0.          1.04205191 16.2290554  -1.815256    0.73549664  0.55602813
 -3.84559178 -0.60469794]"
1749055016.0784225,"[ 0.00000000e+00  5.08975525e-01  1.05422071e+00 -2.85429510e+00
 -2.05875322e+00  6.39158662e-05  9.13606666e-01  1.57107409e+00]","[ 0.00000000e+00  1.09008818e-01  4.08387397e-01 -2.39008571e-01
  3.70033550e-01  1.06059783e-05 -6.42561915e-01 -2.64951613e-05]","[ 0.          1.08158135 16.29079056 -1.8501873   0.58635402  0.56405872
 -3.68960714 -0.60081565]"
1749055016.0808043,"[ 0.00000000e+00  5.09202359e-01  1.05506326e+00 -2.85476674e+00
 -2.05799235e+00  6.39158662e-05  9.12290000e-01  1.57107409e+00]","[ 0.00000000e+00  1.11820358e-01  4.12290793e-01 -2.39036268e-01
  3.71638870e-01  0.00000000e+00 -6.42823371e-01 -2.64948971e-05]","[ 0.          1.07850456 16.38098145 -1.88728678  0.49390769  0.55966896
 -3.54376626 -0.61556357]"
1749055016.0826352,"[ 0.00000000e+00  5.09428295e-01  1.05587466e+00 -2.85524158e+00
 -2.05725892e+00  6.39158662e-05  9.11015278e-01  1.57107409e+00]","[ 0.00000000e+00  1.14521328e-01  4.11088342e-01 -2.41737246e-01
  3.71113928e-01  0.00000000e+00 -6.47423649e-01 -2.64948971e-05]","[ 0.          1.0675739  16.40280914 -1.9123615   0.43671241  0.55685979
 -3.84595609 -0.58419639]"
1749055016.0849767,"[ 0.00000000e+00  5.09671209e-01  1.05671542e+00 -2.85573374e+00
 -2.05649859e+00  6.39158662e-05  9.09680568e-01  1.57107409e+00]","[ 0.00000000e+00  1.20118094e-01  4.09755663e-01 -2.39846551e-01
  3.70886561e-01  0.00000000e+00 -6.53001041e-01 -2.64948971e-05]","[ 0.          1.0868479  16.44284821 -1.92163372  0.27662322  0.54866964
 -4.01643515 -0.55945539]"
1749055016.086783,"[ 0.00000000e+00  5.09915021e-01  1.05752682e+00 -2.85620112e+00
 -2.05576968e+00  6.39158662e-05  9.08387803e-01  1.57107409e+00]","[ 0.00000000e+00  1.24785034e-01  4.12168753e-01 -2.36335290e-01
  3.69118987e-01  0.00000000e+00 -6.55402013e-01 -2.64948971e-05]","[ 0.          1.14529383 16.50700378 -1.93816185  0.03337984  0.53418905
 -3.89543152 -0.56655705]"
1749055016.0884426,"[ 0.00000000e+00  5.10177243e-01  1.05834008e+00 -2.85667916e+00
 -2.05501627e+00  6.39158662e-05  9.07043572e-01  1.57107409e+00]","[ 0.00000000e+00  1.28393451e-01  4.13249131e-01 -2.31743634e-01
  3.67125012e-01  0.00000000e+00 -6.57514899e-01 -2.64948971e-05]","[ 0.00000000e+00  1.13600898e+00  1.65524998e+01 -1.95119107e+00
  1.42597128e-02  5.45112133e-01 -3.81313825e+00 -6.22146785e-01]"
1749055016.0901334,"[ 0.00000000e+00  5.10439897e-01  1.05918637e+00 -2.85713163e+00
 -2.05428923e+00  6.39158662e-05  9.05747878e-01  1.57107409e+00]","[ 0.00000000e+00  1.34911904e-01  4.13249131e-01 -2.29080423e-01
  3.68412950e-01  0.00000000e+00 -6.57147183e-01 -2.64948971e-05]","[ 0.          1.10559475 16.53398705 -1.9422307   0.19118081  0.52477378
 -4.00069427 -0.58218086]"
1749055016.0913172,"[ 0.00000000e+00  5.10574886e-01  1.05959503e+00 -2.85735747e+00
 -2.05392757e+00  6.39158662e-05  9.05100064e-01  1.57107409e+00]","[ 0.00000000e+00  1.36939419e-01  4.14329542e-01 -2.29042656e-01
  3.66792383e-01  0.00000000e+00 -6.56877072e-01 -2.65149452e-05]","[ 0.          1.06284153 16.63214302 -1.92550302  0.26986104  0.50479662
 -3.970927   -0.5605076 ]"
1749055016.0930724,"[ 0.00000000e+00  5.10860044e-01  1.06044451e+00 -2.85783284e+00
 -2.05317629e+00  6.39158662e-05  9.03749175e-01  1.57107409e+00]","[ 0.00000000e+00  1.39640388e-01  4.14989008e-01 -2.33364218e-01
  3.66792383e-01  0.00000000e+00 -6.58370107e-01 -2.64948971e-05]","[ 0.          1.0618031  16.58476448 -1.93569219  0.22193049  0.44016659
 -3.66518188 -0.55348593]"
1749055016.0947332,"[ 0.00000000e+00  5.10996431e-01  1.06085411e+00 -2.85806107e+00
 -2.05281570e+00  6.39158662e-05  9.03103292e-01  1.57107409e+00]","[ 0.00000000e+00  1.38289908e-01  4.15831665e-01 -2.31473540e-01
  3.65711972e-01  0.00000000e+00 -6.54986361e-01 -2.64948971e-05]","[ 0.          1.01323056 16.42415619 -1.92242253  0.0942358   0.46988687
 -3.60748887 -0.56063181]"
1749055016.0964632,"[ 0.00000000e+00  5.11277894e-01  1.06170319e+00 -2.85853405e+00
 -2.05209292e+00  6.39158662e-05  9.01765720e-01  1.57107409e+00]","[ 0.00000000e+00  1.36939419e-01  4.13767948e-01 -2.30740488e-01
  3.67062461e-01  0.00000000e+00 -6.53001041e-01 -1.85462435e-05]","[ 0.          1.01855278 16.32741356 -1.93140304  0.13429508  0.46640906
 -3.46022344 -0.60782635]"
1749055016.0975816,"[ 0.00000000e+00  5.11413382e-01  1.06211092e+00 -2.85876175e+00
 -2.05170463e+00  6.39158662e-05  9.01125496e-01  1.57107409e+00]","[ 0.00000000e+00  1.37340324e-01  4.13519242e-01 -2.30933334e-01
  3.65276479e-01  0.00000000e+00 -6.49314360e-01 -1.85464284e-05]","[ 0.          1.01014709 16.40119934 -1.91241753  0.26980042  0.48939529
 -3.67790484 -0.60660833]"
1749055016.0992298,"[ 0.00000000e+00  5.11686589e-01  1.06292924e+00 -2.85920996e+00
 -2.05098584e+00  6.39158662e-05  8.99846979e-01  1.57107409e+00]","[ 0.00000000e+00  1.37749710e-01  4.15528664e-01 -2.26071584e-01
  3.64361483e-01  0.00000000e+00 -6.50394738e-01 -1.85464284e-05]","[ 0.          0.95650697 16.30379868 -1.91608143  0.45370162  0.44545805
 -4.01036596 -0.55603045]"
1749055016.1009228,"[ 0.00000000e+00  5.11833063e-01  1.06333970e+00 -2.85944672e+00
 -2.05062818e+00  6.39158662e-05  8.99207687e-01  1.57107409e+00]","[ 0.00000000e+00  1.37922649e-01  4.16220220e-01 -2.22933165e-01
  3.62373367e-01  0.00000000e+00 -6.48233916e-01 -1.85464284e-05]","[ 0.          0.98042428 16.24053955 -1.88385952  0.48329198  0.44545805
 -4.00857353 -0.56580192]"
1749055016.1026807,"[ 0.00000000e+00  5.12101243e-01  1.06419245e+00 -2.85988667e+00
 -2.04988010e+00  6.39158662e-05  8.97877771e-01  1.57107409e+00]","[ 0.00000000e+00  1.35048741e-01  4.15950109e-01 -2.23144287e-01
  3.65171783e-01  0.00000000e+00 -6.48233916e-01 -1.85466133e-05]","[ 0.          1.00191319 16.26161003 -1.85451937  0.37330118  0.3965008
 -3.61218858 -0.56914037]"
1749055016.1044784,"[ 0.00000000e+00  5.12380409e-01  1.06500977e+00 -2.86034260e+00
 -2.04916158e+00  6.39158662e-05  8.96538334e-01  1.57107409e+00]","[ 0.00000000e+00  1.36790773e-01  4.14869731e-01 -2.21470773e-01
  3.64091405e-01  0.00000000e+00 -6.53388930e-01 -1.85464284e-05]","[ 0.          0.96827406 16.16745377 -1.85418236  0.35128486  0.38047945
 -3.52240086 -0.59353852]"
1749055016.1062665,"[ 0.00000000e+00  5.12655480e-01  1.06585885e+00 -2.86077803e+00
 -2.04841776e+00  6.39158662e-05  8.95245502e-01  1.57107409e+00]","[ 0.00000000e+00  1.40180594e-01  4.14750189e-01 -2.19859344e-01
  3.62771143e-01  0.00000000e+00 -6.56877072e-01 -1.85464284e-05]","[ 0.          0.94213688 16.06804466 -1.81696343  0.44697872  0.40783724
 -3.71353769 -0.57917291]"
1749055016.1080637,"[ 0.00000000e+00  5.12793233e-01  1.06626705e+00 -2.86099375e+00
 -2.04805903e+00  6.28506017e-05  8.94596690e-01  1.57107409e+00]","[ 0.00000000e+00  1.39640388e-01  4.13639917e-01 -2.18778950e-01
  3.63821294e-01 -1.05899522e-05 -6.57290794e-01 -1.85604623e-05]","[ 0.          0.93109661 16.12970161 -1.79875898  0.41977385  0.39106584
 -3.84210968 -0.5727182 ]"
1749055016.1097896,"[ 0.00000000e+00  5.13082984e-01  1.06710967e+00 -2.86143423e+00
 -2.04731015e+00  6.28506017e-05  8.93238211e-01  1.57107409e+00]","[ 0.00000000e+00  1.42466968e-01  4.10758743e-01 -2.13160812e-01
  3.65369656e-01 -1.05899522e-05 -6.63899628e-01 -1.85464284e-05]","[ 0.          0.92183161 16.14277649 -1.78813231  0.29483747  0.35396022
 -3.63539767 -0.56697971]"
1749055016.1115367,"[ 0.00000000e+00  5.13365845e-01  1.06792334e+00 -2.86184649e+00
 -2.04659323e+00  6.28506017e-05  8.91927337e-01  1.57107409e+00]","[ 0.00000000e+00  1.43961950e-01  4.12560604e-01 -2.07704960e-01
  3.62103555e-01 -1.05820616e-05 -6.62147667e-01 -1.85464284e-05]","[ 0.          0.9530127  16.168396   -1.76210976  0.13663155  0.36060706
 -3.51041794 -0.58297944]"
1749055016.1126978,"[ 0.00000000e+00  5.13518278e-01  1.06833067e+00 -2.86206593e+00
 -2.04623689e+00  6.28506017e-05  8.91222398e-01  1.57107409e+00]","[ 0.00000000e+00  1.43439554e-01  4.13249131e-01 -2.06633204e-01
  3.61390427e-01 -1.05899522e-05 -6.63784113e-01 -1.85464284e-05]","[ 0.          0.94982105 16.17030334 -1.70228207  0.11577001  0.37343639
 -3.50397706 -0.59191203]"
1749055016.114421,"[ 0.00000000e+00  5.13798875e-01  1.06917555e+00 -2.86247153e+00
 -2.04550080e+00  6.28506017e-05  8.89912456e-01  1.57107409e+00]","[ 0.00000000e+00  1.42736796e-01  4.11628564e-01 -2.05003982e-01
  3.60039938e-01 -1.05819570e-05 -6.64709895e-01 -1.85464284e-05]","[ 0.          0.96871817 16.18953705 -1.64566135  0.12557356  0.42977825
 -3.7618444  -0.58234394]"
1749055016.115668,"[ 0.00000000e+00  5.13938458e-01  1.06958055e+00 -2.86267527e+00
 -2.04514739e+00  6.28506017e-05  8.89251326e-01  1.57107409e+00]","[ 0.00000000e+00  1.41531083e-01  4.10818264e-01 -2.06415225e-01
  3.58419338e-01 -1.05819570e-05 -6.70381962e-01 -1.85462435e-05]","[ 0.          0.95233977 16.2548542  -1.64550042  0.09438547  0.42741594
 -3.92516351 -0.57330167]"
1749055016.1174114,"[ 0.00000000e+00  5.14230041e-01  1.07041998e+00 -2.86310057e+00
 -2.04441503e+00  6.28506017e-05  8.87870943e-01  1.57107409e+00]","[ 0.00000000e+00  1.42553021e-01  4.09370204e-01 -2.08245149e-01
  3.56592743e-01 -1.05898466e-05 -6.73932555e-01 -1.85464284e-05]","[ 0.          0.93983203 16.32780075 -1.68586922 -0.1565364   0.37897411
 -3.64179683 -0.56315613]"
1749055016.1185741,"[ 0.00000000e+00  5.14369624e-01  1.07082452e+00 -2.86330537e+00
 -2.04406455e+00  6.28506017e-05  8.87205019e-01  1.57107409e+00]","[ 0.00000000e+00  1.41531083e-01  4.10278075e-01 -2.07704960e-01
  3.55088123e-01 -1.05819570e-05 -6.75243695e-01 -1.85464284e-05]","[ 0.          0.96275473 16.33683586 -1.64492869 -0.27088937  0.33355513
 -3.59004903 -0.54353911]"
1749055016.1202931,"[ 0.00000000e+00  5.14649289e-01  1.07162899e+00 -2.86372508e+00
 -2.04336920e+00  6.28506017e-05  8.85818045e-01  1.57107409e+00]","[ 0.00000000e+00  1.42611461e-01  4.07306986e-01 -2.04627062e-01
  3.52207115e-01 -1.05899522e-05 -6.78077898e-01 -1.85604623e-05]","[ 0.          1.0007211  16.37683296 -1.6108762  -0.28262261  0.34785923
 -3.50250483 -0.57040346]"
1749055016.1214213,"[ 0.00000000e+00  5.14801256e-01  1.07202986e+00 -2.86392429e+00
 -2.04299689e+00  6.28506017e-05  8.85149259e-01  1.57107409e+00]","[ 0.00000000e+00  1.43054095e-01  4.06496686e-01 -2.02032910e-01
  3.50574298e-01 -1.05900569e-05 -6.78214785e-01 -1.85464284e-05]","[ 0.          1.01425147 16.40876579 -1.6108762  -0.28776881  0.34643796
 -3.63177037 -0.58291137]"
1749055016.1231549,"[ 0.00000000e+00  5.15092872e-01  1.07286470e+00 -2.86433069e+00
 -2.04230953e+00  6.28506017e-05  8.83803164e-01  1.57107409e+00]","[ 0.00000000e+00  1.49093811e-01  4.08387397e-01 -1.97104014e-01
  3.47885537e-01 -1.05818513e-05 -6.84851515e-01 -1.85604623e-05]","[ 0.          1.04743564 16.43908119 -1.65784895 -0.23737983  0.34327927
 -3.68798828 -0.57744539]"
1749055016.1249032,"[ 0.00000000e+00  5.15241643e-01  1.07326697e+00 -2.86452270e+00
 -2.04196785e+00  6.28506017e-05  8.83078252e-01  1.57107409e+00]","[ 0.00000000e+00  1.50984489e-01  4.07847175e-01 -1.94740276e-01
  3.46183944e-01 -1.05819570e-05 -6.81949602e-01 -1.85464284e-05]","[ 0.          1.0031842  16.48680687 -1.65507114 -0.22074169  0.33176166
 -3.75915837 -0.56675851]"
1749055016.1265495,"[ 0.00000000e+00  5.15552966e-01  1.07410127e+00 -2.86489980e+00
 -2.04126530e+00  6.28506017e-05  8.81729361e-01  1.57107409e+00]","[ 0.00000000e+00  1.51794789e-01  4.06864868e-01 -1.90495613e-01
  3.42549728e-01 -1.05819570e-05 -6.86047607e-01 -1.85464284e-05]","[ 0.          0.99515122 16.40338516 -1.67224145 -0.2933042   0.32599944
 -3.83250093 -0.54132426]"
1749055016.128288,"[ 0.00000000e+00  5.15857399e-01  1.07489982e+00 -2.86528863e+00
 -2.04059525e+00  6.28506017e-05  8.80322346e-01  1.57107409e+00]","[ 0.00000000e+00  1.55193349e-01  4.04065819e-01 -1.90404749e-01
  3.38162037e-01 -1.05899522e-05 -6.87105548e-01 -1.06060839e-05]","[ 0.          0.92121953 16.20710182 -1.70841646 -0.41891676  0.32182071
 -3.91303897 -0.55516529]"
1749055016.1294134,"[ 0.00000000e+00  5.16012162e-01  1.07529750e+00 -2.86547638e+00
 -2.04026289e+00  6.28506017e-05  8.79643107e-01  1.57107409e+00]","[ 0.00000000e+00  1.56767643e-01  4.03255519e-01 -1.90418714e-01
  3.37081659e-01 -1.05900569e-05 -6.88748585e-01 -1.05979587e-05]","[ 0.          0.93283248 15.98527241 -1.74871838 -0.55133826  0.31131622
 -3.93571973 -0.58541119]"
1749055016.1312108,"[ 0.00000000e+00  5.16331275e-01  1.07612081e+00 -2.86584895e+00
 -2.03957606e+00  6.28506017e-05  8.78283696e-01  1.57107503e+00]","[ 0.          0.15503596  0.40149783 -0.18771775  0.33465076  0.
 -0.68982896  0.        ]","[ 0.          0.8973431  15.81535053 -1.73702395 -0.70412928  0.32230532
 -3.94032669 -0.54278541]"
1749055016.1328976,"[ 0.00000000e+00  5.16482809e-01  1.07651483e+00 -2.86604629e+00
 -2.03924769e+00  6.28506017e-05  8.77549263e-01  1.57107503e+00]","[ 0.          0.15368547  0.39974427 -0.18564463  0.33303019  0.
 -0.69161941  0.        ]","[ 0.          0.85417223 15.83717632 -1.73973846 -0.72756153  0.33177659
 -3.95142889 -0.54895538]"
1749055016.1340334,"[ 0.00000000e+00  5.16794166e-01  1.07729953e+00 -2.86641088e+00
 -2.03857258e+00  6.28506017e-05  8.76187988e-01  1.57107503e+00]","[ 0.          0.15233498  0.39677319 -0.18547499  0.32825591  0.
 -0.68982896  0.        ]","[ 0.          0.83809274 15.73902798 -1.7622509  -0.86068445  0.32356533
 -3.85374522 -0.58750212]"
1749055016.135758,"[ 0.00000000e+00  5.16943836e-01  1.07771831e+00 -2.86659278e+00
 -2.03825354e+00  6.28506017e-05  8.75508749e-01  1.57107503e+00]","[ 0.          0.15164098  0.39420803 -0.18428967  0.32357677  0.
 -0.68874859  0.        ]","[ 0.          0.84411067 15.64704418 -1.80814743 -0.93001485  0.31424892
 -3.71814132 -0.58585948]"
1749055016.1374385,"[ 0.00000000e+00  5.17254726e-01  1.07849162e+00 -2.86696509e+00
 -2.03762157e+00  6.28506017e-05  8.74115050e-01  1.57107503e+00]","[ 0.          0.15171491  0.39218153 -0.18080405  0.3195253   0.
 -0.67929516  0.        ]","[ 0.          0.75363398 15.58480835 -1.82840919 -0.95702267  0.30617583
 -3.84496617 -0.59480089]"
1749055016.1385367,"[ 0.00000000e+00  5.17402132e-01  1.07887599e+00 -2.86714245e+00
 -2.03730891e+00  6.28506017e-05  8.73445332e-01  1.57107503e+00]","[ 0.          0.149634    0.38975066 -0.17988491  0.31709444  0.
 -0.67929516  0.        ]","[ 0.          0.7485435  15.64781857 -1.7987802  -0.9284277   0.31881171
 -3.96047425 -0.57774991]"
1749055016.1402674,"[ 0.00000000e+00  5.17701039e-01  1.07966854e+00 -2.86751210e+00
 -2.03666656e+00  6.28506017e-05  8.72045042e-01  1.57107503e+00]","[ 0.          0.15125458  0.3856992  -0.18113503  0.31331308  0.
 -0.68434711  0.        ]","[ 0.          0.69541085 15.59772396 -1.81030893 -1.00848436  0.34602484
 -4.01918364 -0.55862761]"
1749055016.1413858,"[ 0.00000000e+00  5.17850276e-01  1.08004505e+00 -2.86769160e+00
 -2.03636216e+00  6.28506017e-05  8.71369597e-01  1.57107503e+00]","[ 0.          0.15110134  0.38191784 -0.1820457   0.30872142  0.
 -0.68496723  0.        ]","[ 0.          0.71324867 15.44288731 -1.84390819 -1.11453485  0.35310465
 -3.8819344  -0.55252463]"
1749055016.1430407,"[ 0.00000000e+00  5.18159768e-01  1.08082016e+00 -2.86808175e+00
 -2.03576428e+00  6.28506017e-05  8.70020640e-01  1.57107503e+00]","[ 0.          0.15098449  0.37755255 -0.18394066  0.3008886   0.
 -0.68157496  0.        ]","[ 0.          0.64134222 15.32160473 -1.81758249 -1.21261191  0.33457306
 -3.77320552 -0.53568524]"
1749055016.1447337,"[ 0.00000000e+00  5.18310403e-01  1.08118934e+00 -2.86826418e+00
 -2.03544869e+00  6.28506017e-05  8.69299589e-01  1.57107503e+00]","[ 0.          0.15287517  0.37435509 -0.18501678  0.29716064  0.
 -0.67908098  0.        ]","[ 0.          0.58018273 15.31165314 -1.80952466 -1.17759347  0.34249532
 -3.79184675 -0.55669284]"
1749055016.146413,"[ 0.00000000e+00  5.18613005e-01  1.08192311e+00 -2.86863968e+00
 -2.03487106e+00  6.28506017e-05  8.67957289e-01  1.57107503e+00]","[ 0.          0.15368547  0.36976344 -0.18339619  0.29116507  0.
 -0.68226625  0.        ]","[ 0.          0.56616724 15.19390297 -1.81435251 -1.15926301  0.36359116
 -3.82036519 -0.55680901]"
1749055016.147589,"[ 0.00000000e+00  5.18775558e-01  1.08231160e+00 -2.86881891e+00
 -2.03458583e+00  6.28506017e-05  8.67285640e-01  1.57107503e+00]","[ 0.          0.15282487  0.3658712  -0.18177561  0.28927439  0.
 -0.68118581  0.        ]","[ 0.          0.58625239 15.14047432 -1.81605339 -1.17597938  0.3454138
 -3.81264496 -0.54729748]"
1749055016.14931,"[ 0.00000000e+00  5.19072201e-01  1.08302013e+00 -2.86918749e+00
 -2.03399994e+00  6.28506017e-05  8.65881555e-01  1.57107503e+00]","[ 0.          0.1504443   0.35724672 -0.1780456   0.28439431  0.
 -0.68604761  0.        ]","[ 0.          0.55369204 15.10035706 -1.83617866 -1.26638258  0.32994938
 -3.60211635 -0.53782201]"
1749055016.1504283,"[ 0.00000000e+00  5.19220039e-01  1.08345043e+00 -2.86936166e+00
 -2.03372456e+00  6.28506017e-05  8.65209905e-01  1.57107503e+00]","[ 0.          0.14990409  0.35479541 -0.17664375  0.27928078  0.
 -0.68118581  0.        ]","[ 0.          0.53836232 15.16453934 -1.84727001 -1.27414918  0.2979162
 -3.58849835 -0.54268557]"
1749055016.152107,"[ 0.00000000e+00  5.19531396e-01  1.08414059e+00 -2.86970202e+00
 -2.03316344e+00  6.28506017e-05  8.63868538e-01  1.57107503e+00]","[ 0.          0.15287517  0.34807272 -0.17205209  0.27144797  0.
 -0.68118581  0.        ]","[ 0.          0.50748384 15.04772186 -1.87174714 -1.14771378  0.28814059
 -3.71938753 -0.56796849]"
1749055016.1538374,"[ 0.00000000e+00  5.19680633e-01  1.08447854e+00 -2.86988364e+00
 -2.03289925e+00  6.28506017e-05  8.63141761e-01  1.57107503e+00]","[ 0.00000000e+00  1.51101335e-01  3.42753693e-01 -1.71024094e-01
  2.67936692e-01  0.00000000e+00 -6.84347112e-01  1.05819570e-05]","[ 0.          0.55123973 14.95708942 -1.87471473 -1.06022823  0.28719801
 -3.93845868 -0.57958037]"
1749055016.1554961,"[ 0.00000000e+00  5.19979107e-01  1.08516637e+00 -2.87021814e+00
 -2.03238047e+00  6.28506017e-05  8.61778556e-01  1.57107503e+00]","[ 0.00000000e+00  1.50444300e-01  3.33937997e-01 -1.68810924e-01
  2.62268753e-01  0.00000000e+00 -6.92907577e-01  1.05819570e-05]","[ 0.          0.48821011 14.92622375 -1.89478207 -0.95071048  0.28818646
 -3.96861863 -0.5763368 ]"
1749055016.1566467,"[ 0.00000000e+00  5.20139363e-01  1.08549241e+00 -2.87038512e+00
 -2.03206541e+00  6.28506017e-05  8.61041259e-01  1.57107503e+00]","[ 0.00000000e+00  1.50962618e-01  3.30264333e-01 -1.69351113e-01
  2.59729546e-01  0.00000000e+00 -6.94127105e-01  1.05819570e-05]","[ 0.          0.47559649 14.90641022 -1.91894162 -0.93453801  0.28850657
 -3.77569818 -0.55623913]"
1749055016.1583009,"[ 0.00000000e+00  5.20438735e-01  1.08613250e+00 -2.87073585e+00
 -2.03156368e+00  6.28506017e-05  8.59574390e-01  1.57107503e+00]","[ 0.00000000e+00  1.51794789e-01  3.23576769e-01 -1.72592280e-01
  2.52976901e-01  0.00000000e+00 -6.89660452e-01  1.05819570e-05]","[ 0.          0.47188094 14.93967533 -1.94247663 -0.91928279  0.27469006
 -3.42270422 -0.5404579 ]"
1749055016.1594574,"[ 0.00000000e+00  5.20590269e-01  1.08647279e+00 -2.87090763e+00
 -2.03129896e+00  6.28506017e-05  8.59002610e-01  1.57107503e+00]","[ 0.00000000e+00  1.53529755e-01  3.20482076e-01 -1.74036362e-01
  2.49263855e-01  0.00000000e+00 -6.85588345e-01  1.05819570e-05]","[ 0.          0.4830811  14.93799686 -1.94601429 -0.87792867  0.28061843
 -3.4707284  -0.5404579 ]"
1749055016.1610909,"[ 0.00000000e+00  5.20751457e-01  1.08678458e+00 -2.87107860e+00
 -2.03105581e+00  6.28506017e-05  8.58173102e-01  1.57107503e+00]","[ 0.00000000e+00  1.51714911e-01  3.16284135e-01 -1.73402580e-01
  2.46598996e-01  0.00000000e+00 -6.83339905e-01  1.05899522e-05]","[ 0.          0.46328279 14.88143158 -1.94294298 -0.79252988  0.26173303
 -3.38684678 -0.56527841]"
1749055016.1628432,"[ 0.00000000e+00  5.21049931e-01  1.08739344e+00 -2.87143493e+00
 -2.03058177e+00  6.28506017e-05  8.56920217e-01  1.57107503e+00]","[ 0.00000000e+00  1.50444300e-01  3.06830745e-01 -1.73782546e-01
  2.37955874e-01  0.00000000e+00 -6.88275608e-01  1.05899522e-05]","[ 0.          0.42794338 14.90599442 -1.92368472 -0.7115345   0.28165224
 -3.6851728  -0.57754403]"
1749055016.163954,"[ 0.00000000e+00  5.21356194e-01  1.08800603e+00 -2.87160618e+00
 -2.03010293e+00  6.28506017e-05  8.55402881e-01  1.57107503e+00]","[ 0.00000000e+00  1.49207229e-01  2.97492438e-01 -1.73672674e-01
  2.32851076e-01  0.00000000e+00 -6.89701664e-01  1.05502015e-05]","[ 0.          0.4444803  15.0320673  -1.91040587 -0.76103038  0.29352906
 -3.65953636 -0.58381057]"
1749055016.1656067,"[ 0.00000000e+00  5.21500837e-01  1.08829485e+00 -2.87177742e+00
 -2.02987417e+00  6.28506017e-05  8.54726505e-01  1.57107503e+00]","[ 0.00000000e+00  1.46514323e-01  2.92489024e-01 -1.73672674e-01
  2.32013729e-01  0.00000000e+00 -6.86047607e-01  1.05581490e-05]","[ 0.          0.495352   15.12916756 -1.90019822 -0.83660066  0.29171184
 -3.54673529 -0.56139314]"
1749055016.167343,"[ 0.00000000e+00  5.21798878e-01  1.08888628e+00 -2.87213188e+00
 -2.02941051e+00  6.28506017e-05  8.53382341e-01  1.57107503e+00]","[ 0.00000000e+00  1.44944174e-01  2.86628338e-01 -1.71068302e-01
  2.25190077e-01  0.00000000e+00 -6.80105429e-01  1.05581490e-05]","[ 0.          0.5396356  15.18400288 -1.9228977  -0.86524796  0.30054152
 -3.54486203 -0.58893901]"
1749055016.1684856,"[ 0.00000000e+00  5.21940292e-01  1.08916458e+00 -2.87230046e+00
 -2.02919266e+00  6.28506017e-05  8.52652635e-01  1.57107503e+00]","[ 0.00000000e+00  1.43421761e-01  2.82251866e-01 -1.70971696e-01
  2.20939739e-01  0.00000000e+00 -6.87105548e-01  1.05581490e-05]","[ 0.          0.54502863 15.09796619 -1.91152728 -0.84629434  0.28939259
 -3.7412653  -0.56227225]"
1749055016.1702747,"[ 0.00000000e+00  5.22220856e-01  1.08944055e+00 -2.87264667e+00
 -2.02876656e+00  6.28506017e-05  8.51291360e-01  1.57107503e+00]","[ 0.00000000e+00  1.40848032e-01  2.79537472e-01 -1.69017935e-01
  2.13917199e-01  0.00000000e+00 -6.90209329e-01  1.05580444e-05]","[ 0.          0.58730054 15.14024925 -1.89424598 -0.80513823  0.31562239
 -3.90698242 -0.59734905]"
1749055016.1719668,"[ 0.00000000e+00  5.22359074e-01  1.08971332e+00 -2.87281339e+00
 -2.02854392e+00  6.28506017e-05  8.50609258e-01  1.57107503e+00]","[ 0.00000000e+00  1.40322907e-01  2.76579815e-01 -1.69081018e-01
  2.09642426e-01  0.00000000e+00 -6.91719608e-01  1.05580444e-05]","[ 0.          0.63479626 15.07050323 -1.89219475 -0.82096481  0.30681282
 -3.80036569 -0.58528233]"
1749055016.1730883,"[ 0.00000000e+00  5.22644232e-01  1.09026939e+00 -2.87315214e+00
 -2.02814577e+00  6.28506017e-05  8.49207037e-01  1.57107503e+00]","[ 0.00000000e+00  1.38830105e-01  2.70328394e-01 -1.72957066e-01
  1.99331932e-01 -1.05820616e-05 -6.81185807e-01  1.05661077e-05]","[ 0.          0.74669105 15.1067524  -1.86517191 -1.03178608  0.28840771
 -3.45190716 -0.60817122]"
1749055016.1748276,"[ 0.00000000e+00  5.22782916e-01  1.09053204e+00 -2.87333696e+00
 -2.02795349e+00  6.28506017e-05  8.48539249e-01  1.57107503e+00]","[ 0.00000000e+00  1.40720783e-01  2.66316109e-01 -1.74033316e-01
  1.94812797e-01 -1.05819570e-05 -6.77404451e-01  1.05581490e-05]","[ 0.          0.78931057 15.18968964 -1.86451483 -1.14030182  0.25196415
 -3.5571835  -0.62530857]"
1749055016.1765149,"[ 0.00000000e+00  5.23074965e-01  1.09107067e+00 -2.87367812e+00
 -2.02756174e+00  6.28506017e-05  8.47871395e-01  1.57107503e+00]","[ 0.00000000e+00  1.42687261e-01  2.63053054e-01 -1.72322185e-01
  1.90584030e-01 -1.05820616e-05 -6.77404451e-01  1.05580444e-05]","[ 0.          0.85866541 15.18619823 -1.79634345 -1.16546881  0.24409726
 -3.59339547 -0.57780796]"
1749055016.1776798,"[ 0.00000000e+00  5.23217311e-01  1.09132733e+00 -2.87384802e+00
 -2.02756174e+00  6.28506017e-05  8.47144619e-01  1.57107503e+00]","[ 0.00000000e+00  1.44085920e-01  2.60110161e-01 -1.72322185e-01
  1.90584030e-01 -1.05819570e-05 -6.84347112e-01  1.05660030e-05]","[ 0.          0.90303731 15.03356647 -1.78044033 -1.16546881  0.26693228
 -3.84505773 -0.6006791 ]"
1749055016.1794133,"[ 0.00000000e+00  5.23513022e-01  1.09183752e+00 -2.87419956e+00
 -2.02719210e+00  6.28506017e-05  8.45761373e-01  1.57107503e+00]","[ 0.00000000e+00  1.44944174e-01  2.58483286e-01 -1.72189310e-01
  1.86637359e-01 -1.05820616e-05 -7.06304876e-01  1.05580444e-05]","[ 0.          0.97996932 14.97144604 -1.771788   -1.22131968  0.29699168
 -4.09031343 -0.61484653]"
1749055016.1805394,"[ 0.00000000e+00  5.23659030e-01  1.09210983e+00 -2.87436814e+00
 -2.02701074e+00  6.28506017e-05  8.45058365e-01  1.57107503e+00]","[ 0.00000000e+00  1.48013417e-01  2.56285363e-01 -1.70971696e-01
  1.83936381e-01 -1.05819570e-05 -7.13057321e-01  1.05580444e-05]","[ 0.          1.00107753 15.05580616 -1.75351584 -1.2461493   0.31401944
 -3.94710851 -0.65119386]"
1749055016.1822956,"[ 0.00000000e+00  5.23954774e-01  1.09260937e+00 -2.87469917e+00
 -2.02663683e+00  6.28506017e-05  8.43582907e-01  1.57107503e+00]","[ 0.00000000e+00  1.50984489e-01  2.52555090e-01 -1.66650135e-01
  1.81960149e-01 -1.05819570e-05 -7.21700477e-01  1.05581490e-05]","[ 0.          1.04241049 15.08614635 -1.79654253 -1.42757785  0.28502515
 -3.64926243 -0.6174016 ]"
1749055016.1840017,"[ 0.00000000e+00  5.24104011e-01  1.09285645e+00 -2.87487414e+00
 -2.02645919e+00  6.28506017e-05  8.42865651e-01  1.57107503e+00]","[ 0.00000000e+00  1.51254584e-01  2.50650463e-01 -1.64754880e-01
  1.79972482e-01 -1.05979587e-05 -7.26635514e-01  1.05580444e-05]","[ 0.          1.08415222 14.98472786 -1.79244435 -1.45218945  0.27432695
 -3.73012662 -0.59699655]"
1749055016.1851943,"[ 0.00000000e+00  5.24413037e-01  1.09336198e+00 -2.87519931e+00
 -2.02611245e+00  6.28506017e-05  8.41347316e-01  1.57107503e+00]","[ 0.00000000e+00  1.50831507e-01  2.46328902e-01 -1.65299662e-01
  1.73672674e-01 -1.05978530e-05 -7.48710190e-01  1.05661077e-05]","[ 0.          1.09060979 14.91434765 -1.7887361  -1.42946303  0.30079931
 -3.89403033 -0.56377655]"
1749055016.1874275,"[ 0.00000000e+00  5.24712410e-01  1.09384189e+00 -2.87553088e+00
 -2.02576065e+00  6.28506017e-05  8.39850953e-01  1.57107503e+00]","[ 0.00000000e+00  1.52334978e-01  2.43087735e-01 -1.68370054e-01
  1.70701602e-01 -1.05979587e-05 -7.61134702e-01  1.05581490e-05]","[ 0.          1.08200526 14.85771275 -1.79662347 -1.51677883  0.3487463
 -3.89562392 -0.58364081]"
1749055016.1885495,"[ 0.00000000e+00  5.24874064e-01  1.09408204e+00 -2.87571490e+00
 -2.02559500e+00  6.28506017e-05  8.39036625e-01  1.57107503e+00]","[ 0.00000000e+00  1.52216451e-01  2.43381082e-01 -1.73281006e-01
  1.67830415e-01 -1.05979587e-05 -7.66849979e-01  1.05581490e-05]","[ 0.          1.070328   14.88605785 -1.81435835 -1.50998783  0.3762027
 -3.6807754  -0.62407446]"
1749055016.1902268,"[ 0.00000000e+00  5.25175300e-01  1.09457752e+00 -2.87606111e+00
 -2.02526024e+00  6.28506017e-05  8.37530674e-01  1.57107503e+00]","[ 0.00000000e+00  1.52334978e-01  2.41197040e-01 -1.75833463e-01
  1.62247197e-01 -1.05979587e-05 -7.64105791e-01  1.05580444e-05]","[ 0.          1.06046259 14.831357   -1.83340061 -1.55460763  0.39326546
 -3.67082334 -0.59778011]"
1749055016.1919386,"[ 0.00000000e+00  5.25326368e-01  1.09481534e+00 -2.87623715e+00
 -2.02510471e+00  6.28506017e-05  8.36770607e-01  1.57107503e+00]","[ 0.00000000e+00  1.52990099e-01  2.41197040e-01 -1.78353546e-01
  1.57736934e-01 -1.06060839e-05 -7.70858169e-01  1.05581490e-05]","[ 0.          1.03392363 14.69625854 -1.80931091 -1.52266502  0.3680495
 -3.77888155 -0.58067173]"
1749055016.1931608,"[ 0.00000000e+00  5.25641820e-01  1.09530210e+00 -2.87660573e+00
 -2.02478487e+00  6.28506017e-05  8.35162924e-01  1.57107503e+00]","[ 0.00000000e+00  1.54225656e-01  2.36976196e-01 -1.79972482e-01
  1.54974903e-01 -1.05979587e-05 -7.91115504e-01  1.05581490e-05]","[ 0.          0.98272055 14.55798054 -1.78101635 -1.45771098  0.39517215
 -4.14120817 -0.52979988]"
1749055016.1948953,"[ 0.00000000e+00  5.25793820e-01  1.09553353e+00 -2.87678443e+00
 -2.02463386e+00  6.28506017e-05  8.34374295e-01  1.57107503e+00]","[ 0.00000000e+00  1.54225656e-01  2.34476886e-01 -1.81235403e-01
  1.52990099e-01 -1.05979587e-05 -7.99758594e-01  1.05581490e-05]","[ 0.          0.97323161 14.57475853 -1.8132441  -1.4588598   0.37222454
 -4.01801872 -0.50495672]"
1749055016.1960783,"[ 0.00000000e+00  5.26112034e-01  1.09598307e+00 -2.87715141e+00
 -2.02433639e+00  6.28506017e-05  8.32737050e-01  1.57107503e+00]","[ 0.00000000e+00  1.55831243e-01  2.26652003e-01 -1.79048681e-01
  1.49363906e-01 -1.05979587e-05 -7.97192904e-01  1.05580444e-05]","[ 0.          0.94900423 14.57281876 -1.83429515 -1.52426767  0.44799465
 -3.66646123 -0.54591161]"
1749055016.1978698,"[ 0.00000000e+00  5.26267230e-01  1.09622229e+00 -2.87732478e+00
 -2.02419125e+00  6.28506017e-05  8.31947490e-01  1.57107503e+00]","[ 0.00000000e+00  1.57466823e-01  2.25190077e-01 -1.75833463e-01
  1.47203117e-01 -1.05980643e-05 -8.00027573e-01  1.05662123e-05]","[ 0.          0.92554575 14.61891651 -1.82379842 -1.58678067  0.45105883
 -3.40788817 -0.53481758]"
1749055016.1990552,"[ 0.00000000e+00  5.26578553e-01  1.09666084e+00 -2.87767073e+00
 -2.02389643e+00  6.28506017e-05  8.30350259e-01  1.57107503e+00]","[ 0.00000000e+00  1.57466823e-01  2.22020133e-01 -1.75563352e-01
  1.42611461e-01 -1.06059783e-05 -8.15154195e-01  1.05581490e-05]","[ 0.          0.88968319 14.6227684  -1.8583281  -1.47021532  0.46856156
 -3.65417981 -0.5110178 ]"
1749055016.2008777,"[ 0.00000000e+00  5.26743869e-01  1.09687662e+00 -2.87785662e+00
 -2.02375635e+00  6.28506017e-05  8.29476009e-01  1.57107503e+00]","[ 0.00000000e+00  1.55727213e-01  2.18778950e-01 -1.75036379e-01
  1.42071272e-01 -1.05979587e-05 -8.23272841e-01  1.05581490e-05]","[ 0.          0.82105088 14.68308258 -1.89254117 -1.4488343   0.48175392
 -3.89177299 -0.47876599]"
1749055016.2026744,"[ 0.00000000e+00  5.27046937e-01  1.09731977e+00 -2.87820336e+00
 -2.02347113e+00  6.39158662e-05  8.27848285e-01  1.57107503e+00]","[ 0.00000000e+00  1.52875167e-01  2.14779747e-01 -1.76103558e-01
  1.38293969e-01  0.00000000e+00 -8.24877662e-01  1.05580444e-05]","[ 0.          0.76588428 14.65791702 -1.97165513 -1.55391812  0.46200991
 -3.9780035  -0.46014637]"
1749055016.2038047,"[ 0.00000000e+00  5.27198937e-01  1.09753010e+00 -2.87839244e+00
 -2.02333664e+00  6.39158662e-05  8.27036820e-01  1.57107596e+00]","[ 0.00000000e+00  1.54069395e-01  2.13377011e-01 -1.78045601e-01
  1.36399221e-01  0.00000000e+00 -8.22153182e-01  1.84765781e-05]","[ 0.          0.68922251 14.64919376 -1.97134578 -1.6952033   0.47548977
 -3.68229675 -0.46839717]"
1749055016.2055817,"[ 0.00000000e+00  5.27513955e-01  1.09795807e+00 -2.87874664e+00
 -2.02307591e+00  6.39158662e-05  8.25337790e-01  1.57107596e+00]","[ 0.00000000e+00  1.52968761e-01  2.07134744e-01 -1.80067540e-01
  1.30727179e-01  0.00000000e+00 -8.31630107e-01  1.84906892e-05]","[ 0.          0.56807923 14.75654602 -2.05523062 -1.82086718  0.52221256
 -3.69079518 -0.47077391]"
1749055016.2074034,"[ 0.00000000e+00  5.27812862e-01  1.09835568e+00 -2.87910138e+00
 -2.02282158e+00  6.39158662e-05  8.23689227e-01  1.57107596e+00]","[ 0.00000000e+00  1.50444300e-01  1.99872137e-01 -1.79074630e-01
  1.21690541e-01  1.06059783e-05 -8.40273263e-01  1.84767610e-05]","[ 0.          0.46902579 14.85575104 -2.10464692 -1.78654587  0.55434144
 -3.80631447 -0.44596228]"
1749055016.2085993,"[ 0.00000000e+00  5.27960268e-01  1.09855268e+00 -2.87929126e+00
 -2.02270494e+00  6.39158662e-05  8.22793073e-01  1.57107596e+00]","[ 0.00000000e+00  1.49482400e-01  1.99669621e-01 -1.78797911e-01
  1.18302692e-01  1.05979587e-05 -8.43042019e-01  1.84767610e-05]","[ 0.          0.37995598 14.97239494 -2.18685555 -1.81115913  0.58670211
 -3.78477192 -0.41625729]"
1749055016.2103965,"[ 0.00000000e+00  5.28271159e-01  1.09895908e+00 -2.87964386e+00
 -2.02247218e+00  6.39158662e-05  8.21124469e-01  1.57107596e+00]","[ 0.00000000e+00  1.51794789e-01  1.98608617e-01 -1.78534425e-01
  1.12090453e-01  1.06059783e-05 -8.47025708e-01  1.84765781e-05]","[ 0.          0.2921868  15.22354794 -2.3117156  -1.92606711  0.59328669
 -3.62669873 -0.39987522]"
1749055016.212108,"[ 0.00000000e+00  5.28581550e-01  1.09935123e+00 -2.88001058e+00
 -2.02225566e+00  6.39158662e-05  8.19398808e-01  1.57107596e+00]","[ 0.00000000e+00  1.49708768e-01  1.98791743e-01 -1.79130773e-01
  1.09119380e-01  1.06059783e-05 -8.42080485e-01  1.84767610e-05]","[ 0.          0.12005541 15.44136143 -2.45926309 -1.9688679   0.63641286
 -3.59806633 -0.41134384]"
1749055016.2138488,"[ 0.00000000e+00  5.28731253e-01  1.09956202e+00 -2.88018661e+00
 -2.02215100e+00  6.39158662e-05  8.18564506e-01  1.57107596e+00]","[ 0.00000000e+00  1.51794789e-01  1.98608617e-01 -1.78534425e-01
  1.06148308e-01  1.05979587e-05 -8.46215375e-01  1.84906892e-05]","[ 0.          0.03201291 15.53603649 -2.47961974 -1.96678531  0.65187848
 -3.78484058 -0.41477588]"
1749055016.2150102,"[ 0.00000000e+00  5.29024667e-01  1.09995417e+00 -2.88054055e+00
 -2.02193848e+00  6.39158662e-05  8.16884517e-01  1.57107596e+00]","[ 0.00000000e+00  1.47863447e-01  1.98791743e-01 -1.80695214e-01
  1.02366944e-01  1.06059783e-05 -8.52967820e-01  1.84765781e-05]","[ 0.         -0.17009701 15.62237072 -2.58451843 -1.83346701  0.66862404
 -4.13565683 -0.36460674]"
1749055016.2161136,"[ 0.00000000e+00  5.29169310e-01  1.10014652e+00 -2.88072111e+00
 -2.02184074e+00  6.39158662e-05  8.16042625e-01  1.57107596e+00]","[ 0.00000000e+00  1.46662928e-01  1.95010370e-01 -1.83126081e-01
  9.91257769e-02  1.06058726e-05 -8.53778153e-01  1.84767610e-05]","[ 0.         -0.23992668 15.67339134 -2.68236256 -1.83834791  0.70075321
 -4.09401846 -0.34926927]"
1749055016.2178702,"[ 0.00000000e+00  5.29458596e-01  1.10054100e+00 -2.88110860e+00
 -2.02164873e+00  6.49811306e-05  8.14297922e-01  1.57107596e+00]","[ 0.00000000e+00  1.40180594e-01  1.91085570e-01 -1.90958920e-01
  9.21032375e-02  2.12119566e-05 -8.50807064e-01  1.84767610e-05]","[ 0.         -0.32248685 15.76494503 -2.78874803 -1.9704963   0.66149318
 -3.70586658 -0.35191306]"
1749055016.2196195,"[ 0.00000000e+00  5.29593618e-01  1.10072969e+00 -2.88129928e+00
 -2.02155791e+00  6.49811306e-05  8.13462688e-01  1.57107689e+00]","[ 0.00000000e+00  1.36939419e-01  1.91035253e-01 -1.93389787e-01
  9.21032375e-02  2.12119566e-05 -8.47025708e-01  2.63953720e-05]","[ 0.         -0.41426745 15.80138493 -2.84492493 -2.03578615  0.64899081
 -3.74417758 -0.35005638]"
1749055016.2207825,"[ 0.00000000e+00  5.29735498e-01  1.10091704e+00 -2.88149076e+00
 -2.02147056e+00  6.49811306e-05  8.12563672e-01  1.57107689e+00]","[ 0.00000000e+00  1.33659586e-01  1.90148620e-01 -1.94200087e-01
  8.85919761e-02  2.11959173e-05 -8.46594343e-01  2.63953720e-05]","[ 0.         -0.45382354 15.82737255 -2.90318203 -2.0575633   0.68748754
 -3.58458734 -0.33584216]"
1749055016.221954,"[ 0.00000000e+00  5.29988065e-01  1.10128669e+00 -2.88189157e+00
 -2.02129426e+00  6.49811306e-05  8.10905587e-01  1.57107689e+00]","[ 0.00000000e+00  1.25865421e-01  1.86637359e-01 -1.96090765e-01
  8.55341512e-02  2.12119566e-05 -8.41353641e-01  2.63953720e-05]","[ 0.         -0.49339229 15.90038681 -2.99454331 -2.02844071  0.70351952
 -3.92467856 -0.3663986 ]"
1749055016.223746,"[ 0.00000000e+00  5.30108374e-01  1.10148556e+00 -2.88208811e+00
 -2.02121117e+00  6.49811306e-05  8.10073150e-01  1.57107689e+00]","[ 0.00000000e+00  1.22084056e-01  1.87324038e-01 -1.99331932e-01
  8.42704147e-02  2.12121679e-05 -8.44324730e-01  2.63953720e-05]","[ 0.         -0.55299592 15.92909431 -3.0339458  -2.02359056  0.6675511
 -4.06126833 -0.35189256]"
1749055016.2255886,"[ 0.00000000e+00  5.30347126e-01  1.10185654e+00 -2.88248173e+00
 -2.02104898e+00  6.49811306e-05  8.08346556e-01  1.57107689e+00]","[ 0.00000000e+00  1.15102721e-01  1.87797382e-01 -1.99872137e-01
  7.70584829e-02  2.11959173e-05 -8.43244353e-01  2.64152697e-05]","[ 0.         -0.56921244 15.9498167  -3.10381675 -2.17743397  0.6459257
 -4.05505896 -0.35818738]"
1749055016.2267041,"[ 0.00000000e+00  5.30566171e-01  1.10224276e+00 -2.88288839e+00
 -2.02090943e+00  6.49811306e-05  8.06691268e-01  1.57107689e+00]","[ 0.00000000e+00  1.10627762e-01  1.88528036e-01 -1.98251554e-01
  6.93447200e-02  2.12119566e-05 -8.35681574e-01  2.63953720e-05]","[ 0.         -0.5544498  15.86201668 -3.15257812 -2.37534547  0.60402882
 -3.7176981  -0.34892687]"
1749055016.228484,"[ 0.00000000e+00  5.30698863e-01  1.10242599e+00 -2.88308680e+00
 -2.02084472e+00  6.49811306e-05  8.05870282e-01  1.57107689e+00]","[ 0.00000000e+00  1.09336703e-01  1.85827058e-01 -2.01222626e-01
  6.56336883e-02  2.11959173e-05 -8.32710485e-01  2.63951099e-05]","[ 0.         -0.5544498  15.80246449 -3.09286952 -2.39469838  0.60393167
 -3.681988   -0.32913399]"
1749055016.2296228,"[ 0.00000000e+00  5.30804491e-01  1.10260735e+00 -2.88328787e+00
 -2.02078400e+00  6.49811306e-05  8.04982717e-01  1.57107689e+00]","[ 0.00000000e+00  1.07228694e-01  1.83936381e-01 -2.03716976e-01
  6.15822255e-02  2.11959173e-05 -8.35811270e-01  2.63951099e-05]","[ 0.         -0.57824916 15.69363499 -3.12440491 -2.37251544  0.61110312
 -3.69377685 -0.34911418]"
1749055016.2314386,"[ 0.00000000e+00  5.31009754e-01  1.10297926e+00 -2.88371397e+00
 -2.02067561e+00  6.49811306e-05  8.03329360e-01  1.57107689e+00]","[ 0.00000000e+00  1.02907141e-01  1.81054824e-01 -2.09140903e-01
  4.99174051e-02  2.12119566e-05 -8.40273263e-01  2.63953720e-05]","[ 0.         -0.5740205  15.54634476 -3.0988605  -2.30315304  0.62791479
 -3.82500005 -0.35232362]"
1749055016.2325304,"[ 0.00000000e+00  5.31115814e-01  1.10315742e+00 -2.88392250e+00
 -2.02063167e+00  6.49811306e-05  8.02438932e-01  1.57107689e+00]","[ 0.00000000e+00  9.98058484e-02  1.80512138e-01 -2.11486316e-01
  4.45660825e-02  2.11959173e-05 -8.37780878e-01  1.84767610e-05]","[ 0.         -0.57633448 15.5157547  -3.09977436 -2.29006886  0.61392796
 -3.7962265  -0.37687221]"
1749055016.234232,"[ 0.00000000e+00  5.31303634e-01  1.10350643e+00 -2.88436165e+00
 -2.02055683e+00  6.49811306e-05  8.00796960e-01  1.57107689e+00]","[ 0.00000000e+00  9.50743100e-02  1.76103558e-01 -2.15410101e-01
  3.61930625e-02  2.11959173e-05 -8.31630107e-01  1.84767610e-05]","[ 0.         -0.58365875 15.37830353 -3.07601023 -2.32672167  0.55162966
 -3.70092082 -0.34904438]"
1749055016.2360451,"[ 0.00000000e+00  5.31395945e-01  1.10369145e+00 -2.88457684e+00
 -2.02052407e+00  6.49811306e-05  7.99977905e-01  1.57107689e+00]","[ 0.00000000e+00  9.37238210e-02  1.74284086e-01 -2.18017635e-01
  3.08445195e-02  2.12119566e-05 -8.30819841e-01  1.84767610e-05]","[ 0.         -0.6042918  15.29866123 -3.07542968 -2.31580305  0.53862041
 -3.54638362 -0.3385022 ]"
1749055016.2371874,"[ 0.00000000e+00  5.31579138e-01  1.10403081e+00 -2.88500933e+00
 -2.02047560e+00  6.49811306e-05  7.98263628e-01  1.57107689e+00]","[ 0.00000000e+00  8.85919761e-02  1.71781996e-01 -2.19319155e-01
  2.21479940e-02  2.11959173e-05 -8.39462930e-01  1.84767610e-05]","[ 0.         -0.62045288 15.02715969 -2.9803381  -2.14394903  0.50144392
 -3.71448922 -0.37238774]"
1749055016.239003,"[ 0.00000000e+00  5.31749047e-01  1.10438028e+00 -2.88546074e+00
 -2.02044391e+00  6.49811306e-05  7.96606476e-01  1.57107689e+00]","[ 0.00000000e+00  8.53508009e-02  1.70362132e-01 -2.20927006e-01
  1.27771603e-02  2.12119566e-05 -8.39421851e-01  1.84767610e-05]","[ 0.         -0.65819746 14.75322819 -2.86924124 -2.00004506  0.50364983
 -3.67067266 -0.34346724]"
1749055016.24075,"[ 0.00000000e+00  5.31828476e-01  1.10454560e+00 -2.88568018e+00
 -2.02043592e+00  6.49811306e-05  7.95720842e-01  1.57107796e+00]","[ 0.00000000e+00  8.04890505e-02  1.67730529e-01 -2.22560322e-01
  8.10292405e-03  2.12117453e-05 -8.34055914e-01  2.90346225e-05]","[ 0.         -0.59506172 14.62436676 -2.77798152 -1.95218158  0.47402993
 -3.65987563 -0.37731779]"
1749055016.2418969,"[ 0.00000000e+00  5.31980942e-01  1.10486424e+00 -2.88612387e+00
 -2.02043512e+00  6.49811306e-05  7.94083597e-01  1.57107796e+00]","[ 0.00000000e+00  7.25826079e-02  1.60167801e-01 -2.25033067e-01
 -1.89068235e-03  2.12121679e-05 -8.27848751e-01  2.90784288e-05]","[ 0.         -0.52649277 14.2541275  -2.69024086 -1.99668133  0.4471657
 -3.3388505  -0.35431674]"
1749055016.2436857,"[ 0.00000000e+00  5.32049818e-01  1.10503096e+00 -2.88634837e+00
 -2.02044018e+00  6.49811306e-05  7.93265474e-01  1.57107796e+00]","[ 0.00000000e+00  6.99552497e-02  1.56981062e-01 -2.27692167e-01
 -3.38096623e-03  2.12117453e-05 -8.29739463e-01  2.90349090e-05]","[ 0.         -0.522874   14.11327076 -2.65615773 -2.02002573  0.46193388
 -3.38697886 -0.34634978]"
1749055016.2454572,"[ 0.00000000e+00  5.32180679e-01  1.10532896e+00 -2.88682055e+00
 -2.02044737e+00  6.49811306e-05  7.91565512e-01  1.57107796e+00]","[ 0.00000000e+00  6.21905789e-02  1.49093811e-01 -2.30663240e-01
 -3.51113291e-03  2.11959173e-05 -8.29739463e-01  2.90787152e-05]","[ 0.         -0.44915235 13.79082108 -2.54510736 -1.97960627  0.42798164
 -3.64266539 -0.34073111]"
1749055016.2465558,"[ 0.00000000e+00  5.32237637e-01  1.10547131e+00 -2.88704825e+00
 -2.02044791e+00  6.49811306e-05  7.90751184e-01  1.57107796e+00]","[ 0.00000000e+00  5.78008613e-02  1.44232044e-01 -2.30933334e-01
 -3.17910304e-03  2.12119566e-05 -8.25121208e-01  2.90784288e-05]","[ 0.         -0.38073015 13.65660667 -2.49097562 -2.01368308  0.38869908
 -3.68682265 -0.33995456]"
1749055016.248331,"[ 0.00000000e+00  5.32346461e-01  1.10575187e+00 -2.88751856e+00
 -2.02044418e+00  6.49811306e-05  7.89061674e-01  1.57107796e+00]","[ 0.00000000e+00  5.45044088e-02  1.33968346e-01 -2.29202379e-01
  1.32495580e-04  2.11959173e-05 -8.23272841e-01  2.90784288e-05]","[ 0.         -0.26838768 13.49213314 -2.34346652 -2.16810369  0.38187137
 -3.6059742  -0.36721885]"
1749055016.250136,"[ 0.00000000e+00  5.32399724e-01  1.10600441e+00 -2.88796757e+00
 -2.02044338e+00  6.39158662e-05  7.87437812e-01  1.57107796e+00]","[ 0.00000000e+00  5.40194971e-02  1.26135523e-01 -2.25801489e-01
  2.22226391e-04  1.05979587e-05 -8.23797284e-01  2.90787152e-05]","[ 0.         -0.2256273  13.36598969 -2.24293613 -2.430197    0.34520563
 -3.51268649 -0.38198206]"
1749055016.2517366,"[ 0.00000000e+00  5.32454818e-01  1.10613164e+00 -2.88818888e+00
 -2.02044578e+00  6.39158662e-05  7.86628211e-01  1.57107796e+00]","[ 0.00000000e+00  5.19090710e-02  1.19754564e-01 -2.24451000e-01
  2.66582685e-04  1.06059783e-05 -8.20264402e-01  2.90787152e-05]","[ 0.         -0.14907303 13.35508633 -2.15428662 -2.55844307  0.37898973
 -3.63997102 -0.36413404]"
1749055016.2535357,"[ 0.00000000e+00  5.32552623e-01  1.10635615e+00 -2.88864748e+00
 -2.02044924e+00  6.39158662e-05  7.84956811e-01  1.57107796e+00]","[ 0.00000000e+00  4.83474467e-02  1.12360547e-01 -2.23370606e-01
 -2.31809594e-04  1.05819570e-05 -8.14328282e-01  2.91006692e-05]","[ 0.         -0.0992391  13.49211884 -1.99646866 -2.81610203  0.3244887
 -3.67974067 -0.36368084]"
1749055016.255388,"[ 0.00000000e+00  5.32649063e-01  1.10657566e+00 -2.88909622e+00
 -2.02045057e+00  6.39158662e-05  7.83356717e-01  1.57107796e+00]","[ 0.00000000e+00  4.64096974e-02  1.05824293e-01 -2.28232373e-01
 -3.19132556e-04  1.05900569e-05 -8.11372839e-01  2.90784288e-05]","[ 0.          0.01573158 13.65098286 -1.88372827 -3.1990943   0.32935405
 -3.8592701  -0.34948099]"
1749055016.2564821,"[ 0.00000000e+00  5.32694070e-01  1.10667806e+00 -2.88932179e+00
 -2.02045110e+00  6.39158662e-05  7.82493853e-01  1.57107796e+00]","[ 0.00000000e+00  4.56464729e-02  1.03717433e-01 -2.28772562e-01
 -3.16728754e-04  1.05820616e-05 -8.12489835e-01  2.90787152e-05]","[ 0.          0.06882543 13.75295639 -1.8069365  -3.31992054  0.31312084
 -3.83529305 -0.37414226]"
1749055016.2582319,"[ 0.00000000e+00  5.32786815e-01  1.10687320e+00 -2.88978678e+00
 -2.02045297e+00  6.39158662e-05  7.80893759e-01  1.57107796e+00]","[ 0.00000000e+00  4.51062798e-02  9.64247990e-02 -2.26611789e-01
 -6.29474404e-04  1.05819570e-05 -8.10292395e-01  2.90784288e-05]","[ 0.          0.12549455 13.94857788 -1.71855497 -3.71840739  0.2473623
 -3.87682629 -0.36276752]"
1749055016.2599933,"[ 0.00000000e+00  5.32830890e-01  1.10696594e+00 -2.89001128e+00
 -2.02045430e+00  6.39158662e-05  7.80100337e-01  1.57107796e+00]","[ 0.00000000e+00  4.48361812e-02  9.39939238e-02 -2.27461471e-01
 -6.88786890e-04  1.05899522e-05 -8.03805134e-01  2.90787152e-05]","[ 0.          0.19979788 14.027174   -1.67797434 -3.87490129  0.25577664
 -3.95634103 -0.34424627]"
1749055016.261128,"[ 0.00000000e+00  5.32914014e-01  1.10714963e+00 -2.89046908e+00
 -2.02045856e+00  6.39158662e-05  7.78458432e-01  1.57107796e+00]","[ 0.00000000e+00  4.15950101e-02  8.85919761e-02 -2.21255523e-01
 -8.91895185e-04  1.05820616e-05 -8.01706763e-01  2.90787152e-05]","[ 0.          0.32436776 14.18424225 -1.57028806 -4.09458017  0.24634796
 -3.881706   -0.36802822]"
1749055016.2628722,"[ 0.00000000e+00  5.32955792e-01  1.10723412e+00 -2.89068506e+00
 -2.02046042e+00  6.39158662e-05  7.76875449e-01  1.57107796e+00]","[ 0.00000000e+00  3.93336118e-02  8.56209037e-02 -2.19049061e-01
 -9.57461353e-04  1.05899522e-05 -8.01649305e-01  2.90567959e-05]","[ 0.          0.35642546 14.24377632 -1.51541328 -4.15978861  0.23000456
 -3.88498235 -0.38911816]"
1749055016.2645652,"[ 0.00000000e+00  5.33034322e-01  1.10740770e+00 -2.89112954e+00
 -2.02046495e+00  6.39158662e-05  7.76086820e-01  1.57107796e+00]","[ 0.00000000e+00  3.99744266e-02  8.47597373e-02 -2.17165490e-01
 -1.10776513e-03  1.05819570e-05 -7.98948327e-01  2.91661490e-05]","[ 0.          0.48426035 14.3968277  -1.49489331 -4.23309422  0.22764388
 -3.76688027 -0.40405518]"
1749055016.2662811,"[ 0.00000000e+00  5.33120642e-01  1.10757121e+00 -2.89155618e+00
 -2.02046761e+00  6.28506017e-05  7.74474343e-01  1.57107889e+00]","[ 0.00000000e+00  4.31321742e-02  8.15694367e-02 -2.16398700e-01
 -1.53884353e-03  0.00000000e+00 -7.84363059e-01  3.70372172e-05]","[ 0.          0.61700696 14.57045746 -1.44927621 -4.16290331  0.22788107
 -3.83509803 -0.40096083]"
1749055016.2673826,"[ 0.00000000e+00  5.33164717e-01  1.10765477e+00 -2.89176817e+00
 -2.02046815e+00  6.28506017e-05  7.73699962e-01  1.57107889e+00]","[ 0.00000000e+00  4.48361812e-02  7.87412928e-02 -2.14997594e-01
 -1.54961646e-03  0.00000000e+00 -7.85443437e-01  3.70368514e-05]","[ 0.          0.64559072 14.62046719 -1.48049438 -4.03853416  0.20153378
 -3.89247918 -0.39892906]"
1749055016.2690644,"[ 0.00000000e+00  5.33254266e-01  1.10780630e+00 -2.89220440e+00
 -2.02046815e+00  6.28506017e-05  7.72082757e-01  1.57107889e+00]","[ 0.00000000e+00  4.51062798e-02  7.63601355e-02 -2.12651649e-01
 -1.37065632e-03  0.00000000e+00 -7.91115504e-01  3.70368514e-05]","[ 0.          0.74386591 14.57995987 -1.467677   -3.85377002  0.16225593
 -4.10225868 -0.39514175]"
1749055016.2702107,"[ 0.00000000e+00  5.33302469e-01  1.10787841e+00 -2.89241159e+00
 -2.02046815e+00  6.28506017e-05  7.71300787e-01  1.57107889e+00]","[ 0.00000000e+00  4.53890909e-02  7.31964166e-02 -2.10135844e-01
 -1.25031031e-03  0.00000000e+00 -7.93006215e-01  3.70372172e-05]","[ 0.          0.74534565 14.59023762 -1.45051622 -3.78308368  0.1316572
 -3.95169497 -0.40060422]"
1749055016.271855,"[ 0.00000000e+00  5.33347477e-01  1.10794772e+00 -2.89261719e+00
 -2.02046868e+00  6.28506017e-05  7.70522611e-01  1.57107889e+00]","[ 0.00000000e+00  4.56464729e-02  7.02253442e-02 -2.08515244e-01
 -1.13008822e-03  0.00000000e+00 -7.88425179e-01  3.70372172e-05]","[ 0.          0.75750339 14.64606285 -1.48672283 -3.7450552   0.11995737
 -3.74770784 -0.42306215]"
1749055016.2730002,"[ 0.00000000e+00  5.33439322e-01  1.10808407e+00 -2.89303344e+00
 -2.02046895e+00  6.28506017e-05  7.68926312e-01  1.57107889e+00]","[ 0.00000000e+00  4.69969619e-02  6.56336883e-02 -2.01558384e-01
 -7.69421764e-04  0.00000000e+00 -7.78365953e-01  3.70089097e-05]","[ 0.          0.78854334 14.6162262  -1.52524173 -3.5018487   0.10226949
 -3.47596049 -0.46929243]"
1749055016.2746859,"[ 0.00000000e+00  5.33490755e-01  1.10814792e+00 -2.89322891e+00
 -2.02046948e+00  6.17853373e-05  7.68155793e-01  1.57107889e+00]","[ 0.00000000e+00  4.83527814e-02  6.48233924e-02 -1.98251554e-01
 -6.29531685e-04 -1.05819570e-05 -7.80600279e-01  3.70368514e-05]","[ 0.          0.78442574 14.61058331 -1.49892879 -3.29825163  0.09206938
 -3.65193486 -0.48191315]"
1749055016.2764335,"[ 0.00000000e+00  5.33585796e-01  1.10827329e+00 -2.89361747e+00
 -2.02046895e+00  6.17853373e-05  7.66606100e-01  1.57107889e+00]","[ 0.00000000e+00  4.80773522e-02  5.96828923e-02 -1.97171159e-01
 -1.92355441e-04 -1.05899522e-05 -7.86253770e-01  3.70372172e-05]","[ 0.          0.73637033 14.57266808 -1.55131996 -2.99293947  0.0832531
 -3.84521365 -0.47737035]"
1749055016.2775426,"[ 0.00000000e+00  5.33632634e-01  1.10832842e+00 -2.89382599e+00
 -2.02046895e+00  6.17853373e-05  7.65774661e-01  1.57107889e+00]","[ 0.00000000e+00  4.75371550e-02  5.59101792e-02 -1.96351705e-01
 -1.20222153e-04 -1.05819570e-05 -7.82162622e-01  3.70092754e-05]","[ 0.          0.74929911 14.55292416 -1.54982054 -2.87752056  0.08972351
 -3.77662277 -0.45960358]"
1749055016.2792945,"[ 0.00000000e+00  5.33726777e-01  1.10843215e+00 -2.89421348e+00
 -2.02047054e+00  6.17853373e-05  7.64249735e-01  1.57107889e+00]","[ 0.00000000e+00  4.50605775e-02  5.21288109e-02 -1.97241200e-01
 -1.98710406e-04 -1.05819570e-05 -7.69777791e-01  3.70372172e-05]","[ 0.          0.73933637 14.50617123 -1.58386683 -2.84293842  0.07758207
 -3.48762512 -0.44665432]"
1749055016.2809784,"[ 0.00000000e+00  5.33817225e-01  1.10853182e+00 -2.89461988e+00
 -2.02047241e+00  6.17853373e-05  7.62666752e-01  1.57107889e+00]","[ 0.00000000e+00  4.61866702e-02  4.76460075e-02 -1.98521648e-01
 -3.01967098e-04 -1.05820616e-05 -7.73871470e-01  3.70368514e-05]","[ 0.          0.70899695 14.31125259 -1.64084566 -2.70764613  0.06619406
 -3.6136415  -0.46659902]"
1749055016.282136,"[ 0.00000000e+00  5.33867292e-01  1.10857496e+00 -2.89481456e+00
 -2.02047321e+00  6.17853373e-05  7.61903756e-01  1.57107889e+00]","[ 0.00000000e+00  4.71444719e-02  4.37114575e-02 -1.97441254e-01
 -3.35166333e-04 -1.05819570e-05 -7.73829258e-01  3.70089097e-05]","[ 0.          0.66871172 14.22486877 -1.6726284  -2.61705709  0.07217169
 -3.64390326 -0.47389483]"
1749055016.2838564,"[ 0.00000000e+00  5.33914131e-01  1.10861397e+00 -2.89500684e+00
 -2.02047401e+00  6.17853373e-05  7.61139895e-01  1.57107889e+00]","[ 0.00000000e+00  4.75371550e-02  3.94342335e-02 -1.95010370e-01
 -3.64294885e-04 -1.05819570e-05 -7.74639592e-01  3.70368514e-05]","[ 0.          0.63121867 14.16562366 -1.68855119 -2.56922555  0.07464173
 -3.6825285  -0.48315713]"
1749055016.2849746,"[ 0.00000000e+00  5.34009638e-01  1.10867782e+00 -2.89540099e+00
 -2.02047694e+00  6.17853373e-05  7.59616833e-01  1.57107889e+00]","[ 0.00000000e+00  4.61413964e-02  2.85876049e-02 -1.91406880e-01
 -4.84718530e-04 -1.05819570e-05 -7.68967525e-01  3.70368514e-05]","[ 0.          0.57068878 14.09312439 -1.79379714 -2.65430999  0.07473902
 -3.44988728 -0.50849855]"
1749055016.2866907,"[ 0.00000000e+00  5.34053714e-01  1.10870033e+00 -2.89558821e+00
 -2.02047907e+00  6.17853373e-05  7.58805368e-01  1.57107889e+00]","[ 0.00000000e+00  4.47907535e-02  2.26881871e-02 -1.89878525e-01
 -5.71164960e-04 -1.05820616e-05 -7.64091477e-01  3.70092754e-05]","[ 0.          0.52893549 14.03953362 -1.82486951 -2.74762797  0.04370728
 -3.33732414 -0.48110783]"
1749055016.2884114,"[ 0.00000000e+00  5.34139134e-01  1.10873382e+00 -2.89595466e+00
 -2.02048386e+00  6.17853373e-05  7.57303279e-01  1.57107889e+00]","[ 0.00000000e+00  4.29019855e-02  1.42938025e-02 -1.84476569e-01
 -7.45028483e-04 -1.05899522e-05 -7.59554049e-01  3.70368514e-05]","[ 0.          0.43988255 13.99968052 -1.86271775 -2.80595398  0.01500141
 -3.41226435 -0.48863479]"
1749055016.2895257,"[ 0.00000000e+00  5.34180913e-01  1.10874347e+00 -2.89614747e+00
 -2.02048652e+00  6.17853373e-05  7.56496541e-01  1.57107889e+00]","[ 0.00000000e+00  4.24053018e-02  9.72350907e-03 -1.81556363e-01
 -8.29532808e-04 -1.05819570e-05 -7.60293609e-01  3.70368514e-05]","[ 0.          0.37242973 13.99738884 -1.88278079 -2.79592156  0.02399542
 -3.64785957 -0.46485278]"
1749055016.2912624,"[ 0.00000000e+00  5.34263571e-01  1.10875133e+00 -2.89650434e+00
 -2.02049212e+00  6.17853373e-05  7.54997314e-01  1.57107889e+00]","[ 0.00000000e+00  3.96641018e-02  2.43087727e-03 -1.80512138e-01
 -1.32619766e-03 -1.05819570e-05 -7.59243991e-01  3.70372172e-05]","[ 0.          0.29099181 13.95958233 -1.93822193 -2.87491608  0.07265531
 -3.88130736 -0.50989908]"
1749055016.2930048,"[ 0.00000000e+00  5.34332447e-01  1.10874760e+00 -2.89687771e+00
 -2.02049931e+00  6.17853373e-05  7.53453346e-01  1.57107889e+00]","[ 0.00000000e+00  3.29185062e-02 -1.82052028e-03 -1.82585892e-01
 -2.66228360e-03 -1.05820616e-05 -7.52305391e-01  3.70368514e-05]","[ 0.          0.18050003 14.03196716 -1.98424971 -3.10912108  0.08440278
 -3.84572983 -0.54396003]"
1749055016.2947512,"[ 0.00000000e+00  5.34360909e-01  1.10874487e+00 -2.89705721e+00
 -2.02050410e+00  6.17853373e-05  7.52715118e-01  1.57107889e+00]","[ 0.00000000e+00  2.89004307e-02 -2.10665353e-03 -1.82045703e-01
 -3.33498509e-03 -1.05820616e-05 -7.48710190e-01  3.70648338e-05]","[ 0.          0.15763047 14.03701115 -2.03497291 -3.25921321  0.061225
 -3.64656734 -0.5261358 ]"
1749055016.2964566,"[ 0.00000000e+00  5.34407281e-01  1.10874440e+00 -2.89742739e+00
 -2.02051449e+00  6.17853373e-05  7.51243455e-01  1.57107889e+00]","[ 0.00000000e+00  2.05274085e-02 -1.45708890e-03 -1.79550221e-01
 -4.79301481e-03 -1.05819570e-05 -7.44983562e-01  3.70368514e-05]","[ 0.          0.12318541 13.99970531 -2.00901937 -3.44706631  0.05713823
 -3.61687398 -0.50993437]"
1749055016.2976263,"[ 0.00000000e+00  5.34423360e-01  1.10874673e+00 -2.89760422e+00
 -2.02052141e+00  6.17853373e-05  7.50454827e-01  1.57107889e+00]","[ 0.00000000e+00  1.61894291e-02 -1.98693940e-04 -1.79163014e-01
 -5.70551991e-03 -1.05819570e-05 -7.42525398e-01  3.70372172e-05]","[ 0.          0.12409024 13.94144535 -1.99914122 -3.5176096   0.06794707
 -3.65786719 -0.4958359 ]"
1749055016.299381,"[ 0.00000000e+00  5.34445398e-01  1.10874853e+00 -2.89796002e+00
 -2.02053553e+00  6.12527051e-05  7.48984096e-01  1.57107889e+00]","[ 0.00000000e+00  9.01917162e-03  7.44642597e-04 -1.80695214e-01
 -7.15758301e-03 -1.58730919e-05 -7.44928834e-01  3.70368514e-05]","[ 0.          0.12520364 13.81259155 -1.97480309 -3.65073705  0.02512769
 -3.7643652  -0.49702024]"
1749055016.3005683,"[ 0.00000000e+00  5.34450924e-01  1.10874806e+00 -2.89815230e+00
 -2.02054351e+00  6.12527051e-05  7.48244004e-01  1.57107889e+00]","[ 0.00000000e+00  5.67204678e-03  8.51190107e-04 -1.81054824e-01
 -7.69777819e-03 -1.58729355e-05 -7.50600901e-01  3.70368514e-05]","[ 0.          0.13394065 13.77362061 -1.9520452  -3.67064476  0.04545911
 -3.65642977 -0.50697982]"
1749055016.302246,"[ 0.00000000e+00  5.34455052e-01  1.10874580e+00 -2.89850357e+00
 -2.02056003e+00  6.12527051e-05  7.46686720e-01  1.57107889e+00]","[ 0.00000000e+00  1.00307384e-03  2.19406909e-04 -1.77454047e-01
 -8.05836916e-03 -1.58729355e-05 -7.63331544e-01  3.70368514e-05]","[ 0.          0.23432893 13.60986233 -1.90761483 -3.65783     0.03611456
 -3.68410778 -0.49909085]"
1749055016.3039556,"[ 0.00000000e+00  5.34454120e-01  1.10874533e+00 -2.89867907e+00
 -2.02056828e+00  6.12527051e-05  7.45925655e-01  1.57107889e+00]","[ 0.00000000e+00 -1.08038990e-03 -2.22189315e-04 -1.77813890e-01
 -8.37302164e-03 -2.64548924e-05 -7.71938614e-01  3.70651995e-05]","[ 0.          0.26873544 13.54199696 -1.85297227 -3.60151577  0.02879071
 -3.61864471 -0.49637625]"
1749055016.30512,"[ 0.00000000e+00  5.34451823e-01  1.10874580e+00 -2.89904686e+00
 -2.02058346e+00  6.12527051e-05  7.44381688e-01  1.57107889e+00]","[ 0.00000000e+00 -1.08002469e-03 -3.05277096e-04 -1.81054824e-01
 -7.41211827e-03 -2.64548924e-05 -7.85443437e-01  2.91003827e-05]","[ 0.          0.35930833 13.36544704 -1.78491735 -3.34743977 -0.02725051
 -3.65356421 -0.50646937]"
1749055016.3067517,"[ 0.00000000e+00  5.34452289e-01  1.10874580e+00 -2.89922609e+00
 -2.02058879e+00  6.12527051e-05  7.43545455e-01  1.57107889e+00]","[ 0.00000000e+00 -6.30014448e-04 -2.64958196e-04 -1.81775608e-01
 -6.50185813e-03 -2.64551545e-05 -7.87412978e-01  2.91003827e-05]","[ 0.          0.36548671 13.27695179 -1.75536764 -3.21488738 -0.01865193
 -3.52134109 -0.50607592]"
1749055016.3079648,"[ 0.00000000e+00  5.34454586e-01  1.10874394e+00 -2.89958881e+00
 -2.02059891e+00  6.12527051e-05  7.41972992e-01  1.57107889e+00]","[ 0.00000000e+00  4.63619188e-04 -5.01481361e-04 -1.84476569e-01
 -5.12925086e-03 -2.64548924e-05 -7.98138859e-01  2.91003827e-05]","[ 0.          0.42107904 12.99535656 -1.65662277 -2.96929836 -0.02792775
 -3.39868188 -0.5073638 ]"
1749055016.3096886,"[ 0.00000000e+00  5.34455052e-01  1.10874260e+00 -2.89978428e+00
 -2.02060264e+00  6.12527051e-05  7.41117784e-01  1.57107889e+00]","[ 0.00000000e+00  4.78698850e-04 -5.85076336e-04 -1.83890890e-01
 -4.18651082e-03 -2.64548924e-05 -8.05217541e-01  2.91003827e-05]","[ 0.          0.45035332 12.80321693 -1.59300113 -2.83280253 -0.06014838
 -3.26711893 -0.51953173]"
1749055016.3126934,"[ 0.00000000e+00  5.34454586e-01  1.10874027e+00 -2.90014754e+00
 -2.02060823e+00  6.01874406e-05  7.39514827e-01  1.57107889e+00]","[ 0.00000000e+00  4.38813819e-04 -6.84446964e-04 -1.84476569e-01
 -2.73078041e-03 -3.70368514e-05 -8.13263484e-01  2.91003827e-05]","[ 0.          0.4368152  12.54082394 -1.4860431  -2.66660762 -0.08206958
 -3.21684027 -0.50314587]"
1749055016.3154523,"[ 0.00000000e+00  5.34455052e-01  1.10873708e+00 -2.90069961e+00
 -2.02061222e+00  6.01874406e-05  7.37026170e-01  1.57107889e+00]","[ 0.00000000e+00  1.90798181e-04 -7.62372189e-04 -1.80425119e-01
 -1.04080549e-03 -3.70372172e-05 -8.24067396e-01  2.91003827e-05]","[ 0.          0.55134076 12.10482979 -1.36950433 -2.36415172 -0.10137674
 -3.45324183 -0.53236705]"
1749055016.3180554,"[ 0.00000000e+00  5.34455518e-01  1.10873202e+00 -2.90122905e+00
 -2.02061329e+00  5.91221762e-05  7.34488111e-01  1.57107889e+00]","[ 0.00000000e+00  1.50994244e-04 -9.14516645e-04 -1.73030237e-01
 -2.70097476e-04 -4.75833530e-05 -8.39322049e-01  2.91006692e-05]","[ 0.          0.60111076 11.63457108 -1.29164183 -2.06424689 -0.15851042
 -3.16994596 -0.57471919]"
1749055016.3192232,"[ 0.00000000e+00  5.34455518e-01  1.10872789e+00 -2.90156541e+00
 -2.02061329e+00  5.91221762e-05  7.32835686e-01  1.57107889e+00]","[ 0.00000000e+00  1.33743181e-04 -1.04535588e-03 -1.70431507e-01
 -1.75554461e-04 -5.82013384e-05 -8.37302174e-01  2.91003827e-05]","[ 0.          0.67974728 11.37644672 -1.24976873 -1.95955086 -0.16830315
 -2.98371649 -0.55201292]"
1749055016.320936,"[ 0.00000000e+00  5.34455984e-01  1.10872376e+00 -2.90189937e+00
 -2.02061409e+00  5.91221762e-05  7.31116682e-01  1.57107889e+00]","[ 0.00000000e+00  1.32985178e-04 -1.49903616e-03 -1.69081018e-01
 -2.65943796e-04 -5.82007654e-05 -8.38532488e-01  2.11639139e-05]","[ 0.          0.7320382  11.13704967 -1.21473408 -1.88636684 -0.18242781
 -2.9174099  -0.55775219]"
1749055016.3226295,"[ 0.00000000e+00  5.34456417e-01  1.10872190e+00 -2.90207993e+00
 -2.02061409e+00  5.91221762e-05  7.30285243e-01  1.57107889e+00]","[ 0.00000000e+00  1.86179245e-04 -1.67052826e-03 -1.69861075e-01
 -2.22189315e-04 -5.82007654e-05 -8.43244353e-01  2.11641232e-05]","[ 0.          0.7437945  11.02354336 -1.20208395 -1.84237933 -0.18110697
 -3.02073979 -0.55602527]"
1749055016.3237643,"[ 0.00000000e+00  5.34456417e-01  1.10871730e+00 -2.90241788e+00
 -2.02061542e+00  5.91221762e-05  7.28625228e-01  1.57107889e+00]","[ 0.00000000e+00  1.69473891e-04 -2.03564999e-03 -1.72322185e-01
 -3.55502910e-04 -5.82007654e-05 -8.40273263e-01  2.11639139e-05]","[ 0.          0.72858864 10.81322384 -1.14217174 -1.83128476 -0.174518
 -3.10355997 -0.55112451]"
1749055016.32548,"[ 0.00000000e+00  5.34456883e-01  1.10871458e+00 -2.90258673e+00
 -2.02061649e+00  5.80569118e-05  7.27607301e-01  1.57107889e+00]","[ 0.00000000e+00  1.98710406e-04 -2.18563342e-03 -1.71241807e-01
 -4.57850056e-04 -6.87834010e-05 -8.38435017e-01  2.11639139e-05]","[ 0.          0.72909737 10.7225771  -1.11969674 -1.8074404  -0.18856488
 -3.17384052 -0.58748442]"
1749055016.3266242,"[ 0.00000000e+00  5.34456883e-01  1.10871138e+00 -2.90276809e+00
 -2.02061728e+00  5.80569118e-05  7.26781588e-01  1.57107889e+00]","[ 0.00000000e+00  1.83694430e-04 -2.34041067e-03 -1.70773324e-01
 -5.01536919e-04 -6.87827183e-05 -8.37302174e-01  2.11639139e-05]","[ 0.          0.71736044 10.654562   -1.09166539 -1.81006169 -0.1941909
 -3.04956961 -0.56271142]"
1749055016.328268,"[ 0.00000000e+00  5.34457349e-01  1.10870352e+00 -2.90310205e+00
 -2.02061968e+00  5.69916473e-05  7.25137686e-01  1.57107889e+00]","[ 0.00000000e+00  1.83694430e-04 -3.02781546e-03 -1.68370054e-01
 -6.38265111e-04 -7.93646793e-05 -8.32647368e-01  2.11639139e-05]","[ 0.          0.71003228 10.53077793 -0.98874706 -1.73174369 -0.24169485
 -2.99421    -0.53267694]"
1749055016.3300846,"[ 0.00000000e+00  5.34457349e-01  1.10869300e+00 -2.90344507e+00
 -2.02062208e+00  5.69916473e-05  7.23440586e-01  1.57107889e+00]","[ 0.00000000e+00  1.32835457e-04 -4.65918160e-03 -1.66920246e-01
 -7.28604854e-04 -7.93646793e-05 -8.25930676e-01  2.11639139e-05]","[ 0.          0.71625203 10.4311018  -0.92522079 -1.67609751 -0.29173362
 -2.94294071 -0.55601889]"
1749055016.3312328,"[ 0.00000000e+00  5.34457815e-01  1.10868608e+00 -2.90360752e+00
 -2.02062341e+00  5.64590151e-05  7.22631984e-01  1.57107889e+00]","[ 0.00000000e+00  1.70776261e-04 -5.79329707e-03 -1.64759457e-01
 -7.75539297e-04 -8.46556558e-05 -8.20015929e-01  2.11639139e-05]","[ 0.          0.73356318 10.37235165 -0.87947839 -1.67693782 -0.30590808
 -3.03240681 -0.55600232]"
1749055016.3334687,"[ 0.00000000e+00  5.34458714e-01  1.10867003e+00 -2.90393535e+00
 -2.02062661e+00  5.64590151e-05  7.20974832e-01  1.57107889e+00]","[ 0.00000000e+00  1.98706293e-04 -8.09881748e-03 -1.58987205e-01
 -8.86479267e-04 -8.46556558e-05 -8.06511039e-01  2.11639139e-05]","[ 0.          0.76420516 10.38380051 -0.83241189 -1.68995929 -0.28656113
 -3.05457997 -0.5738101 ]"
1749055016.334639,"[ 0.00000000e+00  5.34459180e-01  1.10865991e+00 -2.90408982e+00
 -2.02062847e+00  5.64590151e-05  7.20180478e-01  1.57107889e+00]","[ 0.00000000e+00  2.18432557e-04 -9.23263854e-03 -1.56497815e-01
 -9.43854914e-04 -8.46556558e-05 -8.05700772e-01  2.11639139e-05]","[ 0.          0.78523874 10.40697861 -0.81581438 -1.69661665 -0.27924791
 -3.05688286 -0.55920482]"
1749055016.3363712,"[ 0.00000000e+00  5.34460112e-01  1.10863561e+00 -2.90439608e+00
 -2.02063220e+00  5.64590151e-05  7.18602222e-01  1.57107889e+00]","[ 0.00000000e+00  2.37757266e-04 -1.29646791e-02 -1.54609051e-01
 -1.10776513e-03 -8.46556558e-05 -7.98948327e-01  2.11639139e-05]","[ 0.          0.84602046 10.47039986 -0.7915675  -1.69715095 -0.27963686
 -3.0708518  -0.56881726]"
1749055016.3374732,"[ 0.00000000e+00  5.34460578e-01  1.10862136e+00 -2.90454921e+00
 -2.02063486e+00  5.64590151e-05  7.17761262e-01  1.57107889e+00]","[ 0.00000000e+00  2.51691512e-04 -1.45852636e-02 -1.55306051e-01
 -1.37603713e-03 -8.46564929e-05 -7.91926770e-01  2.11639139e-05]","[ 0.          0.86314929 10.51294994 -0.76312608 -1.69715095 -0.2848812
 -3.1533215  -0.56175244]"
1749055016.3392234,"[ 0.00000000e+00  5.34461943e-01  1.10858601e+00 -2.90486853e+00
 -2.02064125e+00  5.64590151e-05  7.16226815e-01  1.57107889e+00]","[ 0.00000000e+00  2.89526475e-04 -1.80965312e-02 -1.55576145e-01
 -2.00594885e-03 -8.46564929e-05 -7.74639592e-01  2.11799045e-05]","[ 0.          0.91128266 10.629529   -0.74073708 -1.67801332 -0.32302234
 -3.02020097 -0.54793864]"
1749055016.340997,"[ 0.00000000e+00  5.34463308e-01  1.10856764e+00 -2.90502192e+00
 -2.02064551e+00  5.64590151e-05  7.15463886e-01  1.57107889e+00]","[ 0.00000000e+00  3.34887143e-04 -1.86367264e-02 -1.55576145e-01
 -2.58334246e-03 -8.46556558e-05 -7.73829258e-01  2.11639139e-05]","[ 0.          0.92347848 10.68462372 -0.72480065 -1.6837678  -0.31697333
 -2.87904549 -0.55082172]"
1749055016.342678,"[ 0.00000000e+00  5.34465605e-01  1.10852949e+00 -2.90532020e+00
 -2.02065643e+00  5.53937507e-05  7.13893287e-01  1.57107889e+00]","[ 0.00000000e+00  4.03027169e-04 -1.94470181e-02 -1.50326655e-01
 -4.24387255e-03 -9.52376087e-05 -7.64091477e-01  1.05819570e-05]","[ 0.          0.97433466 10.8870945  -0.69911796 -1.72181106 -0.33687618
 -2.69866896 -0.53605664]"
1749055016.3438358,"[ 0.00000000e+00  5.34467902e-01  1.10848821e+00 -2.90562167e+00
 -2.02066975e+00  5.53937507e-05  7.12413035e-01  1.57107889e+00]","[ 0.00000000e+00  4.52333230e-04 -1.82536515e-02 -1.46392833e-01
 -6.31787791e-03 -9.52385514e-05 -7.45739101e-01  1.05819570e-05]","[ 0.          0.97164714 11.07922077 -0.67164594 -1.71100283 -0.34556735
 -2.73932123 -0.54604614]"
1749055016.3455658,"[ 0.00000000e+00  5.34469733e-01  1.10847163e+00 -2.90578652e+00
 -2.02067747e+00  5.53937507e-05  7.11686259e-01  1.57107889e+00]","[ 0.00000000e+00  5.02859169e-04 -1.67290760e-02 -1.44859119e-01
 -7.69387655e-03 -9.51657631e-05 -7.36349194e-01  1.05819570e-05]","[ 0.          0.99267882 11.17256927 -0.63306469 -1.65017378 -0.37296659
 -2.82445669 -0.56036991]"
1749055016.3466585,"[ 0.00000000e+00  5.34473428e-01  1.10844133e+00 -2.90607281e+00
 -2.02069691e+00  5.43284862e-05  7.10905220e-01  1.57107889e+00]","[ 0.00000000e+00  5.92462056e-04 -1.42938025e-02 -1.38289908e-01
 -9.49271287e-03 -1.05819570e-04 -7.36197128e-01  1.05900569e-05]","[ 0.          1.00781107 11.38076019 -0.59283549 -1.49568093 -0.35448626
 -3.01383305 -0.57206738]"
1749055016.3483531,"[ 0.00000000e+00  5.34475259e-01  1.10842802e+00 -2.90620463e+00
 -2.02070890e+00  5.43284862e-05  7.10181306e-01  1.57107889e+00]","[ 0.00000000e+00  6.76509301e-04 -1.35048743e-02 -1.33698252e-01
 -1.05309535e-02 -1.05819570e-04 -7.34124922e-01  1.05819570e-05]","[ 0.          1.02125835 11.43464756 -0.58611566 -1.46861899 -0.36499742
 -2.95663524 -0.57642072]"
1749055016.3494713,"[ 0.00000000e+00  5.34477556e-01  1.10841610e+00 -2.90633087e+00
 -2.02072062e+00  5.43284862e-05  7.09458325e-01  1.57107889e+00]","[ 0.00000000e+00  8.37872286e-04 -1.21543863e-02 -1.27896489e-01
 -1.18842887e-02 -1.05820618e-04 -7.32571633e-01  1.05819570e-05]","[ 0.          1.04111969 11.53339195 -0.56052887 -1.4552815  -0.36434007
 -3.0073638  -0.58323836]"
1749055016.3511338,"[ 0.00000000e+00  5.34483048e-01  1.10839313e+00 -2.90658547e+00
 -2.02074911e+00  5.43284862e-05  7.07962827e-01  1.57107889e+00]","[ 0.00000000e+00  1.51716919e-03 -1.07830435e-02 -1.22894348e-01
 -1.43151660e-02 -9.52376087e-05 -7.27228533e-01  1.05899522e-05]","[ 0.          1.08152616 11.65713978 -0.55295497 -1.43331981 -0.40600649
 -2.63239264 -0.55279183]"
1749055016.352882,"[ 0.00000000e+00  5.34486277e-01  1.10838301e+00 -2.90670611e+00
 -2.02076429e+00  5.43284862e-05  7.07254093e-01  1.57107889e+00]","[ 0.00000000e+00  2.00947598e-03 -1.02637042e-02 -1.22354159e-01
 -1.53955564e-02 -9.52376087e-05 -7.18729388e-01  1.05819570e-05]","[ 0.          1.07369685 11.68915462 -0.5451771  -1.38055885 -0.41096035
 -2.50782037 -0.56354827]"
1749055016.354002,"[ 0.00000000e+00  5.34492702e-01  1.10836237e+00 -2.90695831e+00
 -2.02079785e+00  5.32632218e-05  7.05841419e-01  1.57107889e+00]","[ 0.00000000e+00  2.74710034e-03 -1.08038994e-02 -1.23628848e-01
 -1.65507181e-02 -1.05979589e-04 -7.15033120e-01  1.05819570e-05]","[ 0.          1.08807719 11.73601532 -0.52738351 -1.14668715 -0.4031111
 -2.50889397 -0.57729268]"
1749055016.355748,"[ 0.00000000e+00  5.34497296e-01  1.10834999e+00 -2.90708001e+00
 -2.02081436e+00  5.32632218e-05  7.05079422e-01  1.57107889e+00]","[ 0.00000000e+00  3.24722223e-03 -1.15353491e-02 -1.23309485e-01
 -1.67460433e-02 -1.05979589e-04 -7.17448540e-01  1.05819570e-05]","[ 0.          1.08844554 11.73708344 -0.5184834  -1.09690833 -0.38257107
 -2.73192739 -0.57027054]"
1749055016.35694,"[ 0.00000000e+00  5.34506484e-01  1.10832196e+00 -2.90732503e+00
 -2.02084738e+00  5.32632218e-05  7.03666748e-01  1.57107889e+00]","[ 0.00000000e+00  4.23880396e-03 -1.53955564e-02 -1.23704640e-01
 -1.67460433e-02 -1.05979589e-04 -7.14948032e-01  1.05819570e-05]","[ 0.          1.09575963 11.77266598 -0.48084903 -1.10216427 -0.37549591
 -2.68939424 -0.61490983]"
1749055016.3586857,"[ 0.00000000e+00  5.34512443e-01  1.10830451e+00 -2.90745792e+00
 -2.02086443e+00  5.32632218e-05  7.02970398e-01  1.57107889e+00]","[ 0.00000000e+00  4.81137502e-03 -1.78264326e-02 -1.25133459e-01
 -1.60340836e-02 -1.05980645e-04 -7.06304876e-01  1.05819570e-05]","[ 0.          1.10896075 11.79730892 -0.47923252 -1.1505928  -0.3841418
 -2.53681087 -0.58647794]"
1749055016.3604164,"[ 0.00000000e+00  5.34525759e-01  1.10825764e+00 -2.90770453e+00
 -2.02089532e+00  5.21979574e-05  7.01544409e-01  1.57107889e+00]","[ 0.00000000e+00  6.31996059e-03 -2.48489678e-02 -1.23974743e-01
 -1.53955564e-02 -1.16577544e-04 -6.92098110e-01  1.05818513e-05]","[ 0.          1.11679816 11.79862404 -0.44107243 -1.13730669 -0.41335058
 -2.4546504  -0.56718224]"
1749055016.3615723,"[ 0.00000000e+00  5.34533582e-01  1.10822968e+00 -2.90770453e+00
 -2.02090890e+00  5.21979574e-05  7.00859444e-01  1.57107889e+00]","[ 0.00000000e+00  7.42391576e-03 -2.83602355e-02 -1.23974743e-01
 -1.37749708e-02 -1.16577544e-04 -6.94690697e-01  1.05820616e-05]","[ 0.          1.09658575 11.81663036 -0.44107243 -1.14961851 -0.41824055
 -2.67583346 -0.56847751]"
1749055016.3633018,"[ 0.00000000e+00  5.34551924e-01  1.10816124e+00 -2.90795699e+00
 -2.02093473e+00  5.21979574e-05  6.99430591e-01  1.57107889e+00]","[ 0.00000000e+00  8.97256422e-03 -3.51075830e-02 -1.23127317e-01
 -1.20255622e-02 -1.16577544e-04 -6.97637884e-01  1.05899522e-05]","[ 0.          1.10506463 11.941185   -0.43179789 -1.3511492  -0.42245045
 -2.74341536 -0.5771991 ]"
1749055016.365047,"[ 0.00000000e+00  5.34574894e-01  1.10812449e+00 -2.90819295e+00
 -2.02094618e+00  5.16653251e-05  6.98064523e-01  1.57107889e+00]","[ 0.00000000e+00  1.21543863e-02 -3.72356859e-02 -1.18572795e-01
 -1.16141912e-02 -1.21968747e-04 -6.90909341e-01  1.05820616e-05]","[ 0.          1.09374297 12.04829121 -0.39482364 -1.46587002 -0.39863867
 -2.52906942 -0.63659167]"
1749055016.3662283,"[ 0.00000000e+00  5.34588676e-01  1.10808594e+00 -2.90830773e+00
 -2.02095764e+00  5.16653251e-05  6.97389078e-01  1.57107889e+00]","[ 0.00000000e+00  1.40308382e-02 -3.91641349e-02 -1.16412014e-01
 -1.16141912e-02 -1.11278562e-04 -6.84967229e-01  0.00000000e+00]","[ 0.          1.08871114 12.20246601 -0.39132321 -1.67025316 -0.43332854
 -2.36538363 -0.60476339]"
1749055016.3679507,"[ 0.00000000e+00  5.34622665e-01  1.10800371e+00 -2.90853517e+00
 -2.02098107e+00  5.16653251e-05  6.95999241e-01  1.57107889e+00]","[ 0.00000000e+00  1.78264326e-02 -4.06244918e-02 -1.07929522e-01
 -1.17861180e-02 -1.11278562e-04 -6.78214785e-01  0.00000000e+00]","[ 0.          1.12780869 12.36456394 -0.38906586 -1.92073715 -0.46853575
 -2.54250145 -0.60571706]"
1749055016.369727,"[ 0.00000000e+00  5.34641473e-01  1.10796103e+00 -2.90863850e+00
 -2.02099199e+00  5.16653251e-05  6.95326660e-01  1.57107889e+00]","[ 0.00000000e+00  1.91769216e-02 -4.32155977e-02 -1.04904212e-01
 -1.10739970e-02 -1.11362770e-04 -6.82266251e-01  0.00000000e+00]","[ 0.          1.09752595 12.46032429 -0.39289972 -2.02305532 -0.46938455
 -2.56622458 -0.55893511]"
1749055016.3714044,"[ 0.00000000e+00  5.34683718e-01  1.10786736e+00 -2.90883184e+00
 -2.02101782e+00  5.06000607e-05  6.93934892e-01  1.57107889e+00]","[ 0.00000000e+00  2.10645514e-02 -4.88381092e-02 -9.61547045e-02
 -1.30399602e-02 -1.21876526e-04 -6.78442152e-01  0.00000000e+00]","[ 0.          1.09538472 12.61169147 -0.43813893 -2.28296399 -0.4696539
 -2.89289284 -0.57398981]"
1749055016.372519,"[ 0.00000000e+00  5.34704390e-01  1.10781136e+00 -2.90892958e+00
 -2.02103194e+00  5.06000607e-05  6.93268036e-01  1.57107889e+00]","[ 0.00000000e+00  2.10676037e-02 -5.26613765e-02 -9.20320229e-02
 -1.43151660e-02 -1.21876526e-04 -6.77010703e-01  0.00000000e+00]","[ 0.          1.06872582 12.71410179 -0.44993377 -2.42910814 -0.42546719
 -2.88504481 -0.5873878 ]"
1749055016.3742032,"[ 0.00000000e+00  5.34748932e-01  1.10770064e+00 -2.90910269e+00
 -2.02106736e+00  5.06000607e-05  6.91954232e-01  1.57107889e+00]","[ 0.00000000e+00  2.20676248e-02 -5.67204709e-02 -8.67012899e-02
 -1.91769216e-02 -1.11278562e-04 -6.62147667e-01  0.00000000e+00]","[ 0.          1.00417054 13.04185104 -0.53833658 -2.62907839 -0.40640065
 -2.74887085 -0.64789957]"
1749055016.375899,"[ 0.00000000e+00  5.34771902e-01  1.10764325e+00 -2.90918578e+00
 -2.02108840e+00  5.06000607e-05  6.91249360e-01  1.57107889e+00]","[ 0.00000000e+00  2.32283823e-02 -5.82819447e-02 -8.41850271e-02
 -2.13377002e-02 -1.11278562e-04 -6.63784113e-01  0.00000000e+00]","[ 0.          0.98772198 13.15682602 -0.56550258 -2.63599777 -0.39104474
 -2.80482316 -0.66012865]"
1749055016.37701,"[ 0.00000000e+00  5.34821037e-01  1.10751928e+00 -2.90935196e+00
 -2.02114219e+00  5.06000607e-05  6.89937487e-01  1.57107889e+00]","[ 0.00000000e+00  2.51190644e-02 -6.17896524e-02 -8.07474437e-02
 -2.75499417e-02 -1.11362770e-04 -6.66600539e-01  0.00000000e+00]","[ 0.          0.89894009 13.3572464  -0.64616221 -2.61633039 -0.42079219
 -2.965379   -0.60214555]"
1749055016.3787882,"[ 0.00000000e+00  5.34847668e-01  1.10745543e+00 -2.90943105e+00
 -2.02117202e+00  5.06000607e-05  6.89283947e-01  1.57107889e+00]","[ 0.00000000e+00  2.69823804e-02 -6.48233924e-02 -8.02189477e-02
 -3.02509176e-02 -1.11362770e-04 -6.62819183e-01  0.00000000e+00]","[ 0.          0.86869907 13.45680618 -0.69260246 -2.61242938 -0.44002822
 -3.02256131 -0.61014909]"
1749055016.3804624,"[ 0.00000000e+00  5.34910552e-01  1.10732141e+00 -2.90958339e+00
 -2.02124153e+00  5.06000607e-05  6.87942580e-01  1.57107889e+00]","[ 0.00000000e+00  3.21415997e-02 -6.51998011e-02 -7.64375836e-02
 -3.51126721e-02 -1.11278562e-04 -6.48656426e-01  0.00000000e+00]","[ 0.          0.81367773 13.69278145 -0.83882469 -2.69325042 -0.44921178
 -2.59258723 -0.62695032]"
1749055016.3815887,"[ 0.00000000e+00  5.34945473e-01  1.10725849e+00 -2.90966435e+00
 -2.02127775e+00  5.06000607e-05  6.87309014e-01  1.57107889e+00]","[ 0.00000000e+00  3.53827707e-02 -6.37430062e-02 -7.61618964e-02
 -3.67332556e-02 -1.11361664e-04 -6.42561915e-01  0.00000000e+00]","[ 0.          0.79727817 13.74105263 -0.92865425 -2.64347672 -0.42880884
 -2.36678553 -0.6495654 ]"
1749055016.383367,"[ 0.00000000e+00  5.35021706e-01  1.10713219e+00 -2.90981535e+00
 -2.02134885e+00  4.95347963e-05  6.86014318e-01  1.57107889e+00]","[ 0.00000000e+00  3.97043280e-02 -6.42831993e-02 -7.77092596e-02
 -3.53827707e-02 -1.21968747e-04 -6.29679606e-01  0.00000000e+00]","[ 0.          0.63508523 13.82686615 -0.99130154 -2.31606913 -0.32973257
 -2.63751674 -0.65663838]"
1749055016.384507,"[ 0.00000000e+00  5.35064849e-01  1.10706148e+00 -2.90989098e+00
 -2.02138561e+00  4.95347963e-05  6.85395932e-01  1.57107889e+00]","[ 0.00000000e+00  4.06244918e-02 -6.66416615e-02 -7.67076863e-02
 -3.46060473e-02 -1.21876526e-04 -6.27166314e-01  0.00000000e+00]","[ 0.          0.57894033 13.86484909 -1.04059124 -2.12614322 -0.37803438
 -2.87604237 -0.66182792]"
1749055016.3862455,"[ 0.00000000e+00  5.35146142e-01  1.10692600e+00 -2.91005050e+00
 -2.02145298e+00  4.95347963e-05  6.84161157e-01  1.57107889e+00]","[ 0.00000000e+00  4.10132176e-02 -6.88050721e-02 -7.82489076e-02
 -3.43023804e-02 -1.21967536e-04 -6.22753390e-01  0.00000000e+00]","[ 0.          0.51515919 13.90208626 -1.14021993 -2.07895613 -0.39736405
 -2.87592864 -0.60361916]"
1749055016.38801,"[ 0.00000000e+00  5.35188853e-01  1.10685576e+00 -2.91012907e+00
 -2.02148814e+00  4.95347963e-05  6.83552359e-01  1.57107889e+00]","[ 0.00000000e+00  4.01229520e-02 -7.13057304e-02 -7.96787588e-02
 -3.56528652e-02 -1.21875307e-04 -6.17442847e-01  0.00000000e+00]","[ 0.          0.50041801 13.94486332 -1.20457327 -2.20495939 -0.44978249
 -2.54099011 -0.58601052]"
1749055016.3891447,"[ 0.00000000e+00  5.35269180e-01  1.10670196e+00 -2.91028699e+00
 -2.02156510e+00  4.95347963e-05  6.82308995e-01  1.57107889e+00]","[ 0.00000000e+00  4.10548170e-02 -7.69134988e-02 -8.02189477e-02
 -3.80451578e-02 -1.21968747e-04 -6.05018335e-01  0.00000000e+00]","[ 0.          0.404654   14.01393509 -1.27609944 -2.23864031 -0.42587459
 -2.2708168  -0.62216091]"
1749055016.3908274,"[ 0.00000000e+00  5.35353669e-01  1.10654630e+00 -2.91044385e+00
 -2.02164420e+00  4.95347963e-05  6.81126485e-01  1.57107796e+00]","[ 0.00000000e+00  4.15884063e-02 -7.96787588e-02 -7.61674891e-02
 -4.02037498e-02 -1.21968747e-04 -5.96580442e-01 -1.06059783e-05]","[ 0.          0.33563235 14.03869057 -1.29855192 -2.00387836 -0.32346028
 -2.66239762 -0.66643381]"
1749055016.3919637,"[ 0.00000000e+00  5.35393650e-01  1.10646866e+00 -2.91051869e+00
 -2.02168415e+00  4.95347963e-05  6.80493851e-01  1.57107796e+00]","[ 0.00000000e+00  4.05146197e-02 -7.88684671e-02 -7.58973946e-02
 -4.05146197e-02 -1.21876526e-04 -5.95825835e-01 -1.06059783e-05]","[ 0.          0.29636976 14.043993   -1.28043783 -1.90525877 -0.34562293
 -2.77176619 -0.66951007]"
1749055016.3936915,"[ 0.00000000e+00  5.35432665e-01  1.10638371e+00 -2.91059725e+00
 -2.02172809e+00  4.95347963e-05  6.79906957e-01  1.57107796e+00]","[ 0.00000000e+00  3.94342335e-02 -7.99951423e-02 -7.39071061e-02
 -4.13767973e-02 -1.21968747e-04 -5.95294867e-01 -1.05979587e-05]","[ 0.          0.2632736  14.06992149 -1.32200551 -1.93740189 -0.31621459
 -2.7113905  -0.67725694]"
1749055016.395385,"[ 0.00000000e+00  5.35507500e-01  1.10622299e+00 -2.91073520e+00
 -2.02181784e+00  4.95347963e-05  6.78762530e-01  1.57107796e+00]","[ 0.00000000e+00  3.53583529e-02 -8.21096340e-02 -6.86047607e-02
 -4.72670564e-02 -1.21968747e-04 -5.75847799e-01 -1.06059783e-05]","[ 0.          0.27597976 14.1669426  -1.3906188  -2.29582405 -0.40996185
 -2.10943079 -0.62178677]"
1749055016.3965414,"[ 0.00000000e+00  5.35540590e-01  1.10614130e+00 -2.91080072e+00
 -2.02186764e+00  4.95347963e-05  6.78199338e-01  1.57107796e+00]","[ 0.00000000e+00  3.34920866e-02 -8.28359113e-02 -6.64439800e-02
 -5.04570531e-02 -1.21876526e-04 -5.71256176e-01 -1.06059783e-05]","[ 0.          0.25948539 14.11443806 -1.38517261 -2.46497035 -0.37231594
 -2.00356483 -0.63836682]"
1749055016.3982632,"[ 0.00000000e+00  5.35603474e-01  1.10596539e+00 -2.91093574e+00
 -2.02198535e+00  4.95347963e-05  6.77031143e-01  1.57107796e+00]","[ 0.00000000e+00  3.16014045e-02 -8.74229150e-02 -6.57013367e-02
 -5.91513461e-02 -1.16665758e-04 -5.70407560e-01 -1.05978530e-05]","[ 0.          0.15571758 14.03623199 -1.39534903 -2.3986454  -0.33542061
 -2.25907421 -0.64260209]"
1749055016.4000108,"[ 0.00000000e+00  5.35634699e-01  1.10587585e+00 -2.91099859e+00
 -2.02204554e+00  4.95347963e-05  6.76472744e-01  1.57107796e+00]","[ 0.00000000e+00  3.15693862e-02 -9.07527485e-02 -6.37430062e-02
 -6.10420282e-02 -1.16665758e-04 -5.66394376e-01 -1.06059783e-05]","[ 0.          0.1149716  13.99815464 -1.39939427 -2.26877594 -0.29690284
 -2.65638757 -0.61885405]"
1749055016.4011068,"[ 0.00000000e+00  5.35703575e-01  1.10568709e+00 -2.91111817e+00
 -2.02217630e+00  4.95347963e-05  6.75318797e-01  1.57107796e+00]","[ 0.00000000e+00  3.40322817e-02 -9.26434348e-02 -5.96310647e-02
 -6.42831993e-02 -1.16664596e-04 -5.61532642e-01 -1.06059783e-05]","[ 0.          0.06640363 13.95767021 -1.38610375 -2.21713161 -0.2844547
 -2.70179963 -0.71339291]"
1749055016.402769,"[ 0.00000000e+00  5.35773849e-01  1.10549701e+00 -2.91123934e+00
 -2.02231132e+00  4.95347963e-05  6.74231428e-01  1.57107796e+00]","[ 0.00000000e+00  3.59229638e-02 -9.76762183e-02 -5.86111530e-02
 -6.98843680e-02 -1.16577544e-04 -5.48838086e-01 -1.05979587e-05]","[ 0.          0.0189011  13.98947334 -1.41187322 -2.40952468 -0.37020138
 -2.14719152 -0.63499862]"
1749055016.4045548,"[ 0.00000000e+00  5.35812865e-01  1.10539235e+00 -2.91129633e+00
 -2.02238296e+00  4.95347963e-05  6.73691073e-01  1.57107796e+00]","[ 0.00000000e+00  3.65777519e-02 -9.85520072e-02 -5.77422967e-02
 -7.26562194e-02 -1.16577544e-04 -5.48027786e-01 -1.06059783e-05]","[ 0.         -0.02327647 13.89494324 -1.4188832  -2.40365648 -0.36893728
 -1.99200368 -0.65036803]"
1749055016.4057162,"[ 0.00000000e+00  5.35886801e-01  1.10518981e+00 -2.91141058e+00
 -2.02253316e+00  4.95347963e-05  6.72564755e-01  1.57107796e+00]","[ 0.00000000e+00  3.72734528e-02 -1.03717433e-01 -5.46150798e-02
 -7.37366139e-02 -1.16665758e-04 -5.49918464e-01 -1.05979587e-05]","[ 0.         -0.06850771 13.71795177 -1.42988157 -2.17100859 -0.31409886
 -2.27340531 -0.61282247]"
1749055016.4074814,"[ 0.00000000e+00  5.35925849e-01  1.10508469e+00 -2.91146145e+00
 -2.02260667e+00  4.95347963e-05  6.72021537e-01  1.57107796e+00]","[ 0.00000000e+00  3.68629640e-02 -1.06688505e-01 -5.15363491e-02
 -7.45469056e-02 -1.16577544e-04 -5.50998842e-01 -1.06059783e-05]","[ 0.         -0.11364773 13.67947388 -1.43142867 -2.04152083 -0.27451575
 -2.40218782 -0.58898151]"
1749055016.409237,"[ 0.00000000e+00  5.36002049e-01  1.10486331e+00 -2.91155945e+00
 -2.02276912e+00  4.95347963e-05  6.70913262e-01  1.57107796e+00]","[ 0.00000000e+00  3.91641349e-02 -1.09278646e-01 -4.88876440e-02
 -8.06714854e-02 -1.16665758e-04 -5.37396813e-01 -1.05979587e-05]","[ 0.         -0.18492843 13.57513809 -1.44926691 -1.98108494 -0.22534436
 -2.16497684 -0.67444175]"
1749055016.411609,"[ 0.00000000e+00  5.36081511e-01  1.10464200e+00 -2.91165932e+00
 -2.02293716e+00  4.95347963e-05  6.69888744e-01  1.57107796e+00]","[ 0.00000000e+00  4.10964955e-02 -1.12630650e-01 -4.88876440e-02
 -8.67012899e-02 -1.05979589e-04 -5.13744547e-01 -1.06059783e-05]","[ 0.         -0.22065605 13.48822212 -1.49537933 -2.04927564 -0.25961238
 -1.77317381 -0.62353629]"
1749055016.413351,"[ 0.00000000e+00  5.36165068e-01  1.10439866e+00 -2.91175306e+00
 -2.02312731e+00  4.95347963e-05  6.68842255e-01  1.57107796e+00]","[ 0.00000000e+00  3.99744266e-02 -1.21121166e-01 -4.75371550e-02
 -9.50412452e-02 -1.05979589e-04 -5.09403827e-01 -1.06059783e-05]","[ 0.         -0.28205186 13.40028286 -1.51900327 -1.9540664  -0.30382973
 -1.87270439 -0.59232676]"
1749055016.4157407,"[ 0.00000000e+00  5.36239004e-01  1.10415438e+00 -2.91184681e+00
 -2.02332013e+00  4.95347963e-05  6.67843437e-01  1.57107796e+00]","[ 0.00000000e+00  3.59229638e-02 -1.23704640e-01 -4.56464729e-02
 -9.82158663e-02 -1.06059781e-04 -5.04030867e-01 -1.05979587e-05]","[ 0.         -0.31898564 13.31666565 -1.51842725 -1.78204143 -0.28303248
 -2.08841848 -0.59641415]"
1749055016.4175136,"[ 0.00000000e+00  5.36305117e-01  1.10389718e+00 -2.91193815e+00
 -2.02352626e+00  4.95347963e-05  6.66826442e-01  1.57107796e+00]","[ 0.00000000e+00  3.13631161e-02 -1.25384229e-01 -4.69969619e-02
 -1.01561229e-01 -9.54538036e-05 -4.93197993e-01 -1.06058726e-05]","[ 0.         -0.35694802 13.28235149 -1.51268637 -1.71830976 -0.21982132
 -1.9685117  -0.66766131]"
1749055016.4198487,"[ 0.00000000e+00  5.36361609e-01  1.10364605e+00 -2.91204202e+00
 -2.02372919e+00  4.95347963e-05  6.65876093e-01  1.57107796e+00]","[ 0.00000000e+00  2.80901368e-02 -1.29106596e-01 -5.18587164e-02
 -1.02907141e-01 -9.53816248e-05 -4.77532347e-01 -1.06059783e-05]","[ 0.         -0.3475019  13.28186989 -1.50102067 -1.78537726 -0.19935244
 -1.87805569 -0.62879419]"
1749055016.4221394,"[ 0.00000000e+00  5.36416703e-01  1.10337740e+00 -2.91215041e+00
 -2.02394411e+00  4.95347963e-05  6.64909565e-01  1.57107796e+00]","[ 0.00000000e+00  2.64721396e-02 -1.32887960e-01 -5.31629122e-02
 -1.05223675e-01 -9.54538036e-05 -4.71860280e-01 -1.06059783e-05]","[ 0.         -0.30922678 13.25442314 -1.41801071 -1.78714919 -0.20492886
 -2.00381041 -0.59022331]"
1749055016.4238062,"[ 0.00000000e+00  5.36471364e-01  1.10310649e+00 -2.91225906e+00
 -2.02415556e+00  4.95347963e-05  6.63980189e-01  1.57107796e+00]","[ 0.00000000e+00  2.55083083e-02 -1.38289908e-01 -5.59101792e-02
 -1.08579183e-01 -9.53816248e-05 -4.69969602e-01 -1.05978530e-05]","[ 0.         -0.27532724 13.22961235 -1.38194919 -1.8478781  -0.22395237
 -2.03511453 -0.59715658]"
1749055016.4262192,"[ 0.00000000e+00  5.36520933e-01  1.10281627e+00 -2.91237864e+00
 -2.02437447e+00  4.95347963e-05  6.63045019e-01  1.57107796e+00]","[ 0.00000000e+00  2.37444946e-02 -1.42687261e-01 -6.23293004e-02
 -1.12360547e-01 -8.48478263e-05 -4.51602979e-01 -1.06059783e-05]","[ 0.         -0.22636703 13.31910038 -1.32516217 -1.95341134 -0.19845513
 -1.86069548 -0.669909  ]"
1749055016.428409,"[ 0.00000000e+00  5.36564575e-01  1.10253111e+00 -2.91251260e+00
 -2.02460963e+00  4.95347963e-05  6.62159385e-01  1.57107796e+00]","[ 0.00000000e+00  2.13377002e-02 -1.45852644e-01 -6.67140745e-02
 -1.16412014e-01 -8.47836692e-05 -4.51602979e-01 -1.05979587e-05]","[ 0.         -0.13192943 13.5010519  -1.2416321  -2.02242017 -0.19430603
 -1.83264995 -0.65227276]"
1749055016.4301908,"[ 0.00000000e+00  5.36603590e-01  1.10223910e+00 -2.91264522e+00
 -2.02483999e+00  4.95347963e-05  6.61220421e-01  1.57107796e+00]","[ 0.00000000e+00  1.86367264e-02 -1.49093811e-01 -6.69841731e-02
 -1.17222306e-01 -7.42418490e-05 -4.60246101e-01 -1.06058726e-05]","[ 0.         -0.03678598 13.64700985 -1.1019882  -2.05009604 -0.19056882
 -1.97920823 -0.61461133]"
1749055016.4326313,"[ 0.00000000e+00  5.36649530e-01  1.10177578e+00 -2.91285321e+00
 -2.02520511e+00  5.06000607e-05  6.59814405e-01  1.57107796e+00]","[ 0.00000000e+00  1.45704862e-02 -1.52875167e-01 -6.75243704e-02
 -1.22354159e-01 -5.82007654e-05 -4.63921663e-01 -1.06059783e-05]","[ 0.          0.14993072 13.95622253 -1.00027621 -2.28877139 -0.19466063
 -1.82808506 -0.61841244]"
1749055016.4343834,"[ 0.00000000e+00  5.36676628e-01  1.10146578e+00 -2.91298291e+00
 -2.02546610e+00  5.06000607e-05  6.58895415e-01  1.57107796e+00]","[ 0.00000000e+00  1.29646791e-02 -1.50962618e-01 -6.19398090e-02
 -1.28566399e-01 -5.82447383e-05 -4.68283755e-01 -1.06059783e-05]","[ 0.          0.22406599 14.10077286 -0.90335304 -2.29212809 -0.1753186
 -1.78095162 -0.63616365]"
1749055016.437421,"[ 0.00000000e+00  5.36700962e-01  1.10117097e+00 -2.91309530e+00
 -2.02572629e+00  5.06000607e-05  6.57954587e-01  1.57107796e+00]","[ 0.00000000e+00  1.26945815e-02 -1.49634000e-01 -5.64503723e-02
 -1.33158055e-01 -5.82007654e-05 -4.80991228e-01 -1.06059783e-05]","[ 0.          0.32846376 14.26393795 -0.833556   -2.07687306 -0.18219098
 -2.0583353  -0.63485134]"
1749055016.4394588,"[ 0.00000000e+00  5.36727594e-01  1.10086564e+00 -2.91320102e+00
 -2.02600220e+00  5.06000607e-05  6.56953837e-01  1.57107796e+00]","[ 0.00000000e+00  1.35048743e-02 -1.49207229e-01 -5.21288109e-02
 -1.35048741e-01 -5.82453112e-05 -4.89956826e-01 -1.06059783e-05]","[ 0.          0.49039951 14.31483459 -0.79289865 -1.92546451 -0.21577986
 -2.01624751 -0.62917823]"
1749055016.4414241,"[ 0.00000000e+00  5.36756056e-01  1.10056670e+00 -2.91329876e+00
 -2.02627144e+00  5.06000607e-05  6.55945431e-01  1.57107796e+00]","[ 0.00000000e+00  1.48553612e-02 -1.51794789e-01 -4.61866702e-02
 -1.36261028e-01 -5.82013384e-05 -4.92760036e-01 -1.06059783e-05]","[ 0.          0.56034482 14.3994894  -0.77163553 -1.86672449 -0.20237239
 -1.69458723 -0.63583744]"
1749055016.4434266,"[ 0.00000000e+00  5.36790045e-01  1.10026729e+00 -2.91338372e+00
 -2.02655693e+00  5.06000607e-05  6.54976973e-01  1.57107796e+00]","[ 0.00000000e+00  1.68014870e-02 -1.52875167e-01 -4.18651087e-02
 -1.40180594e-01 -4.76547840e-05 -4.90226904e-01 -1.06060839e-05]","[ 0.          0.66397458 14.40036297 -0.72767901 -1.65735006 -0.17789176
 -1.7195183  -0.62160176]"
1749055016.4451141,"[ 0.00000000e+00  5.36807023e-01  1.09995417e+00 -2.91346867e+00
 -2.02683204e+00  5.06000607e-05  6.53981017e-01  1.57107796e+00]","[ 0.00000000e+00  1.72687240e-02 -1.53145262e-01 -4.10964955e-02
 -1.39100199e-01 -4.76188043e-05 -4.85487742e-01 -1.06059783e-05]","[ 0.          0.67412853 14.47700787 -0.73873627 -1.33829129 -0.15112345
 -1.78436089 -0.61183399]"
1749055016.4479735,"[ 0.00000000e+00  5.36863049e-01  1.09948579e+00 -2.91358798e+00
 -2.02724616e+00  5.06000607e-05  6.52553097e-01  1.57107796e+00]","[ 0.00000000e+00  1.86367264e-02 -1.52824867e-01 -3.76152695e-02
 -1.35721380e-01 -3.70648338e-05 -4.78937265e-01 -1.06059783e-05]","[ 0.          0.72130948 14.61991787 -0.75815845 -1.22138488 -0.16316342
 -1.34382725 -0.61876923]"
1749055016.449659,"[ 0.00000000e+00  5.36898868e-01  1.09919098e+00 -2.91365509e+00
 -2.02752046e+00  5.06000607e-05  6.51580843e-01  1.57107796e+00]","[ 0.00000000e+00  1.78083710e-02 -1.49093811e-01 -3.26817948e-02
 -1.33659586e-01 -3.70368514e-05 -4.73750958e-01 -1.06059783e-05]","[ 0.          0.7421422  14.6414938  -0.75346446 -1.24988186 -0.20020147
 -1.2946831  -0.61044067]"
1749055016.4513228,"[ 0.00000000e+00  5.36932824e-01  1.09889157e+00 -2.91371235e+00
 -2.02778066e+00  5.06000607e-05  6.50649536e-01  1.57107796e+00]","[ 0.00000000e+00  1.59357516e-02 -1.44772250e-01 -2.59293582e-02
 -1.31267377e-01 -3.70368514e-05 -4.71860280e-01 -1.06059783e-05]","[ 0.          0.7432372  14.60412788 -0.75993663 -1.19972956 -0.18390836
 -1.43717813 -0.61167288]"
1749055016.4530408,"[ 0.00000000e+00  5.36960853e-01  1.09861287e+00 -2.91375736e+00
 -2.02803685e+00  5.06000607e-05  6.49710572e-01  1.57107796e+00]","[ 0.00000000e+00  1.35048743e-02 -1.40038564e-01 -2.18778954e-02
 -1.29376690e-01 -3.70368514e-05 -4.53493656e-01 -1.05899522e-05]","[ 0.          0.71474218 14.58820629 -0.76693147 -1.22702026 -0.14897288
 -1.48348582 -0.6208061 ]"
1749055016.4547408,"[ 0.00000000e+00  5.36973703e-01  1.09847599e+00 -2.91377813e+00
 -2.02817480e+00  5.06000607e-05  6.49272948e-01  1.57107796e+00]","[ 0.00000000e+00  1.29646791e-02 -1.38830105e-01 -1.95599403e-02
 -1.29898062e-01 -2.64548924e-05 -4.43770156e-01 -1.05899522e-05]","[ 0.          0.69234651 14.60926056 -0.80147034 -1.3297739  -0.12783258
 -1.44980085 -0.60327703]"
1749055016.4563901,"[ 0.00000000e+00  5.36996673e-01  1.09819682e+00 -2.91381169e+00
 -2.02843366e+00  5.06000607e-05  6.48409218e-01  1.57107796e+00]","[ 0.00000000e+00  1.08038994e-02 -1.34508543e-01 -1.61894291e-02
 -1.31267377e-01 -2.64548924e-05 -4.37017711e-01 -1.05900569e-05]","[ 0.          0.71602428 14.55584812 -0.82016289 -1.53205395 -0.1458189
 -1.42319202 -0.61317021]"
1749055016.4587057,"[ 0.00000000e+00  5.37015482e-01  1.09791765e+00 -2.91383699e+00
 -2.02870797e+00  5.06000607e-05  6.47525448e-01  1.57107796e+00]","[ 0.00000000e+00  8.52612739e-03 -1.35538113e-01 -1.21543863e-02
 -1.34662666e-01 -2.64748795e-05 -4.31345677e-01 -1.05899522e-05]","[ 0.          0.62586683 14.53990936 -0.83068448 -1.60264039 -0.13410947
 -1.4901911  -0.60470027]"
1749055016.4604728,"[ 0.00000000e+00  5.37030196e-01  1.09764628e+00 -2.91385430e+00
 -2.02897828e+00  5.06000607e-05  6.46672105e-01  1.57107796e+00]","[ 0.00000000e+00  7.02253421e-03 -1.38149792e-01 -7.29263180e-03
 -1.37479616e-01 -1.58729355e-05 -4.33876679e-01 -1.05900569e-05]","[ 0.          0.60429621 14.49154949 -0.87330097 -1.59363985 -0.1410808
 -1.44146657 -0.61341196]"
1749055016.4628274,"[ 0.00000000e+00  5.37041680e-01  1.09737304e+00 -2.91386442e+00
 -2.02926404e+00  5.06000607e-05  6.45782609e-01  1.57107796e+00]","[ 0.00000000e+00  5.26118344e-03 -1.38289908e-01 -4.04735727e-03
 -1.39427261e-01 -1.58849283e-05 -4.33236355e-01 -1.05900569e-05]","[ 0.          0.53283912 14.50911045 -0.91927719 -1.5870266  -0.1035524
 -1.28923082 -0.62933636]"
1749055016.4651773,"[ 0.00000000e+00  5.37051301e-01  1.09709154e+00 -2.91386628e+00
 -2.02953808e+00  5.06000607e-05  6.44914086e-01  1.57107796e+00]","[ 0.00000000e+00  4.59165694e-03 -1.36399221e-01  0.00000000e+00
 -1.39370294e-01 -1.58729355e-05 -4.21040242e-01 -1.05819570e-05]","[ 0.          0.44337013 14.46604538 -0.93417889 -1.48380983 -0.09618632
 -1.12135708 -0.60145992]"
1749055016.467519,"[ 0.00000000e+00  5.37057726e-01  1.09682250e+00 -2.91386362e+00
 -2.02982330e+00  5.06000607e-05  6.44098825e-01  1.57107796e+00]","[ 0.00000000e+00  3.24116978e-03 -1.36800676e-01  8.77772304e-04
 -1.39546637e-01 -1.05819570e-05 -4.11898642e-01 -1.05899522e-05]","[ 0.          0.37044838 14.33414364 -0.9451645  -1.26717925 -0.12013113
 -1.11716533 -0.59900087]"
1749055016.469277,"[ 0.00000000e+00  5.37061421e-01  1.09654559e+00 -2.91386229e+00
 -2.03009494e+00  5.06000607e-05  6.43301608e-01  1.57107796e+00]","[ 0.00000000e+00  1.81963173e-03 -1.35588930e-01  7.85902349e-04
 -1.37209521e-01 -1.05819570e-05 -4.01364841e-01 -1.05819570e-05]","[ 0.          0.23374689 14.21420765 -0.95562297 -1.1535809  -0.09590526
 -1.09656239 -0.60257715]"
1749055016.4716635,"[ 0.00000000e+00  5.37063718e-01  1.09613600e+00 -2.91386495e+00
 -2.03049681e+00  5.16653251e-05  6.42106781e-01  1.57107796e+00]","[ 0.00000000e+00  6.50503429e-04 -1.34911904e-01 -2.65943796e-04
 -1.29916888e-01  1.05820616e-05 -3.90831041e-01 -1.05819570e-05]","[ 0.          0.19379878 14.0103178  -1.01106095 -1.03778362 -0.11120217
 -0.96368647 -0.63172585]"
1749055016.473367,"[ 0.00000000e+00  5.37063718e-01  1.09587148e+00 -2.91386548e+00
 -2.03075993e+00  5.16653251e-05  6.41312427e-01  1.57107796e+00]","[ 0.00000000e+00  0.00000000e+00 -1.33562788e-01 -2.64202485e-04
 -1.27891911e-01  1.05819570e-05 -3.85969307e-01 -1.05900569e-05]","[ 0.          0.1033643  13.90329552 -1.00162494 -0.9284032  -0.13599768
 -0.95887721 -0.61901629]"
1749055016.4755986,"[ 0.00000000e+00  5.37064184e-01  1.09559185e+00 -2.91386442e+00
 -2.03101347e+00  5.16653251e-05  6.40565676e-01  1.57107796e+00]","[ 0.00000000e+00  1.32462624e-04 -1.36919578e-01 -2.67452780e-04
 -1.29106596e-01  1.05819570e-05 -3.75864575e-01 -1.05900569e-05]","[ 0.          0.08724255 13.85808659 -1.01124954 -0.80579764 -0.12682183
 -1.00850546 -0.60991353]"
1749055016.476813,"[ 0.00000000e+00  5.37064617e-01  1.09531175e+00 -2.91386388e+00
 -2.03126380e+00  5.16653251e-05  6.39817927e-01  1.57107796e+00]","[ 0.00000000e+00  1.59566278e-04 -1.43276452e-01 -1.65578286e-04
 -1.26675712e-01  1.05820616e-05 -3.60850238e-01 -1.05899522e-05]","[ 0.          0.0846699  13.89685059 -1.04335392 -0.73232025 -0.10276197
 -0.92023736 -0.61913711]"
1749055016.4785788,"[ 0.00000000e+00  5.37065083e-01  1.09516987e+00 -2.91386442e+00
 -2.03139536e+00  5.16653251e-05  6.39469785e-01  1.57107796e+00]","[ 0.00000000e+00  2.65996900e-04 -1.43961950e-01 -6.62395490e-05
 -1.23879618e-01  1.05820616e-05 -3.53017416e-01 -1.05899522e-05]","[ 0.          0.04349323 14.00510406 -1.01863432 -0.69423836 -0.09647731
 -0.80867755 -0.63982475]"
1749055016.4802983,"[ 0.00000000e+00  5.37065549e-01  1.09487686e+00 -2.91386495e+00
 -2.03163372e+00  5.16653251e-05  6.38773435e-01  1.57107796e+00]","[ 0.00000000e+00  2.19406909e-04 -1.42071272e-01  0.00000000e+00
 -1.19923276e-01  1.05820616e-05 -3.36782053e-01 -1.05899522e-05]","[ 0.          0.02539994 14.14381218 -0.93276674 -0.6367721  -0.10365985
 -0.81213838 -0.60210776]"
1749055016.4814086,"[ 0.00000000e+00  5.37065549e-01  1.09473777e+00 -2.91386442e+00
 -2.03175090e+00  5.16653251e-05  6.38444269e-01  1.57107796e+00]","[ 0.00000000e+00  2.22189315e-04 -1.40990877e-01  5.27881270e-05
 -1.18842890e-01  1.05819570e-05 -3.33840492e-01 -1.05900569e-05]","[ 0.00000000e+00  1.31921247e-02  1.41986761e+01 -9.20012534e-01
 -6.31462574e-01 -1.03400365e-01 -8.78135741e-01 -5.92006445e-01]"
1749055016.483205,"[ 0.00000000e+00  5.37065549e-01  1.09445215e+00 -2.91386388e+00
 -2.03198925e+00  5.16653251e-05  6.37788798e-01  1.57107796e+00]","[ 0.00000000e+00  1.52638548e-04 -1.38293969e-01  8.83157386e-05
 -1.15601723e-01  2.11481571e-05 -3.31949814e-01 -1.05819570e-05]","[ 0.         -0.06215584 14.29841995 -0.87066686 -0.79359716 -0.12132295
 -0.82137501 -0.59638792]"
1749055016.4848828,"[ 0.00000000e+00  5.37065549e-01  1.09431713e+00 -2.91386388e+00
 -2.03210323e+00  5.16653251e-05  6.37436795e-01  1.57107796e+00]","[ 0.00000000e+00  1.50994244e-04 -1.36939419e-01  1.33313595e-04
 -1.15601723e-01  2.11479478e-05 -3.31515918e-01 -1.05819570e-05]","[ 0.         -0.068055   14.35089397 -0.82506424 -0.89929879 -0.13919058
 -0.79391122 -0.60621107]"
1749055016.4866114,"[ 0.00000000e+00  5.37065549e-01  1.09405494e+00 -2.91386362e+00
 -2.03232481e+00  5.16653251e-05  6.36794707e-01  1.57107796e+00]","[ 0.00000000e+00  7.54971222e-05 -1.31267377e-01  1.32835457e-04
 -1.11550256e-01  2.11639139e-05 -3.23788590e-01 -1.05899522e-05]","[ 0.         -0.07326128 14.41124153 -0.80255681 -1.06770754 -0.12529697
 -0.73310137 -0.61816418]"
1749055016.4877748,"[ 0.00000000e+00  5.37065549e-01  1.09379135e+00 -2.91386388e+00
 -2.03255118e+00  5.16653251e-05  6.36139236e-01  1.57107796e+00]","[ 0.00000000e+00  0.00000000e+00 -1.27641150e-01  1.05849015e-04
 -1.08849286e-01  2.11641232e-05 -3.18977490e-01 -1.05819570e-05]","[ 0.         -0.07910663 14.46133995 -0.75752228 -1.11813867 -0.1378205
 -0.81138563 -0.61240131]"
1749055016.4895053,"[ 0.00000000e+00  5.37065549e-01  1.09366878e+00 -2.91386388e+00
 -2.03265690e+00  5.16653251e-05  6.35823385e-01  1.57107796e+00]","[ 0.00000000e+00  0.00000000e+00 -1.24244837e-01  7.05660073e-05
 -1.07228694e-01  2.11641232e-05 -3.20335602e-01 -1.05819570e-05]","[ 0.         -0.09371363 14.44175243 -0.73041427 -1.13125539 -0.11940183
 -0.78447533 -0.61026388]"
1749055016.4912434,"[ 0.00000000e+00  5.37065549e-01  1.09342950e+00 -2.91386362e+00
 -2.03287049e+00  5.16653251e-05  6.35201271e-01  1.57107796e+00]","[ 0.00000000e+00  0.00000000e+00 -1.21003670e-01  1.76415018e-05
 -1.03720479e-01  2.11481571e-05 -3.14074910e-01  0.00000000e+00]","[ 0.         -0.07791204 14.3963871  -0.68122095 -1.15722382 -0.10848697
 -0.66847509 -0.59730983]"
1749055016.4929738,"[ 0.00000000e+00  5.37065549e-01  1.09331152e+00 -2.91386362e+00
 -2.03297089e+00  5.16653251e-05  6.34878762e-01  1.57107796e+00]","[ 0.00000000e+00  0.00000000e+00 -1.19653181e-01  1.76415018e-05
 -1.01826747e-01  2.11479478e-05 -3.03680592e-01  0.00000000e+00]","[ 0.         -0.05215881 14.37865543 -0.68027163 -1.14867461 -0.12929784
 -0.62414116 -0.59248787]"
1749055016.4940746,"[ 0.00000000e+00  5.37065549e-01  1.09306311e+00 -2.91386309e+00
 -2.03317356e+00  5.16653251e-05  6.34306049e-01  1.57107796e+00]","[ 0.00000000e+00  0.00000000e+00 -1.21543868e-01  4.68069783e-05
 -1.02907141e-01  2.11639139e-05 -2.85763144e-01  0.00000000e+00]","[ 0.00000000e+00 -2.96502281e-03  1.43117085e+01 -6.61926270e-01
 -9.86455381e-01 -1.58832908e-01 -6.28266752e-01 -6.18036330e-01]"
1749055016.4957814,"[ 0.00000000e+00  5.37065549e-01  1.09294320e+00 -2.91386309e+00
 -2.03328195e+00  5.16653251e-05  6.34028282e-01  1.57107796e+00]","[ 0.00000000e+00  0.00000000e+00 -1.21420713e-01  7.80116345e-05
 -1.02062761e-01  2.11641232e-05 -2.81711677e-01  0.00000000e+00]","[ 0.00000000e+00  5.86673059e-03  1.42540932e+01 -6.37527883e-01
 -8.47746670e-01 -1.44073442e-01 -7.21897781e-01 -6.16257429e-01]"
1749055016.4974742,"[ 0.00000000e+00  5.37065549e-01  1.09269020e+00 -2.91386255e+00
 -2.03348355e+00  5.16653251e-05  6.33467020e-01  1.57107796e+00]","[ 0.00000000e+00  0.00000000e+00 -1.24130388e-01  1.02819084e-04
 -1.02096849e-01  2.11641232e-05 -2.71988159e-01  0.00000000e+00]","[ 0.          0.03001432 14.16435528 -0.58526081 -0.63043392 -0.11509579
 -0.72208261 -0.6248126 ]"
1749055016.4985633,"[ 0.00000000e+00  5.37065549e-01  1.09256896e+00 -2.91386229e+00
 -2.03358342e+00  5.16653251e-05  6.33203501e-01  1.57107796e+00]","[ 0.00000000e+00  0.00000000e+00 -1.22894348e-01  1.11446822e-04
 -1.01183926e-01  2.11639139e-05 -2.67125577e-01  0.00000000e+00]","[ 0.          0.04281704 14.15322971 -0.52922714 -0.52402121 -0.1108403
 -0.68538427 -0.6303193 ]"
1749055016.5003514,"[ 0.00000000e+00  5.37065549e-01  1.09232242e+00 -2.91386175e+00
 -2.03378555e+00  5.16653251e-05  6.32695503e-01  1.57107796e+00]","[ 0.00000000e+00  0.00000000e+00 -1.25865421e-01  1.58970968e-04
 -9.72981660e-02  2.11479478e-05 -2.53891630e-01  0.00000000e+00]","[ 0.          0.04666231 14.11361027 -0.46888658 -0.40266427 -0.09840004
 -0.45672917 -0.57493842]"
1749055016.5015137,"[ 0.00000000e+00  5.37065549e-01  1.09219931e+00 -2.91386122e+00
 -2.03387983e+00  5.16653251e-05  6.32397761e-01  1.57107796e+00]","[ 0.00000000e+00  0.00000000e+00 -1.24785034e-01  1.76151640e-04
 -9.56145072e-02  2.11639139e-05 -2.45256514e-01  0.00000000e+00]","[ 0.          0.05102082 14.03655434 -0.44517663 -0.32251891 -0.07020938
 -0.39981005 -0.58171892]"
1749055016.5039291,"[ 0.00000000e+00  5.37065549e-01  1.09193852e+00 -2.91386069e+00
 -2.03406119e+00  5.16653251e-05  6.31934504e-01  1.57107796e+00]","[ 0.00000000e+00  0.00000000e+00 -1.27486012e-01  1.68898102e-04
 -9.03909747e-02  2.11641232e-05 -2.32553934e-01  0.00000000e+00]","[ 0.          0.10607854 13.91304302 -0.36042964 -0.05607906 -0.07965966
 -0.55765867 -0.59348828]"
1749055016.5056531,"[ 0.00000000e+00  5.37065549e-01  1.09168552e+00 -2.91386042e+00
 -2.03423935e+00  5.16653251e-05  6.31474044e-01  1.57107689e+00]","[ 0.00000000e+00  0.00000000e+00 -1.29106596e-01  1.65598864e-04
 -8.61610926e-02  2.11639139e-05 -2.22020133e-01 -1.05820616e-05]","[ 0.          0.14415446 13.88192272 -0.30814925  0.08918316 -0.06279144
 -0.59142292 -0.6010046 ]"
1749055016.507427,"[ 0.00000000e+00  5.37066015e-01  1.09142334e+00 -2.91385936e+00
 -2.03440553e+00  5.16653251e-05  6.31036420e-01  1.57107689e+00]","[ 0.00000000e+00  1.96666620e-05 -1.27087013e-01  1.87670950e-04
 -7.92428326e-02  2.11639139e-05 -2.11198944e-01 -1.05900569e-05]","[ 0.          0.22908972 13.89595222 -0.23023352  0.09091063 -0.09069218
 -0.47697446 -0.59749234]"
1749055016.508607,"[ 0.00000000e+00  5.37066015e-01  1.09129704e+00 -2.91385882e+00
 -2.03447851e+00  5.16653251e-05  6.30830957e-01  1.57107689e+00]","[ 0.00000000e+00  1.96666620e-05 -1.28156180e-01  2.01513584e-04
 -7.39317237e-02  2.11641232e-05 -2.08515244e-01 -1.05819570e-05]","[ 0.          0.28233042 13.93187904 -0.21882014  0.07811587 -0.12818325
 -0.43813226 -0.59788066]"
1749055016.5103924,"[ 0.00000000e+00  5.37066015e-01  1.09103578e+00 -2.91385856e+00
 -2.03461246e+00  5.16653251e-05  6.30429485e-01  1.57107689e+00]","[ 0.00000000e+00  1.89252490e-05 -1.27390380e-01  2.03504453e-04
 -6.58370123e-02  2.11639139e-05 -2.00682421e-01 -1.05899522e-05]","[ 0.          0.35004881 13.89172363 -0.13358115  0.02499105 -0.1314493
 -0.48722264 -0.60799724]"
1749055016.5121243,"[ 0.00000000e+00  5.37066015e-01  1.09090808e+00 -2.91385856e+00
 -2.03467318e+00  5.16653251e-05  6.30037535e-01  1.57107689e+00]","[ 0.00000000e+00  1.89245765e-05 -1.29646785e-01  1.96123512e-04
 -6.15822255e-02  2.11799045e-05 -1.89079411e-01 -1.05820616e-05]","[ 0.          0.39024493 13.86918068 -0.10016973 -0.02066192 -0.11488832
 -0.61078262 -0.62556285]"
1749055016.5139372,"[ 0.00000000e+00  5.37066448e-01  1.09065555e+00 -2.91385749e+00
 -2.03478397e+00  5.16653251e-05  6.29858703e-01  1.57107689e+00]","[ 0.00000000e+00  2.74977925e-05 -1.27087013e-01  2.17632634e-04
 -5.13185192e-02  2.11641232e-05 -1.81505497e-01 -1.05820616e-05]","[ 0.00000000e+00  4.87818301e-01  1.39132471e+01  8.80185235e-03
 -2.15627283e-01 -7.84944817e-02 -5.84113896e-01 -6.15485668e-01]"
1749055016.5150626,"[ 0.00000000e+00  5.37066914e-01  1.09039655e+00 -2.91385669e+00
 -2.03487345e+00  5.16653251e-05  6.29522879e-01  1.57107689e+00]","[ 0.00000000e+00  4.57100904e-05 -1.26387300e-01  2.29910645e-04
 -4.37557908e-02  2.11639139e-05 -1.66920246e-01 -1.05899522e-05]","[ 0.          0.56011325 13.98725891  0.04555916 -0.57414049 -0.08014339
 -0.54187483 -0.61239988]"
1749055016.516841,"[ 0.00000000e+00  5.37066914e-01  1.09027305e+00 -2.91385616e+00
 -2.03491739e+00  5.16653251e-05  6.29350705e-01  1.57107689e+00]","[ 0.00000000e+00  4.42135862e-05 -1.25325232e-01  2.39747013e-04
 -4.13378736e-02  2.11639139e-05 -1.61996427e-01 -1.05819570e-05]","[ 0.          0.6216343  14.0263443   0.09384873 -0.74414951 -0.10426644
 -0.58056676 -0.61632913]"
1749055016.5180612,"[ 0.00000000e+00  5.37067380e-01  1.09002418e+00 -2.91385430e+00
 -2.03499329e+00  5.16653251e-05  6.29192780e-01  1.57107689e+00]","[ 0.00000000e+00  5.97906485e-05 -1.25865421e-01  2.81169929e-04
 -3.78136459e-02  2.11639139e-05 -1.60167801e-01 -1.05820616e-05]","[ 0.          0.70015031 14.17798615  0.1465112  -0.98708475 -0.09075683
 -0.6052534  -0.59471887]"
1749055016.5198786,"[ 0.00000000e+00  5.37067846e-01  1.08989235e+00 -2.91385403e+00
 -2.03502898e+00  5.16653251e-05  6.29036785e-01  1.57107689e+00]","[ 0.00000000e+00  7.68712330e-05 -1.24013617e-01  2.80841878e-04
 -3.61930625e-02  2.11639139e-05 -1.58116751e-01 -1.05739739e-05]","[ 0.          0.71845293 14.22048759  0.16608046 -1.09190559 -0.09292271
 -0.66100132 -0.59616715]"
1749055016.520943,"[ 0.00000000e+00  5.37068745e-01  1.08964900e+00 -2.91385297e+00
 -2.03509796e+00  5.16653251e-05  6.28718138e-01  1.57107689e+00]","[ 0.00000000e+00  9.63982066e-05 -1.22769837e-01  3.02631945e-04
 -3.26817948e-02  2.11641232e-05 -1.54339223e-01 -1.05819570e-05]","[ 0.          0.86476266 14.38844967  0.22947757 -1.25397956 -0.0788764
 -0.72793597 -0.60690916]"
1749055016.5226858,"[ 0.00000000e+00  5.37069211e-01  1.08953009e+00 -2.91385243e+00
 -2.03512912e+00  5.16653251e-05  6.28568735e-01  1.57107689e+00]","[ 0.00000000e+00  1.08973686e-04 -1.20463473e-01  3.09105065e-04
 -3.16014045e-02  2.11641232e-05 -1.51524678e-01 -1.05819570e-05]","[ 0.          0.86081016 14.56339169  0.26458558 -1.31981564 -0.08269462
 -0.66475874 -0.61630815]"
1749055016.5244887,"[ 0.00000000e+00  5.37070609e-01  1.08928442e+00 -2.91385110e+00
 -2.03518877e+00  5.21979574e-05  6.28265267e-01  1.57107689e+00]","[ 0.00000000e+00  1.39829384e-04 -1.18864253e-01  3.28018483e-04
 -2.83368350e-02  2.64748795e-05 -1.46950316e-01 -1.05820616e-05]","[ 0.          0.95589823 14.6388483   0.31292036 -1.317101   -0.0840375
 -0.61899185 -0.58906049]"
1749055016.5255334,"[ 0.00000000e+00  5.37071042e-01  1.08917010e+00 -2.91385057e+00
 -2.03521647e+00  5.21979574e-05  6.28123521e-01  1.57107689e+00]","[ 0.00000000e+00  1.50448933e-04 -1.15871817e-01  3.32716888e-04
 -2.80901368e-02  2.64548924e-05 -1.43546264e-01 -1.05819570e-05]","[ 0.          0.98931885 14.61323738  0.3360675  -1.29910743 -0.0810869
 -0.64552647 -0.58522344]"
1749055016.5273035,"[ 0.00000000e+00  5.37072906e-01  1.08894506e+00 -2.91384977e+00
 -2.03527559e+00  5.21979574e-05  6.27842890e-01  1.57107689e+00]","[ 0.00000000e+00  1.90123938e-04 -1.13711036e-01  3.44437105e-04
 -2.67632335e-02  2.64551545e-05 -1.35287576e-01 -1.05819570e-05]","[ 0.          1.03640127 14.62150669  0.35062271 -1.18754983 -0.07114804
 -0.6760205  -0.59624547]"
1749055016.5290003,"[ 0.00000000e+00  5.37073805e-01  1.08882522e+00 -2.91384924e+00
 -2.03530222e+00  5.21979574e-05  6.27713527e-01  1.57107689e+00]","[ 0.00000000e+00  2.05332386e-04 -1.12739648e-01  3.49122864e-04
 -2.70097486e-02  2.64748795e-05 -1.31267377e-01 -1.05819570e-05]","[ 0.          1.03706181 14.63879395  0.32215923 -1.14546657 -0.06254752
 -0.63831043 -0.60492033]"
1749055016.5301845,"[ 0.00000000e+00  5.37075636e-01  1.08860112e+00 -2.91384844e+00
 -2.03535096e+00  5.21979574e-05  6.27469981e-01  1.57107689e+00]","[ 0.00000000e+00  2.39492888e-04 -1.14521328e-01  3.66217809e-04
 -2.64721396e-02  2.64548924e-05 -1.20463473e-01 -1.05820616e-05]","[ 0.          1.13612783 14.50043392  0.32928073 -0.98291838 -0.0758645
 -0.56782061 -0.62131375]"
1749055016.5319788,"[ 0.00000000e+00  5.37076568e-01  1.08848953e+00 -2.91384737e+00
 -2.03538185e+00  5.21979574e-05  6.27347276e-01  1.57107689e+00]","[ 0.00000000e+00  2.52508227e-04 -1.13170839e-01  3.81189345e-04
 -2.54470077e-02  1.58729355e-05 -1.15604261e-01 -1.05820616e-05]","[ 0.          1.19967771 14.41607475  0.33822036 -0.86809808 -0.06858671
 -0.54082376 -0.60444057]"
1749055016.5331526,"[ 0.00000000e+00  5.37079764e-01  1.08826043e+00 -2.91384657e+00
 -2.03542579e+00  5.21979574e-05  6.27130361e-01  1.57107689e+00]","[ 0.00000000e+00  3.12176608e-04 -1.11737517e-01  3.90061684e-04
 -2.10676037e-02  1.58969375e-05 -1.09119380e-01 -1.05819570e-05]","[ 0.          1.23289084 14.30573082  0.29269832 -0.65583181 -0.07967953
 -0.45967877 -0.61088192]"
1749055016.5349247,"[ 0.00000000e+00  5.37081628e-01  1.08815204e+00 -2.91384604e+00
 -2.03544470e+00  5.21979574e-05  6.27025766e-01  1.57107689e+00]","[ 0.00000000e+00  3.45297073e-04 -1.09929672e-01  4.02063561e-04
 -1.91769216e-02  1.58969375e-05 -1.06148308e-01 -1.05819570e-05]","[ 0.          1.29900217 14.25016689  0.27575183 -0.49639633 -0.08110851
 -0.4581739  -0.59968078]"
1749055016.5360444,"[ 0.00000000e+00  5.37085756e-01  1.08793073e+00 -2.91384524e+00
 -2.03547266e+00  5.21979574e-05  6.26825030e-01  1.57107689e+00]","[ 0.00000000e+00  4.38105246e-04 -1.08081205e-01  4.30786560e-04
 -1.21420713e-02  1.59089679e-05 -9.47904752e-02 -1.05819570e-05]","[ 0.          1.31248975 14.17603302  0.24140036 -0.31044826 -0.0592798
 -0.43116543 -0.59388602]"
1749055016.5377896,"[ 0.00000000e+00  5.37088053e-01  1.08782374e+00 -2.91384471e+00
 -2.03548145e+00  5.21979574e-05  6.26735614e-01  1.57107689e+00]","[ 0.00000000e+00  5.71479195e-04 -1.08579183e-01  4.42122484e-04
 -8.91321630e-03  1.58969375e-05 -9.07527485e-02 -1.05819570e-05]","[ 0.          1.32490158 14.07057476  0.21803316 -0.26087058 -0.07118479
 -0.38874838 -0.58904362]"
1749055016.5394986,"[ 0.00000000e+00  5.37093113e-01  1.08760743e+00 -2.91384418e+00
 -2.03548784e+00  5.21979574e-05  6.26569100e-01  1.57107689e+00]","[ 0.00000000e+00  1.22493538e-03 -1.10357942e-01  4.46419205e-04
 -1.25384225e-03  1.58969375e-05 -7.97443724e-02 -1.05819570e-05]","[ 0.          1.36269641 13.99874783  0.16313681 -0.19487923 -0.06173727
 -0.34754977 -0.60519129]"
1749055016.5407016,"[ 0.00000000e+00  5.37095842e-01  1.08749677e+00 -2.91384391e+00
 -2.03548651e+00  5.21979574e-05  6.26492068e-01  1.57107689e+00]","[ 0.00000000e+00  1.70788443e-03 -1.12474622e-01  4.39666440e-04
  1.35048743e-03  1.59089679e-05 -7.79790794e-02 -1.05739739e-05]","[ 0.          1.36269641 14.00370502  0.14294203 -0.16866279 -0.05671087
 -0.3462407  -0.61043143]"
1749055016.5424683,"[ 0.00000000e+00  5.37101835e-01  1.08726674e+00 -2.91384285e+00
 -2.03548145e+00  5.21979574e-05  6.26348391e-01  1.57107689e+00]","[ 0.00000000e+00  2.63301483e-03 -1.12360547e-01  4.57897748e-04
  2.16004939e-03  1.59089679e-05 -7.13057304e-02 -1.05819570e-05]","[ 0.          1.3294853  14.08287716  0.08772243 -0.2524043  -0.04226806
 -0.35882762 -0.61277187]"
1749055016.5435991,"[ 0.00000000e+00  5.37105496e-01  1.08715469e+00 -2.91384285e+00
 -2.03548039e+00  5.21979574e-05  6.26275154e-01  1.57107689e+00]","[ 0.00000000e+00  2.89664854e-03 -1.13711036e-01  4.58806155e-04
  1.89068235e-03  1.58969375e-05 -6.89613247e-02 -1.05819570e-05]","[ 0.          1.32731616 14.0869112   0.05642139 -0.3209627  -0.04379277
 -0.36768109 -0.61043286]"
1749055016.545342,"[ 0.00000000e+00  5.37113286e-01  1.08690808e+00 -2.91384205e+00
 -2.03548358e+00  5.21979574e-05  6.26155312e-01  1.57107689e+00]","[ 0.00000000e+00  3.51045801e-03 -1.10782233e-01  4.50959907e-04
  0.00000000e+00  1.58969375e-05 -5.88812517e-02 -1.05819570e-05]","[ 0.00000000e+00  1.32852638e+00  1.41680021e+01  9.81342513e-03
 -4.26864922e-01 -4.07016464e-02 -3.69341999e-01 -6.28277183e-01]"
