Time,Position,Velocity,Effort
1746810080.7534766,"[ 0.00000000e+00 -3.08926686e-04  2.95283246e-01  3.13992765e+00
 -2.26994296e+00 -4.74042674e-05  9.59807851e-01  1.57101803e+00]","[ 0.00000000e+00 -2.21479940e-02  8.84244968e-04 -1.77878105e-02
  1.32375710e-04  1.05819570e-05  0.00000000e+00  0.00000000e+00]","[ 0.         -1.02889216  9.93142223 -0.83245629 -3.86669374  0.29802436
 -0.5152393  -0.3996802 ]"
1746810080.7552726,"[ 0.00000000e+00 -3.33960401e-04  2.95284610e-01  3.13990235e+00
 -2.26994296e+00 -4.74042674e-05  9.59807851e-01  1.57101803e+00]","[ 0.00000000e+00 -2.35500610e-02  9.33367157e-04 -2.56592596e-02
  1.29726918e-04  1.05819570e-05  0.00000000e+00  0.00000000e+00]","[ 0.         -0.98303378  9.90619659 -0.79934788 -3.8442719   0.27910918
 -0.4997724  -0.40774927]"
1746810080.7570257,"[ 0.00000000e+00 -3.81897300e-04  2.95287374e-01  3.13982724e+00
 -2.26994269e+00 -4.74042674e-05  9.59807851e-01  1.57101803e+00]","[ 0.00000000e+00 -2.42841426e-02  1.01776856e-03 -4.21352073e-02
  1.26983484e-04  1.05818513e-05  0.00000000e+00  0.00000000e+00]","[ 0.         -0.88903725  9.8788538  -0.7114867  -3.80032396  0.26818618
 -0.50290269 -0.4234086 ]"
1746810080.7581112,"[ 0.00000000e+00 -4.35160522e-04  2.95290137e-01  3.13972152e+00
 -2.26994269e+00 -4.74042674e-05  9.59807851e-01  1.57101803e+00]","[ 0.00000000e+00 -2.75499417e-02  1.10944352e-03 -5.45596902e-02
  1.27080686e-04  1.05819570e-05  0.00000000e+00  0.00000000e+00]","[ 0.         -0.74646139  9.85576248 -0.61697108 -3.77963042  0.25831026
 -0.51094109 -0.43736753]"
1746810080.7598634,"[ 0.00000000e+00 -4.67118455e-04  2.95291967e-01  3.13966319e+00
 -2.26994269e+00 -4.74042674e-05  9.59807851e-01  1.57101803e+00]","[ 0.00000000e+00 -3.00922160e-02  1.18198059e-03 -5.90914167e-02
  1.21785654e-04  1.05819570e-05  0.00000000e+00  0.00000000e+00]","[ 0.         -0.68049443  9.86303616 -0.53682292 -3.76269627  0.27315986
 -0.50924963 -0.42776012]"
1746810080.761658,"[ 0.00000000e+00 -5.31034321e-04  2.95296095e-01  3.13953057e+00
 -2.26994269e+00 -4.74042674e-05  9.59807851e-01  1.57101803e+00]","[ 0.00000000e+00 -3.34581521e-02  1.35958392e-03 -6.64536423e-02
  1.19047015e-04  1.05820616e-05  0.00000000e+00  0.00000000e+00]","[ 0.         -0.51681     9.87098598 -0.38498786 -3.77321529  0.22936356
 -0.50241446 -0.42425153]"
1746810080.7662811,"[ 0.00000000e+00 -6.02939671e-04  2.95301155e-01  3.13938756e+00
 -2.26994216e+00 -4.84695318e-05  9.59807851e-01  1.57101803e+00]","[ 0.         -0.03560912  0.0017312  -0.0742768   0.00011914  0.
  0.          0.        ]","[ 0.         -0.36297271  9.88238621 -0.22796246 -3.72758102  0.24324897
 -0.50568706 -0.4237504 ]"
1746810080.7662983,"[ 0.00000000e+00 -6.70051330e-04  2.95307114e-01  3.13923442e+00
 -2.26994216e+00 -4.84695318e-05  9.59807851e-01  1.57101803e+00]","[ 0.         -0.03295189  0.00218316 -0.07805817  0.00011376  0.
  0.          0.        ]","[ 0.         -0.18252653  9.89469433 -0.09856254 -3.76515579  0.19139329
 -0.51935917 -0.41717899]"
1746810080.7681115,"[ 0.00000000e+00 -7.31304035e-04  2.95314904e-01  3.13907224e+00
 -2.26994216e+00 -4.84695318e-05  9.59807851e-01  1.57101803e+00]","[ 0.         -0.02856071  0.00315509 -0.07967876  0.00010855  0.
  0.          0.        ]","[ 0.         -0.02784832  9.93529892  0.05707729 -3.78080916  0.16370174
 -0.52715135 -0.42085487]"
1746810080.769772,"[ 0.00000000e+00 -7.84567257e-04  2.95323626e-01  3.13890499e+00
 -2.26994216e+00 -4.84695318e-05  9.59807851e-01  1.57101803e+00]","[ 0.         -0.02646955  0.00410634 -0.08175052  0.00010053  0.
  0.          0.        ]","[ 0.          0.09068621  9.95571995  0.14282581 -3.83410621  0.12636685
 -0.52790582 -0.40814346]"
1746810080.7721417,"[ 0.00000000e+00 -8.31971525e-04  2.95336043e-01  3.13874307e+00
 -2.26994216e+00 -4.95347963e-05  9.59807851e-01  1.57101803e+00]","[ 0.00000000e+00 -2.32283823e-02  5.61774274e-03 -8.23797284e-02
  9.53105108e-05 -1.05819570e-05  0.00000000e+00  0.00000000e+00]","[ 0.          0.18967175  9.94894314  0.2333031  -3.83608174  0.12143282
 -0.51969999 -0.39208063]"
1746810080.7732315,"[ 0.00000000e+00 -8.77777895e-04  2.95351190e-01  3.13857503e+00
 -2.26994216e+00 -4.95347963e-05  9.59807851e-01  1.57101803e+00]","[ 0.00000000e+00 -2.10462568e-02  7.69777819e-03 -8.56209037e-02
  8.99466322e-05 -2.11639139e-05  0.00000000e+00  0.00000000e+00]","[ 0.          0.24769205  9.92782116  0.27783647 -3.86993313  0.11378434
 -0.52042931 -0.39520013]"
1746810080.774977,"[ 0.00000000e+00 -8.98017920e-04  2.95361310e-01  3.13848075e+00
 -2.26994216e+00 -4.95347963e-05  9.59807851e-01  1.57101803e+00]","[ 0.00000000e+00 -2.05274085e-02  8.97256422e-03 -8.87720308e-02
  8.99466322e-05 -2.11641232e-05  0.00000000e+00  0.00000000e+00]","[ 0.          0.30183801  9.93708134  0.31273067 -3.88973927  0.0978868
 -0.5117175  -0.39956394]"
1746810080.776102,"[ 0.00000000e+00 -9.34769543e-04  2.95385644e-01  3.13830205e+00
 -2.26994163e+00 -4.95347963e-05  9.59807851e-01  1.57101803e+00]","[ 0.00000000e+00 -1.65507181e-02  1.29515433e-02 -9.23733403e-02
  9.25921245e-05 -2.11479478e-05  0.00000000e+00  0.00000000e+00]","[ 0.          0.31686914  9.88278484  0.31457219 -3.85615277  0.08524589
 -0.49898046 -0.39589426]"
1746810080.7778287,"[ 0.00000000e+00 -9.49150613e-04  2.95400325e-01  3.13820165e+00
 -2.26994163e+00 -4.95347963e-05  9.59807851e-01  1.57101803e+00]","[ 0.00000000e+00 -1.45852636e-02  1.48553612e-02 -9.44507724e-02
  8.73011481e-05 -2.11479478e-05  0.00000000e+00  0.00000000e+00]","[ 0.          0.34506348  9.84438324  0.30202723 -3.83452415  0.08703948
 -0.49689749 -0.40101299]"
1746810080.779516,"[ 0.00000000e+00 -9.72586430e-04  2.95434313e-01  3.13801017e+00
 -2.26994136e+00 -4.95347963e-05  9.59807851e-01  1.57101803e+00]","[ 0.00000000e+00 -8.52612739e-03  1.68014870e-02 -9.77752879e-02
  8.47204549e-05 -2.11639139e-05  0.00000000e+00  0.00000000e+00]","[ 0.          0.36534309  9.80445194  0.30193457 -3.78717136  0.08982028
 -0.47782826 -0.40753394]"
1746810080.7812457,"[ 0.00000000e+00 -9.77912752e-04  2.95452223e-01  3.13791137e+00
 -2.26994136e+00 -4.95347963e-05  9.59807851e-01  1.57101803e+00]","[ 0.00000000e+00 -5.40194971e-03  1.80965312e-02 -1.00206163e-01
  8.46556558e-05 -2.11481571e-05  0.00000000e+00  0.00000000e+00]","[ 0.          0.34277081  9.78307629  0.31525019 -3.78053308  0.08810836
 -0.461523   -0.40018281]"
1746810080.7824206,"[ 0.00000000e+00 -9.82173810e-04  2.95487111e-01  3.13769645e+00
 -2.26994083e+00 -4.95347963e-05  9.59807851e-01  1.57101803e+00]","[ 0.00000000e+00 -5.40194952e-04  1.78264326e-02 -1.06325824e-01
  8.73011481e-05 -2.11639139e-05 -1.05819570e-05  0.00000000e+00]","[ 0.          0.31793183  9.7328577   0.29584432 -3.74073267  0.09317204
 -0.46103868 -0.41538495]"
1746810080.7841976,"[ 0.00000000e+00 -9.81108546e-04  2.95505020e-01  3.13759046e+00
 -2.26994030e+00 -4.95347963e-05  9.59807851e-01  1.57101803e+00]","[ 0.00000000e+00  1.00307384e-03  1.68014870e-02 -1.07389874e-01
  8.73679709e-05 -2.11639139e-05 -1.05820616e-05  0.00000000e+00]","[ 0.          0.3010779   9.6932497   0.27826095 -3.71730042  0.08591621
 -0.46897691 -0.40129408]"
1746810080.7853677,"[ 0.00000000e+00 -9.77912752e-04  2.95534881e-01  3.13737101e+00
 -2.26993976e+00 -4.95347963e-05  9.59808783e-01  1.57101803e+00]","[ 0.00000000e+00  1.40443569e-03  1.45852636e-02 -1.11550256e-01
  8.73020096e-05 -2.11639139e-05  0.00000000e+00  0.00000000e+00]","[ 0.          0.267616    9.65670967  0.22104779 -3.62285542  0.10039058
 -0.45917854 -0.39841956]"
1746810080.7871592,"[ 0.00000000e+00 -9.77380120e-04  2.95549096e-01  3.13725330e+00
 -2.26993950e+00 -4.95347963e-05  9.59808783e-01  1.57101803e+00]","[ 0.00000000e+00  1.19246029e-03  1.32907280e-02 -1.10839658e-01
  8.99466322e-05 -2.11641232e-05  0.00000000e+00  0.00000000e+00]","[ 0.          0.27160448  9.65643501  0.21261829 -3.59295702  0.10630381
 -0.450275   -0.3842214 ]"
1746810080.7882998,"[ 0.00000000e+00 -9.80575913e-04  2.95571599e-01  3.13703625e+00
 -2.26993950e+00 -4.95347963e-05  9.59808783e-01  1.57101803e+00]","[ 0.00000000e+00 -2.64991160e-04  1.10627764e-02 -1.09929672e-01
  8.46556558e-05 -2.11479478e-05  0.00000000e+00  0.00000000e+00]","[ 0.          0.24485633  9.65122318  0.16656466 -3.56891203  0.11237413
 -0.43782946 -0.37806523]"
1746810080.7901351,"[ 0.00000000e+00 -9.80575913e-04  2.95580787e-01  3.13693106e+00
 -2.26993896e+00 -4.95347963e-05  9.59808783e-01  1.57101803e+00]","[ 0.00000000e+00 -2.12755037e-04  9.18331389e-03 -1.06688505e-01
  8.99466322e-05 -2.11639139e-05  0.00000000e+00  0.00000000e+00]","[ 0.          0.2320607   9.63868523  0.14580615 -3.59150505  0.11486209
 -0.42598924 -0.35461792]"
1746810080.791268,"[ 0.00000000e+00 -9.80575913e-04  2.95598231e-01  3.13671854e+00
 -2.26993896e+00 -4.95347963e-05  9.59808783e-01  1.57101803e+00]","[ 0.00000000e+00 -4.38813819e-04  8.27535905e-03 -1.02907141e-01
  8.20729389e-05 -2.11639139e-05  0.00000000e+00  0.00000000e+00]","[ 0.          0.20304048  9.66762924  0.08632851 -3.63072085  0.12174872
 -0.44139597 -0.385625  ]"
1746810080.7931066,"[ 0.00000000e+00 -9.79510649e-04  2.95606054e-01  3.13661867e+00
 -2.26993896e+00 -4.95347963e-05  9.59808783e-01  1.57101803e+00]","[ 0.00000000e+00 -3.51051055e-04  7.82489055e-03 -1.01286549e-01
  8.20101635e-05 -2.11641232e-05  0.00000000e+00  0.00000000e+00]","[ 0.          0.18116462  9.67499924  0.05221089 -3.68154335  0.13797338
 -0.44841772 -0.38339698]"
1746810080.7948217,"[ 0.00000000e+00 -9.79510649e-04  2.95618904e-01  3.13641866e+00
 -2.26993896e+00 -4.95347963e-05  9.59808783e-01  1.57101803e+00]","[ 0.00000000e+00 -8.88757274e-05  6.47577163e-03 -9.67055627e-02
  8.20101635e-05 -2.11639139e-05  0.00000000e+00  0.00000000e+00]","[ 0.00000000e+00  1.55613363e-01  9.73435974e+00  4.53084428e-03
 -3.71588302e+00  1.38034254e-01 -4.49233890e-01 -3.91621679e-01]"
1746810080.7959793,"[ 0.00000000e+00 -9.80043281e-04  2.95626694e-01  3.13632386e+00
 -2.26993896e+00 -4.95347963e-05  9.59808783e-01  1.57101803e+00]","[ 0.00000000e+00  8.88608951e-05  7.27228515e-03 -9.62523260e-02
  7.67191870e-05 -2.11639139e-05  0.00000000e+00  0.00000000e+00]","[ 0.          0.12737446  9.74466896 -0.02985902 -3.782552    0.1312732
 -0.46880993 -0.38696897]"
1746810080.79781,"[ 0.00000000e+00 -9.80575913e-04  2.95641407e-01  3.13614436e+00
 -2.26993896e+00 -4.95347963e-05  9.59808783e-01  1.57101803e+00]","[ 0.00000000e+00  0.00000000e+00  7.42768060e-03 -8.94022679e-02
  7.67199429e-05 -2.11639139e-05  0.00000000e+00  0.00000000e+00]","[ 0.          0.07807277  9.77110004 -0.08043651 -3.82875991  0.14864159
 -0.49384379 -0.37396711]"
1746810080.7989516,"[ 0.00000000e+00 -9.80575913e-04  2.95650129e-01  3.13605301e+00
 -2.26993896e+00 -4.95347963e-05  9.59808783e-01  1.57101803e+00]","[ 0.00000000e+00  0.00000000e+00  8.10292405e-03 -8.60135785e-02
  7.14289177e-05 -2.11639139e-05  0.00000000e+00  0.00000000e+00]","[ 0.          0.05502066  9.80954647 -0.1273656  -3.86586118  0.16437545
 -0.49976745 -0.37648374]"
1746810080.8007824,"[ 0.00000000e+00 -9.80043281e-04  2.95670336e-01  3.13588870e+00
 -2.26993896e+00 -4.95347963e-05  9.59808783e-01  1.57101803e+00]","[ 0.00000000e+00  4.80888602e-05  1.02637042e-02 -8.23797284e-02
  6.88346925e-05 -2.11481571e-05  0.00000000e+00  0.00000000e+00]","[ 0.         -0.01902318  9.84280586 -0.21949808 -3.89464259  0.17963552
 -0.51769477 -0.37593785]"
1746810080.8019693,"[ 0.00000000e+00 -9.80043281e-04  2.95682720e-01  3.13579229e+00
 -2.26993896e+00 -4.95347963e-05  9.59808783e-01  1.57101803e+00]","[ 0.00000000e+00  4.80888602e-05  1.24244839e-02 -7.94122180e-02
  6.87827183e-05 -2.11639139e-05  0.00000000e+00  0.00000000e+00]","[ 0.         -0.03634327  9.85875702 -0.25006369 -3.92444229  0.17761739
 -0.51878977 -0.36892304]"
1746810080.8037848,"[ 0.00000000e+00 -9.80575913e-04  2.95713945e-01  3.13563756e+00
 -2.26993896e+00 -4.95347963e-05  9.59808783e-01  1.57101803e+00]","[ 0.00000000e+00  0.00000000e+00  1.72862385e-02 -7.85983643e-02
  6.34923676e-05 -2.11639139e-05  0.00000000e+00  0.00000000e+00]","[ 0.         -0.11808303  9.87426186 -0.33885777 -3.96407676  0.16419648
 -0.52744925 -0.36425623]"
1746810080.8049448,"[ 0.00000000e+00 -9.80575913e-04  2.95734618e-01  3.13555846e+00
 -2.26993896e+00 -4.95347963e-05  9.59808783e-01  1.57101803e+00]","[ 0.00000000e+00  0.00000000e+00  1.95599403e-02 -8.01376714e-02
  6.35397134e-05 -2.11479478e-05  0.00000000e+00  0.00000000e+00]","[ 0.         -0.14852546  9.86294937 -0.37488988 -3.96531796  0.18130139
 -0.53023124 -0.38272312]"
1746810080.80672,"[ 0.00000000e+00 -9.80575913e-04  2.95782389e-01  3.13539468e+00
 -2.26993843e+00 -4.95347963e-05  9.59808783e-01  1.57101803e+00]","[ 0.00000000e+00  0.00000000e+00  2.56592596e-02 -8.00703267e-02
  6.87827183e-05 -2.11641232e-05  0.00000000e+00  0.00000000e+00]","[ 0.         -0.25057679  9.81924248 -0.40676054 -3.92740655  0.19173788
 -0.51378828 -0.38514671]"
1746810080.808478,"[ 0.00000000e+00 -9.80575913e-04  2.95810385e-01  3.13531319e+00
 -2.26993843e+00 -4.95347963e-05  9.59808783e-01  1.57101803e+00]","[ 0.00000000e+00  0.00000000e+00  2.83602355e-02 -8.26498312e-02
  6.88346925e-05 -2.11639139e-05  0.00000000e+00  0.00000000e+00]","[ 0.         -0.27327865  9.76824856 -0.42201781 -3.90886068  0.19340929
 -0.51106519 -0.38592654]"
1746810080.8095744,"[ 0.00000000e+00 -9.80575913e-04  2.95876498e-01  3.13513502e+00
 -2.26993843e+00 -4.95347963e-05  9.59808783e-01  1.57101803e+00]","[ 0.00000000e+00  0.00000000e+00  3.29518914e-02 -8.87720308e-02
  6.34923676e-05 -2.11639139e-05  0.00000000e+00  0.00000000e+00]","[ 0.         -0.30030403  9.6569767  -0.42495984 -3.84277606  0.19862197
 -0.49829856 -0.389393  ]"
1746810080.8113682,"[ 0.00000000e+00 -9.80043281e-04  2.95943543e-01  3.13495792e+00
 -2.26993790e+00 -4.95347963e-05  9.59808783e-01  1.57101803e+00]","[ 0.00000000e+00  2.52564009e-05  3.34581521e-02 -9.08448856e-02
  6.87827183e-05 -2.11641232e-05  0.00000000e+00  0.00000000e+00]","[ 0.         -0.33863604  9.56378078 -0.43515256 -3.75841641  0.17540914
 -0.49441952 -0.39714307]"
1746810080.8132055,"[ 0.00000000e+00 -9.80043281e-04  2.95979363e-01  3.13486657e+00
 -2.26993763e+00 -4.95347963e-05  9.59808783e-01  1.57101803e+00]","[ 0.00000000e+00  2.40444301e-05  3.36029739e-02 -9.25495667e-02
  6.87827183e-05 -2.11479478e-05  0.00000000e+00  0.00000000e+00]","[ 0.         -0.34648389  9.49490738 -0.44519025 -3.70205879  0.18213396
 -0.47438082 -0.40137863]"
1746810080.8143313,"[ 0.00000000e+00 -9.80575913e-04  2.96045476e-01  3.13467403e+00
 -2.26993657e+00 -4.95347963e-05  9.59808783e-01  1.57101803e+00]","[ 0.00000000e+00  0.00000000e+00  3.34920866e-02 -9.31836320e-02
  7.93654595e-05 -2.11641232e-05  0.00000000e+00  0.00000000e+00]","[ 0.         -0.36411154  9.4347229  -0.44768995 -3.61886883  0.17743555
 -0.46982509 -0.39756486]"
1746810080.8161526,"[ 0.00000000e+00 -9.80575913e-04  2.96078998e-01  3.13458268e+00
 -2.26993630e+00 -4.95347963e-05  9.59808783e-01  1.57101803e+00]","[ 0.00000000e+00  0.00000000e+00  3.40322817e-02 -9.25495667e-02
  8.20101635e-05 -2.11639139e-05  0.00000000e+00  0.00000000e+00]","[ 0.         -0.38035351  9.40183163 -0.42914003 -3.55741262  0.17664206
 -0.44773948 -0.3917473 ]"
1746810080.8173432,"[ 0.00000000e+00 -9.80043281e-04  2.96152934e-01  3.13439120e+00
 -2.26993577e+00 -4.95347963e-05  9.59808783e-01  1.57101803e+00]","[ 0.00000000e+00  2.03512243e-05  3.70788174e-02 -9.42889438e-02
  8.73011481e-05 -2.11639139e-05  0.00000000e+00  0.00000000e+00]","[ 0.         -0.38085645  9.31636047 -0.39583176 -3.51543498  0.17118205
 -0.435756   -0.39676672]"
1746810080.8191645,"[ 0.00000000e+00 -9.80043281e-04  2.96190585e-01  3.13439120e+00
 -2.26993524e+00 -5.06000607e-05  9.59808783e-01  1.57101803e+00]","[ 0.00000000e+00  1.96123512e-05  3.80837445e-02 -9.42889438e-02
  9.25921245e-05 -3.17461838e-05  0.00000000e+00  0.00000000e+00]","[ 0.         -0.36426213  9.21549988 -0.39583176 -3.51796961  0.1814729
 -0.4270637  -0.39054206]"
1746810080.820325,"[ 0.00000000e+00 -9.80043281e-04  2.96265885e-01  3.13420531e+00
 -2.26993470e+00 -5.06000607e-05  9.59808783e-01  1.57101803e+00]","[ 0.00000000e+00  1.89245765e-05  3.78136459e-02 -9.45341127e-02
  9.26620845e-05 -3.17219217e-05  0.00000000e+00  0.00000000e+00]","[ 0.         -0.35649431  9.10331631 -0.38118675 -3.52091217  0.20228493
 -0.42984197 -0.40484655]"
1746810080.822114,"[ 0.00000000e+00 -9.80575913e-04  2.96303569e-01  3.13410970e+00
 -2.26993470e+00 -5.06000607e-05  9.59808783e-01  1.57101803e+00]","[ 0.00000000e+00 -3.78491530e-05  3.56091228e-02 -9.68667505e-02
  9.25930429e-05 -3.17219217e-05  0.00000000e+00  0.00000000e+00]","[ 0.         -0.34629995  9.07561588 -0.38642812 -3.5252645   0.2028109
 -0.43058828 -0.39792562]"
1746810080.8232687,"[ 0.00000000e+00 -9.80043281e-04  2.96367385e-01  3.13390730e+00
 -2.26993444e+00 -5.06000607e-05  9.59808783e-01  1.57101803e+00]","[ 0.00000000e+00 -1.82846616e-05  3.12995622e-02 -9.91468991e-02
  9.54538036e-05 -3.17461838e-05  1.05819570e-05  0.00000000e+00]","[ 0.         -0.36958075  9.0527544  -0.36808527 -3.52768779  0.18426476
 -0.42667735 -0.38993186]"
1746810080.8250732,"[ 0.00000000e+00 -9.80043281e-04  2.96396780e-01  3.13380983e+00
 -2.26993444e+00 -5.06000607e-05  9.59808783e-01  1.57101803e+00]","[ 0.00000000e+00  0.00000000e+00  2.97107224e-02 -9.87555143e-02
  9.54538036e-05 -3.17222367e-05  1.05820616e-05  0.00000000e+00]","[ 0.         -0.37207922  9.05885315 -0.3303982  -3.54222441  0.16163829
 -0.42875272 -0.37989083]"
1746810080.8268368,"[ 0.00000000e+00 -9.80043281e-04  2.96453705e-01  3.13360876e+00
 -2.26993390e+00 -5.06000607e-05  9.59808783e-01  1.57101803e+00]","[ 0.00000000e+00  0.00000000e+00  2.75499417e-02 -9.72981660e-02
  1.00680607e-04 -3.17461838e-05  1.05820616e-05  0.00000000e+00]","[ 0.         -0.34856459  9.15013027 -0.2994701  -3.54576612  0.15382262
 -0.44340584 -0.37461853]"
1746810080.8280084,"[ 0.00000000e+00 -9.80043281e-04  2.96480337e-01  3.13351555e+00
 -2.26993390e+00 -5.06000607e-05  9.59808783e-01  1.57101803e+00]","[ 0.00000000e+00  0.00000000e+00  2.70097486e-02 -9.45341127e-02
  1.00756792e-04 -3.17458709e-05  1.05819570e-05  0.00000000e+00]","[ 0.         -0.32903641  9.21681309 -0.28719404 -3.56223869  0.14671463
 -0.45420712 -0.37837189]"
1746810080.8297632,"[ 0.00000000e+00 -9.80043281e-04  2.96534532e-01  3.13333046e+00
 -2.26993390e+00 -5.06000607e-05  9.59808783e-01  1.57101803e+00]","[ 0.00000000e+00  0.00000000e+00  2.60799204e-02 -9.36288626e-02
  1.00755793e-04 -3.17938749e-05  1.05819570e-05  0.00000000e+00]","[ 0.         -0.29472587  9.29574203 -0.25269353 -3.65258837  0.1511409
 -0.46590695 -0.38960099]"
1746810080.8309104,"[ 0.00000000e+00 -9.80043281e-04  2.96584133e-01  3.13313951e+00
 -2.26993390e+00 -5.06000607e-05  9.59808783e-01  1.57101803e+00]","[ 0.00000000e+00  0.00000000e+00  2.48237906e-02 -9.31836320e-02
  1.00756792e-04 -3.17935580e-05  1.05820616e-05  0.00000000e+00]","[ 0.         -0.29429349  9.43282032 -0.26248872 -3.79738879  0.1397388
 -0.47397801 -0.39801595]"
1746810080.8327634,"[ 0.00000000e+00 -9.80043281e-04  2.96608002e-01  3.13304684e+00
 -2.26993390e+00 -5.06000607e-05  9.59808783e-01  1.57101803e+00]","[ 0.00000000e+00  0.00000000e+00  2.43087727e-02 -9.39939238e-02
  1.00756792e-04 -3.17935580e-05  1.05820616e-05  0.00000000e+00]","[ 0.         -0.30180046  9.49524021 -0.2610614  -3.87756181  0.14154792
 -0.48506704 -0.39998728]"
1746810080.8339329,"[ 0.00000000e+00 -9.80043281e-04  2.96653442e-01  3.13284737e+00
 -2.26993390e+00 -5.06000607e-05  9.59808783e-01  1.57101803e+00]","[ 0.00000000e+00  0.00000000e+00  2.13377002e-02 -9.77996975e-02
  1.00757800e-04 -3.17938749e-05  1.05819570e-05  0.00000000e+00]","[ 0.         -0.31972495  9.63521576 -0.30057171 -3.93132901  0.13808225
 -0.48591381 -0.38632298]"
1746810080.83576,"[ 0.00000000e+00 -9.80043281e-04  2.96672284e-01  3.13275149e+00
 -2.26993390e+00 -5.06000607e-05  9.59808783e-01  1.57101803e+00]","[ 0.00000000e+00  0.00000000e+00  1.91574909e-02 -9.72350907e-02
  1.00680607e-04 -3.17938749e-05  1.05819570e-05  0.00000000e+00]","[ 0.         -0.32934952  9.72547626 -0.29921338 -3.9655056   0.14599881
 -0.51445359 -0.39424786]"
1746810080.836915,"[ 0.00000000e+00 -9.80043281e-04  2.96705806e-01  3.13255495e+00
 -2.26993390e+00 -5.06000607e-05  9.59808783e-01  1.57101803e+00]","[ 0.00000000e+00  0.00000000e+00  1.50461080e-02 -1.00476258e-01
  1.00756792e-04 -3.17935580e-05  1.05820616e-05  0.00000000e+00]","[ 0.         -0.32524434  9.95624065 -0.30658978 -3.95698261  0.15602171
 -0.52301049 -0.39602038]"
1746810080.838703,"[ 0.00000000e+00 -9.80043281e-04  2.96722318e-01  3.13244842e+00
 -2.26993390e+00 -5.06000607e-05  9.59808783e-01  1.57101803e+00]","[ 0.00000000e+00  0.00000000e+00  1.45220739e-02 -1.00307380e-01
  1.00680607e-04 -3.17935580e-05  1.05820616e-05  0.00000000e+00]","[ 0.         -0.33155414 10.0955143  -0.29933831 -3.96382689  0.15900958
 -0.54517627 -0.38352734]"
1746810080.8398392,"[ 0.00000000e+00 -9.80043281e-04  2.96745288e-01  3.13225242e+00
 -2.26993390e+00 -5.06000607e-05  9.59808783e-01  1.57101803e+00]","[ 0.00000000e+00  0.00000000e+00  1.21343076e-02 -9.91257769e-02
  1.00756792e-04 -3.17938749e-05  1.05819570e-05  0.00000000e+00]","[ 0.         -0.36362001 10.31560135 -0.30175117 -4.0039072   0.14865494
 -0.56320971 -0.3679691 ]"
1746810080.8416228,"[ 0.00000000e+00 -9.80043281e-04  2.96760002e-01  3.13215414e+00
 -2.26993390e+00 -5.06000607e-05  9.59808783e-01  1.57101803e+00]","[ 0.00000000e+00  0.00000000e+00  1.20653920e-02 -9.96659659e-02
  1.00756792e-04 -3.17938749e-05  1.05819570e-05  0.00000000e+00]","[ 0.         -0.37191841 10.3589859  -0.3149443  -4.00283527  0.14058527
 -0.55991852 -0.36799413]"
1746810080.8428054,"[ 0.00000000e+00 -9.80043281e-04  2.96771919e-01  3.13205774e+00
 -2.26993390e+00 -5.06000607e-05  9.59807851e-01  1.57101803e+00]","[ 0.00000000e+00  0.00000000e+00  1.21543863e-02 -9.76762183e-02
  1.00755793e-04 -3.17938749e-05  0.00000000e+00  0.00000000e+00]","[ 0.         -0.38990825 10.44842911 -0.32851487 -4.03497839  0.13447861
 -0.55233538 -0.36692572]"
1746810080.8446116,"[ 0.00000000e+00 -9.80043281e-04  2.96796720e-01  3.13186146e+00
 -2.26993390e+00 -5.06000607e-05  9.59807851e-01  1.57101803e+00]","[ 0.00000000e+00  0.00000000e+00  1.29646791e-02 -9.61547045e-02
  1.00680607e-04 -3.17701716e-05  0.00000000e+00  0.00000000e+00]","[ 0.         -0.35642189 10.61202526 -0.33751515 -4.10228157  0.15495969
 -0.55864501 -0.40172908]"
1746810080.8463697,"[ 0.00000000e+00 -9.80043281e-04  2.96811867e-01  3.13176799e+00
 -2.26993390e+00 -5.11326929e-05  9.59807851e-01  1.57101803e+00]","[ 0.00000000e+00  0.00000000e+00  1.42803556e-02 -9.48042155e-02
  1.00757800e-04 -3.70928568e-05  0.00000000e+00  0.00000000e+00]","[ 0.         -0.33746639 10.66089535 -0.34991232 -4.12682199  0.16446836
 -0.58449405 -0.39009616]"
1746810080.847564,"[ 0.00000000e+00 -9.80043281e-04  2.96844491e-01  3.13158050e+00
 -2.26993390e+00 -5.11326929e-05  9.59807851e-01  1.57101803e+00]","[ 0.00000000e+00  0.00000000e+00  1.72862385e-02 -9.02766419e-02
  1.00681614e-04 -3.70928568e-05  0.00000000e+00  0.00000000e+00]","[ 0.         -0.38446388 10.78053188 -0.36553481 -4.13718033  0.18094705
 -0.60413152 -0.39570874]"
1746810080.8487437,"[ 0.00000000e+00 -9.80043281e-04  2.96864231e-01  3.13149235e+00
 -2.26993390e+00 -5.11326929e-05  9.59807851e-01  1.57101803e+00]","[ 0.00000000e+00  0.00000000e+00  1.99872133e-02 -8.94022679e-02
  1.00756792e-04 -3.70648338e-05  0.00000000e+00  0.00000000e+00]","[ 0.         -0.39864895 10.8641901  -0.38955891 -4.13489819  0.19127567
 -0.62493247 -0.3795242 ]"
1746810080.8505054,"[ 0.00000000e+00 -9.80043281e-04  2.96913833e-01  3.13132164e+00
 -2.26993390e+00 -5.11326929e-05  9.59807851e-01  1.57101803e+00]","[ 0.00000000e+00  0.00000000e+00  2.55783827e-02 -8.50807064e-02
  9.54538036e-05 -3.70928568e-05  0.00000000e+00  0.00000000e+00]","[ 0.         -0.42195445 10.90349865 -0.39831194 -4.10300446  0.2088045
 -0.62983209 -0.3901535 ]"
1746810080.8523135,"[ 0.00000000e+00 -9.80043281e-04  2.96942295e-01  3.13123429e+00
 -2.26993390e+00 -5.11326929e-05  9.59807851e-01  1.57101803e+00]","[ 0.00000000e+00  0.00000000e+00  2.88711484e-02 -8.22520548e-02
  9.54538036e-05 -3.70928568e-05  0.00000000e+00  0.00000000e+00]","[ 0.         -0.44191483 10.92481899 -0.41341054 -4.08395243  0.19388555
 -0.63285613 -0.39043891]"
1746810080.8534868,"[ 0.00000000e+00 -9.80043281e-04  2.97005645e-01  3.13107956e+00
 -2.26993390e+00 -5.11326929e-05  9.59807851e-01  1.57101803e+00]","[ 0.00000000e+00  0.00000000e+00  3.15968251e-02 -7.67076863e-02
  9.01508150e-05 -3.70928568e-05  0.00000000e+00  0.00000000e+00]","[ 0.         -0.47067249 10.91494751 -0.43039507 -4.01507378  0.17113824
 -0.61671954 -0.40710387]"
1746810080.85527,"[ 0.00000000e+00 -9.80043281e-04  2.97038702e-01  3.13100526e+00
 -2.26993390e+00 -5.11326929e-05  9.59807851e-01  1.57101803e+00]","[ 0.00000000e+00  0.00000000e+00  3.34920866e-02 -7.52808479e-02
  9.01508150e-05 -3.70928568e-05  0.00000000e+00  0.00000000e+00]","[ 0.         -0.49779519 10.88182068 -0.43812543 -3.99920654  0.15814523
 -0.61296964 -0.40123445]"
1746810080.856434,"[ 0.00000000e+00 -9.80575913e-04  2.97072690e-01  3.13086091e+00
 -2.26993390e+00 -5.11326929e-05  9.59807851e-01  1.57101803e+00]","[ 0.00000000e+00 -8.68950989e-06  3.45724769e-02 -6.88748552e-02
  8.74993247e-05 -3.70932266e-05  0.00000000e+00  0.00000000e+00]","[ 0.         -0.5206489  10.85305405 -0.48157924 -3.90745139  0.14358592
 -0.59965605 -0.40315169]"
1746810080.8582416,"[ 0.00000000e+00 -9.80575913e-04  2.97107145e-01  3.13079354e+00
 -2.26993337e+00 -5.11326929e-05  9.59807851e-01  1.57101803e+00]","[ 0.00000000e+00  0.00000000e+00  3.48072720e-02 -6.83346621e-02
  9.28023133e-05 -3.70924870e-05  0.00000000e+00  0.00000000e+00]","[ 0.         -0.54133415 10.79535866 -0.49106181 -3.8633008   0.15456316
 -0.57734597 -0.40373054]"
1746810080.859388,"[ 0.00000000e+00 -9.80575913e-04  2.97186107e-01  3.13065931e+00
 -2.26993337e+00 -5.11326929e-05  9.59807851e-01  1.57101803e+00]","[ 0.00000000e+00  0.00000000e+00  3.94342335e-02 -6.80645635e-02
  9.27321420e-05 -3.70928568e-05  0.00000000e+00  0.00000000e+00]","[ 0.         -0.59324551 10.64953995 -0.51503378 -3.78983164  0.17472433
 -0.54774237 -0.40224481]"
1746810080.861177,"[ 0.00000000e+00 -9.80575913e-04  2.97278419e-01  3.13052269e+00
 -2.26993337e+00 -5.11326929e-05  9.59807851e-01  1.57101803e+00]","[ 0.00000000e+00  0.00000000e+00  4.71444719e-02 -6.63766561e-02
  9.28023133e-05 -3.70928568e-05  0.00000000e+00  0.00000000e+00]","[ 0.         -0.62643725 10.46658802 -0.55699641 -3.76370239  0.1770466
 -0.53847605 -0.39468467]"
1746810080.863013,"[ 0.00000000e+00 -9.80575913e-04  2.97326623e-01  3.13045585e+00
 -2.26993337e+00 -5.11326929e-05  9.59807851e-01  1.57101803e+00]","[ 0.00000000e+00  0.00000000e+00  4.88876440e-02 -6.77944648e-02
  9.27321420e-05 -3.70928568e-05  0.00000000e+00  0.00000000e+00]","[ 0.         -0.62821263 10.40722561 -0.56461662 -3.7492919   0.17166609
 -0.52274817 -0.38286656]"
1746810080.8648067,"[ 0.00000000e+00 -9.80043281e-04  2.97430852e-01  3.13031923e+00
 -2.26993337e+00 -5.11326929e-05  9.59808783e-01  1.57101803e+00]","[ 0.00000000e+00  7.80127734e-06  5.34792999e-02 -6.96851469e-02
  8.74993247e-05 -2.64948971e-05  1.05979587e-05  0.00000000e+00]","[ 0.         -0.632101   10.14424038 -0.58503157 -3.71131134  0.14820726
 -0.49581772 -0.37691137]"
1746810080.8659732,"[ 0.00000000e+00 -9.80043281e-04  2.97489175e-01  3.13024279e+00
 -2.26993284e+00 -5.11326929e-05  9.59808783e-01  1.57101803e+00]","[ 0.00000000e+00  7.80127734e-06  5.49182932e-02 -7.19705469e-02
  9.28023133e-05 -2.64948971e-05  1.06059783e-05  0.00000000e+00]","[ 0.         -0.64417338  9.99913979 -0.58985651 -3.70890665  0.1453854
 -0.48283055 -0.40349686]"
1746810080.8677871,"[ 0.00000000e+00 -9.80575913e-04  2.97604890e-01  3.13010138e+00
 -2.26993284e+00 -5.11326929e-05  9.59808783e-01  1.57101803e+00]","[ 0.00000000e+00  0.00000000e+00  6.05018351e-02 -7.23127798e-02
  9.27321420e-05 -2.64948971e-05  1.06059783e-05  0.00000000e+00]","[ 0.         -0.63969707  9.77977562 -0.54210669 -3.67595887  0.12561001
 -0.46358457 -0.40348786]"
1746810080.8689556,"[ 0.00000000e+00 -9.80043281e-04  2.97667341e-01  3.13002841e+00
 -2.26993284e+00 -5.11326929e-05  9.59808783e-01  1.57101803e+00]","[ 0.00000000e+00  7.46924979e-06  6.32028089e-02 -7.40067084e-02
  9.28023133e-05 -2.64948971e-05  1.05979587e-05  0.00000000e+00]","[ 0.         -0.61197776  9.66891384 -0.52363354 -3.66871142  0.10975409
 -0.45075125 -0.39251101]"
1746810080.8706934,"[ 0.00000000e+00 -9.80043281e-04  2.97804194e-01  3.12986809e+00
 -2.26993284e+00 -5.21979574e-05  9.59808783e-01  1.57101803e+00]","[ 0.00000000e+00  7.36738142e-06  6.74567136e-02 -8.02189477e-02
  9.28023133e-05 -2.64951613e-05  1.06060839e-05  0.00000000e+00]","[ 0.         -0.54887927  9.4539423  -0.45653439 -3.66421103  0.09517483
 -0.43730819 -0.39401212]"
1746810080.8724127,"[ 0.00000000e+00 -9.80043281e-04  2.97870773e-01  3.12978739e+00
 -2.26993284e+00 -5.21979574e-05  9.59808783e-01  1.57101803e+00]","[ 0.00000000e+00  7.26072453e-06  6.74559521e-02 -8.18395312e-02
  9.27312155e-05 -2.64948971e-05  1.06059783e-05  0.00000000e+00]","[ 0.         -0.54539049  9.31409359 -0.43605319 -3.64351058  0.11073339
 -0.42071423 -0.39169574]"
1746810080.873531,"[ 0.00000000e+00 -9.80043281e-04  2.98007593e-01  3.12961748e+00
 -2.26993284e+00 -5.21979574e-05  9.59808783e-01  1.57101803e+00]","[ 0.00000000e+00  0.00000000e+00  7.02253442e-02 -8.81411695e-02
  9.28023133e-05 -2.64948971e-05  1.06059783e-05  0.00000000e+00]","[ 0.         -0.50674611  9.0419302  -0.4194251  -3.68199944  0.09604236
 -0.42838943 -0.41497162]"
1746810080.8758297,"[ 0.00000000e+00 -9.79510649e-04  2.98156830e-01  3.12942973e+00
 -2.26993284e+00 -5.21979574e-05  9.59808783e-01  1.57101803e+00]","[ 0.00000000e+00  6.97226452e-06  7.29736182e-02 -9.21032375e-02
  9.28023133e-05 -2.64948971e-05  1.06058726e-05  0.00000000e+00]","[ 0.         -0.42780256  8.81090641 -0.32586667 -3.71493673  0.10445213
 -0.40847179 -0.42544451]"
1746810080.876914,"[ 0.00000000e+00 -9.79510649e-04  2.98227570e-01  3.12933918e+00
 -2.26993284e+00 -5.32632218e-05  9.59808783e-01  1.57101803e+00]","[ 0.00000000e+00  6.97920779e-06  7.18459277e-02 -9.18331430e-02
  8.74993247e-05 -3.70932266e-05  1.05979587e-05  0.00000000e+00]","[ 0.         -0.38919073  8.71317005 -0.2916936  -3.75484586  0.07708431
 -0.4062824  -0.3934437 ]"
1746810080.878625,"[ 0.00000000e+00 -9.78978017e-04  2.98374044e-01  3.12914877e+00
 -2.26993284e+00 -5.32632218e-05  9.59808783e-01  1.57101803e+00]","[ 0.00000000e+00  1.36068215e-05  7.16523075e-02 -9.27843326e-02
  8.74331602e-05 -3.70928568e-05  1.06059783e-05  0.00000000e+00]","[ 0.         -0.24688007  8.54265594 -0.17643823 -3.80644059  0.03606374
 -0.41673994 -0.40511599]"
1746810080.8803632,"[ 0.00000000e+00 -9.78978017e-04  2.98518221e-01  3.12896900e+00
 -2.26993284e+00 -5.32632218e-05  9.59808783e-01  1.57101803e+00]","[ 0.00000000e+00  1.34247136e-05  7.31964166e-02 -9.04826541e-02
  8.48478263e-05 -3.70928568e-05  1.06059783e-05  0.00000000e+00]","[ 0.00000000e+00 -1.58042818e-01  8.43024731e+00 -6.24891110e-02
 -3.86868358e+00  8.20818916e-03 -4.22387004e-01 -4.02911931e-01]"
1746810080.8820484,"[ 0.00000000e+00 -9.78445384e-04  2.98588928e-01  3.12887952e+00
 -2.26993284e+00 -5.32632218e-05  9.59808783e-01  1.57101803e+00]","[ 0.00000000e+00  2.68497645e-05  7.18459277e-02 -9.07527485e-02
  7.95448377e-05 -3.70928568e-05  1.06059783e-05  0.00000000e+00]","[ 0.00000000e+00 -1.22553512e-01  8.41366196e+00  1.53349526e-03
 -3.92762542e+00  8.21707118e-03 -4.27859008e-01 -4.08271611e-01]"
1746810080.8831408,"[ 0.00000000e+00 -9.78445384e-04  2.98731274e-01  3.12869683e+00
 -2.26993284e+00 -5.43284862e-05  9.59808783e-01  1.57101803e+00]","[ 0.00000000e+00  2.65198968e-05  6.86459191e-02 -8.85919761e-02
  7.41857136e-05 -4.76908124e-05  1.06058726e-05  0.00000000e+00]","[ 0.         -0.01830611  8.4077816   0.07033683 -3.97999024  0.02634165
 -0.43796408 -0.4025912 ]"
1746810080.8849125,"[ 0.00000000e+00 -9.77912752e-04  2.98798319e-01  3.12861107e+00
 -2.26993284e+00 -5.43284862e-05  9.59808783e-01  1.57101803e+00]","[ 0.00000000e+00  3.27173684e-05  6.80645635e-02 -8.69713844e-02
  6.89395431e-05 -4.76908124e-05  0.00000000e+00  0.00000000e+00]","[ 0.          0.01169087  8.42030907  0.08544502 -4.03210783  0.02198044
 -0.46220359 -0.40691432]"
1746810080.8866107,"[ 0.00000000e+00 -9.77912752e-04  2.98925052e-01  3.12843744e+00
 -2.26993284e+00 -5.43284862e-05  9.59808783e-01  1.57101803e+00]","[ 0.00000000e+00  3.23556477e-05  6.23925172e-02 -8.41789351e-02
  6.62873661e-05 -4.76908124e-05  0.00000000e+00  0.00000000e+00]","[ 0.          0.10231066  8.47630787  0.09176168 -4.13238525  0.00943089
 -0.45714357 -0.42462185]"
1746810080.8877056,"[ 0.00000000e+00 -9.77912752e-04  2.98987503e-01  3.12835701e+00
 -2.26993284e+00 -5.43284862e-05  9.59808783e-01  1.57101803e+00]","[ 0.00000000e+00  3.19726415e-05  5.86798210e-02 -8.15694367e-02
  6.62372408e-05 -4.76908124e-05  0.00000000e+00  0.00000000e+00]","[ 0.          0.14638187  8.57301712  0.14239776 -4.19286489  0.01697934
 -0.46445879 -0.43242726]"
1746810080.8894467,"[ 0.00000000e+00 -9.77380120e-04  2.99097258e-01  3.12820175e+00
 -2.26993337e+00 -5.43284862e-05  9.59808783e-01  1.57101803e+00]","[ 0.00000000e+00  3.83317331e-05  5.45044088e-02 -7.34751581e-02
  5.56813848e-05 -4.76908124e-05  0.00000000e+00  0.00000000e+00]","[ 0.          0.20467883  8.78999901  0.18360126 -4.28509665  0.01411411
 -0.48475698 -0.4181492 ]"
1746810080.8911908,"[ 0.00000000e+00 -9.77380120e-04  2.99150522e-01  3.12813197e+00
 -2.26993337e+00 -5.43284862e-05  9.59808783e-01  1.57101803e+00]","[ 0.00000000e+00  3.78837022e-05  5.40194971e-02 -7.07655415e-02
  5.56813848e-05 -4.76908124e-05  0.00000000e+00  0.00000000e+00]","[ 0.          0.23124175  8.82782459  0.16622484 -4.31613779  0.02965752
 -0.50801235 -0.41091627]"
1746810080.8929436,"[ 0.00000000e+00 -9.77380120e-04  2.99259811e-01  3.12800015e+00
 -2.26993390e+00 -5.43284862e-05  9.59808783e-01  1.57101803e+00]","[ 0.00000000e+00  3.74131424e-05  5.29391068e-02 -6.52973643e-02
  5.03783961e-05 -4.76547840e-05  0.00000000e+00  0.00000000e+00]","[ 0.          0.28071326  9.14009476  0.19009326 -4.45726061  0.04317417
 -0.56028062 -0.41925853]"
1746810080.8946683,"[ 0.00000000e+00 -9.77380120e-04  2.99361744e-01  3.12787844e+00
 -2.26993444e+00 -5.43284862e-05  9.59808783e-01  1.57101803e+00]","[ 0.00000000e+00  3.70183415e-05  5.15363491e-02 -5.79275154e-02
  4.50754075e-05 -4.76192757e-05  0.00000000e+00  0.00000000e+00]","[ 0.          0.32590485  9.40514946  0.15749843 -4.57095528  0.02098912
 -0.57892972 -0.42517298]"
1746810080.8957713,"[ 0.00000000e+00 -9.77380120e-04  2.99412743e-01  3.12782384e+00
 -2.26993444e+00 -5.43284862e-05  9.59808783e-01  1.57101803e+00]","[ 0.00000000e+00  3.69857793e-05  5.18587164e-02 -5.53699820e-02
  4.50413255e-05 -4.76192757e-05  0.00000000e+00  0.00000000e+00]","[ 0.          0.35436434  9.61673164  0.18339613 -4.66700029  0.02002066
 -0.5958212  -0.42610884]"
1746810080.8974586,"[ 0.00000000e+00 -9.76847488e-04  2.99527059e-01  3.12771785e+00
 -2.26993444e+00 -5.43284862e-05  9.59807851e-01  1.57101803e+00]","[ 0.00000000e+00  4.26632344e-05  5.72606640e-02 -5.34792999e-02
  4.50749605e-05 -4.76192757e-05 -1.06059783e-05  0.00000000e+00]","[ 0.          0.36418104  9.94521141  0.16192003 -4.73137188  0.0508902
 -0.62022156 -0.40887237]"
1746810080.8992245,"[ 0.00000000e+00 -9.76847488e-04  2.99584451e-01  3.12766192e+00
 -2.26993470e+00 -5.43284862e-05  9.59807851e-01  1.57101803e+00]","[ 0.00000000e+00  4.21872577e-05  5.83410544e-02 -5.26118376e-02
  4.24234905e-05 -4.76192757e-05 -1.06059783e-05  0.00000000e+00]","[ 0.          0.34767869 10.01548386  0.12564567 -4.77269316  0.0585384
 -0.628344   -0.4059923 ]"
1746810080.9009166,"[ 0.00000000e+00 -9.76847488e-04  2.99707056e-01  3.12756392e+00
 -2.26993470e+00 -5.43284862e-05  9.59807851e-01  1.57101803e+00]","[ 0.00000000e+00  3.61605066e-05  6.01844321e-02 -4.88876440e-02
  4.23918346e-05 -4.76188043e-05 -1.06058726e-05  0.00000000e+00]","[ 0.          0.39710855 10.32131767  0.13926986 -4.8553133   0.09384891
 -0.65974122 -0.42149255]"
1746810080.9019845,"[ 0.00000000e+00 -9.76314856e-04  2.99828762e-01  3.12746618e+00
 -2.26993470e+00 -5.43284862e-05  9.59807851e-01  1.57101803e+00]","[ 0.00000000e+00  4.12664686e-05  6.23293004e-02 -4.78967774e-02
  4.23278279e-05 -4.76192757e-05 -1.06059783e-05  0.00000000e+00]","[ 0.          0.4116022  10.57122326  0.13490531 -4.87370968  0.12206352
 -0.68139482 -0.4152433 ]"
1746810080.9037437,"[ 0.00000000e+00 -9.76314856e-04  2.99893044e-01  3.12741851e+00
 -2.26993470e+00 -5.43284862e-05  9.59806919e-01  1.57101803e+00]","[ 0.00000000e+00  4.71616790e-05  6.50934910e-02 -4.83474467e-02
  4.23278279e-05 -4.76192757e-05 -1.85604623e-05  0.00000000e+00]","[ 0.          0.42995089 10.72548389  0.15073165 -4.89591074  0.12919565
 -0.70595491 -0.41562492]"
1746810080.9054701,"[ 0.00000000e+00 -9.75782223e-04  3.00035390e-01  3.12731891e+00
 -2.26993524e+00 -5.43284862e-05  9.59806919e-01  1.57101803e+00]","[ 0.00000000e+00  5.24404889e-05  7.13057304e-02 -5.10484247e-02
  3.70648338e-05 -4.76188043e-05 -1.85604623e-05  0.00000000e+00]","[ 0.          0.45878795 10.95889378  0.16403106 -4.8830924   0.10774511
 -0.71612185 -0.41560525]"
1746810080.906525,"[ 0.00000000e+00 -9.75782223e-04  3.00107495e-01  3.12726778e+00
 -2.26993524e+00 -5.43284862e-05  9.59806919e-01  1.57101803e+00]","[ 0.00000000e+00  5.18803253e-05  7.31964166e-02 -5.18587164e-02
  3.17698567e-05 -4.76188043e-05 -1.85602774e-05  0.00000000e+00]","[ 0.          0.48541486 10.9863615   0.18120834 -4.87850952  0.09857322
 -0.72244024 -0.42353776]"
1746810080.9082456,"[ 0.00000000e+00 -9.74716959e-04  3.00263590e-01  3.12716365e+00
 -2.26993577e+00 -5.43284862e-05  9.59806919e-01  1.57101803e+00]","[ 0.00000000e+00  6.26887623e-05  8.15694367e-02 -5.02381288e-02
  2.64548924e-05 -4.76552554e-05 -1.85604623e-05  0.00000000e+00]","[ 0.          0.5591864  11.08945084  0.24440046 -4.87277746  0.09215617
 -0.72059029 -0.43475544]"
1746810080.9099534,"[ 0.00000000e+00 -9.74716959e-04  3.00356368e-01  3.12711491e+00
 -2.26993577e+00 -5.48611185e-05  9.59806919e-01  1.57101803e+00]","[ 0.00000000e+00  6.20343097e-05  8.72674280e-02 -4.93777572e-02
  2.64748795e-05 -5.29097849e-05 -1.85604623e-05  0.00000000e+00]","[ 0.          0.57310987 11.13138771  0.28373492 -4.86962986  0.1011655
 -0.71786499 -0.43448326]"
1746810080.9117193,"[ 0.00000000e+00 -9.74184327e-04  3.00540958e-01  3.12701478e+00
 -2.26993577e+00 -5.48611185e-05  9.59806919e-01  1.57101803e+00]","[ 0.00000000e+00  6.69213013e-05  9.56145072e-02 -4.83527814e-02
  2.11639139e-05 -5.29097849e-05 -1.85604623e-05  0.00000000e+00]","[ 0.          0.65598738 11.08087444  0.3433795  -4.77692366  0.13160762
 -0.69528794 -0.4190298 ]"
1746810080.9134278,"[ 0.00000000e+00 -9.74184327e-04  3.00750349e-01  3.12692263e+00
 -2.26993577e+00 -5.48611185e-05  9.59806919e-01  1.57101803e+00]","[ 0.00000000e+00  6.13927388e-05  1.05071983e-01 -4.59165715e-02
  1.32374398e-05 -5.29502833e-05 -1.85462435e-05  0.00000000e+00]","[ 0.          0.7155785  10.99780655  0.40242836 -4.729074    0.11603174
 -0.68818778 -0.43283683]"
1746810080.9145453,"[ 0.00000000e+00 -9.73119062e-04  3.00855977e-01  3.12687975e+00
 -2.26993577e+00 -5.48611185e-05  9.59806919e-01  1.57101803e+00]","[ 0.00000000e+00  7.18130962e-05  1.07228694e-01 -4.34856922e-02
  7.94246417e-06 -5.29097849e-05 -1.85604623e-05  0.00000000e+00]","[ 0.          0.81184196 10.94484615  0.44446665 -4.71396112  0.13501364
 -0.67970961 -0.42781717]"
1746810080.916305,"[ 0.00000000e+00 -9.72053798e-04  3.01074090e-01  3.12680359e+00
 -2.26993577e+00 -5.48611185e-05  9.59806919e-01  1.57101803e+00]","[ 0.00000000e+00  8.11378661e-05  1.12360547e-01 -3.48425735e-02
  5.29097849e-06 -5.29097849e-05 -1.85604623e-05  0.00000000e+00]","[ 0.          0.90145779 10.838027    0.52365071 -4.58859205  0.14310339
 -0.65627658 -0.41582769]"
1746810080.9173832,"[ 0.00000000e+00 -9.71521166e-04  3.01185643e-01  3.12677376e+00
 -2.26993577e+00 -5.48611185e-05  9.59806919e-01  1.57101803e+00]","[ 0.00000000e+00  8.56890205e-05  1.13170839e-01 -3.02816292e-02
  0.00000000e+00 -5.29097849e-05 -1.85464284e-05  0.00000000e+00]","[ 0.          0.9417994  10.74586487  0.56879395 -4.54774523  0.12060838
 -0.6471464  -0.42310843]"
1746810080.919091,"[ 0.00000000e+00 -9.70988533e-04  3.01416639e-01  3.12672423e+00
 -2.26993577e+00 -5.48611185e-05  9.59806919e-01  1.57101803e+00]","[ 0.00000000e+00  9.01499209e-05  1.13595821e-01 -2.23183927e-02
 -1.05899522e-05 -4.23278279e-05 -1.85604623e-05  0.00000000e+00]","[ 0.          1.0419569  10.61953545  0.64203125 -4.44357824  0.1282336
 -0.61450809 -0.39934546]"
1746810080.920853,"[ 0.00000000e+00 -9.70988533e-04  3.01528225e-01  3.12670612e+00
 -2.26993577e+00 -5.48611185e-05  9.59806919e-01  1.57101803e+00]","[ 0.00000000e+00  9.01508150e-05  1.13170839e-01 -1.83666278e-02
 -1.05819570e-05 -4.23278279e-05 -1.85604623e-05  0.00000000e+00]","[ 0.          1.06529129 10.53566647  0.6766063  -4.446805    0.14572303
 -0.59294766 -0.39591289]"
1746810080.9225519,"[ 0.00000000e+00 -9.69923269e-04  3.01760553e-01  3.12667789e+00
 -2.26993630e+00 -5.48611185e-05  9.59806919e-01  1.57101803e+00]","[ 0.00000000e+00  1.06059781e-04  1.13598110e-01 -1.29646791e-02
 -1.58850858e-05 -4.23282464e-05 -1.85604623e-05  0.00000000e+00]","[ 0.          1.12122381 10.36180782  0.73846632 -4.44421482  0.13355719
 -0.5769093  -0.41085052]"
1746810080.9242852,"[ 0.00000000e+00 -9.68858005e-04  3.01986023e-01  3.12665845e+00
 -2.26993630e+00 -5.48611185e-05  9.59807851e-01  1.57101803e+00]","[ 0.00000000e+00  1.11278562e-04  1.13981131e-01 -8.36453802e-03
 -1.85324169e-05 -4.23278279e-05 -1.05819570e-05  0.00000000e+00]","[ 0.          1.17662001 10.20999622  0.78469992 -4.44477034  0.15504345
 -0.561822   -0.41331625]"
1746810080.9260833,"[ 0.00000000e+00 -9.68325372e-04  3.02097609e-01  3.12665259e+00
 -2.26993657e+00 -5.48611185e-05  9.59807851e-01  1.57101803e+00]","[ 0.00000000e+00  1.11362770e-04  1.13170839e-01 -5.94214437e-03
 -2.11799045e-05 -4.23278279e-05 -1.05819570e-05  0.00000000e+00]","[ 0.          1.18685937 10.11299706  0.79378241 -4.52580976  0.14823291
 -0.55272233 -0.43549037]"
1746810080.9278452,"[ 0.00000000e+00 -9.67260108e-04  3.02328139e-01  3.12664619e+00
 -2.26993710e+00 -5.48611185e-05  9.59807851e-01  1.57101803e+00]","[ 0.00000000e+00  1.27271744e-04  1.11167410e-01 -2.00614768e-03
 -3.17698567e-05 -4.23278279e-05 -1.05819570e-05  0.00000000e+00]","[ 0.          1.25715649 10.02191544  0.85161084 -4.56431293  0.16295911
 -0.54208606 -0.41510385]"
1746810080.9290407,"[ 0.00000000e+00 -9.66727476e-04  3.02544854e-01  3.12664646e+00
 -2.26993710e+00 -5.48611185e-05  9.59807851e-01  1.57101803e+00]","[ 0.00000000e+00  1.32574732e-04  1.10469869e-01  8.10292444e-04
 -3.17458709e-05 -4.23278279e-05 -1.05819570e-05  0.00000000e+00]","[ 0.          1.35535705  9.93699837  0.89377135 -4.59406471  0.16992681
 -0.54512167 -0.41856706]"
1746810080.9307733,"[ 0.00000000e+00 -9.66194843e-04  3.02653677e-01  3.12664833e+00
 -2.26993710e+00 -5.48611185e-05  9.59807851e-01  1.57101803e+00]","[ 0.00000000e+00  1.37877721e-04  1.10469869e-01  1.30037163e-03
 -3.17461838e-05 -4.23278279e-05 -1.05899522e-05  0.00000000e+00]","[ 0.          1.38665438  9.92517471  0.92607892 -4.64001083  0.17197452
 -0.56028527 -0.40020099]"
1746810080.9319308,"[ 0.00000000e+00 -9.65662211e-04  3.02771256e-01  3.12664966e+00
 -2.26993710e+00 -5.48611185e-05  9.59807851e-01  1.57101803e+00]","[ 0.00000000e+00  1.43179287e-04  1.10839658e-01  1.31665852e-03
 -3.17698567e-05 -4.23278279e-05 -1.05899522e-05  0.00000000e+00]","[ 0.          1.41078782  9.90102291  0.96174759 -4.67831278  0.1755397
 -0.56813246 -0.38855231]"
1746810080.933673,"[ 0.00000000e+00 -9.64064315e-04  3.02995793e-01  3.12665072e+00
 -2.26993763e+00 -5.48611185e-05  9.59807851e-01  1.57101803e+00]","[ 0.00000000e+00  1.59089675e-04  1.15601723e-01  1.05996464e-03
 -3.70368514e-05 -4.23282464e-05 -1.05819570e-05  0.00000000e+00]","[ 0.          1.45183337  9.83744144  1.01132274 -4.74274874  0.2103406
 -0.56861347 -0.38594794]"
1746810080.9354703,"[ 0.00000000e+00 -9.62999050e-04  3.03234113e-01  3.12664886e+00
 -2.26993790e+00 -5.48611185e-05  9.59807851e-01  1.57101803e+00]","[ 0.00000000e+00  1.69695653e-04  1.16952203e-01 -1.98693940e-04
 -3.96823397e-05 -4.23278279e-05 -1.05900569e-05  0.00000000e+00]","[ 0.          1.56707716  9.79910088  1.10452175 -4.79406881  0.17558184
 -0.5452233  -0.39810845]"
1746810080.9366398,"[ 0.00000000e+00 -9.62466418e-04  3.03349827e-01  3.12664833e+00
 -2.26993790e+00 -5.48611185e-05  9.59807851e-01  1.57101803e+00]","[ 0.00000000e+00  1.74998649e-04  1.17222306e-01 -2.65996900e-04
 -3.97123214e-05 -4.23278279e-05 -1.05819570e-05  0.00000000e+00]","[ 0.          1.60121882  9.78894997  1.15074074 -4.8200407   0.17960946
 -0.55043954 -0.40324566]"
1746810080.9384398,"[ 0.00000000e+00 -9.60868521e-04  3.03578959e-01  3.12664939e+00
 -2.26993843e+00 -5.48611185e-05  9.59807851e-01  1.57101803e+00]","[ 0.00000000e+00  2.05163207e-04  1.15871817e-01 -2.22189315e-04
 -4.49733161e-05 -4.23282464e-05 -1.05899522e-05  0.00000000e+00]","[ 0.          1.66755676  9.69376183  1.19118714 -4.88588715  0.19365628
 -0.54922771 -0.41282955]"
1746810080.9401813,"[ 0.00000000e+00 -9.60868521e-04  3.03703395e-01  3.12665019e+00
 -2.26993843e+00 -5.48611185e-05  9.59807851e-01  1.57101803e+00]","[ 0.00000000e+00  2.24476246e-04  1.16998700e-01 -7.54971222e-05
 -4.50072964e-05 -4.23282464e-05 -1.05900569e-05  0.00000000e+00]","[ 0.          1.70047283  9.6537714   1.24802256 -4.88747501  0.20111403
 -0.55946553 -0.40450358]"
1746810080.94132,"[ 0.00000000e+00 -9.59270625e-04  3.03934824e-01  3.12665205e+00
 -2.26993843e+00 -5.48611185e-05  9.59807851e-01  1.57101803e+00]","[ 0.00000000e+00  3.05270204e-04  1.17762503e-01  1.65598881e-04
 -4.49733161e-05 -4.23602275e-05 -1.05819570e-05  0.00000000e+00]","[ 0.          1.78152716  9.67935944  1.344787   -4.81940556  0.22490822
 -0.5561021  -0.41651547]"
1746810080.9431295,"[ 0.00000000e+00 -9.58205360e-04  3.04061091e-01  3.12665205e+00
 -2.26993843e+00 -5.48611185e-05  9.59807851e-01  1.57101803e+00]","[ 0.00000000e+00  3.44083664e-04  1.18864253e-01  1.46263232e-04
 -4.49737631e-05 -4.23278279e-05 -1.05820616e-05  0.00000000e+00]","[ 0.          1.83556092  9.70013618  1.37243676 -4.79810143  0.24326074
 -0.56999469 -0.40022686]"
1746810080.9448864,"[ 0.00000000e+00 -9.57140096e-04  3.04296215e-01  3.12665259e+00
 -2.26993843e+00 -5.48611185e-05  9.59807851e-01  1.57101803e+00]","[ 0.00000000e+00  4.46373562e-04  1.19112984e-01  2.37546573e-04
 -4.50072964e-05 -4.23278279e-05  0.00000000e+00  0.00000000e+00]","[ 0.          1.93994653  9.70978355  1.43948543 -4.73775911  0.25874013
 -0.5485552  -0.38845661]"
1746810080.946075,"[ 0.00000000e+00 -9.55542199e-04  3.04414692e-01  3.12665285e+00
 -2.26993843e+00 -5.48611185e-05  9.59807851e-01  1.57101803e+00]","[ 0.00000000e+00  5.16063858e-04  1.20071597e-01  3.98955543e-04
 -4.50072964e-05 -4.23278279e-05  0.00000000e+00  0.00000000e+00]","[ 0.          1.96460366  9.66468048  1.47056603 -4.74155283  0.23919454
 -0.53865409 -0.37097996]"
1746810080.9478333,"[ 0.00000000e+00 -9.53944302e-04  3.04660336e-01  3.12665445e+00
 -2.26993843e+00 -5.48611185e-05  9.59807851e-01  1.57101803e+00]","[ 0.00000000e+00  5.82242761e-04  1.19653181e-01  4.63657614e-04
 -4.50072964e-05 -3.70372172e-05  0.00000000e+00  0.00000000e+00]","[ 0.          2.10219097  9.63272667  1.56257498 -4.72365665  0.2345178
 -0.51212484 -0.35832888]"
1746810080.9490392,"[ 0.00000000e+00 -9.53411670e-04  3.04779279e-01  3.12665525e+00
 -2.26993843e+00 -5.48611185e-05  9.59807851e-01  1.57101803e+00]","[ 0.00000000e+00  6.03393826e-04  1.20733576e-01  4.89851812e-04
 -4.50072964e-05 -3.70368514e-05  0.00000000e+00  0.00000000e+00]","[ 0.          2.1564405   9.64864254  1.63175678 -4.70248604  0.25324118
 -0.50370014 -0.34604999]"
1746810080.9507296,"[ 0.00000000e+00 -9.50748509e-04  3.05026321e-01  3.12665765e+00
 -2.26993843e+00 -5.43284862e-05  9.59807851e-01  1.57101803e+00]","[ 0.00000000e+00  6.86406949e-04  1.20506158e-01  5.85115282e-04
 -4.49733161e-05 -3.17458709e-05  0.00000000e+00  0.00000000e+00]","[ 0.          2.2778213   9.67534447  1.72816813 -4.63146496  0.23519
 -0.50116646 -0.36673316]"
1746810080.951961,"[ 0.00000000e+00 -9.49683245e-04  3.05145697e-01  3.12665898e+00
 -2.26993843e+00 -5.43284862e-05  9.59807851e-01  1.57101803e+00]","[ 0.00000000e+00  7.21206520e-04  1.21003670e-01  6.29275707e-04
 -4.49733161e-05 -3.17458709e-05  0.00000000e+00  0.00000000e+00]","[ 0.          2.35513258  9.66940498  1.79460526 -4.62499189  0.22153632
 -0.49829775 -0.35417727]"
1746810080.953759,"[ 0.00000000e+00 -9.47552716e-04  3.05388610e-01  3.12666111e+00
 -2.26993896e+00 -5.43284862e-05  9.59807851e-01  1.57101803e+00]","[ 0.00000000e+00  8.33461230e-04  1.22894348e-01  6.78549974e-04
 -5.03027714e-05 -3.17461838e-05  0.00000000e+00  0.00000000e+00]","[ 0.          2.46835232  9.69188213  1.89731967 -4.54981899  0.21676253
 -0.46414563 -0.3810612 ]"
1746810080.954876,"[ 0.00000000e+00 -9.45954819e-04  3.05511216e-01  3.12666297e+00
 -2.26993896e+00 -5.43284862e-05  9.59807851e-01  1.57101803e+00]","[ 0.00000000e+00  9.00835500e-04  1.24244837e-01  7.41282177e-04
 -5.03022715e-05 -3.17461838e-05  0.00000000e+00  0.00000000e+00]","[ 0.          2.52330947  9.69033909  1.89178884 -4.54616928  0.23170221
 -0.46244195 -0.37278235]"
1746810080.9566734,"[ 0.00000000e+00 -9.43824290e-04  3.05766546e-01  3.12666590e+00
 -2.26993896e+00 -5.43284862e-05  9.59807851e-01  1.57101803e+00]","[ 0.00000000e+00  9.44017200e-04  1.23974743e-01  8.08204827e-04
 -5.03027714e-05 -3.17458709e-05  0.00000000e+00  0.00000000e+00]","[ 0.          2.65936923  9.6913023   2.05576682 -4.47092581  0.27376541
 -0.44851539 -0.35375893]"
1746810080.9578269,"[ 0.00000000e+00 -9.42226394e-04  3.05889151e-01  3.12666723e+00
 -2.26993896e+00 -5.43284862e-05  9.59807851e-01  1.57101803e+00]","[ 0.00000000e+00  1.03251880e-03  1.24244837e-01  8.96559683e-04
 -5.03022715e-05 -3.17698567e-05  0.00000000e+00  0.00000000e+00]","[ 0.          2.70246053  9.69768715  2.10564113 -4.45623064  0.23147048
 -0.43694228 -0.36105877]"
1746810080.9596248,"[ 0.00000000e+00 -9.38497968e-04  3.06145381e-01  3.12667043e+00
 -2.26993896e+00 -5.43284862e-05  9.59807851e-01  1.57101803e+00]","[ 0.00000000e+00  1.23482340e-03  1.25384229e-01  1.07662357e-03
 -5.55972507e-05 -3.17458709e-05  0.00000000e+00  0.00000000e+00]","[ 0.          2.88812137  9.69230461  2.19937301 -4.40919399  0.23854345
 -0.42658728 -0.34748358]"
1746810080.9614277,"[ 0.00000000e+00 -9.36900071e-04  3.06270283e-01  3.12667229e+00
 -2.26993896e+00 -5.43284862e-05  9.59807851e-01  1.57101803e+00]","[ 0.00000000e+00  1.29040155e-03  1.26675712e-01  1.22543160e-03
 -5.55972507e-05 -3.17458709e-05  0.00000000e+00  0.00000000e+00]","[ 0.          2.93828392  9.73759365  2.23192    -4.39211655  0.25771636
 -0.40944031 -0.34971035]"
1746810080.9625893,"[ 0.00000000e+00 -9.31041117e-04  3.06520986e-01  3.12667629e+00
 -2.26993896e+00 -5.43284862e-05  9.59808783e-01  1.57101803e+00]","[ 0.00000000e+00  1.68311014e-03  1.27215910e-01  1.54552549e-03
 -5.55977993e-05 -3.17458709e-05  1.05819570e-05  0.00000000e+00]","[ 0.          3.06021404  9.84853649  2.30258155 -4.3179307   0.26873362
 -0.40480652 -0.36995259]"
1746810080.9645445,"[ 0.00000000e+00 -9.24116898e-04  3.06781810e-01  3.12668188e+00
 -2.26993896e+00 -5.43284862e-05  9.59808783e-01  1.57101803e+00]","[ 0.00000000e+00  2.45086320e-03  1.27020009e-01  1.87416438e-03
 -5.55972507e-05 -3.17461838e-05  1.05740785e-05  0.00000000e+00]","[ 0.          3.20995593  9.99853897  2.43208742 -4.26333094  0.29535916
 -0.41062036 -0.35048541]"
1746810080.9677749,"[ 0.00000000e+00 -9.18790576e-04  3.06905314e-01  3.12668454e+00
 -2.26993896e+00 -5.43284862e-05  9.59808783e-01  1.57101803e+00]","[ 0.00000000e+00  3.12909023e-03  1.25325232e-01  2.06515217e-03
 -5.55972507e-05 -3.17461838e-05  0.00000000e+00  0.00000000e+00]","[ 0.          3.27397037 10.07812977  2.48797035 -4.24831247  0.28327286
 -0.40147039 -0.36215061]"
1746810080.9700928,"[ 0.00000000e+00 -8.85234746e-04  3.07420070e-01  3.12670026e+00
 -2.26993950e+00 -5.32632218e-05  9.59808783e-01  1.57101803e+00]","[ 0.00000000e+00  9.88282436e-03  1.29245605e-01  3.67002428e-03
 -6.61872009e-05 -2.11639139e-05  0.00000000e+00  0.00000000e+00]","[ 0.          3.51200247 10.29788208  2.62750673 -4.26708221  0.3284587
 -0.40678757 -0.35284194]"
1746810080.971845,"[ 0.00000000e+00 -8.54874710e-04  3.07674468e-01  3.12671171e+00
 -2.26993950e+00 -5.32632218e-05  9.59808783e-01  1.57101803e+00]","[ 0.00000000e+00  1.68495248e-02  1.29376690e-01  5.26663408e-03
 -6.61372301e-05 -1.05819570e-05  0.00000000e+00  0.00000000e+00]","[ 0.          3.62710643 10.42262363  2.68718982 -4.28531837  0.32711199
 -0.4028396  -0.33582139]"
1746810080.972985,"[ 0.00000000e+00 -8.34634686e-04  3.07813152e-01  3.12671810e+00
 -2.26993976e+00 -5.32632218e-05  9.59808783e-01  1.57101803e+00]","[ 0.00000000e+00  2.05274085e-02  1.30650364e-01  5.88107424e-03
 -6.88353671e-05 -1.05820616e-05  0.00000000e+00  0.00000000e+00]","[ 0.          3.64548635 10.5017643   2.69757819 -4.31797647  0.35706761
 -0.41076383 -0.33248949]"
1746810080.9747796,"[ 0.00000000e+00 -7.82969360e-04  3.08070746e-01  3.12673381e+00
 -2.26993976e+00 -5.32632218e-05  9.59808783e-01  1.57101803e+00]","[ 0.00000000e+00  2.65814561e-02  1.31807566e-01  7.96383734e-03
 -6.87827183e-05 -1.05819570e-05  0.00000000e+00  0.00000000e+00]","[ 0.          3.70357609 10.64344978  2.72501683 -4.35740376  0.35900268
 -0.41672134 -0.33058849]"
1746810080.9765148,"[ 0.00000000e+00 -7.53674588e-04  3.08214025e-01  3.12674287e+00
 -2.26993976e+00 -5.32632218e-05  9.59808783e-01  1.57101803e+00]","[ 0.00000000e+00  2.97107224e-02  1.34786511e-01  8.77816802e-03
 -6.87827183e-05 -1.05819570e-05  0.00000000e+00  0.00000000e+00]","[ 0.          3.74061537 10.73326206  2.73765683 -4.35063314  0.38062891
 -0.42095771 -0.32882604]"
1746810080.9776986,"[ 0.00000000e+00 -6.85497665e-04  3.08488596e-01  3.12676604e+00
 -2.26993976e+00 -5.21979574e-05  9.59808783e-01  1.57101803e+00]","[ 0.00000000e+00  3.62298058e-02  1.41531083e-01  1.21543863e-02
 -6.88346925e-05  1.05819570e-05  0.00000000e+00  0.00000000e+00]","[ 0.          3.75922537 10.87082386  2.77698708 -4.381989    0.41616365
 -0.42013419 -0.34995133]"
1746810080.9794538,"[ 0.00000000e+00 -5.99211245e-04  3.08775619e-01  3.12679400e+00
 -2.26994030e+00 -5.11326929e-05  9.59808783e-01  1.57101803e+00]","[ 0.00000000e+00  4.42959881e-02  1.46662928e-01  1.53799571e-02
 -7.41296676e-05  2.11641232e-05  0.00000000e+00  0.00000000e+00]","[ 0.          3.74282551 10.91819572  2.75162148 -4.43420649  0.45657191
 -0.41764805 -0.32900211]"
1746810080.9806418,"[ 0.00000000e+00 -5.53404875e-04  3.08935408e-01  3.12681131e+00
 -2.26994030e+00 -5.11326929e-05  9.59808783e-01  1.57101803e+00]","[ 0.00000000e+00  4.64567646e-02  1.50461078e-01  1.62999503e-02
 -7.41296676e-05  2.11639139e-05  0.00000000e+00  0.00000000e+00]","[ 0.          3.7250998  10.94458199  2.74832439 -4.46163321  0.48324805
 -0.42550576 -0.31763914]"
1746810080.9824185,"[ 0.00000000e+00 -4.51672121e-04  3.09238476e-01  3.12685046e+00
 -2.26994083e+00 -5.11326929e-05  9.59808783e-01  1.57101803e+00]","[ 0.00000000e+00  5.06552298e-02  1.54878863e-01  2.10676037e-02
 -7.93646793e-05  2.11639139e-05  0.00000000e+00  0.00000000e+00]","[ 0.          3.6643393  10.92296505  2.71113944 -4.47001457  0.49028668
 -0.41600734 -0.33307034]"
1746810080.9841485,"[ 0.00000000e+00 -4.01072060e-04  3.09393206e-01  3.12687150e+00
 -2.26994083e+00 -5.11326929e-05  9.59808783e-01  1.57101803e+00]","[ 0.00000000e+00  5.12665251e-02  1.56926634e-01  2.13377002e-02
 -7.94246427e-05  3.17461838e-05  0.00000000e+00  0.00000000e+00]","[ 0.          3.63618135 10.88362694  2.68642259 -4.46683073  0.49513748
 -0.42540571 -0.32438913]"
1746810080.9853687,"[ 0.00000000e+00 -2.89751927e-04  3.09721540e-01  3.12691970e+00
 -2.26994083e+00 -5.06000607e-05  9.59808783e-01  1.57101803e+00]","[ 0.00000000e+00  5.78008613e-02  1.61745657e-01  2.38230038e-02
 -7.94246427e-05  3.70368514e-05  0.00000000e+00  0.00000000e+00]","[ 0.          3.55909014 10.84352016  2.6464901  -4.432302    0.5306322
 -0.39503226 -0.33798444]"
1746810080.9870377,"[ 0.00000000e+00 -2.28499222e-04  3.09881330e-01  3.12694367e+00
 -2.26994083e+00 -4.95347963e-05  9.59808783e-01  1.57101803e+00]","[ 0.00000000e+00  6.21224186e-02  1.62058479e-01  2.43087727e-02
 -7.94246427e-05  4.76188043e-05  0.00000000e+00  0.00000000e+00]","[ 0.          3.51731229 10.85407448  2.64116716 -4.42641163  0.54685432
 -0.38348874 -0.29416859]"
1746810080.9887605,"[ 0.00000000e+00 -1.60322298e-04  3.10214258e-01  3.12698948e+00
 -2.26994083e+00 -4.95347963e-05  9.59808783e-01  1.57101803e+00]","[ 0.00000000e+00  6.41967256e-02  1.62247197e-01  2.26881871e-02
 -7.94246427e-05  4.76188043e-05  0.00000000e+00  0.00000000e+00]","[ 0.          3.4646697  10.80776596  2.58567691 -4.43290091  0.58081043
 -0.38045168 -0.29201114]"
1746810080.9899654,"[ 0.00000000e+00 -9.21453737e-05  3.10373116e-01  3.12701211e+00
 -2.26994136e+00 -4.84695318e-05  9.59809782e-01  1.57101803e+00]","[ 0.00000000e+00  6.90748961e-02  1.60978101e-01  2.13153193e-02
 -8.47196178e-05  5.82013384e-05  1.05819570e-05  0.00000000e+00]","[ 0.          3.43377018 10.73260307  2.53347588 -4.42768908  0.60350829
 -0.375458   -0.33560166]"
1746810080.9916992,"[ 0.00000000e+00  4.99972206e-05  3.10692262e-01  3.12705339e+00
 -2.26994136e+00 -4.84695318e-05  9.59809782e-01  1.57101803e+00]","[ 0.00000000e+00  7.34665111e-02  1.63138873e-01  1.84876726e-02
 -7.93646793e-05  5.82007654e-05  1.05819570e-05  0.00000000e+00]","[ 0.          3.36300206 10.72311878  2.47116756 -4.40837193  0.61951697
 -0.36226511 -0.33198428]"
1746810080.9934497,"[ 0.00000000e+00  2.10713632e-04  3.11032048e-01  3.12708775e+00
 -2.26994163e+00 -4.74042674e-05  9.59809782e-01  1.57101803e+00]","[ 0.00000000e+00  7.96787588e-02  1.66380040e-01  1.62058481e-02
 -7.67771511e-05  6.87827183e-05  1.05739739e-05  0.00000000e+00]","[ 0.          3.23402596 10.62432003  2.43371224 -4.43446875  0.65449083
 -0.38098899 -0.34580407]"
1746810080.9946268,"[ 0.00000000e+00  2.89235094e-04  3.11196898e-01  3.12710239e+00
 -2.26994163e+00 -4.63390030e-05  9.59809782e-01  1.57101803e+00]","[ 0.00000000e+00  7.96787588e-02  1.67190340e-01  1.48553612e-02
 -7.67771511e-05  7.93646793e-05  1.05819570e-05  0.00000000e+00]","[ 0.          3.19936347 10.61472607  2.44638467 -4.47183895  0.67616165
 -0.37246442 -0.32373032]"
1746810080.9963765,"[ 0.00000000e+00  4.53625019e-04  3.11529360e-01  3.12713062e+00
 -2.26994269e+00 -4.63390030e-05  9.59809782e-01  1.57101803e+00]","[ 0.00000000e+00  8.01376714e-02  1.69081018e-01  1.30399602e-02
 -8.20721262e-05  7.94846874e-05  1.05820616e-05  0.00000000e+00]","[ 0.          3.12951636 10.53753567  2.42580295 -4.51921272  0.71988606
 -0.37176314 -0.29461899]"
1746810080.998053,"[ 0.00000000e+00  6.19851719e-04  3.11878368e-01  3.12715672e+00
 -2.26994296e+00 -4.58063707e-05  9.59809782e-01  1.57101803e+00]","[ 0.00000000e+00  8.53508009e-02  1.70971696e-01  1.29646791e-02
 -8.47204549e-05  8.47828240e-05  1.85184257e-05  0.00000000e+00]","[ 0.          3.13705206 10.40545559  2.44025612 -4.61328936  0.74688429
 -0.36387873 -0.2957828 ]"
1746810080.9998233,"[ 0.00000000e+00  7.13067234e-04  3.12046879e-01  3.12717057e+00
 -2.26994296e+00 -4.58063707e-05  9.59809782e-01  1.57101803e+00]","[ 0.00000000e+00  8.77689595e-02  1.70971696e-01  1.40450684e-02
 -8.20101635e-05  8.47828240e-05  1.85184257e-05  0.00000000e+00]","[ 0.          3.12502432 10.36148262  2.4520371  -4.62226772  0.7501905
 -0.35215929 -0.28237438]"
1746810081.0015557,"[ 0.00000000e+00  8.95824778e-04  3.12396319e-01  3.12720066e+00
 -2.26994296e+00 -4.47411063e-05  9.59809782e-01  1.57101803e+00]","[ 0.00000000e+00  9.50743100e-02  1.69861075e-01  1.55476447e-02
 -8.20721262e-05  9.54538036e-05  1.85046377e-05  0.00000000e+00]","[ 0.          3.0909853  10.29738712  2.48007202 -4.64941597  0.75973243
 -0.3434923  -0.30848983]"
1746810081.002735,"[ 0.00000000e+00  9.94550552e-04  3.12562534e-01  3.12721691e+00
 -2.26994296e+00 -4.36758419e-05  9.59810714e-01  1.57101803e+00]","[ 0.00000000e+00  1.00104638e-01  1.68540829e-01  1.64759457e-02
 -8.20721262e-05  1.05979589e-04  2.91006692e-05  0.00000000e+00]","[ 0.          3.08972716 10.29706573  2.48887038 -4.63064671  0.77010977
 -0.34333023 -0.31295148]"
1746810081.0044327,"[ 0.00000000e+00  1.20807385e-03  3.12892233e-01  3.12725393e+00
 -2.26994349e+00 -4.36758419e-05  9.59810714e-01  1.57101803e+00]","[ 0.00000000e+00  1.05608111e-01  1.67190340e-01  1.94470181e-02
 -8.74993247e-05  1.05978532e-04  3.70368514e-05  0.00000000e+00]","[ 0.          3.10684013 10.31965446  2.46938252 -4.62505054  0.79844487
 -0.33422771 -0.29425788]"
1746810081.0067883,"[ 0.00000000e+00  1.42802573e-03  3.13237079e-01  3.12729894e+00
 -2.26994402e+00 -4.26105774e-05  9.59810714e-01  1.57101803e+00]","[ 0.00000000e+00  1.12360547e-01  1.69017935e-01  2.21479940e-02
 -8.74993247e-05  1.16665758e-04  3.70368514e-05  0.00000000e+00]","[ 0.          3.09407663 10.30845642  2.46294355 -4.64307451  0.7980631
 -0.32229269 -0.29334888]"
1746810081.0079317,"[ 0.00000000e+00  1.55108861e-03  3.13404226e-01  3.12732237e+00
 -2.26994402e+00 -4.15453130e-05  9.59810714e-01  1.57101803e+00]","[ 0.00000000e+00  1.15855031e-01  1.69449350e-01  2.37685775e-02
 -8.74331602e-05  1.27175500e-04  3.70372172e-05  0.00000000e+00]","[ 0.          3.06776571 10.28156471  2.46419621 -4.6639576   0.80077118
 -0.31743923 -0.27362013]"
1746810081.0097022,"[ 0.00000000e+00  1.79445914e-03  3.13757827e-01  3.12737111e+00
 -2.26994456e+00 -4.10126808e-05  9.59811646e-01  1.57101803e+00]","[ 0.00000000e+00  1.25737897e-01  1.73531776e-01  2.51190644e-02
 -8.74993247e-05  1.32474482e-04  4.75833530e-05  0.00000000e+00]","[ 0.          3.07747936 10.25546074  2.46677613 -4.71995926  0.84683031
 -0.32685131 -0.27540341]"
1746810081.0114202,"[ 0.00000000e+00  2.05849323e-03  3.14102673e-01  3.12739774e+00
 -2.26994482e+00 -3.88821519e-05  9.59811646e-01  1.57101803e+00]","[ 0.00000000e+00  1.36939419e-01  1.76103558e-01  2.50532552e-02
 -9.00826511e-05  1.58969375e-04  4.76188043e-05  0.00000000e+00]","[ 0.          3.05664945 10.24595165  2.45119667 -4.76827717  0.87250531
 -0.3171632  -0.26052856]"
1746810081.0125976,"[ 0.00000000e+00  2.20910747e-03  3.14277610e-01  3.12742304e+00
 -2.26994482e+00 -3.88821519e-05  9.59811646e-01  1.57101803e+00]","[ 0.00000000e+00  1.41934951e-01  1.77274250e-01  2.56592596e-02
 -9.01508150e-05  1.58969375e-04  4.76188043e-05  0.00000000e+00]","[ 0.          3.09014654 10.26606083  2.46605396 -4.75685167  0.88887537
 -0.30771992 -0.26710609]"
1746810081.014965,"[ 0.00000000e+00  2.50344815e-03  3.14640831e-01  3.12747630e+00
 -2.26994536e+00 -3.78168875e-05  9.59812578e-01  1.57101803e+00]","[ 0.00000000e+00  1.52334978e-01  1.76913841e-01  2.75499417e-02
 -9.54538036e-05  1.69695653e-04  5.55558217e-05  0.00000000e+00]","[ 0.          3.10704684 10.31545734  2.45352221 -4.71935177  0.90813285
 -0.28651908 -0.29687354]"
1746810081.0161319,"[ 0.00000000e+00  2.65681762e-03  3.14814403e-01  3.12750746e+00
 -2.26994536e+00 -3.72842553e-05  9.59812578e-01  1.57101803e+00]","[ 0.00000000e+00  1.55418519e-01  1.76103558e-01  2.93399105e-02
 -9.54538036e-05  1.74866320e-04  5.55558217e-05  0.00000000e+00]","[ 0.          3.10453582 10.35868645  2.42877555 -4.6824131   0.91753393
 -0.28158504 -0.28056046]"
1746810081.0178366,"[ 0.00000000e+00  2.99110753e-03  3.15174429e-01  3.12757590e+00
 -2.26994536e+00 -3.51537264e-05  9.59812578e-01  1.57101803e+00]","[ 0.00000000e+00  1.65299662e-01  1.76039459e-01  3.46060473e-02
 -9.54538036e-05  1.96210604e-04  5.55552731e-05  0.00000000e+00]","[ 0.          3.05602813 10.48954964  2.39251637 -4.61946487  0.9328655
 -0.27154648 -0.2799046 ]"
1746810081.019614,"[ 0.00000000e+00  3.32861223e-03  3.15519275e-01  3.12765633e+00
 -2.26994536e+00 -3.30231975e-05  9.59813577e-01  1.57101803e+00]","[ 0.00000000e+00  1.73132485e-01  1.73848992e-01  4.29019855e-02
 -9.54538036e-05  2.17258159e-04  6.61372301e-05  0.00000000e+00]","[ 0.          3.03578687 10.6288271   2.32812619 -4.56997108  0.9769665
 -0.26485416 -0.26596305]"
1746810081.0213246,"[ 0.00000000e+00  3.69596383e-03  3.15863189e-01  3.12775327e+00
 -2.26994536e+00 -3.14253009e-05  9.59813577e-01  1.57101803e+00]","[ 0.00000000e+00  1.81886629e-01  1.74212880e-01  5.05082274e-02
 -9.54538036e-05  2.33331516e-04  6.61372301e-05  0.00000000e+00]","[ 0.          3.01791239 10.7721796   2.27877831 -4.53264284  1.03287244
 -0.25939465 -0.30911389]"
1746810081.0231676,"[ 0.00000000e+00  3.87826215e-03  3.16051009e-01  3.12780973e+00
 -2.26994536e+00 -3.03600364e-05  9.59813577e-01  1.57101803e+00]","[ 0.00000000e+00  1.85016775e-01  1.76791769e-01  5.31629122e-02
 -9.54538036e-05  2.43935072e-04  6.61372301e-05  0.00000000e+00]","[ 0.          2.97813678 10.80195332  2.2529881  -4.50789785  1.05501902
 -0.24903484 -0.27980319]"
1746810081.0249374,"[ 0.00000000e+00  4.25296111e-03  3.16404576e-01  3.12792664e+00
 -2.26994589e+00 -2.82295076e-05  9.59814509e-01  1.57101803e+00]","[ 0.00000000e+00  1.91769203e-01  1.79972482e-01  6.13121269e-02
 -9.54538036e-05  2.64948963e-04  6.62372408e-05  0.00000000e+00]","[ 0.          2.95181584 10.95982552  2.13270855 -4.49913788  1.11092377
 -0.24203411 -0.25328377]"
1746810081.0261166,"[ 0.00000000e+00  4.44719814e-03  3.16583674e-01  3.12799748e+00
 -2.26994589e+00 -2.76968753e-05  9.59814509e-01  1.57101803e+00]","[ 0.00000000e+00  1.96901065e-01  1.81505497e-01  6.66416615e-02
 -9.54528527e-05  2.70452445e-04  6.62873661e-05  0.00000000e+00]","[ 0.          2.90685129 11.05939674  2.08063602 -4.49719524  1.14364445
 -0.23055559 -0.27503225]"
1746810081.0278864,"[ 0.00000000e+00  4.86414254e-03  3.16958381e-01  3.12814529e+00
 -2.26994589e+00 -2.55663465e-05  9.59814509e-01  1.57101803e+00]","[ 0.00000000e+00  2.04796272e-01  1.82559443e-01  7.72478753e-02
 -9.28023133e-05  2.91664416e-04  6.62372408e-05  0.00000000e+00]","[ 0.          2.81704378 11.22967434  1.94834697 -4.49321222  1.17251587
 -0.25682995 -0.23985407]"
1746810081.0290284,"[ 0.00000000e+00  5.27649506e-03  3.17321137e-01  3.12831653e+00
 -2.26994589e+00 -2.39684498e-05  9.59815441e-01  1.57101803e+00]","[ 0.00000000e+00  2.10946127e-01  1.84476569e-01  8.60135785e-02
 -8.74993247e-05  3.07573357e-04  7.42418490e-05  0.00000000e+00]","[ 0.          2.7016139  11.44948196  1.81223357 -4.43950176  1.21151245
 -0.26477429 -0.26975277]"
1746810081.0307617,"[ 0.00000000e+00  5.50517165e-03  3.17520408e-01  3.12840654e+00
 -2.26994589e+00 -2.29031854e-05  9.59815441e-01  1.57101803e+00]","[ 0.00000000e+00  2.15410101e-01  1.87574808e-01  9.12929458e-02
 -8.74993247e-05  3.18179351e-04  7.42418490e-05  0.00000000e+00]","[ 0.          2.67794991 11.52121258  1.75021517 -4.37626171  1.23612618
 -0.26477429 -0.24016361]"
1746810081.032512,"[ 0.00000000e+00  5.93589167e-03  3.17896047e-01  3.12859723e+00
 -2.26994589e+00 -2.07726565e-05  9.59815441e-01  1.57101803e+00]","[ 0.00000000e+00  2.18778950e-01  1.91499109e-01  9.77752879e-02
 -8.74331602e-05  3.39134677e-04  7.41857136e-05  0.00000000e+00]","[ 0.          2.55241561 11.7094059   1.63934958 -4.33141327  1.29596519
 -0.25245306 -0.22493206]"
1746810081.0336137,"[ 0.00000000e+00  6.17191536e-03  3.18086130e-01  3.12869603e+00
 -2.26994589e+00 -1.91747598e-05  9.59815441e-01  1.57101803e+00]","[ 0.00000000e+00  2.21971847e-01  1.92849598e-01  1.00206163e-01
 -8.21963279e-05  3.55300279e-04  7.42418490e-05  0.00000000e+00]","[ 0.          2.46605802 11.80323029  1.60919166 -4.30652666  1.34860301
 -0.24661644 -0.27504951]"
1746810081.0359783,"[ 0.00000000e+00  6.62008428e-03  3.18489299e-01  3.12890669e+00
 -2.26994589e+00 -1.59789665e-05  9.59816440e-01  1.57101803e+00]","[ 0.00000000e+00  2.28540767e-01  1.98107077e-01  1.03987527e-01
 -7.95448377e-05  4.16364008e-04  8.47828240e-05  0.00000000e+00]","[ 0.          2.28879905 11.86038017  1.44960415 -4.26273775  1.38990009
 -0.22676192 -0.23910812]"
1746810081.037736,"[ 0.00000000e+00  7.09901947e-03  3.18894765e-01  3.12912214e+00
 -2.26994589e+00 -1.22505410e-05  9.59816440e-01  1.57101803e+00]","[ 0.00000000e+00  2.35973117e-01  2.06954864e-01  1.05573523e-01
 -7.41857136e-05  5.82023128e-04  8.48478263e-05  0.00000000e+00]","[ 0.          2.17698097 11.90341377  1.28451562 -4.22173882  1.45315051
 -0.23230059 -0.26277497]"
1746810081.0395198,"[ 0.00000000e+00  7.33504264e-03  3.19100960e-01  3.12922813e+00
 -2.26994589e+00 -1.06526444e-05  9.59817372e-01  1.57101803e+00]","[ 0.00000000e+00  2.39063898e-01  2.09055449e-01  1.07389874e-01
 -7.42418490e-05  6.83230597e-04  9.53816248e-05  0.00000000e+00]","[ 0.          2.12554646 11.86881161  1.20422626 -4.20010614  1.47683084
 -0.23197331 -0.24172434]"
1746810081.0407197,"[ 0.00000000e+00  7.81673306e-03  3.19535788e-01  3.12943985e+00
 -2.26994589e+00 -6.39158662e-06  9.59818304e-01  1.57101803e+00]","[ 0.00000000e+00  2.45539674e-01  2.13654728e-01  1.07228694e-01
 -7.42418490e-05  9.11514152e-04  1.03330098e-04  0.00000000e+00]","[ 0.          1.96496236 11.8590889   1.0681355  -4.1674571   1.52316833
 -0.23205684 -0.21097392]"
1746810081.0425193,"[ 0.00000000e+00  8.32918871e-03  3.19997281e-01  3.12965983e+00
 -2.26994589e+00 -1.59789665e-06  9.59819236e-01  1.57101803e+00]","[ 0.00000000e+00  2.50768458e-01  2.18341759e-01  1.06827364e-01
 -7.42418490e-05  1.15457214e-03  1.13928053e-04  0.00000000e+00]","[ 0.          1.87075579 11.83687115  0.99917948 -4.06349039  1.57297361
 -0.20975038 -0.23250321]"
1746810081.0436895,"[ 0.00000000e+00  8.57715086e-03  3.20180506e-01  3.12976209e+00
 -2.26994589e+00  1.06526444e-06  9.59819236e-01  1.57101803e+00]","[ 0.00000000e+00  2.51460747e-01  2.19431707e-01  1.03717433e-01
 -7.42411095e-05  1.29103665e-03  1.13928053e-04  0.00000000e+00]","[ 0.          1.8020153  11.86254025  0.97261888 -4.03499222  1.60155165
 -0.20870242 -0.23137194]"
1746810081.0454185,"[ 0.00000000e+00  9.07674999e-03  3.20667698e-01  3.12996316e+00
 -2.26994536e+00  6.92421883e-06  9.59820235e-01  1.57101803e+00]","[ 0.00000000e+00  2.54161725e-01  2.21525351e-01  1.01183926e-01
 -6.88867318e-05  1.58968325e-03  1.21968747e-04  0.00000000e+00]","[ 0.          1.71027052 11.81405449  0.90834421 -3.94080138  1.59781837
 -0.17301309 -0.24245262]"
1746810081.0466597,"[ 0.00000000e+00  9.34675292e-03  3.20855052e-01  3.13006143e+00
 -2.26994536e+00  1.17179088e-05  9.59821167e-01  1.57101803e+00]","[ 0.00000000e+00  2.54279220e-01  2.24804002e-01  9.96659659e-02
 -6.89388604e-05  1.86897368e-03  1.32474482e-04  0.00000000e+00]","[ 0.          1.66181934 11.75179863  0.87657785 -3.88881731  1.61296785
 -0.16039293 -0.23670501]"
1746810081.0484235,"[ 0.00000000e+00  9.85232076e-03  3.21354661e-01  3.13026543e+00
 -2.26994589e+00  2.29031854e-05  9.59822099e-01  1.57101803e+00]","[ 0.00000000e+00  2.57402892e-01  2.28199300e-01  1.00206163e-01
 -7.42418490e-05  2.78717259e-03  1.43180701e-04  0.00000000e+00]","[ 0.          1.58042836 11.67771339  0.8495062  -3.82761574  1.66418254
 -0.14913471 -0.21050353]"
1746810081.0501823,"[ 0.00000000e+00  1.01080893e-02  3.21581495e-01  3.13036450e+00
 -2.26994589e+00  3.14253009e-05  9.59823097e-01  1.57101803e+00]","[ 0.00000000e+00  2.59293570e-01  2.30123051e-01  1.00476258e-01
 -7.41864532e-05  3.62094539e-03  1.51135188e-04  0.00000000e+00]","[ 0.          1.57402146 11.65183258  0.85784835 -3.82379198  1.67872941
 -0.13916405 -0.23926206]"
1746810081.0519903,"[ 0.00000000e+00  1.06462601e-02  3.22040691e-01  3.13057249e+00
 -2.26994589e+00  5.91221762e-05  9.59824030e-01  1.57101803e+00]","[ 0.00000000e+00  2.63808427e-01  2.34714707e-01  1.01561229e-01
 -7.42418490e-05  8.70982153e-03  1.61618866e-04  0.00000000e+00]","[ 0.          1.5380826  11.54099846  0.89591283 -3.86066628  1.69387984
 -0.12076903 -0.23063165]"
1746810081.0531301,"[ 0.00000000e+00  1.11706552e-02  3.22529714e-01  3.13077915e+00
 -2.26994589e+00  1.18776985e-04  9.59825960e-01  1.57101803e+00]","[ 0.00000000e+00  2.66046281e-01  2.39846551e-01  1.06148308e-01
 -6.88867318e-05  2.91283244e-02  1.80303434e-04  0.00000000e+00]","[ 0.          1.57547712 11.42006493  0.85826361 -3.8965354   1.71548712
 -0.11501574 -0.23951679]"
1746810081.0549068,"[ 0.00000000e+00  1.14342301e-02  3.22768500e-01  3.13088568e+00
 -2.26994589e+00  1.61920194e-04  9.59826892e-01  1.57101803e+00]","[ 0.00000000e+00  2.67396504e-01  2.42277435e-01  1.08038994e-01
 -6.88867318e-05  4.37114575e-02  1.90905705e-04  0.00000000e+00]","[ 0.          1.57992506 11.34328556  0.83368981 -3.93287468  1.71159852
 -0.0923539  -0.23875964]"
1746810081.0565894,"[ 0.00000000e+00  1.19880126e-02  3.23254327e-01  3.13111764e+00
 -2.26994589e+00  2.73240328e-04  9.59827825e-01  1.57101803e+00]","[ 0.00000000e+00  2.71177859e-01  2.47409280e-01  1.15244976e-01
 -6.88860409e-05  5.76767455e-02  1.98862094e-04  0.00000000e+00]","[ 0.          1.56708312 11.24056435  0.86575186 -3.95860243  1.70743918
 -0.0756826  -0.23466863]"
1746810081.0578392,"[ 0.00000000e+00  1.22570980e-02  3.23518346e-01  3.13123482e+00
 -2.26994589e+00  3.36090930e-04  9.59828757e-01  1.57101803e+00]","[ 0.00000000e+00  2.72798443e-01  2.48277770e-01  1.18842890e-01
 -6.88867318e-05  6.37430062e-02  2.06816581e-04  0.00000000e+00]","[ 0.          1.6028595  11.21469593  0.88558447 -3.97807288  1.70258069
 -0.07731006 -0.23986723]"
1746810081.059568,"[ 0.00000000e+00  1.28287892e-02  3.24011996e-01  3.13147957e+00
 -2.26994589e+00  4.79368996e-04  9.59829755e-01  1.57101803e+00]","[ 0.00000000e+00  2.80609894e-01  2.51460747e-01  1.25865421e-01
 -6.89388604e-05  7.50110197e-02  2.17258159e-04  0.00000000e+00]","[ 0.          1.63554502 11.15892982  0.87705904 -3.99793959  1.70217466
 -0.06644581 -0.20584525]"
1746810081.060725,"[ 0.00000000e+00  1.31075171e-02  3.24263165e-01  3.13161645e+00
 -2.26994589e+00  5.65122783e-04  9.59830687e-01  1.57101803e+00]","[ 0.00000000e+00  2.82792055e-01  2.54701914e-01  1.28894991e-01
 -6.89388604e-05  8.07474437e-02  2.28026260e-04  0.00000000e+00]","[ 0.          1.56530547 11.04977036  0.87567949 -4.00988865  1.71212757
 -0.06836386 -0.19407079]"
1746810081.0624623,"[ 0.00000000e+00  1.36727803e-02  3.24789406e-01  3.13187771e+00
 -2.26994589e+00  7.31638946e-04  9.59831620e-01  1.57101803e+00]","[ 0.00000000e+00  2.87383711e-01  2.57943097e-01  1.34102436e-01
 -6.88867318e-05  8.40003119e-02  2.28028536e-04  0.00000000e+00]","[ 0.          1.55268621 10.93251801  0.84385616 -4.03561258  1.76138461
 -0.05210384 -0.22081703]"
1746810081.0642002,"[ 0.00000000e+00  1.39565589e-02  3.25044237e-01  3.13200953e+00
 -2.26994615e+00  8.16305167e-04  9.59832618e-01  1.57101803e+00]","[ 0.00000000e+00  2.87632184e-01  2.58221381e-01  1.33698252e-01
 -7.15903507e-05  8.58909982e-02  2.38454070e-04  0.00000000e+00]","[ 0.          1.59470391 10.90887451  0.82316971 -4.03282118  1.79786396
 -0.03874991 -0.22081703]"
1746810081.0659637,"[ 0.00000000e+00  1.45502919e-02  3.25300467e-01  3.13228943e+00
 -2.26994615e+00  9.86588897e-04  9.59833550e-01  1.57101803e+00]","[ 0.00000000e+00  2.90870055e-01  2.59833775e-01  1.37749710e-01
 -7.15362227e-05  8.28359113e-02  2.46589000e-04  0.00000000e+00]","[ 0.          1.56758952 10.79339218  0.80447054 -4.05345678  1.83571839
 -0.0136204  -0.24506176]"
1746810081.0671313,"[ 0.00000000e+00  1.48391222e-02  3.25558061e-01  3.13256241e+00
 -2.26994615e+00  1.15401883e-03  9.59834482e-01  1.57101897e+00]","[ 0.00000000e+00  2.93055778e-01  2.61184264e-01  1.38830105e-01
 -7.15903507e-05  8.47246751e-02  2.54351000e-04  1.05979587e-05]","[ 0.00000000e+00  1.49857879e+00  1.08009605e+01  7.71150947e-01
 -4.08702660e+00  1.85797071e+00  8.31780583e-03 -2.16476724e-01]"
1746810081.0688577,"[ 0.00000000e+00  1.54461710e-02  3.26090726e-01  3.13270968e+00
 -2.26994615e+00  1.24534419e-03  9.59834482e-01  1.57101897e+00]","[ 0.00000000e+00  2.97912917e-01  2.59293570e-01  1.38544506e-01
 -6.62372408e-05  8.60135785e-02  2.54543487e-04  1.05979587e-05]","[ 0.00000000e+00  1.44415545e+00  1.07244577e+01  7.97272921e-01
 -4.08407497e+00  1.85330665e+00 -5.49357338e-03 -2.11210057e-01]"
1746810081.0706482,"[ 0.00000000e+00  1.60399030e-02  3.26626621e-01  3.13298052e+00
 -2.26994615e+00  1.41372528e-03  9.59836413e-01  1.57101897e+00]","[ 0.00000000e+00  3.02779278e-01  2.62805347e-01  1.37209521e-01
 -6.62372408e-05  8.58909982e-02  2.75755442e-04  1.05979587e-05]","[ 0.          1.44695902 10.69390297  0.78523815 -4.08848381  1.83683765
  0.01360068 -0.21803252]"
1746810081.072333,"[ 0.00000000e+00  1.63388355e-02  3.26887877e-01  3.13311421e+00
 -2.26994615e+00  1.50885592e-03  9.59836413e-01  1.57101897e+00]","[ 0.00000000e+00  3.02742327e-01  2.64697157e-01  1.35588930e-01
 -6.62873661e-05  8.35455605e-02  2.75546927e-04  1.06059783e-05]","[ 0.00000000e+00  1.50953364e+00  1.06714029e+01  7.47616053e-01
 -4.09565020e+00  1.85876739e+00  6.03975588e-03 -2.07561553e-01]"
1746810081.0734582,"[ 0.00000000e+00  1.69674664e-02  3.27434324e-01  3.13339065e+00
 -2.26994669e+00  1.68009093e-03  9.59837345e-01  1.57101897e+00]","[ 0.00000000e+00  3.09261612e-01  2.67319172e-01  1.34508543e-01
 -6.88874145e-05  8.29199257e-02  2.83709912e-04  1.05979587e-05]","[ 0.          1.50444257 10.75787735  0.75504476 -4.11201239  1.88564181
  0.01154818 -0.23949555]"
1746810081.0752199,"[ 0.00000000e+00  1.72742053e-02  3.27700208e-01  3.13352434e+00
 -2.26994669e+00  1.76285452e-03  9.59837345e-01  1.57101897e+00]","[ 0.00000000e+00  3.11152290e-01  2.69557276e-01  1.35451552e-01
 -6.89388604e-05  8.40003119e-02  2.83709912e-04  1.05979587e-05]","[ 0.          1.44824994 10.85140133  0.75977588 -4.13140488  1.8679986
  0.02425091 -0.22212124]"
1746810081.0769331,"[ 0.00000000e+00  1.79184490e-02  3.28231941e-01  3.13379758e+00
 -2.26994722e+00  1.94550524e-03  9.59838277e-01  1.57101897e+00]","[ 0.00000000e+00  3.16172083e-01  2.69560572e-01  1.39910499e-01
 -7.41857136e-05  9.12797215e-02  2.94093347e-04  1.05979587e-05]","[ 0.          1.46508598 10.89066124  0.75482124 -4.17011309  1.91807985
  0.03888028 -0.19021197]"
1746810081.07806,"[ 0.00000000e+00  1.85489170e-02  3.28783415e-01  3.13408494e+00
 -2.26994722e+00  2.14147436e-03  9.59840208e-01  1.57101897e+00]","[ 0.00000000e+00  3.20875791e-01  2.68570908e-01  1.40180594e-01
 -6.89388604e-05  1.02366944e-01  3.12873249e-04  1.05979587e-05]","[ 0.          1.53272939 10.98262882  0.76256227 -4.18569231  1.94997931
  0.04504678 -0.22812629]"
1746810081.0797777,"[ 0.00000000e+00  1.88666758e-02  3.29050663e-01  3.13422369e+00
 -2.26994722e+00  2.24802057e-03  9.59840208e-01  1.57101897e+00]","[ 0.00000000e+00  3.22226280e-01  2.71177859e-01  1.40720783e-01
 -6.89381696e-05  1.08038994e-01  3.12639768e-04  1.05978530e-05]","[ 0.          1.59496021 10.99635887  0.72517329 -4.16321421  1.96426082
  0.04757638 -0.2255632 ]"
1746810081.0814977,"[ 0.00000000e+00  1.95320416e-02  3.29590220e-01  3.13450891e+00
 -2.26994722e+00  2.48870089e-03  9.59841140e-01  1.57101897e+00]","[ 0.00000000e+00  3.25467447e-01  2.74689137e-01  1.39678039e-01
 -6.88867318e-05  1.20733576e-01  3.23237731e-04  1.05820616e-05]","[ 0.          1.67231274 11.23174667  0.74865544 -4.17524433  1.9583354
  0.03954665 -0.22851492]"
1746810081.0826566,"[ 0.00000000e+00  1.98543923e-02  3.29884100e-01  3.13464740e+00
 -2.26994722e+00  2.61427336e-03  9.59841140e-01  1.57101897e+00]","[ 0.00000000e+00  3.26817936e-01  2.76848378e-01  1.40308376e-01
 -6.36358718e-05  1.27486012e-01  3.23482331e-04  1.05819570e-05]","[ 0.          1.66887569 11.4199152   0.78866351 -4.16481924  1.94263923
  0.04381046 -0.23091471]"
1746810081.0843718,"[ 0.00000000e+00  2.05321564e-02  3.30434675e-01  3.13492942e+00
 -2.26994722e+00  2.89585999e-03  9.59842072e-01  1.57101897e+00]","[ 0.00000000e+00  3.32206176e-01  2.79010699e-01  1.43961950e-01
 -6.36358718e-05  1.41433411e-01  3.31182904e-04  1.05820616e-05]","[ 0.          1.72777414 11.59558296  0.79721409 -4.16807604  1.95470691
  0.05151457 -0.20794748]"
1746810081.0861619,"[ 0.00000000e+00  2.08623135e-02  3.30711111e-01  3.13508149e+00
 -2.26994722e+00  3.03855575e-03  9.59842072e-01  1.57101897e+00]","[ 0.00000000e+00  3.34920870e-01  2.80361188e-01  1.43188784e-01
 -6.35877499e-05  1.44772250e-01  3.31436834e-04  1.05820616e-05]","[ 0.          1.79113054 11.65954113  0.81147319 -4.1688776   1.95037436
  0.06538837 -0.23468013]"
1746810081.0878925,"[ 0.          0.02153089  0.33129198  3.13536299 -2.26994722  0.00333441
  0.95984307  1.57101897]","[ 0.00000000e+00  3.40322826e-01  2.84682733e-01  1.42466968e-01
 -6.36352378e-05  1.51524678e-01  3.41784152e-04  1.05819570e-05]","[ 0.          1.8546586  11.8837986   0.81492114 -4.13011456  2.00274992
  0.08031398 -0.19574548]"
1746810081.0890136,"[ 0.          0.02223299  0.3318586   3.13565487 -2.26994775  0.00349994
  0.959844    1.57101897]","[ 0.00000000e+00  3.43755540e-01  2.89251119e-01  1.43188784e-01
 -6.34923676e-05  1.55831243e-01  3.42756082e-04  1.05819570e-05]","[ 0.          1.95576    12.11180687  0.88692546 -4.12235022  2.05871511
  0.07583635 -0.21062781]"
1746810081.0907695,"[ 0.          0.02257326  0.33217039  3.13579682 -2.26994775  0.00365881
  0.95984494  1.57101897]","[ 0.00000000e+00  3.45184559e-01  2.93649862e-01  1.43961950e-01
 -6.34917418e-05  1.61248196e-01  3.53470754e-04  1.05819570e-05]","[ 0.          2.01047444 12.26247311  0.9470048  -4.12796116  2.04165316
  0.09526516 -0.19211468]"
1746810081.0925007,"[ 0.          0.0232625   0.33275862  3.13608976 -2.26994775  0.00399462
  0.95984593  1.57101897]","[ 0.00000000e+00  3.50586515e-01  2.98997889e-01  1.50444300e-01
 -6.34917418e-05  1.72592280e-01  3.71545399e-04  1.05819570e-05]","[ 0.          2.07784081 12.40116787  1.0047338  -4.11867476  2.09178829
  0.09742533 -0.1882598 ]"
1746810081.0936408,"[ 0.          0.02363812  0.33305526  3.13625381 -2.26994775  0.00418488
  0.95984593  1.57101897]","[ 0.00000000e+00  3.53583537e-01  3.00888600e-01  1.54473363e-01
 -6.08468550e-05  1.79048681e-01  3.87530510e-04  1.05820616e-05]","[ 0.          2.13382578 12.48912048  1.03009915 -4.10677099  2.1330905
  0.10969671 -0.21378799]"
1746810081.0953305,"[ 0.          0.02434251  0.33367837  3.13656913 -2.26994775  0.00456065
  0.95984687  1.57101897]","[ 0.00000000e+00  3.57609071e-01  3.04940034e-01  1.60814999e-01
 -5.55972507e-05  1.93929992e-01  4.02253350e-04  1.05899522e-05]","[ 0.          2.18811989 12.65964031  1.08095777 -4.05903053  2.0799582
  0.10999025 -0.21709229]"
1746810081.0964835,"[ 0.          0.02469701  0.33398144  3.13673025 -2.26994775  0.00475852
  0.9598478   1.57101897]","[ 0.00000000e+00  3.59135496e-01  3.07059511e-01  1.63408968e-01
 -5.02642966e-05  2.00682421e-01  4.19172193e-04  1.05819570e-05]","[ 0.          2.2291615  12.71437359  1.12844539 -4.04911947  2.04638362
  0.1254257  -0.22145295]"
1746810081.0987785,"[ 0.          0.02544135  0.3345963   3.1370762  -2.26994775  0.0051866
  0.95984973  1.57101897]","[ 0.00000000e+00  3.64091405e-01  3.13853268e-01  1.70971696e-01
 -4.76188043e-05  2.11002220e-01  4.49992431e-04  1.05819570e-05]","[ 0.          2.32574439 12.81426716  1.20480275 -4.00780582  2.04094887
  0.15746799 -0.21519773]"
1746810081.0999172,"[ 0.          0.02580503  0.33493289  3.13724744 -2.26994775  0.00539684
  0.95984973  1.57101897]","[ 0.00000000e+00  3.68953139e-01  3.16971330e-01  1.73496706e-01
 -4.76552554e-05  2.13323265e-01  4.67161010e-04  1.05820616e-05]","[ 0.          2.36961722 12.8599968   1.18409503 -3.99250579  2.05179906
  0.15719838 -0.2014654 ]"
1746810081.101645,"[ 0.          0.02657004  0.33556565  3.1376075  -2.26994775  0.0058354
  0.95985159  1.57101897]","[ 0.00000000e+00  3.75047251e-01  3.23306691e-01  1.76540999e-01
 -4.76188043e-05  2.15049576e-01  5.06297287e-04  1.05819570e-05]","[ 0.          2.39968753 12.8045311   1.2274698  -3.96341753  2.12534046
  0.17319332 -0.16848004]"
1746810081.1033757,"[ 0.          0.02694061  0.33591143  3.13778007 -2.26994775  0.00604944
  0.95985259  1.57101897]","[ 0.00000000e+00  3.75705584e-01  3.25191244e-01  1.75023163e-01
 -4.76188043e-05  2.17158366e-01  5.28721220e-04  1.05819570e-05]","[ 0.          2.40678167 12.70284081  1.2495985  -3.97040176  2.15924168
  0.18970716 -0.22013718]"
1746810081.1045227,"[ 0.          0.02768587  0.33656254  3.13812202 -2.26994775  0.00649655
  0.95985446  1.57101897]","[ 0.00000000e+00  3.78136451e-01  3.31679703e-01  1.72592280e-01
 -4.23278279e-05  2.19422403e-01  5.63054217e-04  1.05739739e-05]","[ 0.          2.43786311 12.56687164  1.29370821 -3.95567679  2.19918656
  0.20780453 -0.17037268]"
1746810081.106231,"[ 0.          0.02846925  0.33725044  3.13847622 -2.26994775  0.00693511
  0.95985639  1.57101897]","[ 0.00000000e+00  3.83926496e-01  3.37785099e-01  1.72147598e-01
 -4.23282464e-05  2.23910811e-01  5.89425039e-04  1.05819570e-05]","[ 0.          2.5125351  12.39627266  1.34619582 -3.93655443  2.2276988
  0.23038916 -0.1990771 ]"
1746810081.1080346,"[ 0.          0.02885084  0.33758656  3.13864746 -2.26994775  0.00715581
  0.95985732  1.57101897]","[ 0.00000000e+00  3.86657534e-01  3.40863015e-01  1.73672674e-01
 -3.70372172e-05  2.23683943e-01  5.91067278e-04  1.05819570e-05]","[ 0.          2.53096104 12.4407444   1.36483526 -3.94430327  2.23708057
  0.23511752 -0.20849797]"
1746810081.10916,"[ 0.          0.02961814  0.33826617  3.13899288 -2.26994775  0.0076229
  0.95986018  1.57101897]","[ 0.00000000e+00  3.89210474e-01  3.45104665e-01  1.76103558e-01
 -3.17458709e-05  2.29582862e-01  6.12156965e-04  1.05819570e-05]","[ 0.          2.52979469 12.35838985  1.41327047 -3.90640664  2.18516803
  0.27037123 -0.21813808]"
1746810081.1109188,"[ 0.          0.03003417  0.33860872  3.13918249 -2.26994775  0.00784931
  0.95986111  1.57101897]","[ 0.00000000e+00  3.91700330e-01  3.47345348e-01  1.78547141e-01
 -3.17458709e-05  2.29582862e-01  6.12146302e-04  1.05819570e-05]","[ 0.          2.62390709 12.17542744  1.41860163 -3.85805154  2.08752012
  0.28295162 -0.22144076]"
1746810081.1120622,"[ 0.          0.03081433  0.33932597  3.13954415 -2.26994775  0.00832496
  0.95986304  1.57101897]","[ 0.00000000e+00  3.96773186e-01  3.51126704e-01  1.84206475e-01
 -2.91223691e-05  2.30991008e-01  6.30696233e-04  1.05819570e-05]","[ 0.          2.67072225 12.09611511  1.46485829 -3.80535674  2.03567004
  0.30557355 -0.21367171]"
1746810081.1138864,"[ 0.          0.03120878  0.33967265  3.13972791 -2.26994775  0.00855708
  0.95986398  1.57101897]","[ 0.00000000e+00  4.00014352e-01  3.51666927e-01  1.86178429e-01
 -2.91006692e-05  2.35525007e-01  6.33914458e-04  1.05819570e-05]","[ 0.          2.62557983 12.07285786  1.4729476  -3.77285028  2.13726091
  0.3239041  -0.21936978]"
1746810081.115608,"[ 0.          0.03203302  0.34040369  3.14011513 -2.26994775  0.00902608
  0.95986491  1.57101897]","[ 0.00000000e+00  4.02715330e-01  3.57609071e-01  1.90148620e-01
 -2.38094022e-05  2.40116663e-01  6.34795915e-04  1.05819570e-05]","[ 0.          2.61526203 11.90799522  1.46269751 -3.83817053  2.1840775
  0.32974011 -0.21795449]"
1746810081.1168005,"[ 0.          0.03243114  0.34075908  3.14030342 -2.26994775  0.00928388
  0.95986684  1.57101897]","[ 0.00000000e+00  4.03795742e-01  3.60310049e-01  1.90958920e-01
 -2.38094022e-05  2.42743871e-01  6.64959075e-04  1.05899522e-05]","[ 0.          2.66950703 11.72048759  1.49550557 -3.85603356  2.15697265
  0.3423852  -0.22240575]"
1746810081.1185112,"[ 0.          0.03326181  0.34150068  3.14068318 -2.26994802  0.00977095
  0.9598697   1.57101897]","[ 0.00000000e+00  4.06495688e-01  3.62861957e-01  1.92849598e-01
 -2.64548924e-05  2.47949485e-01  6.90925221e-04  1.05819570e-05]","[ 0.          2.66428137 11.4704771   1.50947666 -3.89510369  2.23799014
  0.3441467  -0.22604826]"
1746810081.120311,"[ 0.          0.03366361  0.34185701  3.14088931 -2.26994802  0.01000973
  0.95987157  1.57101897]","[ 0.00000000e+00  4.07577097e-01  3.61390427e-01  1.93912199e-01
 -2.64551545e-05  2.42031958e-01  7.33784104e-04  1.05820616e-05]","[ 0.          2.66475725 11.49606895  1.50066137 -3.91959524  2.2881043
  0.35350019 -0.21430902]"
1746810081.1220088,"[ 0.          0.03447408  0.3425706   3.14127414 -2.26994775  0.01049489
  0.95987636  1.57101897]","[ 0.00000000e+00  4.11628564e-01  3.62373367e-01  1.96090765e-01
 -2.37916765e-05  2.34444612e-01  8.58135717e-04  1.05819570e-05]","[ 0.          2.67048645 11.46615124  1.51094687 -3.90891218  2.26258707
  0.36621654 -0.20195381]"
1746810081.1231842,"[ 0.          0.03532128  0.34331632 -3.14149705 -2.26994775  0.0109382
  0.95988109  1.57101897]","[ 0.00000000e+00  4.14059431e-01  3.64617346e-01  2.04463793e-01
 -2.38094022e-05  2.22830417e-01  1.01295172e-03  1.05820616e-05]","[ 0.          2.77022767 11.4689064   1.54173589 -3.84803534  2.25156069
  0.36796227 -0.20334014]"
1746810081.1249454,"[ 0.          0.03573042  0.34367631 -3.14129278 -2.26994775  0.01117317
  0.95988395  1.57101897]","[ 0.00000000e+00  4.14869731e-01  3.65171783e-01  2.07164771e-01
 -2.38094022e-05  2.21177776e-01  1.16244485e-03  1.05820616e-05]","[ 0.          2.80758715 11.44033432  1.57295716 -3.83456326  2.26608944
  0.36403725 -0.20312427]"
1746810081.1266239,"[ 0.          0.03658589  0.34439403 -3.14086375 -2.26994802  0.01160126
  0.95988968  1.57101897]","[ 0.00000000e+00  4.18110898e-01  3.63281105e-01  2.09194683e-01
 -2.11641232e-05  2.17158366e-01  1.53078695e-03  1.05819570e-05]","[ 0.          2.77802324 11.39699173  1.58014834 -3.86383772  2.28763151
  0.37376952 -0.22388722]"
1746810081.1283474,"[ 0.          0.03699962  0.34475266 -3.14065629 -2.26994802  0.01181626
  0.95989347  1.57101897]","[ 0.00000000e+00  4.19306192e-01  3.63821294e-01  2.10405938e-01
 -2.11639139e-05  2.17968666e-01  1.75524344e-03  1.05819570e-05]","[ 0.          2.77055764 11.42122936  1.54973531 -3.88230538  2.34398937
  0.37930575 -0.19916338]"
1746810081.1295166,"[ 0.          0.0378606   0.34550297 -3.1402403  -2.26994802  0.01227003
  0.95990206  1.57101897]","[ 0.00000000e+00  4.20789472e-01  3.67062461e-01  2.10946127e-01
 -2.11639139e-05  2.20939739e-01  2.34034904e-03  1.05820616e-05]","[ 0.          2.78256917 11.38966179  1.53851104 -3.96597338  2.39413905
  0.36818099 -0.19578297]"
1746810081.1318326,"[ 0.          0.03869678  0.34625652 -3.13981366 -2.26994802  0.01271239
  0.95991345  1.57101897]","[ 0.00000000e+00  4.25673610e-01  3.68378862e-01  2.06438827e-01
 -2.11639139e-05  2.26382175e-01  3.46639284e-03  1.05819570e-05]","[ 0.          2.79389858 11.46686459  1.51750433 -4.01061821  2.43042445
  0.36547336 -0.22879119]"
1746810081.1330206,"[ 0.          0.03911924  0.34661791 -3.13961073 -2.26994802  0.01295782
  0.95992104  1.57101897]","[ 0.00000000e+00  4.27940559e-01  3.66522272e-01  2.05814282e-01
 -2.11641232e-05  2.31208522e-01  4.24944413e-03  1.05819570e-05]","[ 0.          2.80430627 11.57520485  1.53536189 -4.00999832  2.36163235
  0.35123822 -0.23089524]"
1746810081.1348128,"[ 0.          0.04000272  0.34734249 -3.13920167 -2.26994802  0.01342967
  0.95994201  1.57101897]","[ 0.00000000e+00  4.31345677e-01  3.67332572e-01  2.08515244e-01
 -2.11639139e-05  2.41197040e-01  7.46556094e-03  1.05819570e-05]","[ 0.          2.82241321 11.81934738  1.56237638 -4.01767731  2.34148836
  0.33651116 -0.23060571]"
1746810081.1359596,"[ 0.          0.04042977  0.34770571 -3.13897849 -2.26994802  0.01367511
  0.95996098  1.57101897]","[ 0.00000000e+00  4.33236355e-01  3.68412950e-01  2.10143966e-01
 -2.11639139e-05  2.49029880e-01  1.17921070e-02  1.05819570e-05]","[ 0.          2.82983851 11.90099812  1.5398972  -4.01638365  2.36757326
  0.33062929 -0.24229804]"
1746810081.137706,"[ 0.          0.04128524  0.34846474 -3.13855558 -2.26994802  0.01420594
  0.96001431  1.57101897]","[ 0.00000000e+00  4.34586844e-01  3.71654117e-01  2.14779747e-01
 -2.11799045e-05  2.63345037e-01  3.07599142e-02  1.05819570e-05]","[ 0.          2.87920737 12.08315372  1.55758846 -4.02479982  2.31315517
  0.31463903 -0.25498384]"
1746810081.139426,"[ 0.          0.04218295  0.34919718 -3.13810791 -2.26994855  0.01473201
  0.96008755  1.57101897]","[ 0.00000000e+00  4.39273175e-01  3.71817202e-01  2.19673173e-01
 -2.64548924e-05  2.69014341e-01  3.66121941e-02  1.05819570e-05]","[ 0.          2.88630509 12.27629852  1.5327599  -4.03250933  2.31036043
  0.30055049 -0.25133324]"
1746810081.1405585,"[ 0.          0.04261643  0.34959299 -3.13788926 -2.26994855  0.01502121
  0.96012557  1.57101897]","[ 0.00000000e+00  4.39718689e-01  3.72641917e-01  2.21750022e-01
 -2.64548924e-05  2.72334553e-01  3.86239376e-02  1.05739739e-05]","[ 0.          2.92953444 12.46281338  1.51681077 -4.06956625  2.32982922
  0.29290897 -0.24583814]"
1746810081.1422863,"[ 0.          0.04352425  0.35033411 -3.13744851 -2.26994908  0.0155663
  0.96020266  1.57101897]","[ 0.00000000e+00  4.44110940e-01  3.77326184e-01  2.23100511e-01
 -3.17458709e-05  2.77930304e-01  3.94342335e-02  1.05820616e-05]","[ 0.          2.92196703 12.69698524  1.5019666  -4.12781429  2.40220451
  0.30175862 -0.27440301]"
1746810081.143443,"[ 0.          0.04396599  0.35070882 -3.13721016 -2.26994908  0.01584599
  0.96024354  1.57101897]","[ 0.00000000e+00  4.48091701e-01  3.80027162e-01  2.24226646e-01
 -3.17458709e-05  2.83602355e-01  3.85820137e-02  1.05820616e-05]","[ 0.          2.93605018 12.70810509  1.4876883  -4.16869307  2.42778444
  0.30667701 -0.25802371]"
1746810081.1452222,"[ 0.          0.04485774  0.35149312 -3.13676461 -2.26994962  0.0164396
  0.96031492  1.57101897]","[ 0.00000000e+00  4.53223579e-01  3.84229098e-01  2.26341678e-01
 -3.70368514e-05  2.93325855e-01  3.48425735e-02  1.05819570e-05]","[ 0.          2.97397733 12.82513618  1.48368478 -4.22840691  2.4638021
  0.2743136  -0.2594575 ]"
1746810081.1469007,"[ 0.          0.04534126  0.35187239 -3.13654117 -2.26994962  0.01673356
  0.96034534  1.57101897]","[ 0.00000000e+00  4.54967117e-01  3.85009304e-01  2.26611789e-01
 -4.23278279e-05  2.98187623e-01  3.07911127e-02  1.05819570e-05]","[ 0.          2.9079144  12.9716711   1.48566461 -4.23465538  2.43393946
  0.25995019 -0.26250064]"
1746810081.14868,"[ 0.          0.04624311  0.35266818 -3.13607086 -2.26994962  0.01733193
  0.96039574  1.57101897]","[ 0.00000000e+00  4.58355424e-01  3.89694170e-01  2.30456212e-01
 -4.23278279e-05  3.05750334e-01  2.32283823e-02  1.05900569e-05]","[ 0.          2.88528013 13.08288956  1.4550705  -4.16121387  2.40028763
  0.26487339 -0.25397906]"
1746810081.1498492,"[ 0.          0.04673215  0.35305573 -3.13584209 -2.26994962  0.01765822
  0.96041672  1.57101897]","[ 0.00000000e+00  4.60410885e-01  3.92991830e-01  2.32013729e-01
 -3.70089097e-05  3.07191371e-01  2.13160808e-02  1.05820616e-05]","[ 0.          2.92383766 13.04080105  1.46401358 -4.11933851  2.39991355
  0.28282186 -0.25390273]"
1746810081.1516008,"[ 0.          0.04764777  0.35383774 -3.13538403 -2.26994908  0.01828704
  0.96045287  1.57101897]","[ 0.00000000e+00  4.64837757e-01  3.98663863e-01  2.31743634e-01
 -3.17461838e-05  3.21415980e-01  1.60491814e-02  1.05819570e-05]","[ 0.          2.79817486 13.12865734  1.40563965 -4.00321341  2.4641118
  0.29805082 -0.27207085]"
1746810081.1533208,"[ 0.          0.04810788  0.35426431 -3.13513875 -2.26994908  0.01860953
  0.96046712  1.57101897]","[ 0.00000000e+00  4.66255558e-01  4.01353157e-01  2.30957752e-01
 -3.17458709e-05  3.27088047e-01  1.45852636e-02  1.05819570e-05]","[ 0.          2.72238922 13.22569561  1.37075806 -3.98469281  2.49350834
  0.28983667 -0.2673108 ]"
1746810081.1544394,"[ 0.          0.04907218  0.35506332 -3.13468282 -2.26994908  0.01928686
  0.96048802  1.57101897]","[ 0.00000000e+00  4.71695464e-01  4.06226608e-01  2.30933334e-01
 -3.17458709e-05  3.30059103e-01  9.72350907e-03  1.05819570e-05]","[ 0.          2.66401052 13.2554493   1.36241472 -3.86745024  2.57558298
  0.27635577 -0.29566771]"
1746810081.1561701,"[ 0.          0.05000755  0.35590318 -3.13421197 -2.26994908  0.01994136
  0.96050513  1.57101897]","[ 0.00000000e+00  4.74889925e-01  4.11761822e-01  2.29487820e-01
 -3.17461838e-05  3.32760081e-01  7.55506656e-03  1.05819570e-05]","[ 0.          2.65898299 13.18842125  1.30278003 -3.77313423  2.63246083
  0.32440576 -0.2635164 ]"
1746810081.1578586,"[ 0.          0.05047822  0.35631278 -3.1339856  -2.26994855  0.02029429
  0.96051279  1.57101897]","[ 0.00000000e+00  4.77746765e-01  4.14989008e-01  2.29582862e-01
 -2.64551545e-05  3.31955640e-01  7.83282698e-03  1.05819570e-05]","[ 0.          2.73065948 13.07898808  1.32215643 -3.71460724  2.59990454
  0.35759017 -0.26952973]"
1746810081.158994,"[ 0.          0.050987    0.35672374 -3.13350676 -2.26994855  0.02096306
  0.96052611  1.57101897]","[ 0.00000000e+00  4.78517184e-01  4.16760409e-01  2.35722347e-01
 -2.64548924e-05  3.40592904e-01  6.50185813e-03  1.05819570e-05]","[ 0.          2.63245869 13.09319973  1.28223991 -3.65161514  2.6123445
  0.39341301 -0.27693623]"
1746810081.1607583,"[ 0.          0.05193706  0.3575838  -3.13327161 -2.26994855  0.02132646
  0.96053083  1.57101897]","[ 0.00000000e+00  4.83515205e-01  4.20393627e-01  2.38496079e-01
 -2.64548924e-05  3.42298958e-01  5.59159799e-03  1.05739739e-05]","[ 0.          2.61665869 12.96615219  1.18659592 -3.64299583  2.67585444
  0.38425371 -0.2799857 ]"
1746810081.1624331,"[ 0.          0.05293488  0.35842044 -3.13279996 -2.26994802  0.02200474
  0.96054035  1.57101897]","[ 0.00000000e+00  4.88496948e-01  4.26213832e-01  2.39846551e-01
 -2.11641232e-05  3.46264971e-01  4.86175453e-03  1.05820616e-05]","[ 0.          2.5547874  12.84033298  1.11240828 -3.52280354  2.67019439
  0.42021573 -0.2908029 ]"
1746810081.1642108,"[ 0.          0.05348958  0.35884291 -3.13256081 -2.26994802  0.02235007
  0.96054608  1.57101897]","[ 0.00000000e+00  4.87466138e-01  4.28374588e-01  2.42547529e-01
 -2.11639139e-05  3.49961471e-01  5.13011743e-03  1.05819570e-05]","[ 0.          2.58562899 12.76150227  1.11975706 -3.47830153  2.64613914
  0.43113217 -0.27911365]"
1746810081.165338,"[ 0.          0.05449475  0.35972822 -3.1320636  -2.26994775  0.02308923
  0.96055653  1.57101897]","[ 0.00000000e+00  4.91506186e-01  4.32419197e-01  2.42007340e-01
 -1.58849283e-05  3.63614267e-01  5.16604253e-03  1.05819570e-05]","[ 0.          2.45612311 12.70905685  1.00926304 -3.41840267  2.58412719
  0.46351138 -0.26942417]"
1746810081.16899,"[ 0.          0.05498195  0.36015525 -3.13182737 -2.26994775  0.02345453
  0.96056126  1.57101897]","[ 0.00000000e+00  4.93507752e-01  4.33236355e-01  2.39576457e-01
 -1.58729355e-05  3.70573739e-01  5.10612089e-03  1.05819570e-05]","[ 0.          2.3967185  12.73016071  0.93823969 -3.39640284  2.64960289
  0.46428758 -0.30480915]"
1746810081.170667,"[ 0.          0.05696978  0.36191028 -3.13087157 -2.26994802  0.02497948
  0.9605841   1.57101897]","[ 0.00000000e+00  4.95898971e-01  4.39346346e-01  2.37955874e-01
 -1.85324169e-05  3.85578222e-01  5.55473298e-03  0.00000000e+00]","[ 0.          2.30311847 12.66249657  0.8532604  -3.39033103  2.66190171
  0.45085362 -0.31690305]"
1746810081.1729777,"[ 0.          0.05795383  0.36277494 -3.13038554 -2.26994802  0.02578714
  0.96059741  1.57101897]","[ 0.00000000e+00  4.99140138e-01  4.38638311e-01  2.36976196e-01
 -1.85184257e-05  3.97718774e-01  5.96786780e-03  0.00000000e+00]","[ 0.          2.27941513 12.59958076  0.84653699 -3.50681663  2.6009481
  0.47921285 -0.28307959]"
1746810081.1741562,"[ 0.          0.05897598  0.36367862 -3.12991869 -2.26994802  0.02658433
  0.96061073  1.57101897]","[ 0.00000000e+00  4.99140138e-01  4.42355551e-01  2.36365667e-01
 -1.32374398e-05  4.07036909e-01  6.43583982e-03  0.00000000e+00]","[ 0.          2.22502923 12.56702614  0.7782644  -3.58515477  2.63092232
  0.47640982 -0.3115153 ]"
1746810081.1758244,"[ 0.          0.05946823  0.36411577 -3.12968619 -2.26994802  0.02699054
  0.96061739  1.57101897]","[ 0.00000000e+00  4.99140138e-01  4.43500045e-01  2.35795101e-01
 -1.32275773e-05  4.11898642e-01  6.64992260e-03  0.00000000e+00]","[ 0.          2.16376615 12.60388756  0.78801221 -3.61157584  2.63507962
  0.49064496 -0.2887595 ]"
1746810081.1775694,"[ 0.          0.0599614   0.36502544 -3.12920975 -2.26994802  0.02785622
  0.9606307   1.57101897]","[ 0.00000000e+00  5.00220516e-01  4.44361710e-01  2.31710062e-01
 -7.94254290e-06  4.25403532e-01  6.64859467e-03  0.00000000e+00]","[ 0.          2.15851712 12.74084949  0.74732059 -3.618752    2.7426641
  0.49983317 -0.28026336]"
1746810081.1793027,"[ 0.          0.06045457  0.36546397 -3.12898099 -2.26994802  0.0282767
  0.96063736  1.57101897]","[ 0.00000000e+00  4.99713716e-01  4.44850534e-01  2.32013729e-01
 -7.94246417e-06  4.26483910e-01  6.64859467e-03  0.00000000e+00]","[ 0.          2.09299183 12.76509762  0.72739208 -3.60773492  2.86947465
  0.51120591 -0.33060721]"
1746810081.180964,"[ 0.          0.06147857  0.36634744 -3.12852266 -2.26994802  0.02912527
  0.96064974  1.57101897]","[ 0.00000000e+00  4.99713716e-01  4.49442190e-01  2.32048483e-01
 -7.93654595e-06  4.32155977e-01  6.39200586e-03  0.00000000e+00]","[ 0.          2.09545636 12.89087582  0.67746222 -3.60857916  2.96163702
  0.51669115 -0.3175326 ]"
1746810081.1826913,"[ 0.          0.06250669  0.36727685 -3.12803876 -2.26994802  0.03002235
  0.96065833  1.57101897]","[ 0.00000000e+00  5.02790766e-01  4.54922942e-01  2.36605385e-01
 -7.94254290e-06  4.39988800e-01  5.53163109e-03  0.00000000e+00]","[ 0.          1.99991596 12.88510895  0.63355464 -3.66486025  2.97726512
  0.48946193 -0.34309793]"
1746810081.184421,"[ 0.          0.06349992  0.36818006 -3.12755194 -2.26994855  0.03094036
  0.96066685  1.57101897]","[ 0.00000000e+00  5.03461682e-01  4.59165724e-01  2.37477736e-01
 -1.32274462e-05  4.50630925e-01  4.66302030e-03  0.00000000e+00]","[ 0.          1.86359024 12.84033108  0.58472598 -3.69294739  3.000875
  0.48785633 -0.30316037]"
1746810081.1861413,"[ 0.          0.06399539  0.36867048 -3.12731971 -2.26994855  0.03138842
  0.96067072  1.57101897]","[ 0.00000000e+00  5.01872308e-01  4.61915504e-01  2.35525007e-01
 -1.32274462e-05  4.54303957e-01  4.20191190e-03  0.00000000e+00]","[ 0.          1.9353106  12.9200058   0.54338056 -3.67040658  2.99214983
  0.51756167 -0.29251423]"
1746810081.1878633,"[ 0.          0.06502305  0.36959023 -3.12685898 -2.26994802  0.03229787
  0.96067924  1.57101897]","[ 0.00000000e+00  5.01035376e-01  4.68349035e-01  2.31778655e-01
 -7.93646773e-06  4.64027457e-01  4.14872332e-03  0.00000000e+00]","[ 0.          1.92288899 12.89055157  0.45927584 -3.58956003  2.90778303
  0.56921935 -0.31878921]"
1746810081.1896076,"[ 0.          0.06601628  0.37055453 -3.12639559 -2.26994722  0.03325393
  0.96068783  1.57101897]","[0.00000000e+00 5.04001905e-01 4.71752788e-01 2.24939308e-01
 5.30293632e-06 4.67683179e-01 4.08096850e-03 0.00000000e+00]","[ 0.          1.93908823 12.95706558  0.42347783 -3.43481016  2.92789698
  0.58871782 -0.32670885]"
1746810081.1913536,"[ 0.          0.06704578  0.37149543 -3.12592315 -2.26994669  0.03419002
  0.96069635  1.57101897]","[0.00000000e+00 5.02038456e-01 4.78612725e-01 2.22320122e-01
 1.05979587e-05 4.78612725e-01 4.13997182e-03 0.00000000e+00]","[ 0.          1.93784237 13.00993729  0.38739884 -3.23585629  2.99360824
  0.5901441  -0.33244774]"
1746810081.1930556,"[ 0.          0.06754171  0.37197253 -3.1257029  -2.26994669  0.03466853
  0.96070207  1.57101897]","[0.00000000e+00 5.02921494e-01 4.84014681e-01 2.23370606e-01
 1.05979587e-05 4.85365170e-01 4.37181040e-03 0.00000000e+00]","[ 0.          1.91403866 12.97513199  0.39843076 -3.18820477  3.04969883
  0.58560199 -0.33320192]"
1746810081.1953645,"[ 0.          0.06853218  0.37297172 -3.12524351 -2.26994669  0.03567881
  0.96071446  1.57101897]","[0.00000000e+00 5.02381305e-01 4.88998487e-01 2.23976109e-01
 1.06059783e-05 4.96475811e-01 4.98281029e-03 0.00000000e+00]","[ 0.          1.95349896 12.90311527  0.35738698 -3.09556317  3.10757136
  0.60556602 -0.37223604]"
1746810081.1965246,"[ 0.          0.06955801  0.37394107 -3.12480409 -2.26994669  0.03671574
  0.96072964  1.57101897]","[0.00000000e+00 5.00784606e-01 4.93197993e-01 2.22560322e-01
 1.05980643e-05 5.09812290e-01 6.09951223e-03 0.00000000e+00]","[ 0.          1.92877007 12.77690315  0.30829751 -3.00288868  3.24044132
  0.64122832 -0.35467845]"
1746810081.1988158,"[ 0.          0.07054803  0.37492235 -3.12434682 -2.26994589  0.03772031
  0.96074582  1.57101897]","[0.00000000e+00 5.02381305e-01 4.98870027e-01 2.22560322e-01
 1.85604623e-05 5.09403827e-01 7.81723917e-03 0.00000000e+00]","[ 0.          2.01365352 12.80774117  0.29362264 -2.82805848  3.34807467
  0.6859988  -0.38131124]"
1746810081.1999757,"[ 0.          0.07104625  0.37545365 -3.12412924 -2.26994536  0.03822641
  0.96075534  1.57101897]","[0.00000000e+00 5.05352394e-01 5.00283067e-01 2.20669644e-01
 2.38634509e-05 5.13185217e-01 8.47971713e-03 0.00000000e+00]","[ 0.          2.03846335 12.83358479  0.25460196 -2.74641299  3.368927
  0.6832093  -0.34531742]"
1746810081.2017488,"[ 0.          0.07207896  0.37644687 -3.12369808 -2.26994536  0.03928807
  0.96077631  1.57101897]","[0.00000000e+00 5.03461682e-01 5.05352394e-01 2.18017635e-01
 2.38634509e-05 5.20857184e-01 1.00033064e-02 0.00000000e+00]","[ 0.          2.10550618 12.85969925  0.24788237 -2.63976693  3.40825343
  0.71447504 -0.343151  ]"
1746810081.2034738,"[ 0.          0.07307265  0.3774906  -3.123248   -2.26994536  0.04031452
  0.96080008  1.57101803]","[ 0.00000000e+00  5.03761055e-01  5.11066106e-01  2.19859344e-01
  2.38454062e-05  5.21018039e-01  1.16141912e-02 -1.05979587e-05]","[ 0.          2.12804317 12.77440357  0.18905661 -2.57319069  3.37759542
  0.73230529 -0.35667804]"
1746810081.2051907,"[ 0.          0.07357087  0.37799524 -3.12303069 -2.26994536  0.04083394
  0.96081433  1.57101803]","[ 0.00000000e+00  5.05352394e-01  5.11834728e-01  2.20399533e-01
  2.38454062e-05  5.26690073e-01  1.25521440e-02 -1.05979587e-05]","[ 0.          2.10063243 12.7432642   0.17764805 -2.56071067  3.22148561
  0.7273351  -0.37037611]"
1746810081.206873,"[ 0.          0.0746045   0.3790073  -3.12279793 -2.26994482  0.04191272
  0.96084475  1.57101803]","[ 0.00000000e+00  5.04271983e-01  5.13725405e-01  2.19171633e-01
  2.91664395e-05  5.24799395e-01  1.53955564e-02 -1.05979587e-05]","[ 0.          2.1548214  12.76621819  0.15565637 -2.52401257  3.1974628
  0.72791266 -0.40344697]"
1746810081.2080195,"[ 0.          0.07510135  0.37951653 -3.12258407 -2.26994482  0.04242928
  0.96086093  1.57101803]","[ 0.00000000e+00  5.04001905e-01  5.16426383e-01  2.16668528e-01
  2.91664395e-05  5.23458194e-01  1.59276747e-02 -1.05980643e-05]","[ 0.          2.1310811  12.81604004  0.12123258 -2.54887295  3.24844241
  0.74806643 -0.36357343]"
1746810081.2097309,"[ 0.          0.07613958  0.3805782  -3.1221601  -2.26994482  0.04351282
  0.96089808  1.57101803]","[ 0.00000000e+00  5.06803051e-01  5.18331542e-01  2.13917199e-01
  2.91664395e-05  5.31551840e-01  1.82052028e-02 -1.05979587e-05]","[ 0.          2.09421301 12.99054718  0.0732519  -2.59272718  3.31325841
  0.73371077 -0.35539013]"
1746810081.2108765,"[ 0.          0.07664009  0.38109203 -3.1219356  -2.26994482  0.04403889
  0.96091806  1.57101803]","[ 0.00000000e+00  5.06998960e-01  5.21018039e-01  2.11397816e-01
  2.91664395e-05  5.33442518e-01  2.02573099e-02 -1.05979587e-05]","[ 0.          2.15575624 13.13656902  0.06479222 -2.62385511  3.25007463
  0.72843057 -0.38670242]"
1746810081.2126832,"[ 0.          0.07764021  0.38212703 -3.12153186 -2.26994482  0.04510435
  0.96096273  1.57101803]","[ 0.00000000e+00  5.07243072e-01  5.26690073e-01  2.03447148e-01
  2.91664395e-05  5.43166019e-01  2.22973974e-02 -1.06060839e-05]","[ 0.          2.13185453 13.28620815  0.05849091 -2.67303133  3.28744864
  0.70883709 -0.3629061 ]"
1746810081.2143383,"[ 0.          0.07818021  0.38268816 -3.12131881 -2.26994482  0.0456856
  0.9609875   1.57101803]","[ 0.00000000e+00  5.08558440e-01  5.27872084e-01  2.00803861e-01
  2.91661490e-05  5.47427543e-01  2.51190644e-02 -1.05979587e-05]","[ 0.          2.06297898 13.2683506   0.06702196 -2.73283935  3.43177176
  0.68398297 -0.3629061 ]"
1746810081.215523,"[ 0.          0.07918584  0.38373511 -3.12092759 -2.26994482  0.04676533
  0.96103976  1.57101803]","[ 0.00000000e+00  5.10754316e-01  5.31821918e-01  1.97441254e-01
  2.91664395e-05  5.48027786e-01  2.59293582e-02 -1.05979587e-05]","[ 0.          2.07883716 13.29631329  0.07390241 -2.79688406  3.52908301
  0.66837168 -0.37598237]"
1746810081.2173336,"[ 0.          0.08023464  0.38483257 -3.12052305 -2.26994482  0.04789358
  0.96109975  1.57101803]","[ 0.00000000e+00  5.12125611e-01  5.37396813e-01  1.98421780e-01
  3.17938749e-05  5.51690598e-01  2.95906783e-02 -1.05979587e-05]","[ 0.          2.05982852 13.46036243  0.08115756 -2.83822131  3.61502218
  0.65512234 -0.38284564]"
1746810081.218483,"[ 0.          0.08074203  0.3853657  -3.12032705 -2.26994482  0.04843868
  0.96113111  1.57101803]","[ 0.00000000e+00  5.14535706e-01  5.40735152e-01  1.98791743e-01
  3.18179359e-05  5.52889520e-01  3.18392102e-02 -1.05979587e-05]","[ 0.          2.18165255 13.69965363  0.09343833 -2.84840226  3.61075234
  0.63970727 -0.43091327]"
1746810081.2202625,"[ 0.          0.08176052  0.38644112 -3.11993343 -2.26994456  0.04954029
  0.96119203  1.57101803]","[ 0.00000000e+00  5.17506761e-01  5.47232300e-01  1.99129981e-01
  3.44690848e-05  5.61532642e-01  3.07911127e-02 -1.05979587e-05]","[ 0.          2.17937946 13.84247684  0.09929694 -2.86641335  3.61153173
  0.63978612 -0.40657258]"
1746810081.2219613,"[ 0.          0.08231017  0.38702428 -3.11973689 -2.26994456  0.05014532
  0.96122432  1.5710171 ]","[ 0.00000000e+00  5.17586090e-01  5.48666312e-01  1.99534315e-01
  3.18176189e-05  5.69745964e-01  3.03429839e-02 -1.85464284e-05]","[ 0.          2.12842083 13.77009869  0.11497939 -2.86641335  3.65050507
  0.62992287 -0.39948732]"
1746810081.2237127,"[ 0.          0.08333141  0.38811761 -3.11932916 -2.26994402  0.05128023
  0.9612881   1.5710171 ]","[ 0.00000000e+00  5.18857250e-01  5.56130686e-01  1.99061837e-01
  3.71209245e-05  5.76928177e-01  3.18715031e-02 -1.85464284e-05]","[ 0.          2.15990496 13.87467957  0.13625179 -2.83819532  3.49680901
  0.63293189 -0.42563581]"
1746810081.224808,"[ 0.          0.08384433  0.38866912 -3.11913422 -2.26994402  0.05185672
  0.96132519  1.5710171 ]","[ 0.00000000e+00  5.20207739e-01  5.59371887e-01  1.97711348e-01
  3.71209245e-05  5.84761066e-01  3.48568151e-02 -1.85604623e-05]","[ 0.          2.19023061 13.97374153  0.09102216 -2.8209281   3.51745939
  0.63893616 -0.42355642]"
1746810081.2266006,"[ 0.          0.08491332  0.38982307 -3.11873741 -2.26994349  0.05306963
  0.96139656  1.5710171 ]","[ 0.00000000e+00  5.22350685e-01  5.65854221e-01  1.92659531e-01
  4.50749605e-05  5.95294867e-01  3.67332556e-02 -1.85466133e-05]","[ 0.          2.22098255 14.03802872  0.08417288 -2.76632333  3.58126545
  0.65658444 -0.47474405]"
1746810081.2283385,"[ 0.          0.08542807  0.39038509 -3.11854992 -2.26994349  0.05366325
  0.96143171  1.5710171 ]","[ 0.00000000e+00  5.22098417e-01  5.69905687e-01  1.90341666e-01
  4.50754075e-05  6.02047246e-01  3.56528652e-02 -1.85464284e-05]","[ 0.          2.1791718  13.96289349  0.10456672 -2.71378398  3.60742784
  0.68046975 -0.43340614]"
1746810081.2294543,"[ 0.          0.08650211  0.39156018 -3.1181816  -2.26994269  0.05487236
  0.96150688  1.5710171 ]","[ 0.00000000e+00  5.24858384e-01  5.74761296e-01  1.86367264e-01
  5.30298904e-05  6.18523224e-01  3.66121941e-02 -1.85464284e-05]","[ 0.          2.15217233 13.97422123  0.06648175 -2.61690974  3.66580582
  0.69997126 -0.42557964]"
1746810081.2312295,"[ 0.          0.08753988  0.39270401 -3.11780237 -2.26994163  0.0561414
  0.96158112  1.57101617]","[ 0.00000000e+00  5.26690073e-01  5.82060088e-01  1.85016775e-01
  6.36358718e-05  6.22304580e-01  3.77753338e-02 -2.64948971e-05]","[ 0.          2.15188336 14.04510784  0.07752672 -2.51727057  3.66548586
  0.70810121 -0.43318513]"
1746810081.2329226,"[ 0.          0.08805877  0.39328075 -3.11762101 -2.26994163  0.05676261
  0.96162106  1.57101617]","[ 0.00000000e+00  5.26149884e-01  5.84438358e-01  1.83750009e-01
  6.36358718e-05  6.29498977e-01  4.05146197e-02 -2.64948971e-05]","[ 0.          2.17530346 14.07610989  0.0341661  -2.48158503  3.87269282
  0.70501292 -0.44334188]"
1746810081.234678,"[ 0.          0.08914291  0.3944852  -3.11725376 -2.26994136  0.05807351
  0.96171048  1.57101617]","[ 0.00000000e+00  5.30626059e-01  5.89305884e-01  1.78547141e-01
  6.62873661e-05  6.43642293e-01  4.53763743e-02 -2.64948971e-05]","[ 0.          2.20468926 14.09469128  0.0369658  -2.35008001  3.77340245
  0.74102825 -0.5083192 ]"
1746810081.235836,"[ 0.          0.08966639  0.39506976 -3.11707932 -2.26994083  0.05871659
  0.96175895  1.57101617]","[ 0.00000000e+00  5.31011651e-01  5.92863934e-01  1.76913841e-01
  7.15903507e-05  6.52285383e-01  4.91577426e-02 -2.64948971e-05]","[ 0.          2.21854544 14.0786972   0.0497099  -2.31201982  3.7023356
  0.7619803  -0.46423736]"
1746810081.237517,"[ 0.          0.09071105  0.39624898 -3.11673204 -2.26994083  0.06006839
  0.96187506  1.57101617]","[ 0.00000000e+00  5.29120940e-01  5.97929599e-01  1.75563352e-01
  7.15903507e-05  6.62157521e-01  5.99008845e-02 -2.64948971e-05]","[ 0.          2.21823525 14.00897789  0.06775087 -2.25558162  3.62149906
  0.76755011 -0.46994027]"
1746810081.2393355,"[ 0.          0.09127539  0.3968854  -3.11654882 -2.26994083  0.06072765
  0.96193971  1.57101617]","[ 0.00000000e+00  5.31378368e-01  5.99336614e-01  1.72528697e-01
  7.68925753e-05  6.68491250e-01  6.56336883e-02 -2.64946330e-05]","[ 0.          2.22645879 13.95135117  0.04206007 -2.24314213  3.74785829
  0.77362877 -0.50327235]"
1746810081.2404819,"[ 0.          0.09232418  0.39807471 -3.11621513 -2.26993976  0.06206328
  0.96208718  1.57101617]","[ 0.00000000e+00  5.31821918e-01  6.04478179e-01  1.67830415e-01
  8.74993247e-05  6.80105429e-01  7.42274678e-02 -2.65149452e-05]","[ 0.          2.27995276 13.90049171  0.06933066 -2.2481513   3.70140123
  0.79670143 -0.48659909]"
1746810081.2422285,"[ 0.          0.09284903  0.39867395 -3.11605028 -2.2699395   0.06274061
  0.96216615  1.57101524]","[ 0.00000000e+00  5.32362140e-01  6.07719313e-01  1.67190340e-01
  9.55260799e-05  6.86857874e-01  7.99488533e-02 -3.70928568e-05]","[ 0.          2.33705163 13.97190571  0.11158796 -2.22035217  3.70338655
  0.82015908 -0.48313776]"
1746810081.244066,"[ 0.          0.09394053  0.39992341 -3.11570859 -2.26993896  0.06426651
  0.96233739  1.57101524]","[ 0.00000000e+00  5.33712596e-01  6.10297319e-01  1.67460435e-01
  1.00756792e-04  6.95501030e-01  8.96723623e-02 -3.70928568e-05]","[ 0.          2.37797475 13.89670467  0.10692063 -2.18284249  3.91025114
  0.80950052 -0.49224919]"
1746810081.2457924,"[ 0.          0.09499345  0.40122749 -3.11537277 -2.26993843  0.06569252
  0.96253906  1.57101431]","[ 0.00000000e+00  5.33172407e-01  6.14658645e-01  1.71511902e-01
  1.11362770e-04  6.97888621e-01  1.02366944e-01 -4.76908124e-05]","[ 0.          2.42535305 13.72317219  0.13208437 -2.12046885  4.03702211
  0.83971977 -0.49421397]"
1746810081.2469664,"[ 0.          0.09556009  0.40188229 -3.11519007 -2.2699379   0.06638221
  0.96264558  1.57101431]","[ 0.00000000e+00  5.33133292e-01  6.16639637e-01  1.71865337e-01
  1.16754102e-04  6.98843697e-01  1.08038994e-01 -4.76192757e-05]","[ 0.          2.36370111 13.51012421  0.10997987 -2.11583924  4.10377073
  0.84533107 -0.50982505]"
1746810081.248764,"[ 0.          0.09661118  0.40310052 -3.11484759 -2.26993763  0.06777492
  0.96287774  1.57101431]","[ 0.00000000e+00  5.32632218e-01  6.18283939e-01  1.74212880e-01
  1.19317257e-04  7.08195587e-01  1.20463473e-01 -4.75828816e-05]","[ 0.          2.4179492  13.48467064  0.15387164 -2.06585455  4.11115646
  0.84743446 -0.49969727]"
1746810081.2505314,"[ 0.          0.09770451  0.40437525 -3.11448833 -2.26993657  0.06923137
  0.96313647  1.57101324]","[ 0.00000000e+00  5.34387574e-01  6.23159655e-01  1.76039459e-01
  1.29923234e-04  7.10086231e-01  1.27356841e-01 -5.82007654e-05]","[ 0.          2.48705363 13.38252735  0.2140234  -1.95827734  4.0728507
  0.87644994 -0.53415096]"
1746810081.2517219,"[ 0.          0.09823074  0.40498917 -3.11431576 -2.26993657  0.06993439
  0.9632649   1.57101324]","[ 0.00000000e+00  5.33712596e-01  6.22574691e-01  1.75023163e-01
  1.24620245e-04  7.13057321e-01  1.30186982e-01 -5.82013384e-05]","[ 0.          2.58348918 13.44630814  0.25701943 -1.94379318  4.07918549
  0.89716339 -0.49197152]"
1746810081.253505,"[ 0.          0.09928228  0.40622025 -3.113977   -2.26993577  0.07134327
  0.96354746  1.57101231]","[ 0.00000000e+00  5.33172407e-01  6.24911948e-01  1.70258818e-01
  1.32573407e-04  7.14223652e-01  1.40681102e-01 -6.61372301e-05]","[ 0.          2.66804981 13.33418655  0.27541143 -1.89921165  4.1425209
  0.92672062 -0.49189845]"
1746810081.254655,"[ 0.          0.09984984  0.40688381 -3.11379884 -2.26993524  0.07210242
  0.963693    1.57101231]","[ 0.00000000e+00  5.33884869e-01  6.24915011e-01  1.67764102e-01
  1.37877721e-04  7.14940908e-01  1.47473228e-01 -6.61372301e-05]","[ 0.          2.66187119 13.23282337  0.25883979 -1.88318717  4.03741884
  0.92438924 -0.53835094]"
1746810081.2564383,"[ 0.          0.10090138  0.40811625 -3.1134774  -2.2699347   0.0735094
  0.9640012   1.57101138]","[ 0.00000000e+00  5.32632218e-01  6.25545781e-01  1.62598684e-01
  1.43180701e-04  7.11976943e-01  1.60005515e-01 -7.40185509e-05]","[ 0.          2.74711442 13.16016769  0.23836066 -1.87846792  4.18938494
  0.91090447 -0.49034321]"
1746810081.257588,"[ 0.          0.10142854  0.40873341 -3.11330802 -2.26993444  0.0742067
  0.9641791   1.57101138]","[ 0.00000000e+00  5.34522896e-01  6.25815825e-01  1.59488745e-01
  1.40635614e-04  7.06398752e-01  1.67513332e-01 -7.40744343e-05]","[ 0.          2.82625794 13.1502037   0.31111977 -1.84844768  4.35056686
  0.911062   -0.49113634]"
1746810081.2594192,"[ 0.          0.10199977  0.40939787 -3.11315276 -2.2699339   0.07495443
  0.96435227  1.57101044]","[ 0.00000000e+00  5.37898353e-01  6.25078729e-01  1.57307283e-01
  1.45832208e-04  7.04821561e-01  1.75563352e-01 -8.46564929e-05]","[ 0.          2.85319495 13.15110779  0.32574019 -1.79946804  4.22355366
  0.89434499 -0.5345366 ]"
1746810081.261193,"[ 0.          0.10306141  0.41063031 -3.11284596 -2.26993204  0.07634238
  0.96472325  1.57100951]","[ 0.00000000e+00  5.37219213e-01  6.25005558e-01  1.54878863e-01
  1.64392656e-04  7.03333853e-01  1.92039298e-01 -9.52376087e-05]","[ 0.          2.94958282 13.24476624  0.35394239 -1.71294522  4.26738405
  0.84495926 -0.52920568]"
1746810081.2623575,"[ 0.          0.10416577  0.41124657 -3.11252532 -2.26993071  0.07709487
  0.96513424  1.57100951]","[ 0.00000000e+00  5.39654741e-01  6.25005558e-01  1.56730293e-01
  1.72347143e-04  7.08671693e-01  2.03447148e-01 -9.52376087e-05]","[ 0.          2.98625135 13.33628941  0.3800835  -1.66967309  4.38274431
  0.79131579 -0.56695741]"
1746810081.264684,"[ 0.          0.10523522  0.41252538 -3.11221506 -2.26993018  0.07848948
  0.96553758  1.57100858]","[ 0.00000000e+00  5.42625830e-01  6.24465336e-01  1.56926634e-01
  1.77650140e-04  7.06398752e-01  2.04463793e-01 -1.03175101e-04]","[ 0.          3.07531834 13.45514297  0.3868503  -1.66204691  4.23517752
  0.82388157 -0.54794687]"
1746810081.265847,"[ 0.          0.10581334  0.41314117 -3.11205979 -2.26992964  0.07919059
  0.96575449  1.57100858]","[ 0.00000000e+00  5.44418337e-01  6.23832636e-01  1.57307283e-01
  1.84054551e-04  7.11888659e-01  2.04125522e-01 -1.03097266e-04]","[ 0.          3.13315558 13.60459137  0.41969642 -1.70988321  4.10696745
  0.83201927 -0.54455036]"
1746810081.2675793,"[ 0.          0.10689335  0.41442322 -3.11174022 -2.26992938  0.08065561
  0.96618539  1.57100765]","[ 0.00000000e+00  5.49091452e-01  6.26168827e-01  1.55977983e-01
  2.08431659e-04  7.16696264e-01  2.02367852e-01 -1.11110546e-04]","[ 0.          3.19703674 13.7870245   0.38820219 -1.74702394  4.18477631
  0.88306564 -0.57420492]"
1746810081.26875,"[ 0.          0.10743749  0.41504084 -3.11158549 -2.26992884  0.08136814
  0.96635377  1.57100765]","[ 0.00000000e+00  5.51809142e-01  6.26356047e-01  1.56926634e-01
  2.36381863e-04  7.22780855e-01  2.01570984e-01 -1.11026729e-04]","[ 0.          3.2300694  13.67248535  0.33648819 -1.75274146  4.38317919
  0.9010061  -0.56419575]"
1746810081.2704885,"[ 0.          0.10857215  0.41627561 -3.11127097 -2.26992804  0.08280651
  0.96679998  1.57100658]","[ 0.00000000e+00  5.54198297e-01  6.26356047e-01  1.54077518e-01
  2.49654545e-04  7.30682853e-01  2.00682421e-01 -1.21693710e-04]","[ 0.          3.29099679 13.6459589   0.38183841 -1.6754843   4.40392685
  0.83563989 -0.5347017 ]"
1746810081.2716265,"[ 0.          0.10912088  0.41694234 -3.11112023 -2.26992645  0.08358468
  0.96699785  1.57100565]","[ 0.00000000e+00  5.56400798e-01  6.27333494e-01  1.53030379e-01
  2.72703518e-04  7.32745471e-01  2.00682421e-01 -1.32274460e-04]","[ 0.          3.21614552 13.84837055  0.39797059 -1.62564337  4.4494853
  0.82950723 -0.54432595]"
1746810081.273389,"[ 0.          0.11026794  0.41818217 -3.11082409 -2.26992432  0.08504303
  0.96741164  1.57100565]","[ 0.00000000e+00  5.60718248e-01  6.28689509e-01  1.49634000e-01
  3.51973701e-04  7.40877367e-01  2.02573099e-01 -1.32274460e-04]","[ 0.          3.20496917 13.94645596  0.36292562 -1.58747995  4.52514982
  0.85012513 -0.50453091]"
1746810081.274557,"[ 0.          0.11082264  0.41880345 -3.11066616 -2.26992298  0.08578029
  0.96760858  1.57100472]","[ 0.00000000e+00  5.62613020e-01  6.30137403e-01  1.48705689e-01
  4.17151643e-04  7.47629812e-01  1.99872137e-01 -1.42856421e-04]","[ 0.          3.27339983 13.88911247  0.36316499 -1.53671932  4.39697027
  0.85186386 -0.50308067]"
1746810081.2762249,"[ 0.          0.11193847  0.42009881 -3.11037188 -2.26991952  0.08732997
  0.96799667  1.57100379]","[ 0.00000000e+00  5.66664487e-01  6.32568270e-01  1.50291868e-01
  5.65011146e-04  7.60324369e-01  1.96431733e-01 -1.50680627e-04]","[ 0.          3.21260333 13.95707226  0.38255054 -1.45375144  4.18306255
  0.85490823 -0.52342862]"
1746810081.2780344,"[ 0.          0.11249822  0.42072286 -3.11022221 -2.26991819  0.08808435
  0.968205    1.57100379]","[ 0.00000000e+00  5.67744865e-01  6.32197225e-01  1.51794789e-01
  6.54361046e-04  7.64410856e-01  1.96100935e-01 -1.50794377e-04]","[ 0.          3.1015203  14.03351021  0.3438563  -1.40156174  4.23601627
  0.88423908 -0.53459638]"
1746810081.279792,"[ 0.          0.11366732  0.42197461 -3.1099061  -2.2699142   0.08967208
  0.96859508  1.57100192]","[ 0.00000000e+00  5.72106524e-01  6.35809470e-01  1.54765862e-01
  9.07461608e-04  7.78385328e-01  1.99872137e-01 -1.69311312e-04]","[ 0.          3.03978157 13.90451336  0.30430797 -1.30583894  4.2975378
  0.91179508 -0.60913253]"
1746810081.2809606,"[ 0.          0.11423074  0.42265052 -3.10975456 -2.2699118   0.0904474
  0.96879389  1.57100192]","[ 0.00000000e+00  5.70947183e-01  6.36450360e-01  1.53685467e-01
  1.02275113e-03  7.86253770e-01  2.01492721e-01 -1.69311312e-04]","[ 0.          3.08838105 13.77853012  0.3307032  -1.26301968  4.26446962
  0.93181759 -0.58621711]"
1746810081.2826927,"[ 0.          0.11540948  0.4239055  -3.10945709 -2.26990621  0.0920123
  0.96922006  1.57100099]","[ 0.00000000e+00  5.76767455e-01  6.36619737e-01  1.50444300e-01
  1.58721566e-03  7.94896860e-01  2.11002220e-01 -1.79895052e-04]","[ 0.          3.01008368 13.66305542  0.31899828 -1.1041317   4.38303757
  1.0076251  -0.5710566 ]"
1746810081.2838404,"[ 0.          0.11597888  0.42453368 -3.10929916 -2.26990274  0.09286086
  0.96943411  1.57099993]","[ 0.00000000e+00  5.77468399e-01  6.37159959e-01  1.48565806e-01
  2.10639632e-03  7.98196716e-01  2.17158366e-01 -1.90477103e-04]","[ 0.          2.86855316 13.70862675  0.29973516 -1.02422416  4.55329752
  1.00093889 -0.59296215]"
1746810081.2861426,"[ 0.          0.11711905  0.42583686 -3.10901021 -2.26989396  0.09444763
  0.96988978  1.57099899]","[ 0.00000000e+00  5.78772083e-01  6.35435096e-01  1.46392833e-01
  3.37727759e-03  8.05693914e-01  2.23936228e-01 -1.98411694e-04]","[ 0.          2.84694672 13.63601112  0.25709197 -0.90516663  4.59248972
  1.03111899 -0.54280663]"
1746810081.2878368,"[ 0.          0.11831019  0.42709504 -3.10872285 -2.26988117  0.09604774
  0.97034072  1.57099806]","[ 0.00000000e+00  5.82009954e-01  6.37970226e-01  1.38424189e-01
  5.36473620e-03  8.12453217e-01  2.30663240e-01 -2.06348155e-04]","[ 0.          2.80438066 13.6618433   0.28809121 -0.80891389  4.59181976
  1.04992366 -0.56284058]"
1746810081.2890072,"[ 0.          0.11888325  0.42777235 -3.10859103 -2.26987292  0.09691342
  0.97034072  1.57099713]","[ 0.00000000e+00  5.81249755e-01  6.37704176e-01  1.33698252e-01
  6.93440126e-03  8.15248271e-01  2.30663240e-01 -2.16930124e-04]","[ 0.          2.82173085 13.70265961  0.29065952 -0.78129274  4.36800575
  1.04992366 -0.57114446]"
1746810081.2907786,"[ 0.          0.1200799   0.42903189 -3.10833909 -2.26985028  0.0985373
  0.9708097   1.5709962 ]","[ 0.00000000e+00  5.85795105e-01  6.37863500e-01  1.26547365e-01
  1.20255622e-02  8.25958107e-01  2.30422423e-01 -2.27514320e-04]","[ 0.          2.8227725  13.81529617  0.25253746 -0.72494668  4.42737532
  1.0851537  -0.58648247]"
1746810081.291919,"[ 0.          0.12065986  0.42966283 -3.10820673 -2.26983617  0.09935733
  0.97103614  1.57099526]","[ 0.00000000e+00  5.87676296e-01  6.39860937e-01  1.24631928e-01
  1.43151660e-02  8.32474463e-01  2.29350235e-01 -2.35448538e-04]","[ 0.          2.87003279 13.69991112  0.25002295 -0.73213983  4.57363987
  1.13894355 -0.61244547]"
1746810081.2937312,"[ 0.          0.1218184   0.43097473 -3.10796465 -2.26980075  0.10106492
  0.97150419  1.57099433]","[ 0.00000000e+00  5.87732089e-01  6.41214955e-01  1.22624254e-01
  1.91769216e-02  8.33520819e-01  2.28772562e-01 -2.43385014e-04]","[ 0.          2.91363215 13.68401051  0.23418292 -0.77360439  4.81613493
  1.11803162 -0.60015899]"
1746810081.2954423,"[ 0.          0.12244382  0.4316061  -3.10783442 -2.26977997  0.1018916
  0.97172869  1.57099327]","[ 0.00000000e+00  5.88804344e-01  6.40401093e-01  1.22625777e-01
  2.10676037e-02  8.38382552e-01  2.27692167e-01 -2.53966967e-04]","[ 0.          2.91770315 13.80819321  0.24598499 -0.81863284  4.86412621
  1.07141721 -0.59073412]"
1746810081.2966132,"[ 0.          0.12360786  0.4328721  -3.10758915 -2.26975467  0.10360586
  0.97219195  1.57099234]","[ 0.00000000e+00  5.90973289e-01  6.41751582e-01  1.25198249e-01
  2.38230038e-02  8.37780878e-01  2.25479297e-01 -2.64351963e-04]","[ 0.          2.93041778 13.74998474  0.22086787 -0.88103306  4.85442019
  1.06796312 -0.58461982]"
1746810081.2983136,"[ 0.          0.12423419  0.43355261 -3.10746558 -2.26972911  0.1044335
  0.97241359  1.5709914 ]","[ 0.00000000e+00  5.89807424e-01  6.40110675e-01  1.25325232e-01
  2.59030865e-02  8.39462930e-01  2.24721095e-01 -2.75133604e-04]","[ 0.          2.96878099 13.61568165  0.2283325  -0.93854034  4.64733553
  1.08578134 -0.57749063]"
1746810081.30004,"[ 0.          0.12540191  0.43481997 -3.10720938 -2.26966892  0.1061506
  0.97285501  1.57099047]","[ 0.00000000e+00  5.92863934e-01  6.44182449e-01  1.25384229e-01
  3.21415997e-02  8.39322049e-01  2.23683943e-01 -2.82853813e-04]","[ 0.          2.9299314  13.56142902  0.14632802 -1.07708383  4.66481209
  1.07874882 -0.62310994]"
1746810081.301179,"[ 0.          0.1265678   0.4360901  -3.10696277 -2.26959222  0.10781063
  0.9733164   1.57098861]","[ 0.00000000e+00  5.90973289e-01  6.44182449e-01  1.25452464e-01
  3.97043280e-02  8.44324730e-01  2.25801489e-01 -3.01358264e-04]","[ 0.          2.83524227 13.61485577  0.10878496 -1.21266031  4.57213545
  1.03857076 -0.61505842]"
1746810081.3028374,"[ 0.          0.12719459  0.43677476 -3.1068392  -2.26954588  0.10864397
  0.97354184  1.57098861]","[ 0.00000000e+00  5.90308964e-01  6.44725734e-01  1.25198249e-01
  4.36337140e-02  8.45134997e-01  2.28502467e-01 -3.01588754e-04]","[ 0.          2.71692395 13.74370575  0.10437223 -1.2856667   4.76860714
  0.96235269 -0.61576533]"
1746810081.3039658,"[ 0.          0.12777455  0.43741119 -3.10658354 -2.26945214  0.1103744
  0.97401468  1.57098767]","[ 0.00000000e+00  5.88272311e-01  6.45532938e-01  1.24882689e-01
  4.88381092e-02  8.44324730e-01  2.31742619e-01 -3.01361254e-04]","[ 0.          2.782974   13.6041069   0.07729928 -1.46705437  4.90291548
  0.90210676 -0.59038234]"
1746810081.3057256,"[ 0.          0.12893538  0.43873275 -3.10646103 -2.26940127  0.1112087
  0.97424391  1.57098661]","[ 0.00000000e+00  5.87676296e-01  6.44224194e-01  1.24244837e-01
  5.15886178e-02  8.46215375e-01  2.32553934e-01 -3.12167733e-04]","[ 0.          2.78807855 13.63919926  0.07757438 -1.53962111  4.90288258
  0.94078153 -0.58830005]"
1746810081.3074257,"[ 0.          0.13014075  0.4400148  -3.10622401 -2.26928516  0.11289727
  0.97470438  1.57098568]","[ 0.00000000e+00  5.87191933e-01  6.50934894e-01  1.18182833e-01
  5.86111530e-02  8.62421243e-01  2.35525007e-01 -3.22752888e-04]","[ 0.          2.78321505 13.59195995  0.01940262 -1.70874906  4.81221008
  0.9006173  -0.63097394]"
1746810081.3097582,"[ 0.          0.13130434  0.4413042  -3.10598566 -2.26915919  0.11469999
  0.9751924   1.57098475]","[ 0.00000000e+00  5.90162956e-01  6.54052923e-01  1.15061525e-01
  6.56336883e-02  8.84752315e-01  2.39306363e-01 -3.30689413e-04]","[ 0.00000000e+00  2.82322216e+00  1.35205774e+01  6.96438190e-04
 -1.85454202e+00  4.70648241e+00  8.97938192e-01 -6.17913067e-01]"
1746810081.3108885,"[ 0.          0.13193068  0.44200125 -3.10587407 -2.26908755  0.11558661
  0.97543208  1.57098475]","[ 0.00000000e+00  5.89252554e-01  6.56261083e-01  1.13170839e-01
  6.74567136e-02  8.99154490e-01  2.43087735e-01 -3.30686162e-04]","[ 0.00000000e+00  2.79617667e+00  1.35125656e+01 -1.26457959e-02
 -1.89580381e+00  4.73103142e+00  8.24744165e-01 -6.10363245e-01]"
1746810081.3126678,"[ 0.          0.13309932  0.44330077 -3.10564344 -2.26895226  0.11746638
  0.97593915  1.57098381]","[ 0.00000000e+00  5.94214423e-01  6.59578050e-01  1.12595039e-01
  6.88748552e-02  9.25353937e-01  2.49013085e-01 -3.38367165e-04]","[ 0.          2.84171581 13.40264797  0.02404395 -1.93253279  4.81729794
  0.79841751 -0.62182623]"
1746810081.3143604,"[ 0.          0.133733    0.44395328 -3.10553478 -2.26887636  0.11838725
  0.97619029  1.57098288]","[ 0.00000000e+00  5.96578178e-01  6.61738806e-01  1.10199767e-01
  7.14690071e-02  9.33997093e-01  2.54701914e-01 -3.48941137e-04]","[ 0.          2.89344907 13.38666725  0.04081824 -1.9364506   4.91598654
  0.83568007 -0.60086781]"
1746810081.3155198,"[ 0.          0.13491449  0.44531429 -3.10531854 -2.26872749  0.12033458
  0.97669542  1.57098195]","[ 0.00000000e+00  5.99886490e-01  6.65163964e-01  1.09389475e-01
  7.69777808e-02  9.56681699e-01  2.55512214e-01 -3.63348994e-04]","[ 0.          2.89263821 13.4147625   0.10247326 -1.81118143  4.83800983
  0.88594753 -0.59610826]"
1746810081.317254,"[ 0.          0.1360992   0.44663126 -3.10509803 -2.26857063  0.12225716
  0.97722626  1.57098195]","[ 0.00000000e+00  6.01777201e-01  6.68221139e-01  1.07498797e-01
  8.05707680e-02  9.81264141e-01  2.59563681e-01 -3.75221225e-04]","[ 0.          2.9506216  13.26189232  0.11891551 -1.67410958  4.73175621
  0.93530267 -0.60222375]"
1746810081.3189278,"[ 0.          0.13674069  0.44734116 -3.10499017 -2.26847875  0.1232332
  0.97748505  1.57098195]","[ 0.00000000e+00  6.04101209e-01  6.68548708e-01  1.09389475e-01
  8.64337337e-02  9.89907230e-01  2.62534753e-01 -3.75217226e-04]","[ 0.          2.97737622 13.03598595  0.15660256 -1.57476854  4.60176039
  0.97063261 -0.59941292]"
1746810081.320101,"[ 0.          0.1379355   0.44866318 -3.10476593 -2.26829233  0.12529468
  0.97801109  1.57098102]","[ 0.00000000e+00  6.06368824e-01  6.71192228e-01  1.09585816e-01
  9.66948934e-02  1.01034613e+00  2.67396504e-01 -3.99529949e-04]","[ 0.          2.98363137 12.82091904  0.20799997 -1.45582378  4.60876656
  1.03481662 -0.58941269]"
1746810081.3218572,"[ 0.          0.13858296  0.44932441 -3.10465754 -2.2681922   0.12630021
  0.97829651  1.57098102]","[ 0.00000000e+00  6.09618146e-01  6.69972501e-01  1.09929672e-01
  1.01556652e-01  1.01885473e+00  2.68823791e-01 -4.01211232e-04]","[ 0.          2.99225235 12.82285881  0.2416205  -1.41766918  4.77770281
  1.08512735 -0.59233099]"
1746810081.323532,"[ 0.          0.13979154  0.45069737 -3.10444236 -2.2679621   0.1284026
  0.97882921  1.57097995]","[ 0.00000000e+00  6.14284471e-01  6.70554867e-01  1.08579183e-01
  1.15601723e-01  1.02840143e+00  2.68744512e-01 -4.13369154e-04]","[ 0.          3.03948474 12.64067364  0.28515109 -1.33182001  4.8824029
  1.19010913 -0.59014022]"
1746810081.3252678,"[ 0.          0.14039767  0.45135907 -3.1043289  -2.26784412  0.12942335
  0.97911177  1.57097995]","[ 0.00000000e+00  6.14119022e-01  6.71192228e-01  1.06827364e-01
  1.19531949e-01  1.03528363e+00  2.66065339e-01 -4.27811992e-04]","[ 0.          3.07146192 12.45697308  0.32871085 -1.34449482  4.8843646
  1.17242682 -0.6145637 ]"
1746810081.3270361,"[ 0.          0.14166366  0.4526788  -3.10412224 -2.26759512  0.13147627
  0.97962829  1.57097902]","[ 0.00000000e+00  6.19147336e-01  6.69301517e-01  1.03342518e-01
  1.28566399e-01  1.04392672e+00  2.61454359e-01 -4.43718788e-04]","[ 0.          3.0340147  12.30380249  0.33004051 -1.30379701  4.95463228
  1.23768616 -0.60004789]"
1746810081.3293433,"[ 0.          0.14289154  0.45405039 -3.10392304 -2.26731921  0.13362051
  0.98016865  1.57097902]","[ 0.00000000e+00  6.23293013e-01  6.68083787e-01  1.00476258e-01
  1.36939419e-01  1.04622397e+00  2.64309950e-01 -4.40106681e-04]","[ 0.          2.99641967 12.32696915  0.33519116 -1.23922753  4.8299427
  1.21622086 -0.6059128 ]"
1746810081.3316674,"[ 0.          0.14412766  0.45536872 -3.10372037 -2.26704011  0.1356839
  0.98070235  1.57097902]","[ 0.00000000e+00  6.27706536e-01  6.68221139e-01  9.69649962e-02
  1.42736796e-01  1.04770808e+00  2.71177859e-01 -4.34574542e-04]","[ 0.          2.92170548 12.36348152  0.31501669 -1.18700147  4.8586936
  1.16717124 -0.59639472]"
1746810081.333428,"[ 0.          0.1454203   0.45673619 -3.1035249  -2.26673465  0.13781292
  0.9812427   1.57097809]","[ 0.00000000e+00  6.31487892e-01  6.66870650e-01  9.50412452e-02
  1.50984489e-01  1.03825472e+00  2.73878837e-01 -4.40112337e-04]","[ 0.          2.81623816 12.41822338  0.29694727 -1.18277967  5.0284996
  1.21223867 -0.57489204]"
1746810081.3351808,"[ 0.          0.14671842  0.45805132 -3.10334487 -2.26643158  0.13985822
  0.98179824  1.57097809]","[ 0.00000000e+00  6.35196477e-01  6.66734629e-01  8.99424568e-02
  1.55035956e-01  1.03612346e+00  2.70903104e-01 -4.34580101e-04]","[ 0.          2.76457739 12.4097414   0.23859456 -1.26925766  5.09782839
  1.37478185 -0.55904156]"
1746810081.3368542,"[ 0.          0.14797522  0.4594142  -3.10316484 -2.266112    0.14198059
  0.98232714  1.57097716]","[ 0.00000000e+00  6.37430070e-01  6.64439784e-01  8.72674280e-02
  1.56833374e-01  1.03642606e+00  2.67396504e-01 -4.34574542e-04]","[ 0.          2.68024397 12.44299126  0.19928166 -1.36683238  4.93006706
  1.37994826 -0.56838071]"
1746810081.3386087,"[ 0.          0.14928483  0.46071968 -3.10299759 -2.26579482  0.14402495
  0.98287322  1.57097716]","[ 0.00000000e+00  6.40462678e-01  6.61198650e-01  8.34601230e-02
  1.62868779e-01  1.03609390e+00  2.66316109e-01 -4.19120893e-04]","[ 0.          2.66866231 12.340909    0.14242995 -1.42713928  4.80220556
  1.26879609 -0.58603823]"
1746810081.3403687,"[ 0.          0.14991806  0.46142129 -3.1029169  -2.26562997  0.1450514
  0.98313102  1.57097716]","[ 0.00000000e+00  6.42291804e-01  6.60524138e-01  8.17566153e-02
  1.67190340e-01  1.04095570e+00  2.61454359e-01 -4.18725483e-04]","[ 0.          2.63784575 12.21003342  0.12320358 -1.43716574  4.78436041
  1.25493896 -0.56668371]"
1746810081.342053,"[ 0.          0.15118404  0.46271988 -3.10274752 -2.26527763  0.14718328
  0.98366092  1.57097622]","[ 0.00000000e+00  6.43214256e-01  6.57417227e-01  8.30043562e-02
  1.73402580e-01  1.04203608e+00  2.57411913e-01 -4.13986896e-04]","[ 0.          2.53607464 12.12208366  0.06273191 -1.41087377  5.03942204
  1.32782018 -0.57582319]"
1746810081.343204,"[ 0.          0.15260432  0.46406258 -3.10258134 -2.26492876  0.14932657
  0.98416699  1.57097622]","[ 0.00000000e+00  6.46343271e-01  6.54505660e-01  8.45405092e-02
  1.78264330e-01  1.04896449e+00  2.56592608e-01 -4.13981760e-04]","[ 0.00000000e+00  2.57599974e+00  1.20053673e+01  1.96651951e-03
 -1.32715905e+00  4.90750408e+00  1.42430389e+00 -5.78287959e-01]"
1746810081.3449507,"[ 0.          0.15324075  0.46470543 -3.10249479 -2.26474926  0.15036349
  0.98444096  1.57097622]","[ 0.00000000e+00  6.45532938e-01  6.52015338e-01  8.76927431e-02
  1.82045703e-01  1.05175955e+00  2.58040752e-01 -4.08585607e-04]","[ 0.          2.53335834 12.11727142 -0.02354296 -1.28132808  4.69573879
  1.43881428 -0.57608205]"
1746810081.3460858,"[ 0.          0.15456414  0.46598382 -3.10230623 -2.26436657  0.15245066
  0.98495655  1.57097622]","[ 0.00000000e+00  6.46481090e-01  6.47037491e-01  9.37874039e-02
  1.88257942e-01  1.05932232e+00  2.63345037e-01 -3.99151899e-04]","[ 0.          2.50096583 12.0896759  -0.10120765 -1.12407398  4.52047634
  1.3989284  -0.56967854]"
1746810081.3477988,"[ 0.          0.15520104  0.46662164 -3.10221302 -2.26417881  0.15358272
  0.985222    1.57097622]","[ 0.00000000e+00  6.46073160e-01  6.46883427e-01  9.45341127e-02
  1.90418714e-01  1.06501390e+00  2.69014341e-01 -3.94374789e-04]","[ 0.          2.5510571  11.91476059 -0.14813879 -1.03269899  4.76355696
  1.35822785 -0.57871401]"
1746810081.3495042,"[ 0.          0.15647391  0.46793858 -3.10202234 -2.26378253  0.15569462
  0.98578705  1.57097529]","[ 0.00000000e+00  6.45532938e-01  6.40671204e-01  9.75051851e-02
  1.95097855e-01  1.07282715e+00  2.75845299e-01 -3.94011270e-04]","[ 0.          2.45491076 11.90495014 -0.22487062 -0.96694875  5.03085423
  1.35297525 -0.57373726]"
1746810081.3512099,"[ 0.          0.15715994  0.46919539 -3.10182633 -2.26339132  0.15789784
  0.98634452  1.57097529]","[ 0.00000000e+00  6.45371883e-01  6.36619737e-01  9.53444128e-02
  1.99872137e-01  1.07755206e+00  2.83602355e-01 -3.89355679e-04]","[ 0.          2.30120754 11.88064575 -0.30140013 -0.93573093  4.99067593
  1.41286969 -0.5923208 ]"
1746810081.3529017,"[ 0.          0.15842959  0.46986857 -3.10173259 -2.26319105  0.15896235
  0.98664706  1.57097529]","[ 0.00000000e+00  6.43642293e-01  6.33942661e-01  9.49779784e-02
  2.03113304e-01  1.07957959e+00  2.84872982e-01 -3.84808832e-04]","[ 0.          2.22754622 11.95685768 -0.32212895 -0.91305321  4.70657301
  1.49955606 -0.57530951]"
1746810081.354631,"[ 0.          0.15974334  0.47110884 -3.10153978 -2.26276467  0.1611066
  0.98721025  1.57097436]","[ 0.00000000e+00  6.41214955e-01  6.28786914e-01  9.45341127e-02
  2.09653096e-01  1.08819945e+00  2.85473592e-01 -3.81650132e-04]","[ 0.          2.13316011 11.96912003 -0.42341474 -0.89705676  4.73729134
  1.50213766 -0.55623186]"
1746810081.3563483,"[ 0.          0.16037473  0.47172646 -3.10144736 -2.26255428  0.16227195
  0.98751558  1.57097436]","[ 0.00000000e+00  6.40401093e-01  6.26356047e-01  9.37238210e-02
  2.13377011e-01  1.09736278e+00  2.87380648e-01 -3.71857456e-04]","[ 0.          2.23615956 11.9487915  -0.44704151 -0.89857554  4.98006868
  1.46739602 -0.55257565]"
1746810081.357419,"[ 0.          0.16163429  0.47299978 -3.10126201 -2.26212259  0.16443522
  0.98807304  1.57097436]","[ 0.00000000e+00  6.37430070e-01  6.20683980e-01  9.38986908e-02
  2.20669644e-01  1.09794622e+00  2.81711677e-01 -3.67895906e-04]","[ 0.          2.22169137 12.10961914 -0.48957005 -0.91339189  5.18410397
  1.49288893 -0.56191003]"
1746810081.3597598,"[ 0.          0.16293609  0.47421618 -3.10107745 -2.26166399  0.16668506
  0.9886381   1.57097329]","[ 0.00000000e+00  6.35269248e-01  6.15468113e-01  8.83218733e-02
  2.24721095e-01  1.09736278e+00  2.74089926e-01 -3.75695991e-04]","[ 0.          2.18979573 12.34285069 -0.53971732 -1.01021969  4.9444418
  1.51027501 -0.57402545]"
1746810081.3614855,"[ 0.          0.16355967  0.47482092 -3.10099276 -2.26143922  0.16776668
  0.98890355  1.57097329]","[ 0.00000000e+00  6.32568270e-01  6.13391380e-01  8.58909982e-02
  2.27731299e-01  1.09797944e+00  2.69014341e-01 -3.71456584e-04]","[ 0.          2.15684295 12.49073887 -0.55425847 -1.04005492  5.02795792
  1.49714398 -0.57588714]"
1746810081.3625977,"[ 0.          0.16418278  0.47607177 -3.10083084 -2.26096597  0.16992424
  0.98943246  1.57097329]","[ 0.00000000e+00  6.31387691e-01  6.10150179e-01  7.69134988e-02
  2.31743634e-01  1.09497519e+00  2.67396504e-01 -3.59277693e-04]","[ 0.          2.18762088 12.71970177 -0.55979812 -1.14689231  4.91070461
  1.4493649  -0.5606069 ]"
1746810081.3643482,"[ 0.          0.16547725  0.47727116 -3.10069635 -2.26050498  0.17216934
  0.9899804   1.57097329]","[ 0.00000000e+00  6.32028114e-01  6.07103590e-01  6.57003214e-02
  2.34174518e-01  1.09713595e+00  2.67396504e-01 -3.43229645e-04]","[ 0.          2.12360835 12.87890911 -0.54888988 -1.17165637  5.12507629
  1.44339001 -0.55536693]"
1746810081.366021,"[ 0.          0.16609761  0.47791401 -3.10063111 -2.26027169  0.17324812
  0.99024206  1.57097329]","[ 0.00000000e+00  6.29057025e-01  6.05925607e-01  6.14382733e-02
  2.36365667e-01  1.09416486e+00  2.65235714e-01 -3.43229645e-04]","[ 0.          2.08335423 13.04419136 -0.58270079 -1.23380792  5.04222298
  1.37690663 -0.5680486 ]"
1746810081.3691094,"[ 0.          0.16733467  0.47910378 -3.10051845 -2.25978113  0.17539997
  0.99078807  1.57097236]","[ 0.00000000e+00  6.26896270e-01  6.03127690e-01  5.59101792e-02
  2.40143194e-01  1.09119377e+00  2.68823791e-01 -3.47233229e-04]","[ 0.          2.04203033 13.17500591 -0.5743044  -1.32373178  4.95930862
  1.35871875 -0.56345844]"
1746810081.371078,"[ 0.          0.16800049  0.47969753 -3.10046705 -2.25954252  0.1765615
  0.99105445  1.57097236]","[ 0.00000000e+00  6.26921170e-01  6.02317357e-01  5.21288109e-02
  2.42007340e-01  1.09385201e+00  2.70097482e-01 -3.35458884e-04]","[ 0.          2.08247066 13.076231   -0.5596531  -1.30904317  4.94620371
  1.42771363 -0.58586389]"
1746810081.372794,"[ 0.          0.17051363  0.48211422 -3.10029209 -2.25854862  0.18097653
  0.99217511  1.57097143]","[ 0.00000000e+00  6.25545781e-01  6.01777201e-01  3.83538432e-02
  2.50396498e-01  1.10084007e+00  2.78341663e-01 -3.31843591e-04]","[ 0.          2.19788218 13.48396492 -0.45711529 -1.17601693  4.84498644
  1.32785845 -0.58539772]"
1746810081.374511,"[ 0.          0.17174426  0.48334257 -3.10021778 -2.2580317   0.18315216
  0.9927154   1.57097143]","[ 0.00000000e+00  6.23655069e-01  5.99346268e-01  3.59229638e-02
  2.53276140e-01  1.10577904e+00  2.73068554e-01 -3.19665708e-04]","[ 0.          2.21775556 13.57120323 -0.42208445 -1.11835873  4.89802551
  1.32297671 -0.59792024]"
1746810081.3767757,"[ 0.          0.17302035  0.48452544 -3.10014881 -2.25752251  0.18542579
  0.99324723  1.57097143]","[ 0.00000000e+00  6.23746948e-01  6.00156601e-01  3.40322817e-02
  2.59833775e-01  1.11253148e+00  2.68206787e-01 -3.08146236e-04]","[ 0.          2.13383746 13.56955147 -0.37476274 -1.01721668  4.70652056
  1.42246366 -0.62430513]"
1746810081.378473,"[ 0.          0.17363474  0.48516324 -3.10011392 -2.25726391  0.18652644
  0.99353259  1.5709705 ]","[ 0.00000000e+00  6.22483545e-01  6.00590430e-01  3.28506684e-02
  2.62264642e-01  1.11631284e+00  2.68823791e-01 -3.13443787e-04]","[ 0.          2.22144341 13.59183598 -0.37476274 -0.97294855  4.75491285
  1.45977628 -0.61792743]"
1746810081.380153,"[ 0.          0.17486401  0.48634292 -3.10005533 -2.25671797  0.18882004
  0.99406915  1.5709705 ]","[ 0.00000000e+00  6.23114847e-01  5.97455623e-01  2.86013244e-02
  2.69287181e-01  1.12143650e+00  2.71982400e-01 -3.01715541e-04]","[ 0.          2.21146488 13.48979282 -0.34740511 -0.81054819  4.84084845
  1.41191685 -0.61062723]"
1746810081.3818269,"[ 0.          0.17613871  0.48756434 -3.09999914 -2.25618081  0.19103469
  0.99463228  1.5709705 ]","[ 0.00000000e+00  6.21571279e-01  5.96327375e-01  2.68322260e-02
  2.72798443e-01  1.12198497e+00  2.74959232e-01 -2.93017290e-04]","[ 0.          2.12641358 13.33424759 -0.34354144 -0.70789301  5.12375259
  1.35135996 -0.58066589]"
1746810081.3835473,"[ 0.          0.17736292  0.488733   -3.09997384 -2.25561675  0.19333208
  0.99517643  1.57096957]","[ 0.00000000e+00  6.20413869e-01  5.92053667e-01  2.56592596e-02
  2.75594529e-01  1.12243958e+00  2.77930304e-01 -2.95308837e-04]","[ 0.          2.14298797 13.25509357 -0.34727669 -0.66452438  5.07574558
  1.3928982  -0.59990114]"
1746810081.3852954,"[ 0.          0.17863441  0.48994481 -3.0999243  -2.25506707  0.19554292
  0.99575959  1.57096957]","[ 0.00000000e+00  6.21404232e-01  5.91562780e-01  2.48237906e-02
  2.79807284e-01  1.11928400e+00  2.87383711e-01 -2.87026153e-04]","[ 0.          2.13477135 13.26041317 -0.34287706 -0.59368759  4.86195469
  1.48284173 -0.62289703]"
1746810081.387024,"[ 0.          0.17924421  0.49052521 -3.09989714 -2.25478877  0.19664357
  0.99604881  1.57096957]","[ 0.00000000e+00  6.18523224e-01  5.88542422e-01  2.55783827e-02
  2.82538422e-01  1.11631284e+00  2.93325855e-01 -2.84122943e-04]","[ 0.          2.0702672  13.27444649 -0.35485691 -0.54664838  4.94949198
  1.49595654 -0.63373238]"
1746810081.388719,"[ 0.          0.18051112  0.49168052 -3.09984627 -2.25419782  0.19891719
  0.99663957  1.57096863]","[ 0.00000000e+00  6.18645796e-01  5.85031111e-01  2.61994548e-02
  2.91165066e-01  1.10766975e+00  3.00888600e-01 -2.81060990e-04]","[ 0.          2.07989836 13.20392227 -0.40076751 -0.44055548  5.12463331
  1.43874109 -0.60850781]"
1746810081.390592,"[ 0.          0.18112184  0.4922559  -3.09981884 -2.25390807  0.19999884
  0.99695728  1.5709677 ]","[ 0.00000000e+00  6.19333491e-01  5.83410577e-01  2.58291505e-02
  2.93866044e-01  1.09713595e+00  2.99166767e-01 -2.81063851e-04]","[ 0.          2.16117477 13.12934208 -0.44233963 -0.4568392   5.00425005
  1.46214366 -0.6132378 ]"
1746810081.3917665,"[ 0.          0.18233685  0.49344657 -3.0997709  -2.25330166  0.20222965
  0.99754424  1.5709677 ]","[ 0.00000000e+00  6.15552135e-01  5.80709599e-01  2.37444946e-02
  2.96806208e-01  1.08555759e+00  2.97107211e-01 -2.78489310e-04]","[ 0.          2.0509038  13.01299667 -0.50955921 -0.54355961  5.00624371
  1.57554734 -0.64616406]"
1746810081.3934758,"[ 0.          0.18359916  0.49458583 -3.09972723 -2.25271231  0.20436437
  0.99812648  1.5709677 ]","[ 0.00000000e+00  6.16138097e-01  5.76928177e-01  2.03122459e-02
  2.98727811e-01  1.08065997e+00  2.96296945e-01 -2.64948963e-04]","[ 0.          1.99112582 12.97748375 -0.57076472 -0.65287024  4.87018585
  1.67389095 -0.63303578]"
1746810081.3953128,"[ 0.          0.1848073   0.49576182 -3.09969527 -2.25209339  0.20656761
  0.99873434  1.57096664]","[ 0.00000000e+00  6.10960513e-01  5.72336554e-01  1.48553612e-02
  3.04669956e-01  1.07404128e+00  2.97107211e-01 -2.54351000e-04]","[ 0.          1.93548012 12.7416811  -0.67731488 -0.74452299  4.88777924
  1.60015345 -0.63407475]"
1746810081.3970408,"[ 0.          0.18540883  0.49632384 -3.09968329 -2.25179272  0.2076264
  0.9990245   1.57096664]","[ 0.00000000e+00  6.10150179e-01  5.69328248e-01  1.21543863e-02
  3.04940034e-01  1.07390759e+00  2.94406233e-01 -2.54351000e-04]","[ 0.          1.94619119 12.80761242 -0.71758008 -0.71248269  5.10499239
  1.55439544 -0.61594331]"
1746810081.398167,"[ 0.          0.18665462  0.49748515 -3.09966677 -2.25116315  0.20974021
  0.99962098  1.5709657 ]","[ 0.00000000e+00  6.07611987e-01  5.66736726e-01  6.47577163e-03
  3.08233932e-01  1.06985140e+00  2.89386807e-01 -2.54351000e-04]","[ 0.          1.9046762  12.71330643 -0.77314752 -0.69953281  5.08666229
  1.55720723 -0.64648747]"
1746810081.3999527,"[ 0.          0.18725157  0.49804305 -3.09966411 -2.25085768  0.21087702
  0.9999092   1.5709657 ]","[ 0.00000000e+00  6.05558557e-01  5.65854221e-01  2.70097486e-03
  3.09487914e-01  1.07053057e+00  2.92245478e-01 -2.46589000e-04]","[ 0.          1.84124255 12.62462044 -0.8100757  -0.68331552  5.09407854
  1.56944251 -0.66335726]"
1746810081.401646,"[ 0.          0.18844223  0.4991947  -3.09966571 -2.25024755  0.21299367
  1.00049523  1.57096477]","[ 0.00000000e+00  6.03667846e-01  5.60718248e-01 -2.16077981e-03
  3.08721423e-01  1.07471786e+00  2.99268000e-01 -2.38454070e-04]","[ 0.          1.81495571 12.63505459 -0.83931679 -0.63794827  4.96636534
  1.6168617  -0.66533792]"
1746810081.402811,"[ 0.          0.18908098  0.49974667 -3.09966944 -2.24994022  0.21405533
  1.00081767  1.57096384]","[ 0.00000000e+00  6.01342773e-01  5.59344789e-01 -2.86081758e-03
  3.11692479e-01  1.07551774e+00  3.03394935e-01 -2.46402543e-04]","[ 0.          1.88601887 12.69263744 -0.84966737 -0.64799833  4.73929596
  1.56531918 -0.66518867]"
1746810081.4045334,"[ 0.          0.19025696  0.50084459 -3.0996745  -2.24929414  0.21626521
  1.0014256   1.57096384]","[ 0.00000000e+00  5.94754645e-01  5.55590498e-01 -2.71548388e-03
  3.16605246e-01  1.07957959e+00  3.09801801e-01 -2.38634513e-04]","[ 0.          1.89785933 12.52556705 -0.87003469 -0.60585648  4.7777648
  1.45061648 -0.65319848]"
1746810081.4063387,"[ 0.          0.19084104  0.50143006 -3.09967556 -2.24898015  0.21733354
  1.00173286  1.57096291]","[ 0.00000000e+00  5.92323778e-01  5.51189058e-01 -2.40510026e-03
  3.18122282e-01  1.08363106e+00  3.11692479e-01 -2.35804579e-04]","[ 0.          1.8181386  12.35467243 -0.85336596 -0.6071707   5.02609587
  1.43295395 -0.66737467]"
1746810081.4080625,"[ 0.          0.19204963  0.50251143 -3.09967317 -2.24832315  0.21955198
  1.00237502  1.57096198]","[ 0.00000000e+00  5.89622800e-01  5.47217486e-01 -1.98693940e-04
  3.21234386e-01  1.08382128e+00  3.13583157e-01 -2.35804579e-04]","[ 0.          1.87320936 12.28421307 -0.80064452 -0.62217796  5.10366154
  1.46016765 -0.70674366]"
1746810081.4097412,"[ 0.          0.19320267  0.5036268  -3.0996705  -2.24768559  0.22185319
  1.00300472  1.57096104]","[ 0.00000000e+00  5.83140466e-01  5.43174441e-01  7.97990733e-04
  3.23518745e-01  1.08258197e+00  3.21090342e-01 -2.35804579e-04]","[ 0.          1.95372796 12.32705498 -0.79880691 -0.59970063  4.95062256
  1.53490663 -0.70138603]"
1746810081.4114974,"[ 0.          0.1938198   0.504159   -3.09966997 -2.24736521  0.22276073
  1.00332344  1.57096104]","[ 0.00000000e+00  5.81030510e-01  5.39107994e-01  7.46106426e-04
  3.24927258e-01  1.08695242e+00  3.23306691e-01 -2.35804579e-04]","[ 0.          2.00718951 12.40970421 -0.79183739 -0.60698295  4.84824133
  1.45996261 -0.71982425]"
1746810081.4132004,"[ 0.          0.19495814  0.50521467 -3.0996713  -2.2466925   0.22499535
  1.00398363  1.57096104]","[ 0.00000000e+00  5.75534212e-01  5.34252818e-01  6.10554192e-04
  3.29248836e-01  1.09269333e+00  3.23036580e-01 -2.28028536e-04]","[ 0.          2.03311157 12.44359398 -0.76184016 -0.54944813  5.01551485
  1.34445524 -0.70880532]"
1746810081.4149137,"[ 0.          0.19608913  0.50629885 -3.09967317 -2.24603816  0.22730892
  1.00464383  1.57095905]","[ 0.00000000e+00  5.73416932e-01  5.27371043e-01  0.00000000e+00
  3.33030192e-01  1.08930313e+00  3.21485155e-01 -2.38094030e-04]","[ 0.          2.09281826 12.62630272 -0.71920139 -0.59775281  5.11753941
  1.30507088 -0.71863824]"
1746810081.4160483,"[ 0.          0.1966971   0.50681727 -3.09967317 -2.24568502  0.22821456
  1.00496441  1.57095905]","[ 0.00000000e+00  5.72504400e-01  5.26413670e-01  0.00000000e+00
  3.32518965e-01  1.08602051e+00  3.25197369e-01 -2.27853847e-04]","[ 0.          2.06082654 12.74590111 -0.67061567 -0.60384345  5.01016283
  1.37736106 -0.73142654]"
1746810081.4178445,"[ 0.          0.19781981  0.50784997 -3.09967237 -2.24502323  0.23059188
  1.00561036  1.57095811]","[ 0.00000000e+00  5.67744865e-01  5.23448906e-01  7.97831389e-05
  3.35930641e-01  1.07848577e+00  3.27898347e-01 -2.38094030e-04]","[ 0.          2.0685358  12.96607876 -0.65452474 -0.70718747  4.82282305
  1.51357794 -0.71964437]"
1746810081.41955,"[ 0.          0.19897652  0.5089153  -3.09967237 -2.24433081  0.23278939
  1.00627442  1.57095811]","[ 0.00000000e+00  5.63698258e-01  5.19127361e-01  6.62368019e-05
  3.39038949e-01  1.07303827e+00  3.23306691e-01 -2.27512077e-04]","[ 0.          2.08349752 13.09682655 -0.65718669 -0.8984195   4.84586668
  1.44658959 -0.71163428]"
1746810081.4212635,"[ 0.          0.19953122  0.50942363 -3.09967263 -2.24399418  0.2338444
  1.0065912   1.57095718]","[ 0.00000000e+00  5.62613020e-01  5.15616083e-01 -1.10394675e-04
  3.41403204e-01  1.07012617e+00  3.21090342e-01 -2.38273920e-04]","[ 0.          2.0803926  12.99203968 -0.68101764 -1.07768893  5.14428759
  1.29033041 -0.66872567]"
1746810081.4224083,"[ 0.          0.20063465  0.51047472 -3.0996737  -2.2432935   0.23594868
  1.00724854  1.57095718]","[ 0.00000000e+00  5.58291476e-01  5.11838023e-01 -1.69868521e-04
  3.41726411e-01  1.06229335e+00  3.21485155e-01 -2.38094030e-04]","[ 0.          2.05856848 12.99267292 -0.67368692 -1.2681427   5.0942359
  1.27616978 -0.68134111]"
1746810081.4241052,"[ 0.          0.20122745  0.51097889 -3.0996737  -2.24295422  0.23707503
  1.00756625  1.57095718]","[ 0.00000000e+00  5.58210582e-01  5.11294505e-01 -1.58763006e-04
  3.44104182e-01  1.05950215e+00  3.22226280e-01 -2.27512077e-04]","[ 0.          2.08163953 13.1776886  -0.67971212 -1.3382585   4.99143791
  1.35167861 -0.675421  ]"
1746810081.4257848,"[ 0.          0.20232493  0.5119827  -3.0996737  -2.24227884  0.23915934
  1.00820082  1.57095625]","[ 0.00000000e+00  5.55567228e-01  5.08053338e-01 -1.97771733e-04
  3.41673315e-01  1.05743161e+00  3.19255224e-01 -2.35448538e-04]","[ 0.          2.08618259 13.33729649 -0.66002291 -1.40417624  4.88001823
  1.39984429 -0.71898097]"
1746810081.426943,"[ 0.          0.20287136  0.51251949 -3.0996737  -2.24194115  0.24020102
  1.00853657  1.57095625]","[ 0.00000000e+00  5.54240009e-01  5.05549201e-01 -2.31824012e-04
  3.42483615e-01  1.05635124e+00  3.16219021e-01 -2.27512077e-04]","[ 0.          1.99261582 13.30339718 -0.66924369 -1.4418596   4.94833183
  1.39358962 -0.71911371]"
1746810081.4286664,"[ 0.          0.20400142  0.51351502 -3.0996737  -2.24123808  0.24132356
  1.00915496  1.57095532]","[ 0.00000000e+00  5.50938321e-01  5.04271983e-01 -1.87238885e-04
  3.43485729e-01  1.05698906e+00  3.13583157e-01 -2.35628769e-04]","[ 0.          1.94937837 13.40782452 -0.63370013 -1.29422069  4.85343599
  1.29862654 -0.68704593]"
1746810081.4303718,"[ 0.          0.20454327  0.51401093 -3.09967397 -2.24089693  0.24236429
  1.00946222  1.57095532]","[ 0.00000000e+00  5.49648353e-01  5.02921494e-01 -1.56032404e-04
  3.45994859e-01  1.05554097e+00  3.11376695e-01 -2.35450878e-04]","[ 0.          1.97346616 13.50977325 -0.63489532 -1.22408628  4.86662006
  1.25200725 -0.70117027]"
1746810081.43209,"[ 0.          0.20562375  0.51503355 -3.0996745  -2.24018346  0.24452851
  1.01010624  1.57095532]","[ 0.00000000e+00  5.47217486e-01  4.98329838e-01 -7.80116345e-05
  3.49236026e-01  1.05423063e+00  3.15473868e-01 -2.35448538e-04]","[ 0.          1.93156838 13.52079868 -0.65431798 -1.04861724  4.88096046
  1.30748653 -0.69508392]"
1746810081.4338048,"[ 0.          0.20674233  0.51601576 -3.09967503 -2.23949317  0.24661662
  1.01072363  1.57095439]","[ 0.00000000e+00  5.45866997e-01  4.97789649e-01 -1.03251880e-04
  3.50856626e-01  1.05932232e+00  3.12502779e-01 -2.35626445e-04]","[ 0.          1.82619536 13.4290638  -0.67528671 -0.86667806  4.886796
  1.39385378 -0.7179774 ]"
1746810081.4354732,"[ 0.          0.20727959  0.51650388 -3.09967503 -2.23914616  0.24879226
  1.01136578  1.57095332]","[ 0.00000000e+00  5.44786619e-01  4.95088671e-01 -1.32188676e-04
  3.51937004e-01  1.06225520e+00  3.14393457e-01 -2.46030507e-04]","[ 0.          1.73580217 13.32640553 -0.68649203 -0.76058793  4.80494833
  1.42665422 -0.71017003]"
1746810081.4372256,"[ 0.          0.20838991  0.51750949 -3.09967503 -2.23841513  0.24984251
  1.01167591  1.57095332]","[ 0.00000000e+00  5.41417387e-01  4.89416637e-01 -1.39315818e-04
  3.58689449e-01  1.06418512e+00  3.14393457e-01 -2.46218817e-04]","[ 0.          1.75953162 13.31467915 -0.62439114 -0.49251926  4.89832115
  1.35410821 -0.69713432]"
1746810081.4389932,"[ 0.          0.20945339  0.51847059 -3.09967556 -2.237703    0.251943
  1.01238178  1.57095239]","[ 0.00000000e+00  5.38838149e-01  4.86715659e-01 -1.51538401e-04
  3.61660505e-01  1.06526444e+00  3.23306691e-01 -2.46030507e-04]","[ 0.          1.76931226 13.18660069 -0.60380548 -0.28110009  4.82766151
  1.34973598 -0.70886034]"
1746810081.4401703,"[ 0.          0.21055682  0.51946152 -3.09967556 -2.23695545  0.25413384
  1.01302107  1.57095239]","[ 0.00000000e+00  5.38650662e-01  4.84014681e-01 -1.68898102e-04
  3.66150928e-01  1.07201688e+00  3.26277747e-01 -2.46216395e-04]","[ 0.          1.85830569 13.21517181 -0.55925661 -0.23595335  4.89329576
  1.43790936 -0.70624328]"
1746810081.4418292,"[ 0.          0.21108719  0.51993676 -3.09967556 -2.23659113  0.25520312
  1.01336921  1.57095239]","[ 0.00000000e+00  5.38034174e-01  4.81365668e-01 -1.61676667e-04
  3.69493361e-01  1.08444139e+00  3.27754370e-01 -2.38094030e-04]","[ 0.          1.90599334 13.19960785 -0.55529827 -0.23454943  4.88286781
  1.50354493 -0.74650162]"
1746810081.443006,"[ 0.          0.21161846  0.5204148  -3.09967556 -2.23622201  0.25628285
  1.01369459  1.57095146]","[ 0.00000000e+00  5.38844474e-01  4.84824981e-01 -1.38580003e-04
  3.74355095e-01  1.09497519e+00  3.30059103e-01 -2.46030507e-04]","[ 0.          1.86870611 13.18470001 -0.53471547 -0.21074092  5.01690483
  1.56939209 -0.74221158]"
1746810081.4447725,"[ 0.          0.21272648  0.52148516 -3.09967556 -2.23544464  0.25856313
  1.01435478  1.57095146]","[ 0.00000000e+00  5.41545452e-01  4.86344980e-01 -1.03930495e-04
  3.80917290e-01  1.11820355e+00  3.36811548e-01 -2.46030507e-04]","[ 0.          1.93816054 13.18609238 -0.49622083 -0.21472269  4.88498259
  1.55090559 -0.69730341]"
1746810081.4464843,"[ 0.          0.21379365  0.52244533 -3.09967556 -2.2346875   0.26079871
  1.01503875  1.57095052]","[ 0.00000000e+00  5.41545452e-01  4.86715659e-01 -8.05727896e-05
  3.85429085e-01  1.13730734e+00  3.32268195e-01 -2.53966967e-04]","[ 0.          1.92974603 13.05394268 -0.45877573 -0.23904215  4.62802267
  1.5924015  -0.70149428]"
1746810081.4476604,"[ 0.          0.21437268  0.52296238 -3.09967556 -2.2343048   0.26201256
  1.01536792  1.57095052]","[ 0.00000000e+00  5.44145862e-01  4.86992361e-01 -8.05727896e-05
  3.87736814e-01  1.14300264e+00  3.33840492e-01 -2.53966967e-04]","[ 0.          1.97595382 12.92425919 -0.44994116 -0.28309143  4.88366652
  1.69144046 -0.71193463]"
1746810081.4494324,"[ 0.          0.21545133  0.52392391 -3.09967583 -2.23349946  0.26428428
  1.01602525  1.57095052]","[ 0.00000000e+00  5.47202705e-01  4.87525959e-01 -8.48478263e-05
  3.94342319e-01  1.15682751e+00  3.34581516e-01 -2.46030507e-04]","[ 0.          2.01885605 12.78065395 -0.42830566 -0.37352896  4.96761227
  1.79006469 -0.73780608]"
1746810081.450523,"[ 0.          0.21599179  0.52440608 -3.09967636 -2.23310745  0.26543251
  1.01638677  1.57094959]","[ 0.00000000e+00  5.48027786e-01  4.88876448e-01 -1.06381769e-04
  3.97583486e-01  1.16348022e+00  3.40543568e-01 -2.53969471e-04]","[ 0.          2.00301456 12.74573898 -0.43912172 -0.39204815  4.77301168
  1.82250011 -0.71144277]"
1746810081.4528325,"[ 0.          0.21711451  0.52540433 -3.09967689 -2.23228666  0.2678317
  1.01672826  1.57094959]","[ 0.00000000e+00  5.49182932e-01  4.86741592e-01 -1.22462953e-04
  4.00978783e-01  1.17434871e+00  3.46264971e-01 -2.54158853e-04]","[ 0.          2.05003047 12.49857426 -0.46737397 -0.48941049  4.67949247
  1.80738831 -0.67345631]"
1746810081.4539917,"[ 0.          0.21820003  0.5263645  -3.09967769 -2.23148878  0.27017097
  1.01742181  1.57094959]","[ 0.00000000e+00  5.50458653e-01  4.86715659e-01 -1.42323708e-04
  4.05545205e-01  1.19058973e+00  3.53287493e-01 -2.46030507e-04]","[ 0.          2.04026413 12.19005203 -0.3984586  -0.51817048  4.60039425
  1.69135892 -0.70029414]"
1746810081.4557245,"[ 0.          0.21878366  0.52684207 -3.09967769 -2.23108557  0.27134963
  1.01780038  1.57094959]","[ 0.00000000e+00  5.49167352e-01  4.84284759e-01 -1.37134965e-04
  4.08927586e-01  1.19545147e+00  3.56592743e-01 -2.46032929e-04]","[ 0.          1.99280918 11.90745831 -0.41118202 -0.55709273  4.64914322
  1.71605563 -0.70028746]"
1746810081.4573934,"[ 0.          0.21987056  0.52782887 -3.09967823 -2.23024002  0.27381256
  1.01851484  1.57094866]","[ 0.00000000e+00  5.51809142e-01  4.80472377e-01 -1.55414305e-04
  4.14018718e-01  1.20395388e+00  3.64631594e-01 -2.53966967e-04]","[ 0.          2.00460362 11.81258297 -0.38040447 -0.65944421  4.67870998
  1.73193908 -0.7154851 ]"
1746810081.4585733,"[ 0.          0.2204147   0.52830045 -3.09967876 -2.22983016  0.2750093
  1.01890679  1.57094866]","[ 0.00000000e+00  5.51809142e-01  4.78342614e-01 -1.68011623e-04
  4.15680031e-01  1.21381809e+00  3.69131171e-01 -2.53966967e-04]","[ 0.          2.00062394 11.82699966 -0.38303226 -0.69085741  4.71883774
  1.69126832 -0.68585372]"
1746810081.4608083,"[ 0.          0.22154248  0.52924178 -3.09967903 -2.22900778  0.27751219
  1.01963643  1.57094866]","[ 0.00000000e+00  5.49935242e-01  4.76508861e-01 -1.62283713e-04
  4.17300598e-01  1.22450243e+00  3.70573739e-01 -2.43568903e-04]","[ 0.          1.99134064 11.58830929 -0.40350822 -0.84058857  4.61983824
  1.6494     -0.66256636]"
1746810081.4619524,"[ 0.          0.22208523  0.52974598 -3.09967956 -2.22856276  0.27872606
  1.02000075  1.57094773]","[ 0.00000000e+00  5.49900920e-01  4.74704703e-01 -1.62690681e-04
  4.19034083e-01  1.23110427e+00  3.69493361e-01 -2.53969471e-04]","[ 0.          1.96537352 11.32099152 -0.3737818  -0.94616348  4.42419481
  1.67042208 -0.67005992]"
1746810081.4638028,"[ 0.          0.22317077  0.5306708  -3.09967956 -2.22773159  0.28116996
  1.02075895  1.57094773]","[ 0.00000000e+00  5.50458653e-01  4.66998546e-01 -1.57686623e-04
  4.21892254e-01  1.24082774e+00  3.71007734e-01 -2.53966967e-04]","[ 0.          2.01629281 11.0320797  -0.35569116 -1.01003814  4.44905615
  1.59869051 -0.67275012]"
1746810081.465487,"[ 0.          0.22429624  0.53112813 -3.09968009 -2.22689456  0.2837185
  1.02150577  1.57094773]","[ 0.00000000e+00  5.48567975e-01  4.63757379e-01 -1.63829221e-04
  4.25024298e-01  1.24649987e+00  3.80297240e-01 -2.53966967e-04]","[ 0.          2.07589293 11.04967499 -0.39305443 -1.0478524   4.35293436
  1.63704658 -0.67782366]"
1746810081.4666526,"[ 0.          0.22483762  0.53161855 -3.09968009 -2.22637737  0.28494855
  1.02191576  1.57094773]","[ 0.00000000e+00  5.49108164e-01  4.61480976e-01 -1.48226436e-04
  4.26018023e-01  1.24758018e+00  3.86183425e-01 -2.53966967e-04]","[ 0.          2.08689475 10.94194698 -0.40021855 -0.98292989  4.51802826
  1.6146723  -0.66311461]"
1746810081.468383,"[ 0.          0.22595941  0.53251767 -3.09968089 -2.22553208  0.28742479
  1.02269773  1.57094666]","[ 0.00000000e+00  5.46411513e-01  4.54033845e-01 -1.66447568e-04
  4.29428867e-01  1.25622334e+00  3.99069430e-01 -2.54158853e-04]","[ 0.          2.05903411 10.81595898 -0.43534133 -0.91171718  4.66477299
  1.66480207 -0.62275195]"
1746810081.4701362,"[ 0.          0.22649714  0.53299431 -3.09968142 -2.22510545  0.2887614
  1.02309441  1.57094666]","[ 0.00000000e+00  5.45326808e-01  4.48875535e-01 -1.76631477e-04
  4.32696166e-01  1.25742296e+00  4.02445253e-01 -2.53966967e-04]","[ 0.          2.05942583 10.83044243 -0.4395583  -0.89536822  4.66884232
  1.72660899 -0.62541455]"
1746810081.471854,"[ 0.          0.22757715  0.53386952 -3.09968222 -2.22421968  0.29123857
  1.02391254  1.57094666]","[ 0.00000000e+00  5.48027786e-01  4.42959856e-01 -1.88441079e-04
  4.32696166e-01  1.25622334e+00  3.97583486e-01 -2.53966967e-04]","[ 0.          2.03916454 10.80631924 -0.43745619 -0.82562661  4.82985592
  1.68438244 -0.64309216]"
1746810081.472963,"[ 0.          0.22870124  0.53476677 -3.09968382 -2.22336294  0.2937976
  1.02468598  1.57094666]","[ 0.00000000e+00  5.47757675e-01  4.35926647e-01 -2.18579629e-04
  4.34416335e-01  1.24782386e+00  3.91641341e-01 -2.46218817e-04]","[ 0.          2.02631021 10.87614346 -0.4829689  -0.72823566  4.64329481
  1.81657982 -0.66988266]"
1746810081.4747398,"[ 0.          0.22924033  0.53519058 -3.09968409 -2.22289715  0.29502479
  1.02510357  1.57094666]","[ 0.00000000e+00  5.46677297e-01  4.30161369e-01 -2.19812772e-04
  4.38594036e-01  1.24460916e+00  3.92835036e-01 -2.46030507e-04]","[ 0.          2.02758431 10.93022728 -0.53065968 -0.67266005  4.21179295
  1.91340137 -0.64209849]"
1746810081.476756,"[ 0.          0.23036075  0.53602908 -3.09968568 -2.22202657  0.29757237
  1.02588654  1.57094666]","[ 0.00000000e+00  5.47217486e-01  4.22972632e-01 -2.46355177e-04
  4.41609367e-01  1.24331007e+00  3.98798253e-01 -2.46216395e-04]","[ 0.          1.98270237 11.09312248 -0.59893537 -0.58697599  4.41991138
  1.97730112 -0.60671586]"
1746810081.4782624,"[ 0.          0.23089984  0.53644373 -3.09968648 -2.22159034  0.29879482
  1.02627749  1.57094666]","[ 0.00000000e+00  5.46677297e-01  4.20541765e-01 -2.58927641e-04
  4.42419667e-01  1.23974743e+00  3.96101370e-01 -2.46030507e-04]","[ 0.          1.96833932 11.13779926 -0.66871244 -0.58146232  4.76731205
  1.92713559 -0.59064317]"
1746810081.4811492,"[ 0.          0.23197756  0.53729232 -3.09968888 -2.22067794  0.30123584
  1.02709275  1.57094573]","[ 0.00000000e+00  5.46677297e-01  4.12046448e-01 -2.99749736e-04
  4.47011323e-01  1.23677640e+00  4.00284464e-01 -2.46030507e-04]","[ 0.          1.94871879 11.20334911 -0.7315824  -0.54264659  4.73995256
  1.74333572 -0.60616893]"
1746810081.4834614,"[ 0.          0.23364167  0.53852017 -3.09969154 -2.219316    0.30499636
  1.02835229  1.57094573]","[ 0.00000000e+00  5.48012173e-01  4.02232599e-01 -3.35369841e-04
  4.49627845e-01  1.24082774e+00  4.21395774e-01 -2.46030507e-04]","[ 0.          1.90187836 11.55207825 -0.82234496 -0.42857668  4.28786564
  1.74315262 -0.63853139]"
1746810081.485458,"[ 0.          0.23476346  0.5393063  -3.09969341 -2.21842784  0.30754018
  1.02918087  1.57094573]","[ 0.00000000e+00  5.48179852e-01  3.97313374e-01 -3.66468131e-04
  4.51332867e-01  1.24055157e+00  4.19731465e-01 -2.38094030e-04]","[ 0.          1.80634868 11.8285532  -0.84275675 -0.34312734  4.45275021
  1.74531114 -0.60111719]"
1746810081.4871814,"[ 0.          0.23584485  0.54011494 -3.09969474 -2.21753168  0.30999927
  1.03005039  1.57094573]","[ 0.00000000e+00  5.48567975e-01  3.93455719e-01 -4.33543445e-04
  4.55384334e-01  1.24839058e+00  4.24550988e-01 -2.38096387e-04]","[ 0.          1.74552512 12.06088257 -0.92905349 -0.27328733  4.69085217
  1.69998372 -0.61707062]"
1746810081.4889069,"[ 0.          0.23696896  0.54088272 -3.09969607 -2.21704592  0.3125659
  1.03089035  1.57094573]","[ 0.00000000e+00  5.49684472e-01  3.87859985e-01 -5.30766965e-04
  4.57401679e-01  1.25409308e+00  4.25403532e-01 -2.27512077e-04]","[ 0.          1.61539805 12.30379486 -0.93913728 -0.2222608   4.56780243
  1.6072886  -0.6113168 ]"
1746810081.490007,"[ 0.          0.23805035  0.54167435 -3.09969713 -2.21614125  0.31504976
  1.03177033  1.57094573]","[ 0.00000000e+00  5.48027786e-01  3.86183425e-01 -6.01324739e-04
  4.59165724e-01  1.26108507e+00  4.31823282e-01 -2.16930124e-04]","[ 0.          1.54109788 12.47271156 -1.00031853 -0.23191644  4.50439501
  1.69378388 -0.60135025]"
1746810081.4917624,"[ 0.          0.23863168  0.54205365 -3.09969793 -2.21565256  0.31629219
  1.03220129  1.57094573]","[ 0.00000000e+00  5.47427543e-01  3.84618818e-01 -6.30820809e-04
  4.60160115e-01  1.26000476e+00  4.37017711e-01 -2.16930124e-04]","[ 0.          1.55532932 12.47580719 -0.98596454 -0.2857677   4.37444782
  1.81405067 -0.58742523]"
1746810081.4935348,"[ 0.          0.23970757  0.54281039 -3.09969927 -2.21474202  0.3188683
  1.03307461  1.57094573]","[ 0.00000000e+00  5.44786619e-01  3.83268329e-01 -7.31812481e-04
  4.61938374e-01  1.25703361e+00  4.43320514e-01 -2.16768618e-04]","[ 0.          1.48875129 12.60533047 -0.96835232 -0.33667108  4.57045269
  1.79401124 -0.58777279]"
1746810081.4946666,"[ 0.          0.24024436  0.54321632 -3.0996998  -2.21428555  0.32010977
  1.03354452  1.57094573]","[ 0.00000000e+00  5.43964801e-01  3.82171140e-01 -7.59653567e-04
  4.62947079e-01  1.25791857e+00  4.42355551e-01 -2.16932270e-04]","[ 0.          1.41558146 12.71695518 -1.00933588 -0.29775745  4.70082664
  1.81018376 -0.59826022]"
1746810081.4964638,"[ 0.          0.24135881  0.5439671  -3.0997006  -2.21333587  0.32267259
  1.03441018  1.5709448 ]","[ 0.00000000e+00  5.44516508e-01  3.80027162e-01 -7.45410987e-04
  4.64027457e-01  1.24957929e+00  4.37654240e-01 -2.16930124e-04]","[ 0.          1.36356866 12.90425777 -1.01626563 -0.41807222  4.57476664
  1.7165848  -0.57202286]"
1746810081.4982135,"[ 0.          0.24189239  0.54434317 -3.09970166 -2.21287674  0.32389788
  1.03484208  1.5709448 ]","[ 0.00000000e+00  5.41275341e-01  3.80991226e-01 -7.69421764e-04
  4.65648057e-01  1.24271845e+00  4.38098122e-01 -2.16930124e-04]","[ 0.          1.38277805 12.92738914 -0.97876221 -0.58190614  4.72744656
  1.64172328 -0.59414345]"
1746810081.4999137,"[ 0.          0.2429972   0.54512424 -3.09970246 -2.21195715  0.32632179
  1.03573444  1.5709448 ]","[ 0.00000000e+00  5.39146044e-01  3.81778324e-01 -7.23816235e-04
  4.66458357e-01  1.22516209e+00  4.35127033e-01 -2.06348155e-04]","[ 0.          1.25150299 13.18521118 -0.99695414 -0.80168515  4.74589014
  1.74383354 -0.57255822]"
1746810081.5010357,"[ 0.          0.24405792  0.54587595 -3.09970433 -2.21100294  0.32881138
  1.03658965  1.5709448 ]","[ 0.00000000e+00  5.36953796e-01  3.80837429e-01 -6.97319928e-04
  4.65107868e-01  1.21273765e+00  4.33236355e-01 -1.98561611e-04]","[ 0.          1.18265903 13.25188923 -1.01987338 -0.99663961  4.66310358
  1.65608096 -0.57033646]"
1746810081.502766,"[ 0.          0.24458417  0.54627819 -3.09970539 -2.21054355  0.33000048
  1.03705011  1.5709448 ]","[ 0.00000000e+00  5.33712596e-01  3.78660361e-01 -7.09342709e-04
  4.65918135e-01  1.20598520e+00  4.33987333e-01 -1.98411694e-04]","[ 0.          1.14586246 13.2788229  -1.07984853 -0.98993427  4.37489462
  1.61874056 -0.58707047]"
1746810081.504528,"[ 0.          0.24567381  0.54702804 -3.09970805 -2.209588    0.33245678
  1.03790052  1.5709448 ]","[ 0.00000000e+00  5.31879908e-01  3.80027162e-01 -7.50609092e-04
  4.66728435e-01  1.19666707e+00  4.31075566e-01 -1.90475217e-04]","[ 0.          1.07636702 13.1789999  -1.10785317 -1.0505743   4.40974998
  1.47153485 -0.5855515 ]"
1746810081.505646,"[ 0.          0.24619683  0.54740367 -3.09970939 -2.20912701  0.33363353
  1.03832676  1.5709448 ]","[ 0.00000000e+00  5.30471429e-01  3.80451570e-01 -7.73704798e-04
  4.67065026e-01  1.19356076e+00  4.31718087e-01 -1.90475217e-04]","[ 0.          1.00618708 13.13719463 -1.0569402  -1.11338806  4.62039757
  1.41492152 -0.61388612]"
1746810081.5073352,"[ 0.          0.24723597  0.54818291 -3.09971258 -2.20820769  0.33597565
  1.03921905  1.5709448 ]","[ 0.00000000e+00  5.25879773e-01  3.79663441e-01 -8.46089399e-04
  4.66188246e-01  1.18572787e+00  4.36574927e-01 -1.79893264e-04]","[ 0.          0.93218958 13.01586533 -1.07357442 -1.14301133  4.57812786
  1.47998035 -0.60925215]"
1746810081.5091136,"[ 0.          0.24779023  0.54855486 -3.09971445 -2.20771181  0.33714195
  1.03964809  1.5709448 ]","[ 0.00000000e+00  5.21849179e-01  3.77326184e-01 -9.14083036e-04
  4.66930869e-01  1.18275684e+00  4.35127033e-01 -1.69311312e-04]","[ 0.          0.97915822 12.99417591 -1.08624101 -1.14507365  4.52731609
  1.46671307 -0.60002327]"
1746810081.510869,"[ 0.          0.24881513  0.54929598 -3.09971817 -2.20678929  0.33956303
  1.04053758  1.5709448 ]","[ 0.00000000e+00  5.18857250e-01  3.74895284e-01 -1.10776513e-03
  4.68619113e-01  1.18194658e+00  4.34330981e-01 -1.61496777e-04]","[ 0.          0.93565887 12.92898464 -1.07025659 -1.07617044  4.28770208
  1.47875702 -0.61954618]"
1746810081.5125802,"[ 0.          0.24986898  0.55006374 -3.0997219  -2.20583188  0.34198028
  1.04139372  1.5709448 ]","[ 0.00000000e+00  5.12339064e-01  3.73975794e-01 -1.48996594e-03
  4.66795181e-01  1.17850511e+00  4.33606867e-01 -1.61374851e-04]","[ 0.          0.95626241 12.85479641 -1.04177868 -0.99904048  4.35461235
  1.59115875 -0.59999591]"
1746810081.5136669,"[ 0.          0.25037271  0.55043112 -3.09972323 -2.20537169  0.34314375
  1.04181996  1.5709448 ]","[ 0.00000000e+00  5.11024427e-01  3.72734528e-01 -1.62210710e-03
  4.66728435e-01  1.18005587e+00  4.32155977e-01 -1.61376444e-04]","[ 0.          0.86662102 12.80238152 -0.99564618 -0.98278248  4.21205854
  1.62198126 -0.61602795]"
1746810081.5160127,"[ 0.          0.25137466  0.55118646 -3.09972643 -2.20441109  0.34546303
  1.04269228  1.5709448 ]","[ 0.00000000e+00  5.07243072e-01  3.67877322e-01 -1.68922006e-03
  4.69187798e-01  1.17519413e+00  4.25403532e-01 -1.43072445e-04]","[ 0.          0.89338481 12.62556362 -0.96953106 -0.93724436  4.38609648
  1.76412976 -0.58947235]"
1746810081.517136,"[ 0.          0.25240141  0.55190741 -3.09972963 -2.2034859   0.34786317
  1.04353417  1.5709448 ]","[ 0.00000000e+00  4.99140138e-01  3.65341427e-01 -1.70204030e-03
  4.69094887e-01  1.17114267e+00  4.28374588e-01 -1.43072445e-04]","[ 0.          0.85598606 12.50570679 -0.91722137 -1.00470102  4.16883516
  1.76849926 -0.57541287]"
1746810081.5188878,"[ 0.          0.25288998  0.55226604 -3.09973096 -2.20302491  0.34901901
  1.04398984  1.5709448 ]","[ 0.00000000e+00  4.95628860e-01  3.63821294e-01 -1.64885159e-03
  4.67065026e-01  1.17222311e+00  4.29064846e-01 -1.32574732e-04]","[ 0.          0.96710044 12.37292767 -0.86598027 -1.06235921  4.1733737
  1.77481759 -0.57149178]"
1746810081.5200186,"[ 0.          0.25385887  0.55300533 -3.09973335 -2.20206431  0.35141439
  1.04482228  1.5709448 ]","[ 0.00000000e+00  4.90497015e-01  3.58959560e-01 -1.51603098e-03
  4.68349035e-01  1.16908258e+00  4.20385504e-01 -1.32474482e-04]","[ 0.          1.02981555 12.27429581 -0.83268017 -1.01598763  4.38105106
  1.75013959 -0.54224187]"
1746810081.5218425,"[ 0.          0.25437729  0.55335797 -3.09973415 -2.20160225  0.35256072
  1.04523227  1.5709448 ]","[ 0.00000000e+00  4.88246178e-01  3.57609071e-01 -1.40964289e-03
  4.68619113e-01  1.16249951e+00  4.15950109e-01 -1.21876526e-04]","[ 0.          1.03760087 12.29325676 -0.80764955 -0.98914433  4.44890642
  1.7528497  -0.57400554]"
1746810081.5235078,"[ 0.          0.25533195  0.55407982 -3.09973602 -2.20064404  0.35483908
  1.04607609  1.5709448 ]","[ 0.00000000e+00  4.82934303e-01  3.51577378e-01 -1.26691501e-03
  4.67432409e-01  1.15115538e+00  4.09197664e-01 -1.21876526e-04]","[ 0.          1.12637889 12.39451027 -0.72834384 -0.91170895  4.54791784
  1.76732457 -0.57540196]"
1746810081.524672,"[ 0.          0.255804    0.55442423 -3.09973655 -2.20018305  0.35605675
  1.04648036  1.5709448 ]","[ 0.00000000e+00  4.78612725e-01  3.48882192e-01 -1.14355838e-03
  4.67538735e-01  1.14651335e+00  4.09592544e-01 -1.21876526e-04]","[ 0.          1.20142353 12.33637238 -0.67850226 -0.86865807  4.22598267
  1.81789005 -0.54693949]"
1746810081.5263848,"[ 0.          0.25678024  0.5551084  -3.09973735 -2.1992592   0.3582971
  1.04731087  1.5709448 ]","[ 0.00000000e+00  4.74889925e-01  3.45454671e-01 -9.04208924e-04
  4.68349035e-01  1.13359915e+00  4.04359533e-01 -1.14014268e-04]","[ 0.          1.33147454 12.30650711 -0.60670537 -0.83735108  3.88466692
  1.86615968 -0.56485677]"
1746810081.5281055,"[ 0.          0.25724585  0.55547302 -3.09973841 -2.19876119  0.35941107
  1.04771041  1.5709448 ]","[ 0.00000000e+00  4.72130391e-01  3.43302037e-01 -8.71090474e-04
  4.68937028e-01  1.12981773e+00  4.05146197e-01 -1.13928053e-04]","[ 0.          1.35960448 12.35035229 -0.60670537 -0.78098732  4.18998528
  1.8055135  -0.56703043]"
1746810081.5298684,"[ 0.          0.25827857  0.55614344 -3.09973975 -2.1978392   0.36170941
  1.04851901  1.5709448 ]","[ 0.00000000e+00  4.68575937e-01  3.38702226e-01 -7.44642597e-04
  4.67268624e-01  1.11692270e+00  4.11898642e-01 -1.05979589e-04]","[ 0.          1.44223166 12.25828457 -0.57713747 -0.77601051  4.35488367
  1.74518812 -0.54080027]"
1746810081.5315812,"[ 0.          0.25919924  0.55680467 -3.09974108 -2.19691988  0.36389932
  1.0493619   1.5709448 ]","[ 0.00000000e+00  4.66404229e-01  3.34920870e-01 -6.86245638e-04
  4.65918135e-01  1.10848002e+00  4.10671857e-01 -1.05980645e-04]","[ 0.          1.56818652 12.22922421 -0.51395237 -0.81156635  4.32012177
  1.75665486 -0.55598593]"
1746810081.5338752,"[ 0.          0.26004783  0.55748427 -3.09974241 -2.19596354  0.36616438
  1.05016957  1.57094387]","[ 0.00000000e+00  4.65107868e-01  3.30599325e-01 -6.49199611e-04
  4.66458357e-01  1.10538735e+00  4.09197664e-01 -1.05979589e-04]","[ 0.          1.6761539  12.2346468  -0.48532355 -0.87440699  4.05699587
  1.78119576 -0.58148897]"
1746810081.5355577,"[ 0.          0.26106311  0.55813308 -3.09974427 -2.1950088   0.36833812
  1.05100194  1.57094387]","[ 0.00000000e+00  4.61056401e-01  3.28105741e-01 -6.88786890e-04
  4.66178559e-01  1.10091731e+00  4.03987989e-01 -9.53816248e-05]","[ 0.          1.82630229 12.34990215 -0.41027379 -0.99673283  3.95933986
  1.843261   -0.57513928]"
1746810081.5372987,"[ 0.          0.26144699  0.55847796 -3.09974534 -2.1945502   0.36942452
  1.05139483  1.57094387]","[ 0.00000000e+00  4.59594592e-01  3.24745164e-01 -7.14367280e-04
  4.65107868e-01  1.10061131e+00  3.97990117e-01 -9.53816248e-05]","[ 0.          1.88900495 12.31814003 -0.3823486  -1.07843626  4.08016872
  1.79444253 -0.53673238]"
1746810081.5390623,"[ 0.          0.2624246   0.55911116 -3.09974614 -2.19363487  0.37167056
  1.05216821  1.57094387]","[ 0.00000000e+00  4.60085646e-01  3.19795413e-01 -6.83153745e-04
  4.64837757e-01  1.09713595e+00  3.91244530e-01 -8.48486716e-05]","[ 0.          1.97221565 12.46803093 -0.36617404 -1.09647155  4.31893301
  1.73446536 -0.53873283]"
1746810081.5402205,"[ 0.          0.2633618   0.55976184 -3.099748   -2.19268812  0.37383192
  1.05296256  1.57094387]","[ 0.00000000e+00  4.56734823e-01  3.16773158e-01 -7.12075180e-04
  4.61056401e-01  1.09605557e+00  3.85969307e-01 -8.47836692e-05]","[ 0.          2.01846695 12.63158989 -0.32923591 -1.1559093   4.10945415
  1.74349153 -0.51230884]"
1746810081.5419638,"[ 0.          0.26381272  0.56007503 -3.0997488  -2.19223485  0.37499442
  1.0533412   1.57094387]","[ 0.00000000e+00  4.57275012e-01  3.17957100e-01 -7.17707025e-04
  4.59705912e-01  1.09460435e+00  3.84078596e-01 -8.48478263e-05]","[ 0.          2.05621386 12.73107243 -0.30655757 -1.13158679  3.87099504
  1.82160437 -0.52157956]"
1746810081.5437,"[ 0.          0.26475223  0.5607004  -3.0997504  -2.19133017  0.37715291
  1.05412983  1.57094387]","[ 0.00000000e+00  4.58625501e-01  3.16554246e-01 -7.37513440e-04
  4.58895612e-01  1.09416486e+00  3.84177266e-01 -7.41849740e-05]","[ 0.          2.13226438 12.82955551 -0.25660679 -1.15864813  3.80570459
  1.78366625 -0.53345555]"
1746810081.5448759,"[ 0.          0.26520361  0.56103656 -3.0997512  -2.19084308  0.37822886
  1.05451132  1.57094387]","[ 0.00000000e+00  4.57815235e-01  3.16469791e-01 -7.38335210e-04
  4.58224030e-01  1.09119377e+00  3.86387690e-01 -7.41864532e-05]","[ 0.          2.09626317 12.82910252 -0.24892439 -1.18273711  4.06581593
  1.66971576 -0.51399851]"
1746810081.546595,"[ 0.          0.26613899  0.56165555 -3.09975253 -2.18994453  0.3804511
  1.0552676   1.57094387]","[ 0.00000000e+00  4.56147829e-01  3.13313079e-01 -7.55112084e-04
  4.54303957e-01  1.08363106e+00  3.80297240e-01 -6.62873661e-05]","[ 0.          2.01809025 12.95458126 -0.23329234 -1.2910893   4.39756584
  1.56908083 -0.53210419]"
1746810081.5489511,"[ 0.          0.26703946  0.56229244 -3.09975386 -2.1890513   0.38257824
  1.05603152  1.57094387]","[ 0.00000000e+00  4.57004935e-01  3.11692479e-01 -7.32400834e-04
  4.53223579e-01  1.07768895e+00  3.71384039e-01 -6.62372408e-05]","[ 0.          2.00636196 13.11755657 -0.22191611 -1.31100893  4.25196457
  1.51952243 -0.50330973]"
1746810081.5500357,"[ 0.          0.26748946  0.56259964 -3.09975439 -2.1885714   0.38371597
  1.05639584  1.57094387]","[ 0.00000000e+00  4.56464746e-01  3.11376695e-01 -7.32435619e-04
  4.51884774e-01  1.07128285e+00  3.69493361e-01 -6.62873661e-05]","[ 0.          2.02228451 13.22933102 -0.23391433 -1.27764833  4.17040253
  1.58147311 -0.52542418]"
1746810081.5517733,"[ 0.          0.26797299  0.56321496 -3.09975679 -2.1876867   0.38580599
  1.05715591  1.57094387]","[ 0.00000000e+00  4.55395520e-01  3.11962590e-01 -7.73738347e-04
  4.47551512e-01  1.05554097e+00  3.71384039e-01 -5.82887721e-05]","[ 0.          1.91060734 13.44077778 -0.27029911 -1.16742313  4.10334826
  1.63348246 -0.52834737]"
1746810081.554139,"[ 0.          0.26887299  0.56385186 -3.09975892 -2.1867751   0.38794357
  1.05788368  1.57094387]","[ 0.00000000e+00  4.55924523e-01  3.10071912e-01 -8.08298064e-04
  4.45364790e-01  1.03717834e+00  3.67602650e-01 -5.82887721e-05]","[ 0.          1.86142993 13.50319481 -0.33070907 -0.95255691  4.29372072
  1.55069637 -0.49850145]"
1746810081.555316,"[ 0.          0.26980836  0.56445932 -3.09976185 -2.18589706  0.38995939
  1.05864095  1.57094387]","[ 0.00000000e+00  4.56734823e-01  3.07911123e-01 -8.74340298e-04
  4.45842927e-01  1.01772728e+00  3.71384039e-01 -5.82887721e-05]","[ 0.          1.7784133  13.51923943 -0.37808177 -0.88132554  4.41593885
  1.53065372 -0.49128076]"
1746810081.557009,"[ 0.          0.27025745  0.56478676 -3.09976398 -2.18545897  0.39095638
  1.059011    1.57094387]","[ 0.00000000e+00  4.55384334e-01  3.08445220e-01 -9.53646322e-04
  4.43860171e-01  1.01022036e+00  3.75435506e-01 -4.76912879e-05]","[ 0.          1.83986759 13.48105431 -0.39249951 -0.86355847  4.13330698
  1.53506315 -0.50130361]"
1746810081.5593357,"[ 0.          0.27118778  0.56539656 -3.09976771 -2.18455482  0.39300358
  1.05979104  1.57094387]","[ 0.00000000e+00  4.53640130e-01  3.09261612e-01 -1.09805136e-03
  4.40528989e-01  9.95579297e-01  3.79663441e-01 -4.77269018e-05]","[ 0.          1.68578184 13.48972416 -0.4538807  -0.8619774   3.98256993
  1.61828709 -0.51674205]"
1746810081.5610635,"[ 0.          0.27207999  0.56603205 -3.09977197 -2.1836885   0.39495282
  1.06052834  1.57094387]","[ 0.00000000e+00  4.52143167e-01  3.09658224e-01 -1.37782254e-03
  4.38638311e-01  9.85045497e-01  3.71384039e-01 -4.76908124e-05]","[ 0.          1.60388184 13.57638741 -0.46252686 -0.83517152  4.01219082
  1.63408661 -0.50240868]"
1746810081.562786,"[ 0.          0.27300387  0.56663912 -3.09977703 -2.18279154  0.39696577
  1.06125511  1.57094387]","[ 0.00000000e+00  4.50630925e-01  3.07911123e-01 -1.91236227e-03
  4.36574927e-01  9.79832825e-01  3.67230207e-01 -3.71205547e-05]","[ 0.          1.53346586 13.73197269 -0.53078359 -0.76084399  4.21718168
  1.63536942 -0.49771461]"
1746810081.5638838,"[ 0.          0.27344607  0.56694126 -3.09978023 -2.18236038  0.3979285
  1.06164706  1.57094387]","[ 0.00000000e+00  4.48361812e-01  3.06290523e-01 -2.13544337e-03
  4.37287822e-01  9.76402407e-01  3.69131171e-01 -3.71212943e-05]","[ 0.          1.43172836 13.86087227 -0.52740073 -0.82388538  4.21345282
  1.67528796 -0.49795687]"
1746810081.5662382,"[ 0.          0.27432542  0.56756896 -3.09978529 -2.18150044  0.39992147
  1.06237098  1.57094387]","[ 0.00000000e+00  4.45209295e-01  3.06940601e-01 -2.49140514e-03
  4.35397144e-01  9.71978564e-01  3.64631594e-01 -3.71209245e-05]","[ 0.          1.4004066  13.95464516 -0.54787946 -0.90754664  4.15309095
  1.73193216 -0.50778288]"
1746810081.5679367,"[ 0.          0.2752337   0.5681751  -3.09979061 -2.18060988  0.40184025
  1.06311493  1.57094387]","[ 0.00000000e+00  4.43107861e-01  3.07370934e-01 -2.63244917e-03
  4.33776544e-01  9.72620985e-01  3.63821294e-01 -3.71209245e-05]","[ 0.          1.30588794 14.01032257 -0.57230026 -1.0163933   4.01746321
  1.64816988 -0.51199663]"
1746810081.5707262,"[ 0.          0.27609973  0.56880008 -3.09979567 -2.17975687  0.40383419
  1.06383598  1.57094387]","[ 0.00000000e+00  4.38098122e-01  3.04934442e-01 -2.57739612e-03
  4.31615755e-01  9.72817925e-01  3.67230207e-01 -2.65152094e-05]","[ 0.          1.24926281 14.01745987 -0.57525879 -1.14769304  4.00960112
  1.52537763 -0.47928751]"
1746810081.5714123,"[ 0.          0.27656259  0.56909995 -3.09979567 -2.17930174  0.40479503
  1.06422986  1.57094387]","[ 0.00000000e+00  4.35425573e-01  3.04129767e-01 -2.57739612e-03
  4.28563306e-01  9.74511696e-01  3.70886561e-01 -2.65152094e-05]","[ 0.          1.22956944 14.02247524 -0.57525879 -1.14947248  4.14691401
  1.49591506 -0.47607946]"
1746810081.57317,"[ 0.          0.27742127  0.56972306 -3.09979993 -2.17845778  0.4067157
  1.0649633   1.57094387]","[ 0.00000000e+00  4.36477522e-01  3.04146512e-01 -2.41347595e-03
  4.27564288e-01  9.74511696e-01  3.72464417e-01 -2.64948971e-05]","[ 0.          1.16289985 14.06028843 -0.60244614 -1.21579039  4.28710175
  1.48149014 -0.51407099]"
1746810081.5748236,"[ 0.          0.27831119  0.57033193 -3.09980393 -2.17757894  0.40874579
  1.06574054  1.5709448 ]","[ 0.00000000e+00  4.33578671e-01  3.10071912e-01 -2.22226411e-03
  4.29412788e-01  9.98550387e-01  3.81669600e-01 -1.85604623e-05]","[ 0.          1.1459111  14.08737469 -0.6079179  -1.25116599  4.37417364
  1.48730683 -0.52589852]"
1746810081.5772438,"[ 0.          0.27916298  0.57097155 -3.09980712 -2.17673179  0.41075591
  1.06651013  1.5709448 ]","[ 0.00000000e+00  4.30368996e-01  3.12457505e-01 -1.88689944e-03
  4.29725077e-01  1.02560031e+00  3.91244530e-01 -1.85464284e-05]","[ 0.          1.10330069 14.06599712 -0.6263116  -1.39364779  4.36960554
  1.35636675 -0.51564765]"
1746810081.579009,"[ 0.          0.28004554  0.57159333 -3.09981059 -2.17584922  0.41290775
  1.06732918  1.5709448 ]","[ 0.00000000e+00  4.30569432e-01  3.15743946e-01 -1.84967955e-03
  4.32966244e-01  1.05824188e+00  4.01229520e-01 -1.06059783e-05]","[ 0.          1.1030072  14.01795578 -0.60583514 -1.50560176  4.1958127
  1.33106112 -0.50946206]"
1746810081.5808792,"[ 0.          0.28089275  0.57224261 -3.09981272 -2.17499461  0.41503581
  1.06814165  1.5709448 ]","[ 0.00000000e+00  4.28914777e-01  3.16971330e-01 -1.47219389e-03
  4.33067211e-01  1.08226333e+00  4.14869731e-01 -1.05979587e-05]","[ 0.          1.08266377 13.88833618 -0.59419978 -1.6600306   4.28261709
  1.37255657 -0.50429565]"
1746810081.5820553,"[ 0.          0.28131383  0.5725576  -3.09981378 -2.17453548  0.41636956
  1.06855451  1.5709448 ]","[ 0.00000000e+00  4.27024099e-01  3.19201561e-01 -1.39649887e-03
  4.32732318e-01  1.09951449e+00  4.18651087e-01 -1.06058726e-05]","[ 0.          1.18071198 13.75389862 -0.61088723 -1.70858681  4.45204735
  1.34146202 -0.50974607]"
1746810081.5838711,"[ 0.          0.28218812  0.5731899  -3.09981565 -2.17368273  0.41856706
  1.0694221   1.5709448 ]","[ 0.00000000e+00  4.25905338e-01  3.20875791e-01 -1.22110838e-03
  4.32696166e-01  1.11932328e+00  4.23798711e-01 -1.05820616e-05]","[ 0.          1.15566158 13.57408524 -0.53894651 -1.79467392  4.49687529
  1.31346679 -0.50582737]"
1746810081.5855982,"[ 0.          0.28302981  0.57385436 -3.09981698 -2.17279137  0.42071038
  1.07026872  1.5709448 ]","[ 0.00000000e+00  4.27024099e-01  3.24328213e-01 -9.05965466e-04
  4.35334060e-01  1.13433112e+00  4.30265266e-01 -1.06059783e-05]","[ 0.          1.15005076 13.43864727 -0.54558754 -1.91524732  4.37117338
  1.26416612 -0.46792129]"
1746810081.5874364,"[ 0.          0.28389677  0.57449678 -3.09981884 -2.17193597  0.42315236
  1.07115728  1.5709448 ]","[ 0.00000000e+00  4.22795632e-01  3.26547858e-01 -9.27353653e-04
  4.33506433e-01  1.15385635e+00  4.32797399e-01 -1.05819570e-05]","[ 0.          1.13946033 13.31308174 -0.50611138 -2.04243493  4.37003994
  1.39031243 -0.45785439]"
1746810081.5891836,"[ 0.          0.28431235  0.57481822 -3.09981964 -2.17151013  0.4243862
  1.07158345  1.5709448 ]","[ 0.00000000e+00  4.21352065e-01  3.26007669e-01 -9.06931707e-04
  4.31885866e-01  1.16181028e+00  4.32155977e-01 -1.05820616e-05]","[ 0.          1.08245683 13.31056595 -0.49715036 -2.14095712  4.24228668
  1.45372784 -0.47985935]"
1746810081.5909116,"[ 0.          0.28514163  0.57548588 -3.09982097 -2.17062676  0.42669217
  1.07247961  1.5709448 ]","[ 0.00000000e+00  4.20541765e-01  3.26547858e-01 -7.96558699e-04
  4.30265266e-01  1.17103534e+00  4.38844806e-01 -1.05899522e-05]","[ 0.          1.19848287 13.30091476 -0.4478384  -2.24071741  4.38842726
  1.42332959 -0.51367849]"
1746810081.59211,"[ 0.          0.28558844  0.57580912 -3.0998215  -2.17020198  0.42785847
  1.0729143   1.5709448 ]","[ 0.00000000e+00  4.20789472e-01  3.27566118e-01 -7.67056518e-04
  4.30805488e-01  1.18275684e+00  4.40799067e-01 -1.05819570e-05]","[ 0.          1.26865017 13.17043591 -0.40555999 -2.25087047  4.4243412
  1.33199453 -0.53070968]"
1746810081.59398,"[ 0.          0.28641588  0.57645567 -3.09982284 -2.16935749  0.43030335
  1.07378003  1.5709448 ]","[ 0.00000000e+00  4.19731465e-01  3.27898347e-01 -7.60652448e-04
  4.27457628e-01  1.19767015e+00  4.38098122e-01 -1.05899522e-05]","[ 0.          1.40798819 13.08236027 -0.34026015 -2.24846458  4.18341112
  1.22589672 -0.51427656]"
1746810081.5957594,"[ 0.          0.28727182  0.57712565 -3.09982337 -2.16848131  0.43268159
  1.07468563  1.5709448 ]","[ 0.00000000e+00  4.17780267e-01  3.26817936e-01 -6.38265111e-04
  4.27294210e-01  1.20895636e+00  4.43358631e-01 -1.05820616e-05]","[ 0.          1.56584179 12.94752502 -0.2471842  -2.15401983  4.15587664
  1.26836312 -0.50658733]"
1746810081.5979614,"[ 0.          0.28809561  0.57776348 -3.0998239  -2.16763922  0.43517783
  1.07556468  1.5709448 ]","[ 0.00000000e+00  4.17840787e-01  3.23306691e-01 -5.01536919e-04
  4.27024099e-01  1.22327151e+00  4.45660834e-01  0.00000000e+00]","[ 0.          1.64156556 12.86259651 -0.17408966 -2.15260744  4.16140223
  1.3310039  -0.52315015]"
1746810081.6001742,"[ 0.          0.28894832  0.578427   -3.09982417 -2.1667681   0.43638884
  1.07653973  1.5709448 ]","[ 0.00000000e+00  4.16024877e-01  3.23576769e-01 -3.98955543e-04
  4.24432843e-01  1.22813325e+00  4.40799067e-01  0.00000000e+00]","[ 0.          1.77302969 12.73097134 -0.11695006 -2.14025021  4.37230825
  1.44603717 -0.49035063]"
1746810081.6025426,"[ 0.          0.28976934  0.57908913 -3.0998247  -2.16593533  0.43882989
  1.07740925  1.5709448 ]","[ 0.00000000e+00  4.17300598e-01  3.22989775e-01 -3.16728754e-04
  4.21892254e-01  1.24082774e+00  4.40799067e-01  0.00000000e+00]","[ 0.          1.87271023 12.74417591 -0.0885504  -2.13360262  4.34387398
  1.56407583 -0.46273541]"
1746810081.603706,"[ 0.          0.29059865  0.57972237 -3.0998247  -2.16507247  0.44138223
  1.07829681  1.5709448 ]","[ 0.00000000e+00  4.21892254e-01  3.19525302e-01 -1.86160649e-04
  4.20811876e-01  1.24712571e+00  4.30908619e-01  0.00000000e+00]","[ 0.          2.01952958 12.72100544 -0.04235514 -2.08888721  4.47683144
  1.64697373 -0.47064322]"
1746810081.6055,"[ 0.          0.29146514  0.58034821 -3.0998255  -2.16424076  0.44393937
  1.07913491  1.5709448 ]","[ 0.00000000e+00  4.22432443e-01  3.17094435e-01 -2.40466021e-04
  4.20655316e-01  1.24957929e+00  4.23512854e-01  0.00000000e+00]","[ 0.00000000e+00  2.05913353e+00  1.27966261e+01 -4.81798500e-03
 -1.99532592e+00  4.51177120e+00  1.64471281e+00 -5.17407477e-01]"
1746810081.6073227,"[ 0.          0.29188209  0.5806853  -3.0998255  -2.16379548  0.44517131
  1.07958678  1.5709448 ]","[ 0.00000000e+00  4.22972632e-01  3.17472870e-01 -2.20789351e-04
  4.19284853e-01  1.24947089e+00  4.25554067e-01  0.00000000e+00]","[ 0.          2.083529   12.89079857 -0.03927844 -2.05220079  4.3960681
  1.62096548 -0.47693938]"
1746810081.6085596,"[ 0.          0.29274948  0.58131021 -3.09982656 -2.16296884  0.44763613
  1.08042581  1.5709448 ]","[ 0.00000000e+00  4.24151613e-01  3.17094435e-01 -2.66627190e-04
  4.19191276e-01  1.24712571e+00  4.26483910e-01  0.00000000e+00]","[ 0.          2.07516909 13.02754021 -0.03584256 -2.04303455  4.51640987
  1.6418258  -0.48868558]"
1746810081.6108904,"[ 0.          0.29358844  0.58195543 -3.0998279  -2.16214219  0.45018371
  1.08129627  1.5709448 ]","[ 0.00000000e+00  4.25133421e-01  3.14714401e-01 -3.22600387e-04
  4.19731465e-01  1.24038006e+00  4.24151613e-01  0.00000000e+00]","[ 0.          2.11240816 13.1300602  -0.11677105 -1.97627103  4.66710091
  1.63044512 -0.48818141]"
1746810081.6127226,"[ 0.          0.29446179  0.58257075 -3.09982976 -2.16128998  0.45261242
  1.0821325   1.5709448 ]","[ 0.00000000e+00  4.26807917e-01  3.11692479e-01 -3.99299459e-04
  4.14719196e-01  1.23110427e+00  4.22702554e-01  0.00000000e+00]","[ 0.          2.1057055  13.31676388 -0.17104028 -1.95447612  4.84642601
  1.50545335 -0.49036953]"
1746810081.6145005,"[ 0.          0.29488244  0.58290318 -3.09983056 -2.16088145  0.45391474
  1.08254722  1.5709448 ]","[ 0.00000000e+00  4.26321624e-01  3.12959045e-01 -4.23146876e-04
  4.14329542e-01  1.22625772e+00  4.20541765e-01  0.00000000e+00]","[ 0.          2.08233786 13.35463047 -0.19963086 -1.94396222  4.54655457
  1.54440558 -0.51741028]"
1746810081.6156678,"[ 0.          0.29573146  0.58352216 -3.09983296 -2.16006546  0.45632157
  1.0834015   1.5709448 ]","[ 0.00000000e+00  4.31783601e-01  3.14933646e-01 -5.03512411e-04
  4.14059431e-01  1.21759938e+00  4.17278727e-01  0.00000000e+00]","[ 0.          2.05567837 13.54071617 -0.25365278 -1.95399427  4.36964273
  1.4898783  -0.48502326]"
1746810081.6173306,"[ 0.          0.29661632  0.58414668 -3.09983562 -2.15921964  0.45881399
  1.08422534  1.5709448 ]","[ 0.00000000e+00  4.32155977e-01  3.16284135e-01 -5.80897201e-04
  4.11628564e-01  1.21647779e+00  4.19731465e-01  0.00000000e+00]","[ 0.          1.95106709 13.72791767 -0.30345747 -2.04396868  4.49416351
  1.43867338 -0.48559701]"
1746810081.619182,"[ 0.          0.297042    0.5844823  -3.09983748 -2.15881537  0.46001451
  1.08463727  1.5709448 ]","[ 0.00000000e+00  4.31615755e-01  3.15968251e-01 -6.39371012e-04
  4.09592544e-01  1.21759938e+00  4.17840787e-01  0.00000000e+00]","[ 0.          1.95679724 13.79603863 -0.31759176 -2.07187939  4.71083307
  1.32146227 -0.48900747]"
1746810081.6209319,"[ 0.          0.29792823  0.58510681 -3.09984174 -2.1579802   0.46240895
  1.08550393  1.5709448 ]","[ 0.00000000e+00  4.33327901e-01  3.16554246e-01 -7.64130552e-04
  4.07749504e-01  1.21381809e+00  4.25242344e-01  0.00000000e+00]","[ 0.          1.83763468 13.95773888 -0.39418137 -2.10802722  4.68673754
  1.32253182 -0.51000124]"
1746810081.622622,"[ 0.          0.29878417  0.58575702 -3.0998468  -2.15717992  0.46490327
  1.08634389  1.5709448 ]","[ 0.00000000e+00  4.34416335e-01  3.18677418e-01 -1.15626080e-03
  4.04606008e-01  1.21949009e+00  4.24972500e-01  0.00000000e+00]","[ 0.          1.66314638 14.08843136 -0.48618191 -2.00026751  4.46118069
  1.41716933 -0.49323258]"
1746810081.6238246,"[ 0.          0.29921074  0.58607247 -3.09984947 -2.15678178  0.46610955
  1.08675868  1.5709448 ]","[ 0.          0.43269617  0.31979541 -0.00151707  0.40379574  1.22354156
  0.42081188  0.        ]","[ 0.          1.50325191 14.19002914 -0.56551272 -1.94373357  4.42706394
  1.54740095 -0.48792058]"
1746810081.6255808,"[ 0.          0.30009837  0.58670437 -3.09985639 -2.15596392  0.46861908
  1.08760723  1.5709448 ]","[ 0.          0.43269617  0.3203356  -0.00260766  0.39758349  1.2272608
  0.41297905  0.        ]","[ 0.          1.3254559  14.21410084 -0.63365018 -1.87657773  4.61718225
  1.62748671 -0.47082824]"
1746810081.6273072,"[ 0.          0.30052588  0.58704739 -3.09986012 -2.15556951  0.46983105
  1.08801342  1.5709448 ]","[ 0.          0.43350643  0.32298977 -0.00302782  0.40001435  1.22796813
  0.41189864  0.        ]","[ 0.          1.34838009 14.07296944 -0.64569503 -1.80549645  4.50056601
  1.64188576 -0.47150716]"
1746810081.6285162,"[ 0.          0.30141071  0.58768515 -3.09986971 -2.15478281  0.47225689
  1.08841869  1.5709448 ]","[ 0.          0.43182328  0.32324893 -0.0042388   0.39920409  1.23110427
  0.41067186  0.        ]","[ 0.          1.26296401 13.97459888 -0.71254605 -1.70015442  4.64889383
  1.71076763 -0.46773452]"
1746810081.6302097,"[ 0.          0.3022584   0.58834914 -3.09988116 -2.15396868  0.4747826
  1.08926345  1.5709448 ]","[ 0.          0.42891478  0.32474516 -0.00558201  0.396233    1.23488569
  0.41108834  0.        ]","[ 0.          1.13164413 13.84931278 -0.7101441  -1.59905303  4.51890373
  1.69285405 -0.44964969]"
1746810081.6320374,"[ 0.          0.30267948  0.58867059 -3.09988862 -2.1535788   0.47600313
  1.08967064  1.5709448 ]","[ 0.          0.4270241   0.32600767 -0.00623013  0.3954227   1.23785672
  0.41297905  0.        ]","[ 0.          1.04396987 13.91337109 -0.76073772 -1.52425063  4.6523962
  1.56177199 -0.46730164]"
1746810081.6332147,"[ 0.          0.30355286  0.58936581 -3.0999038  -2.15277026  0.47853646
  1.09053058  1.5709448 ]","[ 0.          0.42590534  0.32809768 -0.00769778  0.39470957  1.23512551
  0.42319411  0.        ]","[ 0.          0.96723276 13.93569851 -0.79855347 -1.38297081  4.74987125
  1.54052579 -0.47948238]"
1746810081.6350088,"[ 0.          0.30397394  0.58963858 -3.09991232 -2.15238144  0.47975509
  1.09095489  1.5709448 ]","[ 0.00000000e+00  4.27024099e-01  3.26987646e-01 -8.37302164e-03
  3.94342319e-01  1.23596600e+00  4.29829340e-01  1.05820616e-05]","[ 0.          0.96285021 13.90130234 -0.79473484 -1.30766559  4.92290115
  1.53997207 -0.48497343]"
1746810081.6367822,"[ 0.          0.30480827  0.59031036 -3.09993362 -2.1515737   0.48218376
  1.09180344  1.5709448 ]","[ 0.00000000e+00  4.21081954e-01  3.27871782e-01 -1.08038994e-02
  3.93455719e-01  1.23002396e+00  4.31345677e-01  1.05899522e-05]","[ 0.          0.84195763 13.89373779 -0.8322441  -1.29104316  4.95724297
  1.55412459 -0.46787283]"
1746810081.6379275,"[ 0.          0.30525505  0.5906336  -3.09994508 -2.15118515  0.48348514
  1.0922639   1.5709448 ]","[ 0.00000000e+00  4.20789472e-01  3.27898347e-01 -1.16024244e-02
  3.94072208e-01  1.22550551e+00  4.33578671e-01  1.05819570e-05]","[ 0.          0.78366691 13.97138119 -0.86297774 -1.36798537  4.68126392
  1.57951033 -0.4923141 ]"
1746810081.6396713,"[ 0.          0.30608206  0.59135545 -3.09997251 -2.15040964  0.48590526
  1.09312197  1.5709448 ]","[ 0.00000000e+00  4.18651087e-01  3.29789025e-01 -1.43151660e-02
  3.93532019e-01  1.22732298e+00  4.37017711e-01  1.05819570e-05]","[ 0.          0.74707538 13.91118336 -0.87719083 -1.52013421  4.64461946
  1.57226419 -0.46926099]"
1746810081.6414042,"[ 0.          0.30649306  0.59168196 -3.09999035 -2.15002348  0.48711437
  1.093551    1.5709448 ]","[ 0.00000000e+00  4.17183519e-01  3.31139514e-01 -1.68014870e-02
  3.91641341e-01  1.22500017e+00  4.34686147e-01  1.05740785e-05]","[ 0.          0.71543217 13.80751991 -0.90138203 -1.5748266   4.85603428
  1.51398766 -0.4644523 ]"
1746810081.642551,"[ 0.          0.30733888  0.59236432 -3.1000303  -2.14922213  0.48961917
  1.09444143  1.5709448 ]","[ 0.00000000e+00  4.11088342e-01  3.33020505e-01 -2.07764328e-02
  3.91101152e-01  1.22354156e+00  4.35937333e-01  1.05819570e-05]","[ 0.          0.69931227 13.85416317 -0.89819366 -1.7937814   4.85436296
  1.49701655 -0.45660383]"
1746810081.6448867,"[ 0.          0.30814705  0.59302419 -3.10008196 -2.14842638  0.49204308
  1.09531089  1.5709448 ]","[ 0.00000000e+00  4.08927586e-01  3.33840492e-01 -2.65564515e-02
  3.87437275e-01  1.23110427e+00  4.43770156e-01  1.05820616e-05]","[ 0.          0.67926788 13.81926441 -0.88175768 -1.95936704  4.82892847
  1.65161562 -0.46270752]"
1746810081.6460955,"[ 0.          0.30858097  0.59335249 -3.10011072 -2.14804715  0.49335112
  1.09575137  1.5709448 ]","[ 0.00000000e+00  4.08501814e-01  3.33030192e-01 -2.91705272e-02
  3.84618818e-01  1.23177472e+00  4.46288574e-01  1.05819570e-05]","[ 0.          0.75296021 13.91908264 -0.88132912 -2.0538075   4.75977421
  1.70090139 -0.46640563]"
1746810081.6478937,"[ 0.          0.30938455  0.59403805 -3.10017677 -2.14728974  0.49578838
  1.09666557  1.5709448 ]","[ 0.00000000e+00  4.07036909e-01  3.35461059e-01 -3.48425735e-02
  3.83268329e-01  1.23596600e+00  4.45660834e-01  1.05819570e-05]","[ 0.          0.79064029 13.95624924 -0.85906959 -2.05768394  4.95129299
  1.66920877 -0.45684111]"
1746810081.6490119,"[ 0.          0.30981299  0.59436915 -3.10021645 -2.14688334  0.49701081
  1.09710319  1.5709448 ]","[ 0.00000000e+00  4.03486449e-01  3.35731170e-01 -3.73644996e-02
  3.82672680e-01  1.23974743e+00  4.43770156e-01  1.05899522e-05]","[ 0.          0.77898079 13.91582012 -0.82911962 -2.04372549  4.79806137
  1.5550952  -0.46215755]"
1746810081.6507812,"[ 0.          0.31060325  0.59470112 -3.10029395 -2.14613207  0.49955935
  1.09801073  1.5709448 ]","[ 0.00000000e+00  3.99474164e-01  3.36541470e-01 -3.99744266e-02
  3.80567351e-01  1.24568961e+00  4.43358631e-01  1.05820616e-05]","[ 0.          0.81987703 13.9376173  -0.80882311 -2.0405488   4.59309912
  1.59399784 -0.46853259]"
1746810081.6524932,"[ 0.          0.3114206   0.59538901 -3.10038343 -2.14535948  0.50202421
  1.09887639  1.5709448 ]","[ 0.00000000e+00  3.97845707e-01  3.35461059e-01 -4.48875552e-02
  3.76403465e-01  1.25136161e+00  4.38908389e-01  1.05820616e-05]","[ 0.          0.9104718  13.91040897 -0.7322194  -2.06758642  4.49511957
  1.60076487 -0.4571116 ]"
1746810081.654214,"[ 0.          0.31181275  0.59571824 -3.10043084 -2.14498691  0.50335602
  1.09930922  1.5709448 ]","[ 0.00000000e+00  3.97583486e-01  3.33840492e-01 -4.80773522e-02
  3.77866373e-01  1.25291330e+00  4.38463707e-01  1.05819570e-05]","[ 0.          1.0211854  13.85686779 -0.66619253 -2.0767045   4.78997231
  1.59300041 -0.49031684]"
1746810081.6558888,"[ 0.          0.3125911   0.59640334 -3.10053816 -2.14424628  0.50582467
  1.10020538  1.5709448 ]","[ 0.00000000e+00  3.93532019e-01  3.35026664e-01 -5.61802737e-02
  3.75594763e-01  1.25136161e+00  4.35937333e-01  1.05819570e-05]","[ 0.          1.17821801 13.83169174 -0.57238454 -2.02916145  5.15890121
  1.46375751 -0.48015657]"
1746810081.6570148,"[ 0.          0.31339697  0.5970678  -3.10066093 -2.14342629  0.50838653
  1.10106724  1.5709448 ]","[ 0.00000000e+00  3.93133310e-01  3.37081659e-01 -6.10420282e-02
  3.70955969e-01  1.25133457e+00  4.36574927e-01  1.05819570e-05]","[ 0.          1.29889858 13.83923626 -0.48225859 -2.07595634  5.05104351
  1.4554708  -0.48854718]"
1746810081.658795,"[ 0.          0.31378406  0.5974007  -3.10072298 -2.14306251  0.50961562
  1.10150107  1.5709448 ]","[ 0.00000000e+00  3.92721719e-01  3.37621848e-01 -6.29327103e-02
  3.68953139e-01  1.24649987e+00  4.39988800e-01  1.05820616e-05]","[ 0.          1.27365518 13.88362598 -0.45046398 -2.12750101  4.93925667
  1.42525089 -0.48412931]"
1746810081.6606195,"[ 0.          0.31455551  0.59808859 -3.10086333 -2.14239432  0.51205953
  1.10240195  1.5709448 ]","[ 0.00000000e+00  3.90831041e-01  3.35461059e-01 -7.07655415e-02
  3.66903137e-01  1.23579303e+00  4.38908389e-01  1.05819570e-05]","[ 0.          1.42967963 13.93096924 -0.3226417  -2.1766839   4.89790154
  1.36989224 -0.49724922]"
1746810081.6623862,"[ 0.          0.31534943  0.59874845 -3.1010122  -2.14158845  0.5145624
  1.10326382  1.5709448 ]","[ 0.00000000e+00  3.87319796e-01  3.34041893e-01 -7.65151897e-02
  3.65341427e-01  1.21651907e+00  4.37017711e-01  1.05819570e-05]","[ 0.          1.55382931 13.97825718 -0.25180081 -2.24029636  5.0726428
  1.33900833 -0.46936062]"
1746810081.6641123,"[ 0.          0.31572873  0.59910385 -3.10109583 -2.14122999  0.5157582
  1.10372714  1.5709448 ]","[ 0.00000000e+00  3.84618818e-01  3.34525124e-01 -7.86672236e-02
  3.63920297e-01  1.21273765e+00  4.36337107e-01  1.05820616e-05]","[ 0.          1.72715664 13.97843361 -0.14951748 -2.24197578  4.98370361
  1.40312624 -0.47397584]"
1746810081.6652622,"[ 0.          0.31651533  0.59976465 -3.10125269 -2.14049096  0.51812884
  1.10458328  1.5709448 ]","[ 0.00000000e+00  3.83926496e-01  3.34920870e-01 -8.04890505e-02
  3.58689449e-01  1.19801769e+00  4.32797399e-01  1.05820616e-05]","[ 0.          1.88289142 14.06469822 -0.0240487  -2.30946398  4.82405043
  1.54982269 -0.48498821]"
1746810081.6670413,"[ 0.          0.31689413  0.60009388 -3.10133125 -2.14013969  0.51939694
  1.10500379  1.5709448 ]","[ 0.00000000e+00  3.84078596e-01  3.33840492e-01 -7.96787588e-02
  3.56258582e-01  1.19415944e+00  4.26483910e-01  1.05819570e-05]","[ 0.00000000e+00  1.95510256e+00  1.40814695e+01 -4.92187729e-03
 -2.35765815e+00  4.93151760e+00  1.53170609e+00 -4.84484404e-01]"
1746810081.6682007,"[ 0.          0.3176541   0.60077619 -3.10148571 -2.13941344  0.52174002
  1.10586186  1.5709448 ]","[ 0.00000000e+00  3.85699196e-01  3.33030192e-01 -7.39766979e-02
  3.53583537e-01  1.18680831e+00  4.18651087e-01  1.05819570e-05]","[ 0.          2.18100023 14.18306255  0.15772092 -2.35716605  4.76169777
  1.56754875 -0.4700458 ]"
1746810081.6699643,"[ 0.          0.31806279  0.60110362 -3.10155442 -2.13906617  0.52299477
  1.10627665  1.5709448 ]","[ 0.00000000e+00  3.84929576e-01  3.31883301e-01 -6.96145440e-02
  3.51850252e-01  1.18162101e+00  4.20811876e-01  1.05820616e-05]","[ 0.          2.29761767 14.26959705  0.2690461  -2.3285532   4.69805431
  1.64209497 -0.45246953]"
1746810081.671166,"[ 0.          0.31882319  0.60178599 -3.10168678 -2.13837774  0.52531598
  1.10713086  1.5709448 ]","[ 0.00000000e+00  3.85969307e-01  3.33772814e-01 -6.56336883e-02
  3.48425760e-01  1.17411369e+00  4.14380842e-01  1.05819570e-05]","[ 0.          2.493361   14.29861546  0.34732306 -2.22100639  4.92420292
  1.6054107  -0.46930343]"
1746810081.6729915,"[ 0.          0.31923325  0.60211615 -3.10175283 -2.13837774  0.52647276
  1.10753326  1.5709448 ]","[ 0.00000000e+00  3.86183425e-01  3.34920870e-01 -6.21905789e-02
  3.48425760e-01  1.17211459e+00  4.08531641e-01  1.05739739e-05]","[ 0.          2.52334261 14.25301743  0.3828555  -2.22100639  4.71171665
  1.60109162 -0.494515  ]"
1746810081.674658,"[ 0.          0.31999552  0.60277595 -3.10186814 -2.13767067  0.52887576
  1.10832669  1.5709448 ]","[ 0.          0.38704968  0.33492087 -0.05720265  0.34518456  1.17330342
  0.40136484  0.        ]","[ 0.          2.60660696 14.25543976  0.44997078 -2.03180623  4.44494104
  1.60106826 -0.4943116 ]"
1746810081.6763906,"[ 0.          0.32037665  0.60313095 -3.101927   -2.13733218  0.53002875
  1.10874906  1.5709448 ]","[ 0.          0.3865095   0.3339599  -0.05541983  0.34294607  1.16925196
  0.39771877  0.        ]","[ 0.          2.71547508 14.30727482  0.50183821 -1.99310887  4.54823685
  1.62712014 -0.48864442]"
1746810081.6780741,"[ 0.          0.32117104  0.60378942 -3.10203246 -2.13663017  0.53242316
  1.10952151  1.5709448 ]","[ 0.          0.38800666  0.33303019 -0.05293911  0.34204819  1.16707642
  0.39043506  0.        ]","[ 0.          2.76300335 14.30423737  0.59956127 -1.83200145  4.63962936
  1.65468347 -0.48892814]"
1746810081.6792705,"[ 0.          0.32194385  0.60447359 -3.1021302  -2.13595826  0.53471677
  1.11031114  1.5709448 ]","[ 0.          0.39218153  0.33377281 -0.04780725  0.3405929   1.16249951
  0.38618343  0.        ]","[ 0.          2.83771276 14.17614841  0.66072512 -1.75330102  4.7962203
  1.72007787 -0.46601492]"
1746810081.6810265,"[ 0.          0.32233371  0.60480242 -3.10217707 -2.13559926  0.53586024
  1.11069257  1.5709448 ]","[ 0.          0.3954227   0.33357038 -0.04409373  0.33803587  1.15979853
  0.38677957  0.        ]","[ 0.          2.84102058 14.02892494  0.67492998 -1.66384876  4.62995768
  1.71519184 -0.45858121]"
1746810081.682131,"[ 0.          0.3231451   0.60546089 -3.10225324 -2.13493481  0.53823374
  1.11146216  1.5709448 ]","[ 0.          0.396233    0.33296258 -0.03673326  0.33593064  1.15871822
  0.39056096  0.        ]","[ 0.          2.77795148 13.9682436   0.70364088 -1.58934033  4.5590024
  1.69273138 -0.45391718]"
1746810081.683917,"[ 0.          0.32353586  0.60581582 -3.10228999 -2.13460457  0.53937438
  1.11187788  1.5709448 ]","[ 0.          0.39583153  0.33427435 -0.03460605  0.33492087  1.15682751
  0.39144956  0.        ]","[ 0.          2.78580236 14.02540207  0.69457668 -1.61257017  4.69791412
  1.61322784 -0.45905975]"
1746810081.685695,"[ 0.          0.32435185  0.60647295 -3.10235071 -2.13392014  0.54172981
  1.11264653  1.5709448 ]","[ 0.          0.39947416  0.33357038 -0.02944063  0.33327127  1.14851951
  0.38894036  0.        ]","[ 0.          2.70400786 14.07598114  0.62577617 -1.59610069  4.71678877
  1.64858425 -0.44668806]"
1746810081.6875136,"[ 0.          0.32514211  0.60712909 -3.10240078 -2.13326207  0.54397299
  1.11344089  1.5709448 ]","[ 0.          0.40136484  0.33330027 -0.02430877  0.33330027  1.13548973
  0.38693573  0.        ]","[ 0.          2.54312372 14.13393021  0.52383727 -1.67278588  4.72876835
  1.74620247 -0.43493146]"
1746810081.6886303,"[ 0.          0.32553749  0.60748409 -3.10242235 -2.13290974  0.54508696
  1.11381759  1.5709448 ]","[ 0.          0.40109476  0.33427435 -0.02029314  0.33145457  1.12981773
  0.38191784  0.        ]","[ 0.          2.50214529 14.09180927  0.48109606 -1.73822355  4.86065245
  1.82145441 -0.43202102]"
1746810081.6903713,"[ 0.          0.32635851  0.60814209 -3.10245084 -2.13226179  0.54739006
  1.11455296  1.5709448 ]","[ 0.          0.40047724  0.33330027 -0.01269458  0.32762824  1.12192745
  0.36911899  0.        ]","[ 0.          2.3090353  14.09288311  0.38997978 -1.82912815  4.87896299
  1.78285599 -0.43112797]"
1746810081.6922157,"[ 0.          0.32675615  0.60847086 -3.1024591  -2.13193902  0.54849547
  1.11494398  1.5709448 ]","[ 0.          0.40325552  0.33330027 -0.00837302  0.32735812  1.12117457
  0.36812809  0.        ]","[ 0.          2.15838695 14.173769    0.31179577 -1.93230748  4.65127563
  1.72763336 -0.43109518]"
1746810081.6939378,"[ 0.          0.32755287  0.60914817 -3.10246549 -2.13127429  0.55078146
  1.11566223  1.5709448 ]","[ 0.          0.40460601  0.3300591  -0.00134912  0.32357677  1.114415
  0.36382129  0.        ]","[ 0.          1.98104787 14.13677597  0.17913707 -2.08527732  4.80318022
  1.7514075  -0.41862267]"
1746810081.6956363,"[ 0.          0.32837712  0.60980204 -3.10246096 -2.13063913  0.55297424
  1.11637376  1.5709448 ]","[0.         0.40210973 0.3316797  0.00221063 0.32055069 1.11253148
 0.36085024 0.        ]","[ 0.          1.67537856 14.22082138  0.05214758 -2.19154024  4.84882689
  1.75483072 -0.43291035]"
1746810081.6968224,"[ 0.          0.328772    0.61012901 -3.10245803 -2.1303017   0.554073
  1.11675719  1.5709448 ]","[0.         0.40014871 0.3316797  0.00245776 0.31772364 1.11329308
 0.36076688 0.        ]","[ 0.          1.62728822 14.19737625 -0.02510988 -2.27760649  4.90230322
  1.82511973 -0.45314398]"
1746810081.698509,"[ 0.          0.32955906  0.61081224 -3.10245537 -2.12968625  0.55635802
  1.11747544  1.5709448 ]","[0.         0.39866386 0.33330027 0.00218563 0.3106121  1.11523246
 0.36463159 0.        ]","[ 0.          1.33275068 14.24431229 -0.21220703 -2.2514739   4.83719778
  1.76051319 -0.43974581]"
1746810081.6995862,"[ 0.          0.32998107  0.61113968 -3.1024567  -2.12938238  0.5574625
  1.11786253  1.5709448 ]","[0.00000000e+00 3.97468004e-01 3.31883301e-01 1.05970099e-03
 3.08181234e-01 1.12009426e+00 3.64617346e-01 0.00000000e+00]","[ 0.          1.07391882 14.34979153 -0.34924918 -2.23912835  4.89297628
  1.66164851 -0.44580925]"
1746810081.7014081,"[ 0.          0.33076121  0.61181652 -3.1024623  -2.12875654  0.55975705
  1.11856561  1.5709448 ]","[ 0.00000000e+00  3.93133310e-01  3.29951378e-01 -8.51020148e-04
  3.05686751e-01  1.12243958e+00  3.54097793e-01  0.00000000e+00]","[ 0.          0.89093077 14.4371767  -0.47472274 -2.18797851  4.99630213
  1.63809562 -0.44870025]"
1746810081.702555,"[ 0.          0.33114923  0.61214209 -3.10246469 -2.1284556   0.56086532
  1.11891275  1.5709448 ]","[ 0.00000000e+00  3.93532019e-01  3.30059103e-01 -1.11094662e-03
  3.05210145e-01  1.12414573e+00  3.51850252e-01  0.00000000e+00]","[ 0.          0.83986425 14.43481731 -0.50892472 -2.19044137  4.84067965
  1.71698821 -0.44169179]"
1746810081.7043428,"[ 0.          0.33195145  0.61279596 -3.10246736 -2.12785825  0.56309325
  1.11963393  1.5709448 ]","[ 0.          0.39110115  0.3316797  -0.00115919  0.30169887  1.13056182
  0.35274983  0.        ]","[ 0.          0.69098675 14.46786594 -0.63493502 -2.19681835  4.87276983
  1.81622255 -0.42379218]"
1746810081.7060275,"[ 0.          0.33233717  0.6131491  -3.10246789 -2.12753814  0.56431478
  1.1199868   1.5709448 ]","[ 0.          0.39110115  0.33251896 -0.00149039  0.3014237   1.15027493
  0.35787915  0.        ]","[ 0.          0.52090859 14.48945618 -0.71035874 -2.17446017  5.06018639
  1.73408973 -0.44786224]"
1746810081.7078197,"[ 0.          0.33313569  0.6138039  -3.10246789 -2.12694692  0.56663406
  1.12073169  1.5709448 ]","[ 0.          0.38919266  0.33303019 -0.0013866   0.299268    1.18572787
  0.36461735  0.        ]","[ 0.          0.36009744 14.44689083 -0.78410095 -2.14631104  5.11008549
  1.62244391 -0.42611083]"
1746810081.7095246,"[ 0.          0.33389842  0.61448807 -3.10246736 -2.12633066  0.56901419
  1.12147564  1.5709448 ]","[ 0.00000000e+00  3.85699196e-01  3.35528204e-01 -1.06388143e-03
  3.01698867e-01  1.21462836e+00  3.81917840e-01  0.00000000e+00]","[ 0.          0.27995551 14.50976944 -0.84189248 -2.12392187  5.14901257
  1.61280727 -0.43451306]"
1746810081.711326,"[ 0.          0.33427632  0.6148219  -3.10246789 -2.12603346  0.57032034
  1.12186287  1.5709448 ]","[ 0.00000000e+00  3.83268329e-01  3.38702226e-01 -8.24425793e-04
  3.01428789e-01  1.22861169e+00  3.92721719e-01  0.00000000e+00]","[ 0.          0.26755574 14.56663227 -0.85542077 -2.06454444  5.03472233
  1.69069386 -0.47094801]"
1746810081.713045,"[ 0.          0.33506245  0.61549827 -3.10246922 -2.12543984  0.57278896
  1.1226971   1.5709448 ]","[ 0.00000000e+00  3.82728140e-01  3.43755540e-01 -4.52104462e-04
  3.00618489e-01  1.25703361e+00  4.08927586e-01  0.00000000e+00]","[ 0.          0.1775261  14.75557041 -0.9081046  -2.00895357  5.16106606
  1.7756387  -0.45558369]"
1746810081.7147548,"[ 0.          0.33590231  0.61620681 -3.10247055 -2.12482358  0.57539559
  1.12351243  1.5709448 ]","[ 0.00000000e+00  3.81266364e-01  3.46737049e-01 -3.19132556e-04
  3.00348378e-01  1.27565909e+00  4.13789320e-01  0.00000000e+00]","[ 0.          0.16613603 14.86677647 -0.94816041 -1.85949218  5.23067188
  1.72292447 -0.42624995]"
1746810081.7164104,"[ 0.          0.33627655  0.61655075 -3.10247135 -2.12452877  0.5766608
  1.12395758  1.5709448 ]","[ 0.00000000e+00  3.79486940e-01  3.48965949e-01 -3.45726943e-04
  2.98997889e-01  1.28193296e+00  4.18890439e-01  0.00000000e+00]","[ 0.          0.11246724 14.93003273 -0.97926313 -1.79841387  5.05904007
  1.73931122 -0.4259603 ]"
1746810081.7176123,"[ 0.          0.33701904  0.61727034 -3.10247428 -2.12393302  0.57930638
  1.12479567  1.5709448 ]","[ 0.00000000e+00  3.75705584e-01  3.52329687e-01 -5.29894416e-04
  3.03859656e-01  1.29521908e+00  4.28374588e-01  0.00000000e+00]","[ 0.          0.10510922 14.90397453 -0.97796792 -1.82432163  5.07150316
  1.78965247 -0.45028651]"
1746810081.7194104,"[ 0.          0.33778636  0.61797335 -3.10247801 -2.12331037  0.58188252
  1.12564522  1.5709448 ]","[ 0.00000000e+00  3.74355095e-01  3.56707092e-01 -7.21055351e-04
  3.04669956e-01  1.30916245e+00  4.32155977e-01  0.00000000e+00]","[ 0.          0.07761706 14.78531456 -0.91323465 -1.9414562   4.90858841
  1.83082724 -0.45312342]"
1746810081.7211337,"[ 0.          0.33815465  0.61832735 -3.10247961 -2.12301024  0.58318294
  1.12610755  1.5709448 ]","[ 0.00000000e+00  3.73544795e-01  3.58959560e-01 -7.80101781e-04
  3.04091451e-01  1.31888592e+00  4.35334060e-01  0.00000000e+00]","[ 0.          0.08828875 14.79370975 -0.91888499 -2.03381491  5.12905407
  1.81609881 -0.46988246]"
1746810081.722822,"[ 0.          0.33891185  0.61906851 -3.10248333 -2.12238839  0.5859037
  1.12698746  1.5709448 ]","[ 0.00000000e+00  3.68783928e-01  3.62861957e-01 -9.04934921e-04
  3.02779278e-01  1.33023139e+00  4.48986822e-01  0.00000000e+00]","[ 0.          0.1589216  14.68174839 -0.89113522 -2.19720316  5.28961182
  1.7108506  -0.45935732]"
1746810081.7240806,"[ 0.          0.33927461  0.6194285  -3.10248573 -2.12209145  0.58722316
  1.12743646  1.5709448 ]","[ 0.00000000e+00  3.67872761e-01  3.65171783e-01 -9.88268002e-04
  3.01158678e-01  1.33806295e+00  4.55384334e-01  0.00000000e+00]","[ 0.          0.15038194 14.58098221 -0.88241804 -2.19829273  5.36217165
  1.68357289 -0.46153781]"
1746810081.7258468,"[ 0.          0.33999782  0.62015355 -3.10248973 -2.12149676  0.58997813
  1.12837549  1.5709448 ]","[ 0.          0.36706246  0.36803967 -0.00144651  0.3013932   1.34813129
  0.4602461   0.        ]","[ 0.          0.32012045 14.54292202 -0.80711371 -2.19950604  5.17878056
  1.58232737 -0.46326303]"
1746810081.7276127,"[ 0.          0.34074996  0.62091627 -3.10249479 -2.12087997  0.59265414
  1.12929442  1.5709448 ]","[ 0.          0.36652227  0.37354479 -0.00206515  0.30058374  1.35859032
  0.46747266  0.        ]","[ 0.          0.4040288  14.59425926 -0.73278135 -2.15381885  4.87087059
  1.59303856 -0.47037759]"
1746810081.7287838,"[ 0.          0.34110906  0.62128499 -3.10249772 -2.12058197  0.59400217
  1.12979389  1.5709448 ]","[ 0.          0.36372249  0.37381491 -0.00223106  0.30223909  1.3658481
  0.46999906  0.        ]","[ 0.          0.44603771 14.69866562 -0.69986844 -2.150424    4.70902491
  1.54073322 -0.45777678]"
1746810081.7305298,"[ 0.          0.34146722  0.62205324 -3.10250278 -2.11998994  0.59680847
  1.13073     1.5709448 ]","[ 0.          0.36328111  0.37543551 -0.00241557  0.29953811  1.37290548
  0.47591175  0.        ]","[ 0.          0.4951764  14.57422066 -0.61947739 -2.28312564  4.81144762
  1.5574702  -0.44318143]"
1746810081.7323248,"[ 0.          0.34220378  0.62279846 -3.1025073  -2.11937795  0.59952357
  1.13171363  1.5709448 ]","[ 0.          0.35895956  0.37883263 -0.00251854  0.29788549  1.37884766
  0.48022161  0.        ]","[ 0.          0.62849379 14.34188843 -0.51148462 -2.37970829  5.01725674
  1.6468401  -0.43141896]"
1746810081.734051,"[ 0.          0.34255825  0.62320306 -3.1025097  -2.119085    0.6009933
  1.13218728  1.5709448 ]","[ 0.          0.35949975  0.38091729 -0.00245736  0.29710721  1.38399116
  0.47974673  0.        ]","[ 0.          0.69408119 14.12446976 -0.45709971 -2.45145464  5.20344114
  1.73854291 -0.43032309]"
1746810081.7357872,"[ 0.          0.34329158  0.62395747 -3.1025129  -2.118477    0.6037283
  1.13314335  1.5709448 ]","[ 0.          0.35759582  0.38326833 -0.00208823  0.29716064  1.38700679
  0.48617547  0.        ]","[ 0.          0.80678761 13.91016865 -0.34601146 -2.63853526  5.32913113
  1.68754816 -0.42915463]"
1746810081.73749,"[ 0.          0.34364196  0.62433451 -3.10251423 -2.11818512  0.60509816
  1.13366001  1.5709448 ]","[ 0.          0.35544828  0.38245803 -0.00191083  0.29602683  1.38797365
  0.48649082  0.        ]","[ 0.          0.90752566 13.9202919  -0.34579015 -2.70802593  5.34934807
  1.6315012  -0.42695105]"
1746810081.739176,"[ 0.          0.34436747  0.62511788 -3.10251636 -2.11760455  0.60793403
  1.13461408  1.57094573]","[ 0.00000000e+00  3.54085077e-01  3.83808518e-01 -1.49196695e-03
  2.94705140e-01  1.38343922e+00  4.84284759e-01  1.05979587e-05]","[ 0.          1.06309187 13.90972328 -0.30300796 -2.71665931  5.20727777
  1.64085424 -0.42875481]"
1746810081.7409198,"[ 0.          0.34506498  0.62587688 -3.10251796 -2.11700294  0.61066144
  1.1356121   1.57094573]","[ 0.00000000e+00  3.53827682e-01  3.85699196e-01 -1.08346671e-03
  2.93055778e-01  1.38122813e+00  4.87786882e-01  1.06059783e-05]","[ 0.          1.16395521 14.05823708 -0.22668812 -2.71247649  5.03229761
  1.62008512 -0.43210211]"
1746810081.7420752,"[ 0.          0.34541349  0.62628694 -3.10251822 -2.11671745  0.61213024
  1.1360944   1.57094573]","[ 0.00000000e+00  3.53557604e-01  3.86183425e-01 -8.56321893e-04
  2.89544500e-01  1.38298808e+00  4.89146526e-01  1.05979587e-05]","[ 0.          1.14701223 14.05470467 -0.18042235 -2.70066905  4.8704195
  1.6147325  -0.40069017]"
1746810081.7437959,"[ 0.          0.34613581  0.62704827 -3.10251875 -2.11612783  0.61485385
  1.13705514  1.57094573]","[ 0.00000000e+00  3.51666927e-01  3.85308410e-01 -5.20063996e-04
  2.87882188e-01  1.37965793e+00  4.89146526e-01  1.05979587e-05]","[ 0.          1.26483595 14.07321262 -0.11053509 -2.6813159   5.0593915
  1.60113239 -0.45349294]"
1746810081.74554,"[ 0.          0.34682597  0.62781146 -3.10251875 -2.1155635   0.6175812
  1.13806075  1.57094573]","[ 0.00000000e+00  3.49776215e-01  3.87319796e-01 -3.03370686e-04
  2.84952844e-01  1.38451966e+00  4.91618971e-01  1.06059783e-05]","[ 0.          1.35266948 14.04573345 -0.0265459  -2.65797091  4.88416958
  1.53160381 -0.43807808]"
1746810081.7474058,"[ 0.          0.34753863  0.62860768 -3.10251875 -2.11497841  0.62042179
  1.13902055  1.57094573]","[ 0.00000000e+00  3.47885537e-01  3.89750663e-01 -8.88757274e-05
  2.85374522e-01  1.38850495e+00  4.85095059e-01  1.05979587e-05]","[ 0.          1.48931456 13.96138287  0.06306215 -2.66758728  4.86797905
  1.51067984 -0.44028845]"
1746810081.749054,"[ 0.          0.34788347  0.62899158 -3.10251929 -2.11469744  0.62179072
  1.13953148  1.57094573]","[ 0.00000000e+00  3.49421848e-01  3.89480552e-01 -1.73354671e-04
  2.84952844e-01  1.38689440e+00  4.80973917e-01  1.05979587e-05]","[ 0.          1.63725257 13.9856205   0.09455232 -2.67112994  4.79263878
  1.59530163 -0.42528164]"
1746810081.7502036,"[ 0.          0.34857273  0.62978553 -3.10251875 -2.11411847  0.62485396
  1.14047703  1.57094573]","[0.00000000e+00 3.49776215e-01 3.87437275e-01 0.00000000e+00
 2.81863743e-01 1.39256560e+00 4.77532347e-01 1.05979587e-05]","[ 0.          1.78436029 14.03497028  0.14595999 -2.70342231  4.64544821
  1.7334671  -0.41798553]"
1746810081.7520254,"[ 0.          0.34894468  0.63016663 -3.10251875 -2.11384097  0.62601836
  1.14094322  1.57094573]","[0.00000000e+00 3.50323528e-01 3.86117878e-01 0.00000000e+00
 2.81441566e-01 1.39608404e+00 4.72191677e-01 1.05979587e-05]","[ 0.          1.8369422  14.06527615  0.20772104 -2.69927979  4.79388285
  1.83947575 -0.40982348]"
1746810081.7531931,"[ 0.          0.3496339   0.63096012 -3.10251875 -2.11328917  0.62898645
  1.14189064  1.57094573]","[0.00000000e+00 3.49236026e-01 3.87688045e-01 0.00000000e+00
 2.78997816e-01 1.39802455e+00 4.60859061e-01 1.05979587e-05]","[ 0.          2.00699973 14.19740486  0.29764956 -2.63770676  4.86509037
  1.86408246 -0.39882708]"
1746810081.7549374,"[ 0.          0.34997832  0.63134129 -3.10251875 -2.11299196  0.63046857
  1.14234444  1.57094573]","[0.00000000e+00 3.49236026e-01 3.86509496e-01 0.00000000e+00
 2.80121370e-01 1.39421370e+00 4.60246101e-01 1.05979587e-05]","[ 0.          2.08957911 14.2365427   0.3252019  -2.63054013  4.80844879
  1.78724229 -0.41501862]"
1746810081.7567365,"[ 0.          0.35069787  0.63210215 -3.10251822 -2.11244414  0.63320736
  1.14328241  1.57094573]","[0.00000000e+00 3.50586515e-01 3.86239385e-01 4.08209857e-05
 2.76579815e-01 1.38722064e+00 4.57903219e-01 1.05899522e-05]","[ 0.          2.20816278 14.39704704  0.43769169 -2.71975756  4.99738121
  1.74700809 -0.43147996]"
1746810081.75847,"[ 0.          0.35139215  0.63289517 -3.10251822 -2.11190592  0.63603657
  1.14417949  1.57094573]","[0.00000000e+00 3.52477193e-01 3.87938814e-01 3.77458872e-05
 2.71718065e-01 1.37772194e+00 4.54303957e-01 1.05819570e-05]","[ 0.          2.28908825 14.56830597  0.51472092 -2.82721639  4.87664795
  1.76589251 -0.43137875]"
1746810081.7608025,"[ 0.          0.35211307  0.63366476 -3.10251822 -2.11135784  0.63873256
  1.14510134  1.57094573]","[0.00000000e+00 3.52120063e-01 3.90560963e-01 3.52830036e-05
 2.66316109e-01 1.36318201e+00 4.46869409e-01 1.05979587e-05]","[ 0.          2.35525894 14.79536724  0.57065302 -2.96825933  4.89333963
  1.6272738  -0.42548895]"
1746810081.7624743,"[ 0.          0.35246208  0.63408081 -3.10251822 -2.11109738  0.6400644
  1.1455389   1.57094573]","[0.00000000e+00 3.53827682e-01 3.91700330e-01 3.54615325e-05
 2.64155337e-01 1.34938884e+00 4.43770156e-01 1.05820616e-05]","[ 0.          2.32672262 14.90468597  0.55962342 -3.04626226  4.70559168
  1.46653569 -0.41453618]"
1746810081.7642326,"[ 0.          0.35319538  0.6348536  -3.10251822 -2.11055783  0.64281179
  1.1463999   1.57094573]","[0.00000000e+00 3.59351212e-01 3.91784186e-01 3.31177162e-05
 2.63615131e-01 1.33644228e+00 4.35127033e-01 1.05819570e-05]","[ 0.          2.36118054 14.96421432  0.57771188 -3.2021606   4.88721085
  1.42043221 -0.40811929]"
1746810081.765968,"[ 0.          0.35391081  0.63562871 -3.10251796 -2.1100449   0.64543354
  1.14729033  1.57094573]","[0.00000000e+00 3.63281105e-01 3.93532019e-01 4.68069783e-05
 2.58761037e-01 1.32671881e+00 4.34316733e-01 1.05819570e-05]","[ 0.          2.33389378 15.00575733  0.58219105 -3.44803119  4.80947065
  1.26805985 -0.3698886 ]"
1746810081.7677424,"[ 0.          0.3546267   0.63643871 -3.10251796 -2.10952638  0.64814097
  1.14814933  1.57094573]","[0.00000000e+00 3.63821294e-01 3.96773186e-01 7.34422018e-05
 2.51190652e-01 1.32185708e+00 4.38098122e-01 1.05820616e-05]","[ 0.          2.30560136 15.10029411  0.56952804 -3.63896942  4.84957027
  1.32693374 -0.40415579]"
1746810081.771668,"[ 0.          0.35537195  0.63722441 -3.10251822 -2.10904249  0.64943667
  1.14904549  1.57094573]","[0.00000000e+00 3.64091405e-01 3.98799585e-01 2.93785017e-05
 2.42277435e-01 1.31269287e+00 4.38098122e-01 1.05819570e-05]","[ 0.          2.25784731 15.18919945  0.52124637 -3.74531865  4.83411121
  1.40091443 -0.4043265 ]"
1746810081.773563,"[ 0.          0.3560961   0.63804453 -3.10251796 -2.1085562   0.65212027
  1.14988545  1.57094573]","[0.00000000e+00 3.67332572e-01 4.00554541e-01 4.17947446e-05
 2.36252199e-01 1.30951293e+00 4.22004440e-01 1.05819570e-05]","[ 0.          2.25465393 15.28307724  0.51365584 -3.75620627  4.68807983
  1.43061721 -0.41552788]"
1746810081.7752805,"[ 0.          0.35721193  0.63927145 -3.10251822 -2.10787443  0.65598924
  1.1511374   1.57094666]","[0.00000000e+00 3.68412950e-01 4.05111143e-01 2.51657081e-05
 2.26611789e-01 1.30619143e+00 4.10007964e-01 1.85186086e-05]","[ 0.          2.17550278 15.20183945  0.45352685 -3.73894143  4.78091145
  1.5829587  -0.40971357]"
1746810081.7769952,"[ 0.          0.3579696   0.64007186 -3.10251822 -2.10741689  0.65866239
  1.15194314  1.57094666]","[0.00000000e+00 3.71889640e-01 4.05275361e-01 2.52564009e-05
 2.21525351e-01 1.30297913e+00 4.06894296e-01 1.85184257e-05]","[ 0.          2.12411523 15.06769848  0.42819366 -3.64911628  5.03121614
  1.61152935 -0.42848253]"
1746810081.7792773,"[ 0.          0.35870659  0.64087314 -3.10251822 -2.10698813  0.66133081
  1.15277365  1.57094666]","[0.00000000e+00 3.74895284e-01 4.07036909e-01 2.40444301e-05
 2.16077989e-01 1.29904191e+00 4.06226608e-01 1.85184257e-05]","[ 0.          1.98931754 14.97624683  0.41887692 -3.47262931  4.97139549
  1.5385462  -0.42014891]"
1746810081.780976,"[ 0.          0.35944542  0.6417107  -3.10251822 -2.10655589  0.66389743
  1.15359177  1.57094666]","[0.00000000e+00 3.73975794e-01 4.09592544e-01 0.00000000e+00
 2.09325544e-01 1.30216966e+00 4.17030487e-01 1.85184257e-05]","[ 0.          1.9185766  14.89212036  0.34387797 -3.28981137  4.72892475
  1.42374229 -0.39359394]"
1746810081.7833383,"[ 0.          0.36021274  0.64251751 -3.10251875 -2.10613139  0.66655826
  1.15444598  1.57094666]","[ 0.00000000e+00  3.75435506e-01  4.08927586e-01 -2.11471087e-05
  2.06633204e-01  1.29575437e+00  4.15950109e-01  1.85184257e-05]","[ 0.          1.8253566  14.95802212  0.2853519  -3.13920403  4.93745375
  1.38815522 -0.39559081]"
1746810081.7850966,"[ 0.          0.36095294  0.64335414 -3.10251875 -2.10572765  0.66910777
  1.15526597  1.57094666]","[ 0.00000000e+00  3.75435506e-01  4.09467775e-01 -2.03512243e-05
  2.03383399e-01  1.28998556e+00  4.16760409e-01  1.85186086e-05]","[ 0.          1.7463659  15.00632668  0.21108834 -3.09148288  5.10751581
  1.40031326 -0.3945007 ]"
1746810081.7867913,"[ 0.          0.36172302  0.64416228 -3.10251875 -2.10533084  0.67173811
  1.15612217  1.57094666]","[ 0.00000000e+00  3.75975695e-01  4.10278075e-01 -1.96123512e-05
  2.00412326e-01  1.28092536e+00  4.18651087e-01  1.85186086e-05]","[ 0.          1.62627125 15.07669067  0.15234496 -3.06390071  4.88342237
  1.40384912 -0.39658692]"
1746810081.7891572,"[ 0.          0.36246232  0.6450017  -3.10251955 -2.10492418  0.67426385
  1.15694123  1.57094666]","[ 0.00000000e+00  3.75975695e-01  4.09003353e-01 -4.73131235e-05
  1.97441254e-01  1.28026210e+00  4.14449385e-01  1.85184257e-05]","[ 0.          1.53794992 15.11320305  0.03548674 -3.1531651   4.79915047
  1.39362347 -0.38970917]"
1746810081.7909553,"[ 0.          0.36323054  0.64580984 -3.10252009 -2.10454255  0.67688087
  1.15786308  1.57094666]","[ 0.00000000e+00  3.75435506e-01  4.10818264e-01 -6.18990182e-05
  1.91229014e-01  1.27641143e+00  4.22432443e-01  1.85184257e-05]","[ 0.          1.44624841 15.24870872 -0.06371522 -3.31168222  4.92712831
  1.4239943  -0.40836269]"
1746810081.7926764,"[ 0.          0.36396983  0.64665479 -3.10252062 -2.10415585  0.67939803
  1.15870304  1.57094666]","[ 0.00000000e+00  3.75594763e-01  4.13266408e-01 -7.68736956e-05
  1.87717753e-01  1.27756112e+00  4.25781967e-01  1.85186086e-05]","[ 0.          1.45037532 15.37894821 -0.10699058 -3.41965342  4.92546749
  1.48128378 -0.4076291 ]"
1746810081.7944045,"[ 0.          0.36436701  0.64706346 -3.10252115 -2.10397343  0.68066043
  1.15915498  1.57094666]","[ 0.00000000e+00  3.73895766e-01  4.14329542e-01 -9.39567345e-05
  1.85016775e-01  1.28026210e+00  4.25554067e-01  1.85184257e-05]","[ 0.          1.50893211 15.50437546 -0.13325047 -3.48619962  5.0476222
  1.52312768 -0.40996206]"
1746810081.7955554,"[ 0.          0.36510311  0.64787945 -3.10252115 -2.10360671  0.68328791
  1.15998828  1.57094666]","[ 0.00000000e+00  3.73544795e-01  4.14059431e-01 -9.10765495e-05
  1.77293308e-01  1.28368373e+00  4.21622176e-01  1.85184257e-05]","[ 0.          1.53545153 15.60670948 -0.16823755 -3.52629685  5.0508213
  1.450001   -0.40656042]"
1746810081.7972674,"[ 0.          0.3658649   0.648728   -3.10252115 -2.10326449  0.6858241
  1.16084635  1.57094666]","[ 0.00000000e+00  3.71539767e-01  4.15409920e-01 -9.64011162e-05
  1.72322185e-01  1.28701441e+00  4.18651087e-01  1.85186086e-05]","[ 0.          1.53764021 15.72848034 -0.14427909 -3.52676558  5.1073451
  1.51513839 -0.3983734 ]"
1746810081.7990696,"[ 0.          0.36623225  0.64913806 -3.10252142 -2.10309778  0.6871921
  1.16125635  1.57094666]","[ 0.00000000e+00  3.72464417e-01  4.15950109e-01 -1.01418088e-04
  1.69081018e-01  1.28819752e+00  4.15528664e-01  1.85186086e-05]","[ 0.          1.52465129 15.82479382 -0.12877554 -3.47920561  5.2035265
  1.47229517 -0.40599307]"
1746810081.8007832,"[ 0.          0.36696972  0.64996138 -3.10252195 -2.1027553   0.68973875
  1.16207354  1.57094666]","[ 0.00000000e+00  3.74355095e-01  4.19191276e-01 -1.13490202e-04
  1.65839851e-01  1.29164658e+00  4.14869731e-01  1.85184257e-05]","[ 0.          1.57456219 15.84700012 -0.12478279 -3.40453982  4.95379782
  1.38450158 -0.39637876]"
1746810081.8031065,"[ 0.          0.36773058  0.65082098 -3.10252195 -2.10243572  0.6923862
  1.16292122  1.57094666]","[ 0.00000000e+00  3.71113928e-01  4.20001576e-01 -1.10630075e-04
  1.60707990e-01  1.29246071e+00  4.12979053e-01  1.85184257e-05]","[ 0.          1.60070407 15.79482937 -0.09001942 -3.29554462  5.1319313
  1.24942303 -0.38719028]"
1746810081.8047984,"[ 0.          0.36846345  0.65165215 -3.10252195 -2.10211241  0.69492812
  1.16373455  1.57094666]","[ 0.00000000e+00  3.72194306e-01  4.21892254e-01 -1.07466417e-04
  1.56981062e-01  1.28809485e+00  4.11751136e-01  1.85186086e-05]","[ 0.          1.70106018 15.61604214 -0.05654727 -3.24449277  5.49147749
  1.22841787 -0.37951219]"
1746810081.807078,"[ 0.          0.36922525  0.65251728 -3.10252195 -2.10180695  0.69755466
  1.1645841   1.57094666]","[ 0.00000000e+00  3.72464417e-01  4.22432443e-01 -9.75159736e-05
  1.55148691e-01  1.28092536e+00  4.14771028e-01  1.85184257e-05]","[ 0.          1.76444113 15.48220348 -0.01564569 -3.22237802  5.34513474
  1.26991916 -0.38158965]"
1746810081.8088667,"[ 0.          0.36995718  0.65334885 -3.10252195 -2.10149855  0.70006709
  1.16540502  1.57094666]","[ 0.00000000e+00  3.70303628e-01  4.21081954e-01 -9.52489707e-05
  1.49457999e-01  1.27161894e+00  4.15950109e-01  1.85184257e-05]","[ 0.          1.85269368 15.37625885  0.03278518 -3.14333606  4.98648119
  1.26121247 -0.37863728]"
1746810081.8106556,"[ 0.          0.37035163  0.65376444 -3.10252195 -2.10135421  0.70131518
  1.16584364  1.57094666]","[ 0.00000000e+00  3.71038727e-01  4.21352065e-01 -9.52465325e-05
  1.46244512e-01  1.26567676e+00  4.12627117e-01  1.85184257e-05]","[ 0.          1.89423776 15.20140076  0.07975398 -3.13323998  5.29308224
  1.27768481 -0.37756541]"
1746810081.8118374,"[ 0.          0.3710845   0.6546295  -3.10252195 -2.10107431  0.703877
  1.16666363  1.57094666]","[ 0.00000000e+00  3.72194306e-01  4.23782932e-01 -9.93543821e-05
  1.40990877e-01  1.24682078e+00  4.15950109e-01  1.85186086e-05]","[ 0.          1.98868191 15.16431046  0.13847581 -3.10378456  5.47081137
  1.34733665 -0.39072037]"
1746810081.8136084,"[ 0.          0.37182379  0.65546706 -3.10252195 -2.10078855  0.70631999
  1.16747882  1.57094666]","[ 0.00000000e+00  3.75435506e-01  4.24163032e-01 -9.69785787e-05
  1.39498908e-01  1.23704645e+00  4.11088342e-01  1.85186086e-05]","[ 0.          1.99475634 15.0632906   0.17373103 -3.013026    5.46420527
  1.44958639 -0.38751775]"
1746810081.8147676,"[ 0.          0.37222284  0.65588451 -3.10252195 -2.1006514   0.70753293
  1.16747882  1.57094666]","[ 0.00000000e+00  3.75651156e-01  4.23512854e-01 -9.69785787e-05
  1.39100199e-01  1.23002396e+00  4.11088342e-01  1.85184257e-05]","[ 0.          2.01920676 15.12528324  0.19748439 -2.97126293  5.15722895
  1.44958639 -0.39214864]"
1746810081.8165572,"[ 0.          0.37296076  0.65674917 -3.10252142 -2.10037017  0.71004149
  1.1683036   1.57094666]","[ 0.00000000e+00  3.73975794e-01  4.21892254e-01 -7.57674044e-05
  1.36668808e-01  1.22354156e+00  4.00284464e-01  1.85184257e-05]","[ 0.          2.0728395  15.0006876   0.28721038 -2.95639992  5.06969786
  1.499686   -0.39658332]"
1746810081.8189676,"[ 0.          0.37372805  0.65758028 -3.10252115 -2.10010812  0.71244353
  1.16909323  1.57094666]","[ 0.00000000e+00  3.75047251e-01  4.21081954e-01 -6.78685286e-05
  1.32077668e-01  1.21570880e+00  4.01364841e-01  1.85186086e-05]","[ 0.          2.151757   14.86203861  0.3682743  -2.96418381  5.15931654
  1.55497503 -0.40818605]"
1746810081.8201814,"[ 0.          0.37409817  0.65802663 -3.10252115 -2.09997869  0.71373163
  1.16951947  1.57094666]","[ 0.00000000e+00  3.75435506e-01  4.19892553e-01 -6.77476753e-05
  1.31134377e-01  1.21182591e+00  4.01229520e-01  1.85184257e-05]","[ 0.          2.14739442 14.71038342  0.41816163 -2.94107246  5.21403742
  1.53141701 -0.39933151]"
1746810081.8219323,"[ 0.          0.37484022  0.65884768 -3.10252115 -2.09971317  0.71612322
  1.17029765  1.57094666]","[ 0.00000000e+00  3.76785995e-01  4.15950109e-01 -6.63513241e-05
  1.29245605e-01  1.21273765e+00  3.90831041e-01  1.85184257e-05]","[ 0.          2.23648953 14.55197906  0.50052071 -2.91870427  5.11077213
  1.54359019 -0.40099755]"
1746810081.8237088,"[ 0.          0.37560981  0.65969763 -3.10252062 -2.09946283  0.71860322
  1.17108434  1.57094666]","[ 0.00000000e+00  3.75705584e-01  4.15021798e-01 -5.30122988e-05
  1.24785034e-01  1.21020858e+00  3.82312687e-01  1.85186086e-05]","[ 0.          2.23863173 14.48325348  0.57947969 -2.90863872  5.02758121
  1.52928042 -0.39543962]"
1746810081.8249445,"[ 0.          0.37598175  0.66010675 -3.10252062 -2.0993326   0.71979811
  1.17145918  1.57094666]","[ 0.00000000e+00  3.77326184e-01  4.14449385e-01 -5.30122988e-05
  1.22625777e-01  1.21192738e+00  3.80297240e-01  1.85182388e-05]","[ 0.          2.31434512 14.49787807  0.60638881 -2.87365603  5.2421174
  1.55189931 -0.39149389]"
1746810081.827273,"[ 0.          0.3767555   0.66100996 -3.10252009 -2.09910011  0.72218204
  1.17219635  1.57094666]","[ 0.00000000e+00  3.78660361e-01  4.09244203e-01 -4.03509257e-05
  1.15871817e-01  1.20787591e+00  3.72194306e-01  1.85044548e-05]","[ 0.          2.31190491 14.49038696  0.66449064 -2.78406858  5.27875996
  1.57168448 -0.3716591 ]"
1746810081.8289337,"[ 0.          0.37749986  0.66174879 -3.10252009 -2.09887054  0.72464693
  1.17294603  1.57094773]","[ 0.00000000e+00  3.76785995e-01  4.05686420e-01 -2.88227147e-05
  1.09929672e-01  1.20220391e+00  3.63182868e-01  2.91003827e-05]","[ 0.          2.28293276 14.53932571  0.69150585 -2.6297524   5.12200308
  1.60791564 -0.38584188]"
1746810081.8306344,"[ 0.          0.37826944  0.66254461 -3.10252009 -2.09866308  0.72701754
  1.17366148  1.57094773]","[ 0.00000000e+00  3.76152695e-01  4.02986740e-01 -2.82198218e-05
  1.03717433e-01  1.20112347e+00  3.63821294e-01  2.91006692e-05]","[ 0.          2.28218913 14.57075214  0.77074635 -2.46029854  5.22942019
  1.53332424 -0.39096579]"
1746810081.8323176,"[ 0.          0.37863819  0.66303044 -3.10251955 -2.09856162  0.72829233
  1.17405057  1.57094773]","[ 0.00000000e+00  3.74085017e-01  4.00132264e-01 -1.69322527e-05
  1.02907141e-01  1.19929934e+00  3.66372736e-01  2.91006692e-05]","[ 0.          2.24453378 14.59458542  0.78598255 -2.4249804   5.24112415
  1.52938473 -0.38246486]"
1746810081.8340387,"[ 0.          0.37937655  0.66381427 -3.10251955 -2.09834297  0.7306439
  1.17476976  1.57094773]","[ 0.00000000e+00  3.74355095e-01  3.96101370e-01 -1.69322527e-05
  9.76762183e-02  1.19167005e+00  3.64631594e-01  2.91003827e-05]","[ 0.          2.28476882 14.75627613  0.81384689 -2.3132782   5.47054148
  1.5560503  -0.39254442]"
1746810081.8363097,"[ 0.          0.38014617  0.66462427 -3.10251929 -2.09814377  0.73306498
  1.17548415  1.57094773]","[0.00000000e+00 3.75055107e-01 3.95422697e-01 0.00000000e+00
 9.67055627e-02 1.17886250e+00 3.61930616e-01 2.91006692e-05]","[ 0.          2.35116363 14.86098194  0.84035885 -2.25600767  5.32468557
  1.58466792 -0.37569323]"
1746810081.838558,"[ 0.          0.38088683  0.66540165 -3.10251929 -2.09795815  0.73537474
  1.17622038  1.57094773]","[0.00000000e+00 3.75435506e-01 3.93532019e-01 0.00000000e+00
 9.37238210e-02 1.16914663e+00 3.57879149e-01 2.90787152e-05]","[ 0.          2.40563369 14.95034885  0.87213665 -2.23650432  5.16243792
  1.61410809 -0.35294124]"
1746810081.8396225,"[ 0.          0.38165459  0.66620526 -3.10251929 -2.09776533  0.73776446
  1.17691201  1.57094773]","[0.00000000e+00 3.75651156e-01 3.91641341e-01 0.00000000e+00
 9.42889438e-02 1.16632408e+00 3.48425760e-01 2.11639139e-05]","[ 0.          2.39263415 15.02247238  0.82812822 -2.26496983  5.36911678
  1.57956731 -0.36318263]"
1746810081.841881,"[ 0.          0.38239298  0.66697531 -3.10251929 -2.09758024  0.74005139
  1.17760642  1.57094773]","[0.00000000e+00 3.74515451e-01 3.90290852e-01 0.00000000e+00
 9.39939238e-02 1.15763778e+00 3.37621848e-01 2.11479478e-05]","[ 0.          2.39914441 15.15275955  0.79143828 -2.3362186   5.42992878
  1.55921304 -0.39763209]"
1746810081.8436327,"[ 0.          0.38315708  0.66777473 -3.10251875 -2.09738423  0.74241827
  1.17826769  1.57094773]","[0.00000000e+00 3.72391147e-01 3.90290852e-01 9.47525030e-06
 9.57935549e-02 1.15545611e+00 3.34920870e-01 2.11641232e-05]","[ 0.          2.43343997 15.32008076  0.810004   -2.33263183  5.20170069
  1.62004995 -0.39880592]"
1746810081.845338,"[ 0.          0.38389361  0.66816095 -3.10251875 -2.09719222  0.74471944
  1.17894879  1.57094773]","[0.00000000e+00 3.74355095e-01 3.91244530e-01 1.39493384e-05
 9.77752879e-02 1.17330342e+00 3.32760081e-01 2.11639139e-05]","[ 0.          2.42119718 15.27011108  0.81636918 -2.4101274   5.05015945
  1.61363649 -0.3881118 ]"
1746810081.8470798,"[ 0.          0.38426462  0.66854851 -3.10251822 -2.09709475  0.74589243
  1.17928169  1.57094773]","[0.00000000e+00 3.76245773e-01 3.92991830e-01 2.28550452e-05
 9.87555143e-02 1.18950929e+00 3.37621848e-01 2.11479478e-05]","[ 0.          2.42451715 15.39408684  0.80434346 -2.44891214  5.16931915
  1.52297688 -0.36289153]"
1746810081.8488352,"[ 0.          0.38504296  0.66935944 -3.10251822 -2.09699009  0.74837816
  1.17999235  1.57094773]","[0.00000000e+00 3.81377651e-01 3.97313374e-01 3.14247888e-05
 9.85520072e-02 1.22327151e+00 3.51075838e-01 2.11641232e-05]","[ 0.          2.36429238 15.43999004  0.83109647 -2.4753046   5.43446493
  1.44643164 -0.37529486]"
1746810081.850552,"[ 0.          0.38542086  0.66975246 -3.10251796 -2.09689421  0.74960155
  1.18034628  1.57094773]","[0.00000000e+00 3.83268329e-01 3.98663863e-01 3.53268831e-05
 9.72350907e-02 1.24082774e+00 3.58959560e-01 2.11481571e-05]","[ 0.          2.31403637 15.399189    0.8258391  -2.50025082  5.14351654
  1.46325314 -0.40697774]"
1746810081.852238,"[ 0.          0.3862061   0.67057717 -3.10251796 -2.09670353  0.75220432
  1.1810664   1.57094773]","[0.00000000e+00 3.83926496e-01 4.04117751e-01 3.47149973e-05
 9.69649962e-02 1.27916993e+00 3.66792383e-01 2.11639139e-05]","[ 0.          2.24502468 15.36175442  0.8639859  -2.51826429  4.86746454
  1.42456961 -0.39515242]"
1746810081.8545067,"[ 0.          0.38696606  0.67137938 -3.10251742 -2.09650619  0.7547814
  1.18182274  1.57094773]","[0.00000000e+00 3.86239385e-01 4.07577097e-01 5.13116688e-05
 9.69649962e-02 1.31402419e+00 3.70573739e-01 2.11479478e-05]","[ 0.          2.1986227  15.21484756  0.87341231 -2.38774586  4.75383854
  1.48520613 -0.37974674]"
1746810081.8555882,"[ 0.          0.38776364  0.67221601 -3.10251742 -2.09630699  0.7574118
  1.18256749  1.57094773]","[0.00000000e+00 3.90831041e-01 4.09003353e-01 5.05120012e-05
 9.72981660e-02 1.33914326e+00 3.79216862e-01 2.11641232e-05]","[ 0.          2.14975882 15.04331017  0.90029651 -2.23666692  5.1199441
  1.4759208  -0.37133056]"
1746810081.8572989,"[ 0.          0.3885351   0.67302928 -3.10251636 -2.09611737  0.76019341
  1.18336285  1.57094773]","[0.00000000e+00 3.91101152e-01 4.13249131e-01 6.52365805e-05
 9.58846017e-02 1.36426233e+00 3.89750663e-01 2.11799045e-05]","[ 0.          2.20189762 14.71719742  0.90598565 -2.08437276  5.30014038
  1.41690171 -0.36379573]"
1746810081.8590696,"[ 0.          0.38895205  0.67343841 -3.10251636 -2.09602363  0.76154616
  1.18375194  1.57094773]","[0.00000000e+00 3.92703409e-01 4.14449385e-01 6.42664382e-05
 9.50743100e-02 1.37209521e+00 3.94612396e-01 2.11959173e-05]","[ 0.          2.14207029 14.61909962  0.92308939 -2.01467729  5.21480465
  1.384166   -0.35851249]"
1746810081.860747,"[ 0.          0.38973265  0.67428562 -3.10251609 -2.09582842  0.76437437
  1.18458151  1.57094773]","[0.00000000e+00 3.96910838e-01 4.12708942e-01 7.51132768e-05
 9.49779784e-02 1.38451966e+00 4.09639849e-01 2.11959173e-05]","[ 0.          2.06165504 14.31749058  0.95520633 -1.90122163  4.96405506
  1.50354898 -0.37043616]"
1746810081.8624446,"[ 0.          0.39055094  0.67509929 -3.10251503 -2.0956388   0.76710271
  1.18541388  1.57094773]","[0.00000000e+00 4.00477243e-01 4.12708942e-01 8.96149318e-05
 9.69649962e-02 1.38641037e+00 4.24593232e-01 2.11959173e-05]","[ 0.          2.02457762 14.08017445  0.96799207 -1.70620251  4.91240168
  1.64389431 -0.34867254]"
1746810081.8642397,"[ 0.          0.39094586  0.67550475 -3.10251503 -2.0955328   0.76846878
  1.18583333  1.57094773]","[0.00000000e+00 4.00554541e-01 4.11088342e-01 8.83405757e-05
 9.98058484e-02 1.38560010e+00 4.25403532e-01 2.11957060e-05]","[ 0.          2.01277781 13.96086311  1.00201595 -1.64546049  5.14036179
  1.63391376 -0.35054988]"
1746810081.8659883,"[ 0.          0.39173701  0.67634371 -3.10251476 -2.09532827  0.7713151
  1.18671044  1.57094866]","[0.00000000e+00 4.01497833e-01 4.07847175e-01 9.08889872e-05
 1.05338016e-01 1.39127211e+00 4.30265266e-01 2.91443860e-05]","[ 0.          1.95705128 13.74983406  1.0102433  -1.52084374  5.08090496
  1.6710912  -0.34426799]"
1746810081.8676553,"[ 0.          0.39256309  0.67717482 -3.10251423 -2.09511256  0.77417187
  1.18756478  1.57094866]","[0.00000000e+00 4.04619757e-01 4.04238758e-01 9.71016101e-05
 1.10582022e-01 1.39696954e+00 4.35495648e-01 2.91443860e-05]","[ 0.          1.91381967 13.61385822  1.02070904 -1.52668357  5.15484381
  1.71278715 -0.35266331]"
1746810081.8693848,"[ 0.          0.39296397  0.67757389 -3.10251423 -2.09499405  0.7755484
  1.18802711  1.57094866]","[0.00000000e+00 4.06084828e-01 4.04606008e-01 9.56767035e-05
 1.11486989e-01 1.39613384e+00 4.35334060e-01 2.91440955e-05]","[ 0.          1.82123399 13.52645779  1.04165995 -1.54719114  5.20394421
  1.71591425 -0.34784049]"
1746810081.871071,"[ 0.          0.39376758  0.67836825 -3.10251369 -2.09476901  0.77831196
  1.1888909   1.57094866]","[0.00000000e+00 4.08387397e-01 4.02037489e-01 1.01650148e-04
 1.14521328e-01 1.40288628e+00 4.39988800e-01 2.91443860e-05]","[ 0.          1.84648263 13.41657352  1.03552127 -1.65165126  5.10709333
  1.76537251 -0.36257866]"
1746810081.8722026,"[ 0.          0.3946088   0.67918331 -3.10251316 -2.09453252  0.7811935
  1.18980796  1.57094866]","[0.00000000e+00 4.11088342e-01 3.97217234e-01 1.10935224e-04
 1.15855031e-01 1.40774802e+00 4.51383234e-01 2.91443860e-05]","[ 0.          1.79375434 13.42215061  1.03584301 -1.68600583  4.83931828
  1.72617829 -0.37018993]"
1746810081.8743954,"[ 0.          0.39501703  0.67957226 -3.10251316 -2.09441774  0.78258527
  1.1902579   1.57094866]","[0.00000000e+00 4.13639917e-01 3.94342319e-01 1.09484651e-04
 1.16294061e-01 1.41152944e+00 4.56464746e-01 2.91443860e-05]","[ 0.          1.88300169 13.4869585   1.01287568 -1.70345461  4.69629478
  1.64347088 -0.36286905]"
1746810081.875522,"[ 0.          0.39586881  0.68037541 -3.10251316 -2.09418871  0.78548199
  1.19116737  1.57094866]","[0.00000000e+00 4.16777187e-01 3.92201870e-01 1.08071521e-04
 1.16952203e-01 1.41400578e+00 4.62947079e-01 2.11959173e-05]","[ 0.          1.89722395 13.51391125  1.00188613 -1.73571014  4.8193531
  1.60618544 -0.33593503]"
1746810081.877262,"[ 0.          0.39669123  0.6811436  -3.1025129  -2.09394769  0.78827404
  1.19212345  1.57094866]","[0.00000000e+00 4.16760409e-01 3.88546281e-01 1.17018151e-04
 1.17762503e-01 1.41639117e+00 4.67808813e-01 2.11799045e-05]","[ 0.          1.96108878 13.62007141  0.99242425 -1.76590598  4.99623156
  1.55035329 -0.33966574]"
1746810081.8789318,"[ 0.          0.39710358  0.68152609 -3.1025129  -2.09383184  0.78967533
  1.19258764  1.57094866]","[0.00000000e+00 4.18110898e-01 3.87859985e-01 1.15545813e-04
 1.17492401e-01 1.42125291e+00 4.70779902e-01 2.11959173e-05]","[ 0.          1.92610288 13.54060555  0.97385913 -1.770046    5.23569155
  1.55920279 -0.35234836]"
1746810081.8805912,"[ 0.          0.39796731  0.68231499 -3.10251236 -2.09360121  0.79258444
  1.1935561   1.57094866]","[0.00000000e+00 4.22544096e-01 3.84428036e-01 1.20706817e-04
 1.16141912e-01 1.41828188e+00 4.73952393e-01 2.11961286e-05]","[ 0.          1.95668936 13.59516239  0.93389601 -1.83132029  5.40042734
  1.57743359 -0.32243297]"
1746810081.8828866,"[ 0.          0.39880395  0.68306993 -3.10251183 -2.09336632  0.79538695
  1.19449886  1.57094866]","[0.00000000e+00 4.24593232e-01 3.82458029e-01 1.25850454e-04
 1.15331620e-01 1.42017246e+00 4.78612725e-01 2.11959173e-05]","[ 0.          1.98650706 13.6834507   0.9014852  -1.8553462   5.20084238
  1.70820045 -0.34191537]"
1746810081.8845417,"[ 0.          0.39925625  0.68344643 -3.10251183 -2.09325234  0.79689097
  1.19497157  1.57094866]","[0.00000000e+00 4.25804837e-01 3.81530883e-01 1.24325995e-04
 1.15601723e-01 1.41634031e+00 4.79423025e-01 2.11959173e-05]","[ 0.          2.02859282 13.75585842  0.83622175 -1.8418268   5.30092001
  1.64427376 -0.32152173]"
1746810081.8862598,"[ 0.          0.40009841  0.68422387 -3.10251183 -2.09301825  0.79968589
  1.19595813  1.57094866]","[0.00000000e+00 4.27834399e-01 3.78676673e-01 1.22838045e-04
 1.20463473e-01 1.41909215e+00 4.81905324e-01 2.12119566e-05]","[ 0.          2.07923484 13.89713478  0.78874832 -1.7557652   5.16720629
  1.65056932 -0.30962726]"
1746810081.887961,"[ 0.          0.40098145  0.68496636 -3.10251236 -2.09276338  0.80259213
  1.19691035  1.57094866]","[0.00000000e+00 4.32324821e-01 3.76245773e-01 1.16372882e-04
 1.25595326e-01 1.41884794e+00 4.81313703e-01 2.11959173e-05]","[ 0.          2.13419557 14.0092535   0.73266405 -1.68705499  5.40917492
  1.6337204  -0.32856059]"
1746810081.8896413,"[ 0.          0.40140712  0.68533648 -3.10251183 -2.09263795  0.80398962
  1.19742128  1.57094866]","[0.00000000e+00 4.31615755e-01 3.75435506e-01 1.21385278e-04
 1.27215910e-01 1.41891066e+00 4.80973917e-01 2.11961286e-05]","[ 0.          2.12618709 14.05841637  0.7330026  -1.68958545  5.29174376
  1.60504723 -0.34636563]"
1746810081.8907366,"[ 0.          0.40229518  0.68611019 -3.10251183 -2.09237403  0.80680072
  1.19836963  1.57094866]","[0.00000000e+00 4.34080211e-01 3.78520379e-01 1.19965053e-04
 1.28644221e-01 1.42692491e+00 4.81313703e-01 2.11959173e-05]","[ 0.          2.19203281 14.21547127  0.68162227 -1.79491448  5.16460848
  1.60426116 -0.3667739 ]"
1746810081.8924549,"[ 0.          0.40315845  0.68685688 -3.10251183 -2.09211544  0.80972787
  1.19935806  1.57094959]","[0.00000000e+00 4.39178500e-01 3.78676673e-01 1.18473567e-04
 1.31267377e-01 1.43178677e+00 4.81523560e-01 2.91440955e-05]","[ 0.          2.1824615  14.33558655  0.59847295 -1.80394518  5.23263407
  1.62412667 -0.38582477]"
1746810081.8942194,"[ 0.          0.40359284  0.68725861 -3.10251183 -2.09198361  0.81113961
  1.1998337   1.57094959]","[0.00000000e+00 4.40528989e-01 3.78158821e-01 1.18473567e-04
 1.33698252e-01 1.43178677e+00 4.82394081e-01 2.91446766e-05]","[ 0.          2.18905044 14.43708324  0.57948041 -1.78070998  5.11320686
  1.58176851 -0.35339522]"
1746810081.8958972,"[ 0.          0.40456127  0.6880007  -3.10251183 -2.09170637  0.81408201
  1.2007927   1.57094959]","[0.00000000e+00 4.39718689e-01 3.76785995e-01 1.17121644e-04
 1.35048741e-01 1.43765558e+00 4.87255848e-01 2.91443860e-05]","[ 0.          2.11506581 14.42097473  0.53058183 -1.75122964  4.94523859
  1.59618032 -0.33325684]"
1746810081.8969932,"[ 0.          0.40499566  0.68837261 -3.10251183 -2.09157268  0.8155052
  1.20130922  1.57094959]","[0.00000000e+00 4.40528989e-01 3.76674042e-01 1.15800206e-04
 1.35588930e-01 1.44340095e+00 4.86490822e-01 2.91443860e-05]","[ 0.          2.13106918 14.37996006  0.49868366 -1.73457038  5.07039261
  1.60935354 -0.34969833]"
1746810081.8987143,"[ 0.          0.4059012   0.68914453 -3.10251183 -2.09129625  0.81835625
  1.20225678  1.57094959]","[0.00000000e+00 4.41939432e-01 3.76785995e-01 1.14508271e-04
 1.34913427e-01 1.44571604e+00 4.78612725e-01 2.91443860e-05]","[ 0.          2.16405153 14.3309164   0.46836752 -1.6265645   5.29549646
  1.5645287  -0.36956733]"
1746810081.9004035,"[ 0.          0.40677366  0.68988196 -3.1025113  -2.09102993  0.82131575
  1.20319474  1.57094959]","[0.00000000e+00 4.41971390e-01 3.72464417e-01 1.19103801e-04
 1.35048741e-01 1.44340095e+00 4.74831369e-01 2.91446766e-05]","[ 0.          2.15435123 14.34096909  0.45026931 -1.55560064  5.66283369
  1.71693099 -0.3575035 ]"
1746810081.9021847,"[ 0.          0.40720898  0.69027824 -3.1025113  -2.09089624  0.82274174
  1.20369222  1.57094959]","[0.00000000e+00 4.41609367e-01 3.73143457e-01 1.19102468e-04
 1.35588930e-01 1.44610193e+00 4.68435488e-01 2.91664395e-05]","[ 0.          2.07163477 14.3719902   0.47086537 -1.51332664  5.4921813
  1.82140529 -0.3479127 ]"
1746810081.9038596,"[ 0.          0.40811585  0.69101527 -3.1025113  -2.09061714  0.82568986
  1.20459983  1.57094959]","[0.00000000e+00 4.43229967e-01 3.73544795e-01 1.17803803e-04
 1.36668808e-01 1.43765558e+00 4.58355424e-01 2.91443860e-05]","[ 0.          2.02491808 14.31100655  0.49019161 -1.51371193  5.45994711
  1.89432526 -0.35552165]"
1746810081.9049904,"[ 0.          0.40855255  0.69138352 -3.1025113  -2.09048079  0.8271016
  1.2050507   1.57094959]","[0.00000000e+00 4.42959856e-01 3.73544795e-01 1.17803803e-04
 1.38149792e-01 1.43178677e+00 4.57275012e-01 2.91443860e-05]","[ 0.          2.01138186 14.25846767  0.47034091 -1.48779273  5.20264626
  1.87533116 -0.36780703]"
1746810081.9066448,"[ 0.          0.40942273  0.69214485 -3.1025113  -2.09020515  0.82990318
  1.20598866  1.57094959]","[0.00000000e+00 4.39812798e-01 3.70303628e-01 1.10707699e-04
 1.40180594e-01 1.41828188e+00 4.58085312e-01 2.91446766e-05]","[ 0.          1.94560671 14.18075943  0.45498702 -1.4765377   5.20061207
  1.80203354 -0.38890922]"
1746810081.9083717,"[ 0.          0.41032135  0.69286903 -3.1025113  -2.08991593  0.83279231
  1.20692197  1.57094959]","[0.00000000e+00 4.38098122e-01 3.65982083e-01 1.09435107e-04
 1.41684181e-01 1.40855828e+00 4.55144750e-01 2.91443860e-05]","[ 0.          1.84590399 14.12442112  0.43892562 -1.49968159  5.16973114
  1.73225784 -0.36223981]"
1746810081.9100566,"[ 0.          0.41075345  0.69325752 -3.1025113  -2.08977585  0.83417835
  1.20736898  1.57094959]","[0.00000000e+00 4.38098122e-01 3.65871196e-01 1.09435107e-04
 1.41927328e-01 1.40558726e+00 4.53223579e-01 2.91664395e-05]","[ 0.          1.7711904  14.12416553  0.43171248 -1.59353614  5.43382502
  1.77264917 -0.36036149]"
1746810081.9111633,"[ 0.          0.41164887  0.69397431 -3.1025113  -2.08949196  0.83694571
  1.20825568  1.57094959]","[0.00000000e+00 4.36427721e-01 3.62740916e-01 1.05431100e-04
 1.43961950e-01 1.40396673e+00 4.48276258e-01 2.91443860e-05]","[ 0.          1.81987536 14.00665569  0.43494529 -1.75075924  5.52864933
  1.69022214 -0.38197088]"
1746810081.9128635,"[ 0.          0.41207867  0.69432831 -3.1025113  -2.08935028  0.83843162
  1.20869324  1.57094959]","[0.00000000e+00 4.36379917e-01 3.58959560e-01 1.05516900e-04
 1.43691855e-01 1.39797169e+00 4.43320514e-01 2.91443860e-05]","[ 0.          1.79957294 13.99015808  0.42394292 -1.77704585  5.57118464
  1.63130534 -0.38715714]"
1746810081.914614,"[ 0.          0.41293415  0.69505981 -3.10251103 -2.0890568   0.84118946
  1.20960084  1.57094959]","[0.00000000e+00 4.33506433e-01 3.55357968e-01 1.06041998e-04
 1.42071272e-01 1.39802455e+00 4.44040267e-01 2.91443860e-05]","[ 0.          1.77123106 13.99248028  0.41435716 -1.87040234  5.45172262
  1.57572711 -0.38963073]"
1746810081.9162724,"[ 0.          0.41293415  0.69540928 -3.1025105  -2.08891671  0.84256891
  1.21003933  1.57094959]","[0.00000000e+00 4.33506433e-01 3.54367905e-01 1.11624323e-04
 1.42071272e-01 1.39910486e+00 4.44580456e-01 2.91443860e-05]","[ 0.          1.77123106 14.00388908  0.42551619 -1.90050435  5.17211199
  1.70275748 -0.39439598]"
1746810081.917989,"[ 0.          0.41381901  0.6961348  -3.1025105  -2.08862323  0.8454342
  1.21096025  1.57094959]","[0.00000000e+00 4.31345677e-01 3.53583537e-01 1.10223335e-04
 1.43690324e-01 1.39957611e+00 4.52386314e-01 2.91443860e-05]","[ 0.          1.75527489 14.00902748  0.43090501 -1.87823486  5.03255749
  1.69273031 -0.3881017 ]"
1746810081.919112,"[ 0.          0.41466577  0.69682768 -3.1025105  -2.08833907  0.8481949
  1.21185734  1.57094959]","[0.00000000e+00 4.28104510e-01 3.50586515e-01 1.09109055e-04
 1.43961950e-01 1.39991526e+00 4.56464746e-01 2.91446766e-05]","[ 0.          1.70313287 13.947896    0.43075803 -1.83683097  5.10886145
  1.6991384  -0.3756786 ]"
1746810081.9208412,"[ 0.          0.41511944  0.69717117 -3.1025105  -2.08818514  0.84989107
  1.21229969  1.57094959]","[0.00000000e+00 4.27309457e-01 3.48425760e-01 1.08018173e-04
 1.44807820e-01 1.39717234e+00 4.48631923e-01 2.91443860e-05]","[ 0.          1.68936956 13.97066307  0.42766887 -1.81973505  5.4006176
  1.64429677 -0.38665783]"
1746810081.9225128,"[ 0.          0.41596389  0.69787737 -3.1025105  -2.08789992  0.8526527
  1.21320437  1.57094959]","[0.00000000e+00 4.28374588e-01 3.43563993e-01 1.02616226e-04
 1.44355748e-01 1.40072553e+00 4.39178500e-01 2.91003827e-05]","[ 0.          1.69097555 13.93200397  0.44030038 -1.83812809  5.49970675
  1.78076458 -0.397542  ]"
1746810081.9236152,"[ 0.          0.4163877   0.69821492 -3.1025105  -2.08775584  0.85413961
  1.21363726  1.57094959]","[0.00000000e+00 4.29725077e-01 3.42483615e-01 1.02616226e-04
 1.46122739e-01 1.40004030e+00 4.38733519e-01 2.91443860e-05]","[ 0.          1.68946588 13.81379986  0.4227502  -1.90022159  5.44078112
  1.81211615 -0.39747941]"
1746810081.9253414,"[ 0.          0.41726385  0.69891054 -3.1025105  -2.08745224  0.85689272
  1.21453528  1.57094959]","[0.00000000e+00 4.26483910e-01 3.39038949e-01 9.61806219e-05
 1.49207229e-01 1.39424313e+00 4.39847885e-01 2.91443860e-05]","[ 0.          1.68028402 13.75823593  0.39414197 -1.92840886  5.68962383
  1.90996659 -0.38472509]"
1746810081.9264956,"[ 0.          0.41768446  0.69924444 -3.1025105  -2.0873031   0.85826731
  1.21496711  1.57094959]","[0.00000000e+00 4.26483910e-01 3.38702226e-01 9.62540035e-05
 1.51254584e-01 1.39424313e+00 4.38098122e-01 2.91664395e-05]","[ 0.          1.65429628 13.86349678  0.38763115 -1.92184424  5.43518257
  1.8726517  -0.37415263]"
1746810081.9282234,"[ 0.          0.41852202  0.6999318  -3.1025105  -2.0870051   0.8611089
  1.21584036  1.57094959]","[0.00000000e+00 4.25133421e-01 3.35026664e-01 9.52376087e-05
 1.51101335e-01 1.38674952e+00 4.44580456e-01 1.85186086e-05]","[ 0.          1.65338314 13.88139248  0.34619758 -1.94141793  5.04547262
  1.7481581  -0.37036985]"
1746810081.9299238,"[ 0.          0.41897386  0.70026017 -3.1025105  -2.08684424  0.86247784
  1.216318    1.57094959]","[0.00000000e+00 4.25554067e-01 3.33030192e-01 9.52376087e-05
 1.51464158e-01 1.38830108e+00 4.49455405e-01 1.85324169e-05]","[ 0.          1.6486609  13.81637859  0.32110754 -1.99612927  5.34056616
  1.66701889 -0.39024839]"
1746810081.9315922,"[ 0.          0.41980823  0.70091078 -3.1025105  -2.0865449   0.86520997
  1.21721216  1.57094959]","[0.00000000e+00 4.22544096e-01 3.28708614e-01 8.99466322e-05
 1.51794789e-01 1.38451966e+00 4.52413279e-01 1.85184257e-05]","[ 0.          1.63149714 13.95928955  0.2735813  -2.00608754  5.57570934
  1.57341206 -0.4224951 ]"
1746810081.933318,"[ 0.          0.42022425  0.70125978 -3.1025105  -2.08639443  0.86667877
  1.21765744  1.57094959]","[0.00000000e+00 4.22320590e-01 3.28506680e-01 9.00145929e-05
 1.52605073e-01 1.38298808e+00 4.51602979e-01 1.85186086e-05]","[ 0.          1.65175426 14.10258102  0.23617776 -1.99841499  5.4681201
  1.59197533 -0.42488056]"
1746810081.9350026,"[ 0.          0.42109121  0.70190493 -3.1025105  -2.08608178  0.86941377
  1.21858875  1.57094959]","[0.00000000e+00 4.23782932e-01 3.26277747e-01 8.73011481e-05
 1.52064884e-01 1.38830108e+00 4.54303957e-01 1.85184257e-05]","[ 0.          1.61358678 14.26425266  0.24187663 -2.02864909  5.3722496
  1.63419616 -0.39819866]"
1746810081.9367156,"[ 0.          0.42195953  0.70254596 -3.1025105  -2.08577259  0.8722525
  1.21948969  1.57094959]","[0.00000000e+00 4.24300218e-01 3.25197369e-01 8.73671094e-05
 1.49708768e-01 1.38674952e+00 4.55384334e-01 1.85184257e-05]","[ 0.          1.61552286 14.32441616  0.23272321 -2.04391599  5.40549135
  1.67066753 -0.40813857]"
1746810081.9383624,"[ 0.          0.42237555  0.70288764 -3.1025105  -2.08562718  0.87362043
  1.21994057  1.57094959]","[0.00000000e+00 4.21464783e-01 3.21735925e-01 8.73671094e-05
 1.47473228e-01 1.38722064e+00 4.57275012e-01 1.85324169e-05]","[ 0.          1.56089067 14.27218628  0.23272321 -2.02463531  5.2659688
  1.706918   -0.40255666]"
1746810081.9394915,"[ 0.          0.42320576  0.70351715 -3.1025105  -2.08534009  0.87498843
  1.22088998  1.57094959]","[0.00000000e+00 4.21081954e-01 3.18661938e-01 8.73011481e-05
 1.44772250e-01 1.38608493e+00 4.66998546e-01 1.85184257e-05]","[ 0.          1.47127306 14.32752132  0.18488911 -1.91794801  5.40694904
  1.73531103 -0.41587326]"
1746810081.9412515,"[ 0.          0.42406676  0.70417108 -3.1025105  -2.08504022  0.87782996
  1.22181849  1.57094959]","[0.00000000e+00 4.19731465e-01 3.18715035e-01 8.73679709e-05
 1.46448776e-01 1.38750187e+00 4.72339349e-01 1.85184257e-05]","[ 0.          1.47156775 14.32913876  0.13071616 -1.82349515  5.29275036
  1.77869856 -0.41468275]"
1746810081.9429266,"[ 0.          0.42448185  0.70448514 -3.1025105  -2.08489507  0.87919989
  1.22231784  1.57094959]","[0.00000000e+00 4.21081954e-01 3.18444924e-01 8.73011481e-05
 1.47203117e-01 1.38938139e+00 4.69748527e-01 1.85184257e-05]","[ 0.          1.54105973 14.4650774   0.11540018 -1.7512747   5.09675884
  1.86837614 -0.4175998 ]"
1746810081.9440181,"[ 0.          0.42530703  0.70513395 -3.10251103 -2.08460399  0.88203569
  1.22324062  1.57094959]","[0.00000000e+00 4.18766569e-01 3.15671009e-01 7.67191870e-05
 1.47203117e-01 1.38223573e+00 4.67808813e-01 1.85184257e-05]","[ 0.          1.44476843 14.4914856   0.1049187  -1.65414     5.36498928
  1.7617147  -0.42340463]"
1746810081.946351,"[ 0.          0.42575104  0.70544254 -3.10251103 -2.08444686  0.88339703
  1.22370015  1.57094959]","[0.00000000e+00 4.18031037e-01 3.13042968e-01 7.67771511e-05
 1.47953396e-01 1.38073824e+00 4.66188246e-01 1.85046377e-05]","[ 0.          1.39408875 14.4864502   0.09451729 -1.63410711  5.76366282
  1.71985698 -0.43377447]"
1746810081.9474332,"[ 0.          0.42657529  0.70605467 -3.10251103 -2.08415125  0.88610633
  1.2246505   1.57094959]","[0.00000000e+00 4.17300598e-01 3.10071912e-01 7.14289177e-05
 1.50984489e-01 1.37209521e+00 4.63169353e-01 1.85184257e-05]","[ 0.          1.35004675 14.59741783  0.06886633 -1.63565469  5.58417463
  1.75970066 -0.42803869]"
1746810081.949717,"[ 0.          0.427428    0.7066897  -3.10251103 -2.08383727  0.88889846
  1.22556942  1.57094959]","[0.00000000e+00 4.15950109e-01 3.09448267e-01 7.14821760e-05
 1.53470300e-01 1.36048104e+00 4.66998546e-01 1.85044548e-05]","[ 0.          1.36714065 14.75321865  0.03138695 -1.66673052  5.21914339
  1.65005624 -0.43537879]"
1746810081.9507997,"[ 0.          0.42783716  0.7069951  -3.10251103 -2.08368413  0.89023217
  1.22606224  1.57094959]","[0.00000000e+00 4.14449385e-01 3.09801801e-01 6.88346925e-05
 1.55306051e-01 1.35264815e+00 4.63921663e-01 1.85184257e-05]","[ 0.          1.39595997 14.91440105  0.02521267 -1.68298268  5.53502131
  1.66274762 -0.43706465]"
1746810081.9524887,"[ 0.          0.42868298  0.70760443 -3.10251103 -2.08337974  0.89297476
  1.2269793   1.57094959]","[0.00000000e+00 4.12514132e-01 3.08408602e-01 6.88353671e-05
 1.54765862e-01 1.33734815e+00 4.65107868e-01 1.85186086e-05]","[ 0.          1.4198364  15.0315733   0.03133975 -1.71952796  5.72898531
  1.58294892 -0.40377262]"
1746810081.9542167,"[ 0.          0.42949758  0.70823167 -3.1025113  -2.08306522  0.89559371
  1.22793058  1.57094959]","[0.00000000e+00 4.12979053e-01 3.05480256e-01 6.08462536e-05
 1.52875167e-01 1.32563837e+00 4.63921663e-01 1.85184257e-05]","[ 0.          1.36931705 15.16033936  0.02438858 -1.76098847  5.76899338
  1.44046807 -0.41140997]"
1746810081.9558933,"[ 0.          0.42990441  0.70853521 -3.1025113  -2.08291475  0.89699879
  1.22838532  1.57094959]","[0.00000000e+00 4.12708942e-01 3.07911123e-01 6.08462536e-05
 1.52605073e-01 1.32305443e+00 4.60859061e-01 1.85184257e-05]","[ 0.00000000e+00  1.31671894e+00  1.52054758e+01 -6.03482313e-03
 -1.79859030e+00  5.48805046e+00  1.45941353e+00 -4.37324554e-01]"
1746810081.9570181,"[ 0.          0.43030804  0.70886164 -3.1025113  -2.08276401  0.89829828
  1.22884005  1.57094959]","[0.00000000e+00 4.09467775e-01 3.07442141e-01 6.08462536e-05
 1.52875167e-01 1.31807566e+00 4.61326479e-01 1.85046377e-05]","[ 0.00000000e+00  1.35848069e+00  1.52790470e+01  3.08571104e-03
 -1.84369910e+00  5.71171713e+00  1.51346874e+00 -4.31483895e-01]"
1746810081.958709,"[ 0.          0.43114331  0.70947377 -3.10251103 -2.08245189  0.90089347
  1.22978374  1.57094959]","[0.00000000e+00 4.07433953e-01 3.10837038e-01 5.29502833e-05
 1.52450459e-01 1.31213348e+00 4.60410885e-01 1.85186086e-05]","[ 0.          1.37320757 15.4119997   0.02968027 -1.94400322  5.60106945
  1.67312884 -0.43397287]"
1746810081.9604456,"[ 0.          0.43194599  0.71010887 -3.10251103 -2.08215202  0.90357707
  1.23068456  1.57094959]","[0.00000000e+00 4.07036909e-01 3.09699036e-01 5.02637927e-05
 1.52064884e-01 1.30951293e+00 4.52413279e-01 1.85184257e-05]","[ 0.          1.40553069 15.43624687  0.06047127 -1.94219112  5.426126
  1.77017462 -0.41188219]"
1746810081.9621472,"[ 0.          0.43237625  0.71041373 -3.10251103 -2.08200208  0.90486797
  1.23112598  1.57094959]","[0.00000000e+00 4.05241838e-01 3.09261612e-01 5.03022715e-05
 1.52064884e-01 1.30916245e+00 4.47821623e-01 1.85184257e-05]","[ 0.          1.41759503 15.44639111  0.07059341 -1.88564825  5.39950562
  1.67527652 -0.42746022]"
1746810081.9638152,"[ 0.          0.43317111  0.71102034 -3.1025113  -2.08168623  0.90744697
  1.23203837  1.57094959]","[0.00000000e+00 4.02985442e-01 3.06830745e-01 3.70368514e-05
 1.55035956e-01 1.30727174e+00 4.45660834e-01 1.85184257e-05]","[ 0.          1.46153975 15.4511652   0.07914273 -1.76992035  5.47999859
  1.66221583 -0.43364677]"
1746810081.9649303,"[ 0.          0.43356645  0.71132294 -3.1025113  -2.08153337  0.90883402
  1.2324778   1.57094959]","[0.00000000e+00 4.00418554e-01 3.06830745e-01 3.70368514e-05
 1.55035956e-01 1.30600208e+00 4.45660834e-01 1.85186086e-05]","[ 0.          1.47072446 15.35543156  0.07569714 -1.7035079   5.33184576
  1.70448732 -0.43298033]"
1746810081.9666173,"[ 0.          0.43438934  0.71195337 -3.1025113  -2.08121379  0.91140536
  1.23334066  1.57094959]","[0.00000000e+00 4.01905030e-01 3.07370934e-01 3.44173463e-05
 1.55225673e-01 1.30109041e+00 4.35495648e-01 1.05740785e-05]","[ 0.          1.50226998 15.27040195  0.11783639 -1.53735328  5.49272251
  1.78326166 -0.41832209]"
1746810081.968354,"[ 0.          0.43521082  0.71255904 -3.1025113  -2.08090752  0.9140624
  1.23421777  1.57094959]","[0.00000000e+00 3.99975703e-01 3.07911123e-01 2.91003827e-05
 1.55035956e-01 1.29592774e+00 4.27294210e-01 1.05819570e-05]","[ 0.          1.45993936 15.12613964  0.14231628 -1.43631947  5.27031374
  1.82379436 -0.42064407]"
1746810081.9700594,"[ 0.          0.43560344  0.71288508 -3.10251103 -2.08075412  0.91533998
  1.23463442  1.57094959]","[0.00000000e+00 3.97720305e-01 3.06651848e-01 3.17698567e-05
 1.55576145e-01 1.29565756e+00 4.22432443e-01 1.05820616e-05]","[ 0.          1.50992584 15.11954594  0.1340899  -1.34090185  5.33126783
  1.78228664 -0.41446313]"
1746810081.9717257,"[ 0.          0.43638451  0.71348802 -3.10251103 -2.08043375  0.91797984
  1.23548677  1.57094959]","[0.00000000e+00 3.95422697e-01 3.05480256e-01 2.64551545e-05
 1.55476443e-01 1.28523195e+00 4.13767948e-01 1.05819570e-05]","[ 0.          1.53560841 14.98464966  0.15616316 -1.15020037  5.48131323
  1.81412971 -0.42145818]"
1746810081.9734738,"[ 0.          0.4367739   0.71378829 -3.10251103 -2.08027848  0.91924511
  1.2358921   1.57094959]","[0.00000000e+00 3.94882508e-01 3.04669956e-01 2.64551545e-05
 1.57307283e-01 1.28323312e+00 4.11088342e-01 1.05819570e-05]","[ 0.          1.51319993 14.77382374  0.1477928  -1.09896171  5.66854668
  1.87617385 -0.42439297]"
1746810081.975077,"[ 0.          0.4375793   0.71441187 -3.1025113  -2.07996716  0.9217594
  1.23670636  1.57094959]","[0.00000000e+00 3.92721719e-01 3.03429822e-01 1.85184257e-05
 1.58277123e-01 1.27458996e+00 4.13789320e-01 1.05739739e-05]","[ 0.          1.56607163 14.58479881  0.14844769 -0.88734853  5.66254997
  1.77374566 -0.41881561]"
1746810081.9762967,"[ 0.          0.43835076  0.71501208 -3.1025113  -2.07962947  0.92440019
  1.23757016  1.57094959]","[0.00000000e+00 3.90831041e-01 3.04361263e-01 1.85324169e-05
 1.67190340e-01 1.29697450e+00 4.25673610e-01 1.05820616e-05]","[ 0.          1.51638114 14.39226437  0.13921861 -0.73991978  5.50008488
  1.67664194 -0.41848704]"
1746810081.97796,"[ 0.          0.43876588  0.71533392 -3.1025113  -2.0794601   0.92569396
  1.2379916   1.57094959]","[0.00000000e+00 3.90948020e-01 3.02928316e-01 1.85324169e-05
 1.71607942e-01 1.31213348e+00 4.27294210e-01 1.05820616e-05]","[ 0.          1.55369532 14.39563942  0.12474212 -0.68124497  5.17884874
  1.76594687 -0.41671368]"
1746810081.9797568,"[ 0.          0.43953823  0.7159318  -3.1025113  -2.07909924  0.92832622
  1.23894954  1.57094959]","[0.00000000e+00 3.92181530e-01 3.02779278e-01 1.58729355e-05
 1.78045601e-01 1.34211441e+00 4.37566355e-01 1.05819570e-05]","[ 0.          1.51562119 14.2281189   0.12203888 -0.71138304  5.10506821
  1.82217181 -0.39985365]"
1746810081.98152,"[ 0.          0.43992532  0.71622935 -3.1025113  -2.07892107  0.92976746
  1.23938337  1.57094959]","[0.00000000e+00 3.92721719e-01 3.01698867e-01 1.05899522e-05
 1.80695214e-01 1.35715888e+00 4.39988800e-01 1.05819570e-05]","[ 0.          1.42494833 14.10270214  0.1364232  -0.71879035  5.17505074
  1.80938494 -0.47678173]"
1746810081.9827142,"[ 0.          0.44072476  0.71684653 -3.1025113  -2.07855782  0.9324968
  1.24025849  1.57094959]","[0.00000000e+00 3.89355749e-01 3.00922156e-01 1.05899522e-05
 1.85016775e-01 1.39235255e+00 4.43770156e-01 1.05740785e-05]","[ 0.          1.40772593 13.97040081  0.14319466 -0.714746    5.0506258
  1.92280424 -0.47574058]"
1746810081.9844465,"[ 0.          0.44149345  0.71744621 -3.1025113  -2.07817113  0.93539732
  1.24117848  1.57094959]","[0.00000000e+00 3.88940363e-01 3.04361263e-01 5.29097849e-06
 1.89608431e-01 1.42436481e+00 4.50522601e-01 1.05820616e-05]","[ 0.          1.44033051 13.79336452  0.17830859 -0.70701844  5.04641771
  1.83287942 -0.44520703]"
1746810081.9861891,"[ 0.          0.44187688  0.71774608 -3.1025113  -2.07798151  0.93681379
  1.24162362  1.57094959]","[0.00000000e+00 3.88940363e-01 3.04129767e-01 5.29502843e-06
 1.92309409e-01 1.43664851e+00 4.51602979e-01 1.05819570e-05]","[ 0.          1.52992702 13.72080135  0.21341869 -0.64918119  5.35333347
  1.9057548  -0.4305608 ]"
1746810081.9878802,"[ 0.          0.44267633  0.71836826 -3.10251103 -2.07760414  0.93969053
  1.24256159  1.57094959]","[0.00000000e+00 3.90831041e-01 3.03429822e-01 1.32274462e-05
 1.92309409e-01 1.46446856e+00 4.60979902e-01 1.05819570e-05]","[ 0.          1.5633024  13.49754429  0.27371514 -0.60508728  5.20656347
  1.93627989 -0.3999722 ]"
1746810081.9896343,"[ 0.          0.44347624  0.71895789 -3.10251103 -2.07720227  0.94273093
  1.24349103  1.57094959]","[0.00000000e+00 3.90948020e-01 2.97408848e-01 7.93646773e-06
 1.97981443e-01 1.48816337e+00 4.74831369e-01 1.05819570e-05]","[ 0.          1.64850664 13.27842522  0.33328167 -0.58870196  4.89971495
  1.93255329 -0.41408804]"
1746810081.9913788,"[ 0.          0.44424493  0.71956262 -3.1025105  -2.07678708  0.9456933
  1.24446136  1.57094959]","[0.00000000e+00 3.89750663e-01 2.94402172e-01 1.32275773e-05
 2.04627062e-01 1.50264883e+00 4.72949313e-01 1.05819570e-05]","[ 0.          1.69257212 13.18261623  0.40059644 -0.64970309  5.05616188
  1.87174582 -0.40408197]"
1746810081.9930682,"[ 0.          0.44463019  0.71985191 -3.1025105  -2.07658548  0.94729532
  1.24492941  1.57094959]","[0.00000000e+00 3.90831041e-01 2.93325855e-01 1.32274462e-05
 2.04256633e-01 1.50862310e+00 4.74831369e-01 1.05819570e-05]","[ 0.          1.71964693 13.13334465  0.45849818 -0.67718136  5.00304317
  1.88343763 -0.42941597]"
1746810081.9947598,"[ 0.          0.44543007  0.72042589 -3.1025105  -2.07617562  0.95028618
  1.24540039  1.57094959]","[0.00000000e+00 3.90830774e-01 2.90084689e-01 1.32274462e-05
 2.09055449e-01 1.51848798e+00 4.77048517e-01 0.00000000e+00]","[ 0.          1.79040599 13.03861713  0.53527236 -0.77165908  5.21237707
  1.8662312  -0.43505168]"
1746810081.9959455,"[ 0.          0.44581397  0.72073222 -3.1025105  -2.07596789  0.95178355
  1.24591211  1.57094959]","[0.00000000e+00 3.89480552e-01 2.88112451e-01 1.32275773e-05
 2.10676033e-01 1.51848798e+00 4.81976963e-01 0.00000000e+00]","[ 0.          1.88447344 13.07730865  0.56368738 -0.80546886  5.09140539
  1.76590133 -0.39231858]"
1746810081.9976916,"[ 0.          0.44658312  0.72129102 -3.10250997 -2.0755346   0.95488573
  1.24686539  1.57094959]","[0.00000000e+00 3.90290852e-01 2.82251866e-01 1.85186086e-05
 2.11756427e-01 1.51281598e+00 4.84554870e-01 0.00000000e+00]","[ 0.          1.94935453 13.09930992  0.62137693 -0.88791496  5.19937515
  1.74565172 -0.40228096]"
1746810081.9994514,"[ 0.          0.44738899  0.72186273 -3.10250997 -2.07511621  0.95786714
  1.24787566  1.57094959]","[0.00000000e+00 3.94342319e-01 2.78352998e-01 1.85184257e-05
 2.12836805e-01 1.51200571e+00 4.96270781e-01 0.00000000e+00]","[ 0.          2.00102186 13.14298344  0.61861175 -0.95332617  5.09898472
  1.76798093 -0.39181098]"
1746810082.0006337,"[ 0.          0.44778021  0.72213777 -3.1025097  -2.07490689  0.95946916
  1.24836648  1.57094959]","[0.00000000e+00 3.96371181e-01 2.79010699e-01 1.58729355e-05
 2.12296616e-01 1.50862310e+00 4.97285279e-01 0.00000000e+00]","[ 0.          2.01414537 13.17723274  0.61947209 -1.01968944  5.23884344
  1.82366741 -0.39983004]"
1746810082.0023997,"[ 0.          0.44859527  0.72268372 -3.1025097  -2.0744656   0.96244485
  1.24934639  1.57094959]","[0.00000000e+00 3.98220314e-01 2.76579815e-01 1.58730919e-05
 2.15319404e-01 1.51092527e+00 4.96979349e-01 0.00000000e+00]","[ 0.          2.00770354 13.27189445  0.61715078 -1.15114188  4.95409584
  1.88529563 -0.41694716]"
1746810082.0040994,"[ 0.          0.44898789  0.72295649 -3.1025097  -2.07425069  0.96393076
  1.2498725   1.57094959]","[0.00000000e+00 3.98123675e-01 2.76579815e-01 1.58729355e-05
 2.17968666e-01 1.50561692e+00 4.95518472e-01 0.00000000e+00]","[ 0.          2.006531   13.35652256  0.61683244 -1.18099058  4.90488434
  1.94125271 -0.40033391]"
1746810082.0052497,"[ 0.          0.44977402  0.72351256 -3.1025097  -2.07380141  0.96701683
  1.25085614  1.57094959]","[0.00000000e+00 3.99204086e-01 2.70097482e-01 1.58729355e-05
 2.20174713e-01 1.50714398e+00 4.98059760e-01 0.00000000e+00]","[ 0.          2.04343462 13.51454353  0.60588193 -1.21809793  4.98813677
  1.92781341 -0.42166418]"
1746810082.0070608,"[ 0.          0.45019923  0.72377708 -3.1025097  -2.07358303  0.96850374
  1.25138411  1.57094959]","[0.00000000e+00 4.00100506e-01 2.68206787e-01 1.58849283e-05
 2.21479928e-01 1.50795425e+00 4.97023091e-01 0.00000000e+00]","[ 0.          2.0456388  13.59767151  0.57679015 -1.25520086  4.79147768
  1.94403648 -0.42132235]"
1746810082.0082278,"[ 0.          0.45099225  0.72432029 -3.1025097  -2.07314547  0.97147556
  1.25237148  1.57094959]","[0.00000000e+00 4.01905030e-01 2.64311847e-01 1.58729355e-05
 2.21255523e-01 1.50948517e+00 5.03161711e-01 0.00000000e+00]","[ 0.          2.03939176 13.81507397  0.50409776 -1.27184272  4.82615852
  1.88618839 -0.40481988]"
1746810082.0100267,"[ 0.          0.45138899  0.72458069 -3.10250997 -2.07290792  0.97307758
  1.25287375  1.57094959]","[0.00000000e+00 4.02445253e-01 2.64155337e-01 1.32374398e-05
 2.23685458e-01 1.50720390e+00 5.08887707e-01 0.00000000e+00]","[ 0.          2.02651715 13.92966747  0.48902038 -1.26455581  5.24837494
  1.85026276 -0.41762164]"
1746810082.0118086,"[ 0.          0.45221507  0.72509907 -3.10250997 -2.07246663  0.97604281
  1.25392024  1.57094959]","[0.00000000e+00 4.04335931e-01 2.62534753e-01 1.32274462e-05
 2.24180906e-01 1.50228211e+00 5.12104805e-01 0.00000000e+00]","[ 0.          2.01861095 14.11521721  0.43090674 -1.22908485  5.22517586
  1.76254058 -0.4121739 ]"
1746810082.0135713,"[ 0.          0.45261548  0.72537784 -3.10250997 -2.07224586  0.97764198
  1.2544273   1.57094959]","[0.00000000e+00 4.06226608e-01 2.62554577e-01 1.32274462e-05
 2.23910811e-01 1.50586460e+00 5.14265594e-01 0.00000000e+00]","[ 0.          1.99736619 14.19851017  0.38650349 -1.27157366  4.88606644
  1.67033637 -0.3962326 ]"
1746810082.0146692,"[ 0.          0.45345258  0.72588983 -3.10250997 -2.07178886  0.98060334
  1.25548325  1.57094959]","[0.00000000e+00 4.09504893e-01 2.59023475e-01 1.05899522e-05
 2.23414115e-01 1.50012136e+00 5.16833781e-01 0.00000000e+00]","[ 0.          2.01104069 14.40395546  0.3406516  -1.30644858  4.96317911
  1.59699702 -0.41800436]"
1746810082.0163789,"[ 0.          0.45385621  0.72614556 -3.10250997 -2.07156702  0.98355526
  1.25650776  1.57094959]","[0.00000000e+00 4.09467775e-01 2.59030865e-01 1.05820616e-05
 2.24991189e-01 1.49444936e+00 5.19937628e-01 0.00000000e+00]","[ 0.          1.92239141 14.46118546  0.30145591 -1.2879988   5.11951256
  1.60743403 -0.41985175]"
1746810082.0181322,"[ 0.          0.45466485  0.72671454 -3.1025105  -2.07110523  0.98513824
  1.25702242  1.57094959]","[0.         0.41081826 0.2579431  0.         0.22569162 1.49056767
 0.52182834 0.        ]","[ 0.          1.74692118 14.72362709  0.20024358 -1.29296064  4.90217304
  1.72960699 -0.42900839]"
1746810082.0192337,"[ 0.          0.45550701  0.72722654 -3.10251103 -2.07065755  0.98807491
  1.25809261  1.57094959]","[ 0.00000000e+00  4.11374466e-01  2.60914170e-01 -5.29897933e-06
  2.27692167e-01  1.49066793e+00  5.21828339e-01  0.00000000e+00]","[ 0.          1.60246158 14.95102882  0.13998264 -1.23870516  4.89306927
  1.81516695 -0.42557204]"
1746810082.021059,"[ 0.          0.4559143   0.7275057  -3.10251103 -2.07043118  0.98954278
  1.25860833  1.57094959]","[ 0.00000000e+00  4.12979053e-01  2.62805347e-01 -5.29897933e-06
  2.29350235e-01  1.48877722e+00  5.22908717e-01  0.00000000e+00]","[ 0.          1.5767144  15.06113911  0.08959948 -1.28984988  5.24414015
  1.65988636 -0.43038723]"
1746810082.0227242,"[ 0.          0.4567266   0.72802369 -3.1025113  -2.06995847  0.99258697
  1.2596756   1.57094959]","[ 0.00000000e+00  4.12708942e-01  2.63342024e-01 -7.95448397e-06
  2.30740488e-01  1.48580620e+00  5.19592249e-01  0.00000000e+00]","[ 0.          1.43383431 15.13059998 -0.04646474 -1.31965005  5.21216202
  1.67235887 -0.43556705]"
1746810082.0239513,"[ 0.          0.45716512  0.72828401 -3.1025113  -2.0697313   0.99405484
  1.26018652  1.57094959]","[ 0.00000000e+00  4.13015639e-01  2.63887689e-01 -7.94846874e-06
  2.30393145e-01  1.48877722e+00  5.18046950e-01  0.00000000e+00]","[ 0.          1.29017425 15.12520695 -0.09773099 -1.30675745  5.01617146
  1.74493277 -0.41227883]"
1746810082.0257804,"[ 0.          0.45798065  0.72882543 -3.10251183 -2.06927537  0.99710855
  1.26121011  1.57094959]","[ 0.00000000e+00  4.13909728e-01  2.64309950e-01 -1.32574726e-05
  2.32283823e-01  1.49157075e+00  5.19127361e-01  0.00000000e+00]","[ 0.          1.12454236 15.15054989 -0.17932296 -1.350348    4.81603146
  1.72365522 -0.44977146]"
1746810082.027499,"[ 0.          0.45882604  0.72934661 -3.10251236 -2.06879627  1.00004995
  1.26227178  1.57094959]","[ 0.00000000e+00  4.12168753e-01  2.64155337e-01 -1.85464284e-05
  2.33904407e-01  1.49104637e+00  5.16156272e-01  0.00000000e+00]","[ 0.          1.06948674 15.0972929  -0.25388226 -1.29535866  4.87922335
  1.71261895 -0.4512527 ]"
1746810082.0293365,"[ 0.          0.4592315   0.72960787 -3.10251236 -2.06856537  1.00152161
  1.26278257  1.57094959]","[ 0.00000000e+00  4.11088342e-01  2.64697157e-01 -1.85464284e-05
  2.33937247e-01  1.49255865e+00  5.18046950e-01  0.00000000e+00]","[ 0.          1.02933645 15.10972118 -0.28983033 -1.28116858  4.66905165
  1.62520158 -0.4428612 ]"
1746810082.0305004,"[ 0.          0.46006814  0.73015109 -3.1025129  -2.06808041  1.00457912
  1.26384717  1.57094959]","[ 0.00000000e+00  4.07749504e-01  2.64965620e-01 -2.38636886e-05
  2.37979276e-01  1.49363909e+00  5.20595329e-01  0.00000000e+00]","[ 0.          0.94805914 14.96245098 -0.37715718 -1.21623826  4.67246389
  1.66387641 -0.41209507]"
1746810082.0322626,"[ 0.          0.46047084  0.73041327 -3.10251316 -2.06784685  1.00605178
  1.26435796  1.57094959]","[ 0.00000000e+00  4.08387397e-01  2.65775920e-01 -2.64948971e-05
  2.36875479e-01  1.49363909e+00  5.18046950e-01  0.00000000e+00]","[ 0.          0.83700401 14.85202789 -0.42547214 -1.22117746  4.98822594
  1.67708254 -0.44665009]"
1746810082.03397,"[ 0.          0.46127305  0.73067639 -3.10251316 -2.0673808   1.00909877
  1.26537116  1.57094959]","[ 0.00000000e+00  4.07036909e-01  2.66856298e-01 -2.64948971e-05
  2.36065196e-01  1.48605388e+00  5.12374916e-01  0.00000000e+00]","[ 0.          0.70001245 14.82908821 -0.49040595 -1.25272727  5.33531523
  1.78325701 -0.44203481]"
1746810082.0357282,"[ 0.          0.46209913  0.73122374 -3.10251369 -2.06690036  1.01201739
  1.26641752  1.57094959]","[ 0.00000000e+00  4.02445253e-01  2.67396504e-01 -3.17938749e-05
  2.34247938e-01  1.47755520e+00  5.08323450e-01  0.00000000e+00]","[ 0.          0.59989125 14.66279984 -0.55198294 -1.20043075  5.223948
  2.04813766 -0.43021932]"
1746810082.036936,"[ 0.          0.46249358  0.73148686 -3.10251423 -2.06666813  1.01358227
  1.26691313  1.57094959]","[ 0.00000000e+00  4.00014352e-01  2.66856298e-01 -3.70928568e-05
  2.35525007e-01  1.47351545e+00  5.02651416e-01  0.00000000e+00]","[ 0.          0.55660206 14.5569315  -0.55904371 -1.16666746  5.15333319
  2.03037906 -0.4027077 ]"
1746810082.0386758,"[ 0.          0.46327788  0.73203194 -3.10251476 -2.06620341  1.01646667
  1.26793299  1.57094959]","[ 0.00000000e+00  3.97176022e-01  2.65775920e-01 -4.24239132e-05
  2.36605385e-01  1.45542965e+00  4.98026171e-01  0.00000000e+00]","[ 0.          0.45090395 14.38206387 -0.63161653 -1.08308804  5.08973169
  1.99602532 -0.41908634]"
1746810082.0404487,"[ 0.          0.46369849  0.73229227 -3.10251503 -2.06591313  1.01789552
  1.26842288  1.57094959]","[ 0.00000000e+00  3.95590908e-01  2.64155337e-01 -4.50413255e-05
  2.39114132e-01  1.44907295e+00  4.96979349e-01  0.00000000e+00]","[ 0.          0.40960085 14.38061619 -0.68071926 -1.06981766  4.83665371
  2.02579546 -0.43229732]"
1746810082.0415814,"[ 0.          0.46446948  0.73283462 -3.10251556 -2.06543642  1.02084644
  1.26940466  1.57094959]","[ 0.00000000e+00  3.88940363e-01  2.64697157e-01 -5.03398035e-05
  2.42277435e-01  1.43600229e+00  4.96979349e-01  0.00000000e+00]","[ 0.          0.2932601  14.30193901 -0.74481171 -1.09382296  4.86181068
  1.98102272 -0.43438792]"
1746810082.0433643,"[ 0.          0.46525927  0.7333558  -3.10251636 -2.06493868  1.02366806
  1.27042158  1.57094959]","[ 0.00000000e+00  3.84428036e-01  2.64155337e-01 -5.29897943e-05
  2.42994641e-01  1.42692491e+00  4.95898971e-01  0.00000000e+00]","[ 0.          0.25896496 14.17014217 -0.82246673 -1.13127923  4.84731865
  1.89970541 -0.43434089]"
1746810082.0451899,"[ 0.          0.46563764  0.73361473 -3.10251689 -2.06469846  1.02518253
  1.27090681  1.57094959]","[ 0.00000000e+00  3.83808518e-01  2.62534753e-01 -5.82887721e-05
  2.43627924e-01  1.42612023e+00  4.91618971e-01  0.00000000e+00]","[ 0.          0.23727237 14.10562611 -0.8169868  -1.13500535  5.08781338
  1.98033273 -0.46474043]"
1746810082.0468705,"[ 0.          0.46641828  0.73414969 -3.10251796 -2.06422149  1.02797552
  1.27190377  1.57094959]","[ 0.00000000e+00  3.80164981e-01  2.60373964e-01 -6.89388604e-05
  2.40952662e-01  1.41423042e+00  4.86490822e-01  0.00000000e+00]","[ 0.          0.18832393 14.05546093 -0.89085042 -1.13695586  5.00315428
  1.94036901 -0.43952915]"
1746810082.0480459,"[ 0.          0.46678882  0.73440455 -3.10251796 -2.06396423  1.02936922
  1.27238313  1.57094959]","[ 0.00000000e+00  3.75705584e-01  2.58483286e-01 -6.89388604e-05
  2.42470647e-01  1.41198804e+00  4.86175470e-01  0.00000000e+00]","[ 0.          0.19399844 14.11092854 -0.91868573 -1.12626827  5.00032473
  1.814417   -0.44258732]"
1746810082.0498264,"[ 0.          0.46752033  0.73490736 -3.10251875 -2.06348219  1.03225642
  1.27334786  1.57094959]","[ 0.00000000e+00  3.68953139e-01  2.54960507e-01 -7.68351964e-05
  2.45518602e-01  1.40774802e+00  4.90226904e-01  0.00000000e+00]","[ 0.          0.14467548 14.06820107 -1.00168037 -1.04715419  4.74218845
  1.84805512 -0.43771037]"
1746810082.0515263,"[ 0.          0.46826788  0.73543134 -3.10252009 -2.06299856  1.0350285
  1.2743628   1.57094959]","[ 0.00000000e+00  3.63821294e-01  2.55782308e-01 -9.01508150e-05
  2.44978413e-01  1.40416314e+00  4.96475811e-01  0.00000000e+00]","[ 0.          0.18244936 14.07197475 -1.02302933 -0.95431429  4.87239742
  1.91122448 -0.43320143]"
1746810082.053311,"[ 0.          0.46862421  0.73568201 -3.10252062 -2.06273837  1.03640696
  1.27485188  1.57094959]","[ 0.00000000e+00  3.61390427e-01  2.54161725e-01 -9.53816248e-05
  2.44770304e-01  1.39802455e+00  4.95898971e-01  0.00000000e+00]","[ 0.          0.15711805 14.0119772  -1.02577996 -0.93540639  4.69665813
  2.04659605 -0.4320344 ]"
1746810082.0544846,"[ 0.          0.46932725  0.73620458 -3.10252115 -2.06225421  1.039258
  1.27584884  1.57094959]","[ 0.00000000e+00  3.54367905e-01  2.54780760e-01 -9.81053020e-05
  2.45269846e-01  1.39127211e+00  4.83732353e-01  0.00000000e+00]","[ 0.          0.18885517 14.02058315 -1.04719293 -0.81420434  4.86160755
  2.08193612 -0.45497569]"
1746810082.056214,"[ 0.          0.46970009  0.73645532 -3.10252142 -2.06201319  1.04062693
  1.27632448  1.57094959]","[ 0.00000000e+00  3.51075838e-01  2.54174025e-01 -1.00756792e-04
  2.44438224e-01  1.38830108e+00  4.82394081e-01  0.00000000e+00]","[ 0.          0.24721776 14.14063931 -1.03983712 -0.73248303  5.05674934
  2.13318348 -0.47581545]"
1746810082.0579426,"[ 0.          0.47038429  0.73696825 -3.10252248 -2.06151359  1.04346087
  1.27727669  1.57094959]","[ 0.00000000e+00  3.45454671e-01  2.49514625e-01 -1.11278562e-04
  2.44978413e-01  1.38154864e+00  4.85095059e-01  0.00000000e+00]","[ 0.          0.25810665 14.21042347 -1.10738587 -0.60105836  5.14541388
  2.13525844 -0.47793895]"
1746810082.0597599,"[ 0.          0.47108457  0.73745494 -3.10252328 -2.0610233   1.04616924
  1.27827085  1.57094959]","[ 0.00000000e+00  3.40794338e-01  2.46869091e-01 -1.21967536e-04
  2.49317202e-01  1.36993446e+00  4.86175470e-01  0.00000000e+00]","[ 0.          0.30109403 14.3433876  -1.09058797 -0.4662295   4.95392179
  2.13176656 -0.50497794]"
1746810082.061494,"[ 0.          0.47141793  0.73769695 -3.10252381 -2.06075725  1.04761906
  1.27875408  1.57094959]","[ 0.00000000e+00  3.38162037e-01  2.45518602e-01 -1.27273011e-04
  2.50517688e-01  1.36518351e+00  4.89956826e-01  0.00000000e+00]","[ 0.          0.25818872 14.33743    -1.11696196 -0.4373799   5.03508806
  2.08940673 -0.48109889]"
1746810082.0626488,"[ 0.          0.4720732   0.73820069 -3.10252568 -2.06025764  1.0503008
  1.27977101  1.57094959]","[ 0.00000000e+00  3.29789025e-01  2.45518602e-01 -1.43072445e-04
  2.54174025e-01  1.35940059e+00  4.97023091e-01  0.00000000e+00]","[ 0.          0.33547825 14.55268764 -1.08238161 -0.44380051  4.85324717
  1.77898502 -0.49890223]"
1746810082.0644226,"[ 0.          0.47274085  0.73868652 -3.10252754 -2.0600057   1.05297302
  1.28074799  1.57094959]","[ 0.00000000e+00  3.23576769e-01  2.46869091e-01 -1.61741166e-04
  2.55512214e-01  1.35235693e+00  4.95898971e-01  0.00000000e+00]","[ 0.          0.42431089 14.75868225 -1.05116737 -0.46767408  5.0381856
  1.7734915  -0.51927626]"
1746810082.065594,"[ 0.          0.4730577   0.7389276  -3.10252834 -2.05973326  1.05440566
  1.28123695  1.57094959]","[ 0.00000000e+00  3.21415980e-01  2.44438224e-01 -1.69567338e-04
  2.56536133e-01  1.34913437e+00  4.95898971e-01  0.00000000e+00]","[ 0.          0.51395237 14.91134834 -0.99981618 -0.49038967  4.94364882
  1.85786271 -0.50061876]"
1746810082.0673728,"[ 0.          0.47368634  0.73942768 -3.10253021 -2.05922833  1.05706363
  1.2822596   1.57094959]","[ 0.00000000e+00  3.18174813e-01  2.44730206e-01 -1.98867036e-04
  2.56332617e-01  1.34778641e+00  4.98599949e-01  0.00000000e+00]","[ 0.          0.6507951  15.21574688 -0.94105184 -0.54572845  4.84036922
  1.88930881 -0.51786596]"
1746810082.0685852,"[ 0.          0.47402247  0.73966823 -3.10253127 -2.05897426  1.05839355
  1.28275149  1.57094959]","[ 0.00000000e+00  3.16469791e-01  2.43898018e-01 -2.28553041e-04
  2.57672986e-01  1.34886686e+00  4.98870027e-01  0.00000000e+00]","[ 0.          0.70490855 15.28003883 -0.94519252 -0.55949688  4.80883503
  1.90738559 -0.49875516]"
1746810082.0703957,"[ 0.          0.47464052  0.74017243 -3.10253287 -2.05844482  1.06115138
  1.2837808   1.57094959]","[ 0.00000000e+00  3.13042968e-01  2.47257696e-01 -3.73655025e-04
  2.59023475e-01  1.34645097e+00  5.06050741e-01  0.00000000e+00]","[ 0.          0.82642597 15.49562836 -0.84275162 -0.59328455  4.70129013
  1.85253465 -0.52017701]"
1746810082.0721364,"[ 0.          0.47494589  0.74041904 -3.10253393 -2.05818916  1.0624775
  1.28428121  1.57094959]","[ 0.00000000e+00  3.09801801e-01  2.50110258e-01 -4.78457046e-04
  2.59293570e-01  1.34372256e+00  5.07513149e-01  0.00000000e+00]","[ 0.          0.90546924 15.6215601  -0.79149359 -0.59157681  4.83345938
  1.89156032 -0.54407799]"
1746810082.0733733,"[ 0.          0.47557452  0.74093835 -3.1025358  -2.05767624  1.06512881
  1.28528096  1.57094866]","[ 0.00000000e+00  3.05480256e-01  2.54780760e-01 -6.50781058e-04
  2.60110161e-01  1.34400499e+00  5.06432772e-01 -1.05979587e-05]","[ 0.          1.07952178 15.70600605 -0.67268795 -0.62929201  4.90536118
  1.88320935 -0.54467618]"
1746810082.0750606,"[ 0.          0.47587619  0.74118956 -3.1025366  -2.0573998   1.06655387
  1.28581652  1.57094866]","[ 0.00000000e+00  3.05710387e-01  2.54701914e-01 -7.04162029e-04
  2.60297665e-01  1.34186208e+00  5.04295385e-01 -1.06059783e-05]","[ 0.          1.10401428 15.77735043 -0.59940064 -0.63902861  4.72718191
  1.80309212 -0.54224032]"
1746810082.0768402,"[ 0.          0.47654158  0.74169376 -3.10253766 -2.05688581  1.06919846
  1.28680402  1.57094866]","[ 0.00000000e+00  3.01854163e-01  2.56592608e-01 -7.08758777e-04
  2.61724453e-01  1.33778651e+00  4.99174060e-01 -1.05979587e-05]","[ 0.          1.24369669 15.79615116 -0.49133676 -0.64275008  4.7670126
  1.85040891 -0.53933322]"
1746810082.0780206,"[ 0.          0.47683776  0.74194723 -3.10253793 -2.05660751  1.07051319
  1.28729391  1.57094866]","[ 0.00000000e+00  3.00348378e-01  2.56872273e-01 -6.97684422e-04
  2.62053037e-01  1.33347126e+00  4.96979349e-01 -1.05979587e-05]","[ 0.          1.31501639 15.79187107 -0.43667221 -0.60280794  5.06450033
  1.8509984  -0.54685581]"
1746810082.079808,"[ 0.          0.47744663  0.74247347 -3.10253846 -2.05608793  1.07322822
  1.28830897  1.57094866]","[ 0.00000000e+00  2.96150537e-01  2.57132797e-01 -7.06525909e-04
  2.63885242e-01  1.32266734e+00  4.95898971e-01 -1.05980643e-05]","[ 0.          1.4232924  15.833745   -0.28846613 -0.5799672   4.99126244
  1.76732254 -0.53811979]"
1746810082.081527,"[ 0.          0.47773731  0.74272786 -3.10253846 -2.05582561  1.07452678
  1.28879513  1.57094866]","[ 0.00000000e+00  2.94946456e-01  2.57943097e-01 -6.86610067e-04
  2.65776453e-01  1.31699534e+00  4.93197993e-01 -1.05979587e-05]","[ 0.          1.48276007 15.86432362 -0.24090551 -0.63740599  4.86343908
  1.62444496 -0.54062599]"
1746810082.0827549,"[ 0.          0.47832001  0.74326416 -3.10253899 -2.05527593  1.07720372
  1.28980727  1.57094866]","[ 0.00000000e+00  2.95756722e-01  2.62303807e-01 -6.57570623e-04
  2.69074561e-01  1.30349445e+00  4.94515392e-01 -1.06059783e-05]","[ 0.          1.60632098 15.83548546 -0.13031298 -0.67200577  4.88236332
  1.5764178  -0.55957419]"
1746810082.0844634,"[ 0.          0.47892798  0.74378261 -3.10253899 -2.05474436  1.07974085
  1.29078238  1.57094866]","[ 0.00000000e+00  2.97345831e-01  2.62808393e-01 -6.25777643e-04
  2.70367576e-01  1.28026210e+00  4.94818560e-01 -1.05978530e-05]","[ 0.          1.68074429 15.67817783 -0.07958192 -0.68240482  5.04009819
  1.5439955  -0.54523897]"
1746810082.086178,"[ 0.          0.47922279  0.74404387 -3.10253899 -2.05447565  1.08099466
  1.29126561  1.57094866]","[ 0.00000000e+00  2.98997889e-01  2.64965620e-01 -6.04516696e-04
  2.72252228e-01  1.27161894e+00  4.89956826e-01 -1.05980643e-05]","[ 0.          1.71143663 15.5432272  -0.04294417 -0.6436013   4.93974304
  1.53170609 -0.55030781]"
1746810082.0873349,"[ 0.          0.47983029  0.74458895 -3.10253953 -2.05391905  1.08357274
  1.29226257  1.57094866]","[ 0.00000000e+00  2.95405252e-01  2.66316109e-01 -5.51510883e-04
  2.71447970e-01  1.25409308e+00  4.86175470e-01 -1.05979587e-05]","[ 0.          1.71258247 15.38665104  0.01861667 -0.61977005  4.70706177
  1.50960147 -0.51815391]"
1746810082.0891066,"[ 0.          0.48012141  0.74485253 -3.10253953 -2.05365193  1.08480278
  1.29274114  1.57094866]","[ 0.00000000e+00  2.95216533e-01  2.67396504e-01 -5.19692935e-04
  2.70907765e-01  1.24758018e+00  4.84873384e-01 -1.05979587e-05]","[ 0.          1.72566593 15.44515514  0.05993873 -0.62536728  4.78548002
  1.5855701  -0.54542768]"
1746810082.090901,"[ 0.          0.48069908  0.7453815  -3.10253979 -2.05311184  1.08724284
  1.29372198  1.57094866]","[ 0.00000000e+00  2.91975367e-01  2.68746993e-01 -4.56057072e-04
  2.74419043e-01  1.23407543e+00  4.75707782e-01 -1.05979587e-05]","[ 0.          1.68182218 15.34430885  0.06731    -0.5084154   4.54709911
  1.79656947 -0.54345298]"
1746810082.0920944,"[ 0.          0.48069908  0.74566759 -3.10253979 -2.05282023  1.08854519
  1.29418803  1.57094866]","[ 0.00000000e+00  2.91975367e-01  2.69325331e-01 -4.13649645e-04
  2.74333156e-01  1.22510417e+00  4.72670580e-01 -1.06059783e-05]","[ 0.          1.68182218 15.15546322  0.07751507 -0.46859878  4.48389196
  1.91022229 -0.51238507]"
1746810082.093879,"[ 0.          0.48129832  0.74619883 -3.10254033 -2.05227108  1.09094437
  1.29512134  1.57094866]","[ 0.00000000e+00  2.93325855e-01  2.69557276e-01 -3.60603260e-04
  2.79820999e-01  1.21381809e+00  4.72191677e-01 -1.05820616e-05]","[ 0.          1.63606107 14.99178886  0.089842   -0.3832255   4.69279766
  1.80643523 -0.54947293]"
1746810082.095023,"[ 0.          0.48158624  0.74646475 -3.10254086 -2.05197254  1.09241037
  1.29561788  1.57094866]","[ 0.00000000e+00  2.91679556e-01  2.69557276e-01 -3.49997299e-04
  2.81111434e-01  1.20763596e+00  4.67872995e-01 -1.05899522e-05]","[ 0.          1.6426245  14.96003723  0.05035285 -0.35634017  4.44571924
  1.73002458 -0.56118757]"
1746810082.096769,"[ 0.          0.48218546  0.74701256 -3.10254166 -2.05141514  1.09477432
  1.29651976  1.57094866]","[ 0.00000000e+00  2.92671617e-01  2.66856298e-01 -3.07573357e-04
  2.83062166e-01  1.19701834e+00  4.54303957e-01 -1.05819570e-05]","[ 0.          1.64687955 14.77799606  0.01559498 -0.23133199  4.21403503
  1.71153724 -0.56578785]"
1746810082.097987,"[ 0.          0.48247201  0.74727475 -3.10254219 -2.05113551  1.0960358
  1.29696584  1.57094866]","[ 0.00000000e+00  2.90330432e-01  2.65775920e-01 -2.75755442e-04
  2.83602355e-01  1.18789022e+00  4.52413279e-01 -1.05820616e-05]","[ 0.00000000e+00  1.64744341e+00  1.46353569e+01 -2.01799179e-04
 -1.80195361e-01  4.32996607e+00  1.75870419e+00 -5.41014910e-01]"
1746810082.0997818,"[ 0.          0.48306849  0.74781523 -3.10254352 -2.05054962  1.09835981
  1.29787824  1.57094866]","[ 0.00000000e+00  2.90891427e-01  2.63306887e-01 -2.95092748e-04
  2.87675493e-01  1.17530572e+00  4.44850534e-01 -1.05819570e-05]","[ 0.00000000e+00  1.65428889e+00  1.45465307e+01 -1.35473050e-02
 -1.31889388e-01  4.34818363e+00  1.87319338e+00 -4.97208476e-01]"
1746810082.1015484,"[ 0.          0.48335595  0.74807416 -3.10254459 -2.05026519  1.09951089
  1.29831194  1.57094866]","[ 0.00000000e+00  2.91435178e-01  2.62534753e-01 -3.23603786e-04
  2.88171840e-01  1.16617853e+00  4.39718689e-01 -1.05819570e-05]","[ 0.          1.6460849  14.55866241 -0.05591616 -0.11110564  4.12155581
  1.90288734 -0.53452575]"
1746810082.1027055,"[ 0.          0.48393545  0.74859401 -3.10254618 -2.04966705  1.10187491
  1.29921288  1.57094866]","[ 0.00000000e+00  2.94406233e-01  2.64155337e-01 -3.56550912e-04
  2.92145243e-01  1.15203036e+00  4.40436244e-01 -1.05900569e-05]","[ 0.          1.6020509  14.45170498 -0.13852786 -0.14635655  4.22826672
  1.92237949 -0.55005693]"
1746810082.1045034,"[ 0.          0.48454295  0.74913723 -3.10254965 -2.04908701  1.10416756
  1.30010038  1.57094866]","[ 0.00000000e+00  2.97411378e-01  2.65062259e-01 -4.44159126e-04
  2.94406233e-01  1.16536907e+00  4.51602979e-01 -1.05820616e-05]","[ 0.          1.51876187 14.31184196 -0.2204486  -0.21005154  4.26609898
  1.7825768  -0.51504594]"
1746810082.105653,"[ 0.          0.48483547  0.74939988 -3.10255178 -2.04879539  1.10533003
  1.30054939  1.57094866]","[ 0.00000000e+00  2.96567022e-01  2.66316109e-01 -4.96781167e-04
  2.95756722e-01  1.17897542e+00  4.55384334e-01 -1.05820616e-05]","[ 0.          1.49493814 14.21607399 -0.27529082 -0.25354016  4.39419317
  1.64214909 -0.53657532]"
1746810082.1074557,"[ 0.          0.48544114  0.74992519 -3.10255817 -2.04818526  1.10777488
  1.30149508  1.57094866]","[ 0.00000000e+00  2.96157561e-01  2.66316109e-01 -6.66997017e-04
  2.98665227e-01  1.20112347e+00  4.64027457e-01 -1.05819570e-05]","[ 0.          1.39112973 14.15979767 -0.3549293  -0.36135536  4.2968111
  1.67501211 -0.50876182]"
1746810082.1092706,"[ 0.          0.48573408  0.75020669 -3.1025619  -2.04788672  1.10896877
  1.30195834  1.57094866]","[ 0.00000000e+00  2.96806208e-01  2.65062259e-01 -8.72568802e-04
  3.02779278e-01  1.21084694e+00  4.69493429e-01 -1.05819570e-05]","[ 0.          1.27883899 14.23284054 -0.36405405 -0.37896934  4.33661556
  1.84236836 -0.50876182]"
1746810082.1110272,"[ 0.          0.48632048  0.75073013 -3.10257069 -2.04728112  1.11148306
  1.30292493  1.57094866]","[ 0.00000000e+00  2.98187623e-01  2.66585921e-01 -2.15877450e-03
  3.08721423e-01  1.23368874e+00  4.72949313e-01 -1.05820616e-05]","[ 0.          1.1645267  14.37844944 -0.44309685 -0.42651615  4.21703482
  1.9706471  -0.55089998]"
1746810082.1127832,"[ 0.          0.48661436  0.75099325 -3.10257575 -2.04695222  1.11148306
  1.30339285  1.57094866]","[ 0.00000000e+00  2.98187623e-01  2.66856298e-01 -3.51075840e-03
  3.09407720e-01  1.23368874e+00  4.74561258e-01 -1.05740785e-05]","[ 0.          1.15344059 14.325881   -0.4998616  -0.45628321  4.21703482
  1.94358099 -0.56586367]"
1746810082.1145918,"[ 0.          0.48722922  0.75154246 -3.10259465 -2.04633783  1.11395175
  1.30433761  1.57094866]","[ 0.00000000e+00  3.00888600e-01  2.68573022e-01 -7.89734726e-03
  3.12502779e-01  1.25919450e+00  4.80016577e-01 -1.05819570e-05]","[ 0.          1.07222307 14.34625912 -0.52229011 -0.51508486  4.23045063
  1.77155638 -0.53993022]"
1746810082.1163628,"[ 0.          0.48782204  0.7520719  -3.10262208 -2.04571944  1.11656118
  1.30532883  1.57094866]","[ 0.00000000e+00  3.00583735e-01  2.68206787e-01 -1.50461080e-02
  3.15203757e-01  1.27841759e+00  4.87255848e-01 -1.05739739e-05]","[ 0.          1.04703104 14.27813435 -0.54758418 -0.60155791  4.22277927
  1.75891113 -0.55152261]"
1746810082.1180556,"[ 0.          0.48844149  0.75261605 -3.10266203 -2.0450683   1.11910969
  1.30630768  1.57094866]","[ 0.00000000e+00  3.02472482e-01  2.64812904e-01 -2.24180906e-02
  3.17582626e-01  1.29754828e+00  4.98599949e-01 -1.05820616e-05]","[ 0.          1.01366353 14.20016384 -0.54407501 -0.67227107  4.02081633
  1.79130483 -0.56106132]"
1746810082.1192267,"[ 0.          0.48904116  0.7531377  -3.10271956 -2.04443553  1.12179908
  1.3073266   1.57094866]","[ 0.00000000e+00  3.04669956e-01  2.64965620e-01 -3.03429839e-02
  3.20875791e-01  1.31807566e+00  4.96475811e-01 -1.05739739e-05]","[ 0.          1.00475311 14.16061974 -0.51646656 -0.70115215  3.91390514
  1.75296223 -0.56704509]"
1746810082.121006,"[ 0.          0.48934147  0.75340035 -3.10275258 -2.04409385  1.12310803
  1.30781649  1.57094866]","[ 0.00000000e+00  3.04669956e-01  2.66316109e-01 -3.34920866e-02
  3.21735925e-01  1.32752908e+00  4.96979349e-01 -1.05739739e-05]","[ 0.          0.95119786 14.19894886 -0.48704517 -0.68164432  4.0350194
  1.8148241  -0.56173491]"
1746810082.1221793,"[ 0.          0.48966568  0.75368411 -3.1027896  -2.0437764   1.1244227
  1.30830931  1.57094866]","[ 0.00000000e+00  3.04898123e-01  2.67067703e-01 -3.75435473e-02
  3.21956202e-01  1.33320108e+00  4.99680327e-01 -1.05819570e-05]","[ 0.          1.01512802 14.17016888 -0.45551518 -0.67567366  4.00259256
  1.81546915 -0.5703454 ]"
1746810082.1239214,"[ 0.          0.49026675  0.75421261 -3.10283061 -2.04313644  1.12717774
  1.30934422  1.57094866]","[ 0.00000000e+00  3.04940034e-01  2.67935045e-01 -4.15950101e-02
  3.25467447e-01  1.34813129e+00  5.06050741e-01 -1.05740785e-05]","[ 0.          1.04327655 14.20838737 -0.40870902 -0.57632399  4.01760483
  1.71176982 -0.57952076]"
1746810082.1251333,"[ 0.          0.49056706  0.75447713 -3.10287775 -2.0427889   1.12851238
  1.30984556  1.57094866]","[ 0.00000000e+00  3.04669956e-01  2.68206787e-01 -4.43442620e-02
  3.27252830e-01  1.35235693e+00  5.08323450e-01 -1.05740785e-05]","[ 0.          1.02738965 14.23784447 -0.35957769 -0.51299012  4.10149097
  1.76021945 -0.55557734]"
1746810082.1268435,"[ 0.          0.49118787  0.75502128 -3.10297602 -2.04213589  1.13129778
  1.3109035   1.57094866]","[ 0.00000000e+00  3.03049356e-01  2.65505826e-01 -5.15363491e-02
  3.32490003e-01  1.36066972e+00  5.19077960e-01 -1.05819570e-05]","[ 0.          1.09833455 14.23580742 -0.214477   -0.4311021   3.84195328
  1.72964668 -0.57629198]"
1746810082.1280053,"[ 0.          0.49148821  0.75528114 -3.10303115 -2.04178143  1.13264201
  1.31141336  1.57094866]","[ 0.00000000e+00  3.04361263e-01  2.63615131e-01 -5.59101792e-02
  3.33772814e-01  1.36345206e+00  5.16442762e-01 -1.05739739e-05]","[ 0.          1.17487633 14.2143116  -0.15221028 -0.43599007  3.69620872
  1.7343204  -0.59544039]"
1746810082.1297674,"[ 0.          0.49211592  0.75581983 -3.10316297 -2.0411191   1.13532275
  1.31242749  1.57094866]","[ 0.00000000e+00  3.06940601e-01  2.62268753e-01 -6.69163041e-02
  3.37009953e-01  1.35613449e+00  5.15345972e-01 -1.05819570e-05]","[ 0.          1.29367697 14.32489109 -0.01967814 -0.45983601  3.97287273
  1.75478446 -0.60128111]"
1746810082.1315947,"[ 0.          0.49272525  0.75633822 -3.10330625 -2.04042801  1.13810256
  1.31347771  1.57094866]","[ 0.00000000e+00  3.08721423e-01  2.63074942e-01 -7.39317237e-02
  3.37785099e-01  1.35561917e+00  5.14075345e-01 -1.05739739e-05]","[ 0.          1.42826748 14.51199627  0.1740512  -0.53187615  4.19584751
  1.86119616 -0.58810264]"
1746810082.1327307,"[ 0.          0.49302925  0.75661831 -3.10338854 -2.04009431  1.13943534
  1.31398291  1.57094866]","[ 0.00000000e+00  3.08451312e-01  2.63808427e-01 -7.75604888e-02
  3.38432148e-01  1.35156784e+00  5.12374916e-01 -1.05819570e-05]","[ 0.          1.4623909  14.58900452  0.2722159  -0.56343186  4.03934002
  1.89607751 -0.58462173]"
1746810082.134501,"[ 0.          0.49335755  0.75687637 -3.10346924 -2.03975849  1.14218745
  1.31503686  1.57094866]","[ 0.00000000e+00  3.09197497e-01  2.61724453e-01 -8.17566153e-02
  3.40592904e-01  1.33910358e+00  5.15078424e-01 -1.05819570e-05]","[ 0.          1.54634619 14.65610218  0.33468214 -0.66197097  3.9684217
  1.72853768 -0.58547032]"
1746810082.1356769,"[ 0.          0.49397011  0.75739116 -3.10364234 -2.03908497  1.14350025
  1.31554778  1.57094866]","[ 0.00000000e+00  3.11692479e-01  2.61459269e-01 -8.94022679e-02
  3.42213504e-01  1.33158055e+00  5.18046950e-01 -1.05740785e-05]","[ 0.          1.6309377  14.85687542  0.49721444 -0.767555    4.25581646
  1.64514482 -0.57844818]"
1746810082.1374338,"[ 0.          0.49461206  0.75792746 -3.10383196 -2.03838137  1.14611628
  1.31657044  1.57094866]","[ 0.00000000e+00  3.13853268e-01  2.61724453e-01 -9.37874039e-02
  3.42753693e-01  1.32563837e+00  5.17236650e-01 -1.05820616e-05]","[ 0.          1.78557491 15.08471203  0.61417788 -0.84991753  4.08959913
  1.46197808 -0.5760662 ]"
1746810082.138555,"[ 0.          0.49492292  0.75818645 -3.10392757 -2.03804341  1.14751763
  1.31719828  1.57094866]","[ 0.00000000e+00  3.15203757e-01  2.62534753e-01 -9.69649962e-02
  3.42753693e-01  1.31954359e+00  5.17276265e-01 -1.05819570e-05]","[ 0.          1.83814061 15.23472881  0.68955213 -0.85445446  3.71346235
  1.33717859 -0.59168798]"
1746810082.1409733,"[ 0.          0.4955465   0.75873333 -3.10412038 -2.03733767  1.15010995
  1.31822186  1.57094773]","[ 0.00000000e+00  3.16284135e-01  2.68570908e-01 -9.85855797e-02
  3.45184559e-01  1.31321392e+00  5.19680666e-01 -1.85184257e-05]","[ 0.          1.95513427 15.5068655   0.81908965 -0.95016229  3.82861328
  1.37901795 -0.58994585]"
1746810082.1421344,"[ 0.          0.49588449  0.75900018 -3.10422611 -2.03699786  1.15140079
  1.31873559  1.57094773]","[ 0.00000000e+00  3.17925807e-01  2.70637670e-01 -9.95550785e-02
  3.44295197e-01  1.30916245e+00  5.21547010e-01 -1.85186086e-05]","[ 0.          2.02188349 15.66551685  0.86378527 -0.99476904  4.02830505
  1.49692667 -0.6418466 ]"
1746810082.1439044,"[ 0.          0.49651539  0.75953787 -3.10442718 -2.03631555  1.15406834
  1.31980578  1.57094773]","[ 0.00000000e+00  3.20335602e-01  2.73878837e-01 -1.01993402e-01
  3.45724782e-01  1.29970903e+00  5.23989095e-01 -1.85046377e-05]","[ 0.          2.10681629 15.85103035  0.96088511 -1.09543443  3.9672277
  1.54173303 -0.63229793]"
1746810082.145111,"[ 0.          0.49718308  0.76010126 -3.1046365  -2.03561221  1.15663017
  1.32083229  1.57094773]","[ 0.00000000e+00  3.26817936e-01  2.75769515e-01 -1.02313531e-01
  3.42753693e-01  1.29754828e+00  5.19127361e-01 -1.85184257e-05]","[ 0.          2.09296727 15.85704517  0.98485076 -1.11297011  3.69914126
  1.45242047 -0.61456871]"
1746810082.1468813,"[ 0.          0.49750772  0.76037543 -3.10473717 -2.03527426  1.15800383
  1.32138117  1.57094773]","[ 0.00000000e+00  3.28915242e-01  2.78200399e-01 -1.02096849e-01
  3.42753693e-01  1.29346365e+00  5.16833781e-01 -1.85184257e-05]","[ 0.          2.12877798 15.81028175  1.00414717 -1.04557538  3.68461895
  1.30707216 -0.63969409]"
1746810082.1480463,"[ 0.          0.49816069  0.76092504 -3.10493264 -2.03457172  1.16054861
  1.32239623  1.57094773]","[ 0.00000000e+00  3.31139514e-01  2.79537472e-01 -9.85855797e-02
  3.43229599e-01  1.28890512e+00  5.13185217e-01 -1.85046377e-05]","[ 0.          2.17514682 15.83081722  1.05528355 -0.92459792  3.78508782
  1.35145605 -0.63019419]"
1746810082.1498108,"[ 0.          0.4985129   0.76122445 -3.10503571 -2.0342303   1.16181481
  1.3229013   1.57094773]","[ 0.00000000e+00  3.31515918e-01  2.81863743e-01 -9.70473961e-02
  3.46264971e-01  1.28274243e+00  5.12104805e-01 -1.85184257e-05]","[ 0.          2.12468386 15.90575027  1.04195452 -0.85674089  3.66116762
  1.47928846 -0.63573837]"
1746810082.1516335,"[ 0.          0.4991677   0.76178604 -3.10521893 -2.03354746  1.16442897
  1.32395152  1.57094773]","[ 0.00000000e+00  3.32490003e-01  2.86303333e-01 -9.10228513e-02
  3.46535048e-01  1.27458996e+00  5.12104805e-01 -1.85184257e-05]","[ 0.          2.07547259 15.95093441  0.9870584  -0.68922424  3.76867986
  1.61300302 -0.61542445]"
1746810082.1528087,"[ 0.          0.4994983   0.7620698  -3.10530788 -2.03318075  1.16568185
  1.32445765  1.57094773]","[ 0.00000000e+00  3.34851361e-01  2.87923900e-01 -9.02125596e-02
  3.45308163e-01  1.27053850e+00  5.13185217e-01 -1.85184257e-05]","[ 0.          2.05735755 15.86376667  0.99212009 -0.63745826  3.91257262
  1.46534169 -0.59088355]"
1746810082.1545901,"[ 0.          0.50018569  0.76266449 -3.10549058 -2.03249791  1.16827324
  1.32549842  1.57094773]","[ 0.00000000e+00  3.36029743e-01  2.91165066e-01 -8.83218733e-02
  3.46535048e-01  1.26312079e+00  5.06050741e-01 -1.85186086e-05]","[ 0.          1.96898496 15.73538303  0.89774603 -0.54683214  3.8737762
  1.26755905 -0.60243434]"
1746810082.1563334,"[ 0.          0.50051726  0.76295331 -3.1055766  -2.03215383  1.16950988
  1.32599789  1.57094773]","[ 0.00000000e+00  3.36271359e-01  2.92785667e-01 -8.71530952e-02
  3.48965949e-01  1.25306177e+00  5.06702849e-01 -1.85044548e-05]","[ 0.          1.87477958 15.77294254  0.87163979 -0.51743895  3.7935276
  1.30016398 -0.61759049]"
1746810082.158102,"[ 0.          0.50117939  0.76353281 -3.10574784 -2.03143851  1.17196998
  1.32649724  1.57094773]","[ 0.00000000e+00  3.35190981e-01  2.93866044e-01 -8.67012899e-02
  3.49236026e-01  1.24352872e+00  5.06432772e-01 -1.85184257e-05]","[ 0.          1.73298442 15.67619801  0.79161054 -0.40237182  3.80507541
  1.25733316 -0.6211229 ]"
1746810082.1598573,"[ 0.          0.50186771  0.76413895 -3.10592281 -2.03075061  1.17449572
  1.32752562  1.57094773]","[ 0.00000000e+00  3.36811548e-01  2.97107211e-01 -8.42704147e-02
  3.47885537e-01  1.23002396e+00  5.00533836e-01 -1.85044548e-05]","[ 0.          1.5628804  15.57290554  0.64779174 -0.29091033  3.72739482
  1.42973936 -0.60896194]"
1746810082.1610792,"[ 0.          0.50219924  0.76443329 -3.10600457 -2.03038097  1.17570573
  1.3280155   1.57094773]","[ 0.00000000e+00  3.36271359e-01  2.98155298e-01 -8.29199257e-02
  3.48066632e-01  1.22607942e+00  4.96475811e-01 -1.85044548e-05]","[ 0.          1.50033498 15.49009037  0.59679902 -0.27854237  3.50574875
  1.50224376 -0.60490161]"
1746810082.162828,"[ 0.          0.50288757  0.76502332 -3.10617847 -2.02969041  1.17820857
  1.32899448  1.57094773]","[ 0.00000000e+00  3.36029743e-01  2.98997889e-01 -8.51810660e-02
  3.51666927e-01  1.21959249e+00  4.94008293e-01 -1.85186086e-05]","[ 0.          1.2626977  15.27815533  0.46634406 -0.20862743  3.65400171
  1.71182036 -0.60525697]"
1746810082.1640174,"[ 0.          0.50321497  0.76534203 -3.10626289 -2.02934313  1.17940725
  1.32951193  1.57094773]","[ 0.00000000e+00  3.31949814e-01  3.00169847e-01 -8.56209037e-02
  3.52207115e-01  1.21570880e+00  4.87243131e-01 -1.85184257e-05]","[ 0.          1.12379134 15.24046993  0.38006675 -0.19502755  3.77677178
  1.75825953 -0.62102377]"
1746810082.1657376,"[ 0.          0.50386565  0.76592793 -3.10643573 -2.02861875  1.18179411
  1.33045376  1.57094773]","[ 0.00000000e+00  3.29724710e-01  2.95726895e-01 -8.85919761e-02
  3.53827682e-01  1.21084694e+00  4.75641669e-01 -1.85184257e-05]","[ 0.          0.9146651  15.01939106  0.26053423 -0.19642642  3.60311627
  1.71280217 -0.58809632]"
1746810082.1675277,"[ 0.          0.50453147  0.76653499 -3.10662082 -2.02792074  1.18426366
  1.33142502  1.57094773]","[ 0.00000000e+00  3.24243624e-01  2.96567022e-01 -8.99424568e-02
  3.53827682e-01  1.20395388e+00  4.73952393e-01 -1.85046377e-05]","[ 0.          0.75258082 14.86996078  0.10467643 -0.18583177  3.4113059
  1.69398046 -0.56785691]"
1746810082.1687229,"[ 0.          0.50484926  0.76682794 -3.10670844 -2.0275447   1.18544903
  1.33189213  1.57094773]","[ 0.00000000e+00  3.22226280e-01  2.97107211e-01 -8.87720308e-02
  3.53751982e-01  1.20220391e+00  4.73750958e-01 -1.85186086e-05]","[ 0.          0.75591004 14.80527496  0.04293568 -0.17906089  3.52788234
  1.68015397 -0.52845073]"
1746810082.1704135,"[ 0.          0.50548199  0.76743727 -3.10688234 -2.02684535  1.1878054
  1.33282637  1.57094773]","[ 0.00000000e+00  3.19525302e-01  2.97411378e-01 -8.77816761e-02
  3.54908093e-01  1.19437102e+00  4.73750958e-01 -1.85184257e-05]","[ 0.          0.58670861 14.76561642 -0.05256482 -0.19227409  3.76027942
  1.71807027 -0.56781572]"
1746810082.172242,"[ 0.          0.50581905  0.76773029 -3.10697529 -2.02646772  1.18906774
  1.33332771  1.57094773]","[ 0.00000000e+00  3.17174230e-01  2.97107211e-01 -8.75181896e-02
  3.55589663e-01  1.18864256e+00  4.71946234e-01 -1.85184257e-05]","[ 0.          0.50454229 14.76214886 -0.11779443 -0.15743788  3.49029899
  1.78711665 -0.5719474 ]"
1746810082.1747751,"[ 0.          0.50643757  0.76830979 -3.10714333 -2.02576651  1.19140413
  1.3342457   1.57094773]","[ 0.00000000e+00  3.12502779e-01  2.92758835e-01 -8.48106036e-02
  3.55627779e-01  1.18194658e+00  4.63217157e-01 -1.85186086e-05]","[ 0.          0.39789635 14.71119022 -0.21993637 -0.23093837  3.28073478
  1.60771453 -0.52893603]"
1746810082.176533,"[ 0.          0.5070662   0.76890441 -3.10731138 -2.02506396  1.19381962
  1.33518553  1.57094773]","[ 0.00000000e+00  3.04940034e-01  2.90640657e-01 -8.52643231e-02
  3.56258582e-01  1.17600440e+00  4.58655528e-01 -1.05739739e-05]","[ 0.          0.30315921 14.63900185 -0.30315977 -0.31495023  3.13255644
  1.48881984 -0.55163527]"
1746810082.1776767,"[ 0.          0.50766362  0.76947472 -3.10748448 -2.02433266  1.19612645
  1.33609407  1.57094773]","[ 0.00000000e+00  3.00583735e-01  2.88441651e-01 -8.42704147e-02
  3.57609071e-01  1.16547067e+00  4.61326479e-01 -1.05819570e-05]","[ 0.          0.20007601 14.59243679 -0.38153484 -0.36454764  3.4289937
  1.51495934 -0.54654968]"
1746810082.1799943,"[ 0.          0.50827112  0.77006481 -3.10765812 -2.02362692  1.19849426
  1.33704921  1.57094773]","[ 0.00000000e+00  2.95405252e-01  2.87631418e-01 -8.52612771e-02
  3.57609071e-01  1.15277604e+00  4.66680099e-01 -1.05819570e-05]","[ 0.          0.1161403  14.6175375  -0.44566393 -0.51669121  3.63255906
  1.63718653 -0.53878027]"
1746810082.1811385,"[ 0.          0.50855767  0.77034624 -3.10774015 -2.02324716  1.19962637
  1.33751061  1.57094773]","[ 0.00000000e+00  2.90624878e-01  2.85493033e-01 -8.31900202e-02
  3.57595822e-01  1.14818435e+00  4.67334837e-01 -1.05818513e-05]","[ 0.          0.10771615 14.61100292 -0.47290742 -0.66251099  3.59959245
  1.5618335  -0.4779788 ]"
1746810082.1829035,"[ 0.          0.509122    0.77092621 -3.1079018  -2.02254621  1.20186662
  1.33841235  1.57094773]","[ 0.00000000e+00  2.84664124e-01  2.83117593e-01 -8.18395312e-02
  3.54097793e-01  1.13278875e+00  4.53493656e-01 -1.05819570e-05]","[ 0.          0.08879167 14.69671535 -0.52844936 -0.83524305  3.19873023
  1.56908512 -0.52532202]"
1746810082.1846209,"[ 0.          0.50940073  0.77120358 -3.10798942 -2.02219787  1.20305865
  1.33888892  1.57094773]","[ 0.00000000e+00  2.82792055e-01  2.80871849e-01 -8.25028247e-02
  3.53287493e-01  1.12243958e+00  4.48875535e-01 -1.05819570e-05]","[ 0.          0.09186342 14.7958765  -0.56378323 -0.85194987  3.42572188
  1.61095333 -0.54191184]"
1746810082.1856875,"[ 0.          0.50997611  0.77175872 -3.10815347 -2.02147216  1.20523898
  1.33976803  1.57094773]","[ 0.00000000e+00  2.79820999e-01  2.82251866e-01 -8.29199257e-02
  3.54097793e-01  1.09875655e+00  4.45209295e-01 -1.05820616e-05]","[ 0.          0.11909265 14.98964691 -0.58839548 -0.90935236  3.53212953
  1.68994331 -0.54320568]"
1746810082.1874638,"[ 0.          0.51052575  0.77233962 -3.10832844 -2.02077521  1.20745846
  1.3406803   1.57094773]","[ 0.00000000e+00  2.77930304e-01  2.84682733e-01 -8.69347992e-02
  3.53557604e-01  1.07930742e+00  4.44361710e-01 -1.05819570e-05]","[ 0.          0.12443598 15.15258694 -0.60867321 -0.95990551  3.57548738
  1.7024163  -0.55303812]"
1746810082.1892717,"[ 0.          0.5108201   0.77261832 -3.10841659 -2.02042767  1.20851627
  1.34111786  1.57094773]","[ 0.00000000e+00  2.77099148e-01  2.82521944e-01 -8.94022679e-02
  3.52477193e-01  1.07174018e+00  4.43770156e-01 -1.05900569e-05]","[ 0.          0.142749   15.1737299  -0.60684854 -0.9803158   3.25097466
  1.61041021 -0.4907786 ]"
1746810082.1910028,"[ 0.          0.51135825  0.77317212 -3.10860115 -2.01971048  1.21060446
  1.34200256  1.57094773]","[ 0.00000000e+00  2.70903104e-01  2.80077128e-01 -9.50743100e-02
  3.49506138e-01  1.05554097e+00  4.50522601e-01 -1.05819570e-05]","[ 0.          0.1938168  15.22376633 -0.56185728 -1.02884281  2.94696379
  1.44333088 -0.51674879]"
1746810082.1921625,"[ 0.          0.5119056   0.77374291 -3.10881287 -2.01901965  1.21274204
  1.34292534  1.57094773]","[ 0.00000000e+00  2.65814569e-01  2.78200399e-01 -1.05608111e-01
  3.49776215e-01  1.03990096e+00  4.48631923e-01 -1.05820616e-05]","[ 0.          0.19163468 15.33155918 -0.51532632 -1.04914343  3.01806569
  1.32468259 -0.48689646]"
1746810082.194012,"[ 0.          0.51216366  0.77401655 -3.10892179 -2.01864788  1.21376083
  1.34336583  1.57094773]","[ 0.00000000e+00  2.61724453e-01  2.77660210e-01 -1.10469869e-01
  3.50072758e-01  1.03339292e+00  4.46741212e-01 -1.05978530e-05]","[ 0.          0.23091325 15.37060165 -0.49438569 -1.04944146  3.17076588
  1.35040009 -0.55034554]"
1746810082.1951554,"[ 0.          0.51267752  0.77458826 -3.10914843 -2.01795998  1.21585088
  1.34428382  1.57094773]","[ 0.00000000e+00  2.60373964e-01  2.79280777e-01 -1.16412014e-01
  3.48425760e-01  1.01761842e+00  4.47872456e-01 -1.05979587e-05]","[ 0.          0.33379149 15.48860741 -0.37292507 -1.11833739  3.16722393
  1.41984081 -0.54771066]"
1746810082.196881,"[ 0.          0.51295166  0.77486283 -3.10927306 -2.01761777  1.2168469
  1.34472431  1.57094773]","[ 0.00000000e+00  2.57798005e-01  2.78470493e-01 -1.17359642e-01
  3.47075271e-01  1.01016457e+00  4.46288574e-01 -1.05979587e-05]","[ 0.          0.45022017 15.58572769 -0.28786775 -1.09361482  3.09950757
  1.37681174 -0.51427579]"
1746810082.1986182,"[ 0.          0.51345859  0.77541391 -3.10950529 -2.01691203  1.21889794
  1.34559849  1.57094773]","[ 0.00000000e+00  2.56592608e-01  2.80901377e-01 -1.18842890e-01
  3.43755540e-01  9.97055421e-01  4.42959856e-01 -1.05979587e-05]","[ 0.          0.59873235 15.61621571 -0.13702178 -1.1061337   2.85710263
  1.30633235 -0.52864522]"
1746810082.1997664,"[ 0.          0.51370793  0.77571098 -3.10962247 -2.01657168  1.21987585
  1.34606654  1.57094773]","[ 0.00000000e+00  2.52811236e-01  2.79857617e-01 -1.18722481e-01
  3.45184559e-01  9.90793064e-01  4.40850965e-01 -1.06060839e-05]","[ 0.          0.69637358 15.51207352 -0.08360776 -1.08127367  2.63779235
  1.31498122 -0.54290867]"
1746810082.2014697,"[ 0.          0.51422405  0.77630606 -3.10986615 -2.01586567  1.22180891
  1.34694459  1.57094773]","[ 0.00000000e+00  2.52000952e-01  2.80361188e-01 -1.19653181e-01
  3.44644370e-01  9.78293052e-01  4.45660834e-01 -1.05979587e-05]","[ 0.          0.86856866 15.47287464  0.04950916 -1.06950152  2.63047647
  1.32566583 -0.54592651]"
1746810082.2031388,"[ 0.          0.51446973  0.77660367 -3.1099828  -2.01552612  1.22276405
  1.34738601  1.57094773]","[ 0.00000000e+00  2.48777562e-01  2.80359124e-01 -1.18302692e-01
  3.44374293e-01  9.68569518e-01  4.47821623e-01 -1.05979587e-05]","[ 0.          0.95500046 15.54341888  0.15739107 -1.01786721  2.82090759
  1.43270576 -0.52861339]"
1746810082.2048378,"[ 0.          0.51498172  0.77715974 -3.11021023 -2.01482544  1.22471708
  1.34828789  1.57094773]","[ 0.00000000e+00  2.50768458e-01  2.81711677e-01 -1.13595821e-01
  3.40473727e-01  9.47621226e-01  4.38098122e-01 -1.05979587e-05]","[ 0.          1.15265167 15.45936394  0.35784218 -1.00813699  2.78913093
  1.43248892 -0.4945789 ]"
1746810082.2065365,"[ 0.          0.51547993  0.77773691 -3.11042914 -2.01415459  1.22655586
  1.34914223  1.57094773]","[ 0.00000000e+00  2.53351425e-01  2.81863743e-01 -1.04257622e-01
  3.40592904e-01  9.26974537e-01  4.31345677e-01 -1.05979587e-05]","[ 0.          1.33742929 15.31733894  0.50350004 -0.99342543  2.63305426
  1.30632794 -0.51618659]"
1746810082.2076647,"[ 0.          0.5157302   0.77801475 -3.11052848 -2.0138193   1.2274596
  1.3495959   1.57094773]","[ 0.00000000e+00  2.53634386e-01  2.81711677e-01 -1.00746360e-01
  3.40052715e-01  9.15782003e-01  4.27309457e-01 -1.05979587e-05]","[ 0.          1.41082978 15.15484333  0.55574876 -0.98872638  2.57240367
  1.24770141 -0.50368208]"
1746810082.2098873,"[ 0.          0.51625368  0.77856529 -3.11072369 -2.01312688  1.2293109
  1.35042734  1.57094773]","[ 0.00000000e+00  2.56034593e-01  2.79010699e-01 -9.40381738e-02
  3.37621848e-01  8.99424601e-01  4.19306192e-01 -1.05979587e-05]","[ 0.          1.49982607 15.09527493  0.64250571 -0.98159987  2.54519939
  1.20881093 -0.51042992]"
1746810082.2110355,"[ 0.          0.51650485  0.77886104 -3.11081397 -2.01279505  1.23018894
  1.35083933  1.57094773]","[ 0.00000000e+00  2.54701914e-01  2.78352998e-01 -9.15630403e-02
  3.36200485e-01  8.90511401e-01  4.17840787e-01 -1.05979587e-05]","[ 0.          1.49126387 15.15905952  0.68583363 -0.97007179  2.59451413
  1.21403408 -0.50104642]"
1746810082.2127306,"[ 0.          0.51700629  0.77940519 -3.1109932  -2.01213645  1.23198018
  1.35168781  1.57094773]","[ 0.00000000e+00  2.54161725e-01  2.75229326e-01 -9.04826541e-02
  3.33570381e-01  8.67282977e-01  4.11898642e-01 -1.06058726e-05]","[ 0.          1.5532428  15.08967686  0.73742926 -0.91977286  2.60209513
  1.13768792 -0.48201409]"
1746810082.2143936,"[ 0.          0.51725839  0.7796761  -3.11108827 -2.01178251  1.232826
  1.35209221  1.57094773]","[ 0.00000000e+00  2.55782308e-01  2.74689137e-01 -8.95243405e-02
  3.33271274e-01  8.57829554e-01  4.10007964e-01 -1.05979587e-05]","[ 0.          1.6065526  15.01318741  0.79397476 -0.91007602  2.68335319
  1.06174982 -0.51901233]"
1746810082.2161138,"[ 0.          0.51778093  0.78024322 -3.11126165 -2.01112525  1.23454494
  1.35293031  1.57094773]","[ 0.00000000e+00  2.55782308e-01  2.77120004e-01 -8.75115816e-02
  3.33030192e-01  8.34055914e-01  4.08501814e-01 -1.06059783e-05]","[ 0.          1.61220288 14.88409233  0.82465482 -0.83804125  2.6117363
  1.05321133 -0.52107817]"
1746810082.2172086,"[ 0.          0.5182865   0.78078823 -3.11144221 -2.01046878  1.23615749
  1.35373312  1.57094773]","[ 0.00000000e+00  2.56052403e-01  2.76039626e-01 -8.90228007e-02
  3.33030192e-01  8.11372839e-01  4.04735704e-01 -1.05979587e-05]","[ 0.          1.58969402 14.75607777  0.81086701 -0.87041831  2.35883784
  1.0119586  -0.51533133]"
1746810082.2188985,"[ 0.          0.51856064  0.78106007 -3.11152663 -2.01011777  1.23694698
  1.35412886  1.57094773]","[ 0.00000000e+00  2.58040752e-01  2.75490116e-01 -8.55341512e-02
  3.30512839e-01  7.99757795e-01  4.01364841e-01 -1.05978530e-05]","[ 0.          1.54518187 14.72023582  0.81444699 -0.86229843  2.07441092
  0.99726188 -0.52106416]"
1746810082.220586,"[ 0.          0.51906897  0.78161707 -3.11169654 -2.00946903  1.23856418
  1.35494419  1.57094773]","[ 0.00000000e+00  2.57132797e-01  2.69826854e-01 -8.67012899e-02
  3.28438536e-01  7.85443437e-01  3.96503108e-01 -1.06059783e-05]","[ 0.          1.52303946 14.606637    0.76832706 -0.9057982   2.14440823
  1.0378437  -0.48341766]"
1746810082.2222857,"[ 0.          0.51934264  0.78188113 -3.11178602 -2.00914705  1.23933291
  1.35533421  1.57094773]","[ 0.00000000e+00  2.57547468e-01  2.67936692e-01 -8.42582058e-02
  3.26547858e-01  7.79501326e-01  3.95422697e-01 -1.05979587e-05]","[ 0.          1.5676043  14.48150921  0.78883123 -0.95513511  2.33864808
  1.10508275 -0.50814778]"
1746810082.2239766,"[ 0.          0.51985374  0.78240737 -3.11194741 -2.00848179  1.24090351
  1.35610093  1.57094773]","[ 0.00000000e+00  2.59023475e-01  2.66046281e-01 -8.10292395e-02
  3.24116958e-01  7.62336120e-01  3.84078596e-01 -1.06059783e-05]","[ 0.          1.56932986 14.43482113  0.78385746 -1.01718962  2.29093981
  1.20265412 -0.53188056]"
1746810082.225059,"[ 0.          0.52010997  0.78268793 -3.11202571 -2.00816301  1.24164453
  1.35649961  1.57094773]","[ 0.00000000e+00  2.59833775e-01  2.64309950e-01 -7.93282036e-02
  3.23306691e-01  7.50649837e-01  3.75047251e-01 -1.06059783e-05]","[ 0.          1.49394822 14.4936924   0.78395134 -1.01575804  2.25200295
  1.28133452 -0.53165716]"
1746810082.226776,"[ 0.          0.5206449   0.78294779 -3.11218709 -2.00745328  1.24310487
  1.35722918  1.57094773]","[ 0.00000000e+00  2.61551497e-01  2.63615131e-01 -7.83282698e-02
  3.22255641e-01  7.37366122e-01  3.68412950e-01 -1.05979587e-05]","[ 0.          1.41301477 14.47252464  0.71758002 -1.05257511  2.26619148
  1.26237464 -0.5355826 ]"
1746810082.2285016,"[ 0.          0.52116105  0.78346165 -3.11234182 -2.00682264  1.24460317
  1.35798832  1.57094773]","[ 0.00000000e+00  2.62264642e-01  2.59833775e-01 -7.52305391e-02
  3.18715035e-01  7.30343566e-01  3.70635791e-01 -1.06059783e-05]","[ 0.          1.37419081 14.39337063  0.63334721 -1.0495373   2.20226216
  1.28112268 -0.49882722]"
1746810082.2301404,"[ 0.          0.52141865  0.78373575 -3.11241559 -2.00648336  1.24532702
  1.35835464  1.57094773]","[ 0.00000000e+00  2.61184264e-01  2.58040752e-01 -7.48170001e-02
  3.19479030e-01  7.34124922e-01  3.71277579e-01 -1.06059783e-05]","[ 0.          1.35927582 14.38314819  0.61994612 -1.09382999  2.11004162
  1.26255631 -0.50637704]"
1746810082.2312555,"[ 0.          0.52195497  0.78423583 -3.11255887 -2.00585245  1.24685873
  1.35908421  1.57094773]","[ 0.00000000e+00  2.61724453e-01  2.52555090e-01 -7.15758332e-02
  3.20875791e-01  7.51553048e-01  3.70573739e-01 -1.06060839e-05]","[ 0.          1.31734693 14.30499077  0.53749806 -1.03199399  2.00652266
  1.20493507 -0.52857518]"
1746810082.2329664,"[ 0.          0.52221303  0.7844847  -3.11262598 -2.0055366   1.24760921
  1.35947809  1.57094773]","[ 0.00000000e+00  2.61724453e-01  2.52271047e-01 -6.81336683e-02
  3.20335602e-01  7.61134702e-01  3.70886561e-01 -1.06059783e-05]","[ 0.          1.23339748 14.25393867  0.51810843 -0.9943521   2.05145836
  1.18450129 -0.49707863]"
1746810082.2345464,"[ 0.          0.52274893  0.78500222 -3.11276047 -2.00487427  1.2491352
  1.36021539  1.57094773]","[ 0.00000000e+00  2.61551497e-01  2.52811236e-01 -6.50934910e-02
  3.22989775e-01  7.76800348e-01  3.72464417e-01 -1.05979587e-05]","[ 0.          1.15469313 14.21312523  0.44131508 -0.93464291  2.10913634
  1.19480693 -0.53391528]"
1746810082.236844,"[ 0.          0.52327011  0.78549996 -3.11288458 -2.00423804  1.25074375
  1.36098597  1.57094773]","[ 0.00000000e+00  2.64965620e-01  2.52527160e-01 -6.16447474e-02
  3.22226280e-01  7.89224793e-01  3.76152695e-01 -1.06060839e-05]","[ 0.          1.10612798 14.19061375  0.40411639 -0.88899279  1.99093878
  1.20515299 -0.51075953]"
1746810082.2379472,"[ 0.          0.52353093  0.78576768 -3.11294796 -2.00391926  1.25153058
  1.36135881  1.57094773]","[ 0.00000000e+00  2.64425431e-01  2.51785220e-01 -5.96267495e-02
  3.22979089e-01  7.97867949e-01  3.78136451e-01 -1.06058726e-05]","[ 0.          1.07048798 14.21949482  0.38238311 -0.85484999  1.84055793
  1.19628274 -0.53706032]"
1746810082.2402031,"[ 0.          0.52407688  0.78625763 -3.11306221 -2.00325427  1.25318867
  1.36211888  1.57094773]","[ 0.          0.2670677   0.24767939 -0.05807096  0.32573756  0.81349292
  0.38894036  0.        ]","[ 0.          1.01047528 14.19922829  0.29219821 -0.74022615  1.78007483
  1.22668386 -0.55096138]"
1746810082.2418554,"[ 0.          0.52460176  0.78673933 -3.11318631 -2.00260473  1.2548068
  1.36293234  1.57094773]","[ 0.          0.26577592  0.24416811 -0.0611875   0.33059932  0.82298702
  0.39872185  0.        ]","[ 0.          0.91155708 14.17635822  0.23351975 -0.64766538  1.67568731
  1.18349946 -0.51835859]"
1746810082.2436037,"[ 0.          0.52514361  0.78723022 -3.11330962 -2.00192402  1.25650683
  1.36372663  1.57094773]","[ 0.          0.26430995  0.23852426 -0.06272623  0.33215311  0.83208098
  0.40325552  0.        ]","[ 0.          0.84918314 14.19384193  0.18801688 -0.54424775  1.68586802
  1.15051734 -0.53224373]"
1746810082.244698,"[ 0.          0.5254035   0.78746531 -3.11337273 -2.00159432  1.25733161
  1.36415567  1.57094773]","[ 0.          0.26361513  0.23849608 -0.06394824  0.33438068  0.83564436
  0.40398799  0.        ]","[ 0.          0.77486634 14.16798592  0.16325119 -0.52886552  1.84432757
  1.09587061 -0.52036715]"
1746810082.246942,"[ 0.          0.52592285  0.7879516  -3.11351095 -2.00093306  1.25897452
  1.36495475  1.57094773]","[ 0.          0.26280839  0.23714559 -0.06914495  0.33627136  0.83163011
  0.40325552  0.        ]","[ 0.          0.68433344 14.13007736  0.09507492 -0.55321127  2.07039571
  1.18501592 -0.56368756]"
1746810082.2480693,"[ 0.          0.52620202  0.78818396 -3.11358073 -2.00057354  1.25979451
  1.36535049  1.57094773]","[ 0.          0.26280535  0.23552501 -0.07076554  0.33853741  0.83163011
  0.40095818  0.        ]","[ 0.          0.64964938 14.15003681  0.11186787 -0.58903039  1.99086201
  1.26735556 -0.57428068]"
1746810082.2497559,"[ 0.          0.52671907  0.78865781 -3.11372853 -1.99990508  1.26149067
  1.36615916  1.57094773]","[ 0.          0.26118426  0.23045621 -0.07272286  0.33897234  0.82757864
  0.39380213  0.        ]","[ 0.          0.64032257 14.1720314   0.16965201 -0.65240318  1.97933817
  1.24693573 -0.54924935]"
1746810082.2520337,"[ 0.          0.52722923  0.78910968 -3.11387687 -1.99957112  1.26317645
  1.36693254  1.57094773]","[ 0.          0.2579431   0.22827094 -0.07697778  0.33870223  0.82051441
  0.39164134  0.        ]","[ 0.          0.63690346 14.33287334  0.21624596 -0.69220942  2.00848866
  1.22037089 -0.55740613]"
1746810082.2536812,"[ 0.          0.52775594  0.78957347 -3.11403559 -1.99887976  1.26478221
  1.36773069  1.57094773]","[ 0.          0.25659261  0.22619316 -0.08129934  0.33654147  0.81245322
  0.38969417  0.        ]","[ 0.          0.64917624 14.50435448  0.2310876  -0.72842574  1.97435486
  1.24702024 -0.5536738 ]"
1746810082.2559457,"[ 0.          0.52826057  0.79001981 -3.11420976 -1.99821211  1.26643563
  1.36850128  1.57094773]","[ 0.          0.25659261  0.22719164 -0.08670129  0.33951253  0.8069729
  0.39232381  0.        ]","[ 0.          0.6018697  14.69961739  0.24615352 -0.84975624  1.99626505
  1.14432847 -0.56087619]"
1746810082.2576346,"[ 0.          0.52853425  0.79024478 -3.11429658 -1.99785099  1.2672214
  1.36891793  1.57094773]","[ 0.          0.2573054   0.22823237 -0.08796256  0.33972215  0.79678757
  0.39220187  0.        ]","[ 0.          0.65022659 14.7940712   0.21275839 -0.93175262  1.84791708
  1.0175252  -0.53598201]"
1746810082.2587118,"[ 0.          0.52904164  0.79070997 -3.11447688 -1.99718014  1.26877109
  1.36967706  1.57094773]","[ 0.          0.2571328   0.22669468 -0.08726743  0.3405929   0.78247241
  0.38191784  0.        ]","[ 0.          0.67293501 14.89474201  0.25558576 -1.0769223   2.02943015
  0.97490567 -0.5348196 ]"
1746810082.261021,"[ 0.          0.52956376  0.79115858 -3.11464599 -1.99648825  1.2703578
  1.37044379  1.57094773]","[ 0.          0.25377768  0.22769217 -0.0848106   0.33678205  0.7721251
  0.37264192  0.        ]","[ 0.          0.67412591 14.94478893  0.30749789 -1.21517408  1.8977958
  0.98621255 -0.51487458]"
1746810082.2627003,"[ 0.          0.53006014  0.79162377 -3.11481324 -1.99582698  1.27187514
  1.37117722  1.57094773]","[ 0.          0.25011026  0.22648143 -0.07991988  0.33485136  0.76737895
  0.37138404  0.        ]","[ 0.          0.66201228 15.04704285  0.29957995 -1.28926647  1.77138066
  1.07989419 -0.55869955]"
1746810082.264354,"[ 0.          0.53030488  0.79184734 -3.11488887 -1.99549728  1.27262575
  1.37154447  1.57094773]","[ 0.          0.24821958  0.22688188 -0.07670769  0.33438068  0.7611347
  0.37246442  0.        ]","[ 0.          0.66678846 15.05101395  0.29546529 -1.36500049  1.82640731
  1.04430878 -0.57872075]"
1746810082.2660766,"[ 0.          0.53081045  0.79231026 -3.1150412  -1.99481631  1.27429142
  1.37229602  1.57094773]","[ 0.          0.24652403  0.22619316 -0.07347516  0.33194981  0.75361793
  0.36637274  0.        ]","[ 0.          0.73199433 15.11077881  0.27650687 -1.36395347  1.85048294
  0.94427615 -0.55336672]"
1746810082.2677248,"[ 0.          0.53129445  0.79275981 -3.11517916 -1.99416437  1.27583446
  1.37302186  1.57094773]","[ 0.          0.24443822  0.22823237 -0.06806456  0.3300591   0.75249155
  0.36949336  0.        ]","[ 0.          0.71992379 15.18185329  0.24022137 -1.37706959  1.75869393
  0.91910928 -0.57029319]"
1746810082.270012,"[ 0.          0.53179402  0.79320981 -3.11530672 -1.99348979  1.27730519
  1.37375916  1.57094773]","[ 0.          0.24338108  0.22877256 -0.06374301  0.32783593  0.74195774
  0.37543551  0.        ]","[ 0.          0.69355142 15.20651531  0.20224355 -1.42683697  1.80083585
  0.95980537 -0.60421008]"
1746810082.2716503,"[ 0.          0.53226653  0.79368226 -3.11543295 -1.99284371  1.27881107
  1.37451443  1.57094773]","[ 0.          0.23795587  0.23093333 -0.06050184  0.32816842  0.73223428
  0.36679238  0.        ]","[ 0.          0.69134676 15.18321323  0.16707979 -1.44629502  1.76850176
  1.02230227 -0.59831011]"
1746810082.2733302,"[ 0.          0.53275053  0.79413919 -3.11554321 -1.99217606  1.28025238
  1.37522603  1.57094773]","[ 0.          0.23597312  0.23201373 -0.0540195   0.32492726  0.72926319
  0.36085024  0.        ]","[ 0.          0.6939562  15.16017914  0.11101013 -1.45091438  1.59868217
  1.03000414 -0.58912605]"
1746810082.2750401,"[ 0.          0.53301824  0.7943858  -3.1155978  -1.99185461  1.28102296
  1.37560366  1.57094773]","[ 0.          0.2351913   0.2322116  -0.05135917  0.32600767  0.72572391
  0.35558966  0.        ]","[ 0.          0.72798425 15.16729927  0.09326262 -1.40968263  1.60889268
  1.05816579 -0.5933286 ]"
1746810082.2766938,"[ 0.          0.53349625  0.7948422  -3.11569474 -1.99119015  1.28244136
  1.37630674  1.57094773]","[ 0.          0.2336029   0.23093333 -0.04834745  0.32324054  0.71827099
  0.35490809  0.        ]","[ 0.          0.63900459 15.14772129  0.02871031 -1.36362147  1.55888319
  1.1042248  -0.58781487]"
1746810082.278416,"[ 0.          0.53395315  0.79531378 -3.11578742 -1.99055552  1.28384645
  1.37702393  1.57094773]","[ 0.          0.23093333  0.23045621 -0.04591657  0.32168609  0.71116668
  0.35007276  0.        ]","[ 0.          0.59308732 15.04898453 -0.02584596 -1.32384598  1.46034551
  1.09868872 -0.60846406]"
1746810082.2801118,"[ 0.          0.53418091  0.79554201 -3.11583483 -1.99023914  1.28460079
  1.37737027  1.57094773]","[ 0.          0.23069936  0.23147354 -0.04459479  0.32087579  0.71017625
  0.35077097  0.        ]","[ 0.          0.57507521 14.92074108 -0.07423294 -1.31267178  1.40608811
  1.09390748 -0.61610025]"
1746810082.2817633,"[ 0.          0.5346447   0.79601499 -3.11591845 -1.9895824   1.28529427
  1.37807042  1.57094773]","[ 0.          0.22493931  0.23095775 -0.04186511  0.32055069  0.70333385
  0.35706885  0.        ]","[ 0.          0.54673123 14.84987831 -0.15653357 -1.23709464  1.53589666
  1.02284217 -0.60556656]"
1746810082.2840707,"[ 0.          0.53508046  0.79646866 -3.11600287 -1.98895017  1.28671267
  1.37881251  1.57094773]","[ 0.          0.22039953  0.22958286 -0.04162756  0.3203356   0.69061633
  0.36382129  0.        ]","[ 0.          0.51767373 14.73303795 -0.23341511 -1.23353159  1.66935778
  0.92127937 -0.60926908]"
1746810082.2856994,"[ 0.          0.5355089   0.79691867 -3.11608863 -1.98829716  1.28805597
  1.37952876  1.57094773]","[ 0.          0.21585904  0.22769217 -0.04456608  0.31844492  0.67740445
  0.36426215  0.        ]","[ 0.          0.57330632 14.64744377 -0.26042926 -1.22300661  1.64418447
  0.92211962 -0.621364  ]"
1746810082.2879684,"[ 0.          0.53594602  0.79737646 -3.1161853  -1.98767052  1.2894267
  1.38027645  1.57094773]","[ 0.          0.21364711  0.22152535 -0.04864908  0.31736455  0.66654255
  0.36652227  0.        ]","[ 0.          0.59408289 14.53407383 -0.21334854 -1.24057901  1.52708614
  0.9189378  -0.62917125]"
1746810082.2896678,"[ 0.          0.53615541  0.79759278 -3.11623377 -1.9873568   1.29007265
  1.38063797  1.57094773]","[ 0.          0.21229662  0.21931916 -0.04915774  0.31785244  0.65525647
  0.36679238  0.        ]","[ 0.          0.6621052  14.54784584 -0.21091564 -1.32663834  1.46012127
  0.9275564  -0.62114012]"
1746810082.2907794,"[ 0.          0.53658934  0.79804279 -3.1163331  -1.98670699  1.29135882
  1.38136288  1.57094773]","[ 0.          0.21094613  0.21985934 -0.05131852  0.31628414  0.64973574
  0.36760265  0.        ]","[ 0.          0.72879869 14.50467396 -0.11948791 -1.45929253  1.45353699
  0.95567936 -0.62626147]"
1746810082.2930558,"[ 0.          0.537004    0.79847255 -3.11644655 -1.9860902   1.29267735
  1.38211722  1.57094773]","[ 0.          0.20959564  0.21715837 -0.05712142  0.31169248  0.64256192
  0.36841295  0.        ]","[ 0.          0.80854923 14.39995956 -0.0776389  -1.74919736  1.55458272
  0.95330203 -0.64440548]"
1746810082.2941241,"[ 0.          0.53743103  0.79891797 -3.11657039 -1.98546089  1.29393303
  1.38287356  1.57094773]","[ 0.          0.20763628  0.21696119 -0.0642832   0.30593752  0.63219723
  0.36812809  0.        ]","[ 0.          0.86909658 14.42675972  0.02941825 -1.9540422   1.72182822
  1.02224886 -0.64453518]"
1746810082.2958589,"[ 0.          0.53763586  0.79913055 -3.11664123 -1.98515943  1.29459616
  1.38323322  1.57094773]","[ 0.          0.20770496  0.21553778 -0.06670441  0.30575033  0.62500203
  0.36463159  0.        ]","[ 0.          0.90388906 14.38710308  0.08140048 -1.97194791  1.78183532
  0.95635611 -0.64441496]"
1746810082.2981107,"[ 0.          0.53783926  0.79954887 -3.11677812 -1.98455808  1.29582042
  1.38395134  1.57094773]","[ 0.          0.2061454   0.21013584 -0.07049544  0.30412977  0.62014382
  0.36355122  0.        ]","[ 0.          0.98037589 14.39980698  0.18165997 -2.03338552  1.69459045
  0.92316127 -0.6455735 ]"
1746810082.2997694,"[ 0.          0.53825805  0.79997091 -3.11692779 -1.98394183  1.29707144
  1.38469623  1.57094773]","[ 0.          0.20312246  0.20412552 -0.07372593  0.29953811  0.60911661
  0.36355122  0.        ]","[ 0.          1.10017991 14.40728283  0.27705669 -2.10832047  1.67602718
  0.89892048 -0.62655729]"
1746810082.3020513,"[ 0.          0.53866168  0.80037039 -3.11708092 -1.98335966  1.29826626
  1.3854021   1.57094773]","[ 0.          0.20527408  0.20203291 -0.07103564  0.29332586  0.60393796
  0.35490809  0.        ]","[ 0.          1.1785953  14.43971348  0.36340091 -2.17300582  1.55576539
  0.9092837  -0.62618971]"
1746810082.3037333,"[ 0.          0.5390777   0.80077952 -3.1172242  -1.98276578  1.299482
  1.38612222  1.57094773]","[ 0.          0.20186861  0.1996117  -0.06946286  0.28938681  0.59206432
  0.35185025  0.        ]","[ 0.          1.27269769 14.49900627  0.50327742 -2.20404768  1.40932536
  0.98553717 -0.64863741]"
1746810082.3048334,"[ 0.          0.539277    0.80097419 -3.11729371 -1.98248242  1.3000623
  1.38646856  1.57094773]","[ 0.          0.20203291  0.19744125 -0.07049544  0.28738371  0.58854242
  0.3511267   0.        ]","[ 0.          1.28438044 14.52093697  0.54838383 -2.23763847  1.51530588
  0.98861682 -0.65692729]"
1746810082.3064897,"[ 0.          0.53967558  0.80136222 -3.11742953 -1.98192368  1.30121718
  1.38715819  1.57094773]","[ 0.          0.20176282  0.19643173 -0.06833466  0.2828088   0.58449096
  0.34923603  0.        ]","[ 0.          1.36097503 14.50718975  0.62616336 -2.22032094  1.51352274
  0.94721431 -0.6714797 ]"
1746810082.3081894,"[ 0.          0.54008471  0.80175716 -3.11757227 -1.9813519   1.30241014
  1.38786033  1.57094773]","[ 0.          0.19933193  0.19095892 -0.07022534  0.2782004   0.58128131
  0.3405929   0.        ]","[ 0.          1.47175145 14.59535122  0.70153993 -2.05459309  1.48070252
  0.87804282 -0.68911958]"
1746810082.3098574,"[ 0.          0.54028125  0.80194312 -3.11764391 -1.98108106  1.30297806
  1.38819322  1.57094773]","[ 0.          0.19933193  0.18852804 -0.07265622  0.27468914  0.57526437
  0.33727976  0.        ]","[ 0.          1.5322392  14.60304642  0.70335811 -1.95081222  1.41087687
  0.82656503 -0.66530013]"
1746810082.3115478,"[ 0.          0.54069084  0.80232515 -3.11778639 -1.98052206  1.3041368
  1.38888778  1.57094773]","[ 0.          0.20061476  0.18636726 -0.07211602  0.27283608  0.56272441
  0.34012758  0.        ]","[ 0.          1.59661794 14.68035793  0.7416541  -1.70023096  1.49577236
  0.84154844 -0.67865425]"
1746810082.3132298,"[ 0.          0.54109078  0.80268561 -3.1179302  -1.97998623  1.30523363
  1.38955463  1.57094773]","[ 0.          0.20392359  0.1820457  -0.06941505  0.2709031   0.55261944
  0.33762185  0.        ]","[ 0.          1.66400695 14.74698257  0.81450254 -1.5277251   1.40319991
  0.84125495 -0.664675  ]"
1746810082.3149443,"[ 0.          0.54129328  0.80286471 -3.11799811 -1.97971912  1.30577491
  1.3898838   1.57094773]","[ 0.          0.20527408  0.1815055  -0.06887486  0.27090776  0.54828198
  0.33384049  0.        ]","[ 0.          1.67722642 14.76448154  0.82274157 -1.50291193  1.42563009
  0.83826947 -0.67850745]"
1746810082.316608,"[ 0.          0.54172079  0.80323801 -3.11806336 -1.97916518  1.30689078
  1.39055159  1.57094773]","[ 0.          0.20992292  0.18258589 -0.06617388  0.27009748  0.54366603
  0.32378859  0.        ]","[ 0.          1.73221505 14.84589958  0.8659389  -1.40996706  1.31966877
  0.95315337 -0.67126036]"
1746810082.3189278,"[ 0.          0.54214187  0.80359801 -3.11818959 -1.97863734  1.30794672
  1.39118222  1.57094773]","[ 0.          0.2147275   0.1820457  -0.06023174  0.26712641  0.53155184
  0.3203356   0.        ]","[ 0.          1.72358227 14.84470177  0.93029696 -1.36325967  1.13417149
  1.08143389 -0.68886024]"
1746810082.3200214,"[ 0.          0.54235266  0.80379182 -3.11825164 -1.97837316  1.30846804
  1.39156465  1.57094666]","[ 0.00000000e+00  2.13917199e-01  1.82387702e-01 -5.84290511e-02
  2.67665216e-01  5.28850862e-01  3.15016404e-01 -1.05820616e-05]","[ 0.          1.7503401  14.88876438  0.93468094 -1.31655645  1.16127336
  1.11390769 -0.68655676]"
1746810082.321713,"[ 0.          0.54278748  0.80414542 -3.11836323 -1.97782961  1.30953729
  1.3921612   1.57094666]","[ 0.00000000e+00  2.12296616e-01  1.78264330e-01 -5.64503723e-02
  2.64965620e-01  5.18046950e-01  2.98187623e-01 -1.05740785e-05]","[ 0.          1.73503292 14.94742775  0.91304272 -1.24756813  1.21674335
  1.08825791 -0.70945543]"
1746810082.3233685,"[ 0.          0.54322464  0.80450674 -3.11847562 -1.97730869  1.31054956
  1.39275003  1.57094666]","[ 0.00000000e+00  2.12451612e-01  1.76540999e-01 -5.44167575e-02
  2.64155337e-01  5.12374916e-01  2.83869903e-01 -1.05819570e-05]","[ 0.          1.69107246 15.05049992  0.86120695 -1.23505831  1.26391125
  1.06727993 -0.69345516]"
1746810082.3251169,"[ 0.          0.54343313  0.80467945 -3.11852888 -1.97702879  1.31108992
  1.39302873  1.57094666]","[ 0.00000000e+00  2.11486316e-01  1.74845830e-01 -5.40194971e-02
  2.63309716e-01  5.08809210e-01  2.82521944e-01 -1.05819570e-05]","[ 0.          1.6603899  15.09269047  0.84519994 -1.24050891  1.26004636
  1.12077212 -0.69037545]"
1746810082.3261998,"[ 0.          0.54385281  0.8050192  -3.11863487 -1.97651028  1.31207449
  1.39358719  1.57094666]","[ 0.00000000e+00  2.12836805e-01  1.70971696e-01 -5.39647609e-02
  2.62268753e-01  4.94317220e-01  2.84682733e-01 -1.05740785e-05]","[ 0.          1.60743964 15.16930008  0.81230634 -1.30174673  1.24412477
  1.18831682 -0.71757704]"
1746810082.3278632,"[ 0.          0.54408148  0.80518592 -3.11869    -1.97625275  1.31255492
  1.39382501  1.57094666]","[ 0.00000000e+00  2.15410101e-01  1.69081018e-01 -5.59101792e-02
  2.61184264e-01  4.87255848e-01  2.85156209e-01 -1.05820616e-05]","[ 0.          1.58342326 15.2081213   0.78843987 -1.34429836  1.40052295
  1.19850206 -0.73273706]"
1746810082.3301482,"[ 0.          0.54450579  0.80552986 -3.11880771 -1.97572038  1.31353856
  1.39445192  1.57094666]","[ 0.00000000e+00  2.15537783e-01  1.67190340e-01 -5.78008613e-02
  2.58483286e-01  4.78612725e-01  2.85763144e-01 -1.05739739e-05]","[ 0.          1.52301919 15.1980629   0.73727751 -1.56354761  1.33232331
  1.14891505 -0.77211475]"
1746810082.3318925,"[ 0.          0.544931    0.80586416 -3.11892463 -1.97521944  1.31447373
  1.39500932  1.57094666]","[ 0.00000000e+00  2.15537783e-01  1.69621207e-01 -5.69244400e-02
  2.52811236e-01  4.72670580e-01  2.83315000e-01 -1.05740785e-05]","[ 0.          1.47805631 15.22212601  0.74547184 -1.72069919  1.35356688
  1.07235169 -0.76211375]"
1746810082.3341289,"[ 0.          0.54537182  0.8062099  -3.11903941 -1.97470385  1.3154354
  1.39558683  1.57094573]","[ 0.00000000e+00  2.15267688e-01  1.67730529e-01 -5.85517687e-02
  2.50920558e-01  4.68996949e-01  2.82521944e-01 -2.11641232e-05]","[ 0.          1.46297324 15.30992699  0.72563303 -1.78785181  1.36976469
  1.10320771 -0.7734322 ]"
1746810082.3357952,"[ 0.          0.54579702  0.806541   -3.11915792 -1.97421437  1.31634873
  1.39613956  1.57094573]","[ 0.00000000e+00  2.15049576e-01  1.67730529e-01 -6.05018351e-02
  2.47139185e-01  4.60246101e-01  2.78740588e-01 -2.11639139e-05]","[ 0.          1.41142619 15.37665749  0.70649177 -1.82014453  1.36281347
  1.07361138 -0.77215868]"
1746810082.3375475,"[ 0.          0.54623877  0.80688495 -3.11927829 -1.97371156  1.3172791
  1.39669603  1.57094573]","[ 0.00000000e+00  2.16618177e-01  1.67560586e-01 -5.78008613e-02
  2.43650910e-01  4.53493656e-01  2.70371687e-01 -2.11639139e-05]","[ 0.          1.3463043  15.32225323  0.65083665 -1.86913073  1.46269488
  0.97022593 -0.7853415 ]"
1746810082.339195,"[ 0.          0.54645459  0.80705066 -3.11933422 -1.97347374  1.31772532
  1.39695769  1.57094573]","[ 0.00000000e+00  2.18778950e-01  1.68000624e-01 -5.67204709e-02
  2.41197040e-01  4.52683356e-01  2.64966985e-01 -2.11481571e-05]","[ 0.          1.34125793 15.2256794   0.67597312 -1.89379704  1.35200942
  0.93198204 -0.75677228]"
1746810082.3402653,"[ 0.          0.54688852  0.80739281 -3.119449   -1.97299144  1.31864797
  1.39723452  1.57094573]","[ 0.00000000e+00  2.19859344e-01  1.66510252e-01 -5.56705988e-02
  2.33465434e-01  4.48453291e-01  2.60799204e-01 -2.11639139e-05]","[ 0.          1.29733992 15.14081669  0.66276193 -1.93078351  1.3562336
  0.95329762 -0.78511137]"
1746810082.341957,"[ 0.          0.54712271  0.80755806 -3.11950386 -1.97276427  1.31908939
  1.39749032  1.57094573]","[ 0.00000000e+00  2.20218122e-01  1.67460435e-01 -5.56400806e-02
  2.30393145e-01  4.47821623e-01  2.59293570e-01 -2.11639139e-05]","[ 0.          1.21155727 15.18644142  0.64178437 -1.92616451  1.38820553
  0.91278625 -0.80019093]"
1746810082.343636,"[ 0.          0.54755804  0.80789881 -3.11960666 -1.9723174   1.31996277
  1.39800697  1.57094573]","[ 0.00000000e+00  2.19859344e-01  1.66667196e-01 -5.07783261e-02
  2.24763239e-01  4.40799067e-01  2.62268753e-01 -2.11639139e-05]","[ 0.          1.11757958 15.17523289  0.56474674 -1.83603811  1.49949467
  0.98393083 -0.82154787]"
1746810082.3453171,"[ 0.          0.54800299  0.80822758 -3.1197044  -1.9718604   1.32084747
  1.39855106  1.57094573]","[ 0.00000000e+00  2.15660871e-01  1.67190340e-01 -4.66429321e-02
  2.22682395e-01  4.26861280e-01  2.64155337e-01 -2.11639139e-05]","[ 0.          1.02336609 15.11730862  0.49870905 -1.69815397  1.57801926
  0.93931657 -0.81699324]"
1746810082.3470252,"[ 0.          0.54821604  0.80839103 -3.11974887 -1.97164095  1.3212612
  1.39881364  1.5709448 ]","[ 0.00000000e+00  2.16077989e-01  1.65839851e-01 -4.50605775e-02
  2.22560322e-01  4.19731465e-01  2.66316109e-01 -2.91006692e-05]","[ 0.          0.9831838  15.02012444  0.46319753 -1.65574276  1.55387819
  0.95953763 -0.80921501]"
1746810082.3487566,"[ 0.          0.54863758  0.80872812 -3.11983756 -1.97118742  1.32209836
  1.39936345  1.5709448 ]","[ 0.00000000e+00  2.12836805e-01  1.64002570e-01 -4.42959881e-02
  2.20927006e-01  4.07498734e-01  2.69576101e-01 -2.91003827e-05]","[ 0.          0.89583206 14.94501972  0.4034237  -1.60269082  1.56154668
  0.90193647 -0.84162134]"
1746810082.3504121,"[ 0.          0.54886349  0.80888971 -3.11988443 -1.97097197  1.3224961
  1.3996327   1.5709448 ]","[ 0.00000000e+00  2.12651649e-01  1.63783059e-01 -4.41352496e-02
  2.18508855e-01  4.03525630e-01  2.73068554e-01 -2.91003827e-05]","[ 0.          0.76755124 14.95114136  0.37613529 -1.57721686  1.57717109
  0.88192552 -0.81934148]"
1746810082.3515117,"[ 0.          0.5492809   0.80922493 -3.11996619 -1.970544    1.32327135
  1.40017785  1.5709448 ]","[ 0.00000000e+00  2.11486316e-01  1.62999507e-01 -4.10132176e-02
  2.16077989e-01  3.91244530e-01  2.77930304e-01 -2.91006692e-05]","[ 0.          0.67902851 14.93485069  0.3060174  -1.46473193  1.62327433
  1.02278793 -0.84052962]"
1746810082.3532367,"[ 0.          0.54971164  0.80954085 -3.12004289 -1.97010697  1.32406284
  1.40073338  1.5709448 ]","[ 0.00000000e+00  2.09922924e-01  1.59357518e-01 -3.68629640e-02
  2.12651649e-01  3.85969307e-01  2.67396504e-01 -2.91003827e-05]","[ 0.          0.5596019  14.92268944  0.23229507 -1.33871412  1.59689891
  1.14675725 -0.82958436]"
1746810082.3549116,"[ 0.          0.54991916  0.80969698 -3.12007857 -1.96989925  1.32444341
  1.40099118  1.5709448 ]","[ 0.00000000e+00  2.10405938e-01  1.58277123e-01 -3.61930625e-02
  2.10462580e-01  3.85969307e-01  2.61454359e-01 -2.91003827e-05]","[ 0.          0.51351368 14.8617506   0.21152808 -1.28807127  1.60580468
  1.15626967 -0.83029777]"
1746810082.3565972,"[ 0.          0.55034211  0.81001702 -3.12015074 -1.96948246  1.32518829
  1.4015097   1.5709448 ]","[ 0.00000000e+00  2.05379371e-01  1.55418519e-01 -3.51075830e-02
  2.11002220e-01  3.75435506e-01  2.50532552e-01 -2.91006692e-05]","[ 0.          0.43701497 14.81482697  0.10330942 -1.21914017  1.5349257
  1.15567958 -0.84261656]"
1746810082.3577244,"[ 0.          0.55054274  0.81016809 -3.12018563 -1.9692758   1.32557738
  1.40175324  1.5709448 ]","[ 0.00000000e+00  2.03383399e-01  1.53145262e-01 -3.53469179e-02
  2.09595638e-01  3.66028056e-01  2.46869091e-01 -2.91006692e-05]","[ 0.          0.34100205 14.82360172  0.05904387 -1.18300104  1.50092721
  1.16738057 -0.83144951]"
1746810082.359385,"[ 0.          0.55094408  0.81046657 -3.12025461 -1.96885103  1.32628219
  1.40223461  1.5709448 ]","[ 0.00000000e+00  2.02367852e-01  1.50444300e-01 -3.45724769e-02
  2.06624566e-01  3.55627779e-01  2.43087735e-01 -2.90784288e-05]","[ 0.00000000e+00  2.84939051e-01  1.47709513e+01  1.05375668e-03
 -1.16490722e+00  1.40883315e+00  1.13549399e+00 -8.31348896e-01]"
1746810082.3610666,"[ 0.          0.5511576   0.81062316 -3.12028657 -1.96864996  1.32665237
  1.4024924   1.57094387]","[ 0.00000000e+00  2.01116300e-01  1.47451856e-01 -3.24116962e-02
  2.03923588e-01  3.48568172e-01  2.42743871e-01 -3.70368514e-05]","[ 0.          0.27624285 14.74834442 -0.04170092 -1.16885066  1.44864511
  1.15361762 -0.86018443]"
1746810082.3627648,"[ 0.          0.55154928  0.81091338 -3.12034782 -1.96823663  1.32732774
  1.4029747   1.57094387]","[ 0.00000000e+00  1.98791743e-01  1.47053980e-01 -2.89004307e-02
  2.00927115e-01  3.39782637e-01  2.43087735e-01 -3.70372172e-05]","[ 0.          0.20351784 14.79748631 -0.11015595 -1.16701293  1.47447026
  1.13122547 -0.86484635]"
1746810082.364448,"[ 0.          0.55193641  0.81121738 -3.12039948 -1.96784914  1.32801178
  1.40347404  1.57094387]","[ 0.00000000e+00  1.96090765e-01  1.49207229e-01 -2.45521898e-02
  1.94200087e-01  3.32518965e-01  2.43746951e-01 -3.70368514e-05]","[ 0.          0.10842428 14.81976414 -0.1763218  -1.12265825  1.45756781
  1.15507805 -0.86359417]"
1746810082.3661366,"[ 0.          0.55214074  0.81136478 -3.12042212 -1.96765926  1.32833615
  1.40371959  1.57094387]","[ 0.00000000e+00  1.92339403e-01  1.49634000e-01 -2.29582858e-02
  1.92579503e-01  3.28645397e-01  2.49029880e-01 -3.70368514e-05]","[ 0.          0.03088158 14.86941338 -0.20868824 -1.16538179  1.37684464
  1.15185094 -0.88512838]"
1746810082.3678346,"[ 0.          0.55251728  0.81166279 -3.12046447 -1.96726458  1.32900114
  1.40423797  1.57094387]","[ 0.00000000e+00  1.90225785e-01  1.51794789e-01 -2.10676037e-02
  1.93463673e-01  3.39782637e-01  2.68206787e-01 -3.70089097e-05]","[ 0.         -0.04699476 14.87893963 -0.27323616 -1.26746714  1.42578089
  1.14502716 -0.85835826]"
1746810082.369533,"[ 0.          0.55289794  0.81197505 -3.12050654 -1.96687789  1.32970595
  1.40481734  1.57094387]","[ 0.00000000e+00  1.85067125e-01  1.53145262e-01 -2.07975050e-02
  1.96090765e-01  3.43563993e-01  2.87383711e-01 -3.70928568e-05]","[ 0.         -0.09263989 14.85880184 -0.30190182 -1.39935338  1.47691453
  1.01484084 -0.87216908]"
1746810082.37123,"[ 0.          0.55307794  0.81212611 -3.12052678 -1.9666699   1.33004563
  1.40510843  1.57094387]","[ 0.00000000e+00  1.82585892e-01  1.53145262e-01 -2.05274085e-02
  1.95850165e-01  3.44295197e-01  2.95216533e-01 -3.70928568e-05]","[ 0.         -0.09442328 14.81322861 -0.2866402  -1.41886115  1.50855207
  0.95646876 -0.89579159]"
1746810082.3729706,"[ 0.          0.55343151  0.81243284 -3.12056859 -1.96628187  1.33074764
  1.40572202  1.57094387]","[ 0.00000000e+00  1.78623358e-01  1.56116334e-01 -2.10676037e-02
  1.97441254e-01  3.44054314e-01  3.00922156e-01 -3.70928568e-05]","[ 0.         -0.14175896 14.85017681 -0.3048498  -1.5107789   1.48022985
  0.92348981 -0.90367675]"
1746810082.3761582,"[ 0.          0.5537874   0.81275196 -3.12061227 -1.96589252  1.33143261
  1.40632988  1.57094293]","[ 0.00000000e+00  1.72862391e-01  1.55035956e-01 -2.10676037e-02
  1.96901065e-01  3.51126704e-01  3.11692479e-01 -4.76908124e-05]","[ 0.         -0.10890592 14.92764282 -0.31468415 -1.48093534  1.4838258
  1.04596937 -0.90712237]"
1746810082.3784835,"[ 0.          0.55430442  0.81321255 -3.12067326 -1.9653005   1.33251998
  1.4073022   1.57094293]","[ 0.00000000e+00  1.70111612e-01  1.50444300e-01 -1.92910068e-02
  1.94200087e-01  3.62861957e-01  3.25197369e-01 -4.76908124e-05]","[ 0.         -0.18189077 14.95884514 -0.29506961 -1.47771895  1.50225794
  1.03752303 -0.90145928]"
1746810082.3796573,"[ 0.          0.55463552  0.81351562 -3.12070921 -1.96490369  1.33325621
  1.40793857  1.570942  ]","[ 0.00000000e+00  1.66481290e-01  1.54069395e-01 -1.78264326e-02
  1.93844022e-01  3.77056073e-01  3.23036580e-01 -5.83328791e-05]","[ 0.         -0.18302067 14.9050312  -0.29057255 -1.48851824  1.47427738
  0.90675902 -0.89409876]"
1746810082.3820543,"[ 0.          0.55497484  0.8138306  -3.1207417  -1.96452206  1.33404583
  1.40860729  1.570942  ]","[ 0.00000000e+00  1.65507189e-01  1.54328055e-01 -1.53955564e-02
  1.93733501e-01  3.86779574e-01  3.29312719e-01 -5.82887721e-05]","[ 0.         -0.20891559 14.82739925 -0.25749955 -1.53634155  1.40507317
  0.97747248 -0.89435935]"
1746810082.383913,"[ 0.          0.55530041  0.81413507 -3.12077073 -1.96412684  1.33481735
  1.40927614  1.570942  ]","[ 0.00000000e+00  1.64489362e-01  1.55035956e-01 -1.45704862e-02
  1.92840943e-01  3.92323809e-01  3.42483615e-01 -5.82887721e-05]","[ 0.         -0.18627605 14.76185513 -0.19763908 -1.50274563  1.33570933
  1.15484476 -0.94100076]"
1746810082.3856542,"[ 0.          0.55562875  0.81445099 -3.12080082 -1.96374335  1.33562695
  1.4099896   1.570942  ]","[ 0.00000000e+00  1.58987205e-01  1.54473363e-01 -1.50461080e-02
  1.94740276e-01  3.97180649e-01  3.50046326e-01 -5.82887721e-05]","[ 0.         -0.17453241 14.68603039 -0.18582575 -1.43834281  1.30047071
  1.16756129 -0.94632429]"
1746810082.3874779,"[ 0.          0.55593684  0.81475405 -3.12083411 -1.96336039  1.33642124
  1.41067643  1.57094107]","[ 0.00000000e+00  1.55576145e-01  1.52875167e-01 -1.78264326e-02
  1.93659898e-01  4.04065819e-01  3.46993412e-01 -6.62372408e-05]","[ 0.         -0.1826587  14.65623188 -0.14794028 -1.32478416  1.28366435
  1.04613435 -0.93674201]"
1746810082.3892338,"[ 0.          0.55608794  0.81494001 -3.12085409 -1.96315426  1.33682085
  1.41101891  1.57094107]","[ 0.00000000e+00  1.53145262e-01  1.53247028e-01 -2.02573099e-02
  1.94094792e-01  4.05146197e-01  3.47345348e-01 -6.62372408e-05]","[ 0.         -0.16148184 14.64225674 -0.11660822 -1.23803484  1.32435131
  0.95897841 -0.93441898]"
1746810082.39103,"[ 0.          0.55639604  0.81523482 -3.12090202 -1.96276677  1.33765801
  1.41172758  1.57094107]","[ 0.00000000e+00  1.49634000e-01  1.48013417e-01 -2.48237906e-02
  1.96901065e-01  4.11751136e-01  3.46264971e-01 -6.62880244e-05]","[ 0.         -0.11796747 14.67722797 -0.05994542 -1.16995966  1.34694183
  1.03253996 -0.97007078]"
1746810082.392843,"[ 0.          0.55668579  0.81553283 -3.12095662 -1.96236436  1.33847414
  1.41240882  1.57094   ]","[ 0.00000000e+00  1.47203117e-01  1.44944174e-01 -2.89004307e-02
  1.96351705e-01  4.14869731e-01  3.44644370e-01 -7.68351964e-05]","[ 0.         -0.04177106 14.68699837 -0.01533004 -1.20363033  1.31637037
  1.15014601 -0.95187855]"
1746810082.394641,"[ 0.          0.5569829   0.81581939 -3.12102266 -1.96197687  1.33931037
  1.41311269  1.57094   ]","[ 0.00000000e+00  1.43961950e-01  1.45165216e-01 -3.34920866e-02
  1.96901065e-01  4.06226608e-01  3.42136605e-01 -7.68933393e-05]","[ 0.          0.0417534  14.65917778  0.07455891 -1.28915787  1.31131935
  1.08271301 -0.92420745]"
1746810082.3969486,"[ 0.          0.55726393  0.81611833 -3.12109164 -1.96156968  1.34010186
  1.4137882   1.57094   ]","[ 0.00000000e+00  1.42071272e-01  1.47313139e-01 -3.53827707e-02
  1.99360927e-01  3.99878897e-01  3.41403204e-01 -7.68351964e-05]","[ 0.          0.12305929 14.68801594  0.14189802 -1.39872921  1.29267955
  0.86389792 -0.94365412]"
1746810082.3987107,"[ 0.          0.55755368  0.81640988 -3.12116834 -1.96117606  1.34091612
  1.41448542  1.57093907]","[ 0.00000000e+00  1.40799296e-01  1.48553606e-01 -3.86239376e-02
  1.99129981e-01  3.95712615e-01  3.40592904e-01 -8.48478263e-05]","[ 0.          0.23729616 14.75020885  0.15419795 -1.43578184  1.29503858
  0.84718633 -0.9520902 ]"
1746810082.3998766,"[ 0.          0.55769326  0.81655682 -3.12120775 -1.96097899  1.34130241
  1.41482124  1.57093907]","[ 0.00000000e+00  1.41531083e-01  1.48942743e-01 -3.99744266e-02
  1.99872137e-01  3.91641341e-01  3.40592904e-01 -8.47836692e-05]","[ 0.          0.29936954 14.80437565  0.19437751 -1.45770478  1.35151935
  0.97144139 -0.93282598]"
1746810082.4016647,"[ 0.          0.5579674   0.81686681 -3.12129777 -1.96056806  1.3420758
  1.41549675  1.57093907]","[ 0.00000000e+00  1.37749710e-01  1.52875167e-01 -4.53463929e-02
  2.00682421e-01  3.93403122e-01  3.44644370e-01 -8.48486716e-05]","[ 0.          0.3950372  14.82872772  0.27433342 -1.5365088   1.34571338
  1.00133467 -0.91498369]"
1746810082.4040236,"[ 0.          0.55824384  0.81716615 -3.12139417 -1.96017312  1.3428854
  1.41620262  1.57093814]","[ 0.00000000e+00  1.34238449e-01  1.51794789e-01 -4.94278371e-02
  1.99872137e-01  3.96503108e-01  3.44644370e-01 -9.53816248e-05]","[ 0.          0.53986162 14.7898674   0.36737573 -1.59771514  1.25429261
  0.90957439 -0.92724818]"
1746810082.4057798,"[ 0.          0.55850649  0.81732507 -3.12149431 -1.95977045  1.34369207
  1.41690277  1.57093814]","[ 0.00000000e+00  1.33698252e-01  1.49708768e-01 -5.07783261e-02
  1.96090765e-01  3.92201870e-01  3.40543568e-01 -9.54538036e-05]","[ 0.          0.62568277 14.76276207  0.42956585 -1.64914179  1.21102893
  0.77466005 -0.91929662]"
1746810082.4068909,"[ 0.          0.55864884  0.81747061 -3.12154997 -1.95957816  1.34407543
  1.41723753  1.57093814]","[ 0.00000000e+00  1.33910356e-01  1.47473228e-01 -5.24106066e-02
  1.94812797e-01  3.88940363e-01  3.39512526e-01 -9.54538036e-05]","[ 0.          0.6822874  14.78969574  0.45961866 -1.64354646  1.07075965
  0.82418329 -0.95102268]"
1746810082.4091856,"[ 0.          0.55891242  0.81775943 -3.12165916 -1.95919014  1.34483936
  1.41791011  1.57093721]","[ 0.00000000e+00  1.33158055e-01  1.46122739e-01 -5.66630008e-02
  1.97441254e-01  3.86779574e-01  3.41403204e-01 -1.05978532e-04]","[ 0.          0.73061955 14.83817387  0.52006334 -1.5685997   1.05791211
  0.96613872 -0.95040369]"
1746810082.4109979,"[ 0.          0.55918194  0.81805697 -3.12178593 -1.9587888   1.34562512
  1.41860266  1.57093721]","[ 0.00000000e+00  1.31674025e-01  1.44232044e-01 -6.36951900e-02
  1.95550576e-01  3.81917840e-01  3.36782053e-01 -1.06059781e-04]","[ 0.          0.8617503  14.84227943  0.58515221 -1.49442077  1.00999367
  0.98372632 -0.94155711]"
1746810082.4127958,"[ 0.          0.55944825  0.81833574 -3.12191828 -1.95840025  1.34637187
  1.41924102  1.57093628]","[ 0.00000000e+00  1.36399221e-01  1.40720783e-01 -6.80645635e-02
  1.97441254e-01  3.77056073e-01  3.19255224e-01 -1.13928053e-04]","[ 0.          0.98491609 14.82704163  0.64620459 -1.5231899   0.98148507
  0.919918   -0.94658428]"
1746810082.4145653,"[ 0.          0.55958421  0.8186227  -3.12207062 -1.95799385  1.34714432
  1.4198879   1.57093628]","[ 0.00000000e+00  1.37749710e-01  1.40990877e-01 -7.63601355e-02
  1.98521648e-01  3.75864575e-01  3.15473868e-01 -1.14015406e-04]","[ 0.          1.02853751 14.77842426  0.68743634 -1.52589333  0.97535163
  0.96752489 -0.94269723]"
1746810082.415719,"[ 0.          0.55987209  0.81876091 -3.12214812 -1.95779837  1.34750878
  1.42020189  1.57093628]","[ 0.00000000e+00  1.40578204e-01  1.40038564e-01 -7.85983643e-02
  1.98251554e-01  3.69868467e-01  3.18444924e-01 -1.14015406e-04]","[ 0.          1.12096465 14.74399757  0.73205066 -1.50717711  1.07253134
  1.061728   -0.92730492]"
1746810082.418047,"[ 0.          0.56016551  0.8190484  -3.12230471 -1.95739517  1.34824501
  1.42085357  1.57093534]","[ 0.00000000e+00  1.43941094e-01  1.40430332e-01 -7.91385615e-02
  1.96360859e-01  3.55988471e-01  3.18677418e-01 -1.21876526e-04]","[ 0.          1.13989878 14.71674347  0.7301656  -1.4983077   1.1216681
  1.09479666 -0.90986705]"
1746810082.4192677,"[ 0.          0.56045206  0.81932251 -3.12247009 -1.95700715  1.34893091
  1.42146716  1.57093534]","[ 0.00000000e+00  1.45852644e-01  1.38830105e-01 -8.10292395e-02
  1.96901065e-01  3.45184559e-01  3.07911123e-01 -1.11362770e-04]","[ 0.          1.21117902 14.62518787  0.74576473 -1.5056715   1.12929308
  1.0294137  -0.89748985]"
1746810082.4210124,"[ 0.          0.56059488  0.819458   -3.12254999 -1.95679782  1.34926966
  1.42176863  1.57093534]","[ 0.00000000e+00  1.44772250e-01  1.37340324e-01 -8.10292395e-02
  1.97104014e-01  3.43563993e-01  3.05750334e-01 -1.11278562e-04]","[ 0.          1.22801363 14.59070301  0.77612126 -1.50461912  1.07643247
  1.01884687 -0.89772218]"
1746810082.4227808,"[ 0.          0.56089015  0.81972937 -3.12271217 -1.95640794  1.34995556
  1.42238315  1.57093534]","[ 0.00000000e+00  1.44306746e-01  1.31279061e-01 -7.97443724e-02
  1.97441254e-01  3.32760081e-01  2.99808189e-01 -1.11362770e-04]","[ 0.          1.28619051 14.59461498  0.78569776 -1.48863935  1.07377291
  1.0236696  -0.89879334]"
1746810082.424619,"[ 0.          0.56117391  0.8199833  -3.12286823 -1.95600021  1.35059671
  1.42296545  1.57093428]","[ 0.00000000e+00  1.43961950e-01  1.27486012e-01 -7.91385615e-02
  1.99423911e-01  3.22226280e-01  2.92245478e-01 -1.21968747e-04]","[ 0.          1.26809299 14.66560173  0.75854522 -1.59712219  1.06338263
  1.01436317 -0.91630971]"
1746810082.4257638,"[ 0.          0.5613144   0.82011007 -3.12294547 -1.9558026   1.3509344
  1.42327265  1.57093428]","[ 0.00000000e+00  1.42611461e-01  1.28566399e-01 -7.83282698e-02
  2.00412326e-01  3.17974410e-01  2.89386807e-01 -1.21876526e-04]","[ 0.          1.29025626 14.7067728   0.73784524 -1.64064133  1.03787529
  1.01320016 -0.86388284]"
1746810082.4280279,"[ 0.          0.56160328  0.82036993 -3.12310153 -1.95541138  1.35154613
  1.42383018  1.57093428]","[ 0.00000000e+00  1.40990877e-01  1.26268407e-01 -7.53571974e-02
  1.97981443e-01  3.09305222e-01  2.79820999e-01 -1.21967536e-04]","[ 0.          1.3399657  14.84109306  0.71548867 -1.70806766  0.93830675
  0.97630805 -0.88754392]"
1746810082.4292023,"[ 0.          0.56188152  0.82061607 -3.12324747 -1.95501004  1.35215679
  1.42439717  1.57093428]","[ 0.00000000e+00  1.42611461e-01  1.23974743e-01 -7.31964166e-02
  1.95850165e-01  2.93900632e-01  2.76848378e-01 -1.21968747e-04]","[ 0.          1.34336305 14.90189266  0.69361484 -1.70811379  0.94704759
  0.93049055 -0.88719571]"
1746810082.4308925,"[ 0.          0.56203445  0.82073731 -3.12331778 -1.95481803  1.35244215
  1.42466921  1.57093428]","[ 0.00000000e+00  1.43941094e-01  1.22894348e-01 -7.13057304e-02
  1.94542969e-01  2.89544500e-01  2.75759945e-01 -1.21968747e-04]","[ 0.          1.29769063 14.91049385  0.66323572 -1.71734941  0.89308035
  0.93859911 -0.87073821]"
1746810082.4326618,"[ 0.          0.56231961  0.82098985 -3.1234528  -1.95444013  1.35299675
  1.42522381  1.57093335]","[ 0.00000000e+00  1.45852644e-01  1.23309485e-01 -6.52973643e-02
  1.91499109e-01  2.78458176e-01  2.82235720e-01 -1.21876526e-04]","[ 0.          1.23412967 14.99523354  0.64693224 -1.68353534  0.99493253
  0.96331632 -0.85181594]"
1746810082.434434,"[ 0.          0.56260337  0.82123646 -3.12357584 -1.95401962  1.35360941
  1.42580505  1.57093335]","[ 0.00000000e+00  1.43961950e-01  1.26135523e-01 -6.15822255e-02
  1.91195309e-01  2.78740588e-01  2.83869903e-01 -1.21968747e-04]","[ 0.          1.13049293 15.01734924  0.55965573 -1.75543046  1.07439387
  0.92762977 -0.83271343]"
1746810082.4362123,"[ 0.          0.56275676  0.82136182 -3.12363922 -1.95385743  1.35384164
  1.42608468  1.57093335]","[ 0.00000000e+00  1.44306746e-01  1.27215910e-01 -5.96828923e-02
  1.94468234e-01  2.78116925e-01  2.83602355e-01 -1.21968747e-04]","[ 0.          1.14502418 14.95648766  0.51715302 -1.7664212   1.07175124
  0.84697247 -0.83988625]"
1746810082.437895,"[ 0.          0.56304465  0.82162401 -3.12374654 -1.95347553  1.35444751
  1.42666312  1.57093335]","[ 0.00000000e+00  1.46392833e-01  1.28436137e-01 -5.29391068e-02
  1.94200087e-01  2.74089926e-01  2.82114513e-01 -1.21876526e-04]","[ 0.          1.02787006 14.85764122  0.42577574 -1.83814192  1.04204822
  0.88738996 -0.83600712]"
1746810082.43964,"[ 0.          0.56334086  0.82187149 -3.12385147 -1.95305022  1.35498414
  1.42721399  1.57093241]","[ 0.00000000e+00  1.43188784e-01  1.25325232e-01 -5.11567654e-02
  1.93389787e-01  2.72258254e-01  2.78740588e-01 -1.32574732e-04]","[ 0.          0.89566684 14.80268192  0.35526243 -1.88203299  0.97487932
  0.93588078 -0.8744846 ]"
1746810082.4408128,"[ 0.          0.56348181  0.82200418 -3.12390127 -1.95286061  1.35525232
  1.42748697  1.57093241]","[ 0.00000000e+00  1.42736796e-01  1.24765211e-01 -5.05082274e-02
  1.92309409e-01  2.71988159e-01  2.76849910e-01 -1.32574732e-04]","[ 0.          0.84963715 14.76844692  0.3144137  -1.84622538  0.97414923
  1.01131487 -0.87573576]"
1746810082.4425547,"[ 0.          0.56375731  0.82224712 -3.12400301 -1.95246752  1.35580892
  1.42803678  1.57093241]","[ 0.00000000e+00  1.39640388e-01  1.22894348e-01 -5.18587164e-02
  1.91499109e-01  2.70903104e-01  2.64966985e-01 -1.32374402e-04]","[ 0.          0.82087374 14.79175854  0.22923739 -1.73983788  1.00978029
  0.97834408 -0.84543091]"
1746810082.4448378,"[ 0.          0.56404247  0.82249873 -3.12410767 -1.95209601  1.35633396
  1.42854291  1.57093241]","[ 0.00000000e+00  1.38925729e-01  1.21873475e-01 -5.16097067e-02
  1.86907453e-01  2.62534753e-01  2.52555090e-01 -1.32274460e-04]","[ 0.          0.72189796 14.80017757  0.14131488 -1.62236047  0.99058419
  0.91844386 -0.8398388 ]"
1746810082.446557,"[ 0.          0.56417976  0.82261677 -3.12415854 -1.95189867  1.35660321
  1.42878925  1.57093148]","[ 0.00000000e+00  1.39229088e-01  1.19653181e-01 -5.15886178e-02
  1.85819435e-01  2.53526910e-01  2.49840163e-01 -1.42856421e-04]","[ 0.          0.66339606 14.80729103  0.11175279 -1.58478069  0.97854364
  0.91548103 -0.83405745]"
1746810082.447735,"[ 0.          0.5644516   0.8228496  -3.12426879 -1.95153169  1.35708364
  1.42929539  1.57093148]","[ 0.00000000e+00  1.37749710e-01  1.16952203e-01 -5.78008613e-02
  1.86637359e-01  2.41197040e-01  2.46058807e-01 -1.32375710e-04]","[ 0.          0.55922443 14.66598701  0.06928293 -1.52473009  0.97255862
  0.93514025 -0.85869282]"
1746810082.4500453,"[ 0.          0.56473403  0.82308329 -3.12439502 -1.95114979  1.35733198
  1.4297958   1.57093148]","[ 0.00000000e+00  1.37749710e-01  1.13848880e-01 -6.32028089e-02
  1.86571728e-01  2.33496344e-01  2.43746951e-01 -1.32274460e-04]","[ 0.00000000e+00  4.13657635e-01  1.45230761e+01  8.85215867e-03
 -1.53544927e+00  9.69994187e-01  9.54348683e-01 -8.43544662e-01]"
1746810082.4512174,"[ 0.          0.56500354  0.82329914 -3.12452366 -1.95096657  1.35778565
  1.43026757  1.57093148]","[ 0.00000000e+00  1.36261028e-01  1.07498797e-01 -6.61068321e-02
  1.85638790e-01  2.27692167e-01  2.38225968e-01 -1.32374402e-04]","[ 0.          0.3464368  14.39354515 -0.02618657 -1.53680408  0.98373419
  0.90205359 -0.82881099]"
1746810082.4530203,"[ 0.          0.56513623  0.82341206 -3.12459023 -1.95060145  1.35800922
  1.43050446  1.57093148]","[ 0.00000000e+00  1.34508543e-01  1.06325824e-01 -6.75243704e-02
  1.84746681e-01  2.26881884e-01  2.40386757e-01 -1.32274460e-04]","[ 0.00000000e+00  2.96289474e-01  1.43363686e+01 -1.28166203e-03
 -1.52505338e+00  9.67045009e-01  9.63231802e-01 -8.17753315e-01]"
1746810082.4547832,"[ 0.          0.56540901  0.82361872 -3.12473298 -1.95040384  1.35847155
  1.43100207  1.57093055]","[ 0.00000000e+00  1.32617857e-01  1.04257622e-01 -7.02253442e-02
  1.86070205e-01  2.25572707e-01  2.43746951e-01 -1.42856421e-04]","[ 0.          0.27466145 14.36875343  0.02934355 -1.51213408  0.91560459
  0.98269975 -0.81865591]"
1746810082.456535,"[ 0.          0.56553943  0.82372019 -3.12480036 -1.95022115  1.35868939
  1.43124842  1.57093055]","[ 0.00000000e+00  1.32347763e-01  1.02907141e-01 -6.83346621e-02
  1.85286870e-01  2.20939739e-01  2.49840163e-01 -1.42964352e-04]","[ 0.          0.2759625  14.47511387  0.04327426 -1.54004502  0.97783953
  0.95099944 -0.82755297]"
1746810082.4576833,"[ 0.          0.56580209  0.82393098 -3.12493645 -1.94985976  1.35913747
  1.43176121  1.57093055]","[ 0.00000000e+00  1.26135523e-01  1.02467819e-01 -6.61405960e-02
  1.82400902e-01  2.17667030e-01  2.50768458e-01 -1.42856421e-04]","[ 0.          0.33208203 14.5908041   0.0403567  -1.64057744  0.96205425
  0.86741835 -0.8495388 ]"
1746810082.4600217,"[ 0.          0.56603998  0.82412931 -3.12506534 -1.94949011  1.35955705
  1.43224444  1.57093055]","[ 0.00000000e+00  1.19531949e-01  9.96659659e-02 -6.55671883e-02
  1.79884914e-01  2.12296616e-01  2.42007340e-01 -1.42856421e-04]","[ 0.          0.34059137 14.72163582  0.08919909 -1.74213827  0.90386122
  0.81237382 -0.83733171]"
1746810082.4611468,"[ 0.          0.56615522  0.82433365 -3.12519823 -1.94913804  1.35999461
  1.43272767  1.57092962]","[ 0.00000000e+00  1.16952203e-01  9.91257769e-02 -6.41967256e-02
  1.78804536e-01  2.13954800e-01  2.32713125e-01 -1.42856421e-04]","[ 0.          0.35371894 14.79824162  0.17412485 -1.83298779  0.84420413
  0.80807573 -0.82185662]"
1746810082.4629023,"[ 0.          0.56638938  0.82443058 -3.12526002 -1.94894922  1.36020487
  1.4329551   1.57092962]","[ 0.00000000e+00  1.14521328e-01  9.83154852e-02 -6.26626158e-02
  1.77794831e-01  2.13377011e-01  2.30429531e-01 -1.42856421e-04]","[ 0.          0.44369379 14.78889751  0.20328766 -1.82605684  0.77710205
  0.86832285 -0.83569241]"
1746810082.4640505,"[ 0.          0.56661209  0.82462939 -3.12538545 -1.94860115  1.36062724
  1.43340318  1.57092962]","[ 0.00000000e+00  1.12246706e-01  1.01453754e-01 -6.42831993e-02
  1.75925126e-01  2.13377011e-01  2.26652003e-01 -1.42856421e-04]","[ 0.          0.4959386  14.77069187  0.24982731 -1.87969625  0.76649672
  0.90650082 -0.8459388 ]"
1746810082.4658134,"[ 0.          0.56672048  0.82473638 -3.12545496 -1.94842804  1.36085175
  1.43362569  1.57092962]","[ 0.00000000e+00  1.09929672e-01  1.00808920e-01 -6.54505668e-02
  1.75563352e-01  2.11397816e-01  2.25801489e-01 -1.42857835e-04]","[ 0.          0.5223074  14.80804157  0.26662487 -1.9008863   0.81470805
  0.85245508 -0.85708278]"
1746810082.4675224,"[ 0.          0.56694132  0.82493292 -3.12558253 -1.94806985  1.36125029
  1.43408522  1.57092962]","[ 0.00000000e+00  1.06688505e-01  9.91257769e-02 -6.42831993e-02
  1.75023163e-01  2.00682421e-01  2.25801489e-01 -1.42856421e-04]","[ 0.          0.61453807 14.73368549  0.3471404  -1.94121182  0.85380429
  0.77510321 -0.82384902]"
1746810082.4686906,"[ 0.          0.56704465  0.82503759 -3.12564405 -1.94789727  1.36144443
  1.43430692  1.57092962]","[ 0.00000000e+00  1.04797819e-01  9.85520072e-02 -6.23293004e-02
  1.75023163e-01  1.96701561e-01  2.24493411e-01 -1.42964352e-04]","[ 0.          0.63825208 14.68778038  0.34415045 -1.89565945  0.84718877
  0.77156109 -0.82397753]"
1746810082.4704518,"[ 0.          0.56726097  0.82522727 -3.12576842 -1.94755879  1.36183259
  1.43476352  1.57092869]","[ 0.00000000e+00  1.05824293e-01  9.57874546e-02 -6.04405325e-02
  1.70431507e-01  1.89079411e-01  2.22180855e-01 -1.50792882e-04]","[ 0.          0.71199912 14.69488335  0.34778491 -1.85717356  0.89684075
  0.82826138 -0.82620418]"
1746810082.4716337,"[ 0.          0.56738168  0.82532228 -3.12582674 -1.94737929  1.36201715
  1.4349851   1.57092869]","[ 0.00000000e+00  1.06011596e-01  9.64247990e-02 -5.91513461e-02
  1.69017935e-01  1.87177547e-01  2.24721095e-01 -1.50792882e-04]","[ 0.          0.75335133 14.76752853  0.37207457 -1.86134052  0.90301931
  0.85530281 -0.84880668]"
1746810082.473393,"[ 0.          0.56760259  0.82551655 -3.12593966 -1.94704693  1.36238626
  1.43543317  1.57092869]","[ 0.00000000e+00  1.08149782e-01  9.39939238e-02 -5.36139684e-02
  1.68540829e-01  1.87367581e-01  2.28502467e-01 -1.50794377e-04]","[ 0.          0.85087848 14.84547615  0.42466882 -1.80164814  0.87880218
  0.85792863 -0.85344893]"
1746810082.4751174,"[ 0.          0.56770958  0.82560883 -3.12598946 -1.94688288  1.36258507
  1.43567965  1.57092762]","[ 0.00000000e+00  1.08579183e-01  9.34537265e-02 -5.05595058e-02
  1.66380040e-01  1.86897283e-01  2.32211602e-01 -1.53439886e-04]","[ 0.          0.90197301 14.82071209  0.43846399 -1.77820575  0.82801056
  0.84378219 -0.82965666]"
1746810082.4767928,"[ 0.          0.56792403  0.82579299 -3.126084   -1.94654812  1.36295791
  1.4361457   1.57092762]","[ 0.00000000e+00  1.09389475e-01  9.26434348e-02 -4.80286372e-02
  1.62497967e-01  1.87987848e-01  2.37145590e-01 -1.53438374e-04]","[ 0.          0.95473415 14.79790211  0.48014978 -1.80325401  0.75394595
  0.7603752  -0.85102093]"
1746810082.4779599,"[ 0.          0.56803282  0.825888   -3.12613034 -1.94638913  1.36315485
  1.43638352  1.57092762]","[ 0.00000000e+00  1.10199767e-01  8.95243405e-02 -4.69969619e-02
  1.61084811e-01  1.85568665e-01  2.41197040e-01 -1.53438374e-04]","[ 0.          0.98001111 14.80866814  0.51186711 -1.80693936  0.75756633
  0.77099967 -0.89065528]"
1746810082.4796915,"[ 0.          0.56825739  0.82606024 -3.12622728 -1.94607327  1.36351917
  1.43687541  1.57092669]","[ 0.00000000e+00  1.10357942e-01  8.61610926e-02 -4.75371550e-02
  1.59897707e-01  1.84019837e-01  2.39306363e-01 -1.61376444e-04]","[ 0.          0.99961662 14.80545807  0.5082435  -1.74093235  0.72512174
  0.90848708 -0.90790242]"
1746810082.481469,"[ 0.          0.56847457  0.82623055 -3.12632076 -1.94574544  1.36389587
  1.43733773  1.57092669]","[ 0.00000000e+00  1.09389475e-01  8.12489835e-02 -4.72670564e-02
  1.59465875e-01  1.83562506e-01  2.32318311e-01 -1.53438374e-04]","[ 0.          1.01228428 14.85170555  0.49890551 -1.63029134  0.7529372
  1.00805461 -0.86435646]"
1746810082.482627,"[ 0.          0.56858982  0.82630865 -3.12637322 -1.94558885  1.3640795
  1.43757835  1.57092669]","[ 0.00000000e+00  1.08582745e-01  7.90583754e-02 -4.93549122e-02
  1.58817312e-01  1.86367264e-01  2.26694680e-01 -1.53438374e-04]","[ 0.          1.01268816 14.80751705  0.47621864 -1.60752928  0.71208835
  0.95536554 -0.85339165]"
1746810082.4849362,"[ 0.          0.56880474  0.82646704 -3.12647708 -1.94526607  1.36444488
  1.43801977  1.57092576]","[ 0.00000000e+00  1.08579183e-01  7.72366817e-02 -5.45596902e-02
  1.57466823e-01  1.85286870e-01  2.22020133e-01 -1.61376444e-04]","[ 0.          1.05395603 14.74765968  0.45965964 -1.59069383  0.73066109
  0.87762398 -0.86764222]"
1746810082.4869592,"[ 0.          0.56891173  0.8265428  -3.12653541 -1.94511134  1.3646361
  1.43823668  1.57092576]","[ 0.00000000e+00  1.08469170e-01  7.67076863e-02 -5.91513461e-02
  1.56926634e-01  1.79882367e-01  2.19859344e-01 -1.61376444e-04]","[ 0.          1.04541051 14.77688408  0.47873905 -1.62605417  0.73772383
  0.87488937 -0.877608  ]"
1746810082.488575,"[ 0.          0.5691363   0.82669114 -3.12666484 -1.94479043  1.3649899
  1.4386829   1.57092576]","[ 0.00000000e+00  1.10469869e-01  7.50870946e-02 -6.47577163e-02
  1.56981062e-01  1.77274250e-01  2.18827120e-01 -1.53438374e-04]","[ 0.          1.07604301 14.78776169  0.47318235 -1.65504718  0.76956207
  0.91251498 -0.88743281]"
1746810082.4913483,"[ 0.          0.56934982  0.82692257 -3.12687523 -1.9443297   1.36549124
  1.43931353  1.57092482]","[ 0.00000000e+00  1.08038994e-01  7.53571974e-02 -7.26544384e-02
  1.54225656e-01  1.58277123e-01  2.09325544e-01 -1.61376444e-04]","[ 0.          1.11288047 14.80353069  0.51944244 -1.6307379   0.80597329
  1.00878227 -0.85129708]"
1746810082.4931831,"[ 0.          0.56956926  0.82706811 -3.12703954 -1.94402078  1.36578805
  1.43973791  1.57092482]","[ 0.00000000e+00  1.06580406e-01  7.34665111e-02 -7.77880725e-02
  1.50444300e-01  1.47323808e-01  2.07224692e-01 -1.61498370e-04]","[ 0.          1.17503095 14.79122066  0.58177644 -1.67814457  0.82125139
  0.94272739 -0.86632699]"
1746810082.4949005,"[ 0.          0.56978145  0.82721831 -3.12720572 -1.94372783  1.36606968
  1.44019358  1.57092389]","[ 0.00000000e+00  1.08579183e-01  7.34665111e-02 -8.22520548e-02
  1.48403104e-01  1.33158055e-01  2.07695822e-01 -1.58729359e-04]","[ 0.          1.24157953 14.75885773  0.63438022 -1.6512413   0.81969893
  0.87840265 -0.88580525]"
1746810082.4966207,"[ 0.          0.57000875  0.82735786 -3.12737191 -1.94342183  1.36631695
  1.44057694  1.57092389]","[ 0.00000000e+00  1.11820358e-01  6.96851469e-02 -8.42704147e-02
  1.49207229e-01  1.22624254e-01  2.12296616e-01 -1.58729359e-04]","[ 0.          1.23422611 14.782547    0.6798141  -1.63112319  0.83283067
  0.83682251 -0.87174523]"
1746810082.4983516,"[ 0.          0.57023971  0.82749795 -3.12754368 -1.94313181  1.36655384
  1.44105644  1.57092296]","[ 0.00000000e+00  1.12739648e-01  6.80645635e-02 -8.34601230e-02
  1.45582533e-01  1.12739648e-01  2.20425482e-01 -1.69312986e-04]","[ 0.          1.22264504 14.81429863  0.7248162  -1.73305416  0.86107284
  0.82744223 -0.85622817]"
1746810082.5000885,"[ 0.          0.5703485   0.82756546 -3.12762624 -1.94297735  1.36666037
  1.44127322  1.57092296]","[ 0.00000000e+00  1.10311653e-01  6.86047607e-02 -8.37302174e-02
  1.45308877e-01  1.08038994e-01  2.19859344e-01 -1.58729359e-04]","[ 0.          1.24671674 14.82115078  0.74244535 -1.7613405   0.84923279
  0.84356207 -0.86063355]"
1746810082.5012562,"[ 0.          0.57056615  0.82770135 -3.12778976 -1.94269426  1.36686397
  1.44173089  1.57092203]","[ 0.00000000e+00  1.11280161e-01  6.50275403e-02 -8.23797284e-02
  1.43276452e-01  1.02096849e-01  2.23183935e-01 -1.69311312e-04]","[ 0.          1.23662055 14.81449986  0.76728415 -1.87142599  0.84202027
  0.79588723 -0.87658703]"
1746810082.5029898,"[ 0.          0.5706842   0.82776426 -3.12787418 -1.94255178  1.36697156
  1.4419506   1.57092203]","[ 0.00000000e+00  1.11090428e-01  6.37430062e-02 -7.94188176e-02
  1.44502155e-01  1.01310460e-01  2.22604647e-01 -1.69311312e-04]","[ 0.          1.25970948 14.81340504  0.80801713 -1.89696658  0.83655012
  0.75456738 -0.87939757]"
1746810082.5041258,"[ 0.          0.5709069   0.8278901  -3.12802624 -1.94226069  1.36717889
  1.44239867  1.57092203]","[ 0.00000000e+00  1.13711036e-01  6.42831993e-02 -7.64375836e-02
  1.41531083e-01  1.06850226e-01  2.29582862e-01 -1.58850846e-04]","[ 0.          1.24995589 14.87546921  0.8311469  -2.00634933  0.81094629
  0.73920786 -0.88352358]"
1746810082.505917,"[ 0.          0.57102035  0.82795941 -3.12802624 -1.94212248  1.36729393
  1.44262797  1.57092203]","[ 0.00000000e+00  1.14944945e-01  6.51998011e-02 -7.64375836e-02
  1.40180594e-01  1.08331975e-01  2.32553934e-01 -1.58849285e-04]","[ 0.          1.25377131 14.92033482  0.8311469  -2.01952887  0.85056829
  0.77075565 -0.87398583]"
1746810082.5076888,"[ 0.          0.57125265  0.8280871  -3.12817378 -1.94184231  1.36751178
  1.44311879  1.57092096]","[ 0.00000000e+00  1.13440942e-01  6.42180684e-02 -6.97136303e-02
  1.35788642e-01  1.10739964e-01  2.42007340e-01 -1.69311312e-04]","[ 0.          1.24830878 14.98087311  0.82237542 -2.04286623  0.86228544
  0.72808218 -0.9011454 ]"
1746810082.509396,"[ 0.          0.57136377  0.82815002 -3.1282385  -1.94171022  1.3676231
  1.44335861  1.57092096]","[ 0.00000000e+00  1.12630650e-01  6.38077210e-02 -6.56336883e-02
  1.33968346e-01  1.12900745e-01  2.42841426e-01 -1.61498370e-04]","[ 0.          1.27006066 15.00003338  0.8066929  -2.0377562   0.86060697
  0.66878706 -0.88970983]"
1746810082.510474,"[ 0.          0.57158787  0.82827945 -3.12836047 -1.94145296  1.36786665
  1.44386368  1.57092003]","[ 0.00000000e+00  1.13595821e-01  6.29327103e-02 -5.79275154e-02
  1.29916888e-01  1.20870396e-01  2.49013085e-01 -1.69311312e-04]","[ 0.          1.22165608 15.05931759  0.7843982  -1.97464132  0.84823978
  0.64041257 -0.86971033]"
1746810082.5122187,"[ 0.          0.5718239   0.82840116 -3.12846567 -1.94118984  1.36811406
  1.44411109  1.57092003]","[ 0.00000000e+00  1.15871817e-01  6.09801805e-02 -5.15886178e-02
  1.27896489e-01  1.27486012e-01  2.50920558e-01 -1.61374851e-04]","[ 0.          1.17528403 15.13724136  0.72320539 -1.85813963  0.84024036
  0.66400713 -0.87881762]"
1746810082.5140147,"[ 0.          0.57193868  0.82845768 -3.12851201 -1.9410636   1.36825201
  1.44435836  1.5709191 ]","[ 0.00000000e+00  1.16412014e-01  5.72606640e-02 -4.69969619e-02
  1.28026201e-01  1.29898062e-01  2.50650463e-01 -1.69439236e-04]","[ 0.          1.12933171 15.18828011  0.69176948 -1.76987529  0.83168721
  0.67753154 -0.88871711]"
1746810082.5151722,"[ 0.          0.57218162  0.82856787 -3.12859563 -1.94080235  1.36851926
  1.44488447  1.5709191 ]","[ 0.00000000e+00  1.19365785e-01  5.26690081e-02 -3.86239376e-02
  1.27139610e-01  1.37749710e-01  2.57411913e-01 -1.69311312e-04]","[ 0.          1.02803993 15.22738171  0.63573307 -1.69474411  0.76147068
  0.70632076 -0.89730412]"
1746810082.5169601,"[ 0.          0.57230007  0.82861927 -3.12863105 -1.94067611  1.36865907
  1.44514133  1.57091817]","[ 0.00000000e+00  1.20193379e-01  5.21288109e-02 -3.58865659e-02
  1.28026201e-01  1.41801177e-01  2.60638316e-01 -1.79893264e-04]","[ 0.          1.0328027  15.2282114   0.57651949 -1.66867387  0.74934071
  0.75730139 -0.89912397]"
1746810082.5186732,"[ 0.          0.57254302  0.8287258  -3.12869843 -1.94041885  1.36896826
  1.44565599  1.57091723]","[ 0.00000000e+00  1.23849133e-01  5.21288109e-02 -3.23491306e-02
  1.30997274e-01  1.52824867e-01  2.59563681e-01 -1.80030974e-04]","[ 0.          0.96459013 15.33013153  0.50776535 -1.61774254  0.70795876
  0.77715564 -0.89460182]"
1746810082.5198603,"[ 0.          0.57266605  0.82877819 -3.12872932 -1.9402769   1.36912526
  1.44593189  1.57091723]","[ 0.00000000e+00  1.24785034e-01  5.32092012e-02 -3.13313079e-02
  1.33533852e-01  1.59357518e-01  2.59796125e-01 -1.79893264e-04]","[ 0.          0.89992428 15.40722752  0.45373312 -1.6143676   0.69334114
  0.71978682 -0.90772086]"
1746810082.5216017,"[ 0.          0.57292778  0.82888792 -3.12879084 -1.94000846  1.36946295
  1.44644548  1.5709163 ]","[ 0.00000000e+00  1.28026201e-01  5.41659876e-02 -3.07599142e-02
  1.36669324e-01  1.65507189e-01  2.61189457e-01 -1.90619136e-04]","[ 0.          0.78177685 15.54177666  0.34213111 -1.61781335  0.65845507
  0.73776352 -0.8984533 ]"
1746810082.5227146,"[ 0.          0.57305454  0.82894438 -3.1288212  -1.93987184  1.36962846
  1.44670341  1.5709163 ]","[ 0.00000000e+00  1.28566399e-01  5.72606640e-02 -3.07911127e-02
  1.38560002e-01  1.68000624e-01  2.61454359e-01 -1.90477103e-04]","[ 0.          0.71398818 15.55009079  0.30289868 -1.64714622  0.68632305
  0.80156857 -0.92571139]"
1746810082.524432,"[ 0.          0.57332359  0.82907068 -3.12888272 -1.93959008  1.3699567
  1.44724842  1.57091537]","[ 0.00000000e+00  1.32281192e-01  6.61738814e-02 -2.97107224e-02
  1.37749710e-01  1.65671823e-01  2.65235714e-01 -1.98413661e-04]","[ 0.          0.61525232 15.58489227  0.18421517 -1.68514752  0.7288835
  0.75098956 -0.89757049]"
1746810082.5261672,"[ 0.          0.57345402  0.82914458 -3.12891068 -1.93945372  1.37013073
  1.44751287  1.57091537]","[ 0.00000000e+00  1.32347763e-01  6.97136303e-02 -2.83602355e-02
  1.38289908e-01  1.64002570e-01  2.68206787e-01 -1.87829741e-04]","[ 0.          0.56812251 15.61584091  0.12782916 -1.7016077   0.72875983
  0.75093001 -0.89975089]"
1746810082.52792,"[ 0.          0.57371487  0.82928832 -3.12896767 -1.93917089  1.37045231
  1.44805616  1.5709143 ]","[ 0.00000000e+00  1.31267377e-01  7.40067084e-02 -2.75499417e-02
  1.38043440e-01  1.62058479e-01  2.63306887e-01 -1.98411694e-04]","[ 0.          0.41137621 15.56052876  0.02709151 -1.68330169  0.80847496
  0.7659049  -0.89487845]"
1746810082.52905,"[ 0.          0.57397473  0.82944126 -3.12902307 -1.93889978  1.37078241
  1.44857081  1.57091337]","[ 0.00000000e+00  1.25865421e-01  7.88684671e-02 -2.83315004e-02
  1.36129127e-01  1.61092434e-01  2.61454359e-01 -2.06504069e-04]","[ 0.          0.30948901 15.43559742 -0.04489453 -1.68779981  0.87527657
  0.87057996 -0.88924396]"
1746810082.5307698,"[ 0.          0.57409597  0.82952668 -3.12905476 -1.93876636  1.3709442
  1.44882954  1.57091337]","[ 0.00000000e+00  1.22769837e-01  8.04966738e-02 -2.98414461e-02
  1.35318835e-01  1.64219268e-01  2.62534753e-01 -2.06350203e-04]","[ 0.          0.25946972 15.38055611 -0.09385852 -1.71847975  0.93854332
  0.90625352 -0.92658222]"
1746810082.5325344,"[ 0.          0.57434391  0.829686   -3.12912    -1.93849525  1.37126764
  1.44937083  1.57091244]","[ 0.00000000e+00  1.20619626e-01  8.15694367e-02 -3.40322817e-02
  1.31134377e-01  1.64219268e-01  2.64425431e-01 -2.16930124e-04]","[ 0.          0.1980795  15.2291317  -0.12262405 -1.74544883  0.92614836
  0.88659406 -0.92604423]"
1746810082.5343232,"[ 0.          0.57446196  0.82977508 -3.12915542 -1.93836502  1.37144261
  1.44963235  1.57091244]","[ 0.00000000e+00  1.19653181e-01  8.37566660e-02 -3.59229638e-02
  1.32077668e-01  1.64754880e-01  2.64966985e-01 -2.06504069e-04]","[ 0.          0.17226987 15.16986465 -0.14235283 -1.75760698  0.91461438
  0.81383049 -0.93786186]"
1746810082.536058,"[ 0.          0.57469019  0.82994499 -3.12923266 -1.93810323  1.37176605
  1.45017271  1.57091151]","[ 0.00000000e+00  1.14521328e-01  8.67012899e-02 -3.80809482e-02
  1.33968346e-01  1.63783059e-01  2.61551497e-01 -2.16932270e-04]","[ 0.          0.15129954 15.10610485 -0.14722885 -1.76250577  0.9082374
  0.75526553 -0.92263323]"
1746810082.537209,"[ 0.          0.57491563  0.83012269 -3.12930962 -1.93782999  1.37209335
  1.4506855   1.57091058]","[ 0.00000000e+00  1.08469170e-01  8.72674280e-02 -3.88940363e-02
  1.33158055e-01  1.57482586e-01  2.59563681e-01 -2.27512077e-04]","[ 0.          0.15928896 14.97848797 -0.13297673 -1.82268858  0.89938515
  0.8060813  -0.8997944 ]"
1746810082.5390317,"[ 0.          0.57502075  0.83021038 -3.12934877 -1.9376995   1.37224648
  1.45094143  1.57091058]","[ 0.00000000e+00  1.06688505e-01  8.87720308e-02 -3.97043280e-02
  1.32347763e-01  1.55306051e-01  2.59563681e-01 -2.27683970e-04]","[ 0.          0.19823329 14.9258194  -0.13282567 -1.86485636  0.90437227
  0.88292283 -0.9223851 ]"
1746810082.540808,"[ 0.          0.57523294  0.83038255 -3.12943452 -1.93742945  1.37254995
  1.45147699  1.57090964]","[ 0.00000000e+00  1.07498797e-01  8.64311954e-02 -4.37557908e-02
  1.31151904e-01  1.53415373e-01  2.62534753e-01 -2.27514320e-04]","[ 0.          0.23633951 14.71341801 -0.08934276 -1.87299967  0.90630627
  0.90326399 -0.90553844]"
1746810082.54257,"[ 0.          0.57534726  0.8304735  -3.1294806  -1.93730109  1.37271453
  1.45173864  1.57090871]","[ 0.00000000e+00  1.07579666e-01  8.57628169e-02 -4.66795214e-02
  1.30186982e-01  1.54829112e-01  2.65235714e-01 -2.35450878e-04]","[ 0.          0.25821361 14.63328552 -0.07808273 -1.88902032  0.94223845
  0.82231373 -0.90626854]"
1746810082.543763,"[ 0.          0.57555984  0.83063928 -3.12958579 -1.93704782  1.37301893
  1.45228459  1.57090765]","[ 0.00000000e+00  1.07929522e-01  8.34601230e-02 -5.26690081e-02
  1.27756107e-01  1.55958159e-01  2.67820712e-01 -2.46402543e-04]","[ 0.          0.30151939 14.51822472 -0.05862777 -1.90599537  0.96916658
  0.75950038 -0.88101   ]"
1746810082.5454884,"[ 0.          0.5757697   0.83079814 -3.12969578 -1.9367871   1.37334237
  1.45280125  1.57090765]","[ 0.00000000e+00  1.06148308e-01  7.61618964e-02 -5.67204709e-02
  1.27626661e-01  1.58485665e-01  2.62534753e-01 -2.46589000e-04]","[ 0.00000000e+00  3.45126420e-01  1.45281096e+01 -3.84266808e-04
 -1.88076568e+00  9.97203231e-01  8.21900368e-01 -8.67511868e-01]"
1746810082.5466678,"[ 0.          0.57588455  0.83087024 -3.12975916 -1.93666326  1.3735003
  1.45305518  1.57090671]","[ 0.00000000e+00  1.08081205e-01  7.31964166e-02 -5.96828923e-02
  1.25595326e-01  1.60167801e-01  2.57411913e-01 -2.46589000e-04]","[ 0.          0.4010089  14.5557909   0.05059625 -1.8613112   0.9984777
  0.87338394 -0.86259401]"
1746810082.5485091,"[ 0.          0.57609621  0.83101026 -3.1298846  -1.93641932  1.37381335
  1.45357556  1.57090578]","[ 0.          0.10738987  0.06968515 -0.06502754  0.12289435  0.15935752
  0.25389163 -0.00025435]","[ 0.          0.44318691 14.68101215  0.08982174 -1.84558332  0.97028881
  0.98848528 -0.89730489]"
1746810082.549613,"[ 0.          0.5762018   0.83107684 -3.12995118 -1.93629255  1.37398166
  1.45382297  1.57090578]","[ 0.          0.10706719  0.06752437 -0.06752437  0.11936578  0.15833658
  0.25092056 -0.00025454]","[ 0.          0.47962564 14.74278164  0.13350683 -1.85564446  0.88559014
  1.01029432 -0.93269467]"
1746810082.5513775,"[ 0.          0.57641905  0.83121006 -3.13009046 -1.93605979  1.37427754
  1.4543271   1.57090485]","[ 0.          0.10425762  0.06421807 -0.06745671  0.11710354  0.14666293
  0.24374695 -0.00026495]","[ 0.          0.60126162 14.91307259  0.19467989 -1.82315958  0.83099353
  0.94512713 -0.90718544]"
1746810082.55256,"[ 0.          0.57652145  0.83127431 -3.13015784 -1.93594368  1.37441736
  1.45456013  1.57090485]","[ 0.          0.10371743  0.06509349 -0.06833466  0.1177625   0.14180118
  0.23609584 -0.00026495]","[ 0.          0.65524542 14.99364185  0.23513457 -1.82133687  0.86769891
  0.92916578 -0.91433364]"
1746810082.5549116,"[ 0.          0.57673496  0.83140933 -3.13029233 -1.93569787  1.3746894
  1.45500634  1.57090392]","[ 0.          0.10372048  0.06570134 -0.06840404  0.12127376  0.13005508
  0.22364072 -0.00027576]","[ 0.          0.74869907 15.12180901  0.2655783  -1.78635013  0.87108791
  0.97194058 -0.90720284]"
1746810082.5560985,"[ 0.          0.57683643  0.83147358 -3.13036503 -1.93557802  1.3748131
  1.45523751  1.57090392]","[ 0.          0.10290714  0.06509349 -0.06839539  0.12154387  0.12545246
  0.21766703 -0.00026495]","[ 0.          0.76349396 15.22026539  0.26672259 -1.7860769   0.83060962
  1.00902092 -0.89711869]"
1746810082.5578415,"[ 0.          0.57704263  0.83160261 -3.13049526 -1.93532742  1.37504906
  1.45565988  1.57090299]","[ 0.          0.10479782  0.06563369 -0.06563369  0.12251042  0.11284581
  0.21337701 -0.00027576]","[ 0.          0.88156694 15.34973621  0.32944393 -1.8978982   0.87261337
  1.11682713 -0.88335872]"
1746810082.5596566,"[ 0.          0.57725475  0.83174589 -3.13062842 -1.93508987  1.37526398
  1.45609371  1.57090205]","[ 0.          0.10371743  0.07076554 -0.06563369  0.12019338  0.10803899
  0.21139782 -0.0002835 ]","[ 0.          0.93832964 15.39881325  0.3473821  -2.02144361  0.88228238
  1.07571495 -0.87661636]"
1746810082.561383,"[ 0.          0.57735761  0.8318162  -3.13069367 -1.93497136  1.37536584
  1.4563049   1.57090205]","[ 0.          0.10425762  0.07130573 -0.06617388  0.12019338  0.10317724
  0.21418729 -0.00027555]","[ 0.          0.96522254 15.44756794  0.37975422 -2.08321762  0.88868368
  0.96368808 -0.89903116]"
1746810082.5625577,"[ 0.          0.57757339  0.83195894 -3.13082816 -1.93472661  1.3755761
  1.456733    1.57090099]","[ 0.          0.10532275  0.07346651 -0.06469826  0.11992328  0.10226322
  0.21715837 -0.00028614]","[ 0.          1.04174185 15.59241199  0.41202322 -2.06539226  0.87490815
  0.84131491 -0.9068796 ]"
1746810082.5643854,"[ 0.          0.57779197  0.8321192  -3.13095625 -1.93449119  1.37577584
  1.45718388  1.57090006]","[ 0.          0.11263065  0.07913856 -0.06509349  0.11896355  0.10209685
  0.22093974 -0.00029432]","[ 0.          1.02207386 15.7879467   0.42808256 -2.02406192  0.85897791
  0.86941487 -0.92359376]"
1746810082.5661395,"[ 0.          0.57790449  0.83219916 -3.1310215  -1.93436708  1.37588622
  1.45740359  1.57089912]","[ 0.          0.11398113  0.08102924 -0.06617388  0.11674817  0.10381814
  0.22260465 -0.00030227]","[ 0.          1.01244044 15.84133911  0.44877341 -1.99325407  0.81072134
  0.94998711 -0.9208858 ]"
1746810082.5673048,"[ 0.          0.57814511  0.83236947 -3.13115652 -1.93414178  1.37609928
  1.45786218  1.57089819]","[ 0.          0.11886425  0.08475974 -0.06563953  0.11317084  0.10911938
  0.22393623 -0.00031264]","[ 0.          1.02094626 15.86404133  0.50887656 -1.95775449  0.777044
  0.93079358 -0.93168813]"
1746810082.5691068,"[ 0.          0.57826222  0.83245582 -3.13121991 -1.93403206  1.37620767
  1.4580819   1.57089819]","[ 0.          0.11884289  0.08751158 -0.0642832   0.11128016  0.10981829
  0.22283042 -0.00031264]","[ 0.          0.99661922 15.84775734  0.50329506 -1.92626059  0.76204818
  0.82728946 -0.93908226]"
1746810082.5707457,"[ 0.          0.57849824  0.83263079 -3.13134534 -1.93380889  1.37643417
  1.45851852  1.57089726]","[ 0.          0.12100367  0.08859198 -0.06347291  0.10814867  0.11019977
  0.22071588 -0.00031264]","[ 0.          0.9302718  15.72803402  0.48921368 -1.85004294  0.73570281
  0.72250962 -0.92229569]"
1746810082.5724602,"[ 0.          0.57874851  0.83281442 -3.13147397 -1.93359903  1.37664909
  1.45896473  1.57089633]","[ 0.          0.12276984  0.08994246 -0.06263314  0.10668851  0.10911938
  0.21477975 -0.00032348]","[ 0.          0.83106887 15.5326519   0.46765676 -1.72033155  0.76577944
  0.73089075 -0.91682047]"
1746810082.574189,"[ 0.          0.57900012  0.83300503 -3.13159595 -1.93338305  1.37687173
  1.45938138  1.5708954 ]","[ 0.          0.12237501  0.08511585 -0.06131213  0.10479782  0.10923219
  0.20932554 -0.00032059]","[ 0.          0.74145925 15.40254974  0.45924079 -1.65831113  0.77943891
  0.75335586 -0.90018469]"
1746810082.5778413,"[ 0.          0.57911816  0.83308672 -3.13166173 -1.93327945  1.37697919
  1.45958778  1.5708954 ]","[ 0.          0.11965318  0.08291993 -0.06193981  0.10496146  0.10911938
  0.20932554 -0.00032059]","[ 0.          0.70459586 15.2692976   0.44958204 -1.63819516  0.78000325
  0.78665584 -0.89601088]"
1746810082.5801706,"[ 0.          0.57958282  0.83340677 -3.13192245 -1.93285521  1.37740356
  1.46041163  1.5708934 ]","[ 0.          0.11374178  0.07670769 -0.06779446  0.10452772  0.1030727
  0.1996117  -0.00033118]","[ 0.          0.6016081  15.13497353  0.42090353 -1.62661994  0.70107287
  0.75026578 -0.91129297]"
1746810082.5812554,"[ 0.          0.57980326  0.83356156 -3.13206679 -1.93263923  1.37761382
  1.46081124  1.57089247]","[ 0.          0.11073996  0.07913856 -0.07184593  0.10557352  0.10231353
  0.20365349 -0.00033939]","[ 0.          0.53573018 15.13193321  0.42924079 -1.6583873   0.63635552
  0.73115939 -0.905599  ]"
1746810082.5830507,"[ 0.          0.57991252  0.83364466 -3.1321403  -1.93253696  1.37771369
  1.46101577  1.57089247]","[ 0.          0.11073996  0.07823976 -0.07454691  0.10361235  0.10128655
  0.20743487 -0.00033939]","[ 0.          0.52546394 15.16599655  0.43775588 -1.68227851  0.64211994
  0.68592411 -0.87988067]"
1746810082.5848317,"[ 0.          0.58013476  0.83379393 -3.13230009 -1.93232843  1.37790956
  1.46144001  1.57089153]","[ 0.          0.10803899  0.07501102 -0.07886847  0.10668851  0.09939587
  0.20656398 -0.00033939]","[ 0.          0.45102134 15.23054123  0.44723541 -1.68569696  0.64348
  0.69831336 -0.89304894]"
1746810082.586594,"[ 0.          0.58034601  0.83394819 -3.13245748 -1.93211298  1.37811223
  1.46185573  1.57089153]","[ 0.          0.10814867  0.07698592 -0.08021895  0.10507198  0.09723509
  0.21229662 -0.00033939]","[ 0.          0.41557142 15.25021839  0.45124087 -1.70012581  0.66573232
  0.6439814  -0.8904916 ]"
1746810082.5890179,"[ 0.          0.58056459  0.83409373 -3.13262153 -1.93190765  1.37830251
  1.46229994  1.5708906 ]","[ 0.          0.10614831  0.07346651 -0.07924283  0.10344733  0.09551763
  0.21877895 -0.00035347]","[ 0.          0.37932712 15.290061    0.48915681 -1.76270199  0.67903465
  0.61525553 -0.87274969]"
1746810082.5907524,"[ 0.          0.58077445  0.83416903 -3.13276933 -1.93170286  1.37849186
  1.46273564  1.57088967]","[ 0.          0.10614831  0.07636014 -0.07312226  0.09966597  0.09183314
  0.22071588 -0.00034997]","[ 0.          0.3435525  15.33036518  0.53293538 -1.84193385  0.73156577
  0.65042001 -0.86045951]"
1746810082.591893,"[ 0.          0.58087818  0.83424986 -3.13283911 -1.93160512  1.37857548
  1.46297359  1.57088967]","[ 0.          0.10523129  0.07630547 -0.07076554  0.09912578  0.08472468
  0.224187   -0.00034997]","[ 0.          0.36466131 15.36346626  0.53519005 -1.85546279  0.71401399
  0.71357274 -0.85533136]"
1746810082.5936596,"[ 0.          0.58109356  0.83441058 -3.13297999 -1.93141151  1.37873248
  1.46340449  1.57088874]","[ 0.          0.10550111  0.08237973 -0.06795825  0.09804538  0.07422747
  0.21499759 -0.00036062]","[ 0.          0.35657278 15.4416275   0.50582343 -1.94770634  0.75341427
  0.78007591 -0.84564894]"
1746810082.5954614,"[ 0.          0.58130388  0.83458415 -3.13310676 -1.93120991  1.3788647
  1.46382593  1.57088874]","[ 0.          0.10614831  0.08601358 -0.06293271  0.09767622  0.0645533
  0.20262092 -0.00035327]","[ 0.          0.32556397 15.52288628  0.47828701 -2.05658674  0.77063823
  0.80957407 -0.85426503]"
1746810082.5972154,"[ 0.          0.58140901  0.8346723  -3.13316748 -1.93111483  1.37892556
  1.46401901  1.57088767]","[ 0.          0.10668851  0.08940227 -0.06158223  0.0964248   0.06158223
  0.19582067 -0.00036431]","[ 0.          0.29091471 15.52202606  0.4876475  -2.15049052  0.78054219
  0.82217193 -0.85631722]"
1746810082.5989733,"[ 0.          0.58162206  0.8348528  -3.13329371 -1.93092335  1.3790474
  1.4643872   1.57088674]","[ 0.          0.10236694  0.09129295 -0.06188154  0.09278433  0.05434067
  0.18420648 -0.00036836]","[ 0.          0.28316393 15.50059414  0.44436583 -2.262676    0.80007273
  0.87115431 -0.84365416]"
1746810082.6001468,"[ 0.          0.5817208   0.8349524  -3.1333547  -1.9308328   1.37909786
  1.46457841  1.57088581]","[ 0.          0.10010464  0.0937874  -0.06185232  0.09183314  0.05131852
  0.18005176 -0.00038318]","[ 0.          0.27531862 15.47558498  0.40901533 -2.25707674  0.7747941
  0.8602348  -0.84702075]"
1746810082.601968,"[ 0.          0.58192194  0.83514069 -3.13346868 -1.93065783  1.37919573
  1.46492755  1.57088488]","[ 0.          0.09729817  0.09561451 -0.05645037  0.08859198  0.04735065
  0.17556335 -0.00038876]","[ 0.          0.25921184 15.3901453   0.35044336 -2.28049564  0.76675749
  0.80910403 -0.85338682]"
1746810082.603722,"[ 0.          0.58211249  0.83532391 -3.13357973 -1.93047727  1.37928615
  1.46527283  1.57088394]","[ 0.          0.0963271   0.09227975 -0.0534793   0.08859198  0.04537637
  0.17538549 -0.00039304]","[ 0.          0.22142029 15.35093975  0.30409345 -2.19452     0.75811934
  0.7718662  -0.85072243]"
1746810082.6054783,"[ 0.          0.58220849  0.83542172 -3.13363113 -1.93039098  1.37933182
  1.46546125  1.57088394]","[ 0.          0.09723509  0.09203202 -0.052076    0.08751158  0.04313217
  0.17754406 -0.00038538]","[ 0.          0.16094501 15.35388088  0.28354022 -2.1505847   0.7555005
  0.73490381 -0.84461528]"
1746810082.6066217,"[ 0.          0.58240597  0.83560035 -3.1337326  -1.93020882  1.37941358
  1.46581225  1.57088301]","[ 0.          0.09561451  0.08994246 -0.04780725  0.08969065  0.04159501
  0.17772414 -0.00039006]","[ 0.          0.11082818 15.34778023  0.20974179 -2.09518099  0.7128309
  0.7686621  -0.82173508]"
1746810082.6084204,"[ 0.          0.58259192  0.83578311 -3.13381622 -1.93003119  1.37948882
  1.46617937  1.57088208]","[ 0.          0.09399392  0.09002588 -0.04051462  0.08967236  0.03781365
  0.18105482 -0.00039452]","[ 0.          0.0871161  15.30660629  0.15622011 -2.11797786  0.66701967
  0.8136515  -0.82742602]"
1746810082.6101077,"[ 0.          0.58268926  0.83587266 -3.13385351 -1.92994437  1.3795269
  1.4663602   1.57088102]","[ 0.          0.09178125  0.09075275 -0.03781365  0.08805178  0.03585989
  0.18321037 -0.00040684]","[ 0.          0.08345171 15.28480053  0.12359627 -2.11919594  0.6527946
  0.85909671 -0.82280648]"
1746810082.6112695,"[ 0.          0.5828647   0.83605175 -3.13392728 -1.92976328  1.379602
  1.46673597  1.57088102]","[ 0.          0.08796256  0.08701666 -0.03538277  0.08805178  0.03943423
  0.1928496  -0.00038972]","[ 0.         -0.04059249 15.24836826  0.0292916  -2.16492128  0.65234315
  0.81811392 -0.81515461]"
1746810082.6130457,"[ 0.          0.58295191  0.83613578 -3.1339619  -1.92967806  1.37964102
  1.46693185  1.57088008]","[ 0.          0.08859198  0.0853508  -0.03511267  0.08634362  0.03943423
  0.19879174 -0.00039907]","[ 0.00000000e+00 -7.82938674e-02  1.52118521e+01  6.49989676e-03
 -2.16144156e+00  6.64455354e-01  7.67608643e-01 -8.16766798e-01]"
1746810082.6147907,"[ 0.          0.58313101  0.83630109 -3.13403354 -1.92951134  1.37972943
  1.46735808  1.57087915]","[ 0.          0.08670129  0.08291993 -0.03511267  0.08427041  0.04429599
  0.20992292 -0.00039452]","[ 0.         -0.06977312 15.18328476 -0.04010761 -2.08533072  0.6674121
  0.71195805 -0.80042595]"
1746810082.61598,"[ 0.          0.58321643  0.83638005 -3.13406789 -1.92942159  1.37972943
  1.46757114  1.57087915]","[ 0.          0.08670129  0.07994885 -0.03484257  0.08450897  0.04429599
  0.21607799 -0.00039006]","[ 0.         -0.06687413 15.20026493 -0.05877247 -2.04571939  0.6674121
  0.70340288 -0.79643673]"
1746810082.617757,"[ 0.          0.58339273  0.83654031 -3.13413767 -1.92925674  1.37981891
  1.46802308  1.57087822]","[ 0.          0.08593267  0.07778807 -0.03534692  0.08346012  0.04645676
  0.22093974 -0.00039452]","[ 0.         -0.07190736 15.29137325 -0.09587958 -2.04757285  0.67345512
  0.70159519 -0.80615729]"
1746810082.6200736,"[ 0.          0.58355392  0.83669457 -3.13421197 -1.9290887   1.37991599
  1.46845304  1.57087729]","[ 0.          0.08048905  0.07778807 -0.03673326  0.08275359  0.04829846
  0.21823876 -0.00039871]","[ 0.         -0.08779877 15.32148361 -0.08531917 -2.05325317  0.64180535
  0.70722479 -0.8275578 ]"
1746810082.6217754,"[ 0.          0.58371598  0.83685483 -3.13429186 -1.92891426  1.38001772
  1.4688906   1.57087635]","[ 0.          0.07859836  0.07916829 -0.03962142  0.08143937  0.05015369
  0.21208152 -0.00040301]","[ 0.         -0.0903246  15.35698891 -0.02028006 -2.09259391  0.62010264
  0.7497772  -0.81952697]"
1746810082.6235068,"[ 0.          0.58386478  0.83701695 -3.13438055 -1.92875234  1.38011479
  1.46930832  1.57087542]","[ 0.          0.07339208  0.08283591 -0.04645676  0.07859836  0.04915774
  0.21121622 -0.00041081]","[ 0.         -0.06416198 15.38066769  0.04607512 -2.09360552  0.59168857
  0.76562887 -0.80519557]"
1746810082.6252978,"[ 0.          0.58393595  0.83709917 -3.13442982 -1.92867564  1.38016326
  1.46953082  1.57087542]","[ 0.          0.07211602  0.08346012 -0.04996803  0.07778807  0.04915774
  0.20964243 -0.00040337]","[ 0.         -0.03671539 15.31473923  0.09483654 -2.07275724  0.60840708
  0.74683499 -0.80108589]"
1746810082.627025,"[ 0.          0.58408103  0.83727181 -3.13453954 -1.92852491  1.38026313
  1.46993989  1.57087436]","[ 0.          0.07022534  0.0848106  -0.05466752  0.07171978  0.04802864
  0.20743487 -0.00040652]","[ 0.          0.03213522 15.30719471  0.15943553 -1.99663067  0.63552356
  0.67672944 -0.80140722]"
1746810082.6281617,"[ 0.          0.58421099  0.83743939 -3.13465059 -1.92839308  1.38035727
  1.47035467  1.57087343]","[ 0.          0.06475772  0.08418503 -0.0577423   0.06563369  0.04726706
  0.1996117  -0.00039872]","[ 0.          0.08940426 15.18569565  0.24067274 -1.80710721  0.6564188
  0.65471369 -0.7921589 ]"
1746810082.6299067,"[ 0.          0.5842767   0.83751975 -3.13470971 -1.92832943  1.3804096
  1.47054882  1.57087343]","[ 0.          0.06193981  0.08156944 -0.05996164  0.0645533   0.04915062
  0.19690106 -0.00039836]","[ 0.          0.14281313 15.1873045   0.29591155 -1.77329242  0.67703623
  0.68118137 -0.79208589]"
1746810082.631602,"[ 0.          0.58439375  0.837686   -3.13484207 -1.92820107  1.38050854
  1.47093218  1.57087249]","[ 0.          0.05861115  0.08102924 -0.06617388  0.06158223  0.05023813
  0.1928496  -0.00040337]","[ 0.          0.25303978 15.15625858  0.45467788 -1.72461283  0.63254344
  0.70286888 -0.80614394]"
1746810082.6327665,"[ 0.          0.58445114  0.8377659  -3.13490679 -1.92814248  1.38055714
  1.47113764  1.57087156]","[ 0.          0.05834105  0.08102924 -0.06563369  0.05942144  0.04910793
  0.19359325 -0.00040337]","[ 0.          0.33463684 15.09856701  0.55539972 -1.70188367  0.60118955
  0.70570147 -0.79803932]"
1746810082.6350682,"[ 0.          0.58456506  0.83792935 -3.13504314 -1.9280245   1.38065315
  1.47152007  1.57087063]","[ 0.          0.05491829  0.07967876 -0.06689219  0.06050184  0.04645676
  0.1937335  -0.00041081]","[ 0.          0.48144987 15.05537128  0.72572887 -1.67794204  0.53567457
  0.66391897 -0.79063302]"
1746810082.6367884,"[ 0.          0.58461739  0.8380896  -3.13517683 -1.92789667  1.38073504
  1.47192527  1.5708697 ]","[ 0.          0.05288547  0.08237973 -0.0679956   0.06347291  0.04051462
  0.20149272 -0.00042089]","[ 0.          0.53569931 14.9989748   0.85819334 -1.64270806  0.47186649
  0.63551104 -0.81678128]"
1746810082.6385348,"[ 0.          0.58472625  0.83817043 -3.13524421 -1.92783328  1.38077299
  1.4721298   1.57086876]","[ 0.          0.05366445  0.08210963 -0.06833466  0.0642832   0.03835384
  0.20743487 -0.00042591]","[ 0.          0.64247787 15.00687122  0.91008061 -1.63815928  0.43384272
  0.61771649 -0.81607771]"
1746810082.6396654,"[ 0.          0.58483504  0.83833621 -3.13538243 -1.92776537  1.38084343
  1.4725627   1.57086677]","[ 0.          0.05536998  0.07994885 -0.06698417  0.06394596  0.03295189
  0.21315319 -0.00043675]","[ 0.          0.76322573 14.96726704  1.00311136 -1.63776362  0.45078284
  0.61788827 -0.79268533]"
1746810082.6414468,"[ 0.          0.58494389  0.83849694 -3.13552304 -1.92763834  1.38090056
  1.47299453  1.57086584]","[ 0.          0.05455969  0.08156944 -0.06871056  0.06448789  0.02700975
  0.22071588 -0.00044217]","[ 0.          0.87658948 14.9239378   1.10879922 -1.59385848  0.49096876
  0.63997531 -0.78590328]"
1746810082.643143,"[ 0.          0.58500128  0.83858276 -3.13559149 -1.92757309  1.38092812
  1.47320958  1.57086584]","[ 0.          0.05411503  0.08074744 -0.06941505  0.06617388  0.02607992
  0.21823876 -0.00043416]","[ 0.          0.91743881 14.88550282  1.1358875  -1.61164069  0.53762639
  0.66538882 -0.78325832]"
1746810082.644283,"[ 0.          0.58510641  0.83873842 -3.13572651 -1.92743754  1.38097379
  1.47365766  1.57086397]","[ 0.          0.0534793   0.07913856 -0.06752437  0.06509349  0.02214799
  0.21904906 -0.00045342]","[ 0.          1.00752008 14.85693645  1.22642565 -1.69022727  0.55049109
  0.62886268 -0.76957399]"
1746810082.6459856,"[ 0.          0.58516014  0.83881791 -3.13579202 -1.92737469  1.3809975
  1.47386978  1.57086304]","[ 0.          0.05455969  0.08048905 -0.06644398  0.06374301  0.0222974
  0.21499759 -0.00045972]","[ 0.          1.07488167 14.89505386  1.23878789 -1.74324095  0.54522967
  0.58480698 -0.76387399]"
1746810082.6471462,"[ 0.          0.58527452  0.83898136 -3.13592838 -1.92724845  1.38103851
  1.4743112   1.57086104]","[ 0.          0.05591018  0.07916829 -0.06563369  0.0642832   0.0213377
  0.21570852 -0.00047189]","[ 0.          1.19504619 14.91139889  1.31984425 -1.85079443  0.55613273
  0.60020858 -0.7815116 ]"
1746810082.6488776,"[ 0.          0.58532958  0.83905806 -3.13599149 -1.92717948  1.38105941
  1.47452239  1.57086011]","[ 0.          0.05585353  0.07778807 -0.0640131   0.06494903  0.0210676
  0.21418729 -0.00047871]","[ 0.          1.19759881 14.9533596   1.37353981 -1.89203846  0.53960043
  0.61399055 -0.78663033]"
1746810082.650644,"[ 0.          0.5854439   0.83922151 -3.13611267 -1.92704872  1.38110216
  1.47493904  1.57085638]","[ 0.          0.05915135  0.08074744 -0.05742598  0.06644398  0.02156609
  0.20932554 -0.00053272]","[ 0.          1.29100955 15.02051067  1.42561066 -2.03398418  0.51705968
  0.6083802  -0.77780432]"
1746810082.6529632,"[ 0.          0.58557573  0.83937991 -3.13621866 -1.9269089   1.38114597
  1.47536328  1.57085252]","[ 0.          0.06644398  0.07994885 -0.05266901  0.06914495  0.02322838
  0.20635447 -0.00060676]","[ 0.          1.3392359  15.02738285  1.44797695 -2.10221577  0.51854396
  0.57711738 -0.77870536]"
1746810082.6540942,"[ 0.          0.58564417  0.83945987 -3.13626873 -1.92683966  1.3811698
  1.47556595  1.57084972]","[ 0.          0.06934472  0.08094715 -0.05077833  0.07022534  0.02430877
  0.20533593 -0.00067797]","[ 0.          1.34842014 15.02671528  1.44236743 -2.16437936  0.52166277
  0.57292432 -0.77392346]"
1746810082.6557865,"[ 0.          0.58578652  0.83963018 -3.1363638  -1.92669771  1.38122107
  1.47598739  1.57084307]","[ 0.          0.07319642  0.08375667 -0.04463679  0.07238612  0.02484897
  0.20613168 -0.00082007]","[ 0.          1.3487848  14.99670696  1.41252196 -2.26145267  0.57220352
  0.5370459  -0.78190356]"
1746810082.6580858,"[ 0.          0.58594304  0.83979136 -3.13643997 -1.92655364  1.3812706
  1.47639739  1.57083068]","[ 0.          0.07724788  0.08102924 -0.03673326  0.07076554  0.02511906
  0.20851524 -0.0013418 ]","[ 0.          1.3024677  14.95189285  1.34972358 -2.2778933   0.60702914
  0.49482769 -0.76883268]"
1746810082.659799,"[ 0.          0.58609784  0.83995621 -3.13650522 -1.92641489  1.3813248
  1.47682456  1.57080405]","[ 0.          0.07770926  0.08042095 -0.03056497  0.07049544  0.02680698
  0.20863936 -0.00361974]","[ 0.          1.21398556 14.93853283  1.27328002 -2.27347469  0.62173408
  0.44675061 -0.7587598 ]"
1746810082.661524,"[ 0.          0.58618093  0.84003518 -3.13653371 -1.92634618  1.38135329
  1.47702816  1.57078021]","[ 0.          0.07823976  0.07994885 -0.02890043  0.06961454  0.02890043
  0.2061454  -0.0082016 ]","[ 0.          1.13851523 14.89222145  1.21660125 -2.26480651  0.6312812
  0.46265915 -0.74113524]"
1746810082.6626434,"[ 0.          0.58633932  0.84018997 -3.13658644 -1.92620796  1.38141042
  1.47743629  1.57069459]","[ 0.          0.08156944  0.07832827 -0.02646955  0.06644398  0.02890043
  0.20743487 -0.04563986]","[ 0.          1.05166316 14.84576035  1.12832391 -2.26078248  0.60265112
  0.46948391 -0.72925055]"
1746810082.6643193,"[ 0.          0.58651016  0.84035342 -3.13663944 -1.92607187  1.38146661
  1.47789102  1.57058807]","[ 0.          0.08375667  0.08074744 -0.02565926  0.06620287  0.02698238
  0.20620851 -0.05509988]","[ 0.          0.94235981 14.8418026   1.00327039 -2.1845634   0.58235079
  0.47724262 -0.70756078]"
1746810082.6660788,"[ 0.          0.58659419  0.84043239 -3.13666421 -1.92600822  1.38149125
  1.47806692  1.57053001]","[ 0.          0.0853508   0.07994885 -0.02511906  0.0645533   0.02484897
  0.21050135 -0.05888125]","[ 0.          0.90411592 14.82121658  0.94730002 -2.121804    0.56475699
  0.42943481 -0.70906913]"
1746810082.6678793,"[ 0.          0.58676503  0.84058485 -3.13671268 -1.92588279  1.38154171
  1.47853218  1.57040071]","[ 0.          0.08678932  0.07643758 -0.02332147  0.06293271  0.02507684
  0.21139782 -0.0645533 ]","[ 0.          0.78608876 14.75712204  0.84121007 -2.04817939  0.53841704
  0.42934945 -0.68925345]"
1746810082.669553,"[ 0.          0.58693813  0.84073865 -3.13675635 -1.92575522  1.38158832
  1.47895549  1.57026849]","[ 0.          0.08373022  0.07454691 -0.0213377   0.06269211  0.02320485
  0.21607799 -0.06644398]","[ 0.          0.7231316  14.70215702  0.7355237  -1.93575287  0.55479932
  0.45452195 -0.6833173 ]"
1746810082.6714199,"[ 0.          0.58701989  0.84080982 -3.13677659 -1.9256921   1.38160922
  1.47916667  1.57019898]","[ 0.          0.08291993  0.07211602 -0.02052741  0.0640131   0.0210676
  0.21418729 -0.065389  ]","[ 0.          0.64553493 14.68108749  0.70502269 -1.86144686  0.53110397
  0.46745268 -0.67645764]"
1746810082.673181,"[ 0.          0.58718521  0.84094944 -3.13681574 -1.92556187  1.38164251
  1.4796033   1.57007621]","[ 0.          0.07909747  0.06689219 -0.01853941  0.06300221  0.01504611
  0.21337701 -0.06104203]","[ 0.          0.52856123 14.65523338  0.60519361 -1.75585258  0.53294569
  0.53509647 -0.64877015]"
1746810082.674343,"[ 0.          0.58734866  0.84108127 -3.13685276 -1.92543697  1.38166156
  1.48001995  1.56996689]","[ 0.          0.07629091  0.06671407 -0.01731757  0.06374301  0.00864312
  0.21121622 -0.05293911]","[ 0.          0.41158399 14.64884281  0.5112235  -1.72770631  0.52560663
  0.57079661 -0.65019828]"
1746810082.676128,"[ 0.          0.58742949  0.84114552 -3.13687114 -1.92537306  1.38166635
  1.48024446  1.56991455]","[ 0.          0.0761619   0.06509349 -0.01730302  0.06482339  0.00486175
  0.21139782 -0.04915062]","[ 0.          0.3524082  14.66081619  0.46135733 -1.72562575  0.53456068
  0.57079661 -0.65030092]"
1746810082.6772108,"[ 0.          0.58757596  0.84127315 -3.13690602 -1.92523883  1.38166915
  1.48065738  1.56983373]","[ 0.          0.07400671  0.061104   -0.01809653  0.06589006  0.
  0.20932554 -0.03754355]","[ 0.          0.28738713 14.66806984  0.38048178 -1.75754094  0.54492253
  0.55449694 -0.6382786 ]"
1746810082.6789243,"[ 0.          0.58764574  0.84133287 -3.1369244  -1.92517572  1.38166821
  1.48086191  1.56979751]","[ 0.          0.07076554  0.06044053 -0.01863673  0.06407809 -0.00054019
  0.20743487 -0.03410451]","[ 0.          0.23975807 14.72423077  0.34186575 -1.7550199   0.53337055
  0.58468157 -0.64348227]"
1746810082.6806734,"[ 0.          0.58778901  0.84145318 -3.13696674 -1.92504842  1.38166728
  1.48127856  1.56973945]","[ 0.          0.06921209  0.06158223 -0.0213377   0.0642832  -0.00046373
  0.20149272 -0.02700975]","[ 0.          0.15684746 14.86134148  0.28186119 -1.75491548  0.56482518
  0.63938886 -0.6376605 ]"
1746810082.6829755,"[ 0.          0.58791991  0.84157535 -3.13701415 -1.92491393  1.38166821
  1.48147164  1.56969191]","[ 0.          0.06536359  0.05861115 -0.02484897  0.06698417 -0.0002128
  0.19582067 -0.0215458 ]","[ 0.          0.13043818 14.9671154   0.25101811 -1.788517    0.6056661
  0.65224469 -0.63619226]"
1746810082.6841486,"[ 0.          0.58798735  0.84163134 -3.13704158 -1.92484815  1.38166915
  1.48165713  1.56967287]","[ 0.          0.06344442  0.056663   -0.02582915  0.06671407  0.00021276
  0.18798785 -0.01944702]","[ 0.          0.11150067 15.03512764  0.23765516 -1.80078268  0.61507165
  0.70081836 -0.63633114]"
1746810082.685839,"[ 0.          0.58810726  0.84174479 -3.13709351 -1.92471499  1.38167114
  1.48202624  1.56964158]","[ 0.          0.06050184  0.05504406 -0.02619945  0.06536359  0.00041523
  0.17664375 -0.01458526]","[ 0.          0.0862464  15.17075729  0.19102351 -1.89115691  0.60144806
  0.69080573 -0.63482666]"
1746810082.687634,"[ 0.          0.5882303   0.84185405 -3.13714304 -1.92458183  1.38167208
  1.4823602   1.56961868]","[ 0.          0.05968289  0.05536998 -0.02457887  0.06752437  0.00059616
  0.16675112 -0.01003074]","[ 0.          0.08823556 15.24261665  0.17257473 -1.98677409  0.63506126
  0.64408362 -0.62633932]"
1746810082.6894236,"[ 0.          0.58828769  0.84190778 -3.13716781 -1.92451445  1.38167208
  1.48253717  1.56961015]","[ 0.          0.05834105  0.05455969 -0.02332147  0.06833466  0.00052655
  0.16651025 -0.00863436]","[ 0.          0.09572633 15.2664032   0.18031028 -2.043612    0.65087849
  0.60324395 -0.60521358]"
1746810082.6905131,"[ 0.          0.58834328  0.84201477 -3.13721149 -1.92437624  1.38167394
  1.48286248  1.56959591]","[ 0.          0.05645037  0.05131852 -0.0213377   0.0669163   0.00066486
  0.16502955 -0.00675244]","[ 0.          0.10108736 15.35245037  0.18727989 -2.14762998  0.67836267
  0.55747026 -0.61049008]"
1746810082.6923144,"[ 0.          0.58845487  0.84211577 -3.13725277 -1.92424388  1.38167674
  1.48320589  1.56958352]","[ 0.          0.05416599  0.05131852 -0.02079751  0.06698417  0.00079484
  0.16783041 -0.00626921]","[ 0.          0.11292312 15.45816231  0.2016762  -2.18814015  0.70365131
  0.55761373 -0.61140138]"
1746810082.6941178,"[ 0.          0.58850767  0.84217409 -3.13727487 -1.92417357  1.38167873
  1.48337434  1.56957873]","[ 0.          0.0534793   0.05491829 -0.02081378  0.06620287  0.00087765
  0.1707016  -0.0055916 ]","[ 0.          0.08097483 15.52782345  0.2263688  -2.213346    0.71122509
  0.54949403 -0.62702852]"
1746810082.695848,"[ 0.          0.5886114   0.84228661 -3.13731748 -1.92405053  1.38168153
  1.48372241  1.56956821]","[ 0.          0.05212881  0.05726066 -0.02241809  0.06104203  0.0009574
  0.16851641 -0.00539921]","[ 0.          0.10921926 15.58117008  0.24507777 -2.22739005  0.74707866
  0.54008192 -0.65255421]"
1746810082.697015,"[ 0.          0.58866466  0.84234447 -3.13734038 -1.92399327  1.38168339
  1.48388513  1.56956262]","[ 0.          0.05015369  0.05861115 -0.02322838  0.05801212  0.00099831
  0.16502955 -0.00506897]","[ 0.          0.11180639 15.56358528  0.26131886 -2.22297406  0.74968189
  0.55182117 -0.6566968 ]"
1746810082.6993415,"[ 0.          0.58875747  0.8424703  -3.13736622 -1.92388009  1.38168726
  1.48420191  1.5695521 ]","[ 0.          0.04645676  0.06286895 -0.02432454  0.05455969  0.00110627
  0.15827712 -0.00526663]","[ 0.          0.14826074 15.53951931  0.27896544 -2.15487909  0.73323703
  0.63051987 -0.64258677]"
1746810082.7010386,"[ 0.          0.58885248  0.84260939 -3.13742001 -1.92377409  1.38168819
  1.48451776  1.56954158]","[ 0.          0.04650393  0.06971363 -0.02809014  0.0534793   0.00108661
  0.15233498 -0.00523227]","[ 0.          0.1398095  15.43450737  0.34171432 -2.05343556  0.69466758
  0.64363885 -0.6350432 ]"
1746810082.7026935,"[ 0.          0.58894569  0.84274994 -3.137481   -1.92366996  1.38168912
  1.48480499  1.56953399]","[ 0.          0.04699696  0.07123348 -0.03034298  0.05010651  0.00104481
  0.14369186 -0.00450373]","[ 0.          0.16244783 15.23845291  0.39249164 -1.92717063  0.66472787
  0.59225082 -0.65361542]"
1746810082.7038472,"[ 0.          0.58899576  0.84282018 -3.13751189 -1.92362123  1.38168912
  1.48495439  1.56953119]","[ 0.          0.04714447  0.07137813 -0.03133131  0.04942784  0.00099357
  0.1406811  -0.00377612]","[ 0.          0.15642737 15.17685795  0.42976466 -1.85317147  0.62991506
  0.5530498  -0.6305325 ]"
1746810082.705499,"[ 0.          0.58908577  0.84297125 -3.13757341 -1.92352109  1.38168819
  1.48522457  1.56952453]","[ 0.          0.04510628  0.07422747 -0.03183921  0.05131852  0.00084785
  0.13612913 -0.00331239]","[ 0.          0.17479911 14.953825    0.45409739 -1.66880131  0.58901006
  0.5428924  -0.63954222]"
1746810082.707242,"[ 0.          0.58912985  0.84304568 -3.1376051  -1.9234665   1.38168819
  1.48535586  1.56952267]","[ 0.          0.04483618  0.07562729 -0.0321416   0.05140754  0.00084785
  0.13302314 -0.00278241]","[ 0.          0.19897409 14.80245113  0.4709084  -1.62433183  0.58874756
  0.54631555 -0.64166278]"
1746810082.7084115,"[ 0.          0.5892212   0.84318936 -3.13767248 -1.9233645   1.38168819
  1.48562511  1.56951881]","[ 0.          0.04484533  0.07265622 -0.03349209  0.05126653  0.00075769
  0.13018698 -0.0021194 ]","[ 0.          0.2009732  14.57954025  0.54827857 -1.54819214  0.54574984
  0.56049645 -0.6427291 ]"
1746810082.7101016,"[ 0.          0.58926534  0.84326606 -3.13770737 -1.92331576  1.38168819
  1.48575254  1.56951694]","[ 0.          0.04483618  0.07215337 -0.03538277  0.04942784  0.00075769
  0.1291066  -0.00185448]","[ 0.          0.21365438 14.51284218  0.58246177 -1.50583315  0.5349322
  0.58235639 -0.64286298]"
1746810082.7119002,"[ 0.          0.58934936  0.84340701 -3.13778167 -1.92321856  1.38168726
  1.4860066   1.56951401]","[ 0.          0.04105482  0.07022534 -0.03669604  0.04714447  0.00065146
  0.12287655 -0.00165578]","[ 0.          0.27873188 14.35745907  0.64423329 -1.46485388  0.47296599
  0.56367773 -0.63359255]"
1746810082.7136226,"[ 0.          0.58939024  0.84347498 -3.13781816 -1.92317169  1.38168726
  1.4862387   1.56951029]","[ 0.          0.03858201  0.06887486 -0.03700335  0.04753715  0.00051696
  0.11575441 -0.00171137]","[ 0.          0.30648237 14.26456738  0.67582029 -1.44674182  0.45754161
  0.56941307 -0.65026921]"
1746810082.7148285,"[ 0.          0.58945589  0.84360954 -3.1378882  -1.92307715  1.38168726
  1.48635188  1.56950829]","[ 0.          0.0316014   0.06529736 -0.03484257  0.04834745  0.00048254
  0.11479143 -0.00173643]","[ 0.          0.32560733 14.12769032  0.73494208 -1.39339244  0.45597279
  0.56632948 -0.65446395]"
1746810082.7165887,"[ 0.          0.58951235  0.84373584 -3.13795078 -1.92297967  1.38168726
  1.48658398  1.56950549]","[ 0.          0.02633069  0.06421807 -0.02890043  0.04753715  0.00030057
  0.11182036 -0.00168162]","[ 0.          0.38833126 14.06855106  0.77243751 -1.38419414  0.44341207
  0.58433884 -0.6447556 ]"
1746810082.7188873,"[ 0.          0.58955782  0.84385701 -3.13800032 -1.92288646  1.38168726
  1.48680089  1.56950163]","[ 0.          0.02185573  0.05726066 -0.02374449  0.04699696  0.00016831
  0.10992967 -0.00171113]","[ 0.          0.43711543 14.04217529  0.80265623 -1.43396163  0.4599877
  0.58592153 -0.65156132]"
1746810082.720064,"[ 0.          0.58957846  0.84391121 -3.13802375 -1.92283613  1.38168726
  1.48691701  1.56949977]","[ 0.00000000e+00  2.10676037e-02  5.50998833e-02 -2.20676248e-02
  4.73952376e-02  8.44490511e-05  1.09335047e-01 -1.70204030e-03]","[ 0.          0.45537004 14.05228901  0.81897622 -1.47671175  0.46395454
  0.5784964  -0.64126676]"
1746810082.7218168,"[ 0.          0.58961841  0.8440164  -3.13806183 -1.92273546  1.38168726
  1.48714044  1.56949697]","[ 0.          0.01890682  0.05060758 -0.01809653  0.05212881  0.
  0.11398113 -0.00168939]","[ 0.          0.51709414 14.13636017  0.85981822 -1.58451176  0.47940889
  0.55376244 -0.62976736]"
1746810082.7235687,"[ 0.          0.58965376  0.84410822 -3.13809592 -1.92262148  1.38168726
  1.48737454  1.56949591]","[ 0.          0.01728624  0.04510628 -0.01593575  0.0564229   0.
  0.12046347 -0.00146671]","[ 0.          0.58225781 14.28293705  0.8843388  -1.7128191   0.53099453
  0.52108359 -0.62363535]"
1746810082.7247126,"[ 0.          0.58967214  0.84414816 -3.13811004 -1.92256502  1.38168726
  1.4875049   1.56949497]","[ 0.          0.01728675  0.04051462 -0.01430066  0.05726066  0.
  0.12276095 -0.00140434]","[ 0.          0.61505866 14.42064953  0.88941187 -1.78894043  0.54095232
  0.52154553 -0.60867965]"
1746810082.726477,"[ 0.          0.58970522  0.84421661 -3.13813587 -1.92244704  1.38168819
  1.48776269  1.56949404]","[ 0.00000000e+00  1.62058481e-02  3.10952894e-02 -1.26945815e-02
  6.15822255e-02  3.78504980e-05  1.33158055e-01 -1.10604383e-03]","[ 0.          0.64469236 14.70239544  0.90945071 -2.0124166   0.56539792
  0.50887513 -0.63163871]"
1746810082.7281418,"[ 0.          0.58972267  0.84424324 -3.13814785 -1.92237913  1.38168819
  1.4879101   1.56949311]","[ 0.00000000e+00  1.65507181e-02  2.70097486e-02 -1.12845802e-02
  6.38858016e-02  3.65680715e-05  1.38925729e-01 -1.10604383e-03]","[ 0.          0.69656271 14.86045742  0.89371854 -2.09350681  0.59635824
  0.47308475 -0.64427906]"
1746810082.7293327,"[ 0.          0.58975436  0.84428731 -3.13816517 -1.9222497   1.38168819
  1.48819359  1.56949124]","[ 0.          0.01620585  0.0210676  -0.00837302  0.06570032  0.
  0.14477225 -0.00101563]","[ 0.          0.74548709 15.34901619  0.91686559 -2.35747862  0.61920655
  0.43371397 -0.62483239]"
1746810082.73108,"[ 0.          0.58976947  0.84430702 -3.13817156 -1.92218525  1.38168819
  1.48833434  1.56949124]","[ 0.          0.01539556  0.01855687 -0.00601844  0.06529736  0.
  0.14261146 -0.00086108]","[ 0.          0.74908954 15.59298611  0.95376658 -2.46680188  0.66843456
  0.44499129 -0.61156118]"
1746810082.7328417,"[ 0.          0.58980023  0.84434151 -3.13817848 -1.92205449  1.38168912
  1.48863022  1.56948925]","[ 0.00000000e+00  1.48553612e-02  1.78264326e-02 -2.70097486e-03
  6.37430062e-02  3.21337047e-05  1.45852644e-01 -7.99881539e-04]","[ 0.          0.81206799 16.08948326  0.9404636  -2.64703155  0.72022772
  0.43276379 -0.61342227]"
1746810082.7345564,"[ 0.          0.58981541  0.84436075 -3.13817901 -1.92193039  1.38169005
  1.48890892  1.56948832]","[ 0.00000000e+00  1.53955564e-02  1.80553292e-02 -5.40194952e-04
  6.21224186e-02  5.46081393e-05  1.40990877e-01 -6.53135771e-04]","[ 0.          0.82574397 16.32045937  0.92044365 -2.82118106  0.7845149
  0.4311035  -0.6261614 ]"
1746810082.7363207,"[ 0.          0.58984757  0.84440163 -3.13817635 -1.92186674  1.38169112
  1.48905459  1.56948832]","[ 0.00000000e+00  1.60491814e-02  2.13160808e-02  1.30037163e-03
  5.98772822e-02  8.34038612e-05  1.37170348e-01 -5.71493824e-04]","[ 0.          0.77680761 16.64779282  0.90492785 -2.86466908  0.81737858
  0.40687788 -0.63945985]"
1746810082.7380512,"[ 0.          0.58988339  0.84445216 -3.13817449 -1.92175702  1.38169298
  1.48931518  1.56948645]","[ 0.00000000e+00  1.86178429e-02  2.55783827e-02  1.12593236e-03
  5.40194971e-02  1.28959707e-04  1.30186982e-01 -6.79425969e-04]","[ 0.          0.77178389 16.92626762  0.89659357 -2.92643452  0.8436271
  0.365152   -0.63179022]"
1746810082.7397642,"[ 0.          0.58992607  0.84450816 -3.13817635 -1.92165129  1.38169391
  1.48957018  1.56948552]","[ 0.          0.02241809  0.02917053  0.          0.05072688  0.00015354
  0.12187348 -0.00063505]","[ 0.          0.73120618 17.11196327  0.9039588  -2.83926749  0.83600104
  0.36172134 -0.63063538]"
1746810082.7409227,"[ 0.          0.58995137  0.84453985 -3.13817768 -1.92160229  1.38169391
  1.48968709  1.56948459]","[ 0.          0.023823    0.03210903 -0.00026594  0.04974839  0.00014939
  0.1185728  -0.00064276]","[ 0.          0.68175906 17.10651207  0.89956379 -2.7748673   0.83320862
  0.37830862 -0.6273877 ]"
1746810082.7426448,"[ 0.          0.59000416  0.84461149 -3.13817795 -1.92151121  1.38169391
  1.48990694  1.56948365]","[ 0.          0.02754994  0.03619306 -0.00022896  0.04483618  0.00012223
  0.11008811 -0.00065534]","[ 0.          0.66223371 17.20186615  0.90546733 -2.59800625  0.80682236
  0.38438928 -0.62661338]"
1746810082.7437916,"[ 0.          0.59003259  0.84465004 -3.13817768 -1.9214662   1.38169391
  1.49002012  1.56948259]","[ 0.          0.02890043  0.03916413 -0.00041523  0.04237987  0.00011923
  0.10657659 -0.00067855]","[ 0.          0.62235481 17.20133591  0.92911458 -2.48657417  0.76006615
  0.35914546 -0.61226135]"
1746810082.7454877,"[ 0.          0.59009458  0.84474464 -3.13817635 -1.9213895   1.38169298
  1.49021986  1.56948166]","[ 0.          0.03079111  0.04835278 -0.00023184  0.03835384  0.00011923
  0.09831549 -0.00066238]","[ 0.          0.5562461  17.04224968  0.89349288 -2.23946142  0.70684367
  0.31773311 -0.64099896]"
1746810082.7466853,"[ 0.          0.59012354  0.84479791 -3.13817635 -1.92135275  1.38169205
  1.49031027  1.56948073]","[ 0.00000000e+00  2.94406258e-02  5.40743374e-02 -2.06515204e-04
  3.72356859e-02  9.05111398e-05  9.18331430e-02 -6.62379008e-04]","[ 0.          0.52716327 16.88512421  0.85706156 -2.10372043  0.63804448
  0.296379   -0.67255908]"
1746810082.7490358,"[ 0.          0.5901814   0.84491549 -3.13817768 -1.92127765  1.38169205
  1.49047858  1.56947979]","[ 0.00000000e+00  2.75499417e-02  6.10420282e-02 -2.92538168e-04
  3.67705481e-02  8.82363184e-05  7.87412928e-02 -6.31410007e-04]","[ 0.          0.40094221 16.45626068  0.84646726 -1.88752198  0.54817361
  0.30410266 -0.67575508]"
1746810082.750147,"[ 0.          0.5902071   0.84497794 -3.13817768 -1.9212409   1.38169112
  1.49055089  1.56947979]","[ 0.00000000e+00  2.59293582e-02  6.32028089e-02 -2.66340328e-04
  3.72356859e-02  6.93285330e-05  7.33920758e-02 -6.01137876e-04]","[ 0.          0.37330204 16.24259567  0.8227489  -1.71635711  0.53961772
  0.32060328 -0.6723941 ]"
1746810082.7519531,"[ 0.          0.59025483  0.8451097  -3.13817715 -1.92116446  1.38169112
  1.49068418  1.56947886]","[ 0.00000000e+00  2.37444946e-02  6.48233924e-02  4.80888602e-05
  3.73644996e-02  6.77461108e-05  6.57003214e-02 -5.77391595e-04]","[ 0.          0.28641823 15.77801514  0.79766184 -1.53498888  0.4516235
  0.39103186 -0.63215387]"
1746810082.753683,"[ 0.          0.59030031  0.84524652 -3.13817662 -1.92109442  1.38169005
  1.49080975  1.56947886]","[ 0.00000000e+00  2.18778954e-02  6.73932555e-02  8.16419714e-05
  3.48072720e-02  4.31121552e-05  5.99616379e-02 -5.29455508e-04]","[ 0.          0.18422149 15.1195612   0.79988098 -1.30992019  0.43488407
  0.38143796 -0.64175713]"
1746810082.7548409,"[ 0.          0.59032141  0.84531176 -3.13817715 -1.92106033  1.38168912
  1.49086581  1.56947793]","[ 0.00000000e+00  2.13377002e-02  6.61738814e-02  6.08815302e-05
  3.45724769e-02  2.40862919e-05  5.67204709e-02 -5.29478362e-04]","[ 0.          0.17011002 14.81740952  0.75288969 -1.22653997  0.40350449
  0.38142395 -0.6368522 ]"
1746810082.7566226,"[ 0.          0.59036276  0.8454348  -3.13817768 -1.92099003  1.38168912
  1.4909742   1.56947793]","[ 0.00000000e+00  1.95415395e-02  6.15822255e-02  0.00000000e+00
  3.41045096e-02  4.11616871e-05  5.19090710e-02 -4.63657614e-04]","[ 0.          0.10490015 14.38290882  0.74757522 -1.08535039  0.38290942
  0.36226541 -0.6323024 ]"
1746810082.758325,"[ 0.          0.59038114  0.84549912 -3.13817768 -1.92095567  1.38168819
  1.49102094  1.56947793]","[ 0.00000000e+00  1.86556473e-02  6.06859677e-02  0.00000000e+00
  3.48072720e-02  2.35615412e-05  4.74889892e-02 -4.63657614e-04]","[ 0.          0.04327695 14.15756798  0.71540618 -1.01654029  0.37286556
  0.37854365 -0.63260847]"
1746810082.760025,"[ 0.          0.59041329  0.84561803 -3.13817715 -1.9208859   1.38168819
  1.49110549  1.56947793]","[ 0.00000000e+00  1.53955564e-02  5.96915434e-02  3.31197745e-05
  3.53469179e-02  2.35610210e-05  4.05146197e-02 -4.13633162e-04]","[ 0.00000000e+00 -2.41476600e-03  1.37758913e+01  6.78943932e-01
 -1.01949275e+00  3.52193683e-01  4.30943429e-01 -6.26889348e-01]"
1746810082.7617843,"[ 0.          0.59043759  0.84572688 -3.13817715 -1.92081506  1.38168726
  1.49118259  1.56947793]","[ 0.00000000e+00  1.08038994e-02  5.34792999e-02 -3.12046522e-05
  3.40322817e-02  0.00000000e+00  3.67332556e-02 -3.98004614e-04]","[ 0.         -0.0778759  13.40436649  0.70684052 -1.05948281  0.33941382
  0.43916875 -0.62846684]"
1746810082.7635667,"[ 0.          0.59044545  0.84577968 -3.13817715 -1.9207839   1.38168726
  1.49121681  1.569477  ]","[ 0.00000000e+00  8.09471454e-03  4.96521543e-02 -2.95005375e-05
  3.16014045e-02  0.00000000e+00  3.45724769e-02 -3.98004614e-04]","[ 0.         -0.09164261 13.25636673  0.66401356 -1.11803401  0.35771784
  0.44652241 -0.61959946]"
1746810082.7647212,"[ 0.          0.59045417  0.8458683  -3.13817768 -1.92072797  1.38168819
  1.49128246  1.569477  ]","[ 0.00000000e+00  3.00639054e-03  4.37557908e-02 -6.96542599e-05
  2.69823804e-02  2.16372025e-05  3.18715031e-02 -3.54013009e-04]","[ 0.         -0.08846308 13.14693069  0.62171274 -1.19120502  0.39492381
  0.43122232 -0.62391627]"
1746810082.7664971,"[ 0.          0.59045464  0.84590964 -3.13817768 -1.92070214  1.38168819
  1.49131868  1.569477  ]","[ 0.00000000e+00  5.40194952e-04  4.18226896e-02 -6.62379032e-05
  2.43245415e-02  2.11799045e-05  3.41045096e-02 -3.54013009e-04]","[ 0.         -0.10321055 13.08008385  0.61569542 -1.2238903   0.42529932
  0.43284014 -0.64821106]"
1746810082.76824,"[ 0.          0.59045184  0.84599413 -3.13817768 -1.92066086  1.38168819
  1.49139098  1.569477  ]","[ 0.00000000e+00 -1.35048743e-03  3.61563899e-02 -6.31410032e-05
  1.99872133e-02  2.08035078e-05  3.86239376e-02 -3.02803984e-04]","[ 0.         -0.08890107 13.04726696  0.56294405 -1.35350919  0.49557951
  0.44061157 -0.65992618]"
1746810082.7699344,"[ 0.          0.59045091  0.84605379 -3.13817768 -1.92062278  1.38168912
  1.49148126  1.569477  ]","[ 0.00000000e+00 -7.89995073e-04  2.80901368e-02  0.00000000e+00
  1.75563360e-02  3.56664263e-05  4.64567646e-02 -2.64953482e-04]","[ 0.         -0.05052549 13.08000851  0.56518573 -1.49108779  0.53604156
  0.42900795 -0.61189079]"
1746810082.771651,"[ 0.          0.59045324  0.8460974  -3.13817768 -1.92058736  1.38168912
  1.49158499  1.569477  ]","[ 0.00000000e+00  3.31156572e-04  1.89068230e-02  0.00000000e+00
  1.80965312e-02  3.50054028e-05  5.50998833e-02 -1.98708049e-04]","[ 0.          0.01703041 13.21620178  0.52183104 -1.63787317  0.60107231
  0.42484057 -0.63056934]"
1746810082.7728393,"[ 0.          0.59045371  0.84611211 -3.13817795 -1.92057031  1.38168912
  1.49164305  1.569477  ]","[ 0.00000000e+00  3.72321299e-04  1.48553612e-02 -1.10399245e-05
  1.72687240e-02  3.43690700e-05  5.88812517e-02 -1.70788436e-04]","[ 0.          0.04702813 13.41104984  0.51958477 -1.69380105  0.60639995
  0.42263222 -0.61449039]"
1746810082.774602,"[ 0.          0.59045277  0.84613508 -3.13817795 -1.92053463  1.38168912
  1.49177235  1.56947593]","[ 0.00000000e+00  3.11065050e-04  1.00307380e-02 -1.06055557e-05
  1.72862385e-02  3.43690700e-05  6.44878924e-02 -2.01131275e-04]","[ 0.          0.08072621 13.74451256  0.52249539 -1.90346074  0.63530368
  0.42182729 -0.61468256]"
1746810082.7757547,"[ 0.          0.59045231  0.84614287 -3.13817795 -1.92051811  1.38168912
  1.49184092  1.56947593]","[ 0.00000000e+00  1.90770857e-04  7.83282698e-03 -1.06381767e-05
  1.67460433e-02  3.37554612e-05  6.96851469e-02 -1.64556324e-04]","[ 0.          0.13690524 13.90048981  0.5193767  -1.96518958  0.65941066
  0.41393477 -0.62450314]"
1746810082.7798007,"[ 0.          0.59045324  0.84615485 -3.13817795 -1.92048536  1.38168912
  1.49199126  1.56947593]","[ 0.00000000e+00  2.98040918e-04  5.67204678e-03 -3.06157383e-05
  1.59196051e-02  3.37090704e-05  7.53571974e-02 -1.58768256e-04]","[ 0.          0.18302138 14.42998314  0.46722427 -2.17254901  0.6641646
  0.38708305 -0.6360184 ]"
1746810082.782103,"[ 0.          0.59045277  0.84617776 -3.13817848 -1.92043129  1.38169112
  1.49231656  1.56947593]","[ 0.00000000e+00 -5.27881270e-05  5.94013608e-03 -6.62360177e-05
  1.15353491e-02  6.49246091e-05  8.40855996e-02 -9.39567345e-05]","[ 0.          0.26542777 15.32412052  0.44072074 -2.44177675  0.74790978
  0.31614563 -0.63732904]"
1746810082.784517,"[ 0.          0.59045277  0.84618608 -3.13817848 -1.92041185  1.38169112
  1.49248874  1.56947593]","[ 0.00000000e+00 -9.61777205e-05  7.15204394e-03 -4.58296515e-05
  9.44383346e-03  6.38297897e-05  8.69713844e-02 -9.10765495e-05]","[ 0.          0.29684243 15.54426384  0.45392227 -2.51855683  0.7933355
  0.31456056 -0.6558286 ]"
1746810082.7862031,"[ 0.          0.59045324  0.84620625 -3.13817848 -1.92039774  1.38169112
  1.49266384  1.56947593]","[ 0.00000000e+00 -4.41578693e-05  1.02585017e-02 -4.42150532e-05
  6.01844290e-03  5.00859547e-05  8.48106036e-02 -8.83676885e-05]","[ 0.          0.34244812 15.83378696  0.4414444  -2.55385661  0.81941336
  0.31689051 -0.63261622]"
1746810082.7879572,"[ 0.          0.59045277  0.84623562 -3.13817848 -1.92038842  1.38169112
  1.49282736  1.56947593]","[ 0.00000000e+00  0.00000000e+00  1.53799571e-02 -2.65281501e-05
  4.32155961e-03  4.92556065e-05  8.29199257e-02 -8.58153109e-05]","[ 0.          0.31309533 16.14269638  0.46150178 -2.49126744  0.81304395
  0.32179889 -0.62344617]"
1746810082.7897248,"[ 0.          0.59045277  0.84625352 -3.13817848 -1.92038522  1.38169112
  1.49291498  1.569475  ]","[ 0.00000000e+00  0.00000000e+00  1.80965312e-02 -2.56871794e-05
  3.24116978e-03  4.93186298e-05  8.24252102e-02 -8.58127915e-05]","[ 0.          0.30196714 16.21239471  0.46806663 -2.47507763  0.81244117
  0.33845347 -0.63370866]"
1746810082.7920506,"[ 0.          0.59045277  0.84631644 -3.13817848 -1.92037803  1.38169112
  1.49316132  1.569475  ]","[ 0.00000000e+00  0.00000000e+00  2.18778954e-02 -4.14964800e-05
  1.89068235e-03  4.76740823e-05  8.40003119e-02 -8.32261491e-05]","[ 0.          0.30789116 16.3735733   0.52873164 -2.31942534  0.74213904
  0.25891662 -0.65177339]"
1746810082.794385,"[ 0.          0.59045277  0.84636511 -3.13817848 -1.92037377  1.38169112
  1.49333642  1.569475  ]","[ 0.00000000e+00  0.00000000e+00  2.43087727e-02 -4.01659194e-05
  2.08059460e-03  4.68641377e-05  8.53416380e-02 -8.11287228e-05]","[ 0.          0.28903118 16.36589813  0.54701972 -2.19370127  0.70685846
  0.23931919 -0.65438199]"
1746810082.796107,"[ 0.          0.59045277  0.84641292 -3.13817848 -1.92036978  1.38169112
  1.49350953  1.569475  ]","[ 0.00000000e+00  0.00000000e+00  2.43087727e-02 -3.90069591e-05
  2.10595939e-03  3.41250430e-05  8.88620706e-02 -7.88087054e-05]","[ 0.          0.28063062 16.314991    0.60131699 -2.11732125  0.66147053
  0.23732544 -0.63333809]"
1746810082.797894,"[ 0.          0.59045277  0.84645972 -3.13817795 -1.92036285  1.38169005
  1.49369688  1.569475  ]","[ 0.00000000e+00  0.00000000e+00  2.18778954e-02 -2.34041739e-05
  2.61967432e-03  0.00000000e+00  9.32858641e-02 -7.67722910e-05]","[ 0.          0.22017488 16.20192909  0.61982483 -2.0384922   0.65434819
  0.25269917 -0.66198838]"
1746810082.799627,"[ 0.          0.59045277  0.84649647 -3.13817795 -1.9203546   1.38169005
  1.49388903  1.569475  ]","[ 0.00000000e+00  0.00000000e+00  1.78264326e-02 -7.58216929e-06
  3.19952615e-03  0.00000000e+00  9.82158663e-02 -7.46934519e-05]","[ 0.          0.18617485 16.06412697  0.64327508 -1.99341738  0.64621741
  0.22864515 -0.6578154 ]"
1746810082.8014436,"[ 0.          0.59045231  0.84651252 -3.13817795 -1.92034954  1.38169005
  1.4939889   1.569475  ]","[ 0.00000000e+00 -2.04104928e-05  1.50319537e-02 -7.58216929e-06
  4.04315291e-03  0.00000000e+00  1.01286549e-01 -7.28598791e-05]","[ 0.          0.15362997 16.06041145  0.67448491 -1.9734931   0.63584584
  0.2230508  -0.6693294 ]"
1746810082.8031847,"[ 0.          0.59045231  0.84653915 -3.13817795 -1.92033808  1.38169005
  1.49419729  1.569475  ]","[ 0.00000000e+00  0.00000000e+00  1.29646791e-02 -7.35964472e-06
  5.44218841e-03  0.00000000e+00  1.02062761e-01 -7.11158938e-05]","[ 0.          0.07094611 15.99512291  0.69341397 -1.977458    0.63197088
  0.20498939 -0.66448694]"
1746810082.8043327,"[ 0.          0.59045231  0.84656531 -3.13817795 -1.92032424  1.38169005
  1.49439996  1.569475  ]","[ 0.00000000e+00  0.00000000e+00  1.30399602e-02 -7.16423493e-06
  7.01897483e-03  0.00000000e+00  1.03177236e-01 -5.17219076e-05]","[ 0.00000000e+00  5.00558130e-03  1.59333220e+01  7.47941077e-01
 -2.03851843e+00  6.50676191e-01  2.15624943e-01 -6.44919932e-01]"
1746810082.8061604,"[ 0.          0.59045231  0.84657776 -3.13817795 -1.92031598  1.38169005
  1.49450741  1.569475  ]","[ 0.00000000e+00  0.00000000e+00  1.26945815e-02 -7.16442795e-06
  7.41211827e-03  0.00000000e+00  1.01310460e-01 -5.05128017e-05]","[ 0.         -0.0462368  15.87209988  0.73921543 -2.09408045  0.65159512
  0.22678287 -0.64867443]"
1746810082.8079765,"[ 0.          0.59045184  0.84660393 -3.13817795 -1.9202976   1.38169005
  1.4946977   1.569475  ]","[ 0.00000000e+00 -1.65598872e-05  1.40450684e-02 -6.97929922e-06
  8.65151183e-03  0.00000000e+00  9.44383304e-02 -4.90995781e-05]","[ 0.         -0.11993237 15.7830143   0.72234726 -2.18790746  0.69282925
  0.24621435 -0.65946662]"
1746810082.809667,"[ 0.          0.59045184  0.84661771 -3.13817795 -1.92028748  1.38169005
  1.49478611  1.56947407]","[ 0.00000000e+00 -1.60668524e-05  1.40450684e-02 -6.79031408e-06
  9.49271287e-03  0.00000000e+00  8.96723623e-02 -6.75119220e-05]","[ 0.         -0.14407608 15.78028679  0.76232576 -2.23768497  0.69950551
  0.24415889 -0.64297467]"
1746810082.8108428,"[ 0.          0.59045138  0.8466494  -3.13817795 -1.92026538  1.38169005
  1.49495363  1.56947407]","[ 0.00000000e+00 -3.89203097e-05  1.59357516e-02 -6.62362523e-06
  1.16024244e-02  0.00000000e+00  7.91385615e-02 -6.63513241e-05]","[ 0.         -0.18275924 15.67195415  0.74496055 -2.32417226  0.72046399
  0.26656666 -0.64247364]"
1746810082.81317,"[ 0.          0.59045138  0.84668243 -3.13817795 -1.92023848  1.38169005
  1.49509158  1.56947407]","[ 0.00000000e+00 -5.30766957e-05  1.67460433e-02 -6.47703170e-06
  1.37922658e-02  0.00000000e+00  6.75243704e-02 -6.45757113e-05]","[ 0.         -0.23617162 15.59959221  0.74017513 -2.38551188  0.74462992
  0.287599   -0.63608807]"
1746810082.8149054,"[ 0.          0.59045138  0.84671638 -3.13817795 -1.92020706  1.38169005
  1.49521901  1.56947407]","[ 0.00000000e+00 -6.80921844e-05  1.67460433e-02  0.00000000e+00
  1.64759457e-02  0.00000000e+00  6.09367377e-02 -6.30985663e-05]","[ 0.         -0.30736908 15.51095772  0.70630306 -2.47623968  0.75611472
  0.32521579 -0.6426037 ]"
1746810082.816626,"[ 0.          0.59045091  0.84673203 -3.13817795 -1.92018975  1.38169005
  1.49527507  1.56947407]","[ 0.00000000e+00 -7.35964502e-05  1.59357516e-02  0.00000000e+00
  1.75563360e-02  0.00000000e+00  5.67204709e-02 -6.32020272e-05]","[ 0.         -0.32171479 15.47133541  0.66555208 -2.52386665  0.76570576
  0.31481668 -0.64720154]"
1746810082.8178494,"[ 0.          0.59045091  0.84676419 -3.13817795 -1.92015113  1.38169112
  1.49537507  1.56947407]","[ 0.00000000e+00 -6.44815847e-05  1.53955564e-02  0.00000000e+00
  1.91963897e-02  1.29065074e-05  4.83474467e-02 -6.18842631e-05]","[ 0.         -0.38529223 15.43759537  0.63720006 -2.56489253  0.77698916
  0.28881595 -0.66489834]"
1746810082.819578,"[ 0.          0.59045051  0.84679355 -3.13817848 -1.92011118  1.38169112
  1.49546256  1.56947407]","[ 0.00000000e+00 -5.73169637e-05  1.45704862e-02 -1.12879287e-05
  2.05274085e-02  0.00000000e+00  4.15950101e-02 -6.05276422e-05]","[ 0.         -0.42152777 15.38223553  0.57694447 -2.60011601  0.77263367
  0.29291084 -0.6697771 ]"
1746810082.8207,"[ 0.          0.59045004  0.84680733 -3.13817848 -1.92011118  1.38169112
  1.49550064  1.56947407]","[ 0.00000000e+00 -6.97929933e-05  1.40450684e-02 -1.12881685e-05
  2.05274085e-02  0.00000000e+00  3.86239376e-02 -5.93191703e-05]","[ 0.         -0.4498781  15.38511753  0.56080979 -2.60011601  0.79216784
  0.30072275 -0.64155203]"
1746810082.8224716,"[ 0.          0.59044958  0.84683349 -3.13817901 -1.92007044  1.38169112
  1.49556908  1.56947407]","[ 0.00000000e+00 -8.14837730e-05  1.24244839e-02 -2.20793918e-05
  1.94470181e-02  0.00000000e+00  3.29518914e-02 -5.93179675e-05]","[ 0.         -0.51410908 15.37579346  0.48452383 -2.62888551  0.82159841
  0.34090415 -0.64660174]"
1746810082.8241215,"[ 0.          0.59044958  0.84684501 -3.13817901 -1.92005153  1.38169112
  1.49559758  1.56947407]","[ 0.00000000e+00 -7.94854838e-05  1.16141912e-02 -2.16367636e-05
  1.91574909e-02  0.00000000e+00  2.88711484e-02 -3.77477971e-05]","[ 0.         -0.54604894 15.37248039  0.44542205 -2.62990308  0.81557053
  0.35069957 -0.64232069]"
1746810082.825936,"[ 0.          0.59044958  0.84686838 -3.13817955 -1.92001744  1.38169112
  1.49565084  1.56947407]","[ 0.00000000e+00 -9.03444647e-05  1.10739970e-02 -3.24551464e-05
  1.59196051e-02  0.00000000e+00  2.50768450e-02 -3.70089097e-05]","[ 0.         -0.58514446 15.38381863  0.3743743  -2.65993261  0.84179384
  0.32271749 -0.64468068]"
1746810082.827088,"[ 0.          0.59044911  0.84687897 -3.13817955 -1.92000332  1.38169112
  1.49567468  1.56947407]","[ 0.00000000e+00 -1.03441304e-04  1.08038994e-02 -3.18179359e-05
  1.43151660e-02  0.00000000e+00  2.43087727e-02 -3.69538877e-05]","[ 0.         -0.6224547  15.35167217  0.32741454 -2.64746404  0.85630453
  0.3164418  -0.65666819]"
1746810082.8288538,"[ 0.          0.59044865  0.84690101 -3.13818035 -1.91997802  1.38169112
  1.49572035  1.56947407]","[ 0.00000000e+00 -1.04885301e-04  1.13440936e-02 -4.68078926e-05
  1.17861180e-02  0.00000000e+00  2.21479940e-02 -3.62447544e-05]","[ 0.         -0.68035543 15.31192207  0.23234975 -2.58598471  0.86059195
  0.3207297  -0.65068537]"
1746810082.83062,"[ 0.          0.59044818  0.84692577 -3.13818141 -1.91995912  1.38169112
  1.49576696  1.56947407]","[ 0.00000000e+00 -1.04700949e-04  1.24118953e-02 -6.50100395e-05
  8.90418548e-03  0.00000000e+00  2.32283823e-02 -3.56146431e-05]","[ 0.         -0.683882   15.26390171  0.14962406 -2.52113509  0.84278333
  0.35950291 -0.63866556]"
1746810082.832362,"[ 0.          0.59044818  0.84693869 -3.13818168 -1.91995139  1.38169112
  1.49578973  1.56947407]","[ 0.00000000e+00 -1.02366742e-04  1.29778409e-02 -6.87381399e-05
  7.83282698e-03  0.00000000e+00  2.32048487e-02 -3.55630062e-05]","[ 0.         -0.70999461 15.24946976  0.12780967 -2.47572899  0.81713599
  0.36726749 -0.64792454]"
1746810082.8341255,"[ 0.          0.59044771  0.84696898 -3.13818354 -1.91993861  1.38169112
  1.49584499  1.56947407]","[ 0.00000000e+00 -1.11914850e-04  1.55476447e-02 -9.93557962e-05
  6.01844290e-03  0.00000000e+00  2.91705272e-02 -3.55630062e-05]","[ 0.         -0.74965751 15.19227409  0.05000744 -2.40425515  0.80763614
  0.34530309 -0.64160752]"
1746810082.8358505,"[ 0.          0.59044725  0.84700527 -3.13818487 -1.91993035  1.38169112
  1.4959125   1.56947407]","[ 0.00000000e+00 -1.21055398e-04  1.94470181e-02 -1.18846229e-04
  3.51126711e-03  0.00000000e+00  3.41676535e-02 -3.49057740e-05]","[ 0.         -0.7977041  15.07904625 -0.01559761 -2.32131219  0.7562989
  0.33924672 -0.65194541]"
1746810082.8374524,"[ 0.          0.59044678  0.84702817 -3.13818594 -1.91992716  1.38169112
  1.49594965  1.56947407]","[ 0.00000000e+00 -1.26819946e-04  2.15457992e-02 -1.34848148e-04
  3.24116978e-03  0.00000000e+00  3.78136459e-02 -3.42730253e-05]","[ 0.         -0.82872558 15.0006609  -0.05432585 -2.29643822  0.75138044
  0.34373689 -0.65170693]"
1746810082.8392682,"[ 0.          0.59044632  0.84707731 -3.13818807 -1.91992236  1.38169112
  1.49604193  1.56947407]","[ 0.00000000e+00 -1.35237332e-04  2.56332625e-02 -1.65100692e-04
  1.89068235e-03 -1.85324169e-05  4.34856922e-02 -3.36172825e-05]","[ 0.         -0.85575628 14.77614594 -0.13235208 -2.22522902  0.75397545
  0.3595776  -0.6664114 ]"
1746810082.8403971,"[ 0.          0.59044592  0.84712877 -3.13819047 -1.91991917  1.38169112
  1.4961398   1.56947407]","[ 0.00000000e+00 -1.40638962e-04  2.59293582e-02 -1.97838669e-04
  1.62058489e-03 -2.64548924e-05  5.18587164e-02 -3.30299920e-05]","[ 0.         -0.91037315 14.60930157 -0.20988238 -2.11772013  0.73526794
  0.35708749 -0.67029226]"
1746810082.842181,"[ 0.          0.59044545  0.84715587 -3.1381918  -1.91991784  1.38169112
  1.49619879  1.56947407]","[ 0.00000000e+00 -1.50759186e-04  2.55783827e-02 -2.15268493e-04
  1.30037163e-03 -2.64748795e-05  5.56705988e-02 -3.30294068e-05]","[ 0.         -0.92164534 14.50526333 -0.22529399 -2.08984184  0.73858333
  0.36383116 -0.66074944]"
1746810082.8439128,"[ 0.          0.59044545  0.84720268 -3.13819473 -1.91991571  1.38169112
  1.49631876  1.56947407]","[ 0.00000000e+00 -1.48483698e-04  2.32048487e-02 -2.53049100e-04
  1.14072799e-03 -2.64548924e-05  6.18523200e-02 -3.30294068e-05]","[ 0.         -0.9219777  14.31065941 -0.26995084 -1.98861432  0.74655616
  0.35770246 -0.65170842]"
1746810082.8456504,"[ 0.          0.59044498  0.84724589 -3.13819739 -1.91991331  1.38169112
  1.49645192  1.56947407]","[ 0.00000000e+00 -1.47976066e-04  2.05274085e-02 -2.93215629e-04
  1.05297970e-03 -1.85324169e-05  6.53889979e-02 -3.24623046e-05]","[ 0.         -0.94729316 14.17559528 -0.27761844 -1.94471657  0.7230987
  0.35828897 -0.64468604]"
1746810082.8474333,"[ 0.          0.59044452  0.8472817  -3.13820005 -1.91991091  1.38169112
  1.49658694  1.56947407]","[ 0.00000000e+00 -1.57951330e-04  1.78264326e-02 -4.31033045e-04
  1.11696396e-03 -1.05819570e-05  6.94150525e-02 -1.82130741e-05]","[ 0.         -0.97492266 14.09221363 -0.27555394 -1.93838036  0.72353774
  0.37507647 -0.64416045]"
1746810082.8491292,"[ 0.          0.59044452  0.84729868 -3.13820192 -1.91991011  1.38169112
  1.49665832  1.56947407]","[ 0.00000000e+00 -1.55026843e-04  1.72862385e-02 -5.97255226e-04
  1.10047980e-03 -1.05819570e-05  7.23861249e-02 -1.82130741e-05]","[ 0.         -0.98013693 14.09808159 -0.26333529 -1.95347357  0.72410083
  0.38054237 -0.63236541]"
1746810082.8503323,"[ 0.          0.59044359  0.84733217 -3.13820511 -1.91990878  1.38169112
  1.49673635  1.56947407]","[ 0.00000000e+00 -1.66935484e-04  1.61894291e-02 -1.17903473e-03
  9.77632977e-04  0.00000000e+00  7.34751581e-02 -1.79111298e-05]","[ 0.         -0.98924822 14.05614948 -0.24657615 -2.01094079  0.74883735
  0.37139142 -0.65126359]"
1746810082.8521106,"[ 0.          0.59044312  0.84734875 -3.13820644 -1.91990878  1.38169112
  1.49681238  1.56947407]","[ 0.00000000e+00 -1.72885757e-04  1.67460433e-02 -1.39669678e-03
  7.55443679e-04  0.00000000e+00  7.72478753e-02 -1.76190338e-05]","[ 0.         -0.97439027 14.0532732  -0.26023871 -2.0472765   0.76194614
  0.37117442 -0.65271717]"
1746810082.853214,"[ 0.          0.59044312  0.84738364 -3.13820964 -1.91990825  1.38169112
  1.4969779   1.56947407]","[ 0.00000000e+00 -1.70094558e-04  1.73030237e-02 -1.49075461e-03
  4.38813819e-04  1.05900569e-05  8.14997534e-02 -1.73360303e-05]","[ 0.         -0.96504718 14.03901482 -0.23786311 -2.11125517  0.76543087
  0.36150408 -0.65189666]"
1746810082.855009,"[ 0.          0.59044265  0.84740108 -3.13821124 -1.91990825  1.38169112
  1.49705792  1.56947407]","[ 0.00000000e+00 -1.76223941e-04  1.78264326e-02 -1.49075461e-03
  3.11013133e-04  1.05819570e-05  8.10292395e-02 -1.73146168e-05]","[ 0.         -0.97134948 14.04057312 -0.22532482 -2.15985298  0.7694276
  0.35694528 -0.65505266]"
1746810082.8567562,"[ 0.          0.59044265  0.8474387  -3.1382139  -1.91990825  1.38169112
  1.49721678  1.56947407]","[ 0.00000000e+00 -1.73249308e-04  1.88876669e-02 -1.49075461e-03
  8.88757274e-05  2.11641232e-05  8.10292395e-02 -1.70415043e-05]","[ 0.         -0.9707706  14.06110764 -0.22076374 -2.23825836  0.82707477
  0.35982269 -0.66546851]"
1746810082.859111,"[ 0.          0.59044172  0.84747638 -3.1382163  -1.91990825  1.38169112
  1.49737844  1.56947407]","[ 0.00000000e+00 -1.85229632e-04  1.80965312e-02 -1.46671022e-03
  7.54971222e-05  2.91003827e-05  7.90583754e-02 -1.67972447e-05]","[ 0.         -0.98532528 14.10872555 -0.20709735 -2.26702857  0.84598571
  0.37462357 -0.64867032]"
1746810082.8608716,"[ 0.          0.59044132  0.84750987 -3.1382179  -1.91990825  1.38169112
  1.49753157  1.56947407]","[ 0.00000000e+00 -1.86365360e-04  1.62058481e-02 -1.32256312e-03
  0.00000000e+00  2.91003827e-05  7.80581670e-02 -1.67768746e-05]","[ 0.         -0.95104992 14.1535635  -0.16525775 -2.28907394  0.84982222
  0.37010425 -0.62363613]"
1746810082.8625996,"[ 0.          0.59044039  0.84753883 -3.13821976 -1.91990825  1.38169112
  1.49769242  1.56947407]","[ 0.00000000e+00 -1.93168320e-04  1.35287585e-02 -1.20222153e-03
  0.00000000e+00  3.70648338e-05  7.91385615e-02 -1.65203377e-05]","[ 0.         -0.93556798 14.25591183 -0.12767695 -2.32065129  0.85280979
  0.32648402 -0.63498896]"
1746810082.8643596,"[ 0.          0.59044039  0.84755028 -3.13822083 -1.91990825  1.38169112
  1.49776939  1.56947407]","[ 0.00000000e+00 -1.89986847e-04  1.16141912e-02 -1.13850852e-03
  0.00000000e+00  3.70368514e-05  7.79790794e-02 -1.62526612e-05]","[ 0.         -0.90302145 14.32230854 -0.11010381 -2.31658053  0.84405452
  0.30792302 -0.65519267]"
1746810082.8660772,"[ 0.          0.59044039  0.84756913 -3.13822269 -1.91990825  1.38169112
  1.49792931  1.56947407]","[ 0.00000000e+00 -1.86073118e-04  8.91321630e-03 -1.02000474e-03
  0.00000000e+00  2.91000901e-05  7.83282698e-02 -1.60298609e-05]","[ 0.         -0.92115992 14.54708672 -0.09687611 -2.31703401  0.81094033
  0.31946519 -0.66091925]"
1746810082.8679256,"[ 0.          0.59043992  0.84758291 -3.13822455 -1.91990825  1.38169112
  1.49808244  1.56947407]","[ 0.00000000e+00 -1.84557242e-04  5.94214437e-03 -9.48841579e-04
  0.00000000e+00  2.91003827e-05  7.83282698e-02 -1.57777218e-05]","[ 0.         -0.90110886 14.77518368 -0.05086297 -2.37669778  0.80788559
  0.30533347 -0.65104866]"
1746810082.869655,"[ 0.          0.59043946  0.84759163 -3.13822615 -1.91990878  1.38169112
  1.49824982  1.56947407]","[ 0.00000000e+00 -1.89548833e-04  4.32155961e-03 -8.77678482e-04
 -3.12046522e-05  2.91003827e-05  8.29199257e-02 -1.55508517e-05]","[ 0.         -0.90009385 14.94560432 -0.02423824 -2.42724562  0.81652403
  0.27625152 -0.63959396]"
1746810082.8713586,"[ 0.          0.59043899  0.84759483 -3.13822722 -1.91990905  1.38169112
  1.49833265  1.56947407]","[ 0.00000000e+00 -1.97443763e-04  3.00922145e-03 -9.13688373e-04
 -4.70163178e-05  2.11639139e-05  8.40003119e-02 -1.55508517e-05]","[ 0.00000000e+00 -9.04517472e-01  1.50620441e+01  6.53377734e-03
 -2.44666958e+00  8.13009441e-01  2.35205680e-01 -6.37801409e-01]"
1746810082.8725336,"[ 0.          0.59043899  0.84760035 -3.13822961 -1.91990905  1.38169112
  1.49851054  1.56947407]","[ 0.00000000e+00 -1.94598712e-04  2.83602339e-03 -9.59383367e-04
 -4.42532597e-05  2.11641232e-05  8.77689595e-02 -1.53132240e-05]","[ 0.         -0.90410417 15.25799465  0.03081465 -2.47735214  0.84192932
  0.18784229 -0.6446467 ]"
1746810082.87427,"[ 0.          0.59043853  0.84760222 -3.13823041 -1.91990878  1.38169112
  1.49859989  1.56947407]","[ 0.00000000e+00 -2.02382655e-04  2.16077981e-03 -9.48246724e-04
 -2.79729117e-05  2.11639139e-05  9.07527485e-02 -1.53299724e-05]","[ 0.         -0.913481   15.36591434  0.02914736 -2.50194502  0.85025603
  0.19123131 -0.62908709]"
1746810082.8760335,"[ 0.          0.59043806  0.84760721 -3.13823228 -1.91990905  1.38169112
  1.49878445  1.56947407]","[ 0.00000000e+00 -2.07181222e-04  2.28220786e-03 -9.48318570e-04
 -4.17925584e-05  2.11639139e-05  9.45341127e-02 -1.51154944e-05]","[ 0.         -0.90785855 15.62073803  0.08205011 -2.52316689  0.87151814
  0.21271953 -0.62732726]"
1746810082.877787,"[ 0.          0.59043719  0.84761367 -3.13823414 -1.91990958  1.38169205
  1.49898326  1.56947407]","[ 0.00000000e+00 -2.12420842e-04  2.65943787e-03 -9.48824674e-04
 -6.62379032e-05  2.91006692e-05  9.82158663e-02 -1.48910970e-05]","[ 0.         -0.89529413 15.82058144  0.11286869 -2.55170798  0.88171273
  0.21311368 -0.62400174]"
1746810082.8801003,"[ 0.          0.59043673  0.84762239 -3.13823494 -1.91990958  1.38169205
  1.4991774   1.56947407]","[ 0.00000000e+00 -2.13208753e-04  3.33498509e-03 -9.34999578e-04
 -6.33663535e-05  2.11957060e-05  9.83154852e-02 -1.46730643e-05]","[ 0.         -0.88364661 15.9799242   0.16168925 -2.6021173   0.86322564
  0.16933048 -0.64193302]"
1746810082.8812304,"[ 0.          0.59043673  0.84762792 -3.13823547 -1.91990958  1.38169205
  1.49927061  1.56947407]","[ 0.00000000e+00 -2.10345952e-04  4.14789472e-03 -9.17358087e-04
 -6.03207490e-05  2.11959173e-05  9.45341127e-02 -1.47192894e-05]","[ 0.         -0.86733288 16.05208969  0.17355981 -2.61480999  0.86801559
  0.15630241 -0.6450727 ]"
1746810082.8829768,"[ 0.          0.59043626  0.84764303 -3.13823627 -1.91990958  1.38169205
  1.49944851  1.56947407]","[ 0.00000000e+00 -2.10128465e-04  7.02016077e-03 -8.46736009e-04
 -6.03180183e-05  1.06059783e-05  8.40003119e-02  0.00000000e+00]","[ 0.         -0.86144185 16.15207672  0.22221707 -2.64564323  0.87322414
  0.17050186 -0.66048414]"
1746810082.8847823,"[ 0.          0.59043533  0.84766467 -3.13823787 -1.91991011  1.38169205
  1.49960257  1.56947407]","[ 0.00000000e+00 -2.18748824e-04  1.16141912e-02 -8.64376330e-04
 -7.75204923e-05  1.05979587e-05  7.17197770e-02  0.00000000e+00]","[ 0.         -0.86418867 16.18305779  0.25383839 -2.6947279   0.8664903
  0.22604744 -0.64115012]"
1746810082.8865201,"[ 0.          0.5904344   0.84769356 -3.13823867 -1.91991011  1.38169205
  1.49973014  1.56947407]","[ 0.00000000e+00 -2.26710479e-04  1.56656540e-02 -7.78266306e-04
 -7.72762744e-05  1.06059783e-05  6.18523200e-02  0.00000000e+00]","[ 0.         -0.84261662 16.10418701  0.28458136 -2.71224952  0.86822999
  0.24614307 -0.63959444]"
1746810082.8882227,"[ 0.          0.5904344   0.84771287 -3.1382392  -1.91991011  1.38169205
  1.49978433  1.56947407]","[ 0.00000000e+00 -2.22893645e-04  1.80383432e-02 -7.45194930e-04
 -7.75204923e-05  1.05979587e-05  5.50998833e-02  0.00000000e+00]","[ 0.         -0.82470906 16.02626991  0.30085942 -2.73104954  0.88699859
  0.20913655 -0.64273721]"
1746810082.8900251,"[ 0.          0.59043393  0.84775741 -3.13824    -1.91991011  1.38169298
  1.49987848  1.56947407]","[ 0.00000000e+00 -2.33099432e-04  2.37444946e-02 -6.45795498e-04
 -7.42418490e-05  1.85464284e-05  4.24053018e-02  0.00000000e+00]","[ 0.         -0.85456711 15.810462    0.33931673 -2.71973228  0.90706056
  0.18547688 -0.65678877]"
1746810082.8917794,"[ 0.          0.590433    0.8478134  -3.13824107 -1.91991011  1.38169298
  1.49994599  1.56947407]","[ 0.00000000e+00 -2.42982533e-04  2.80860672e-02 -6.12677764e-04
 -7.14367280e-05  1.85184257e-05  3.18715031e-02  0.00000000e+00]","[ 0.         -0.86233824 15.58003998  0.35415    -2.62651587  0.91321135
  0.21389849 -0.64590144]"
1746810082.8935046,"[ 0.          0.5904326   0.84787266 -3.13824186 -1.91991011  1.38169298
  1.49999366  1.56947407]","[ 0.00000000e+00 -2.46226278e-04  3.02509176e-02 -5.46476299e-04
 -7.14339891e-05  1.85464284e-05  2.05274085e-02  0.00000000e+00]","[ 0.         -0.86851001 15.30723381  0.36054072 -2.55757022  0.88408637
  0.24452475 -0.64255702]"
1746810082.8952456,"[ 0.          0.5904326   0.84790249 -3.1382424  -1.91991011  1.38169298
  1.50000977  1.56947407]","[ 0.00000000e+00 -2.41847910e-04  3.02202662e-02 -5.13356517e-04
 -6.88333190e-05  1.85464284e-05  1.62058481e-02  0.00000000e+00]","[ 0.         -0.86354917 15.1527071   0.35855183 -2.49488258  0.87788445
  0.25402874 -0.63508916]"
1746810082.896937,"[ 0.          0.59043213  0.84796128 -3.13824373 -1.91991011  1.38169298
  1.50003068  1.56947407]","[ 0.00000000e+00 -2.45548118e-04  2.80860672e-02 -5.13324593e-04
 -4.91684735e-05  1.85464284e-05  8.64311923e-03  0.00000000e+00]","[ 0.         -0.85694504 14.89250946  0.35936072 -2.40989804  0.82930523
  0.2529684  -0.63256299]"
1746810082.8980844,"[ 0.          0.59043213  0.84798698 -3.13824426 -1.91991011  1.38169298
  1.50003827  1.56947407]","[ 0.00000000e+00 -2.37874738e-04  2.59293582e-02 -5.14876749e-04
 -4.74412345e-05  1.85464284e-05  7.02151680e-03  0.00000000e+00]","[ 0.         -0.81841427 14.75189018  0.35991591 -2.38393807  0.81683582
  0.24155337 -0.65230888]"
1746810082.8997762,"[ 0.          0.59043167  0.84803518 -3.13824559 -1.91991011  1.38169205
  1.50004586  1.56947407]","[ 0.00000000e+00 -2.45548118e-04  2.37444946e-02 -5.28783833e-04
 -3.79516344e-05  2.11959173e-05  2.70097486e-03  0.00000000e+00]","[ 0.         -0.7990849  14.52735996  0.3652072  -2.28988934  0.79888046
  0.25689894 -0.65173644]"
1746810082.9015377,"[ 0.          0.59043167  0.84808252 -3.13824692 -1.91990958  1.38169205
  1.50004879  1.56947407]","[ 0.00000000e+00 -2.34543089e-04  2.32283823e-02 -5.43123779e-04
 -1.83318610e-05  2.11959173e-05  1.00213022e-03  0.00000000e+00]","[ 0.         -0.77302152 14.34764194  0.33180618 -2.20713067  0.77001935
  0.28253493 -0.63972396]"
1746810082.9026845,"[ 0.          0.59043167  0.84810502 -3.13824799 -1.91990958  1.38169205
  1.50005065  1.56947407]","[ 0.00000000e+00 -2.34286818e-04  2.26881871e-02 -5.66201702e-04
 -1.76854341e-05  2.11959173e-05  1.89260183e-03  0.00000000e+00]","[ 0.         -0.76024127 14.24474525  0.32377023 -2.14286661  0.76676071
  0.2803334  -0.64095366]"
1746810082.9044085,"[ 0.          0.5904312   0.84815136 -3.13825012 -1.91990958  1.38169205
  1.50005638  1.56947407]","[ 0.00000000e+00 -2.31057475e-04  2.24180906e-02 -6.10024811e-04
 -2.56871794e-05  2.11959173e-05  2.96956636e-03  0.00000000e+00]","[ 0.         -0.72945446 14.09924793  0.26290238 -2.07124329  0.74740088
  0.30154794 -0.63156265]"
1746810082.9061706,"[ 0.          0.5904312   0.84817253 -3.13825119 -1.91990958  1.38169205
  1.50006117  1.56947407]","[ 0.00000000e+00 -2.31303473e-04  2.16077989e-02 -6.29249635e-04
 -2.56880044e-05  2.11959173e-05  3.50993214e-03  0.00000000e+00]","[ 0.         -0.70676219 14.03881741  0.2253608  -2.06277895  0.76225185
  0.28789696 -0.63267648]"
1746810082.9079294,"[ 0.          0.59043074  0.84821201 -3.13825332 -1.91990958  1.38169205
  1.50007062  1.56947407]","[ 0.00000000e+00 -2.32105884e-04  1.91769216e-02 -6.61389490e-04
 -1.65985916e-05  2.11959173e-05  3.98915706e-03  0.00000000e+00]","[ 0.         -0.6451444  13.98616409  0.20957153 -1.98552835  0.74199778
  0.30619988 -0.64466763]"
1746810082.9096725,"[ 0.          0.59043074  0.84823039 -3.13825465 -1.91990958  1.38169205
  1.50007635  1.56947407]","[ 0.00000000e+00 -2.24852573e-04  1.73030237e-02 -7.04162029e-04
 -1.65985916e-05  2.11959173e-05  4.26603505e-03  0.00000000e+00]","[ 0.         -0.64142877 13.95478821  0.20344849 -1.94136465  0.75539291
  0.31366396 -0.64120495]"
1746810082.9113812,"[ 0.          0.59043027  0.84825835 -3.13825838 -1.91990905  1.38169205
  1.50008967  1.56947407]","[ 0.00000000e+00 -2.28793902e-04  1.29646791e-02 -8.56515844e-04
  1.60663678e-05  2.12119566e-05  5.28479871e-03  0.00000000e+00]","[ 0.         -0.5844959  13.9945097   0.16850789 -1.88553905  0.75800854
  0.34183398 -0.64455181]"
1746810082.9125307,"[ 0.          0.5904298   0.84827813 -3.13826264 -1.91990905  1.38169205
  1.50010298  1.56947407]","[ 0.00000000e+00 -2.25805242e-04  8.26757450e-03 -1.11632145e-03
  1.56023261e-05  2.11959173e-05  6.48902866e-03  0.00000000e+00]","[ 0.         -0.5120855  14.06779289  0.15557042 -1.85864699  0.73514915
  0.33776057 -0.62797219]"
1746810082.9142992,"[ 0.          0.5904298   0.84828778 -3.13826663 -1.91990905  1.38169112
  1.50011443  1.56947407]","[ 0.00000000e+00 -2.22896554e-04  3.78136470e-03 -1.51037644e-03
  1.51647703e-05  1.06059783e-05  6.27752686e-03  0.00000000e+00]","[ 0.         -0.47636923 14.28019524  0.12480193 -1.86286902  0.71635127
  0.3057881  -0.62277985]"
1746810082.9160244,"[ 0.          0.5904298   0.84828958 -3.13826903 -1.91990905  1.38169112
  1.50011923  1.56947407]","[ 0.00000000e+00 -2.15931032e-04  1.89068235e-03 -1.70715453e-03
  1.47196968e-05  1.05979587e-05  5.90395246e-03  0.00000000e+00]","[ 0.         -0.44822383 14.4063673   0.13092647 -1.88769031  0.70642543
  0.30757311 -0.6342656 ]"
1746810082.9177945,"[ 0.          0.59042934  0.84828911 -3.13827409 -1.91990958  1.38169112
  1.50012868  1.56947407]","[ 0.         -0.00021571 -0.00100307 -0.00215366  0.          0.
  0.00510612  0.        ]","[ 0.         -0.40301996 14.63918495  0.16221118 -1.93138874  0.69388384
  0.30382019 -0.62522143]"
1746810082.919538,"[ 0.          0.59042934  0.84828825 -3.13827995 -1.91990958  1.38169112
  1.5001372   1.56947407]","[ 0.         -0.00020671 -0.00040494 -0.00245366  0.          0.
  0.00457423  0.        ]","[ 0.         -0.37401375 14.88846016  0.19658101 -2.04518628  0.70966953
  0.28594628 -0.62143308]"
1746810082.9206402,"[ 0.          0.59042887  0.84828911 -3.13828288 -1.91990958  1.38169112
  1.50014013  1.56947407]","[ 0.         -0.00021318  0.00039011 -0.00260465  0.          0.
  0.00414955  0.        ]","[ 0.         -0.36267367 14.97714043  0.19553193 -2.06166673  0.73765182
  0.28074393 -0.63282353]"
1746810082.9230328,"[ 0.          0.59042887  0.84829098 -3.13828953 -1.91991011  1.38169112
  1.50014386  1.56947407]","[ 0.00000000e+00 -2.10295969e-04  6.62477901e-04 -2.97733686e-03
 -1.26506948e-05  0.00000000e+00  2.98642879e-03  0.00000000e+00]","[ 0.         -0.29051352 15.16575718  0.18303759 -2.15001464  0.78294533
  0.27872527 -0.61158168]"
1746810082.9242113,"[ 0.          0.59042887  0.84829144 -3.13829433 -1.91991011  1.38169205
  1.50014586  1.569475  ]","[ 0.00000000e+00 -2.03512239e-04  6.38392613e-04 -3.51045801e-03
 -1.26279007e-05  1.06060839e-05  2.44668302e-03  1.05979587e-05]","[ 0.         -0.28939793 15.25117302  0.20408069 -2.18844342  0.81065625
  0.27429414 -0.61575979]"
1746810082.9259255,"[ 0.          0.59042887  0.84829284 -3.13830578 -1.91991011  1.38169205
  1.50014866  1.569475  ]","[ 0.00000000e+00 -2.00988234e-04  7.45983475e-04 -4.90233653e-03
 -1.23394468e-05  1.05979587e-05  1.67659163e-03  1.05979587e-05]","[ 0.         -0.240786   15.38898563  0.21670714 -2.26662469  0.83263105
  0.26337692 -0.60828495]"
1746810082.9276624,"[ 0.          0.59042841  0.84829417 -3.13831803 -1.91991065  1.38169205
  1.50014959  1.569475  ]","[ 0.00000000e+00 -2.05529197e-04  7.25033123e-04 -6.21014212e-03
 -1.20638767e-05  1.05980643e-05  1.17015267e-03  1.05978530e-05]","[ 0.         -0.23819761 15.53569698  0.27970645 -2.35146117  0.85935944
  0.23941    -0.61380762]"
1746810082.9288402,"[ 0.          0.59042841  0.8482951  -3.13832602 -1.91991065  1.38169205
  1.50015052  1.569475  ]","[ 0.00000000e+00 -1.98523607e-04  7.35587524e-04 -7.02200678e-03
 -1.17805105e-05  1.05979587e-05  9.57397699e-04  1.05980643e-05]","[ 0.         -0.21736409 15.61995792  0.29921448 -2.39709187  0.86755598
  0.23544566 -0.62783664]"
1746810082.9305968,"[ 0.          0.59042801  0.84829743 -3.1383428  -1.91991091  1.38169205
  1.50015145  1.569475  ]","[ 0.00000000e+00 -2.02469601e-04  8.24508107e-04 -8.50807043e-03
 -1.72932542e-05  1.05979587e-05  5.31887593e-04  1.05979587e-05]","[ 0.         -0.20143493 15.75476837  0.36192515 -2.44539189  0.84021544
  0.20235392 -0.63704067]"
1746810082.932287,"[ 0.          0.59042801  0.84829923 -3.13835265 -1.91991091  1.38169205
  1.50015145  1.569475  ]","[ 0.00000000e+00 -2.00050861e-04  9.04208924e-04 -9.31836320e-03
 -1.72932542e-05  1.05979587e-05  3.72321299e-04  1.05979587e-05]","[ 0.         -0.19230488 15.76584339  0.4157638  -2.4749589   0.85463351
  0.16774496 -0.63686812]"
1746810082.9340746,"[ 0.          0.59042801  0.84830196 -3.13837689 -1.91991091  1.38169205
  1.50015252  1.569475  ]","[ 0.00000000e+00 -1.87146624e-04  9.93552062e-04 -1.26945815e-02
 -1.69322527e-05  1.05979587e-05  4.82774767e-04  1.05979587e-05]","[ 0.         -0.16626342 15.82810974  0.52730972 -2.50282979  0.8377443
  0.15223882 -0.62994099]"
1746810082.9358363,"[ 0.          0.59042754  0.84830569 -3.13840618 -1.91991145  1.38169205
  1.50015252  1.569475  ]","[ 0.00000000e+00 -1.85272268e-04  1.11961308e-03 -1.53955564e-02
 -2.76427839e-05  1.05980643e-05  1.77751455e-04  1.06060839e-05]","[ 0.         -0.16738798 15.80918121  0.59798038 -2.52776837  0.84263229
  0.1434731  -0.62564737]"
1746810082.9375331,"[ 0.          0.59042707  0.84830795 -3.13844533 -1.91991145  1.38169205
  1.50015252  1.569475  ]","[ 0.00000000e+00 -1.89420746e-04  1.12898135e-03 -1.99872133e-02
 -2.70459540e-05  1.05979587e-05  1.50994244e-04  1.05979587e-05]","[ 0.         -0.16087723 15.74660778  0.65602559 -2.54029775  0.83637214
  0.1255956  -0.61676896]"
1746810082.939268,"[ 0.          0.59042707  0.84830935 -3.1384669  -1.91991145  1.38169205
  1.50015252  1.569475  ]","[ 0.00000000e+00 -1.89250251e-04  1.18190231e-03 -2.18778954e-02
 -2.65149452e-05  1.05979587e-05  1.50994244e-04  1.06059783e-05]","[ 0.         -0.16801237 15.73319054  0.68849516 -2.52612281  0.84282994
  0.11303945 -0.62032396]"
1746810082.9409897,"[ 0.          0.59042661  0.84831075 -3.1385183  -1.91991145  1.38169205
  1.50015252  1.569475  ]","[ 0.00000000e+00 -1.87230107e-04  1.25244864e-03 -2.58048533e-02
 -2.60043848e-05  1.05980643e-05  0.00000000e+00  1.05979587e-05]","[ 0.         -0.19543114 15.69602013  0.74803513 -2.49480081  0.83036822
  0.08498356 -0.61745661]"
1746810082.9426756,"[ 0.          0.59042614  0.84831162 -3.13857476 -1.91991145  1.38169205
  1.50015252  1.569475  ]","[ 0.00000000e+00 -1.91261422e-04  1.16339815e-03 -2.89004307e-02
 -2.60038768e-05  1.05978530e-05  0.00000000e+00  1.06059783e-05]","[ 0.         -0.18839914 15.62635899  0.80048615 -2.42606187  0.82254314
  0.09602437 -0.62813759]"
1746810082.9438689,"[ 0.          0.59042614  0.84831208 -3.13860432 -1.91991145  1.38169205
  1.50015252  1.569475  ]","[ 0.00000000e+00 -1.91093203e-04  1.10965041e-03 -2.99808189e-02
 -2.54755318e-05  1.05979587e-05  0.00000000e+00  1.05979587e-05]","[ 0.         -0.18246096 15.59647465  0.82885975 -2.39776731  0.82575017
  0.10244704 -0.62480241]"
1746810082.9455142,"[ 0.          0.59042568  0.84831255 -3.13866611 -1.91991145  1.38169205
  1.50015252  1.569475  ]","[ 0.00000000e+00 -1.88937187e-04  9.07964592e-04 -3.07599142e-02
 -2.50043299e-05  1.05979587e-05  0.00000000e+00  1.05979587e-05]","[ 0.         -0.16483516 15.53138256  0.91776347 -2.35286355  0.79025376
  0.10550334 -0.63406688]"
1746810082.9473262,"[ 0.          0.59042568  0.84831255 -3.13869647 -1.91991145  1.38169112
  1.50015252  1.569475  ]","[ 0.00000000e+00 -1.82683569e-04  8.07018498e-04 -3.07911127e-02
 -2.50400657e-05  0.00000000e+00  0.00000000e+00  1.06058726e-05]","[ 0.         -0.14586517 15.4955883   0.93535024 -2.32249832  0.77521622
  0.09673878 -0.61790407]"
1746810082.9490454,"[ 0.          0.59042568  0.84831348 -3.13875852 -1.91991145  1.38169112
  1.50015252  1.569475  ]","[ 0.00000000e+00 -1.80802533e-04  5.81738997e-04 -3.02509176e-02
 -2.45497891e-05  0.00000000e+00  0.00000000e+00  1.05979587e-05]","[ 0.         -0.11931159 15.42998314  0.99529463 -2.28181219  0.70981628
  0.07964832 -0.61916459]"
1746810082.9501941,"[ 0.          0.59042568  0.84831348 -3.1388187  -1.91991145  1.38169112
  1.50015252  1.569475  ]","[ 0.00000000e+00 -1.71762415e-04  4.23684710e-04 -3.07911127e-02
 -2.45493339e-05  0.00000000e+00  0.00000000e+00  1.06059783e-05]","[ 0.         -0.06166012 15.35093498  1.02215159 -2.1805799   0.69387007
  0.07095842 -0.62004769]"
1746810082.951956,"[ 0.          0.59042521  0.84831395 -3.13885253 -1.91991091  1.38169005
  1.50015252  1.569475  ]","[ 0.00000000e+00 -1.71614822e-04  3.42982867e-04 -3.18176344e-02
 -1.44467447e-05 -1.05819570e-05  0.00000000e+00  1.05979587e-05]","[ 0.         -0.02983481 15.33234596  1.01106322 -2.12786484  0.68537122
  0.07466852 -0.61852109]"
1746810082.953676,"[ 0.          0.59042521  0.84831395 -3.13891884 -1.91991065  1.38169005
  1.50015252  1.569475  ]","[ 0.00000000e+00 -1.69865367e-04  2.40719594e-04 -3.40322817e-02
 -9.46245688e-06 -1.05819570e-05  0.00000000e+00  1.05979587e-05]","[ 0.         -0.02400738 15.23980331  1.027439   -2.02735496  0.66781515
  0.09057444 -0.61639923]"
1746810082.9554503,"[ 0.          0.59042521  0.84831395 -3.13898302 -1.91991091  1.38169005
  1.50015252  1.569475  ]","[ 0.00000000e+00 -1.67870419e-04  2.04104933e-04 -3.21415997e-02
 -1.39678717e-05 -1.05820616e-05  0.00000000e+00  1.06059783e-05]","[ 0.          0.03094166 15.20579433  1.02646339 -1.94764638  0.6792953
  0.10155483 -0.61795497]"
1746810082.9572623,"[ 0.          0.59042521  0.84831395 -3.13901605 -1.91991091  1.38169005
  1.50015252  1.569475  ]","[ 0.00000000e+00 -1.67872272e-04  1.81579164e-04 -3.10952894e-02
 -1.37132620e-05 -1.05819570e-05  0.00000000e+00  1.05979587e-05]","[ 0.          0.03892105 15.17958927  1.02872896 -1.91981637  0.67827499
  0.09436894 -0.60936606]"
1746810082.959078,"[ 0.          0.59042521  0.84831441 -3.13907117 -1.91991065  1.38169005
  1.50015252  1.569475  ]","[ 0.00000000e+00 -1.60234831e-04  1.69856492e-04 -2.70097486e-02
 -8.99002882e-06 -1.05819570e-05  0.00000000e+00  1.05979587e-05]","[ 0.          0.04530926 15.12351131  1.00274622 -1.88921416  0.65281075
  0.08445276 -0.6099844 ]"
1746810082.9608889,"[ 0.          0.59042521  0.84831441 -3.13911991 -1.91991065  1.38169005
  1.50015252  1.569475  ]","[ 0.00000000e+00 -1.57319756e-04  1.58763006e-04 -2.37685775e-02
 -1.76631469e-05 -1.05820616e-05  0.00000000e+00  1.05979587e-05]","[ 0.          0.07325264 15.11633396  0.97963029 -1.86907363  0.61745346
  0.10956636 -0.59742212]"
1746810082.9626298,"[ 0.          0.59042521  0.84831441 -3.13914468 -1.91991065  1.38168912
  1.50015252  1.569475  ]","[ 0.00000000e+00 -1.57319756e-04  1.23482331e-04 -2.33214660e-02
 -1.76631469e-05 -2.11637026e-05  0.00000000e+00  1.05979587e-05]","[ 0.          0.08348916 15.0904665   0.96325403 -1.85509562  0.59838295
  0.10899439 -0.60208416]"
1746810082.963823,"[ 0.          0.59042521  0.84831441 -3.13919022 -1.91991065  1.38168912
  1.50015252  1.569475  ]","[ 0.00000000e+00 -1.49878119e-04  1.15912006e-04 -2.29582858e-02
 -1.73790198e-05 -2.11639139e-05  0.00000000e+00  1.06059783e-05]","[ 0.          0.12139272 15.04982948  0.92939472 -1.8593787   0.5915094
  0.11113269 -0.60467261]"
1746810082.9655125,"[ 0.          0.59042521  0.84831441 -3.13923602 -1.91991065  1.38168912
  1.50015252  1.569475  ]","[ 0.00000000e+00 -1.44112011e-04  6.62354325e-05 -2.25691605e-02
 -1.71038896e-05 -2.11639139e-05  0.00000000e+00  1.05980643e-05]","[ 0.          0.15487625 14.99436188  0.88495731 -1.88267481  0.59038907
  0.12967853 -0.60378367]"
1746810082.9672627,"[ 0.          0.59042521  0.84831441 -3.13925813 -1.91991065  1.38168912
  1.50015252  1.569475  ]","[ 0.00000000e+00 -1.44112011e-04  6.62354325e-05 -2.24180906e-02
 -1.68373337e-05 -2.11641232e-05  0.00000000e+00  1.05978530e-05]","[ 0.          0.16384807 15.0029583   0.89350945 -1.91235471  0.58715945
  0.13482384 -0.59651518]"
1746810082.969017,"[ 0.          0.59042521  0.84831441 -3.1393018  -1.91991091  1.38168912
  1.50015252  1.569475  ]","[ 0.00000000e+00 -1.36775477e-04  6.24129617e-05 -2.18778954e-02
 -2.06992160e-05 -2.11641232e-05  0.00000000e+00  1.05979587e-05]","[ 0.          0.19739914 14.95883179  0.85864919 -1.97775555  0.60912597
  0.15074348 -0.57804894]"
1746810082.970715,"[ 0.          0.59042521  0.84831441 -3.13934574 -1.91991091  1.38168912
  1.50015345  1.569475  ]","[ 0.00000000e+00 -1.28332741e-04  2.93785017e-05 -2.13160808e-02
 -2.06992160e-05 -2.11639139e-05  2.78617056e-05  1.05979587e-05]","[ 0.          0.21753944 14.92309189  0.84081054 -2.02528453  0.62262583
  0.16741052 -0.58410883]"
1746810082.9725006,"[ 0.          0.59042521  0.84831441 -3.13936652 -1.91991091  1.38168912
  1.50015345  1.569475  ]","[ 0.00000000e+00 -1.28331368e-04  2.95005375e-05 -2.10676037e-02
 -2.03630496e-05 -2.11639139e-05  2.71605635e-05  1.06058726e-05]","[ 0.          0.21556778 14.88356209  0.82586038 -2.07184696  0.61802793
  0.18472201 -0.58476257]"
1746810082.9742403,"[ 0.          0.59042521  0.84831441 -3.13940646 -1.91991145  1.38168912
  1.50015345  1.569475  ]","[ 0.00000000e+00 -1.22528028e-04  2.78617056e-05 -1.90584026e-02
 -2.81165662e-05 -2.11639139e-05  2.65446770e-05  1.05979587e-05]","[ 0.          0.22995061 14.82439709  0.77891898 -2.14606071  0.65459758
  0.18480231 -0.5893786 ]"
1746810082.975955,"[ 0.          0.59042521  0.84831395 -3.13944188 -1.91991145  1.38168912
  1.50015345  1.569475  ]","[ 0.00000000e+00 -1.18524509e-04  0.00000000e+00 -1.72862385e-02
 -2.76733122e-05 -2.11641232e-05  2.64951613e-05  1.05979587e-05]","[ 0.          0.21027285 14.71059704  0.74307793 -2.22035813  0.6677103
  0.18951735 -0.58982557]"
1746810082.979414,"[ 0.          0.59042474  0.84831395 -3.13947571 -1.91991145  1.38168912
  1.50015345  1.569475  ]","[ 0.00000000e+00 -1.18429135e-04  0.00000000e+00 -1.62846163e-02
 -2.72745106e-05 -2.11639139e-05  2.58609538e-05  1.05819570e-05]","[ 0.          0.18151107 14.62731838  0.72183722 -2.23208714  0.68924892
  0.20434026 -0.58902341]"
1746810082.9805484,"[ 0.          0.59042474  0.84831348 -3.13949089 -1.91991145  1.38168912
  1.50015345  1.569475  ]","[ 0.00000000e+00 -1.17204315e-04 -2.30198043e-05 -1.53955564e-02
 -3.51062628e-05 -2.91003827e-05  2.52558015e-05  1.05819570e-05]","[ 0.          0.17172447 14.57862377  0.70578241 -2.24996161  0.69418049
  0.20525202 -0.58405024]"
1746810082.9823842,"[ 0.          0.59042474  0.84831348 -3.13954149 -1.91991198  1.38168912
  1.50015345  1.569475  ]","[ 0.00000000e+00 -1.00461892e-04 -4.41578693e-05 -1.77878105e-02
 -4.16574538e-05 -2.91006692e-05  2.46788936e-05  1.05820616e-05]","[ 0.          0.13208564 14.44027996  0.69400561 -2.28084183  0.70001101
  0.18792522 -0.58632052]"
1746810082.984111,"[ 0.          0.59042474  0.84831348 -3.13958143 -1.91991198  1.38168912
  1.50015345  1.569475  ]","[ 0.00000000e+00 -9.94335178e-05 -4.24239132e-05 -2.16077989e-02
 -4.10377129e-05 -2.91003827e-05  2.40868365e-05  1.05819570e-05]","[ 0.          0.08498453 14.35360336  0.67853773 -2.29826689  0.68893325
  0.19097289 -0.59216195]"
1746810082.985333,"[ 0.          0.59042474  0.84831301 -3.13960434 -1.91991198  1.38168912
  1.50015345  1.569475  ]","[ 0.00000000e+00 -9.38354748e-05 -5.08780598e-05 -2.32283823e-02
 -4.04786060e-05 -2.91003827e-05  2.41277535e-05  1.05820616e-05]","[ 0.          0.07971887 14.28728008  0.68198299 -2.29145622  0.68164027
  0.20001724 -0.57734245]"
1746810082.9871123,"[ 0.          0.59042474  0.84831255 -3.13965946 -1.91991198  1.38168912
  1.50015345  1.569475  ]","[ 0.00000000e+00 -9.28863499e-05 -6.86432290e-05 -2.80901368e-02
 -4.04780452e-05 -2.91006692e-05  2.35610210e-05  1.05820616e-05]","[ 0.          0.0796193  14.1982336   0.67091817 -2.25338316  0.69076186
  0.2003675  -0.57987547]"
1746810082.988893,"[ 0.          0.59042428  0.84831255 -3.13972232 -1.91991198  1.38168912
  1.50015345  1.569475  ]","[ 0.00000000e+00 -9.20282102e-05 -6.62383705e-05 -3.29185062e-02
 -3.99339860e-05 -2.91003827e-05  2.30581714e-05  1.05819570e-05]","[ 0.          0.02628914 14.08972359  0.67425132 -2.19697285  0.67640281
  0.2035725  -0.55932778]"
1746810082.9906936,"[ 0.          0.59042428  0.84831208 -3.13979529 -1.91991198  1.38168912
  1.50015345  1.569475  ]","[ 0.00000000e+00 -8.92516486e-05 -8.22809740e-05 -3.61930625e-02
 -3.26737064e-05 -3.70368514e-05  2.25395547e-05  1.05820616e-05]","[ 0.          0.02615234 14.00032902  0.68345881 -2.11297011  0.66080791
  0.20870245 -0.57286978]"
1746810082.9924695,"[ 0.          0.59042428  0.84831162 -3.13983337 -1.91991198  1.38168912
  1.50015345  1.569475  ]","[ 0.00000000e+00 -8.83668026e-05 -8.84271724e-05 -3.86239376e-02
 -3.22070010e-05 -3.70648338e-05  2.25395547e-05  1.05900569e-05]","[ 0.          0.04464092 13.96875763  0.70677829 -2.06660008  0.65429956
  0.20825441 -0.57570392]"
1746810082.9942043,"[ 0.          0.59042428  0.84831162 -3.13991619 -1.91991145  1.38168819
  1.50015345  1.56947593]","[ 0.00000000e+00 -8.30112383e-05 -8.54152191e-05 -4.34856922e-02
 -2.50498897e-05 -4.76192757e-05  2.21137684e-05  1.85184257e-05]","[ 0.          0.02766709 13.90256882  0.73522383 -1.99678683  0.61548007
  0.20511705 -0.55017424]"
1746810082.995862,"[ 0.          0.59042381  0.84831162 -3.14001766 -1.91991091  1.38168726
  1.50015345  1.56947593]","[ 0.00000000e+00 -8.21963279e-05 -8.27968639e-05 -5.21288109e-02
 -1.76766301e-05 -5.82007654e-05  2.16367636e-05  1.85184257e-05]","[ 0.          0.0233056  13.83071804  0.77221251 -1.92167103  0.60055327
  0.18233274 -0.55569458]"
1746810082.997582,"[ 0.          0.59042381  0.84831115 -3.14013511 -1.91991091  1.38168632
  1.50015345  1.56947593]","[ 0.00000000e+00 -8.21963279e-05 -9.61835153e-05 -5.84290511e-02
 -1.05952888e-05 -6.61372301e-05  2.12119566e-05  1.85184257e-05]","[ 0.          0.05766508 13.78947926  0.81459177 -1.83504236  0.57126707
  0.17524348 -0.54694569]"
1746810082.998703,"[ 0.          0.59042381  0.84831115 -3.14019476 -1.91991091  1.38168632
  1.50015345  1.56947593]","[ 0.00000000e+00 -8.21963279e-05 -9.64011162e-05 -6.05018351e-02
 -1.04377661e-05 -6.61378843e-05  2.07726768e-05  1.85186086e-05]","[ 0.          0.09477674 13.76877499  0.8359828  -1.80283201  0.55835444
  0.17683071 -0.57975125]"
1746810083.000354,"[ 0.          0.59042381  0.84831075 -3.1403178  -1.91991091  1.38168539
  1.50015345  1.56947593]","[ 0.00000000e+00 -7.95448377e-05 -1.05924193e-04 -6.26626158e-02
 -1.03050225e-05 -6.61372301e-05  2.03808159e-05  1.85046377e-05]","[ 0.          0.11276388 13.79170513  0.86584336 -1.74195898  0.54461169
  0.16607423 -0.5760805 ]"
1746810083.0020652,"[ 0.          0.59042381  0.84831075 -3.14038251 -1.91991091  1.38168539
  1.50015345  1.56947593]","[ 0.00000000e+00 -7.94838990e-05 -1.05924193e-04 -6.55671883e-02
 -1.03050225e-05 -6.61378843e-05  2.04104928e-05  1.85184257e-05]","[ 0.          0.13418855 13.7937212   0.89771438 -1.72231638  0.52165657
  0.15502931 -0.5609284 ]"
1746810083.0037508,"[ 0.          0.59042381  0.84831075 -3.14051754 -1.91991065  1.38168446
  1.50015345  1.56947593]","[ 0.00000000e+00 -7.42418490e-05 -1.03035027e-04 -6.56336883e-02
 -6.77718134e-06 -7.40178194e-05  1.99465304e-05  1.85186086e-05]","[ 0.          0.19347149 13.80528736  0.97248125 -1.66391265  0.49701002
  0.14337306 -0.5754832 ]"
1746810083.0054073,"[ 0.          0.59042381  0.84831075 -3.14058012 -1.91991065  1.38168446
  1.50015345  1.56947593]","[ 0.00000000e+00 -7.42418490e-05 -1.00301987e-04 -6.34729076e-02
 -6.77718134e-06 -7.40744343e-05  1.95849479e-05  1.85044548e-05]","[ 0.          0.22806221 13.80910397  1.01688564 -1.64853048  0.48921713
  0.14307816 -0.57147431]"
1746810083.0071068,"[ 0.          0.59042381  0.84831028 -3.14070449 -1.91991091  1.38168339
  1.50015345  1.56947593]","[ 0.00000000e+00 -6.89395431e-05 -1.11446822e-04 -6.01844321e-02
 -9.91693981e-06 -8.46556558e-05  1.92095285e-05  1.85186086e-05]","[ 0.          0.28897893 13.85149288  1.06247044 -1.66205144  0.47552562
  0.13992512 -0.55238211]"
1746810083.0087836,"[ 0.          0.59042381  0.84831028 -3.1408206  -1.91991065  1.38168339
  1.50015345  1.56947593]","[ 0.00000000e+00 -6.89381696e-05 -1.08642254e-04 -5.80709558e-02
  0.00000000e+00 -8.46556558e-05  1.88742805e-05  1.85184257e-05]","[ 0.          0.35217789 13.94992256  1.08792043 -1.67369533  0.48310778
  0.12804303 -0.54759151]"
1746810083.0110953,"[ 0.          0.59042428  0.84831028 -3.14093405 -1.91991091  1.38168339
  1.50015345  1.56947593]","[ 0.00000000e+00 -5.83328791e-05 -1.05978004e-04 -5.44167575e-02
 -3.22658799e-06 -8.46556558e-05  1.85502117e-05  1.85184257e-05]","[ 0.          0.41751736 14.04784203  1.11181498 -1.73700929  0.47921968
  0.1316327  -0.54985279]"
1746810083.0121138,"[ 0.          0.59042428  0.84831028 -3.14098465 -1.91991091  1.38168339
  1.50015345  1.56947593]","[ 0.00000000e+00 -5.56813848e-05 -1.05980645e-04 -5.13185192e-02
 -3.18853612e-06 -8.45926284e-05  1.85498886e-05  1.85186086e-05]","[ 0.          0.43116006 14.09846687  1.10859013 -1.77531099  0.47052687
  0.11967988 -0.53684604]"
1746810083.0138402,"[ 0.          0.59042428  0.84831028 -3.14108106 -1.91991091  1.38168339
  1.50015345  1.56947593]","[ 0.00000000e+00 -5.56813848e-05 -1.03253311e-04 -4.82984612e-02
  0.00000000e+00 -8.46556558e-05  1.82367693e-05  1.85184257e-05]","[ 0.          0.46110502 14.20996189  1.12910914 -1.83058035  0.47729403
  0.11029069 -0.53923202]"
1746810083.0155137,"[ 0.          0.59042428  0.84831028 -3.14117986 -1.91991091  1.38168339
  1.50015252  1.56947593]","[ 0.00000000e+00 -5.56808321e-05 -1.01023206e-04 -4.75371550e-02
  0.00000000e+00 -7.67191870e-05  0.00000000e+00  1.85184257e-05]","[ 0.          0.50861633 14.33711243  1.13139915 -1.89948702  0.48282576
  0.11459621 -0.55205661]"
1746810083.0171773,"[ 0.          0.59042428  0.84831028 -3.14122514 -1.91991091  1.38168339
  1.50015252  1.56947593]","[ 0.00000000e+00 -5.56813848e-05 -9.85420724e-05 -4.59165715e-02
  0.00000000e+00 -7.67191870e-05  0.00000000e+00  1.85044548e-05]","[ 0.          0.53885341 14.37652493  1.14628637 -1.93286622  0.50041473
  0.10386606 -0.55054659]"
1746810083.0188787,"[ 0.          0.59042428  0.84831028 -3.1413069  -1.91991145  1.38168339
  1.50015252  1.56947593]","[ 0.00000000e+00 -5.03783961e-05 -9.63451677e-05 -3.94342335e-02
 -6.01117560e-06 -7.67199429e-05  0.00000000e+00  1.85184257e-05]","[ 0.          0.56149554 14.47785854  1.15125442 -1.98456407  0.5151062
  0.10480198 -0.54572624]"
1746810083.0205598,"[ 0.          0.59042428  0.84831028 -3.14137827 -1.91991145  1.38168339
  1.50015252  1.56947593]","[ 0.00000000e+00 -4.50754075e-05 -8.43020197e-05 -3.32219900e-02
 -5.94508675e-06 -7.67191870e-05  0.00000000e+00  1.85324169e-05]","[ 0.          0.53931284 14.54804611  1.14311051 -2.07517743  0.52763057
  0.11043184 -0.54043227]"
1746810083.0222037,"[ 0.          0.59042428  0.84831028 -3.1414081  -1.91991198  1.38168339
  1.50015252  1.56947593]","[ 0.00000000e+00 -4.50754075e-05 -8.23233742e-05 -3.02509176e-02
 -1.17508813e-05 -7.67191870e-05  0.00000000e+00  1.85184257e-05]","[ 0.          0.56070548 14.57590485  1.12170362 -2.11076999  0.53991693
  0.11118733 -0.55314505]"
1746810083.0238972,"[ 0.          0.59042428  0.84831028 -3.14146083 -1.91991198  1.38168339
  1.50015145  1.56947593]","[ 0.00000000e+00 -4.50754075e-05 -8.07035988e-05 -2.43087727e-02
 -1.16340968e-05 -7.67191870e-05 -1.60301026e-05  1.85184257e-05]","[ 0.          0.55691803 14.64343071  1.11900973 -2.1767199   0.55309701
  0.10229769 -0.54415166]"
1746810083.0256045,"[ 0.          0.59042428  0.84831028 -3.14150157 -1.91991198  1.38168339
  1.50015145  1.56947593]","[ 0.00000000e+00 -4.50754075e-05 -6.91745121e-05 -1.88876669e-02
 -1.15007061e-05 -8.46564929e-05 -1.57955014e-05  1.05819570e-05]","[ 0.          0.5252316  14.69194221  1.07483077 -2.24343967  0.5857656
  0.10289028 -0.54576558]"
1746810083.026697,"[ 0.          0.59042428  0.84831028 -3.14151809 -1.91991198  1.38168339
  1.50015145  1.56947593]","[ 0.00000000e+00 -4.24239132e-05 -6.76200966e-05 -1.67460433e-02
 -1.13794495e-05 -8.46556558e-05 -1.55678967e-05  1.05819570e-05]","[ 0.          0.51915884 14.7455492   1.06059551 -2.27936172  0.59392095
  0.09929328 -0.53529036]"
1746810083.0283785,"[ 0.          0.59042428  0.84831028 -3.14154152 -1.91991198  1.38168339
  1.50015145  1.56947593]","[ 0.00000000e+00 -4.24239132e-05 -6.63413031e-05 -9.71365745e-03
 -1.12608424e-05 -8.46556558e-05 -1.53299724e-05  1.05820616e-05]","[ 0.          0.47920138 14.75680161  0.9949469  -2.30769849  0.59563422
  0.09948441 -0.55269372]"
1746810083.0300524,"[ 0.          0.59042428  0.84831028 -3.14154765 -1.91991224  1.38168339
  1.50015145  1.56947593]","[ 0.00000000e+00 -4.24239132e-05 -6.62368019e-05 -6.21224196e-03
 -1.40649018e-05 -8.46556558e-05 -1.53299724e-05  1.05819570e-05]","[ 0.          0.46381065 14.76159191  0.96586049 -2.32572603  0.59753764
  0.11065134 -0.56441027]"
1746810083.0317385,"[ 0.          0.59042428  0.84831028 -3.14155031 -1.91991198  1.38168339
  1.50015145  1.569477  ]","[ 0.00000000e+00 -3.71209245e-05 -6.49116095e-05  0.00000000e+00
 -5.56785554e-06 -8.45926284e-05 -1.51154944e-05  2.11641232e-05]","[ 0.          0.42958429 14.77119923  0.90131855 -2.34987664  0.59883285
  0.10007226 -0.55558842]"
1746810083.0333946,"[ 0.          0.59042428  0.84830982 -3.14154818 -1.91991198  1.38168339
  1.50015145  1.569477  ]","[ 0.00000000e+00 -3.71209245e-05 -7.57302056e-05  1.04029730e-03
 -5.57239922e-06 -8.46564929e-05 -1.48910970e-05  2.11799045e-05]","[ 0.          0.40284264 14.77119923  0.87221777 -2.34857345  0.58775449
  0.10352335 -0.54723209]"
1746810083.0351205,"[ 0.          0.59042428  0.84830982 -3.14154259 -1.91991224  1.38168339
  1.50015145  1.569477  ]","[ 0.00000000e+00 -3.18179359e-05 -6.36358718e-05  1.92070806e-03
 -8.18317870e-06 -8.46556558e-05 -1.46886423e-05  2.11639139e-05]","[ 0.          0.3174977  14.72745991  0.80668038 -2.35700393  0.58173895
  0.10536563 -0.54759783]"
1746810083.0367792,"[ 0.          0.59042428  0.84830935 -3.14154259 -1.91991224  1.38168339
  1.50015145  1.569477  ]","[ 0.00000000e+00 -2.65149452e-05 -7.28122774e-05  1.54247404e-03
 -8.10136298e-06 -8.46556558e-05 -1.44916187e-05  2.11479478e-05]","[ 0.          0.25304517 14.66274166  0.74749231 -2.32532525  0.58729768
  0.11247872 -0.54756773]"
1746810083.0389936,"[ 0.          0.59042428  0.84830935 -3.14154658 -1.91991224  1.38168339
  1.50015145  1.569477  ]","[ 0.00000000e+00 -2.65350217e-05 -6.11424498e-05 -3.72395680e-04
 -8.09504297e-06 -8.46556558e-05 -1.44918168e-05  2.11639139e-05]","[ 0.          0.19513033 14.61550903  0.70487142 -2.30299854  0.60840595
  0.11901838 -0.53482121]"
1746810083.040709,"[ 0.          0.59042428  0.84830889 -3.14154845 -1.91991224  1.38168339
  1.50015145  1.569477  ]","[ 0.00000000e+00 -2.38634509e-05 -7.00108055e-05 -5.28479871e-04
 -8.02108636e-06 -8.45917913e-05 -1.42998109e-05  2.11479478e-05]","[ 0.          0.12174225 14.54037094  0.67497391 -2.22979116  0.58533889
  0.11708211 -0.52850473]"
1746810083.0423892,"[ 0.          0.59042428  0.84830889 -3.14154658 -1.91991224  1.38168246
  1.50015145  1.569477  ]","[ 0.00000000e+00 -1.85604623e-05 -6.87381399e-05 -4.96796609e-04
 -7.93654595e-06 -9.52376087e-05 -1.41128276e-05  2.11641232e-05]","[ 0.          0.08169175 14.44411373  0.62954897 -2.18938065  0.57292974
  0.12454919 -0.55492622]"
1746810083.044046,"[ 0.          0.59042428  0.84830842 -3.14154578 -1.91991224  1.38168246
  1.50015145  1.569477  ]","[ 0.00000000e+00 -1.85324169e-05 -7.85578719e-05 -5.20085160e-04
 -7.93654595e-06 -9.52385514e-05 -1.39308528e-05  2.11641232e-05]","[ 0.          0.08107974 14.40445709  0.59768844 -2.16281796  0.55683875
  0.12449916 -0.56164551]"
1746810083.0457206,"[ 0.          0.59042381  0.84830795 -3.14154631 -1.91991224  1.38168246
  1.50015145  1.569477  ]","[ 0.00000000e+00 -1.85324169e-05 -7.70479128e-05 -4.06146565e-04
 -7.94246417e-06 -9.52376087e-05 -1.39170211e-05  2.11639139e-05]","[ 0.00000000e+00 -1.65350223e-03  1.43431673e+01  5.85152686e-01
 -2.10848594e+00  5.30937970e-01  1.16574354e-01 -5.59941530e-01]"
1746810083.0474408,"[ 0.          0.59042381  0.84830795 -3.14154765 -1.91991198  1.38168246
  1.50015145  1.569477  ]","[ 0.00000000e+00 -1.85325998e-05 -6.74181408e-05 -1.15089074e-04
 -5.29097849e-06 -8.46556558e-05 -1.37400293e-05  2.11641232e-05]","[ 0.         -0.0385918  14.26590633  0.55691463 -2.0676465   0.52958298
  0.11223698 -0.55604297]"
1746810083.0491083,"[ 0.          0.59042381  0.84830749 -3.14154765 -1.91991198  1.38168246
  1.50015145  1.569477  ]","[ 0.00000000e+00 -1.85324169e-05 -7.56996550e-05  5.80335823e-05
 -5.29097849e-06 -8.45917913e-05 -1.35541900e-05  2.11641232e-05]","[ 0.         -0.04361936 14.2161684   0.55496347 -2.03821111  0.53216249
  0.11031891 -0.5579778 ]"
1746810083.0507798,"[ 0.          0.59042381  0.84830749 -3.14154658 -1.91991198  1.38168153
  1.50015145  1.569477  ]","[ 0.00000000e+00 -1.85184257e-05 -7.43951710e-05  1.42326243e-04
 -5.29497611e-06 -9.53816248e-05 -2.67980950e-05  2.11639139e-05]","[ 0.         -0.08179262 14.14742184  0.53680611 -2.01752496  0.53769338
  0.12470075 -0.54708046]"
1746810083.0524735,"[ 0.          0.59042381  0.84830702 -3.14154631 -1.91991198  1.38168153
  1.50015145  1.569477  ]","[ 0.00000000e+00 -1.32375708e-05 -7.77071525e-05  1.41228242e-04
 -1.05899522e-05 -8.47836692e-05 -2.64451722e-05  2.11799045e-05]","[ 0.         -0.12320118 14.0919733   0.53468817 -1.97939622  0.51318634
  0.12998144 -0.54140633]"
1746810083.054152,"[ 0.          0.59042381  0.84830702 -3.14154658 -1.91991198  1.38168153
  1.50015145  1.569477  ]","[ 0.00000000e+00 -1.32375708e-05 -7.76072433e-05  1.41228242e-04
 -1.05899522e-05 -8.47836692e-05 -2.64451722e-05  2.11639139e-05]","[ 0.         -0.12146974 14.06996059  0.52800035 -1.95368659  0.51713037
  0.12981452 -0.53405821]"
1746810083.0558028,"[ 0.          0.59042341  0.84830656 -3.14154765 -1.91991198  1.3816806
  1.50015052  1.569477  ]","[ 0.00000000e+00 -1.85324169e-05 -7.64152414e-05  3.73462505e-05
 -1.32275773e-05 -9.54538036e-05 -3.54928958e-05  2.11639139e-05]","[ 0.         -0.13400805 14.04566479  0.53590578 -1.93037367  0.52104175
  0.14290366 -0.5482232 ]"
1746810083.0574815,"[ 0.          0.59042341  0.84830616 -3.14154711 -1.91991198  1.3816806
  1.50015052  1.569477  ]","[ 0.00000000e+00 -1.85324169e-05 -8.40058113e-05 -3.49312856e-05
 -1.05899522e-05 -9.53825757e-05 -3.54928958e-05  2.11639139e-05]","[ 0.         -0.15864238 14.01230812  0.55594438 -1.92190969  0.51540804
  0.13399829 -0.53544432]"
1746810083.0592217,"[ 0.          0.59042341  0.84830616 -3.14154711 -1.91991198  1.3816806
  1.50015052  1.569477  ]","[ 0.00000000e+00 -1.85324169e-05 -8.38999448e-05 -3.49312856e-05
 -1.05899522e-05 -9.53816248e-05 -3.50738958e-05  2.11639139e-05]","[ 0.         -0.15864238 14.00197792  0.55594438 -1.92190969  0.51316828
  0.13070408 -0.5489952 ]"
1746810083.06092,"[ 0.          0.59042341  0.84830616 -3.14154658 -1.91991198  1.3816806
  1.50015052  1.569477  ]","[ 0.00000000e+00 -1.85324169e-05 -7.51630973e-05 -4.96796617e-05
 -1.32274462e-05 -9.53816248e-05 -3.46335290e-05  2.11481571e-05]","[ 0.         -0.17145231 13.97985458  0.53547084 -1.95309067  0.50139499
  0.12823404 -0.53294384]"
1746810083.062582,"[ 0.          0.59042341  0.84830569 -3.14154711 -1.91991198  1.38167967
  1.50015052  1.569477  ]","[ 0.00000000e+00 -1.85184257e-05 -8.12434725e-05 -4.94459890e-05
 -1.32375708e-05 -9.53825757e-05 -3.46331226e-05  2.11641232e-05]","[ 0.         -0.16225265 14.00621891  0.52976364 -1.98103034  0.50280112
  0.12835044 -0.52243191]"
1746810083.0637295,"[ 0.          0.59042295  0.84830522 -3.14154711 -1.91991198  1.38167967
  1.50015052  1.569477  ]","[ 0.00000000e+00 -2.11639139e-05 -8.97954234e-05 -4.66022144e-05
 -1.32374398e-05 -9.53806739e-05 -3.42340629e-05  2.11639139e-05]","[ 0.         -0.20034117 14.02321625  0.51383984 -1.98236048  0.50760436
  0.12395565 -0.52961564]"
1746810083.0654283,"[ 0.          0.59042295  0.84830522 -3.14154711 -1.91991198  1.38167967
  1.50015052  1.569477  ]","[ 0.00000000e+00 -2.11641232e-05 -8.83960041e-05  0.00000000e+00
 -1.32374398e-05 -9.53816248e-05 -3.42344612e-05  2.11639139e-05]","[ 0.         -0.23100413 14.0579958   0.52752668 -2.02356839  0.51223683
  0.12034168 -0.53464282]"
1746810083.0670488,"[ 0.          0.59042295  0.84830522 -3.14154711 -1.91991198  1.38167967
  1.50015052  1.569477  ]","[ 0.00000000e+00 -2.11641232e-05 -8.70395377e-05  0.00000000e+00
 -1.32374398e-05 -9.53816248e-05 -3.38444858e-05  2.11639139e-05]","[ 0.         -0.22023581 14.06470394  0.54381818 -2.02996755  0.51509714
  0.11864106 -0.54144484]"
1746810083.0687716,"[ 0.          0.59042248  0.84830522 -3.14154711 -1.91991224  1.38167967
  1.50014959  1.569477  ]","[ 0.00000000e+00 -2.64548924e-05 -8.69367027e-05  0.00000000e+00
 -1.32374398e-05 -9.53816248e-05 -4.25522192e-05  2.11479478e-05]","[ 0.         -0.21459864 14.10043144  0.55543935 -2.07696223  0.53876019
  0.11566914 -0.56608748]"
1746810083.0710368,"[ 0.          0.59042248  0.84830476 -3.14154711 -1.91991224  1.38167967
  1.50014959  1.569477  ]","[ 0.00000000e+00 -2.64548924e-05 -8.82651786e-05  0.00000000e+00
 -1.32374398e-05 -9.53816248e-05 -4.20787011e-05  2.11639139e-05]","[ 0.         -0.21619861 14.15209484  0.56163329 -2.09135962  0.541484
  0.11318278 -0.54889905]"
1746810083.0726912,"[ 0.          0.59042201  0.84830476 -3.14154711 -1.91991224  1.38167967
  1.50014959  1.569477  ]","[ 0.00000000e+00 -3.17461838e-05 -8.43497027e-05  0.00000000e+00
 -1.32474486e-05 -9.54538036e-05 -4.15803336e-05  2.11481571e-05]","[ 0.         -0.23705758 14.20127964  0.57476163 -2.13792491  0.53167409
  0.10438447 -0.53387707]"
1746810083.0738091,"[ 0.          0.59042201  0.84830476 -3.14154711 -1.91991224  1.38167967
  1.50014959  1.569477  ]","[ 0.00000000e+00 -3.17701716e-05 -8.31137076e-05  0.00000000e+00
 -1.32374398e-05 -9.53816248e-05 -4.16156062e-05  2.11641232e-05]","[ 0.         -0.23577711 14.25070381  0.57093269 -2.15682364  0.53167409
  0.09810829 -0.52631164]"
1746810083.0755162,"[ 0.          0.59042201  0.84830476 -3.14154711 -1.91991278  1.38167967
  1.50014866  1.569477  ]","[ 0.00000000e+00 -3.17458709e-05 -8.18223329e-05  0.00000000e+00
 -1.32375708e-05 -9.53816248e-05 -5.29233372e-05  2.11639139e-05]","[ 0.         -0.20891285 14.31155014  0.58674216 -2.17769504  0.54441607
  0.09439801 -0.52542347]"
1746810083.0771782,"[ 0.          0.59042201  0.84830476 -3.14154711 -1.91991278  1.38167967
  1.50014866  1.569477  ]","[ 0.00000000e+00 -3.17458709e-05 -8.19146105e-05  0.00000000e+00
 -1.32474486e-05 -9.53825757e-05 -5.23534371e-05  2.11479478e-05]","[ 0.         -0.2018242  14.31817627  0.57740623 -2.20023847  0.55319852
  0.08080014 -0.5328837 ]"
1746810083.0788977,"[ 0.          0.59042155  0.84830429 -3.14154711 -1.91991278  1.38167967
  1.50014866  1.569477  ]","[ 0.00000000e+00 -3.17458709e-05 -8.45924008e-05  0.00000000e+00
 -1.32374398e-05 -9.53816248e-05 -5.23534371e-05  2.11959173e-05]","[ 0.         -0.1917664  14.35940361  0.57190531 -2.2302804   0.56143343
  0.08593472 -0.52408499]"
1746810083.0799787,"[ 0.          0.59042155  0.84830429 -3.14154711 -1.91991278  1.38167873
  1.50014866  1.569477  ]","[ 0.00000000e+00 -3.17458709e-05 -8.34050477e-05  0.00000000e+00
 -1.32374398e-05 -1.03330098e-04 -5.17956793e-05  2.11959173e-05]","[ 0.         -0.20162053 14.39476109  0.58294159 -2.25014782  0.56575155
  0.07738698 -0.53172779]"
1746810083.0816572,"[ 0.          0.59042155  0.84830429 -3.14154711 -1.91991278  1.38167873
  1.50014866  1.569477  ]","[ 0.00000000e+00 -3.17698567e-05 -8.33149076e-05  0.00000000e+00
 -7.94246417e-06 -1.03330098e-04 -5.17526207e-05  2.11959173e-05]","[ 0.         -0.1794301  14.46872234  0.60267413 -2.25047946  0.56418824
  0.08101953 -0.52167767]"
1746810083.0839036,"[ 0.          0.59042108  0.84830429 -3.14154658 -1.91991278  1.38167873
  1.50014772  1.569477  ]","[ 0.00000000e+00 -3.70368514e-05 -8.22494075e-05  1.47196968e-05
 -7.94246417e-06 -1.03330098e-04 -6.25869717e-05  2.11959173e-05]","[ 0.         -0.13023099 14.51407814  0.63072139 -2.25026774  0.55343515
  0.08937326 -0.52833569]"
1746810083.08503,"[ 0.          0.59042108  0.84830429 -3.14154658 -1.91991278  1.38167873
  1.50014772  1.569477  ]","[ 0.00000000e+00 -3.70372172e-05 -8.11264797e-05  1.43288559e-05
 -7.94846874e-06 -1.03408291e-04 -6.25876422e-05  2.11959173e-05]","[ 0.         -0.1119671  14.54398727  0.65938413 -2.22950196  0.55993068
  0.10257912 -0.53212887]"
1746810083.0867078,"[ 0.          0.59042108  0.84830429 -3.14154658 -1.91991278  1.38167873
  1.50014679  1.569477  ]","[ 0.00000000e+00 -3.70648338e-05 -8.10423213e-05  2.79171969e-05
 -7.94246417e-06 -1.03330098e-04 -7.03802655e-05  2.11959173e-05]","[ 0.         -0.12813106 14.55378056  0.64168733 -2.22601581  0.55083317
  0.07909713 -0.54278725]"
1746810083.0883949,"[ 0.          0.59042062  0.84830429 -3.14154658 -1.91991278  1.38167873
  1.50014679  1.569477  ]","[ 0.00000000e+00 -4.23278279e-05 -7.99507974e-05  2.78609761e-05
 -7.94246417e-06 -1.03408291e-04 -6.96542599e-05  2.11957060e-05]","[ 0.         -0.12330532 14.57684708  0.65006179 -2.21894836  0.54927671
  0.07387953 -0.53911746]"
1746810083.0900626,"[ 0.          0.59042062  0.84830383 -3.14154658 -1.91991278  1.38167873
  1.50014679  1.569477  ]","[ 0.00000000e+00 -3.70368514e-05 -8.59731354e-05  0.00000000e+00
 -7.94246417e-06 -1.03330098e-04 -6.95989209e-05  2.11959173e-05]","[ 0.         -0.12352327 14.57501411  0.64791483 -2.204355    0.55030721
  0.06452585 -0.5440523 ]"
1746810083.0911577,"[ 0.          0.59042062  0.84830383 -3.14154658 -1.91991278  1.38167873
  1.50014679  1.569477  ]","[ 0.00000000e+00 -3.70651995e-05 -8.60611137e-05  0.00000000e+00
 -7.94246417e-06 -1.03330098e-04 -6.88888692e-05  2.11959173e-05]","[ 0.         -0.11608581 14.57355595  0.65624702 -2.20220828  0.55389148
  0.06477667 -0.53958756]"
1746810083.092849,"[ 0.          0.59042062  0.84830383 -3.14154658 -1.91991278  1.38167873
  1.50014679  1.569477  ]","[ 0.00000000e+00 -3.70372172e-05 -8.49335127e-05  0.00000000e+00
 -7.94854798e-06 -1.03408291e-04 -6.81931542e-05  2.11959173e-05]","[ 0.         -0.09823139 14.61145973  0.66841173 -2.16710377  0.55167425
  0.05826918 -0.5479064 ]"
1746810083.0946019,"[ 0.          0.59042062  0.84830336 -3.14154658 -1.91991278  1.3816778
  1.50014679  1.569477  ]","[ 0.00000000e+00 -3.70648338e-05 -9.07296998e-05  0.00000000e+00
 -1.32374398e-05 -1.03330098e-04 -6.81924633e-05  1.05979587e-05]","[ 0.         -0.08419842 14.59294415  0.71411711 -2.14309573  0.54930329
  0.05378487 -0.54376149]"
1746810083.095683,"[ 0.          0.59042062  0.84830336 -3.14154658 -1.91991278  1.3816778
  1.50014586  1.569477  ]","[ 0.00000000e+00 -3.70368514e-05 -8.95724503e-05  0.00000000e+00
 -1.32374398e-05 -9.54538036e-05 -7.56119531e-05  1.05979587e-05]","[ 0.         -0.06444064 14.59145451  0.73148388 -2.11992764  0.54834509
  0.0492094  -0.54063272]"
1746810083.0974126,"[ 0.          0.59042062  0.84830336 -3.14154658 -1.91991278  1.3816778
  1.50014586  1.569477  ]","[ 0.00000000e+00 -3.17461838e-05 -8.94844720e-05  0.00000000e+00
 -1.85464284e-05 -8.47836692e-05 -7.48071450e-05  1.05979587e-05]","[ 0.         -0.03538902 14.58623409  0.73504591 -2.10270739  0.53307706
  0.03093262 -0.52816528]"
1746810083.099144,"[ 0.          0.59042062  0.84830289 -3.14154658 -1.91991278  1.38167674
  1.50014586  1.569477  ]","[ 0.00000000e+00 -3.17461838e-05 -9.51553764e-05  0.00000000e+00
 -1.85324169e-05 -9.53816248e-05 -7.40737029e-05  1.05979587e-05]","[ 0.         -0.038388   14.58303452  0.73294383 -2.09756899  0.52987695
  0.0263354  -0.52892554]"
1746810083.1008909,"[ 0.          0.59042062  0.84830289 -3.14154658 -1.91991278  1.38167674
  1.50014586  1.569477  ]","[ 0.00000000e+00 -3.17458709e-05 -9.40642671e-05  0.00000000e+00
 -1.85745164e-05 -8.48478263e-05 -7.41296676e-05  1.06058726e-05]","[ 0.00000000e+00  1.42964139e-03  1.45446539e+01  7.52523780e-01
 -2.08480334e+00  5.24024367e-01  3.57591994e-02 -5.35937309e-01]"
1746810083.1026726,"[ 0.          0.59042062  0.84830243 -3.14154658 -1.91991278  1.38167674
  1.50014586  1.569477  ]","[ 0.00000000e+00 -3.17701716e-05 -9.82450432e-05  0.00000000e+00
 -1.85604623e-05 -8.47836692e-05 -7.40737029e-05  1.05979587e-05]","[ 0.          0.04104131 14.49180603  0.76368618 -2.0460279   0.50153708
  0.053976   -0.52121389]"
1746810083.1044323,"[ 0.          0.59042015  0.84830196 -3.14154658 -1.91991278  1.38167674
  1.50014586  1.569477  ]","[ 0.00000000e+00 -3.70372172e-05 -1.00302507e-04  0.00000000e+00
 -2.12280182e-05 -7.68933393e-05 -7.42411095e-05  1.05979587e-05]","[ 0.          0.08209055 14.44413662  0.77505505 -2.03011703  0.49201027
  0.06573579 -0.52851838]"
1746810083.106241,"[ 0.          0.59042015  0.84830196 -3.14154658 -1.91991278  1.3816758
  1.50014586  1.56947793]","[ 0.00000000e+00 -3.70368514e-05 -1.00209986e-04  0.00000000e+00
 -2.12119566e-05 -8.48478263e-05 -7.41849740e-05  2.11959173e-05]","[ 0.          0.09956338 14.419384    0.77187514 -2.02335501  0.48303914
  0.06803093 -0.55074984]"
1746810083.1079981,"[ 0.          0.59042015  0.84830156 -3.14154658 -1.91991278  1.3816758
  1.50014586  1.56947793]","[ 0.00000000e+00 -3.70648338e-05 -1.05412269e-04  0.00000000e+00
 -1.85602774e-05 -7.42418490e-05 -7.42418490e-05  2.11959173e-05]","[ 0.          0.13930959 14.35036945  0.79939276 -2.00490451  0.49805337
  0.05632553 -0.54011089]"
1746810083.1096935,"[ 0.          0.59042015  0.8483011  -3.14154631 -1.91991278  1.3816758
  1.50014479  1.56947793]","[ 0.00000000e+00 -3.70372172e-05 -1.07240535e-04  4.57100894e-06
 -2.12119566e-05 -7.42418490e-05 -8.47836692e-05  2.11959173e-05]","[ 0.          0.14878906 14.28847885  0.82200438 -2.00233459  0.50496125
  0.0598547  -0.52512151]"
1746810083.1107564,"[ 0.          0.59042015  0.8483011  -3.14154631 -1.91991278  1.3816758
  1.50014479  1.56947793]","[ 0.00000000e+00 -4.23598089e-05 -1.06002670e-04  4.49493822e-06
 -2.12119566e-05 -7.41857136e-05 -8.47836692e-05  2.11959173e-05]","[ 0.          0.15243182 14.28040218  0.8196395  -2.00233459  0.50847459
  0.07032459 -0.53432643]"
1746810083.1125007,"[ 0.          0.59042015  0.84830016 -3.14154631 -1.91991278  1.3816758
  1.50014479  1.56947793]","[ 0.00000000e+00 -4.23598089e-05 -1.17121644e-04  0.00000000e+00
 -1.85602774e-05 -7.42418490e-05 -8.48478263e-05  2.11959173e-05]","[ 0.          0.17229135 14.24897957  0.81271708 -2.02226067  0.51009327
  0.06850003 -0.52750552]"
1746810083.1141837,"[ 0.          0.59042015  0.84830016 -3.14154631 -1.91991278  1.38167487
  1.50014479  1.56947793]","[ 0.00000000e+00 -4.23278279e-05 -1.15800206e-04  0.00000000e+00
 -1.85743315e-05 -8.47836692e-05 -8.48486716e-05  2.11959173e-05]","[ 0.          0.18789963 14.2392149   0.82819617 -2.04299593  0.49641505
  0.07559411 -0.53229654]"
1746810083.1158519,"[ 0.          0.59042015  0.8482997  -3.14154631 -1.91991278  1.38167487
  1.50014479  1.56947793]","[ 0.00000000e+00 -4.23602275e-05 -1.20535022e-04  0.00000000e+00
 -1.85604623e-05 -8.47836692e-05 -7.68933393e-05  2.11959173e-05]","[ 0.          0.21910989 14.18397236  0.88764763 -2.04681563  0.49958923
  0.06058403 -0.532309  ]"
1746810083.11698,"[ 0.          0.59042015  0.8482997  -3.14154631 -1.91991278  1.38167487
  1.50014479  1.56947793]","[ 0.00000000e+00 -4.23598089e-05 -1.20535022e-04  0.00000000e+00
 -1.85745164e-05 -8.48478263e-05 -7.68925753e-05  2.12119566e-05]","[ 0.          0.22290212 14.13214874  0.88388079 -2.05085945  0.49047795
  0.05655891 -0.52663749]"
1746810083.1186697,"[ 0.          0.59042062  0.84829877 -3.14154631 -1.91991278  1.38167487
  1.50014386  1.56947793]","[ 0.00000000e+00 -3.70368514e-05 -1.26427973e-04  0.00000000e+00
 -1.32576047e-05 -8.47836692e-05 -8.47836692e-05  2.11961286e-05]","[ 0.          0.22947784 14.05173588  0.89310765 -2.05432773  0.48660758
  0.05901003 -0.52003461]"
1746810083.120361,"[ 0.          0.59042062  0.8482983  -3.14154578 -1.91991278  1.38167394
  1.50014386  1.56947793]","[ 0.00000000e+00 -3.70648338e-05 -1.31210309e-04  7.80127734e-06
 -1.32574726e-05 -9.54538036e-05 -8.48478263e-05  2.11799045e-05]","[ 0.          0.24150561 14.01353741  0.89095169 -2.03941107  0.5002867
  0.07779007 -0.5397718 ]"
1746810083.1220646,"[ 0.          0.59042062  0.8482983  -3.14154578 -1.91991278  1.38167394
  1.50014386  1.56947793]","[ 0.00000000e+00 -3.70648338e-05 -1.29489202e-04  7.79271723e-06
 -7.96050683e-06 -9.52385514e-05 -8.48478263e-05  2.11959173e-05]","[ 0.          0.24006788 14.00664425  0.89514399 -2.04405689  0.50298178
  0.0785746  -0.53570831]"
1746810083.1231756,"[ 0.          0.59042062  0.84829783 -3.14154578 -1.91991278  1.38167394
  1.50014386  1.56947793]","[ 0.00000000e+00 -3.70648338e-05 -1.33817172e-04  1.15226844e-05
 -7.95448397e-06 -9.52376087e-05 -7.41849740e-05  2.11959173e-05]","[ 0.          0.24755383 13.95641136  0.89349151 -2.05042863  0.50190544
  0.05597458 -0.53808737]"
1746810083.1249092,"[ 0.          0.59042062  0.84829743 -3.14154578 -1.91991278  1.38167394
  1.50014386  1.56947793]","[ 0.00000000e+00 -3.70648338e-05 -1.36553390e-04  1.92044733e-05
 -7.96050683e-06 -9.52376087e-05 -7.42418490e-05  2.11959173e-05]","[ 0.          0.24896382 13.95170784  0.89032531 -2.06706214  0.49684599
  0.04652082 -0.52227747]"
1746810083.1265924,"[ 0.          0.59042062  0.84829743 -3.14154578 -1.91991278  1.38167394
  1.50014386  1.56947793]","[ 0.00000000e+00 -3.70648338e-05 -1.35130109e-04  1.89147648e-05
 -7.96042758e-06 -9.52376087e-05 -7.42418490e-05  2.11959173e-05]","[ 0.          0.24662304 13.94002438  0.88579834 -2.06121159  0.48317066
  0.04374161 -0.51598293]"
1746810083.1276655,"[ 0.          0.59042062  0.84829697 -3.14154578 -1.91991278  1.38167394
  1.50014386  1.56947793]","[ 0.00000000e+00 -3.70651995e-05 -1.33736183e-04  2.61427423e-05
 -7.95448397e-06 -9.52376087e-05 -7.41857136e-05  2.11959173e-05]","[ 0.          0.26635244 13.93245697  0.88798594 -2.06478453  0.47079608
  0.06356955 -0.51759446]"
1746810083.129334,"[ 0.          0.59042062  0.8482965  -3.14154578 -1.91991278  1.38167301
  1.50014293  1.56947793]","[ 0.00000000e+00 -3.70648338e-05 -1.39307073e-04  2.61427423e-05
 -7.95448397e-06 -1.03252035e-04 -8.48478263e-05  2.12119566e-05]","[ 0.          0.266794   13.92058945  0.89616108 -2.04256511  0.46340749
  0.06551911 -0.52496511]"
1746810083.1310575,"[ 0.          0.59042062  0.84829557 -3.14154578 -1.91991278  1.38167301
  1.50014293  1.56947793]","[ 0.00000000e+00 -3.70368514e-05 -1.47410469e-04  1.83991126e-05
 -7.95448397e-06 -1.03174077e-04 -8.47845145e-05  2.11957060e-05]","[ 0.          0.2888332  13.89842415  0.91217548 -2.01358271  0.45170039
  0.04959658 -0.5149911 ]"
1746810083.1321743,"[ 0.          0.59042062  0.8482951  -3.14154525 -1.91991278  1.38167208
  1.50014293  1.56947793]","[ 0.00000000e+00 -3.70648338e-05 -1.48639531e-04  1.84184536e-05
 -7.95440473e-06 -1.11194501e-04 -8.48478263e-05  1.05980643e-05]","[ 0.          0.30498523 13.87333107  0.91752857 -1.9668355   0.44515505
  0.06747866 -0.51449871]"
1746810083.1338987,"[ 0.          0.59042062  0.8482951  -3.14154525 -1.91991278  1.38167208
  1.50014293  1.56947793]","[ 0.00000000e+00 -3.70648338e-05 -1.47054720e-04  1.81706373e-05
 -5.30700455e-06 -1.11194501e-04 -8.48478263e-05  1.05979587e-05]","[ 0.          0.29683065 13.87761211  0.91762656 -1.96972096  0.44515505
  0.06058766 -0.51332432]"
1746810083.135552,"[ 0.          0.59042062  0.84829417 -3.14154525 -1.91991278  1.38167208
  1.50014293  1.56947793]","[ 0.00000000e+00 -3.70368514e-05 -1.56201794e-04  1.79293980e-05
 -5.30298914e-06 -1.11110546e-04 -8.47845145e-05  1.05979587e-05]","[ 0.          0.29046974 13.86819077  0.91712755 -1.97511685  0.44261891
  0.05618339 -0.51698261]"
1746810083.1373343,"[ 0.          0.59042062  0.84829417 -3.14154525 -1.91991278  1.38167208
  1.500142    1.56947793]","[ 0.00000000e+00 -3.70648338e-05 -1.50906827e-04  2.51011568e-05
 -5.30298914e-06 -1.11194501e-04 -9.54538036e-05  1.06058726e-05]","[ 0.          0.29884446 13.87697983  0.889305   -1.99097943  0.44145134
  0.04865818 -0.51888424]"
1746810083.1391022,"[ 0.          0.59042108  0.84829371 -3.14154525 -1.91991278  1.38167114
  1.500142    1.56947793]","[ 0.00000000e+00 -3.17698567e-05 -1.56083866e-04  2.47472810e-05
 -5.30298914e-06 -1.21693710e-04 -9.53806739e-05  1.05979587e-05]","[ 0.          0.31186542 13.8515892   0.87779009 -1.95995116  0.43988061
  0.04900414 -0.52055776]"
1746810083.140195,"[ 0.          0.59042108  0.84829324 -3.14154525 -1.91991278  1.38167114
  1.500142    1.56947793]","[ 0.00000000e+00 -3.17698567e-05 -1.56203338e-04  2.44272270e-05
 -5.30298914e-06 -1.21784452e-04 -9.54538036e-05  1.06059783e-05]","[ 0.          0.31965467 13.84057236  0.86387807 -1.93333089  0.43555558
  0.04749939 -0.53064966]"
1746810083.1418798,"[ 0.          0.59042108  0.84829324 -3.14154525 -1.91991278  1.38167008
  1.500142    1.56947793]","[ 0.00000000e+00 -3.17701716e-05 -1.56083866e-04  2.44272270e-05
 -5.30298914e-06 -1.21784452e-04 -9.54538036e-05  1.05820616e-05]","[ 0.          0.31167084 13.85237598  0.85948992 -1.93320203  0.44053704
  0.04398851 -0.5205332 ]"
1746810083.1436188,"[ 0.          0.59042108  0.84829237 -3.14154525 -1.91991278  1.38167008
  1.500142    1.56947793]","[ 0.00000000e+00 -3.17698567e-05 -1.64144252e-04  2.41156580e-05
 -5.30298914e-06 -1.21692507e-04 -9.53816248e-05  1.05819570e-05]","[ 0.          0.31289148 13.87552261  0.84686536 -1.934304    0.42717311
  0.03966425 -0.51618165]"
1746810083.1447468,"[ 0.          0.59042108  0.84829191 -3.14154525 -1.91991278  1.38167008
  1.500142    1.56947793]","[ 0.00000000e+00 -3.18179359e-05 -1.64020327e-04  2.38119379e-05
 -5.30293632e-06 -1.21785654e-04 -9.54538036e-05  1.05820616e-05]","[ 0.          0.32020485 13.87214661  0.84169382 -1.91626716  0.42763472
  0.04287734 -0.50599682]"
1746810083.1463995,"[ 0.          0.59042108  0.84829191 -3.14154525 -1.91991278  1.38167008
  1.50014107  1.56947793]","[ 0.00000000e+00 -3.18179359e-05 -1.64021952e-04  2.38122427e-05
 -5.30298914e-06 -1.21785654e-04 -1.03408291e-04  1.05819570e-05]","[ 0.          0.32485047 13.88747787  0.84128153 -1.89433181  0.42763472
  0.05185483 -0.4947845 ]"
1746810083.1475217,"[ 0.          0.59042108  0.84829144 -3.14154472 -1.91991224  1.38166915
  1.50014107  1.56947793]","[ 0.00000000e+00 -2.65347576e-05 -1.64145878e-04  3.02056051e-05
 -2.65149457e-06 -1.32374402e-04 -1.03330098e-04  1.05819570e-05]","[ 0.          0.34531647 13.88196754  0.81551874 -1.89320564  0.4124431
  0.03810043 -0.49446017]"
1746810083.1498017,"[ 0.          0.59042108  0.84829051 -3.14154472 -1.91991278  1.38166915
  1.50014107  1.56947793]","[ 0.00000000e+00 -2.65149452e-05 -1.69311312e-04  2.98631340e-05
 -7.95448397e-06 -1.32374402e-04 -1.03408291e-04  1.05820616e-05]","[ 0.          0.35571995 13.85451031  0.80781907 -1.89219356  0.40555578
  0.03581344 -0.50864464]"
1746810083.1514692,"[ 0.          0.59042108  0.84829004 -3.14154472 -1.91991278  1.38166821
  1.50014107  1.56947793]","[ 0.00000000e+00 -2.65149452e-05 -1.74602296e-04  2.95007183e-05
 -7.95448397e-06 -1.32374402e-04 -1.03330098e-04  1.05820616e-05]","[ 0.          0.35987052 13.8384819   0.80042344 -1.88737774  0.40418684
  0.02755497 -0.51426709]"
1746810083.1526124,"[ 0.          0.59042155  0.84828958 -3.14154472 -1.91991224  1.38166821
  1.50014107  1.56947886]","[ 0.00000000e+00 -2.12280182e-05 -1.76331140e-04  2.94731505e-05
 -2.65149457e-06 -1.32373085e-04 -1.03408291e-04  1.85044548e-05]","[ 0.          0.38436213 13.81263161  0.80768251 -1.89530385  0.40368009
  0.03005241 -0.50617999]"
1746810083.1542969,"[ 0.          0.59042155  0.84828911 -3.14154472 -1.91991224  1.38166821
  1.50014013  1.56947886]","[ 0.00000000e+00 -2.12119566e-05 -1.78229992e-04  2.91200833e-05
 -2.65149457e-06 -1.32374402e-04 -1.11362770e-04  1.85186086e-05]","[ 0.          0.38175172 13.80978966  0.81291568 -1.91199756  0.40241295
  0.01579191 -0.50886691]"
1746810083.1559768,"[ 0.          0.59042155  0.84828825 -3.14154472 -1.91991224  1.38166821
  1.50014013  1.56947886]","[ 0.00000000e+00 -2.12280182e-05 -1.84767480e-04  2.90932205e-05
 -2.65350228e-06 -1.21692507e-04 -1.03330098e-04  1.85184257e-05]","[ 0.          0.38495582 13.7616396   0.80564719 -1.91057873  0.4032301
  0.02860626 -0.4966726 ]"
1746810083.1571002,"[ 0.          0.59042155  0.84828685 -3.14154472 -1.91991224  1.38166728
  1.50014013  1.56947886]","[ 0.00000000e+00 -1.85604623e-05 -2.05105487e-04  2.87753771e-05
 -2.65149457e-06 -1.32375710e-04 -1.03408291e-04  1.85184257e-05]","[ 0.          0.37894061 13.72431946  0.80234504 -1.93126285  0.40194067
  0.0315771  -0.48503745]"
1746810083.1588418,"[ 0.          0.59042155  0.84828638 -3.14154472 -1.91991224  1.38166728
  1.50014013  1.56947886]","[ 0.00000000e+00 -1.85604623e-05 -2.14743452e-04  2.87753771e-05
 -2.65149457e-06 -1.32374402e-04 -1.03330098e-04  1.85184257e-05]","[ 0.          0.38451472 13.70585442  0.81775492 -1.9214884   0.39648196
  0.02977247 -0.49515915]"
1746810083.1605158,"[ 0.          0.59042155  0.84828545 -3.14154472 -1.91991224  1.38166635
  1.50014013  1.56947886]","[ 0.00000000e+00 -1.85747013e-05 -2.50250717e-04  2.84127766e-05
 -2.65350228e-06 -1.42856421e-04 -1.03408291e-04  1.85184257e-05]","[ 0.          0.38709676 13.63656139  0.81884909 -1.94189894  0.38886076
  0.04439948 -0.51011747]"
1746810083.1616173,"[ 0.          0.59042155  0.84828498 -3.14154472 -1.91991224  1.38166635
  1.50014013  1.56947886]","[ 0.00000000e+00 -1.85745164e-05 -2.71809724e-04  2.84127766e-05
 -2.65146816e-06 -1.42964352e-04 -1.03409315e-04  1.85184257e-05]","[ 0.          0.39090219 13.59673119  0.82395983 -1.9510082   0.39378446
  0.03872422 -0.50085241]"
1746810083.1638863,"[ 0.          0.59042155  0.84828365 -3.14154445 -1.91991224  1.38166635
  1.50014013  1.56947886]","[ 0.00000000e+00 -1.32675109e-05 -3.14175539e-04  3.08214855e-05
 -2.65149457e-06 -1.32274460e-04 -1.03330098e-04  1.85184257e-05]","[ 0.          0.38195187 13.5597105   0.84922564 -1.96497357  0.39123222
  0.03694905 -0.49358103]"
1746810083.1650286,"[ 0.          0.59042155  0.84828272 -3.14154445 -1.91991224  1.38166635
  1.5001392   1.56947886]","[ 0.00000000e+00 -1.32675109e-05 -3.40508617e-04  3.08214855e-05
 -2.65350228e-06 -1.32275769e-04 -1.11362770e-04  1.85186086e-05]","[ 0.          0.38195187 13.54137039  0.85695368 -1.97351968  0.39337194
  0.02875183 -0.49206451]"
1746810083.1666892,"[ 0.          0.59042201  0.84828132 -3.14154445 -1.91991224  1.38166542
  1.5001392   1.56947886]","[ 0.00000000e+00 -1.06139034e-05 -3.68668360e-04  3.04999137e-05
 -2.65149457e-06 -1.42964352e-04 -1.11278562e-04  1.85184257e-05]","[ 0.          0.37171343 13.47163677  0.85034537 -1.97416425  0.3963801
  0.02700826 -0.4803021 ]"
1746810083.168387,"[ 0.          0.59042155  0.84827952 -3.14154445 -1.91991224  1.38166542
  1.5001392   1.56947886]","[ 0.00000000e+00 -1.06140091e-05 -4.15488533e-04  3.01337555e-05
  0.00000000e+00 -1.42856421e-04 -1.03408291e-04  1.85184257e-05]","[ 0.          0.32207552 13.39243793  0.84743387 -1.99590349  0.37229085
  0.03135298 -0.47205317]"
1746810083.1701138,"[ 0.          0.59042155  0.84827859 -3.14154445 -1.91991224  1.38166542
  1.5001392   1.56947886]","[ 0.00000000e+00 -1.06059783e-05 -4.34878992e-04  2.98012749e-05
  0.00000000e+00 -1.42964352e-04 -1.03408291e-04  1.85186086e-05]","[ 0.          0.33328077 13.34669781  0.84166592 -2.04093862  0.3646971
  0.02831782 -0.48703343]"
1746810083.1712,"[ 0.          0.59042201  0.84827626 -3.14154445 -1.91991224  1.38166449
  1.5001392   1.56947886]","[ 0.00000000e+00 -5.30700455e-06 -5.08674399e-04  2.97756169e-05
  0.00000000e+00 -1.50794377e-04 -1.03330098e-04  1.85184257e-05]","[ 0.          0.3232621  13.26128101  0.85051256 -2.02381802  0.37276354
  0.02962057 -0.48642173]"
1746810083.172878,"[ 0.          0.59042201  0.84827533 -3.14154392 -1.91991224  1.38166449
  1.5001392   1.56947886]","[ 0.00000000e+00  0.00000000e+00 -5.38296019e-04  2.98012749e-05
  0.00000000e+00 -1.50792882e-04 -1.03408291e-04  1.85184257e-05]","[ 0.          0.32343638 13.223176    0.84404922 -2.0212853   0.37470981
  0.03492321 -0.48614299]"
1746810083.1746216,"[ 0.          0.59042155  0.8482726  -3.14154392 -1.91991224  1.38166449
  1.5001392   1.56947979]","[ 0.00000000e+00 -5.30695172e-06 -6.58225296e-04  2.94512758e-05
  0.00000000e+00 -1.50906827e-04 -1.03331130e-04  2.64548924e-05]","[ 0.          0.25853097 13.16529369  0.83187795 -2.0066607   0.37340778
  0.04351398 -0.48522875]"
1746810083.175733,"[ 0.          0.59042201  0.8482712  -3.14154445 -1.91991224  1.38166342
  1.50013814  1.56947979]","[ 0.00000000e+00  0.00000000e+00 -7.34777718e-04  2.35610210e-05
  5.30293632e-06 -1.61496777e-04 -1.05979589e-04  2.64548924e-05]","[ 0.          0.23448311 13.12041187  0.82940245 -2.020437    0.37646013
  0.04375305 -0.48806968]"
1746810083.1774342,"[ 0.          0.59042201  0.84826754 -3.14154445 -1.91991224  1.38166342
  1.50013814  1.56947979]","[ 0.00000000e+00  5.30293632e-06 -9.53825839e-04  2.33066297e-05
  5.30700455e-06 -1.61496777e-04 -1.06059781e-04  2.64748795e-05]","[ 0.          0.17816509 13.02158833  0.82034469 -2.02743244  0.37296382
  0.05536609 -0.47239086]"
1746810083.1785378,"[ 0.          0.59042201  0.84826574 -3.14154445 -1.91991224  1.38166249
  1.50013814  1.56947979]","[ 0.00000000e+00  5.30695172e-06 -1.08700457e-03  2.33260215e-05
  5.30298914e-06 -1.69440910e-04 -1.05979589e-04  2.64551545e-05]","[ 0.          0.15786402 13.00157833  0.83714473 -2.01918459  0.3799201
  0.05620111 -0.46002227]"
1746810083.182294,"[ 0.          0.59042155  0.84826115 -3.14154392 -1.91991224  1.38166249
  1.50013814  1.56947979]","[ 0.00000000e+00  0.00000000e+00 -1.46093410e-03  2.85180824e-05
  5.30298914e-06 -1.61374851e-04 -1.06058724e-04  2.64548924e-05]","[ 0.          0.11526419 12.89103889  0.79203153 -1.9912622   0.36375064
  0.05400609 -0.45712522]"
1746810083.1840234,"[ 0.          0.59042201  0.84825243 -3.14154445 -1.91991224  1.38166156
  1.50013814  1.56947979]","[ 0.00000000e+00  1.06140091e-05 -2.31838420e-03  2.25579306e-05
  5.30298914e-06 -1.69311312e-04 -9.52376087e-05  2.64551545e-05]","[ 0.          0.02905374 12.74688625  0.75485647 -2.00510573  0.32327139
  0.07146109 -0.45649433]"
1746810083.1857748,"[ 0.          0.59042155  0.8482441  -3.14154445 -1.91991224  1.38166062
  1.50013814  1.56947979]","[ 0.00000000e+00  5.30293632e-06 -3.15945936e-03  2.25758575e-05
  5.30700455e-06 -1.79893264e-04 -9.53095680e-05  2.64748795e-05]","[ 0.         -0.01356588 12.65466404  0.70950091 -1.99426091  0.32967997
  0.10055782 -0.44087103]"
1746810083.1876104,"[ 0.          0.59042155  0.84823498 -3.14154445 -1.91991224  1.38165969
  1.50013814  1.56947979]","[ 0.00000000e+00  1.06140091e-05 -4.37126684e-03  2.23248654e-05
  5.30298914e-06 -1.90475217e-04 -8.46564929e-05  2.64548924e-05]","[ 0.         -0.07720345 12.54764557  0.67288059 -1.99815452  0.34179682
  0.10203993 -0.43099362]"
1746810083.1887903,"[ 0.          0.59042155  0.84822992 -3.14154445 -1.91991224  1.38165969
  1.50013814  1.56947979]","[ 0.00000000e+00  1.06140091e-05 -4.77172200e-03  2.23248654e-05
  5.30298914e-06 -1.90475217e-04 -8.47204549e-05  2.64551545e-05]","[ 0.         -0.10928439 12.49343777  0.65129095 -2.00481963  0.34332648
  0.13588586 -0.42824194]"
1746810083.1905744,"[ 0.          0.59042155  0.84822393 -3.14154445 -1.91991224  1.38165969
  1.50013814  1.56947979]","[ 0.00000000e+00  1.06059783e-05 -5.17885640e-03  2.20965669e-05
  5.30700455e-06 -1.90475217e-04 -8.47196178e-05  2.64751417e-05]","[ 0.         -0.13537455 12.45761871  0.63191766 -2.01539588  0.31435141
  0.13429455 -0.42624745]"
1746810083.1917102,"[ 0.          0.59042155  0.84821108 -3.14154445 -1.91991224  1.38165876
  1.50013814  1.56947979]","[ 0.00000000e+00  1.06139034e-05 -6.23218342e-03  2.21137684e-05
  5.30298914e-06 -1.98411694e-04 -8.46556558e-05  2.64548924e-05]","[ 0.         -0.19396447 12.3800087   0.58404201 -1.9827038   0.32019672
  0.12560885 -0.43115711]"
1746810083.1934466,"[ 0.          0.59042155  0.84819544 -3.14154445 -1.91991224  1.38165876
  1.50013814  1.56947979]","[ 0.00000000e+00  1.06059783e-05 -7.66844804e-03  2.18726652e-05
  5.30298914e-06 -1.98411694e-04 -8.47204549e-05  2.64548924e-05]","[ 0.         -0.21980181 12.27943897  0.50841653 -1.95250487  0.29374218
  0.13037528 -0.40782028]"
1746810083.194653,"[ 0.          0.59042155  0.84818671 -3.14154472 -1.91991224  1.38165783
  1.50013814  1.56948073]","[ 0.00000000e+00  1.06059783e-05 -8.32237841e-03  1.89467925e-05
  5.30700455e-06 -1.98561611e-04 -8.46556558e-05  3.70372172e-05]","[ 0.         -0.22761115 12.24346638  0.50268656 -1.94158792  0.28261614
  0.12939957 -0.3877413 ]"
1746810083.1970534,"[ 0.          0.59042108  0.84816701 -3.14154472 -1.91991224  1.38165676
  1.50013814  1.56948073]","[ 0.00000000e+00  5.30700455e-06 -1.02637042e-02  1.89323604e-05
  5.30298914e-06 -2.08995711e-04 -7.67771511e-05  3.70368514e-05]","[ 0.         -0.25952551 12.15929604  0.44164729 -1.87716877  0.27925143
  0.15168709 -0.39830846]"
1746810083.1981623,"[ 0.          0.59042108  0.84815549 -3.14154472 -1.91991224  1.38165583
  1.5001392   1.56948073]","[ 0.00000000e+00  5.30298914e-06 -1.07728996e-02  1.87444730e-05
  5.30298914e-06 -2.16932270e-04 -6.61872009e-05  3.70368514e-05]","[ 0.         -0.28220111 12.1150074   0.42719686 -1.88368177  0.26631767
  0.16500171 -0.40756407]"
1746810083.1998518,"[ 0.          0.59042108  0.84813212 -3.14154472 -1.91991224  1.3816549
  1.5001392   1.56948073]","[ 0.00000000e+00  5.30298914e-06 -1.21420713e-02  1.85604623e-05
  5.29497611e-06 -2.16930124e-04 -6.61378843e-05  3.70368514e-05]","[ 0.         -0.34614471 12.02540016  0.36813146 -1.89323366  0.26495311
  0.17137296 -0.42340454]"
1746810083.2010407,"[ 0.          0.59042108  0.84812013 -3.14154472 -1.91991224  1.3816549
  1.5001392   1.56948073]","[ 0.00000000e+00  5.30700455e-06 -1.21543863e-02  1.85604623e-05
  5.30293632e-06 -2.16930124e-04 -6.61372301e-05  3.70368514e-05]","[ 0.         -0.35571632 11.9654541   0.33442816 -1.92187893  0.25143036
  0.19084792 -0.42210662]"
1746810083.2028148,"[ 0.          0.59042108  0.8480935  -3.14154525 -1.91991224  1.38165397
  1.5001392   1.56948073]","[ 0.00000000e+00  5.30293632e-06 -1.35414969e-02  1.32573405e-05
  5.29497611e-06 -2.27686229e-04 -6.61872009e-05  3.70368514e-05]","[ 0.         -0.4146885  11.90787983  0.28383005 -1.92938626  0.24731874
  0.20963863 -0.398516  ]"
1746810083.2039316,"[ 0.          0.59042062  0.84807886 -3.14154525 -1.91991224  1.38165397
  1.5001392   1.56948073]","[ 0.00000000e+00  0.00000000e+00 -1.48553612e-02  1.32673788e-05
  5.29497611e-06 -2.27686229e-04 -6.61372301e-05  3.70368514e-05]","[ 0.         -0.44177943 11.87250423  0.2454742  -1.94257581  0.24479532
  0.20584892 -0.39862549]"
1746810083.205723,"[ 0.          0.59042062  0.84804577 -3.14154578 -1.91991224  1.38165303
  1.5001392   1.56948073]","[ 0.00000000e+00  5.30298914e-06 -1.78264326e-02  7.95448397e-06
  5.29897933e-06 -2.35448538e-04 -6.61372301e-05  3.70368514e-05]","[ 0.         -0.46785167 11.78040791  0.14961469 -1.93017209  0.2392146
  0.22446887 -0.3916336 ]"
1746810083.207517,"[ 0.          0.59042062  0.84802466 -3.14154578 -1.91991224  1.3816521
  1.5001392   1.56948073]","[ 0.00000000e+00  5.30298914e-06 -1.98107082e-02  7.95448397e-06
  5.29497611e-06 -2.35448538e-04 -6.61378843e-05  2.64548924e-05]","[ 0.         -0.4972696  11.74638939  0.11166196 -1.92258132  0.24025489
  0.24763453 -0.37679851]"
1746810083.208643,"[ 0.          0.59042015  0.84797646 -3.14154631 -1.91991224  1.38165117
  1.5001392   1.56948166]","[ 0.00000000e+00  0.00000000e+00 -2.64695534e-02  2.65149457e-06
  5.29497611e-06 -2.43385014e-04 -6.61372301e-05  3.70372172e-05]","[ 0.         -0.5893172  11.70698261  0.0557928  -1.90064394  0.20664999
  0.26037645 -0.39896834]"
1746810083.2104836,"[ 0.          0.59042015  0.8479461  -3.14154631 -1.91991224  1.3816501
  1.5001392   1.56948166]","[ 0.00000000e+00  0.00000000e+00 -3.07911127e-02  0.00000000e+00
  5.29897933e-06 -2.53969471e-04 -6.61372301e-05  3.70651995e-05]","[ 0.         -0.62909716 11.68637276  0.03510915 -1.92081392  0.18841837
  0.27545133 -0.40665758]"
1746810083.211655,"[ 0.          0.59041928  0.84786993 -3.14154631 -1.91991224  1.38164917
  1.5001392   1.56948166]","[ 0.00000000e+00 -7.95448397e-06 -3.93706464e-02  0.00000000e+00
  5.29497611e-06 -2.64748804e-04 -5.55552731e-05  3.70368514e-05]","[ 0.         -0.69330108 11.740592   -0.01245183 -1.97888708  0.17709026
  0.26427618 -0.38981584]"
1746810083.2134652,"[ 0.          0.59041928  0.84782765 -3.14154658 -1.91991224  1.38164824
  1.5001392   1.56948166]","[ 0.00000000e+00 -7.94846874e-06 -4.29454991e-02 -2.64948966e-06
  5.29502843e-06 -2.75338770e-04 -5.55558217e-05  3.70368514e-05]","[ 0.         -0.71751088 11.77533722 -0.02843177 -2.01681876  0.17728074
  0.25860545 -0.38656136]"
1746810083.214557,"[ 0.          0.59041835  0.84773537 -3.14154711 -1.91991278  1.38164731
  1.5001392   1.56948166]","[ 0.00000000e+00 -1.85604623e-05 -4.80773522e-02 -7.95448397e-06
  0.00000000e+00 -2.75338770e-04 -5.55128119e-05  3.70372172e-05]","[ 0.         -0.77545029 11.85663414 -0.07135372 -2.10060453  0.16833226
  0.26039129 -0.37074804]"
1746810083.2163868,"[ 0.          0.59041789  0.84768298 -3.14154711 -1.91991278  1.38164638
  1.5001392   1.56948166]","[ 0.00000000e+00 -2.12119566e-05 -4.94013885e-02 -7.95440473e-06
  0.00000000e+00 -2.83284008e-04 -5.55552731e-05  3.70372172e-05]","[ 0.         -0.84618038 11.90962124 -0.10375123 -2.17794633  0.16089493
  0.25094607 -0.38254362]"
1746810083.2181296,"[ 0.          0.59041695  0.84757598 -3.14154818 -1.91991278  1.38164638
  1.50014013  1.56948166]","[ 0.00000000e+00 -3.70928568e-05 -5.64503723e-02 -1.85604623e-05
  0.00000000e+00 -2.83067334e-04 -4.76192757e-05  3.70089097e-05]","[ 0.         -0.9475348  11.99328423 -0.1607008  -2.28957939  0.19052014
  0.26460838 -0.37830377]"
1746810083.2193024,"[ 0.          0.59041556  0.84745022 -3.14154818 -1.91991331  1.38164638
  1.50014013  1.56948166]","[ 0.00000000e+00 -5.03783961e-05 -6.31936502e-02 -2.38634509e-05
 -5.29892650e-06 -2.83281212e-04 -3.70368514e-05  3.70368514e-05]","[ 0.         -1.03980815 12.13484669 -0.22787899 -2.32117152  0.22032093
  0.27302459 -0.35559464]"
1746810083.221042,"[ 0.          0.59041469  0.84738497 -3.14154845 -1.91991331  1.38164638
  1.50014013  1.56948166]","[ 0.00000000e+00 -5.83328791e-05 -6.61738814e-02 -2.64948971e-05
 -5.29497611e-06 -2.75755442e-04 -3.70368514e-05  3.70368514e-05]","[ 0.         -1.08538067 12.21243286 -0.25090042 -2.38733912  0.23127842
  0.27944863 -0.3586168 ]"
1746810083.2227426,"[ 0.          0.59041283  0.84725001 -3.14154898 -1.91991384  1.38164544
  1.50014013  1.56948259]","[ 0.00000000e+00 -7.68925753e-05 -6.97558955e-02 -3.18179359e-05
 -1.05899522e-05 -2.83707084e-04 -3.70089097e-05  4.76188043e-05]","[ 0.         -1.15390754 12.36652851 -0.27306321 -2.46288323  0.24921906
  0.29085821 -0.36670753]"
1746810083.223917,"[ 0.          0.59041189  0.84717192 -3.14154898 -1.91991384  1.38164544
  1.50014013  1.56948259]","[ 0.00000000e+00 -8.74993247e-05 -7.34060407e-02 -3.18179359e-05
 -1.05979587e-05 -2.83707084e-04 -3.70368514e-05  4.76192757e-05]","[ 0.         -1.18342948 12.46524811 -0.31943792 -2.50446582  0.24211858
  0.28339806 -0.36577827]"
1746810083.2255986,"[ 0.          0.59040916  0.84701625 -3.14154951 -1.91991384  1.38164451
  1.50014013  1.56948259]","[ 0.00000000e+00 -1.13928053e-04 -8.04890505e-02 -3.71209245e-05
 -1.05899522e-05 -2.91664416e-04 -3.70372172e-05  4.76188043e-05]","[ 0.         -1.23239255 12.6250639  -0.33501634 -2.59246325  0.21502577
  0.26473081 -0.35084951]"
1746810083.2273633,"[ 0.          0.59040823  0.84693589 -3.14154951 -1.91991411  1.38164345
  1.50014013  1.56948259]","[ 0.00000000e+00 -1.21967536e-04 -8.15694367e-02 -3.71205547e-05
 -1.32374398e-05 -3.02270377e-04 -3.70089097e-05  4.76192757e-05]","[ 0.         -1.27722919 12.73406696 -0.30119583 -2.62106729  0.20693773
  0.26164281 -0.33261815]"
1746810083.2291124,"[ 0.          0.5904055   0.84675819 -3.14154978 -1.91991464  1.38164251
  1.50014013  1.56948259]","[ 0.00000000e+00 -1.51136700e-04 -8.99424568e-02 -3.97720206e-05
 -1.85324169e-05 -3.12873249e-04 -3.70368514e-05  4.76188043e-05]","[ 0.         -1.36895239 12.95219231 -0.28960869 -2.6838479   0.17852435
  0.23586972 -0.34507665]"
1746810083.2302036,"[ 0.          0.5904041   0.84666638 -3.14154978 -1.91991464  1.38164158
  1.50014013  1.56948259]","[ 0.00000000e+00 -1.64392656e-04 -9.31836320e-02 -3.97724188e-05
 -1.85324169e-05 -3.12876370e-04 -2.64548924e-05  4.75828816e-05]","[ 0.         -1.37150455 13.03251648 -0.30202216 -2.70853424  0.16805542
  0.23442768 -0.36063105]"
1746810083.2319307,"[ 0.          0.59040091  0.84646292 -3.14155031 -1.91991517  1.38164065
  1.50014013  1.56948259]","[ 0.00000000e+00 -2.00140067e-04 -1.02062761e-01 -4.50754075e-05
 -2.38451685e-05 -3.23482331e-04 -2.64548924e-05  4.76192757e-05]","[ 0.         -1.44206715 13.18280602 -0.30732703 -2.73182559  0.15335497
  0.23265834 -0.33526579]"
1746810083.2336693,"[ 0.          0.59039765  0.84625033 -3.14155084 -1.91991517  1.38163879
  1.50014013  1.56948259]","[ 0.00000000e+00 -3.40833710e-04 -1.09389475e-01 -5.56808321e-05
 -2.38273920e-05 -3.31433519e-04 -2.64548924e-05  4.76188043e-05]","[ 0.         -1.50324667 13.32119656 -0.31384844 -2.77104998  0.14163302
  0.21541131 -0.34064141]"
1746810083.2347488,"[ 0.          0.59039585  0.84613967 -3.14155137 -1.91991517  1.38163772
  1.50014013  1.56948365]","[ 0.00000000e+00 -5.09675977e-04 -1.12246706e-01 -6.10305528e-05
 -2.38273920e-05 -3.41784152e-04 -2.64351959e-05  5.82013384e-05]","[ 0.         -1.55315375 13.40647697 -0.28863984 -2.76152301  0.14207888
  0.21182252 -0.32591498]"
1746810083.2370727,"[ 0.          0.59039172  0.84590505 -3.14155164 -1.91991571  1.38163679
  1.50014013  1.56948365]","[ 0.00000000e+00 -1.23750490e-03 -1.16412014e-01 -6.36358718e-05
 -2.91223691e-05 -3.53467210e-04 -2.64548924e-05  5.82007654e-05]","[ 0.         -1.58125556 13.54394436 -0.29803401 -2.7990272   0.11608941
  0.21466152 -0.33095121]"
1746810083.2386944,"[ 0.          0.59038666  0.84567495 -3.14155324 -1.91991651  1.38163492
  1.50014013  1.56948365]","[ 0.00000000e+00 -1.88820098e-03 -1.17762503e-01 -7.96050693e-05
 -3.70644640e-05 -3.71549236e-04 -1.85046377e-05  5.82007654e-05]","[ 0.         -1.64598227 13.63611221 -0.28502509 -2.86185431  0.09692094
  0.19986239 -0.32549033]"
1746810083.240441,"[ 0.          0.59038347  0.84554825 -3.14155404 -1.91991651  1.38163306
  1.50014013  1.56948365]","[ 0.00000000e+00 -2.08898135e-03 -1.19365785e-01 -8.73671094e-05
 -3.70928568e-05 -3.96078991e-04 -1.85184257e-05  5.82013384e-05]","[ 0.         -1.66552389 13.65429115 -0.31094399 -2.88955283  0.09246206
  0.20448408 -0.34112817]"
1746810083.2421627,"[ 0.          0.59037747  0.84531223 -3.14155537 -1.91991704  1.38163013
  1.50014013  1.56948365]","[ 0.00000000e+00 -2.55007089e-03 -1.19531949e-01 -1.00605543e-04
 -4.23598089e-05 -4.36870251e-04 -1.85184257e-05  5.81568575e-05]","[ 0.         -1.72036099 13.6639576  -0.31965381 -2.94084644  0.04580406
  0.20686848 -0.33997545]"
1746810083.2438486,"[ 0.          0.59037055  0.84506196 -3.1415567  -1.9199173   1.38162733
  1.50014013  1.56948365]","[ 0.00000000e+00 -3.03945405e-03 -1.22259883e-01 -1.13841985e-04
 -4.50413255e-05 -5.15716691e-04 -1.85184257e-05  5.82887721e-05]","[ 0.00000000e+00 -1.78349900e+00  1.36353455e+01 -3.30552608e-01
 -2.96443462e+00  1.25144543e-02  2.01089665e-01 -3.55323404e-01]"
1746810083.2455325,"[ 0.          0.59036642  0.84494025 -3.14155777 -1.9199173   1.38162547
  1.50014013  1.56948365]","[ 0.00000000e+00 -3.40408059e-03 -1.23434545e-01 -1.24431935e-04
 -4.50413255e-05 -5.62006963e-04 -1.85186086e-05  5.82887721e-05]","[ 0.00000000e+00 -1.79441094e+00  1.35973549e+01 -3.43145013e-01
 -2.95631933e+00 -8.77335260e-04  2.10451871e-01 -3.50792885e-01]"
1746810083.247222,"[ 0.          0.59035683  0.84469371 -3.1415599  -1.9199173   1.38162068
  1.50014013  1.56948459]","[ 0.00000000e+00 -4.45660815e-03 -1.25325232e-01 -1.45613274e-04
 -4.50072964e-05 -6.89588244e-04 -1.05739739e-05  6.62372408e-05]","[ 0.         -1.821118   13.50140953 -0.35342759 -2.96353769 -0.02716889
  0.21297243 -0.34977639]"
1746810083.248901,"[ 0.          0.59034438  0.84443425 -3.14156283 -1.91991784  1.38161588
  1.50014013  1.56948459]","[ 0.00000000e+00 -5.79329707e-03 -1.28393451e-01 -1.80029186e-04
 -5.56392812e-05 -8.24311750e-04 -1.05819570e-05  6.62372408e-05]","[ 0.         -1.84695852 13.35075474 -0.39831409 -2.93791604 -0.07533796
  0.20635399 -0.36642882]"
1746810083.2505772,"[ 0.          0.59033706  0.84430476 -3.14156416 -1.91991784  1.38161215
  1.50014013  1.56948459]","[ 0.00000000e+00 -6.49337451e-03 -1.31267377e-01 -2.01311718e-04
 -5.55977993e-05 -9.45389093e-04 -1.05819570e-05  6.62372408e-05]","[ 0.         -1.87417185 13.26427937 -0.40547395 -2.95227957 -0.10312133
  0.22295494 -0.37867457]"
1746810083.2523293,"[ 0.          0.59031962  0.84403058 -3.14156735 -1.91991837  1.3816035
  1.50014013  1.56948459]","[ 0.00000000e+00 -8.58245273e-03 -1.41531083e-01 -3.32540883e-04
 -5.55977993e-05 -1.33302942e-03 -1.05820616e-05  6.62372408e-05]","[ 0.         -1.89336729 13.10699558 -0.39300168 -2.93140578 -0.15297295
  0.2549594  -0.35871807]"
1746810083.254028,"[ 0.          0.59029938  0.84372985 -3.14156922 -1.9199189   1.38159112
  1.50014107  1.56948459]","[ 0.00000000e+00 -1.08038994e-02 -1.47953396e-01 -4.68078162e-04
 -6.61872009e-05 -2.43789927e-03  0.00000000e+00  5.82893532e-05]","[ 0.         -1.86486971 12.93407726 -0.42679536 -2.98968315 -0.2030946
  0.29227582 -0.34055018]"
1746810083.2556837,"[ 0.          0.59028839  0.84343324 -3.14157295 -1.91991917  1.38157594
  1.50014107  1.56948459]","[ 0.00000000e+00 -1.10627764e-02 -1.51254584e-01 -8.48388911e-04
 -6.88346925e-05 -4.61896111e-03  1.05739739e-05  5.82887721e-05]","[ 0.         -1.85514104 12.8535738  -0.45397741 -3.03828001 -0.24010272
  0.29137412 -0.35364386]"
1746810083.2574096,"[ 0.          0.59027601  0.84328124 -3.14157481 -1.9199197   1.38156741
  1.50014107  1.56948459]","[ 0.00000000e+00 -1.15353491e-02 -1.54225656e-01 -1.14389050e-03
 -7.41296676e-05 -6.41081911e-03  1.05819570e-05  5.82887721e-05]","[ 0.         -1.8564961  12.7356348  -0.47519496 -3.05086946 -0.24289417
  0.28783825 -0.35149884]"
1746810083.2591314,"[ 0.          0.59025117  0.84295933 -3.14157934 -1.91992103  1.38154837
  1.50014107  1.56948459]","[ 0.00000000e+00 -1.24244839e-02 -1.58277123e-01 -1.66749254e-03
 -8.73671094e-05 -9.00969971e-03  1.05739739e-05  5.82893532e-05]","[ 0.         -1.8396461  12.62780762 -0.56227726 -3.16001892 -0.2634851
  0.30327713 -0.33104256]"
1746810083.260807,"[ 0.          0.59022041  0.84264434 -3.14158387 -1.91992236  1.38153026
  1.500142    1.56948459]","[ 0.00000000e+00 -1.53955564e-02 -1.60707990e-01 -1.97642651e-03
 -1.00528593e-04 -9.47681713e-03  1.85184257e-05  5.82887721e-05]","[ 0.         -1.80251241 12.46918678 -0.55623531 -3.25401163 -0.28954744
  0.33807683 -0.32841468]"
1746810083.263118,"[ 0.          0.59018459  0.84231052 -3.14158893 -1.91992343  1.38151508
  1.50014293  1.56948552]","[ 0.00000000e+00 -1.91769216e-02 -1.63408968e-01 -2.19824807e-03
 -1.11195599e-04 -7.89734726e-03  2.64349338e-05  6.62372408e-05]","[ 0.         -1.78073525 12.33504963 -0.60399008 -3.34414411 -0.27978736
  0.35869011 -0.34033799]"
1746810083.26428,"[ 0.          0.59014145  0.84196837  3.14159132 -1.91992396  1.38150456
  1.50014293  1.56948552]","[ 0.00000000e+00 -2.24180906e-02 -1.68265642e-01 -2.41590791e-03
 -1.16489477e-04 -5.61774274e-03  2.64548924e-05  6.62372408e-05]","[ 0.         -1.70817637 12.2308712  -0.60490823 -3.36154819 -0.31296211
  0.3551465  -0.34858468]"
1746810083.2660487,"[ 0.          0.59011801  0.84179759  3.14158893 -1.91992423  1.38150083
  1.50014293  1.56948552]","[ 0.00000000e+00 -2.37685775e-02 -1.73132485e-01 -2.44221677e-03
 -1.19048193e-04 -4.86175453e-03  3.70368514e-05  6.61872009e-05]","[ 0.         -1.68187094 12.237463   -0.64559877 -3.37531781 -0.32551873
  0.36579731 -0.3448247 ]"
1746810083.2671828,"[ 0.          0.59006662  0.84144492  3.14158387 -1.91992423  1.38149418
  1.50014293  1.56948552]","[ 0.00000000e+00 -2.55543206e-02 -1.81235403e-01 -2.50165103e-03
 -1.19136960e-04 -3.42218385e-03  3.70368514e-05  6.62372408e-05]","[ 0.         -1.5903486  12.19542503 -0.67207718 -3.39881396 -0.36287272
  0.38811344 -0.34361777]"
1746810083.2689402,"[ 0.          0.59004132  0.84126309  3.14158173 -1.91992423  1.38149031
  1.50014293  1.56948552]","[ 0.00000000e+00 -2.56592596e-02 -1.84476569e-01 -2.44449034e-03
 -1.19136960e-04 -3.50993214e-03  3.70372172e-05  6.62372408e-05]","[ 0.         -1.55397522 12.11913395 -0.63642132 -3.40340924 -0.37894288
  0.38396326 -0.339672  ]"
1746810083.2706158,"[ 0.          0.59001655  0.84106289  3.14157934 -1.91992423  1.38148659
  1.50014293  1.56948552]","[ 0.00000000e+00 -2.51190644e-02 -1.88577888e-01 -2.39964468e-03
 -1.19048193e-04 -3.57649089e-03  3.70372172e-05  6.62372408e-05]","[ 0.         -1.49636734 12.15748215 -0.64906341 -3.39590025 -0.400107
  0.39504457 -0.34363446]"
1746810083.2723165,"[ 0.          0.58996601  0.84068079  3.14157534 -1.91992476  1.381477
  1.50014386  1.56948552]","[ 0.00000000e+00 -2.43087727e-02 -1.96090765e-01 -2.23795049e-03
 -1.24431935e-04 -3.94867363e-03  4.75828816e-05  6.62379032e-05]","[ 0.         -1.41932869 12.12441063 -0.65285152 -3.35753202 -0.44545716
  0.37926379 -0.34478438]"
1746810083.2734542,"[ 0.          0.58992147  0.84026894  3.14157108 -1.91992556  1.38146368
  1.50014386  1.56948552]","[ 0.00000000e+00 -2.18778954e-02 -2.02680840e-01 -2.13266148e-03
 -1.32274460e-04 -4.63619207e-03  4.76188043e-05  6.62873661e-05]","[ 0.         -1.3513509  12.121315   -0.64639783 -3.35879564 -0.48829973
  0.37801307 -0.34784937]"
1746810083.2752044,"[ 0.          0.5898981   0.84006733  3.14156895 -1.91992609  1.38145516
  1.50014386  1.56948552]","[ 0.00000000e+00 -2.20468647e-02 -2.04463793e-01 -2.13266148e-03
 -1.37566802e-04 -5.51129016e-03  4.75828816e-05  5.82887721e-05]","[ 0.         -1.3233242  12.05571556 -0.62460387 -3.36873198 -0.49446717
  0.37389016 -0.34792486]"
1746810083.276914,"[ 0.          0.58985676  0.83965501  3.14156416 -1.91992716  1.38143705
  1.50014386  1.56948552]","[ 0.00000000e+00 -2.10676037e-02 -2.10405938e-01 -2.18563342e-03
 -1.48147406e-04 -7.97990733e-03  5.82013384e-05  5.82887721e-05]","[ 0.         -1.25841796 12.04393482 -0.59837043 -3.39150071 -0.50187367
  0.38019875 -0.36300927]"
1746810083.2786565,"[ 0.          0.58983652  0.83942818  3.14156203 -1.91992742  1.3814256
  1.50014386  1.56948552]","[ 0.00000000e+00 -2.05274085e-02 -2.13654728e-01 -2.15166797e-03
 -1.50792882e-04 -9.47343408e-03  5.82007654e-05  5.82887721e-05]","[ 0.         -1.24200571 12.1505146  -0.59636956 -3.41171956 -0.50333691
  0.37888968 -0.36553141]"
1746810083.2797554,"[ 0.          0.58979111  0.83900114  3.1415559  -1.91992902  1.3813971
  1.50014386  1.56948645]","[ 0.00000000e+00 -2.27984628e-02 -2.17428461e-01 -2.41556565e-03
 -1.66791744e-04 -1.31622461e-02  5.82007654e-05  6.62372408e-05]","[ 0.         -1.21344543 12.2071104  -0.60529685 -3.4309063  -0.5218907
  0.37758228 -0.33616471]"
1746810083.281501,"[ 0.          0.58974058  0.83856398  3.14154898 -1.91993035  1.38136768
  1.50014386  1.56948645]","[ 0.00000000e+00 -2.64427345e-02 -2.22560322e-01 -2.93289900e-03
 -1.79893264e-04 -1.48553612e-02  5.82007654e-05  6.62873661e-05]","[ 0.         -1.12948954 12.3077116  -0.59645295 -3.4998095  -0.55862427
  0.35467762 -0.3396177 ]"
1746810083.2832186,"[ 0.          0.58971075  0.83832423  3.14154498 -1.91993062  1.38134957
  1.50014386  1.56948645]","[ 0.00000000e+00 -2.80860672e-02 -2.25691617e-01 -3.40408059e-03
 -1.88211189e-04 -1.62546453e-02  5.81574305e-05  6.62372408e-05]","[ 0.         -1.10614443 12.30982113 -0.58790922 -3.52213168 -0.58712667
  0.35727879 -0.32242787]"
1746810083.2849069,"[ 0.          0.58965056  0.83787382  3.141533   -1.91993169  1.38131721
  1.50014386  1.56948645]","[ 0.00000000e+00 -3.13313079e-02 -2.28810595e-01 -4.90111730e-03
 -2.27192348e-04 -1.64759457e-02  5.82887721e-05  6.62365825e-05]","[ 0.         -1.03987825 12.44085979 -0.55647248 -3.57778168 -0.63953888
  0.33864173 -0.34880617]"
1746810083.2866406,"[ 0.          0.58961794  0.83764652  3.14152661 -1.91993222  1.38130096
  1.50014386  1.56948645]","[ 0.00000000e+00 -3.29518914e-02 -2.30663240e-01 -6.05662909e-03
 -2.61463350e-04 -1.64759457e-02  5.82887721e-05  6.62372408e-05]","[ 0.         -1.03263462 12.56212997 -0.53744382 -3.61668062 -0.65361315
  0.34551942 -0.35253963]"
1746810083.287727,"[ 0.          0.5895477   0.83716755  3.14151196 -1.91993355  1.38126767
  1.50014479  1.56948645]","[ 0.00000000e+00 -3.46060473e-02 -2.35254896e-01 -7.14855323e-03
 -3.22357802e-04 -1.62546453e-02  6.62372408e-05  6.62372408e-05]","[ 0.         -0.97166395 12.66029167 -0.48349747 -3.64628291 -0.67942744
  0.34108183 -0.35800833]"
1746810083.2894688,"[ 0.          0.58947333  0.83669917  3.14149438 -1.91993488  1.38123066
  1.50014479  1.56948645]","[ 0.00000000e+00 -3.86239376e-02 -2.37145590e-01 -8.91321630e-03
 -3.65353355e-04 -1.87717736e-02  6.62365825e-05  6.62372408e-05]","[ 0.         -0.93483198 12.75371552 -0.42945769 -3.70609117 -0.70958984
  0.32731494 -0.35132581]"
1746810083.2906363,"[ 0.          0.58943338  0.83644663  3.14148533 -1.91993568  1.38120869
  1.50014479  1.56948645]","[ 0.00000000e+00 -4.05146197e-02 -2.37728506e-01 -9.18331389e-03
 -3.88807313e-04 -2.05630137e-02  6.61872009e-05  6.62372408e-05]","[ 0.         -0.89587867 12.71524048 -0.40373275 -3.72096658 -0.74523711
  0.3222183  -0.33519256]"
1746810083.2923357,"[ 0.          0.58934197  0.83596906  3.14146322 -1.91993728  1.38116315
  1.50014479  1.56948645]","[ 0.00000000e+00 -4.58906265e-02 -2.43627924e-01 -1.10627764e-02
 -4.70289119e-04 -2.40386761e-02  6.62372408e-05  6.62372408e-05]","[ 0.         -0.80160332 12.75692177 -0.37040183 -3.7309978  -0.77579433
  0.30427891 -0.33918193]"
1746810083.2940257,"[ 0.          0.5892947   0.83572751  3.14145177 -1.91993754  1.38113931
  1.50014479  1.56948738]","[ 0.00000000e+00 -4.80773522e-02 -2.44978413e-01 -1.16141912e-02
 -4.79037239e-04 -2.43087727e-02  6.62372408e-05  7.41857136e-05]","[ 0.         -0.75159544 12.80016327 -0.36042452 -3.72408581 -0.75245196
  0.3008523  -0.34318754]"
1746810083.295151,"[ 0.          0.58919876  0.83522012  3.14142381 -1.91993888  1.38108791
  1.50014479  1.56948738]","[ 0.00000000e+00 -4.83474467e-02 -2.49029880e-01 -1.42938025e-02
 -4.63657614e-04 -2.59293582e-02  6.62372408e-05  6.62372408e-05]","[ 0.         -0.68691373 12.76481438 -0.29210448 -3.75413513 -0.75910568
  0.31335351 -0.37107688]"
1746810083.2969131,"[ 0.          0.58914869  0.83497217  3.14140756 -1.91993941  1.38106221
  1.50014479  1.56948738]","[ 0.00000000e+00 -4.71444719e-02 -2.51460747e-01 -1.64759457e-02
 -4.72008600e-04 -2.59030865e-02  6.62372408e-05  6.62379032e-05]","[ 0.         -0.63249767 12.72349644 -0.22672527 -3.75462317 -0.78349656
  0.30849454 -0.36803558]"
1746810083.2986383,"[ 0.          0.58910368  0.83472284  3.14139025 -1.91994047  1.38103372
  1.50014479  1.56948738]","[ 0.00000000e+00 -4.56464729e-02 -2.52555090e-01 -1.75563360e-02
 -4.85736558e-04 -2.89004307e-02  6.62372408e-05  6.62873661e-05]","[ 0.         -0.592902   12.70813942 -0.21290879 -3.77377033 -0.80694449
  0.30574346 -0.36542052]"
1746810083.299814,"[ 0.          0.589016    0.83420439  3.14134578 -1.91994234  1.380969
  1.50014479  1.56948738]","[ 0.00000000e+00 -4.42511055e-02 -2.52811236e-01 -2.27984628e-02
 -5.22054930e-04 -3.31014362e-02  5.56392812e-05  6.62372408e-05]","[ 0.         -0.49263132 12.66887856 -0.16707791 -3.76061487 -0.88730633
  0.30044407 -0.3417047 ]"
1746810083.3009877,"[ 0.          0.58897279  0.83395505  3.14131941 -1.91994314  1.38093385
  1.50014479  1.56948738]","[ 0.00000000e+00 -4.37557908e-02 -2.52811236e-01 -2.67396499e-02
 -5.70373229e-04 -3.56528652e-02  5.56398379e-05  6.62372408e-05]","[ 0.         -0.44916332 12.63602352 -0.15390477 -3.74967813 -0.90737319
  0.29643011 -0.3312692 ]"
1746810083.3027995,"[ 0.          0.58888737  0.83342794  3.14125789 -1.919945    1.3808397
  1.50014479  1.56948738]","[ 0.00000000e+00 -4.10548170e-02 -2.58040752e-01 -3.26817948e-02
 -6.76601172e-04 -4.38741517e-02  5.56392812e-05  6.62379032e-05]","[ 0.         -0.39922023 12.54909039 -0.11767735 -3.72540236 -0.95254934
  0.28975055 -0.32936764]"
1746810083.304547,"[ 0.          0.58884975  0.83317168  3.14122247 -1.91994633  1.38079869
  1.50014479  1.56948738]","[ 0.00000000e+00 -3.80837445e-02 -2.59833775e-01 -3.59229638e-02
 -7.10600559e-04 -4.91169796e-02  5.56392812e-05  6.62372408e-05]","[ 0.         -0.37873122 12.51344681 -0.09798685 -3.7090857  -0.96876848
  0.2821466  -0.35454515]"
1746810083.3057003,"[ 0.          0.58877811  0.8326505   3.14113938 -1.91994766  1.38069403
  1.50014479  1.56948738]","[ 0.00000000e+00 -3.40724268e-02 -2.65775920e-01 -4.21352073e-02
 -7.36665533e-04 -5.40194971e-02  5.56398379e-05  6.62873661e-05]","[ 0.         -0.37498099 12.45544434 -0.0478215  -3.68809986 -1.00073874
  0.27407041 -0.35574552]"
1746810083.3074522,"[ 0.          0.58871613  0.83209996  3.14104671 -1.91994953  1.3805666
  1.50014479  1.56948738]","[ 0.00000000e+00 -3.07911127e-02 -2.69190026e-01 -4.88876440e-02
 -7.84134233e-04 -5.88812517e-02  5.56392812e-05  5.82887721e-05]","[ 0.00000000e+00 -3.54511172e-01  1.23926802e+01 -3.66945914e-03
 -3.68523192e+00 -1.02257717e+00  2.64927775e-01 -3.49604130e-01]"
1746810083.3092964,"[ 0.          0.58868583  0.83179276  3.14098971 -1.91995059  1.38050761
  1.50014479  1.56948832]","[ 0.00000000e+00 -3.07911127e-02 -2.70060447e-01 -5.36644520e-02
 -8.20325006e-04 -5.99616379e-02  5.56392812e-05  6.62365825e-05]","[ 0.         -0.34422934 12.3705883   0.01566914 -3.68944192 -1.04510808
  0.25664967 -0.34630051]"
1746810083.31109,"[ 0.          0.58862338  0.83123483  3.14086614 -1.91995326  1.38039722
  1.50014479  1.56948832]","[ 0.00000000e+00 -3.07911127e-02 -2.72836077e-01 -6.53635897e-02
 -8.74340298e-04 -6.15556979e-02  5.56392812e-05  6.62372408e-05]","[ 0.         -0.33110157 12.29908276  0.02513726 -3.73149347 -1.04793429
  0.24662349 -0.34330478]"
1746810083.3123229,"[ 0.          0.58859262  0.83096299  3.14079104 -1.91995459  1.38032505
  1.50014479  1.56948832]","[ 0.00000000e+00 -3.13313079e-02 -2.75769515e-01 -7.06501766e-02
 -9.05505459e-04 -5.94494745e-02  5.56392812e-05  6.62372408e-05]","[ 0.         -0.30914912 12.25658894  0.04749778 -3.76367331 -1.05804276
  0.25006452 -0.36020038]"
1746810083.3140595,"[ 0.          0.58852831  0.83041058  3.14064137 -1.91995832  1.38020041
  1.50014479  1.56948832]","[ 0.00000000e+00 -3.10660363e-02 -2.81711677e-01 -7.77880725e-02
 -1.10285467e-03 -6.36784204e-02  5.56392812e-05  6.61372301e-05]","[ 0.         -0.27308065 12.21533394  0.09808281 -3.83404708 -1.08104277
  0.26314816 -0.34751725]"
1746810083.315235,"[ 0.          0.58846998  0.82982788  3.1404672  -1.91996231  1.38006339
  1.50014479  1.56948832]","[ 0.00000000e+00 -2.89004307e-02 -2.84682733e-01 -8.72674280e-02
 -1.30928476e-03 -6.82090192e-02  5.56392812e-05  6.61372301e-05]","[ 0.         -0.25079206 12.18264484  0.12416754 -3.82655621 -1.11802113
  0.2545498  -0.35844487]"
1746810083.316999,"[ 0.          0.58844242  0.82954638  3.14037772 -1.91996418  1.37999388
  1.50014479  1.56948832]","[ 0.00000000e+00 -2.80901368e-02 -2.85493033e-01 -9.07527485e-02
 -1.36750305e-03 -7.04954387e-02  5.56392812e-05  6.61372301e-05]","[ 0.         -0.23854306 12.2247858   0.14626107 -3.81594634 -1.12716925
  0.24243563 -0.3575978 ]"
1746810083.3186562,"[ 0.          0.58841532  0.82926356  3.14028504 -1.91996711  1.37992264
  1.50014479  1.56948832]","[ 0.00000000e+00 -2.75499417e-02 -2.86843522e-01 -9.38986908e-02
 -1.61176226e-03 -7.23861249e-02  4.76908124e-05  6.61372301e-05]","[ 0.         -0.23130722 12.15553665  0.17634653 -3.80079317 -1.12869883
  0.21585241 -0.36520404]"
1746810083.32037,"[ 0.          0.5883598   0.82867486  3.14008291 -1.91997217  1.37977231
  1.50014479  1.56948832]","[ 0.00000000e+00 -2.70097486e-02 -2.87923900e-01 -1.00808920e-01
 -2.09442223e-03 -7.42274678e-02  4.76912879e-05  6.61372301e-05]","[ 0.         -0.21558066 12.09242249  0.22100827 -3.82399559 -1.13273597
  0.20981331 -0.35899711]"
1746810083.3214695,"[ 0.          0.58830607  0.82809809  3.13987944 -1.91997802  1.37961718
  1.50014479  1.56948832]","[ 0.00000000e+00 -2.63306883e-02 -2.94946456e-01 -1.03987527e-01
 -2.49140514e-03 -7.99488533e-02  4.76908124e-05  5.82453112e-05]","[ 0.         -0.18771361 12.0468502   0.23252392 -3.81530046 -1.13009167
  0.23571552 -0.34040815]"
1746810083.3232968,"[ 0.          0.58828037  0.82809809  3.13977478 -1.91998122  1.37953635
  1.50014479  1.56948925]","[ 0.00000000e+00 -2.59293582e-02 -2.94946456e-01 -1.06148308e-01
 -2.68014784e-03 -8.21096340e-02  4.77269018e-05  6.61378843e-05]","[ 0.         -0.16937365 12.0468502   0.248501   -3.79047108 -1.14983737
  0.23248285 -0.33788431]"
1746810083.3250856,"[ 0.          0.58822797  0.82748969  3.13955107 -1.91998948  1.37944501
  1.50014479  1.56948925]","[ 0.00000000e+00 -2.69823804e-02 -2.97647434e-01 -1.09733256e-01
 -3.40624675e-03 -8.59326683e-02  4.76908124e-05  6.61378843e-05]","[ 0.         -0.16828887 12.06496048  0.23946792 -3.76085591 -1.14273095
  0.22417817 -0.3372457 ]"
1746810083.3261735,"[ 0.          0.5882018   0.82719395  3.13944188 -1.91999374  1.37935659
  1.50014479  1.56948925]","[ 0.00000000e+00 -2.64695534e-02 -2.99504423e-01 -1.10739964e-01
 -3.77715617e-03 -8.96723623e-02  4.76908124e-05  6.61872009e-05]","[ 0.         -0.16574782 12.14289474  0.23949052 -3.74066043 -1.16571414
  0.20955478 -0.36646613]"
1746810083.327996,"[ 0.          0.58814901  0.82657543  3.13921924 -1.92000466  1.37915299
  1.50014479  1.56948925]","[ 0.00000000e+00 -2.51190644e-02 -3.02677546e-01 -1.12630650e-01
 -5.13011743e-03 -1.01310460e-01  4.77269018e-05  6.61372301e-05]","[ 0.         -0.15654708 12.15069866  0.21581541 -3.75097513 -1.19674349
  0.19527511 -0.34349892]"
1746810083.3291652,"[ 0.          0.58812557  0.82627602  3.1390994  -1.92001105  1.3790474
  1.50014479  1.56948925]","[ 0.00000000e+00 -2.37685775e-02 -3.03589578e-01 -1.12845809e-01
 -5.85013372e-03 -1.06958600e-01  4.76908124e-05  6.61378843e-05]","[ 0.         -0.15473291 12.14926243  0.20213869 -3.75866485 -1.17729771
  0.18750569 -0.34688723]"
1746810083.3309324,"[ 0.          0.58808196  0.82566902  3.13887623 -1.92002703  1.37882196
  1.50014479  1.56948925]","[ 0.00000000e+00 -2.07942031e-02 -3.09845943e-01 -1.13326002e-01
 -7.80222976e-03 -1.17643185e-01  4.76908124e-05  6.61872009e-05]","[ 0.         -0.18386285 12.1859436   0.19996619 -3.78329015 -1.18147349
  0.18276165 -0.33787718]"
1746810083.3320978,"[ 0.          0.58806359  0.82533792  3.13876411 -1.92003635  1.3786916
  1.50014479  1.56948925]","[ 0.00000000e+00 -1.86367264e-02 -3.11411982e-01 -1.13711036e-01
 -8.91321630e-03 -1.22876547e-01  4.77269018e-05  6.61372301e-05]","[ 0.         -0.19722626 12.21119118  0.19603743 -3.77753162 -1.18693793
  0.17398018 -0.34207657]"
1746810083.33389,"[ 0.          0.5880301   0.82471847  3.13852629 -1.92005712  1.37842901
  1.50014479  1.56948925]","[ 0.00000000e+00 -1.67460433e-02 -3.15203757e-01 -1.17610404e-01
 -1.05322757e-02 -1.36129127e-01  4.76908124e-05  6.61372301e-05]","[ 0.         -0.219467   12.2295742   0.10623882 -3.75200033 -1.16672587
  0.18607512 -0.33672634]"
1746810083.3350353,"[ 0.          0.58801398  0.82440668  3.13840911 -1.92006857  1.37829199
  1.50014479  1.56948925]","[ 0.00000000e+00 -1.50461080e-02 -3.16284135e-01 -1.18842890e-01
 -1.16024244e-02 -1.38830105e-01  4.77269018e-05  6.61372301e-05]","[ 0.         -0.25683442 12.16974735  0.06342646 -3.72681952 -1.15414512
  0.19907536 -0.32667756]"
1746810083.3368874,"[ 0.          0.58798369  0.82375461  3.1381649  -1.92009041  1.37800477
  1.50014479  1.56948925]","[ 0.00000000e+00 -1.48553612e-02 -3.18677418e-01 -1.25325232e-01
 -1.10739970e-02 -1.40990877e-01  4.76908124e-05  5.55558217e-05]","[ 0.         -0.32713455 12.17372608 -0.03711764 -3.68446803 -1.12951744
  0.17966822 -0.32448554]"
1746810083.3386047,"[ 0.          0.58795067  0.82312137  3.13789912 -1.92011198  1.37772793
  1.50014479  1.56948925]","[ 0.00000000e+00 -1.60340836e-02 -3.21415980e-01 -1.31267377e-01
 -9.98348144e-03 -1.39910499e-01  4.77269018e-05  5.55133645e-05]","[ 0.         -0.35594708 12.25200844 -0.06111527 -3.64137125 -1.1944865
  0.17959006 -0.33372095]"
1746810083.3403175,"[ 0.          0.58793369  0.82277656  3.13776489 -1.92012184  1.37757946
  1.50014479  1.56948925]","[ 0.00000000e+00 -1.72862385e-02 -3.25051228e-01 -1.36129127e-01
 -9.99360666e-03 -1.39928809e-01  4.76908124e-05  5.55552731e-05]","[ 0.         -0.39992002 12.36257267 -0.10121674 -3.65113354 -1.23007953
  0.17262238 -0.32753819]"
1746810083.3420844,"[ 0.          0.58789647  0.82213141  3.13747461 -1.92013781  1.37730169
  1.50014479  1.56948925]","[ 0.00000000e+00 -1.94273149e-02 -3.27898347e-01 -1.43690324e-01
 -7.27228515e-03 -1.40990877e-01  4.76908124e-05  5.55558217e-05]","[ 0.         -0.46171516 12.47409248 -0.1878849  -3.7006321  -1.29258966
  0.17042387 -0.35453629]"
1746810083.3432155,"[ 0.          0.58787443  0.82180631  3.13732947 -1.92014367  1.37716281
  1.50014479  1.56948925]","[ 0.00000000e+00 -2.08137815e-02 -3.29454865e-01 -1.47203117e-01
 -5.94214437e-03 -1.40990877e-01  4.77269018e-05  5.55558217e-05]","[ 0.         -0.49255875 12.42652035 -0.22587229 -3.69360757 -1.33191001
  0.17060469 -0.36540148]"
1746810083.3449578,"[ 0.          0.58782756  0.82112853  3.13703812 -1.92015299  1.376866
  1.50014386  1.56948925]","[ 0.00000000e+00 -2.43087727e-02 -3.31515918e-01 -1.48553606e-01
 -4.32155961e-03 -1.45194943e-01  3.70924870e-05  5.55552731e-05]","[ 0.         -0.52222729 12.44217587 -0.26651198 -3.69709063 -1.36677241
  0.15408437 -0.35166541]"
1746810083.3460789,"[ 0.          0.58780233  0.82080249  3.13688099 -1.92015539  1.37672139
  1.50014386  1.56948925]","[ 0.00000000e+00 -2.56592596e-02 -3.30599325e-01 -1.47953396e-01
 -2.25479290e-03 -1.46662928e-01  3.70924870e-05  5.55552731e-05]","[ 0.         -0.53723353 12.47580433 -0.30946538 -3.67138672 -1.35952008
  0.16679321 -0.35873166]"
1746810083.3478744,"[ 0.          0.58774907  0.82014449  3.13658991 -1.92015699  1.37642751
  1.50014386  1.56949031]","[ 0.00000000e+00 -2.63306883e-02 -3.34920870e-01 -1.47473228e-01
 -2.70097476e-04 -1.49634000e-01  3.70928568e-05  5.82013384e-05]","[ 0.         -0.60262048 12.46426678 -0.37593919 -3.65153193 -1.30934095
  0.17161357 -0.36612085]"
1746810083.3489847,"[ 0.          0.58772243  0.8197877   3.13644423 -1.92015699  1.37626572
  1.50014386  1.56949031]","[ 0.00000000e+00 -2.69823804e-02 -3.36029743e-01 -1.47593619e-01
  0.00000000e+00 -1.52323793e-01  3.70928568e-05  5.82007654e-05]","[ 0.         -0.594468   12.36445808 -0.40854406 -3.65095878 -1.29704893
  0.18272704 -0.33293355]"
1746810083.3507376,"[ 0.          0.58766824  0.81911771  3.13614356 -1.92015672  1.37596426
  1.50014386  1.56949031]","[ 0.00000000e+00 -2.75499417e-02 -3.41057292e-01 -1.46198006e-01
  8.77772304e-05 -1.53259927e-01  3.71209245e-05  5.82007654e-05]","[ 0.         -0.63567084 12.28699589 -0.45896828 -3.6486969  -1.25375998
  0.17357068 -0.32093281]"
1746810083.3525379,"[ 0.          0.58761131  0.81841564  3.13585913 -1.92015752  1.37565213
  1.50014386  1.56949031]","[ 0.00000000e+00 -2.80901368e-02 -3.42800498e-01 -1.43961950e-01
 -1.32462624e-04 -1.51464158e-01  2.64551545e-05  5.82007654e-05]","[ 0.         -0.69944447 12.2919054  -0.51062936 -3.62406254 -1.25896227
  0.15507223 -0.32064548]"
1746810083.3536143,"[ 0.          0.58758282  0.81807535  3.13571879 -1.92015805  1.375499
  1.50014386  1.56949031]","[ 0.00000000e+00 -2.89004307e-02 -3.45184559e-01 -1.42341366e-01
 -2.09573954e-04 -1.55306051e-01  2.64551545e-05  5.82013384e-05]","[ 0.         -0.73902857 12.28638172 -0.53039426 -3.59107327 -1.27789533
  0.15577924 -0.32412946]"
1746810083.3559036,"[ 0.          0.5875181   0.81739025  3.13542131 -1.92015859  1.37518408
  1.50014386  1.56949031]","[ 0.00000000e+00 -3.26486822e-02 -3.48425760e-01 -1.45696483e-01
 -2.26491366e-04 -1.62973591e-01  2.64548924e-05  5.82013384e-05]","[ 0.         -0.79305124 12.32120991 -0.6038112  -3.53259063 -1.3618418
  0.1396524  -0.31679907]"
1746810083.3570247,"[ 0.          0.58748501  0.81701741  3.13527377 -1.92015885  1.37500818
  1.50014386  1.56949031]","[ 0.00000000e+00 -3.34920866e-02 -3.50745573e-01 -1.49634000e-01
 -3.05277096e-04 -1.65507189e-01  2.64551545e-05  5.82013384e-05]","[ 0.         -0.85330594 12.35429955 -0.6605196  -3.50560689 -1.36629462
  0.11355609 -0.3463538 ]"
1746810083.3587983,"[ 0.          0.58741571  0.81632359  3.13497017 -1.92015885  1.3746637
  1.50014386  1.56949031]","[ 0.00000000e+00 -3.53827707e-02 -3.51666927e-01 -1.55306051e-01
 -2.64925248e-04 -1.78534425e-01  2.64751417e-05  5.82447383e-05]","[ 0.         -0.95025277 12.33620548 -0.6542685  -3.45090294 -1.37644172
  0.09500264 -0.3623535 ]"
1746810083.3605313,"[ 0.          0.58737802  0.81597598  3.13481464 -1.92015939  1.374483
  1.50014386  1.56949031]","[ 0.00000000e+00 -3.56091228e-02 -3.52477193e-01 -1.57736934e-01
 -2.94989043e-04 -1.83126081e-01  1.85186086e-05  5.82007654e-05]","[ 0.         -0.98066634 12.32158852 -0.64671189 -3.43102384 -1.39427555
  0.09070824 -0.38058791]"
1746810083.3616338,"[ 0.          0.58730825  0.8152546   3.13448494 -1.92016125  1.37409298
  1.50014386  1.56949031]","[ 0.00000000e+00 -3.53827707e-02 -3.53017416e-01 -1.60814999e-01
 -4.08755306e-04 -1.93411125e-01  1.85186086e-05  5.82007654e-05]","[ 0.         -0.98787105 12.15781879 -0.68455309 -3.41691947 -1.34686959
  0.10501008 -0.36023399]"
1746810083.3634036,"[ 0.          0.58723474  0.81452489  3.13414592 -1.92016311  1.37370203
  1.50014386  1.56949031]","[ 0.00000000e+00 -3.63614283e-02 -3.57259432e-01 -1.66510252e-01
 -4.89814296e-04 -1.97711348e-01  1.05819570e-05  4.76188043e-05]","[ 0.         -1.08395159 12.09003162 -0.68926853 -3.50194144 -1.28331137
  0.13089392 -0.35356137]"
1746810083.3651633,"[ 0.          0.58719666  0.81417042  3.13397761 -1.92016498  1.37350882
  1.50014386  1.56949031]","[ 0.00000000e+00 -3.86239376e-02 -3.59499749e-01 -1.70701602e-01
 -5.85061251e-04 -1.96090765e-01  1.05820616e-05  4.76188043e-05]","[ 0.         -1.12957573 12.05961895 -0.71634686 -3.54422426 -1.21905231
  0.13265908 -0.34331766]"
1746810083.366916,"[ 0.          0.58711444  0.81346002  3.13363353 -1.92016817  1.37310935
  1.50014386  1.56949031]","[ 0.00000000e+00 -4.29454991e-02 -3.60580127e-01 -1.75563352e-01
 -7.12030902e-04 -1.93733501e-01  1.05899522e-05  4.76552554e-05]","[ 0.         -1.14071536 12.07902718 -0.77778155 -3.59759736 -1.25151074
  0.12550274 -0.34359375]"
1746810083.3686082,"[ 0.          0.58706623  0.81310556  3.13346096 -1.9201703   1.37291906
  1.50014386  1.56949031]","[ 0.00000000e+00 -4.53890909e-02 -3.59499749e-01 -1.75023163e-01
 -7.95718659e-04 -1.93045390e-01  1.05899522e-05  4.76552554e-05]","[ 0.         -1.16523504 12.13573933 -0.72641093 -3.62726307 -1.25540614
  0.12550274 -0.32881001]"
1746810083.369751,"[ 0.          0.58697029  0.81236487  3.1330977  -1.9201759   1.37252811
  1.50014293  1.56949031]","[ 0.00000000e+00 -4.94278371e-02 -3.62470805e-01 -1.78804536e-01
 -1.00296896e-03 -1.90958920e-01  0.00000000e+00  4.76188043e-05]","[ 0.         -1.26010501 12.21238995 -0.7170521  -3.70112944 -1.26319361
  0.09127378 -0.34973177]"
1746810083.3714738,"[ 0.          0.58686556  0.81164901  3.13273578 -1.92018202  1.37214848
  1.500142    1.56949031]","[ 0.00000000e+00 -5.14075353e-02 -3.62470805e-01 -1.85016775e-01
 -1.65095494e-03 -1.92849598e-01 -1.85324169e-05  4.76547840e-05]","[ 0.         -1.27218831 12.28361225 -0.67739171 -3.69831204 -1.27859497
  0.05470134 -0.35619792]"
1746810083.3732424,"[ 0.          0.58681183  0.81129081  3.13253604 -1.92018602  1.37195726
  1.500142    1.56949031]","[ 0.00000000e+00 -5.45596902e-02 -3.63281105e-01 -1.88076348e-01
 -2.39349418e-03 -1.93929992e-01 -1.85186086e-05  4.76183330e-05]","[ 0.         -1.30562651 12.3365078  -0.71019965 -3.68746042 -1.28233564
  0.05553942 -0.36132917]"
1746810083.374983,"[ 0.          0.58669752  0.81055152  3.1321592  -1.92019427  1.37155113
  1.500142    1.56949031]","[ 0.00000000e+00 -5.90914167e-02 -3.60484620e-01 -1.91769203e-01
 -3.67075743e-03 -1.99669621e-01 -1.85184257e-05  4.76188043e-05]","[ 0.         -1.33492303 12.3043766  -0.68017918 -3.6567986  -1.2492069
  0.06280622 -0.37144923]"
1746810083.3761613,"[ 0.          0.58663367  0.81019472  3.13196959 -1.92019853  1.37135512
  1.500142    1.56949031]","[ 0.00000000e+00 -6.01844321e-02 -3.61930616e-01 -1.92309409e-01
 -4.10736292e-03 -1.98791743e-01 -1.85184257e-05  4.76547840e-05]","[ 0.         -1.34520352 12.22144222 -0.64703679 -3.66016531 -1.23861253
  0.06505963 -0.38836738]"
1746810083.3778841,"[ 0.          0.58651569  0.8094495   3.13157224 -1.92020865  1.37094992
  1.500142    1.56949031]","[ 0.00000000e+00 -5.96915434e-02 -3.64617346e-01 -1.94200087e-01
 -4.65918160e-03 -1.97856307e-01 -1.85184257e-05  4.76188043e-05]","[ 0.         -1.36959982 12.04579258 -0.66773868 -3.64018488 -1.20491385
  0.04520309 -0.35704845]"
1746810083.3790002,"[ 0.          0.58645277  0.80908718  3.13138023 -1.92021584  1.37075391
  1.500142    1.56949031]","[ 0.00000000e+00 -5.91813566e-02 -3.67332572e-01 -1.94740276e-01
 -5.43161223e-03 -1.98791743e-01 -1.85186086e-05  4.76192757e-05]","[ 0.         -1.43022692 12.02768612 -0.68511188 -3.65209484 -1.19761574
  0.02998817 -0.37137493]"
1746810083.3820112,"[ 0.          0.58633433  0.8083626   3.13098502 -1.92022863  1.37036483
  1.500142    1.56949031]","[ 0.00000000e+00 -6.04405325e-02 -3.67872761e-01 -1.92158474e-01
 -6.48233955e-03 -1.97511029e-01 -1.85184257e-05  3.70651995e-05]","[ 0.         -1.47934508 12.00544548 -0.69920325 -3.64933491 -1.23616719
  0.02936194 -0.38052246]"
1746810083.3831658,"[ 0.          0.58621489  0.80760766  3.13060658 -1.92024434  1.36994911
  1.50014107  1.56949031]","[ 0.00000000e+00 -6.05018351e-02 -3.69493361e-01 -1.92309409e-01
 -7.67219259e-03 -2.04463793e-01 -2.64551545e-05  3.70368514e-05]","[ 0.         -1.47035015 12.00545025 -0.72287339 -3.63964677 -1.31470752
  0.01667648 -0.34925473]"
1746810083.38496,"[ 0.          0.58608865  0.80687849  3.13020897 -1.92026192  1.36953432
  1.50014107  1.56949031]","[ 0.00000000e+00 -6.29327103e-02 -3.70573739e-01 -1.95348625e-01
 -8.91321630e-03 -2.12296616e-01 -2.64551545e-05  3.70651995e-05]","[ 0.00000000e+00 -1.57325482e+00  1.20632534e+01 -7.93546557e-01
 -3.64295721e+00 -1.34707940e+00  4.69952961e-03 -3.51609677e-01]"
1746810083.3866367,"[ 0.          0.58595729  0.80611809  3.12981722 -1.92028349  1.36909863
  1.50014107  1.56949124]","[ 0.00000000e+00 -6.86047607e-02 -3.72194306e-01 -2.00479088e-01
 -1.12845802e-02 -2.12952669e-01 -2.64548924e-05  4.76192757e-05]","[ 0.00000000e+00 -1.61545634e+00  1.21164236e+01 -9.11986351e-01
 -3.60401297e+00 -1.38966906e+00 -6.21935865e-03 -3.54992509e-01]"
1746810083.3878222,"[ 0.          0.58588199  0.80575117  3.12961509 -1.92029521  1.36889223
  1.50014107  1.56949124]","[ 0.00000000e+00 -7.09007135e-02 -3.72194306e-01 -2.05003982e-01
 -1.18842887e-02 -2.09325544e-01 -3.70368514e-05  4.76188043e-05]","[ 0.00000000e+00 -1.66209650e+00  1.20247803e+01 -9.46116269e-01
 -3.60797191e+00 -1.42097521e+00 -3.97706637e-03 -3.45108479e-01]"
1746810083.3896132,"[ 0.          0.58573964  0.80501647  3.12918206 -1.92032424  1.36848503
  1.50014107  1.56949124]","[ 0.00000000e+00 -7.21160221e-02 -3.72734528e-01 -2.13377011e-01
 -1.59357516e-02 -2.04733888e-01 -3.70368514e-05  4.76188043e-05]","[ 0.00000000e+00 -1.72973287e+00  1.19726391e+01 -9.84028578e-01
 -3.57413268e+00 -1.47412980e+00 -4.18808497e-03 -3.35840106e-01]"
1746810083.3913376,"[ 0.          0.58566115  0.80461833  3.1289706  -1.92034341  1.36826719
  1.50014013  1.56949124]","[ 0.00000000e+00 -7.39766979e-02 -3.74898846e-01 -2.14457388e-01
 -1.80553292e-02 -2.05128601e-01 -4.76188043e-05  4.76188043e-05]","[ 0.         -1.76322281 12.01260185 -1.00114048 -3.5749507  -1.48925102
 -0.01301534 -0.3446776 ]"
1746810083.3925216,"[ 0.          0.58551141  0.80387491  3.12852239 -1.92038709  1.36785813
  1.50014013  1.56949124]","[ 0.00000000e+00 -7.63601355e-02 -3.77213699e-01 -2.19906399e-01
 -2.32283823e-02 -2.08515244e-01 -4.76188043e-05  4.76547840e-05]","[ 0.         -1.76625037 11.87591839 -0.98087227 -3.53477383 -1.5321964
 -0.02817256 -0.35140118]"
1746810083.3942852,"[ 0.          0.58543704  0.80350067  3.12830375 -1.92041372  1.36763362
  1.50014013  1.56949124]","[ 0.00000000e+00 -7.53571974e-02 -3.79872233e-01 -2.21750022e-01
 -2.70097486e-02 -2.11198944e-01 -4.76188043e-05  4.76188043e-05]","[ 0.         -1.76933372 11.78317356 -1.00849617 -3.49084377 -1.52930975
 -0.03929714 -0.35345331]"
1746810083.3960335,"[ 0.          0.58527905  0.80272236  3.12786619 -1.92044647  1.36720645
  1.50014013  1.56949124]","[ 0.00000000e+00 -7.82397613e-02 -3.79486940e-01 -2.22020133e-01
 -3.08445195e-02 -2.19859344e-01 -4.75828816e-05  3.70648338e-05]","[ 0.         -1.78825831 11.70201874 -1.02579391 -3.43285823 -1.56307352
 -0.05754281 -0.35000351]"
1746810083.3972003,"[ 0.          0.58519876  0.80234765  3.12762863 -1.92048003  1.3669886
  1.50014013  1.56949124]","[ 0.00000000e+00 -8.15694367e-02 -3.80027162e-01 -2.23685458e-01
 -3.40322817e-02 -2.20939739e-01 -4.76192757e-05  3.70648338e-05]","[ 0.         -1.75008416 11.6558094  -1.0236187  -3.38399887 -1.58339679
 -0.05813008 -0.34739721]"
1746810083.3989975,"[ 0.          0.58503111  0.80156382  3.12718202 -1.92055886  1.36652348
  1.5001392   1.56949124]","[ 0.00000000e+00 -8.55341512e-02 -3.83808518e-01 -2.28502467e-01
 -3.96587630e-02 -2.28502467e-01 -5.55552731e-05  3.70368514e-05]","[ 0.         -1.76709139 11.56557846 -0.98955142 -3.24822664 -1.59286106
 -0.06843674 -0.33875433]"
1746810083.4001245,"[ 0.          0.58493604  0.80118319  3.12695459 -1.9206012   1.36629232
  1.5001392   1.56949124]","[ 0.00000000e+00 -8.95243405e-02 -3.85969307e-01 -2.30429531e-01
 -4.29019855e-02 -2.34207075e-01 -5.55133645e-05  3.70648338e-05]","[ 0.         -1.75046122 11.48571682 -0.98374927 -3.18354964 -1.60083759
 -0.06635859 -0.33399343]"
1746810083.4018738,"[ 0.          0.58475101  0.80041859  3.12647895 -1.92069388  1.36579764
  1.50013814  1.56949124]","[ 0.00000000e+00 -9.56145072e-02 -3.87859985e-01 -2.32283823e-01
 -4.88876440e-02 -2.44499244e-01 -6.61372301e-05  3.70368514e-05]","[ 0.         -1.71938384 11.41410065 -0.943995   -3.03848171 -1.59140551
 -0.08586527 -0.35208029]"
1746810083.4036503,"[ 0.          0.5846564   0.80000534  3.12601742 -1.92080813  1.36529723
  1.50013814  1.56949124]","[ 0.00000000e+00 -9.58846017e-02 -3.89192664e-01 -2.34714707e-01
 -5.80709558e-02 -2.55512214e-01 -6.61378843e-05  3.70648338e-05]","[ 0.         -1.65850985 11.34595394 -0.92897636 -2.99273825 -1.66825712
 -0.11408067 -0.33596197]"
1746810083.4052992,"[ 0.          0.58445347  0.79923162  3.12576815 -1.92087018  1.36503944
  1.50013814  1.56949124]","[ 0.00000000e+00 -1.00808920e-01 -3.93403122e-01 -2.34719284e-01
 -6.28689484e-02 -2.61454359e-01 -6.61372301e-05  3.70651995e-05]","[ 0.         -1.6082809  11.24324417 -0.90152144 -2.97306299 -1.6604327
 -0.13215755 -0.36114576]"
1746810083.4070044,"[ 0.          0.58424867  0.79842022  3.12530609 -1.92100015  1.36449335
  1.50013814  1.56949124]","[ 0.00000000e+00 -1.04797819e-01 -3.96593023e-01 -2.34476886e-01
 -6.69841731e-02 -2.65235714e-01 -6.61372301e-05  3.70368514e-05]","[ 0.         -1.55796742 11.19365597 -0.85041052 -2.90121293 -1.68063688
 -0.13194618 -0.34802324]"
1746810083.4081454,"[ 0.          0.58414308  0.798029    3.1250728  -1.92107232  1.36422983
  1.50013814  1.56949124]","[ 0.00000000e+00 -1.06958600e-01 -3.96773186e-01 -2.36605385e-01
 -6.79582534e-02 -2.67396504e-01 -6.61372301e-05  3.70648338e-05]","[ 0.         -1.52999306 11.19663525 -0.82606232 -2.85527515 -1.71490943
 -0.13563511 -0.34102228]"
1746810083.4099185,"[ 0.          0.58391618  0.7972447   3.12457505 -1.92121133  1.36370572
  1.5001372   1.56949124]","[ 0.00000000e+00 -1.11820358e-01 -3.97583486e-01 -2.45020840e-01
 -7.15758332e-02 -2.64155337e-01 -7.40744343e-05  2.91006692e-05]","[ 0.         -1.486292   11.14110088 -0.79245955 -2.82900333 -1.69754899
 -0.13946435 -0.33411396]"
1746810083.4116197,"[ 0.          0.58369347  0.79642225  3.12408157 -1.92135914  1.36316337
  1.50013627  1.56949124]","[ 0.00000000e+00 -1.14096854e-01 -4.02985442e-01 -2.51745622e-01
 -7.19028444e-02 -2.64425431e-01 -8.46556558e-05  2.91226556e-05]","[ 0.         -1.42247164 11.13474751 -0.77489108 -2.85891056 -1.65434349
 -0.15964918 -0.33601674]"
1746810083.4132411,"[ 0.          0.58357043  0.79602418  3.12381153 -1.92143078  1.36290278
  1.50013534  1.56949124]","[ 0.00000000e+00 -1.15746041e-01 -4.03386613e-01 -2.54279220e-01
 -7.26562194e-02 -2.63887689e-01 -9.53095680e-05  2.91223691e-05]","[ 0.         -1.34976983 11.09697533 -0.71611756 -2.88733983 -1.7100718
 -0.15828194 -0.35380402]"
1746810083.4150064,"[ 0.          0.58334173  0.7951944   3.12330739 -1.92157725  1.3623539
  1.50013534  1.56949124]","[ 0.00000000e+00 -1.17222306e-01 -4.05146197e-01 -2.56592608e-01
 -7.48170001e-02 -2.67396504e-01 -9.52376087e-05  2.91443860e-05]","[ 0.         -1.24877775 11.0908432  -0.66793066 -2.96292591 -1.70752621
 -0.19122539 -0.35082236]"
1746810083.4161596,"[ 0.          0.58322602  0.79479446  3.12305705 -1.92165821  1.36208945
  1.50013441  1.56949124]","[ 0.00000000e+00 -1.17222306e-01 -4.05686420e-01 -2.53891630e-01
 -7.62336104e-02 -2.68206787e-01 -1.03173053e-04  2.91664395e-05]","[ 0.         -1.21690059 11.15994835 -0.63834405 -3.01257157 -1.65103292
 -0.20009717 -0.34245381]"
1746810083.4179237,"[ 0.          0.5829882   0.79399132  3.1225396  -1.92180708  1.36153671
  1.50013348  1.56949124]","[ 0.00000000e+00 -1.15601723e-01 -4.08387397e-01 -2.52555090e-01
 -7.55506677e-02 -2.71076226e-01 -1.11111643e-04  2.91664395e-05]","[ 0.         -1.17540777 11.2090044  -0.57626003 -3.07940388 -1.71682441
 -0.22529525 -0.34566295]"
1746810083.4196112,"[ 0.          0.58287342  0.79355696  3.1222898  -1.92188192  1.3612656
  1.50013254  1.56949124]","[ 0.00000000e+00 -1.16294061e-01 -4.08618593e-01 -2.53351425e-01
 -7.58973946e-02 -2.74959232e-01 -1.21692507e-04  2.91664395e-05]","[ 0.         -1.10279834 11.18679714 -0.5867427  -3.1340158  -1.70822001
 -0.24395779 -0.33343387]"
1746810083.4207664,"[ 0.          0.58261988  0.79275015  3.12178699 -1.92203931  1.36070714
  1.50013148  1.56949218]","[ 0.00000000e+00 -1.16362355e-01 -4.09052888e-01 -2.55512214e-01
 -7.72478753e-02 -2.86283059e-01 -1.32374402e-04  3.71209245e-05]","[ 0.         -1.05244553 11.20618534 -0.5374859  -3.24452043 -1.64776039
 -0.23547344 -0.3370057 ]"
1746810083.4224868,"[ 0.          0.58250377  0.79234469  3.12151269 -1.92211521  1.36039994
  1.50013148  1.56949218]","[ 0.00000000e+00 -1.17643185e-01 -4.11088342e-01 -2.58291505e-01
 -7.69777808e-02 -2.89386807e-01 -1.32375710e-04  3.70928568e-05]","[ 0.         -1.06685901 11.27550602 -0.52608126 -3.34295249 -1.65915227
 -0.22515501 -0.33830091]"
1746810083.4235876,"[ 0.          0.58227141  0.79149474  3.12100402 -1.92226568  1.3598263
  1.50013055  1.56949218]","[ 0.00000000e+00 -1.17762503e-01 -4.16760409e-01 -2.57681741e-01
 -7.66299637e-02 -2.92245478e-01 -1.42856421e-04  2.91661490e-05]","[ 0.         -1.06172454 11.30261803 -0.53146517 -3.53773379 -1.61277914
 -0.23823662 -0.33307216]"
1746810083.4253123,"[ 0.          0.58214511  0.79108188  3.12074783 -1.92234797  1.35953801
  1.50013055  1.56949218]","[ 0.00000000e+00 -1.18864253e-01 -4.18651087e-01 -2.59833775e-01
 -7.74874516e-02 -2.92245478e-01 -1.42964352e-04  2.91661490e-05]","[ 0.         -1.07155633 11.28623295 -0.54556078 -3.58634019 -1.6586796
 -0.25026032 -0.31285378]"
1746810083.4269733,"[ 0.          0.58191415  0.79021635  3.12017604 -1.92249658  1.3589368
  1.50012961  1.56949218]","[ 0.00000000e+00 -1.16833709e-01 -4.23400003e-01 -2.60373964e-01
 -7.42768028e-02 -2.95216533e-01 -1.50792882e-04  2.91443860e-05]","[ 0.         -1.05704761 11.44210434 -0.54244709 -3.73336864 -1.70635247
 -0.30080399 -0.31605965]"
1746810083.4281054,"[ 0.          0.5816712   0.78937693  3.11969934 -1.92264625  1.35834412
  1.50012682  1.56949218]","[ 0.00000000e+00 -1.18864253e-01 -4.26213832e-01 -2.63442192e-01
 -7.29736182e-02 -3.03049356e-01 -1.79895052e-04  2.91664395e-05]","[ 0.         -1.05759215 11.62681866 -0.52268392 -3.80517554 -1.75852084
 -0.3209959  -0.33584917]"
1746810083.429899,"[ 0.          0.58155229  0.78892232  3.11937656 -1.92271948  1.35804251
  1.50012589  1.56949218]","[ 0.00000000e+00 -1.20463473e-01 -4.28061766e-01 -2.65658541e-01
 -7.42015519e-02 -3.05750334e-01 -1.87971644e-04  2.91664395e-05]","[ 0.         -1.09542537 11.80534744 -0.50736791 -3.89588618 -1.68760681
 -0.33749649 -0.33048528]"
1746810083.431586,"[ 0.          0.58130708  0.78807284  3.118845   -1.92287048  1.35740988
  1.50012389  1.56949218]","[ 0.00000000e+00 -1.24911718e-01 -4.31718087e-01 -2.69284169e-01
 -7.39766979e-02 -3.11692479e-01 -2.06348155e-04  2.91664395e-05]","[ 0.         -1.09212029 11.90560246 -0.50233364 -4.02563334 -1.62346804
 -0.35307252 -0.32176816]"
1746810083.432687,"[ 0.          0.58117532  0.78764487  3.11855977 -1.92294532  1.35709882
  1.50012389  1.56949218]","[ 0.00000000e+00 -1.24130388e-01 -4.34046655e-01 -2.68573022e-01
 -7.58973946e-02 -3.15473868e-01 -2.06348155e-04  2.91664395e-05]","[ 0.         -1.09270549 11.93663597 -0.47395611 -4.07350969 -1.6911931
 -0.35785329 -0.31411195]"
1746810083.4350152,"[ 0.          0.58093011  0.78675358  3.11803087 -1.92310431  1.3564329
  1.50012202  1.56949218]","[ 0.00000000e+00 -1.23704640e-01 -4.35334060e-01 -2.68206787e-01
 -8.21096340e-02 -3.28757449e-01 -2.27514320e-04  2.91443860e-05]","[ 0.         -1.0817169  12.06774139 -0.42885473 -4.12131691 -1.63656855
 -0.40412405 -0.33154353]"
1746810083.4361582,"[ 0.          0.5808084   0.78632241  3.11776855 -1.92318767  1.35610373
  1.50012202  1.56949218]","[ 0.00000000e+00 -1.23434545e-01 -4.37287822e-01 -2.66046015e-01
 -8.45405092e-02 -3.33502237e-01 -2.27509801e-04  2.91664395e-05]","[ 0.         -1.11941206 12.13944149 -0.46614209 -4.12333536 -1.60272741
 -0.41197485 -0.34872431]"
1746810083.4379354,"[ 0.          0.58055267  0.78542053  3.11722846 -1.92336903  1.35543022
  1.50011923  1.56949218]","[ 0.00000000e+00 -1.25325232e-01 -4.41352505e-01 -2.63615131e-01
 -9.02125596e-02 -3.41403204e-01 -2.54158853e-04  2.91664395e-05]","[ 0.         -1.13216579 12.25493145 -0.465536   -4.08816624 -1.58297253
 -0.44309694 -0.34384722]"
1746810083.4396057,"[ 0.          0.58030333  0.78454995  3.11670408 -1.92356344  1.35473194
  1.5001163   1.56949218]","[ 0.00000000e+00 -1.26945815e-01 -4.41339289e-01 -2.66586203e-01
 -9.60443165e-02 -3.40543568e-01 -2.83067334e-04  2.91664395e-05]","[ 0.         -1.20929444 12.38185024 -0.46305242 -3.94499326 -1.58730674
 -0.47532636 -0.31790629]"
1746810083.4407363,"[ 0.          0.58030333  0.78411598  3.11670408 -1.92365878  1.35439718
  1.50011537  1.56949218]","[ 0.00000000e+00 -1.26945815e-01 -4.40258878e-01 -2.66586203e-01
 -9.66948934e-02 -3.39512526e-01 -2.91226548e-04  2.91664395e-05]","[ 0.         -1.20929444 12.45108223 -0.46305242 -3.90122294 -1.57351363
 -0.4986611  -0.34254256]"
1746810083.4424314,"[ 0.          0.58004341  0.78321138  3.11615414 -1.92385505  1.3536941
  1.5001135   1.56949218]","[ 0.00000000e+00 -1.27486012e-01 -4.42355551e-01 -2.69017087e-01
 -1.00746360e-01 -3.43730673e-01 -3.12167733e-04  2.91664395e-05]","[ 0.         -1.25863242 12.63809299 -0.50572467 -3.75282264 -1.6558156
 -0.51088339 -0.34723878]"
1746810083.4447465,"[ 0.          0.57991618  0.78277562  3.11588622 -1.92396291  1.35335255
  1.50011257  1.56949218]","[ 0.00000000e+00 -1.29106596e-01 -4.41431767e-01 -2.71442761e-01
 -1.01561229e-01 -3.46264971e-01 -3.20104193e-04  2.91664395e-05]","[ 0.         -1.26337683 12.67024231 -0.46180198 -3.68800855 -1.68749595
 -0.50272936 -0.3305833 ]"
1746810083.4464316,"[ 0.          0.5796476   0.78190636  3.11532749 -1.92416851  1.35266959
  1.5001115   1.56949218]","[ 0.00000000e+00 -1.31279061e-01 -4.40258878e-01 -2.72836077e-01
 -1.05067922e-01 -3.47345348e-01 -3.22996740e-04  2.91664395e-05]","[ 0.         -1.26384735 12.80303097 -0.52543688 -3.5660882  -1.79781127
 -0.54431206 -0.35953972]"
1746810083.4481604,"[ 0.          0.57938354  0.78100681  3.114789   -1.92437943  1.35194188
  1.50010871  1.56949218]","[ 0.00000000e+00 -1.33968346e-01 -4.40258878e-01 -2.73608743e-01
 -1.06688505e-01 -3.59769827e-01 -3.49204592e-04  1.85604623e-05]","[ 0.         -1.29954708 12.82604408 -0.53879166 -3.3491118  -1.85889828
 -0.56231493 -0.33077496]"
1746810083.449259,"[ 0.          0.57924899  0.78057291  3.11451843 -1.92449182  1.35158408
  1.50010778  1.56949218]","[ 0.00000000e+00 -1.36399221e-01 -4.39988800e-01 -2.74419043e-01
 -1.05724741e-01 -3.63010994e-01 -3.63626234e-04  1.85604623e-05]","[ 0.         -1.34978199 12.82436275 -0.5922941  -3.27844715 -1.8185823
 -0.57473928 -0.33638179]"
1746810083.4509983,"[ 0.          0.57896063  0.77967516  3.11395304 -1.92469795  1.35085637
  1.50010485  1.56949218]","[ 0.00000000e+00 -1.42071272e-01 -4.37179298e-01 -2.76848378e-01
 -1.03177236e-01 -3.69493361e-01 -4.39569855e-04  1.85606472e-05]","[ 0.         -1.31210387 12.80756855 -0.59282678 -3.12576532 -1.82657015
 -0.57182181 -0.33344826]"
1746810083.4521,"[ 0.          0.57867548  0.77881696  3.11340363 -1.92490647  1.35009338
  1.50010391  1.56949218]","[ 0.00000000e+00 -1.44625560e-01 -4.35397144e-01 -2.78740588e-01
 -1.01119012e-01 -3.72464417e-01 -5.26767770e-04  1.85604623e-05]","[ 0.         -1.31005812 12.68122578 -0.59315556 -3.09535432 -1.88861942
 -0.56275344 -0.34692115]"
1746810083.4538417,"[ 0.          0.57852168  0.77835457  3.11310881 -1.9250074   1.3497224
  1.50010298  1.56949218]","[ 0.00000000e+00 -1.44944174e-01 -4.35334060e-01 -2.77600688e-01
 -1.02366944e-01 -3.76245773e-01 -5.75040458e-04  1.85604623e-05]","[ 0.         -1.26216948 12.58532333 -0.58363861 -3.11821771 -1.97704089
 -0.56069362 -0.34643477]"
1746810083.4555442,"[ 0.          0.57823606  0.77749497  3.11256127 -1.92521407  1.34894715
  1.50010112  1.56949311]","[ 0.00000000e+00 -1.44232044e-01 -4.36035271e-01 -2.77660210e-01
 -1.01561229e-01 -3.80721415e-01 -6.89575825e-04  2.65146811e-05]","[ 0.         -1.28775692 12.45426464 -0.61076558 -3.2341094  -2.05291176
 -0.56963068 -0.32965997]"
1746810083.45668,"[ 0.          0.57809231  0.77706467  3.11228963 -1.9253142   1.34857138
  1.50010019  1.56949311]","[ 0.00000000e+00 -1.45852644e-01 -4.36920639e-01 -2.75220288e-01
 -1.01556652e-01 -3.81494464e-01 -7.53024468e-04  2.65146811e-05]","[ 0.         -1.28326237 12.47342491 -0.60487455 -3.26174259 -2.05086684
 -0.57112026 -0.34276968]"
1746810083.4584434,"[ 0.          0.57779384  0.77617384  3.11172184 -1.92551527  1.34778175
  1.50009819  1.56949311]","[ 0.00000000e+00 -1.44807820e-01 -4.34586844e-01 -2.78102228e-01
 -1.01286549e-01 -3.87688045e-01 -8.39101787e-04  2.65149452e-05]","[ 0.         -1.39235044 12.35167027 -0.62239712 -3.34234595 -2.03691816
 -0.58394784 -0.33823273]"
1746810083.4601707,"[ 0.          0.57765149  0.7757454   3.11144407 -1.92562339  1.34739559
  1.50009726  1.56949311]","[ 0.00000000e+00 -1.44232044e-01 -4.34586844e-01 -2.81711677e-01
 -1.01811991e-01 -3.91641341e-01 -8.53390726e-04  2.65149452e-05]","[ 0.         -1.375947   12.25965405 -0.65016311 -3.37003851 -2.09560061
 -0.59243298 -0.34385702]"
1746810083.4618847,"[ 0.          0.57736034  0.77488813  3.11085924 -1.92582526  1.34661449
  1.50009539  1.56949311]","[ 0.00000000e+00 -1.42185721e-01 -4.34586844e-01 -2.86126798e-01
 -1.02470874e-01 -3.96101370e-01 -9.25252058e-04  2.65152094e-05]","[ 0.         -1.43827474 12.24479008 -0.64784968 -3.42422843 -2.06802845
 -0.59360576 -0.33251843]"
1746810083.4630868,"[ 0.          0.57721939  0.77442707  3.11057535 -1.92592726  1.34622833
  1.50009353  1.56949311]","[ 0.00000000e+00 -1.42881572e-01 -4.34080211e-01 -2.87923900e-01
 -1.03342518e-01 -3.91641341e-01 -9.93823514e-04  2.65149452e-05]","[ 0.         -1.48464131 12.26969433 -0.66659838 -3.47731328 -2.01571107
 -0.59268874 -0.33490452]"
1746810083.464857,"[ 0.          0.5769333   0.77357067  3.11000543 -1.92614298  1.34543205
  1.5000906   1.56949311]","[ 0.00000000e+00 -1.46392833e-01 -4.33776544e-01 -2.88464088e-01
 -1.05824293e-01 -3.88940363e-01 -9.98578128e-04  2.65149452e-05]","[ 0.         -1.49641442 12.15342999 -0.6891917  -3.61590481 -1.97332835
 -0.57980323 -0.34355521]"
1746810083.4666855,"[ 0.          0.57663024  0.77267618  3.10941821 -1.92635523  1.34463669
  1.5000878   1.56949311]","[ 0.00000000e+00 -1.48454936e-01 -4.37590956e-01 -2.86126798e-01
 -1.08469170e-01 -3.87938814e-01 -1.06041223e-03  2.65149452e-05]","[ 0.         -1.57214522 11.88328171 -0.73732132 -3.81526852 -1.96642256
 -0.58116198 -0.32599753]"
1746810083.4678683,"[ 0.          0.5764815   0.77224275  3.10913351 -1.92646309  1.34425812
  1.50008687  1.56949311]","[ 0.00000000e+00 -1.50714395e-01 -4.39273175e-01 -2.88734200e-01
 -1.09500537e-01 -3.83689475e-01 -1.09291853e-03  2.64948971e-05]","[ 0.         -1.59385026 11.72124195 -0.76638126 -3.89482045 -1.91908324
 -0.57641315 -0.33070406]"
1746810083.470237,"[ 0.          0.57617883  0.77137396  3.10856227 -1.92668946  1.34350565
  1.50008487  1.56949311]","[ 0.00000000e+00 -1.55576145e-01 -4.40435479e-01 -2.90330432e-01
 -1.10739964e-01 -3.81107540e-01 -1.07029921e-03  2.65149452e-05]","[ 0.         -1.61848831 11.49874687 -0.81304836 -3.95347095 -1.99162519
 -0.57538563 -0.31857729]"
1746810083.4714231,"[ 0.          0.57585605  0.77046981  3.10796545 -1.92691822  1.34272268
  1.50008301  1.56949311]","[ 0.00000000e+00 -1.58116751e-01 -4.41854011e-01 -2.91949367e-01
 -1.11090428e-01 -3.82672680e-01 -1.03741197e-03  2.64948971e-05]","[ 0.         -1.64220762 11.3212347  -0.90922087 -3.96502519 -1.98913801
 -0.57501304 -0.30993417]"
1746810083.4731655,"[ 0.          0.57569946  0.77003126  3.10767783 -1.92702661  1.34234784
  1.50008208  1.56949311]","[ 0.00000000e+00 -1.58817312e-01 -4.44850534e-01 -2.91705289e-01
 -1.09929672e-01 -3.80297240e-01 -1.03496077e-03  2.65152094e-05]","[ 0.         -1.67440069 11.26358128 -0.94390166 -3.96495986 -1.92388928
 -0.57158113 -0.32300323]"
1746810083.4743497,"[ 0.          0.57536976  0.76911613  3.10708048 -1.92724153  1.34160775
  1.50007821  1.56949311]","[ 0.00000000e+00 -1.61996427e-01 -4.46950070e-01 -2.91894473e-01
 -1.09389475e-01 -3.74355095e-01 -1.09550705e-03  2.65152094e-05]","[ 0.         -1.74791956 11.07038212 -1.04220521 -3.91798615 -1.99023283
 -0.56914371 -0.33615473]"
1746810083.4761665,"[ 0.          0.57520904  0.76867438  3.10678967 -1.92734859  1.34121014
  1.50007728  1.56949311]","[ 0.00000000e+00 -1.62973591e-01 -4.48091701e-01 -2.94946456e-01
 -1.08579183e-01 -3.74397306e-01 -1.12748085e-03  2.64948971e-05]","[ 0.         -1.74645936 10.97529793 -1.0745554  -3.90466189 -2.09868073
 -0.56076992 -0.31958979]"
1746810083.4779606,"[ 0.          0.57488626  0.76778675  3.10620164 -1.92757576  1.34046818
  1.50007249  1.56949311]","[ 0.00000000e+00 -1.64219268e-01 -4.51332867e-01 -3.00348378e-01
 -1.12630650e-01 -3.79216862e-01 -1.20674630e-03  2.65149452e-05]","[ 0.         -1.76117706 10.87524128 -1.12129402 -3.85478187 -2.19371033
 -0.58075595 -0.32227296]"
1746810083.4797816,"[ 0.          0.57453952  0.7668555   3.10557899 -1.9277976   1.33968335
  1.50006783  1.56949311]","[ 0.00000000e+00 -1.71781996e-01 -4.55395520e-01 -3.04399845e-01
 -1.12516534e-01 -3.83815875e-01 -1.28691694e-03  2.65149452e-05]","[ 0.         -1.79152822 10.74396896 -1.19700444 -3.74364686 -2.19991469
 -0.58355373 -0.3298741 ]"
1746810083.4809625,"[ 0.          0.57436781  0.76640596  3.10527806 -1.92791824  1.33930278
  1.5000649   1.56949311]","[ 0.00000000e+00 -1.74212880e-01 -4.55924523e-01 -3.05210145e-01
 -1.13598110e-01 -3.85969307e-01 -1.40228305e-03  2.64946330e-05]","[ 0.         -1.79746222 10.69500446 -1.23568606 -3.67027593 -2.1899569
 -0.5979265  -0.33050925]"
1746810083.482745,"[ 0.          0.57400463  0.76550455  3.10465514 -1.92814061  1.3385246
  1.50005824  1.56949311]","[ 0.00000000e+00 -1.78264330e-01 -4.57815235e-01 -3.03715846e-01
 -1.12630650e-01 -3.96503108e-01 -1.72517339e-03  2.65149452e-05]","[ 0.         -1.78160977 10.64818096 -1.26932585 -3.57999516 -2.19852543
 -0.59610713 -0.31966019]"
1746810083.4845428,"[ 0.          0.57382646  0.76494482  3.10435554 -1.92825167  1.33809557
  1.50005451  1.56949404]","[ 0.00000000e+00 -1.80512138e-01 -4.61117321e-01 -3.03551795e-01
 -1.12516534e-01 -4.03987989e-01 -1.84840154e-03  3.70928568e-05]","[ 0.         -1.76618099 10.65155411 -1.29298937 -3.55553913 -2.25840235
 -0.59707254 -0.31658995]"
1746810083.4863057,"[ 0.          0.57345908  0.7641022   3.10375499 -1.92848922  1.33729356
  1.50004493  1.56949404]","[ 0.00000000e+00 -1.87717753e-01 -4.64296903e-01 -3.05480256e-01
 -1.16294061e-01 -4.07306986e-01 -2.48382866e-03  2.65146811e-05]","[ 0.         -1.71923327 10.69503689 -1.28417003 -3.55457258 -2.26780677
 -0.62644792 -0.32163662]"
1746810083.4874828,"[ 0.          0.57307472  0.76314985  3.10312276 -1.92872784  1.33645746
  1.50003254  1.56949404]","[ 0.00000000e+00 -1.87717753e-01 -4.65254875e-01 -3.09531723e-01
 -1.22354159e-01 -4.08251044e-01 -3.87115328e-03  2.64948971e-05]","[ 0.         -1.63133907 10.73806381 -1.27428019 -3.56269193 -2.23667932
 -0.62856299 -0.30181494]"
1746810083.4892588,"[ 0.          0.57289063  0.76261722  3.10281676 -1.92884901  1.33598648
  1.50002495  1.56949404]","[ 0.00000000e+00 -1.86637359e-01 -4.68042372e-01 -3.10027571e-01
 -1.22894348e-01 -4.13749439e-01 -4.74932336e-03  2.64948971e-05]","[ 0.         -1.58657026 10.72288036 -1.23732352 -3.58399558 -2.24341345
 -0.63483942 -0.3254312 ]"
1746810083.4910583,"[ 0.          0.57250626  0.76165608  3.10219917 -1.92910308  1.3351332
  1.50000591  1.56949404]","[ 0.00000000e+00 -1.87073268e-01 -4.69438568e-01 -3.14123379e-01
 -1.24388781e-01 -4.17278727e-01 -7.76710984e-03  2.65149452e-05]","[ 0.         -1.54552114 10.8014946  -1.15692091 -3.60885835 -2.27063513
 -0.67316145 -0.33743656]"
1746810083.492309,"[ 0.          0.57213848  0.76072944  3.10155469 -1.92934649  1.33430456
  1.49997928  1.56949404]","[ 0.00000000e+00 -1.85827058e-01 -4.70509791e-01 -3.16014057e-01
 -1.23434545e-01 -4.23512854e-01 -1.22847626e-02  2.64948971e-05]","[ 0.         -1.52145815 10.83212471 -1.10593855 -3.64220047 -2.30821824
 -0.69174999 -0.32672784]"
1746810083.494729,"[ 0.          0.57195293  0.76026525  3.1012399  -1.92947725  1.33388325
  1.49996503  1.56949404]","[ 0.00000000e+00 -1.88257942e-01 -4.70779902e-01 -3.18931750e-01
 -1.23127317e-01 -4.27294210e-01 -1.44341250e-02  2.65149452e-05]","[ 0.         -1.50820959 10.99820328 -1.12992358 -3.6398046  -2.36407399
 -0.69019049 -0.31873795]"
1746810083.4969878,"[ 0.          0.5715695   0.75929632  3.10060501 -1.92971987  1.33300134
  1.49993267  1.56949404]","[ 0.00000000e+00 -1.87908319e-01 -4.73270957e-01 -3.22766469e-01
 -1.23164451e-01 -4.31417050e-01 -1.64759457e-02  2.64548924e-05]","[ 0.         -1.47076988 11.08415604 -1.10231471 -3.68602204 -2.30658078
 -0.71250886 -0.31876233]"
1746810083.499276,"[ 0.          0.57119572  0.75836002  3.09994374 -1.9299742   1.33215086
  1.49989938  1.56949404]","[ 0.00000000e+00 -1.90418714e-01 -4.74620081e-01 -3.23306691e-01
 -1.24013617e-01 -4.32155977e-01 -1.62467120e-02  2.64748795e-05]","[ 0.         -1.42172158 11.11965942 -1.05066144 -3.76784205 -2.38737988
 -0.74857008 -0.31108838]"
1746810083.5012076,"[ 0.          0.57060936  0.75738883  3.09896876 -1.93034145  1.33125378
  1.49985185  1.56949404]","[ 0.00000000e+00 -1.94740276e-01 -4.74021069e-01 -3.22541199e-01
 -1.23974743e-01 -4.40352455e-01 -1.53443852e-02  2.64551545e-05]","[ 0.         -1.37819386 11.22094631 -0.97854918 -3.93625808 -2.44229555
 -0.77800679 -0.3116332 ]"
1746810083.5030427,"[ 0.          0.57021215  0.7564512   3.09832934 -1.93059365  1.33037001
  1.49982801  1.56949404]","[ 0.00000000e+00 -1.94003329e-01 -4.75969205e-01 -3.25467447e-01
 -1.23434545e-01 -4.52224694e-01 -1.21543863e-02  2.64748795e-05]","[ 0.         -1.4211818  11.24033928 -0.97530466 -4.07529926 -2.43612885
 -0.82244712 -0.32607982]"
1746810083.5048437,"[ 0.          0.56982226  0.75547542  3.09767846 -1.93083653  1.32941966
  1.49981097  1.56949497]","[ 0.00000000e+00 -1.97441254e-01 -4.75911747e-01 -3.31139514e-01
 -1.23974743e-01 -4.69969602e-01 -8.31831657e-03  3.70368514e-05]","[ 0.         -1.38135827 11.31525135 -0.96655279 -4.14697599 -2.48524714
 -0.84776133 -0.31516188]"
1746810083.5060575,"[ 0.          0.56962805  0.75500517  3.09732639 -1.93096969  1.32894974
  1.49980524  1.56949497]","[ 0.00000000e+00 -1.96901065e-01 -4.76992158e-01 -3.31204029e-01
 -1.25384229e-01 -4.76451936e-01 -7.01857952e-03  3.70648338e-05]","[ 0.         -1.3901546  11.32862663 -0.95563936 -4.16009808 -2.50375652
 -0.84889543 -0.29854822]"
1746810083.5077586,"[ 0.          0.56922212  0.75402619  3.09667072 -1.93122162  1.32796703
  1.49979579  1.56949497]","[ 0.00000000e+00 -1.99331932e-01 -4.78342614e-01 -3.32153113e-01
 -1.28296304e-01 -4.79218528e-01 -4.86175453e-03  3.70368514e-05]","[ 0.         -1.37385702 11.37197399 -0.91114891 -4.19570446 -2.51050568
 -0.88765091 -0.29624626]"
1746810083.5101302,"[ 0.          0.56882538  0.75308443  3.09599108 -1.93148821  1.32700803
  1.49978806  1.56949497]","[ 0.00000000e+00 -2.01222626e-01 -4.76451936e-01 -3.32518965e-01
 -1.30026393e-01 -4.88920756e-01 -3.76923717e-03  3.70648338e-05]","[ 0.         -1.3423965  11.43819618 -0.81412971 -4.26379633 -2.44434953
 -0.92185658 -0.31764153]"
1746810083.5118775,"[ 0.          0.56841212  0.75211138  3.09533062 -1.93174627  1.32599976
  1.49978047  1.56949497]","[ 0.00000000e+00 -2.01868609e-01 -4.75206242e-01 -3.34920870e-01
 -1.31537471e-01 -4.93512312e-01 -3.78136470e-03  3.70364776e-05]","[ 0.         -1.30576527 11.47068596 -0.76997012 -4.29682779 -2.46237659
 -0.93130881 -0.31422845]"
1746810083.5130682,"[ 0.          0.56821192  0.75164206  3.09497588 -1.93187596  1.32550974
  1.49977674  1.56949497]","[ 0.00000000e+00 -2.03113304e-01 -4.75911747e-01 -3.34023584e-01
 -1.31537471e-01 -4.96979349e-01 -3.78136444e-03  3.70372172e-05]","[ 0.         -1.29253387 11.50636864 -0.69273818 -4.31167507 -2.42314529
 -0.93669212 -0.33526972]"
1746810083.5147045,"[ 0.          0.56781198  0.75070623  3.09431782 -1.93215533  1.32451664
  1.49976623  1.56949497]","[ 0.00000000e+00 -2.03113304e-01 -4.74291180e-01 -3.32490003e-01
 -1.37170348e-01 -5.05110179e-01 -4.50372946e-03  3.70648338e-05]","[ 0.         -1.26924646 11.49820137 -0.61566079 -4.24181414 -2.40480447
 -0.95132881 -0.33015421]"
1746810083.5164726,"[ 0.          0.56759659  0.75020389  3.09398998 -1.93228982  1.32347974
  1.49975198  1.56949497]","[ 0.00000000e+00 -2.02680840e-01 -4.72949313e-01 -3.32490003e-01
 -1.36399221e-01 -5.05622472e-01 -5.42232394e-03  3.70368514e-05]","[ 0.         -1.27282286 11.55704975 -0.60505158 -4.17039824 -2.36954522
 -0.97602916 -0.30976427]"
1746810083.5182445,"[ 0.          0.56719852  0.74927218  3.09330235 -1.93256119  1.32298027
  1.49974346  1.56949497]","[ 0.00000000e+00 -2.01222626e-01 -4.72670580e-01 -3.37283593e-01
 -1.36939419e-01 -5.06702849e-01 -6.09951223e-03  3.70368514e-05]","[ 0.         -1.32058263 11.58816147 -0.63642585 -4.08070946 -2.44777155
 -1.00687337 -0.30953583]"
1746810083.5194523,"[ 0.          0.56678473  0.74830932  3.0926307  -1.93284402  1.32193191
  1.49972242  1.56949497]","[ 0.00000000e+00 -2.02370149e-01 -4.69969602e-01 -3.41596949e-01
 -1.38289908e-01 -5.15078424e-01 -9.27238414e-03  3.70651995e-05]","[ 0.         -1.33186591 11.61599159 -0.5981589  -4.03367805 -2.61108637
 -1.0403713  -0.29879665]"
1746810083.5212562,"[ 0.          0.56658319  0.74784826  3.09229275 -1.93298091  1.32142205
  1.4997111   1.56949497]","[ 0.00000000e+00 -2.04256633e-01 -4.67538735e-01 -3.42753693e-01
 -1.38830105e-01 -5.16966572e-01 -1.09839634e-02  3.70372172e-05]","[ 0.         -1.34211433 11.59501457 -0.58838999 -4.02415228 -2.62445283
 -1.05405593 -0.27023745]"
1746810083.522456,"[ 0.          0.56617773  0.74689451  3.09159473 -1.93326746  1.32038315
  1.49968447  1.56949497]","[ 0.00000000e+00 -2.04733888e-01 -4.66178559e-01 -3.40052715e-01
 -1.40047702e-01 -5.31551840e-01 -1.24602597e-02  2.64748795e-05]","[ 0.         -1.32935464 11.50175667 -0.61624748 -3.98610115 -2.72458768
 -1.07569563 -0.31275451]"
1746810083.5242112,"[ 0.          0.5659734   0.74643532  3.09126104 -1.93340462  1.31981244
  1.49967115  1.56949497]","[ 0.00000000e+00 -2.07164771e-01 -4.65648057e-01 -3.38432148e-01
 -1.39100199e-01 -5.37396813e-01 -1.35048743e-02  2.64748795e-05]","[ 0.         -1.34983766 11.55232143 -0.62037849 -3.91107512 -2.75386143
 -1.07723963 -0.33093062]"
1746810083.5254264,"[ 0.          0.56554216  0.74551832  3.09059179 -1.93367972  1.31874224
  1.49964159  1.56949497]","[ 0.00000000e+00 -2.11756427e-01 -4.64297568e-01 -3.39708168e-01
 -1.39640388e-01 -5.43166019e-01 -1.44270802e-02  2.64551545e-05]","[ 0.         -1.39471304 11.5489378  -0.63557464 -3.79138803 -2.76792717
 -1.09264851 -0.32390124]"
1746810083.5272284,"[ 0.          0.56533144  0.74502611  3.09022906 -1.93382753  1.31820655
  1.49962548  1.56949497]","[ 0.00000000e+00 -2.13430640e-01 -4.63420123e-01 -3.41546648e-01
 -1.39176499e-01 -5.42885521e-01 -1.53443852e-02  2.64546283e-05]","[ 0.         -1.36268246 11.43279362 -0.63656384 -3.76719928 -2.76218081
 -1.10356879 -0.32942638]"
1746810083.5284178,"[ 0.          0.56489335  0.74411504  3.08955688 -1.9341037   1.31708975
  1.49959405  1.56949497]","[ 0.00000000e+00 -2.14187294e-01 -4.61596590e-01 -3.40863015e-01
 -1.40038564e-01 -5.46663049e-01 -1.59276747e-02  2.64548924e-05]","[ 0.         -1.35650003 11.44933891 -0.67682374 -3.71005082 -2.68918157
 -1.11829054 -0.33581468]"
1746810083.530149,"[ 0.          0.56468256  0.74366044  3.08919549 -1.93424325  1.31655326
  1.49957501  1.56949497]","[ 0.00000000e+00 -2.13917199e-01 -4.61056401e-01 -3.40292799e-01
 -1.41531083e-01 -5.43976319e-01 -1.71565279e-02  2.64548924e-05]","[ 0.         -1.38278532 11.56614208 -0.69658971 -3.68473315 -2.73499608
 -1.13991153 -0.34193152]"
1746810083.5319588,"[ 0.          0.56425965  0.74271774  3.08852278 -1.93453566  1.31547068
  1.49953786  1.56949497]","[ 0.00000000e+00 -2.13917199e-01 -4.59909345e-01 -3.41057292e-01
 -1.43421761e-01 -5.50998842e-01 -1.94470181e-02  2.64751417e-05]","[ 0.         -1.43954742 11.59776592 -0.71906775 -3.71265173 -2.7990129
 -1.1197083  -0.34451038]"
1746810083.5337262,"[ 0.          0.56403235  0.74226587  3.08818482 -1.93467708  1.31488372
  1.49951988  1.56949497]","[ 0.00000000e+00 -2.13954800e-01 -4.58355424e-01 -3.42753693e-01
 -1.43421761e-01 -5.52173762e-01 -1.83666278e-02  2.64551545e-05]","[ 0.         -1.40244818 11.47944355 -0.71743602 -3.74788809 -2.85396838
 -1.10362279 -0.32780355]"
1746810083.5348628,"[ 0.          0.56361037  0.7413604   3.08747669 -1.93496869  1.31379635
  1.49947794  1.56949497]","[ 0.00000000e+00 -2.14187294e-01 -4.59240126e-01 -3.45724782e-01
 -1.41550890e-01 -5.51809142e-01 -2.05630137e-02  2.64551545e-05]","[ 0.         -1.40946245 11.42579269 -0.74024266 -3.79463172 -2.9478116
 -1.12342775 -0.34030443]"
1746810083.5370567,"[ 0.          0.56316909  0.74041764  3.08679678 -1.93524646  1.31266424
  1.49943706  1.56949497]","[ 0.00000000e+00 -2.16663951e-01 -4.60516213e-01 -3.44644370e-01
 -1.40180594e-01 -5.53696757e-01 -2.10676037e-02  2.64548924e-05]","[ 0.         -1.37998605 11.37475491 -0.74967998 -3.86100769 -3.05697513
 -1.15244591 -0.33658463]"
1746810083.538842,"[ 0.          0.56273979  0.73947861  3.08609744 -1.93553621  1.31157035
  1.49938672  1.56949497]","[ 0.00000000e+00 -2.17428461e-01 -4.58404759e-01 -3.40322826e-01
 -1.41433411e-01 -5.56106884e-01 -2.34920228e-02  2.64548924e-05]","[ 0.         -1.41219819 11.28481007 -0.73513532 -3.97464609 -3.04302764
 -1.17824006 -0.33258712]"
1746810083.5405896,"[ 0.          0.56229437  0.738574    3.08542179 -1.93581078  1.3104192
  1.49934105  1.56949497]","[ 0.00000000e+00 -2.17416260e-01 -4.58625501e-01 -3.43293881e-01
 -1.38419612e-01 -5.60963725e-01 -2.32283823e-02  2.64548924e-05]","[ 0.         -1.44374466 11.22996807 -0.79649937 -4.03670883 -3.0816803
 -1.17767012 -0.34143639]"
1746810083.5423794,"[ 0.          0.56207852  0.73812033  3.08508251 -1.93594634  1.30986646
  1.49931628  1.56949497]","[ 0.00000000e+00 -2.18778950e-01 -4.60246101e-01 -3.44104182e-01
 -1.37479616e-01 -5.60722376e-01 -2.33214660e-02  2.64548924e-05]","[ 0.         -1.52340603 11.21456337 -0.77475715 -4.1012907  -2.90744781
 -1.18571198 -0.35602292]"
1746810083.543599,"[ 0.          0.56164962  0.7371785   3.08437304 -1.93622464  1.30871731
  1.49927341  1.56949497]","[ 0.00000000e+00 -2.17158366e-01 -4.59705912e-01 -3.47345348e-01
 -1.36399221e-01 -5.62724407e-01 -2.13593634e-02  2.64748795e-05]","[ 0.         -1.5721122  11.09974575 -0.84851599 -4.25096321 -2.86286354
 -1.19631481 -0.34720132]"
1746810083.5453548,"[ 0.          0.56143431  0.73672437  3.08403136 -1.93635966  1.30816364
  1.49925343  1.56949497]","[ 0.00000000e+00 -2.18238761e-01 -4.60516213e-01 -3.46183944e-01
 -1.36939419e-01 -5.61532642e-01 -2.02367869e-02  2.64551545e-05]","[ 0.         -1.57296789 11.07991505 -0.88915139 -4.30578136 -2.80480719
 -1.20469868 -0.35201046]"
1746810083.547161,"[ 0.          0.56098337  0.73577801  3.08332162 -1.93664835  1.30705736
  1.49921642  1.56949497]","[ 0.00000000e+00 -2.21750022e-01 -4.62232553e-01 -3.46562013e-01
 -1.41684181e-01 -5.60452265e-01 -1.72862385e-02  2.64548924e-05]","[ 0.         -1.67096615 11.00667191 -0.95961303 -4.41565561 -2.84856963
 -1.22083771 -0.33115739]"
1746810083.548915,"[ 0.          0.56054208  0.73486974  3.08263373 -1.93693277  1.30590914
  1.49918592  1.56949497]","[ 0.00000000e+00 -2.23910811e-01 -4.59705912e-01 -3.49236026e-01
 -1.44895388e-01 -5.59715235e-01 -1.42938025e-02  2.64548924e-05]","[ 0.         -1.73391604 11.01503372 -1.02047908 -4.44699335 -2.8503778
 -1.20219934 -0.32223541]"
1746810083.5501077,"[ 0.          0.56030146  0.73441654  3.08228832 -1.93707552  1.30536119
  1.49917354  1.56949497]","[ 0.00000000e+00 -2.26694680e-01 -4.59705912e-01 -3.50316438e-01
 -1.44772250e-01 -5.55860609e-01 -1.24118953e-02  2.64551545e-05]","[ 0.         -1.81035411 10.99168968 -1.04322851 -4.4256525  -2.88285732
 -1.21837473 -0.34256017]"
1746810083.5518885,"[ 0.          0.55985332  0.73347285  3.08157113 -1.93737486  1.30426623
  1.49915263  1.56949497]","[ 0.00000000e+00 -2.27461471e-01 -4.61056401e-01 -3.50323528e-01
 -1.46950316e-01 -5.56670909e-01 -1.08038994e-02  2.64748795e-05]","[ 0.         -1.8262763  10.96666527 -1.07626128 -4.40083122 -2.99303722
 -1.26286864 -0.3456147 ]"
1746810083.553639,"[ 0.          0.55938673  0.73255865  3.08088057 -1.93766834  1.30310749
  1.49914318  1.56949497]","[ 0.00000000e+00 -2.27692167e-01 -4.63827121e-01 -3.50046326e-01
 -1.49904095e-01 -5.70175799e-01 -1.01286549e-02  2.64548924e-05]","[ 0.         -1.84144449 10.93180656 -1.08600605 -4.40614891 -3.05480695
 -1.27989328 -0.33824408]"
1746810083.5547795,"[ 0.          0.5591627   0.73209992  3.08053516 -1.93781721  1.30253571
  1.49913359  1.56949497]","[ 0.00000000e+00 -2.27151978e-01 -4.65580047e-01 -3.50316438e-01
 -1.50831507e-01 -5.79899266e-01 -9.36267571e-03  2.64548924e-05]","[ 0.         -1.82289767 10.97195625 -1.11494875 -4.40872812 -2.98331571
 -1.28312075 -0.32707903]"
1746810083.55655,"[ 0.          0.55871222  0.73114018  3.07980465 -1.93812986  1.30132943
  1.49912028  1.56949497]","[ 0.00000000e+00 -2.29582862e-01 -4.69429413e-01 -3.58849672e-01
 -1.53415373e-01 -5.90308964e-01 -6.74901456e-03  1.85186086e-05]","[ 0.         -1.85898638 11.03378105 -1.14374959 -4.35864782 -3.04334998
 -1.27120054 -0.33421016]"
1746810083.5577424,"[ 0.          0.55846608  0.73067546  3.07944859 -1.93828007  1.30074154
  1.49911455  1.56949497]","[ 0.00000000e+00 -2.31710062e-01 -4.71320091e-01 -3.60754431e-01
 -1.52334978e-01 -5.95770974e-01 -5.97878989e-03  1.85186086e-05]","[ 0.         -1.86559474 10.96178627 -1.16255939 -4.33913469 -2.9622159
 -1.28086913 -0.34542069]"
1746810083.5595617,"[ 0.          0.55800825  0.72970614  3.07873113 -1.93861616  1.29950863
  1.4991051   1.56949497]","[ 0.00000000e+00 -2.33364218e-01 -4.74007587e-01 -3.64091405e-01
 -1.52901416e-01 -6.05605828e-01 -4.86175453e-03  1.85184257e-05]","[ 0.         -1.8820225  11.01510143 -1.15392458 -4.3218379  -2.85264826
 -1.32497191 -0.36291587]"
1746810083.561275,"[ 0.          0.55777682  0.72923822  3.0783732  -1.93874559  1.29890556
  1.4991003   1.56949497]","[ 0.00000000e+00 -2.34714707e-01 -4.74561258e-01 -3.63010994e-01
 -1.55005530e-01 -6.11500668e-01 -4.86175453e-03  1.85184257e-05]","[ 0.         -1.88207066 11.1786232  -1.16709685 -4.33925629 -2.74590945
 -1.34159708 -0.35155559]"
1746810083.5624814,"[ 0.          0.55729009  0.72829599  3.07762672 -1.93909499  1.2976793
  1.49908992  1.56949497]","[ 0.00000000e+00 -2.37728506e-01 -4.78612725e-01 -3.65542528e-01
 -1.59701914e-01 -6.26085936e-01 -4.96858422e-03  1.85184257e-05]","[ 0.         -1.8981204  11.33993626 -1.14934027 -4.34883499 -2.86667538
 -1.35534668 -0.33064428]"
1746810083.564258,"[ 0.          0.55705544  0.7277858   3.07726346 -1.93925478  1.29700872
  1.49908512  1.56949497]","[ 0.00000000e+00 -2.37955874e-01 -4.80472377e-01 -3.68039675e-01
 -1.62058479e-01 -6.31434962e-01 -4.96734835e-03  1.85186086e-05]","[ 0.         -1.90635586 11.31317234 -1.13763309 -4.32146692 -2.8909018
 -1.36655402 -0.33095956]"
1746810083.566053,"[ 0.          0.55656548  0.72683712  3.07650633 -1.93957569  1.2957549
  1.49907367  1.56949497]","[ 0.00000000e+00 -2.39483879e-01 -4.80556200e-01 -3.69763439e-01
 -1.62868779e-01 -6.37054032e-01 -5.23934864e-03  1.85184257e-05]","[ 0.         -1.93318081 11.5778513  -1.14483464 -4.27938414 -3.04374695
 -1.38131464 -0.33128005]"
1746810083.5672393,"[ 0.          0.55609254  0.72585168  3.07577715 -1.93991099  1.29442878
  1.49905942  1.56949497]","[ 0.00000000e+00 -2.40656852e-01 -4.81726227e-01 -3.69223250e-01
 -1.63949173e-01 -6.47484169e-01 -5.86579799e-03  1.85184257e-05]","[ 0.         -1.91700184 11.86150742 -1.07057369 -4.23451519 -3.11784029
 -1.44910073 -0.34241778]"
1746810083.5690377,"[ 0.          0.55585422  0.72537644  3.07538247 -1.94007397  1.29378177
  1.4990509   1.56949497]","[ 0.00000000e+00 -2.41492318e-01 -4.81853892e-01 -3.71289264e-01
 -1.65299662e-01 -6.56336850e-01 -6.80816119e-03  1.85184257e-05]","[ 0.         -1.91185951 12.00571251 -1.0440259  -4.23973513 -2.98372221
 -1.46562588 -0.3480753 ]"
1746810083.570819,"[ 0.          0.55535551  0.72438827  3.07464291 -1.94041006  1.29246617
  1.49902986  1.56949497]","[ 0.00000000e+00 -2.44018710e-01 -4.82478503e-01 -3.76245773e-01
 -1.63751800e-01 -6.69571628e-01 -9.27238414e-03  1.85186086e-05]","[ 0.         -1.89614701 12.10684395 -1.02238357 -4.26607943 -2.93961954
 -1.47649729 -0.3202495 ]"
1746810083.5725687,"[ 0.          0.55486971  0.72343819  3.07389616 -1.94072884  1.29109157
  1.49900802  1.56949497]","[ 0.00000000e+00 -2.46328902e-01 -4.81853892e-01 -3.78136451e-01
 -1.61518290e-01 -6.73352984e-01 -1.09721540e-02  1.85184257e-05]","[ 0.         -1.90905333 12.240448   -0.96736526 -4.34771061 -2.83718324
 -1.49109888 -0.33454421]"
1746810083.5737584,"[ 0.          0.5546268   0.72296248  3.07349483 -1.94088757  1.29042752
  1.49899764  1.56949497]","[ 0.00000000e+00 -2.46328902e-01 -4.82394081e-01 -3.77908085e-01
 -1.60814999e-01 -6.73623095e-01 -1.08939309e-02  1.85184257e-05]","[ 0.         -1.88760746 12.30223846 -0.97094524 -4.38920546 -2.79577398
 -1.49485195 -0.33663428]"
1746810083.5755243,"[ 0.          0.55412123  0.72197565  3.07275473 -1.94104789  1.28909194
  1.49897194  1.56949497]","[ 0.00000000e+00 -2.47409280e-01 -4.80773514e-01 -3.74895284e-01
 -1.62598684e-01 -6.79025051e-01 -1.19337694e-02  1.85182388e-05]","[ 0.         -1.85781193 12.50488091 -0.92097902 -4.4439702  -2.76085091
 -1.56495416 -0.35853046]"
1746810083.5766938,"[ 0.          0.55387785  0.72150407  3.07238402 -1.94122153  1.2883661
  1.49895769  1.56949497]","[ 0.00000000e+00 -2.46618970e-01 -4.78342614e-01 -3.75975695e-01
 -1.63501030e-01 -6.83594836e-01 -1.35238649e-02  1.85325998e-05]","[ 0.         -1.87123942 12.61372852 -0.83319414 -4.47206783 -2.81304836
 -1.59318852 -0.34468254]"
1746810083.5790524,"[ 0.          0.55337182  0.7205655   3.07160984 -1.94154803  1.28701228
  1.49892906  1.56949497]","[ 0.00000000e+00 -2.48260776e-01 -4.74889925e-01 -3.78911131e-01
 -1.66380040e-01 -6.87938252e-01 -1.45852636e-02  1.85184257e-05]","[ 0.         -1.89296746 12.84657574 -0.79113579 -4.56537819 -2.99617434
 -1.62164736 -0.35565755]"
1746810083.580222,"[ 0.          0.55312431  0.72006177  3.07123567 -1.941727    1.28628084
  1.49891388  1.56949497]","[ 0.00000000e+00 -2.50920558e-01 -4.74453933e-01 -3.79486940e-01
 -1.68516412e-01 -6.88610168e-01 -1.43040879e-02  1.85184257e-05]","[ 0.         -1.83604264 12.95183277 -0.81532592 -4.60193729 -3.04585481
 -1.65102708 -0.3659685 ]"
1746810083.5831685,"[ 0.          0.55262793  0.71913512  3.07048705 -1.94206815  1.28491371
  1.49888339  1.56949497]","[ 0.00000000e+00 -2.52811236e-01 -4.68349035e-01 -3.79216862e-01
 -1.74306190e-01 -6.94690697e-01 -1.53877531e-02  1.85186086e-05]","[ 0.         -1.85062468 13.10999203 -0.73666608 -4.62471294 -3.10432029
 -1.6609937  -0.35607004]"
1746810083.5843167,"[ 0.          0.55210675  0.71818138  3.06970701 -1.94241862  1.28348306
  1.49885103  1.56949497]","[ 0.00000000e+00 -2.54791612e-01 -4.64487352e-01 -3.81917840e-01
 -1.78804536e-01 -6.98640897e-01 -1.58645338e-02  1.85184257e-05]","[ 0.         -1.86540759 13.14391804 -0.66219884 -4.62162113 -3.04541302
 -1.70419931 -0.33848989]"
1746810083.586057,"[ 0.          0.55160211  0.71727037  3.06895067 -1.94278906  1.28210927
  1.49881308  1.56949497]","[ 0.00000000e+00 -2.56052403e-01 -4.60516213e-01 -3.83268329e-01
 -1.80695214e-01 -6.97661786e-01 -1.91769216e-02  1.05819570e-05]","[ 0.         -1.89511025 13.06285572 -0.57776761 -4.64520645 -2.98667502
 -1.71653688 -0.33622602]"
1746810083.5878415,"[ 0.          0.55107817  0.7163368   3.0681677  -1.94314726  1.28068421
  1.49876741  1.56949497]","[ 0.00000000e+00 -2.55782308e-01 -4.53890900e-01 -3.81530883e-01
 -1.82045703e-01 -6.94127105e-01 -2.30489955e-02  1.05819570e-05]","[ 0.         -1.89786911 13.00341415 -0.54120201 -4.63944626 -3.00621343
 -1.71552861 -0.33067328]"
1746810083.588963,"[ 0.          0.55082424  0.71589092  3.06779406 -1.94334247  1.27999738
  1.49874357  1.56949497]","[ 0.00000000e+00 -2.57411913e-01 -4.52143167e-01 -3.78946751e-01
 -1.83813276e-01 -6.96581408e-01 -2.43087727e-02  1.05820616e-05]","[ 0.         -1.92172492 12.89554405 -0.47960037 -4.65147638 -3.02848244
 -1.71145582 -0.31518003]"
1746810083.5907369,"[ 0.          0.5503182   0.71500149  3.06701562 -1.94370759  1.27862945
  1.49868844  1.56949497]","[ 0.00000000e+00 -2.55782308e-01 -4.50252490e-01 -3.80666520e-01
 -1.85286870e-01 -6.91828265e-01 -2.75845316e-02  1.05820616e-05]","[ 0.         -1.90989971 12.68979836 -0.5160104  -4.64777565 -3.17393184
 -1.7233417  -0.33286262]"
1746810083.5930965,"[ 0.          0.5497906   0.71408177  3.06625902 -1.94408602  1.27720718
  1.49862852  1.56949497]","[ 0.00000000e+00 -2.58483286e-01 -4.47821623e-01 -3.84078596e-01
 -1.84816356e-01 -6.96581408e-01 -3.07911127e-02  1.05899522e-05]","[ 0.         -1.90474153 12.49487877 -0.49404484 -4.59347105 -3.28002954
 -1.746086   -0.3289564 ]"
1746810083.594188,"[ 0.          0.54953577  0.71364182  3.06587925 -1.94426872  1.27652129
  1.49859617  1.56949497]","[ 0.00000000e+00 -2.58483286e-01 -4.46201023e-01 -3.85159007e-01
 -1.85099133e-01 -6.95771075e-01 -3.29185062e-02  1.05820616e-05]","[ 0.         -1.87414384 12.53191566 -0.50136137 -4.53738832 -3.32057333
 -1.73422122 -0.3556295 ]"
1746810083.5959222,"[ 0.          0.54900813  0.71273082  3.06508936 -1.94463916  1.27508291
  1.49852759  1.56949497]","[ 0.00000000e+00 -2.57288442e-01 -4.44361710e-01 -3.84618818e-01
 -1.88528036e-01 -7.02493293e-01 -3.37621852e-02  1.05819570e-05]","[ 0.         -1.85816145 12.38820171 -0.53582805 -4.3547473  -3.35157228
 -1.69473147 -0.34384871]"
1746810083.5976381,"[ 0.          0.54849983  0.71185743  3.06432956 -1.94502213  1.27369887
  1.49845821  1.56949497]","[ 0.00000000e+00 -2.57672986e-01 -4.41879478e-01 -3.85969307e-01
 -1.86097153e-01 -7.01173031e-01 -3.67332556e-02  1.05979587e-05]","[ 0.         -1.84795427 12.17299557 -0.54151875 -4.25105095 -3.24185658
 -1.68242502 -0.36254469]"
1746810083.599415,"[ 0.          0.54797129  0.71095236  3.063537   -1.94538831  1.27230897
  1.49838018  1.56949497]","[ 0.00000000e+00 -2.58542275e-01 -4.42419667e-01 -3.86387690e-01
 -1.85556964e-01 -7.05224498e-01 -3.86239376e-02  1.05979587e-05]","[ 0.         -1.86220539 11.88611221 -0.59511685 -4.1719203  -3.159724
 -1.68587446 -0.36341378]"
1746810083.6012015,"[ 0.          0.54771643  0.7105166   3.06315564 -1.94557047  1.27156022
  1.49834117  1.56949497]","[ 0.00000000e+00 -2.58221381e-01 -4.41879478e-01 -3.86779574e-01
 -1.84559494e-01 -7.05160915e-01 -3.93942778e-02  1.05979587e-05]","[ 0.         -1.89620185 11.65431404 -0.59745216 -4.19522524 -3.0885067
 -1.68760765 -0.35710418]"
1746810083.6030407,"[ 0.          0.54718103  0.709606    3.06236734 -1.94594891  1.27016379
  1.49825741  1.56949497]","[ 0.00000000e+00 -2.62053037e-01 -4.45784571e-01 -3.84428036e-01
 -1.85016775e-01 -7.10807149e-01 -4.11260274e-02  1.05979587e-05]","[ 0.         -1.87486446 11.39212036 -0.62590808 -4.16781521 -3.19879889
 -1.64348555 -0.34634024]"
1746810083.6041632,"[ 0.          0.54666628  0.70872576  3.06160141 -1.94631163  1.26871396
  1.49817379  1.56949497]","[ 0.         -0.26037396 -0.44620102 -0.38989541 -0.18312608 -0.70927596
 -0.0424053   0.        ]","[ 0.         -1.83048904 11.18229961 -0.68041867 -4.13805437 -3.20111227
 -1.59809744 -0.34461865]"
1746810083.6059408,"[ 0.          0.54640868  0.7082872   3.06121472 -1.94650577  1.26801089
  1.49812998  1.56949497]","[ 0.         -0.26118426 -0.44485053 -0.39218153 -0.18263824 -0.71305732
 -0.04425111  0.        ]","[ 0.         -1.82145882 11.19109154 -0.70195782 -4.10271215 -3.30618382
 -1.60773838 -0.34892705]"
1746810083.6077394,"[ 0.          0.54587832  0.70737347  3.06040752 -1.9468677   1.26653164
  1.49803291  1.56949497]","[ 0.         -0.25804075 -0.44586633 -0.39420803 -0.18393638 -0.72504121
 -0.04726706  0.        ]","[ 0.         -1.78975904 11.02228832 -0.75270087 -4.17947483 -3.36803079
 -1.62386751 -0.34084111]"
1746810083.6095145,"[ 0.          0.54562392  0.70693172  3.06002136 -1.94705012  1.26580965
  1.49798351  1.56949497]","[ 0.         -0.25768174 -0.4476377  -0.39164134 -0.18501678 -0.73297763
 -0.05023813  0.        ]","[ 0.         -1.79103851 10.98926449 -0.78011745 -4.23468637 -3.32983398
 -1.61399424 -0.34714466]"
1746810083.6113045,"[ 0.          0.54511469  0.70604775  3.05924771 -1.94742882  1.26436076
  1.49787032  1.56949497]","[ 0.         -0.2579431  -0.4476377  -0.39326194 -0.18528687 -0.7352053
 -0.05717521  0.        ]","[ 0.         -1.79822719 10.89740562 -0.82893538 -4.31217337 -3.1842587
 -1.58581245 -0.34036246]"
1746810083.6130571,"[ 0.          0.54458202  0.70512936  3.05843944 -1.94779474  1.26284822
  1.49774848  1.56949497]","[ 0.         -0.26005279 -0.44887554 -0.3954227  -0.18644826 -0.7400671
 -0.06374301  0.        ]","[ 0.         -1.81934941 10.71084595 -0.87459958 -4.44321394 -3.00045824
 -1.53897512 -0.34773871]"
1746810083.6147552,"[ 0.          0.54402778  0.70423853  3.05765914 -1.94817877  1.26137935
  1.49761053  1.56949497]","[ 0.         -0.26047072 -0.45168507 -0.3954227  -0.18771775 -0.74606287
 -0.06896132  0.        ]","[ 0.         -1.83661819 10.62036324 -0.91847396 -4.51579428 -2.94383216
 -1.54600966 -0.34286386]"
1746810083.6159363,"[ 0.          0.54375042  0.70379312  3.05723916 -1.94836333  1.26064592
  1.49754022  1.56949497]","[ 0.         -0.26154702 -0.45160298 -0.39546185 -0.18717755 -0.74460366
 -0.07130573  0.        ]","[ 0.         -1.80820978 10.56826973 -0.95744103 -4.56534433 -2.93476892
 -1.57489598 -0.32038352]"
1746810083.6176646,"[ 0.          0.54323706  0.7028688   3.05645352 -1.94873191  1.25912006
  1.49739082  1.56949497]","[ 0.         -0.26011016 -0.45079268 -0.39960905 -0.18663736 -0.7457391
 -0.07724788  0.        ]","[ 0.         -1.83465087 10.60592651 -0.98148721 -4.66771507 -3.03811193
 -1.58692849 -0.30317026]"
1746810083.6193974,"[ 0.          0.54269704  0.70197478  3.05566177 -1.9491154   1.25758368
  1.49721958  1.56949497]","[ 0.         -0.26456072 -0.45403385 -0.40136484 -0.18771775 -0.75330847
 -0.085891    0.        ]","[ 0.         -1.82100952 10.62786484 -0.97906113 -4.81892967 -3.1057682
 -1.5695554  -0.32224536]"
1746810083.621167,"[ 0.          0.54243575  0.70149261  3.05523646 -1.94930049  1.256836
  1.49713023  1.56949497]","[ 0.         -0.26496562 -0.4538909  -0.40047724 -0.18752755 -0.75766527
 -0.09075275  0.        ]","[ 0.         -1.83681607 10.69164848 -0.97138584 -4.88149881 -3.17053223
 -1.54507947 -0.31714338]"
1746810083.622326,"[ 0.          0.54190724  0.70059899  3.05445136 -1.94968585  1.25534343
  1.49694461  1.56949497]","[ 0.         -0.26901434 -0.45268336 -0.39718065 -0.18879813 -0.7562729
 -0.09669489  0.        ]","[ 0.         -1.80896354 10.85322094 -0.94098103 -5.01230097 -3.15337682
 -1.53354323 -0.34553453]"
1746810083.6241338,"[ 0.          0.54162208  0.70015178  3.05405881 -1.94987361  1.25454049
  1.49684101  1.56949497]","[ 0.         -0.26857302 -0.45349366 -0.39852788 -0.19041871 -0.75606691
 -0.09754893  0.        ]","[ 0.         -1.78447735 10.83481884 -0.87614197 -5.01952076 -3.06428242
 -1.56930029 -0.36144069]"
1746810083.6252847,"[ 0.          0.54109491  0.6992228   3.05323829 -1.95025284  1.25305072
  1.49664593  1.56949497]","[ 0.         -0.2668563  -0.45263708 -0.40136484 -0.19265421 -0.75465237
 -0.09929516  0.        ]","[ 0.         -1.79842412 10.8953743  -0.85601389 -4.97898769 -3.00894451
 -1.59054208 -0.35745129]"
1746810083.6271148,"[ 0.          0.54083226  0.69877652  3.05284201 -1.9504595   1.25230397
  1.49653847  1.56949497]","[ 0.         -0.26631611 -0.45222469 -0.40190503 -0.19459633 -0.75735335
 -0.10131046  0.        ]","[ 0.         -1.81076145 11.04499817 -0.87095499 -4.95453882 -3.1627357
 -1.63223279 -0.36741403]"
1746810083.6289074,"[ 0.          0.54028814  0.69788569  3.05195704 -1.9508438   1.25076186
  1.49632915  1.56949497]","[ 0.         -0.26581457 -0.45133287 -0.40158036 -0.19474028 -0.75249155
 -0.10803899  0.        ]","[ 0.         -1.83567631 11.07294083 -0.85944492 -4.89064646 -3.22002649
 -1.65437555 -0.36159226]"
1746810083.6300874,"[ 0.          0.54002592  0.69744068  3.05156023 -1.95103634  1.2500227
  1.49621983  1.56949497]","[ 0.         -0.26604601 -0.45133287 -0.40244525 -0.19528048 -0.74979057
 -0.11073996  0.        ]","[ 0.         -1.81246567 10.93763256 -0.82531655 -4.86319304 -3.26949072
 -1.6322     -0.34731862]"
1746810083.6318831,"[ 0.          0.53949558  0.6965145   3.05073385 -1.95143928  1.24849112
  1.49599146  1.56949497]","[ 0.         -0.26955728 -0.45268336 -0.40385849 -0.1972412  -0.74879461
 -0.11284581  0.        ]","[ 0.         -1.80788422 10.97401237 -0.7960248  -4.84533644 -3.36064959
 -1.57238913 -0.34626049]"
1746810083.6336346,"[ 0.          0.53949558  0.69606775  3.05033598 -1.95163449  1.24774903
  1.49587828  1.56949497]","[ 0.         -0.26955728 -0.45276435 -0.40393529 -0.19798144 -0.75249155
 -0.11467512  0.        ]","[ 0.         -1.80788422 11.15172958 -0.78873938 -4.82969189 -3.45134115
 -1.57398593 -0.32914305]"
1746810083.6347692,"[ 0.          0.53894088  0.6951443   3.04954449 -1.95203583  1.24627071
  1.49562807  1.56949497]","[ 0.         -0.2709031  -0.44970594 -0.40136484 -0.1963517  -0.74979057
 -0.12438116  0.        ]","[ 0.         -1.79990757 11.24498558 -0.74181467 -4.79484129 -3.37459993
 -1.639889   -0.35395622]"
1746810083.6365407,"[ 0.          0.53838158  0.69426033  3.0487253  -1.95242758  1.24473247
  1.49536269  1.56949497]","[ 0.         -0.27358839 -0.44755151 -0.40055454 -0.19966962 -0.7506009
 -0.13774971  0.        ]","[ 0.         -1.73745775 11.40723991 -0.68159175 -4.66797781 -3.31749868
 -1.65364218 -0.34707829]"
1746810083.6381955,"[ 0.          0.53811157  0.69381911  3.04832769 -1.95262492  1.24399144
  1.49522181  1.56949497]","[ 0.         -0.27387884 -0.44755151 -0.40325552 -0.20014223 -0.75141117
 -0.14288157  0.        ]","[ 0.         -1.74257994 11.3915863  -0.65917671 -4.62488461 -3.28714061
 -1.62778711 -0.37840709]"
1746810083.6399205,"[ 0.          0.53754721  0.69290438  3.04753087 -1.95303744  1.24245506
  1.49491368  1.56949497]","[ 0.         -0.27634684 -0.44574895 -0.40392624 -0.20068242 -0.74879461
 -0.15233498  0.        ]","[ 0.         -1.70356762 11.44655991 -0.60962462 -4.52079487 -3.36018515
 -1.58492649 -0.36656594]"
1746810083.641606,"[ 0.          0.53727401  0.69246583  3.04710103 -1.95323585  1.24171777
  1.49475669  1.56949497]","[ 0.         -0.27712    -0.44485053 -0.4047403  -0.20122263 -0.74687234
 -0.15935752  0.        ]","[ 0.         -1.71056759 11.45689869 -0.60072452 -4.54821587 -3.44632149
 -1.57890058 -0.36281034]"
1746810083.6433363,"[ 0.          0.53672483  0.69158831  3.04631034 -1.95363106  1.24023572
  1.494417    1.56949497]","[ 0.         -0.27818835 -0.44512064 -0.40136484 -0.20014223 -0.75141117
 -0.16751333  0.        ]","[ 0.         -1.66776812 11.31626511 -0.57314372 -4.52692318 -3.46641207
 -1.58583736 -0.35421881]"
1746810083.6450229,"[ 0.          0.53615312  0.69067825  3.04551965 -1.95403693  1.23868789
  1.4940889   1.56949497]","[ 0.         -0.279821   -0.44278089 -0.40136484 -0.19771135 -0.75546263
 -0.16459253  0.        ]","[ 0.         -1.65896595 11.34952831 -0.55228305 -4.5606761  -3.56900454
 -1.58960462 -0.35390356]"
1746810083.6467652,"[ 0.          0.53587854  0.69024242  3.04509434 -1.95422841  1.23794487
  1.49392711  1.56949497]","[ 0.         -0.27847049 -0.44187948 -0.40047724 -0.19420009 -0.75280846
 -0.16421927  0.        ]","[ 0.         -1.65948176 11.35366917 -0.51989388 -4.59110928 -3.4889369
 -1.61332774 -0.33152318]"
1746810083.6478512,"[ 0.          0.53530776  0.6893438   3.04430978 -1.95462575  1.23646468
  1.49360087  1.56949497]","[ 0.         -0.27935608 -0.43834327 -0.39677319 -0.19384402 -0.7506009
 -0.15719673  0.        ]","[ 0.         -1.66065478 11.43986225 -0.45580375 -4.67400265 -3.3729651
 -1.70336843 -0.33978936]"
1746810083.6501613,"[ 0.          0.53475306  0.68848147  3.04349511 -1.95501111  1.23481033
  1.49329541  1.56949497]","[ 0.         -0.28225187 -0.43674763 -0.39822031 -0.19663097 -0.75308017
 -0.15449575  0.        ]","[ 0.         -1.63157976 11.59877682 -0.43704695 -4.77881479 -3.31468701
 -1.75078845 -0.34298956]"
1746810083.651275,"[ 0.          0.53417172  0.68759337  3.04270709 -1.95540126  1.23326929
  1.49298249  1.56949497]","[ 0.         -0.28537452 -0.43232482 -0.40001435 -0.19798144 -0.74980928
 -0.15218063  0.        ]","[ 0.         -1.62881148 11.64482307 -0.46289176 -4.96784878 -3.40516806
 -1.75044811 -0.33770707]"
1746810083.6530151,"[ 0.          0.5338898   0.68717     3.04231454 -1.95561432  1.23252813
  1.49283308  1.56949497]","[ 0.         -0.2857434  -0.42901987 -0.39812367 -0.20061476 -0.75168128
 -0.15152468  0.        ]","[ 0.         -1.63210034 11.63930035 -0.42888048 -5.04102516 -3.38842607
 -1.71256852 -0.34025207]"
1746810083.6546464,"[ 0.          0.53332634  0.68632464  3.04150866 -1.95601486  1.23104888
  1.4925183   1.56949497]","[ 0.         -0.28603322 -0.4278344  -0.39245164 -0.20365349 -0.74979057
 -0.15397184  0.        ]","[ 0.         -1.57473719 11.65611076 -0.40113983 -5.12790966 -3.41037917
 -1.67898941 -0.34879574]"
1746810083.6564274,"[ 0.          0.53304441  0.68590493  3.04150866 -1.95621592  1.23024607
  1.49236131  1.56949497]","[ 0.         -0.28603322 -0.42567361 -0.39245164 -0.20371698 -0.75581617
 -0.15935752  0.        ]","[ 0.         -1.49388015 11.71814823 -0.40113983 -5.14842129 -3.5129292
 -1.71507895 -0.34157112]"
1746810083.6581228,"[ 0.          0.53246031  0.68504166  3.04073715 -1.95663324  1.22875816
  1.49204732  1.56949497]","[ 0.         -0.28495284 -0.41973147 -0.39178419 -0.20412552 -0.75357199
 -0.15935752  0.        ]","[ 0.         -1.39968812 11.76108646 -0.41199386 -5.20734978 -3.29992867
 -1.69988763 -0.34363395]"
1746810083.6598318,"[ 0.          0.53189735  0.68422015  3.0399374  -1.95703778  1.22722085
  1.49171722  1.56949497]","[ 0.         -0.2857434  -0.4164903  -0.38975066 -0.20527408 -0.74979057
 -0.16199643  0.        ]","[ 0.         -1.30549991 11.67749119 -0.38369671 -5.26495981 -3.202914
 -1.71485579 -0.34454548]"
1746810083.6621044,"[ 0.          0.53130913  0.68336973  3.03916774 -1.95746122  1.22574253
  1.49139098  1.56949497]","[ 0.         -0.28709253 -0.41595011 -0.38935575 -0.2074945  -0.7490309
 -0.16583985  0.        ]","[ 0.         -1.2755394  11.60295105 -0.36987707 -5.33975363 -3.2312479
 -1.71307766 -0.3496058 ]"
1746810083.6638024,"[ 0.          0.5307448   0.682557    3.03837146 -1.95787401  1.22494251
  1.49104091  1.56949497]","[ 0.         -0.28630333 -0.41150573 -0.38975066 -0.21013584 -0.75330847
 -0.17349671  0.        ]","[ 0.         -1.22352695 11.54441929 -0.33724585 -5.33684015 -3.3823905
 -1.61733735 -0.34372991]"
1746810083.6655283,"[ 0.          0.53044173  0.68212171  3.03798583 -1.95808253  1.22420136
  1.49086394  1.56949497]","[ 0.         -0.28537452 -0.40975566 -0.39070487 -0.21148632 -0.75168128
 -0.17934472  0.        ]","[ 0.         -1.26153684 11.41495514 -0.35001856 -5.2811842  -3.41732407
 -1.56991541 -0.31473902]"
1746810083.6672406,"[ 0.          0.52988061  0.6813181   3.03721804 -1.95851556  1.22265845
  1.49050335  1.56949497]","[ 0.         -0.28466412 -0.40649669 -0.38840017 -0.21148632 -0.75506383
 -0.18420648  0.        ]","[ 0.         -1.27719951 11.40517139 -0.37385079 -5.14148998 -3.56343961
 -1.56407976 -0.32139578]"
1746810083.6684222,"[ 0.          0.52929511  0.68048786  3.03642735 -1.95892969  1.22116296
  1.49010947  1.56949497]","[ 0.         -0.28637757 -0.4051462  -0.38461882 -0.20992292 -0.75955405
 -0.1948128   0.        ]","[ 0.         -1.28994286 11.37549782 -0.42194512 -5.00853777 -3.64711022
 -1.58510315 -0.33139339]"
1746810083.6701715,"[ 0.          0.52901272  0.68009072  3.03604785 -1.95915339  1.22035629
  1.48991639  1.56949497]","[ 0.         -0.28630333 -0.40271533 -0.38449894 -0.21064551 -0.75957768
 -0.19582067  0.        ]","[ 0.         -1.27890658 11.40601826 -0.44753945 -4.97076225 -3.74254322
 -1.59578109 -0.34061086]"
1746810083.6713214,"[ 0.          0.52845112  0.67920768  3.03525769 -1.95956991  1.21886172
  1.48951585  1.56949497]","[ 0.         -0.28360235 -0.40035101 -0.3873198  -0.21094613 -0.75843372
 -0.19610093  0.        ]","[ 0.         -1.2531637  11.28576088 -0.502837   -4.92476416 -3.62881231
 -1.51965296 -0.32624811]"
1746810083.673102,"[ 0.          0.52814945  0.6788114   3.03487526 -1.95977737  1.2181159
  1.48932184  1.56949497]","[ 0.         -0.28385339 -0.40231309 -0.38785998 -0.21040594 -0.7562729
 -0.19663097  0.        ]","[ 0.         -1.3238951  11.12183285 -0.51681387 -4.93200159 -3.58488822
 -1.46085274 -0.32181025]"
1746810083.6742682,"[ 0.          0.52759705  0.67801838  3.03408111 -1.9602128   1.21656621
  1.48893941  1.56949497]","[ 0.         -0.2790107  -0.40298544 -0.38743727 -0.21345374 -0.75550664
 -0.19392999  0.        ]","[ 0.         -1.31500268 10.89482212 -0.53552312 -4.86085463 -3.52828526
 -1.41437244 -0.34251815]"
1746810083.6760173,"[ 0.          0.52732154  0.67759087  3.03370054 -1.96042585  1.21582425
  1.48875006  1.56949497]","[ 0.         -0.27928078 -0.40248337 -0.38596931 -0.21607799 -0.75249155
 -0.19184474  0.        ]","[ 0.         -1.30788708 10.89747143 -0.53652126 -4.84392452 -3.68214798
 -1.42891538 -0.34507349]"
1746810083.677196,"[ 0.          0.52675029  0.67680011  3.03293888 -1.96085195  1.21428308
  1.48836297  1.56949497]","[ 0.         -0.2779303  -0.40001435 -0.38638769 -0.21607799 -0.75431155
 -0.18717755  0.        ]","[ 0.         -1.33956516 10.79676247 -0.53285271 -4.70530462 -3.77867198
 -1.42970026 -0.34361219]"
1746810083.6790056,"[ 0.          0.52647569  0.67640477  3.03255751 -1.96108045  1.21354112
  1.48818414  1.56949497]","[ 0.         -0.27847049 -0.40041855 -0.38677957 -0.21515933 -0.75249155
 -0.1815055   0.        ]","[ 0.         -1.38290703 10.72134113 -0.56471288 -4.61834288 -3.81262326
 -1.3908087  -0.33158365]"
1746810083.6801798,"[ 0.          0.52590447  0.67558285  3.03176682 -1.96150443  1.21204842
  1.48782168  1.56949497]","[ 0.         -0.27810223 -0.40210477 -0.38623938 -0.2147275  -0.75735335
 -0.17367267  0.        ]","[ 0.         -1.43900979 10.64891052 -0.57919037 -4.44896698 -3.85014057
 -1.38750243 -0.33662465]"
1746810083.681971,"[ 0.          0.52563217  0.67518564  3.03138812 -1.96173266  1.21124268
  1.48765896  1.56949497]","[ 0.         -0.27603963 -0.40298544 -0.38368947 -0.21470639 -0.75882534
 -0.16502955  0.        ]","[ 0.         -1.44108498 10.60878658 -0.57084548 -4.42750025 -3.88948607
 -1.42297709 -0.3240568 ]"
1746810083.6831572,"[ 0.          0.52508712  0.67438709  3.03059876 -1.96215424  1.20972828
  1.48733552  1.56949497]","[ 0.         -0.27657982 -0.40568642 -0.38693573 -0.2139172  -0.77193861
 -0.15597798  0.        ]","[ 0.         -1.4616679  10.46308613 -0.57436979 -4.45772028 -3.75633764
 -1.45348215 -0.33118394]"
1746810083.6849232,"[ 0.          0.5247937   0.67395359  3.03021313 -1.96236436  1.20895862
  1.48718519  1.56949497]","[ 0.         -0.27608688 -0.40786702 -0.39110115 -0.21310692 -0.7805817
 -0.15233498  0.        ]","[ 0.         -1.52723253 10.45138359 -0.59375942 -4.48002863 -3.66701102
 -1.45195484 -0.33206004]"
1746810083.686679,"[ 0.          0.52424772  0.6731376   3.02943735 -1.96280565  1.20732903
  1.48688838  1.56949497]","[ 0.         -0.27712    -0.41486973 -0.3946124  -0.21585904 -0.8000287
 -0.15071439  0.        ]","[ 0.         -1.55443084 10.40634155 -0.55431128 -4.52072525 -3.57043362
 -1.45086873 -0.31980386]"
1746810083.687899,"[ 0.          0.52397265  0.67272714  3.02901924 -1.96302057  1.20653381
  1.48674283  1.56949497]","[ 0.         -0.2790107  -0.41622022 -0.39370649 -0.21796867 -0.80569391
 -0.14747323  0.        ]","[ 0.         -1.57018471 10.4020071  -0.50745094 -4.56113529 -3.64553475
 -1.44496047 -0.32077122]"
1746810083.6891117,"[ 0.          0.52369808  0.67272714  3.02863148 -1.96323495  1.20491648
  1.48643178  1.56949497]","[ 0.         -0.27847049 -0.41622022 -0.39326194 -0.21742846 -0.8240674
 -0.15233498  0.        ]","[ 0.         -1.57100701 10.4020071  -0.54570776 -4.57101822 -3.60790801
 -1.41091728 -0.3296572 ]"
1746810083.6908584,"[ 0.          0.52312959  0.6718712   3.02785544 -1.96368503  1.20402618
  1.48627678  1.56949497]","[ 0.         -0.27740135 -0.41768726 -0.39407221 -0.22066964 -0.83831897
 -0.15719673  0.        ]","[ 0.         -1.60566187 10.53741264 -0.55716437 -4.69815111 -3.6910305
 -1.40229177 -0.31122223]"
1746810083.6926384,"[ 0.          0.52258225  0.67104096  3.0270437  -1.96412578  1.20233854
  1.48594375  1.56949497]","[ 0.         -0.27712    -0.42189225 -0.39696646 -0.224451   -0.85945015
 -0.16575796  0.        ]","[ 0.         -1.61895466 10.75954533 -0.54720813 -4.85888815 -3.61288834
 -1.4749912  -0.32806423]"
1746810083.693824,"[ 0.          0.52228833  0.67059049  3.02665249 -1.96436466  1.20141761
  1.48577637  1.56949497]","[ 0.         -0.27684838 -0.42430022 -0.39677319 -0.2247277  -0.86715734
 -0.16962121  0.        ]","[ 0.         -1.62771964 10.92294693 -0.49057785 -4.94773483 -3.53071046
 -1.48358917 -0.32706794]"
1746810083.6950297,"[ 0.          0.52201513  0.67017124  3.02626127 -1.96458837  1.20055382
  1.48560513  1.56949497]","[ 0.         -0.27712    -0.42513342 -0.39637118 -0.22688188 -0.87619624
 -0.17367267  0.        ]","[ 0.         -1.64700484 11.05972099 -0.51625973 -5.03325891 -3.50866747
 -1.50631917 -0.32718998]"
1746810083.6968207,"[ 0.          0.52146502  0.66933507  3.02547697 -1.96504191  1.19880159
  1.48523602  1.56949497]","[ 0.         -0.27928078 -0.42378293 -0.39812367 -0.23147354 -0.89348242
 -0.18105482  0.        ]","[ 0.         -1.68744326 11.32076263 -0.50737119 -5.16674328 -3.33109736
 -1.49106896 -0.32993719]"
1746810083.6986141,"[ 0.          0.52116748  0.6688846   3.02505033 -1.9652712   1.19785018
  1.48505426  1.56949497]","[ 0.         -0.27984487 -0.42430022 -0.40173106 -0.23255393 -0.89574491
 -0.18420648  0.        ]","[ 0.         -1.74072504 11.51477051 -0.48644313 -5.24382401 -3.22040296
 -1.48434913 -0.34303939]"
1746810083.700415,"[ 0.          0.52061277  0.66804797  3.02425697 -1.9657575   1.19606839
  1.48468142  1.56949497]","[ 0.         -0.28090138 -0.42378293 -0.40190503 -0.23933373 -0.90590694
 -0.19014862  0.        ]","[ 0.         -1.76699793 11.79539108 -0.4481248  -5.38466549 -3.26290512
 -1.57813931 -0.31706068]"
1746810083.7020988,"[ 0.          0.52005714  0.66721593  3.02343592 -1.9662382   1.19419246
  1.48427329  1.56949497]","[ 0.         -0.28144157 -0.42108195 -0.3999757  -0.24497841 -0.91981869
 -0.2025731   0.        ]","[ 0.         -1.78046703 12.03493404 -0.42652938 -5.42429924 -3.3791306
 -1.65621257 -0.32028377]"
1746810083.7032905,"[ 0.          0.51975866  0.66676958  3.02304177 -1.96648241  1.19328206
  1.48407155  1.56949497]","[ 0.         -0.28111143 -0.42028793 -0.39933924 -0.24767939 -0.92319318
 -0.20473389  0.        ]","[ 0.         -1.7528404  12.00361347 -0.35041881 -5.42601442 -3.29159331
 -1.68522775 -0.30635267]"
1746810083.7050705,"[ 0.          0.5192026   0.66594487  3.02225108 -1.96699454  1.19145753
  1.48365397  1.56949497]","[ 0.         -0.28142625 -0.41741744 -0.40136484 -0.25146075 -0.92616427
 -0.21337701  0.        ]","[ 0.         -1.78680694 12.22000313 -0.2335564  -5.37132597 -3.18770695
 -1.66914082 -0.31216356]"
1746810083.7062325,"[ 0.          0.51862449  0.66509219  3.02142497 -1.96749095  1.1895539
  1.48321162  1.56949497]","[ 0.         -0.28286682 -0.41540992 -0.40379574 -0.25120597 -0.931026
 -0.21499759  0.        ]","[ 0.         -1.78153527 12.41150379 -0.23799972 -5.24009466 -3.16012836
 -1.72972071 -0.32446235]"
1746810083.7080002,"[ 0.          0.51834393  0.66468439  3.02102842 -1.96775806  1.18863497
  1.48300043  1.56949497]","[ 0.         -0.28468273 -0.41351924 -0.40217514 -0.25152077 -0.93183627
 -0.21397028  0.        ]","[ 0.         -1.84737837 12.66302872 -0.255005   -5.1411562  -3.39187193
 -1.7861563  -0.32348138]"
1746810083.7091734,"[ 0.          0.51806379  0.66427846  3.02060072 -1.96800707  1.18771791
  1.48278924  1.56949497]","[ 0.         -0.28385466 -0.41121148 -0.40235527 -0.25254114 -0.93021574
 -0.21418729  0.        ]","[ 0.         -1.80207646 12.65878105 -0.20108542 -4.9835372  -3.4249649
 -1.82283139 -0.32260525]"
1746810083.7109716,"[ 0.          0.51748293  0.66344369  3.0198063  -1.96853225  1.18581056
  1.48235261  1.56949497]","[ 0.         -0.28335232 -0.40674646 -0.40244525 -0.25728844 -0.93183627
 -0.21418729  0.        ]","[ 0.         -1.79183781 12.69880581 -0.2160476  -4.80659628 -3.61769581
 -1.89773977 -0.33347547]"
1746810083.712719,"[ 0.          0.51692133  0.66264608  3.01901028 -1.96904118  1.18396685
  1.48192637  1.56949497]","[ 0.         -0.28468273 -0.40379574 -0.40352563 -0.25821319 -0.93399709
 -0.21801764  0.        ]","[ 0.         -1.77682245 12.72581387 -0.15033069 -4.62546349 -3.59010887
 -1.84633732 -0.35062304]"
1746810083.713843,"[ 0.          0.5166394   0.66221811  3.01858364 -1.96929684  1.18304513
  1.48165713  1.56949497]","[ 0.         -0.28603322 -0.40298491 -0.40173106 -0.25929357 -0.93480736
 -0.22196667  0.        ]","[ 0.         -1.81693661 12.72733784 -0.18182015 -4.57937145 -3.63729048
 -1.79469132 -0.33855334]"
1746810083.7155461,"[ 0.          0.51605118  0.66142875  3.01779481 -1.96982761  1.18113099
  1.48118721  1.56949497]","[ 0.         -0.28844165 -0.39866386 -0.39906943 -0.25904382 -0.93399709
 -0.23274475  0.        ]","[ 0.         -1.74630487 12.59952354 -0.15673953 -4.43191338 -3.54594374
 -1.77865887 -0.35672304]"
1746810083.7166452,"[ 0.          0.51576555  0.66103706  3.0174012  -1.97008167  1.18021113
  1.48095419  1.56949497]","[ 0.         -0.2895445  -0.39691084 -0.39920409 -0.25767299 -0.93291671
 -0.23633529  0.        ]","[ 0.         -1.68327439 12.55259895 -0.093517   -4.36501026 -3.48111486
 -1.82317364 -0.3704721 ]"
1746810083.718413,"[ 0.          0.51548179  0.66061642  3.01697323 -1.97033547  1.17830191
  1.48048228  1.56949497]","[ 0.         -0.2879239  -0.39621415 -0.40298491 -0.2571421  -0.93197143
 -0.24038676  0.        ]","[ 0.         -1.69249904 12.52556324 -0.09214389 -4.35159969 -3.66594696
 -1.87020075 -0.37058035]"
1746810083.7202156,"[ 0.          0.51489217  0.65983584  3.01617801 -1.97084627  1.17738192
  1.48024645  1.56949497]","[ 0.         -0.28738371 -0.3954227  -0.40325552 -0.25902348 -0.93291671
 -0.23930636  0.        ]","[ 0.         -1.66890335 12.43949413 -0.07703403 -4.29324722 -3.64504719
 -1.84199703 -0.3792643 ]"
1746810083.7214031,"[ 0.          0.51430764  0.65906206  3.01535775 -1.97137517  1.17546511
  1.4797555   1.56949497]","[ 0.         -0.28510604 -0.39110115 -0.39922339 -0.25848329 -0.93436328
 -0.23930636  0.        ]","[ 0.         -1.63054979 12.38402081 -0.07377294 -4.2644124  -3.74930072
 -1.84689426 -0.37944496]"
1746810083.7232072,"[ 0.          0.51402568  0.65864974  3.0149652  -1.97162897  1.17454712
  1.47951768  1.56949497]","[ 0.         -0.28603322 -0.38818958 -0.39812367 -0.25740289 -0.931026
 -0.24119704  0.        ]","[ 0.         -1.62049305 12.31140137 -0.08348451 -4.2488451  -3.6535933
 -1.82901466 -0.36384785]"
1746810083.7249894,"[ 0.          0.51345906  0.65788654  3.0141785  -1.97215175  1.17270914
  1.479023    1.56949497]","[ 0.         -0.28738371 -0.3865095  -0.39866386 -0.25389163 -0.93089218
 -0.24174079  0.        ]","[ 0.         -1.6676383  12.18000889 -0.1024155  -4.3084116  -3.48097658
 -1.80565429 -0.3415359 ]"
1746810083.7261565,"[ 0.          0.51317343  0.65750498  3.01375559 -1.97240155  1.17171884
  1.47878331  1.56949497]","[ 0.         -0.2895445  -0.38704968 -0.39822031 -0.25309473 -0.93235712
 -0.24308774  0.        ]","[ 0.         -1.68313706 12.13752937 -0.0775376  -4.36654806 -3.33651257
 -1.82615662 -0.35275424]"
1746810083.7279458,"[ 0.          0.51258061  0.65671562  3.01297556 -1.97292034  1.16988086
  1.47854549  1.56949497]","[ 0.         -0.28898131 -0.38461882 -0.39434232 -0.25352691 -0.931026
 -0.24095266  0.        ]","[ 0.         -1.72096467 12.07118702 -0.08971898 -4.53815126 -3.51562572
 -1.81042039 -0.35291886]"
1746810083.7291338,"[ 0.          0.51229409  0.65633818  3.01258647 -1.97317067  1.16896194
  1.4783114   1.56949497]","[ 0.         -0.29091996 -0.38272814 -0.3946124  -0.25389163 -0.93183627
 -0.23741568  0.        ]","[ 0.         -1.67320979 12.03711224 -0.13411111 -4.64856529 -3.66311669
 -1.83011544 -0.35847425]"
1746810083.7309234,"[ 0.          0.51169944  0.65555754  3.01177713 -1.97367747  1.16704979
  1.47783296  1.56949497]","[ 0.         -0.29089143 -0.38091729 -0.39569281 -0.2571421  -0.93574899
 -0.23228382  0.        ]","[ 0.         -1.69299388 11.95614147 -0.14427629 -4.88248396 -3.67060542
 -1.86487889 -0.34499905]"
1746810083.7320676,"[ 0.          0.51140969  0.65518011  3.01138565 -1.97393367  1.166129
  1.47760846  1.56949497]","[ 0.         -0.29386604 -0.38272814 -0.3970433  -0.25983378 -0.93399709
 -0.22769217  0.        ]","[ 0.         -1.70484316 11.86336327 -0.16825075 -4.98459053 -3.42826152
 -1.88512671 -0.35405731]"
1746810083.7338548,"[ 0.          0.51082559  0.65443116  3.01060987 -1.9744679   1.16422164
  1.47714227  1.56949497]","[ 0.         -0.29710721 -0.37948694 -0.39285008 -0.26091417 -0.93060176
 -0.22769776  0.        ]","[ 0.         -1.64037001 11.73727226 -0.2218217  -5.14256001 -3.22027612
 -1.88385272 -0.36997935]"
1746810083.7356195,"[ 0.          0.51050874  0.65405925  3.01019601 -1.97472436  1.16330458
  1.47692163  1.56949497]","[ 0.         -0.29841446 -0.37705607 -0.38932759 -0.26010387 -0.93021574
 -0.22364072  0.        ]","[ 0.         -1.65426672 11.75426006 -0.25934377 -5.2161622  -3.17943454
 -1.83712804 -0.34636623]"
1746810083.7368104,"[ 0.          0.50992238  0.65329239  3.00943089 -1.97526365  1.16146847
  1.4764593   1.56949497]","[ 0.         -0.29710721 -0.37381491 -0.38894036 -0.26356025 -0.93008271
 -0.22569162  0.        ]","[ 0.         -1.64493358 11.63941002 -0.34432229 -5.37619734 -3.24371195
 -1.81494033 -0.34051928]"
1746810083.7385733,"[ 0.          0.50931531  0.65252553  3.00863567 -1.97578483  1.15956684
  1.47601789  1.56949497]","[ 0.         -0.29629694 -0.37439731 -0.3878244  -0.26496562 -0.92913529
 -0.22364072  0.        ]","[ 0.         -1.63000691 11.55068493 -0.33033377 -5.48256111 -3.36568141
 -1.83044648 -0.35234964]"
1746810083.7402961,"[ 0.          0.50902283  0.65215589  3.00825271 -1.97604928  1.15864791
  1.47579804  1.56949497]","[ 0.         -0.29656702 -0.37489528 -0.38840017 -0.26820679 -0.93183627
 -0.22310051  0.        ]","[ 0.         -1.63662302 11.40361595 -0.29972437 -5.5329628  -3.39770269
 -1.89972079 -0.35116646]"
1746810083.7420712,"[ 0.          0.50843873  0.65141706  3.00748918 -1.97660162  1.15674615
  1.47534051  1.56949497]","[ 0.         -0.29686813 -0.37489528 -0.38596931 -0.26955728 -0.92633871
 -0.22386777  0.        ]","[ 0.         -1.58113921 11.25563717 -0.28926513 -5.50999546 -3.47464657
 -1.92973566 -0.34750026]"
1746810083.7431989,"[ 0.          0.50782664  0.65065293  3.00669476 -1.97713479  1.15492441
  1.47489337  1.56949497]","[ 0.         -0.29899789 -0.37279245 -0.38840017 -0.27117786 -0.92144834
 -0.22746147  0.        ]","[ 0.         -1.60189974 11.11576462 -0.29907382 -5.4011116  -3.37566471
 -1.90638757 -0.3439115 ]"
1746810083.7449415,"[ 0.          0.50753182  0.65028515  3.00631073 -1.97742321  1.15401601
  1.47464889  1.56949497]","[ 0.         -0.29899789 -0.37300461 -0.38908594 -0.27158224 -0.92130247
 -0.23020544  0.        ]","[ 0.         -1.60994649 11.14123154 -0.33547333 -5.37892342 -3.27692223
 -1.85045934 -0.34591264]"
1746810083.7466686,"[ 0.          0.50691743  0.64954812  3.00551604 -1.97795717  1.15214381
  1.47418656  1.56949497]","[ 0.         -0.30042062 -0.37381491 -0.38785998 -0.27063767 -0.91265938
 -0.23552501  0.        ]","[ 0.         -1.56152225 10.9901123  -0.36939216 -5.24853277 -3.42157602
 -1.80831313 -0.36403224]"
1746810083.7478294,"[ 0.          0.50662219  0.64918034  3.00513707 -1.97822535  1.15124286
  1.47395354  1.56949497]","[ 0.         -0.29923461 -0.37300461 -0.38434871 -0.27198816 -0.91373976
 -0.23609584  0.        ]","[ 0.         -1.52905393 10.83597565 -0.38508752 -5.15973282 -3.52348185
 -1.81932664 -0.35996351]"
1746810083.7495165,"[ 0.          0.50632508  0.64878313  3.00475864 -1.9785151   1.15034298
  1.47370147  1.56949497]","[ 0.         -0.30142879 -0.37379457 -0.38380852 -0.27283608 -0.91265938
 -0.23722697  0.        ]","[ 0.         -1.52962446 10.8775034  -0.39772138 -5.12909269 -3.60415888
 -1.81206405 -0.36229983]"
1746810083.7506435,"[ 0.          0.50570563  0.64804383  3.00397034 -1.9790528   1.14847171
  1.47322676  1.56949497]","[ 0.         -0.30267755 -0.37489528 -0.38531906 -0.27225223 -0.91277483
 -0.24119704  0.        ]","[ 0.         -1.51597464 10.7402935  -0.42051703 -4.91920948 -3.5923934
 -1.76746476 -0.35850823]"
1746810083.7524087,"[ 0.          0.50540622  0.64764482  3.00358738 -1.97932151  1.14757662
  1.47298987  1.56949497]","[ 0.         -0.30358958 -0.37565116 -0.38840017 -0.27252835 -0.90687786
 -0.24038676  0.        ]","[ 0.         -1.49000633 10.62509155 -0.46258521 -4.73934221 -3.56931186
 -1.76013172 -0.35796994]"
1746810083.7535405,"[ 0.          0.50480838  0.64689767  3.00282092 -1.97987651  1.1457216
  1.47249612  1.56949497]","[ 0.         -0.30274233 -0.37910245 -0.38840017 -0.26982685 -0.90376955
 -0.23822597  0.        ]","[ 0.         -1.5046109  10.49928665 -0.4340857  -4.56633377 -3.38194466
 -1.73619759 -0.35949391]"
1746810083.7553177,"[ 0.          0.50448693  0.6465225   3.00240866 -1.98014096  1.14483117
  1.47226403  1.56949497]","[ 0.         -0.30267755 -0.38095371 -0.38818958 -0.26793504 -0.90320596
 -0.23552501  0.        ]","[ 0.         -1.46667993 10.45517635 -0.41387945 -4.46976089 -3.38662481
 -1.70380902 -0.34576792]"
1746810083.7570171,"[ 0.          0.50389182  0.6457396   3.00164487 -1.98066587  1.14305697
  1.47179211  1.56949497]","[ 0.         -0.30223909 -0.38191784 -0.38719716 -0.26550583 -0.89743402
 -0.22769776  0.        ]","[ 0.         -1.43609726 10.34247208 -0.38770726 -4.42820644 -3.55768228
 -1.77409232 -0.3599306 ]"
1746810083.758133,"[ 0.          0.50359244  0.64536216  3.00126244 -1.9809258   1.14217027
  1.47157334  1.56949497]","[ 0.         -0.30358958 -0.38272814 -0.38785998 -0.26361513 -0.8994246
 -0.22202013  0.        ]","[ 0.         -1.38234377 10.26179695 -0.35878614 -4.39520216 -3.59341812
 -1.82750106 -0.34553927]"
1746810083.7598689,"[ 0.          0.5029707   0.64457786  3.00046908 -1.98146269  1.14031817
  1.47114523  1.56949497]","[ 0.         -0.30412977 -0.3839265  -0.38704968 -0.26226464 -0.90698731
 -0.21585904  0.        ]","[ 0.         -1.31286323 10.23916245 -0.23358366 -4.43531942 -3.61238289
 -1.81713068 -0.35088596]"
1746810083.761609,"[ 0.          0.50266992  0.64419809  3.00008825 -1.98172102  1.13942389
  1.47091886  1.56949497]","[ 0.         -0.30463107 -0.38515901 -0.38623938 -0.2617291  -0.90698731
 -0.21315319  0.        ]","[ 0.         -1.26239014 10.22611332 -0.21669221 -4.47565985 -3.65095496
 -1.762375   -0.34940916]"
1746810083.762773,"[ 0.          0.50204451  0.64343543  2.99930395 -1.98225658  1.137565
  1.47049928  1.56949497]","[ 0.         -0.30493444 -0.38596931 -0.38267268 -0.26130073 -0.90728026
 -0.21337701  0.        ]","[ 0.         -1.19683814 10.29250336 -0.08227572 -4.55165005 -3.5248363
 -1.71225274 -0.3452042 ]"
1746810083.7645206,"[ 0.          0.50144663  0.64264607  2.99854282 -1.9827703   1.13576896
  1.47007318  1.56949497]","[ 0.         -0.30223909 -0.38515901 -0.38677957 -0.26064406 -0.91184905
 -0.21796867  0.        ]","[ 0.00000000e+00 -1.12726223e+00  1.03682928e+01  1.00062294e-02
 -4.66918039e+00 -3.30885530e+00 -1.72703242e+00 -3.30913395e-01]"
1746810083.7656894,"[ 0.          0.50115003  0.64226491  2.99816066 -1.98302623  1.13487281
  1.46983815  1.56949497]","[ 0.         -0.30058374 -0.3865095  -0.38758987 -0.25956368 -0.90887802
 -0.22117778  0.        ]","[ 0.         -0.99002105 10.39641857  0.09095934 -4.70181274 -3.2325933
 -1.73088837 -0.34892139]"
1746810083.7674341,"[ 0.          0.50085428  0.64188288  2.99774973 -1.98328136  1.13390914
  1.46962031  1.56949497]","[ 0.         -0.30011259 -0.38692735 -0.38693573 -0.25875338 -0.90728026
 -0.22071588  0.        ]","[ 0.         -0.99002105 10.45062351  0.11488507 -4.79558229 -3.34884882
 -1.75185573 -0.32254863]"
1746810083.7686048,"[ 0.          0.50024219  0.64108985  2.99699526 -1.98381453  1.13211497
  1.46918368  1.56949497]","[ 0.         -0.2984577  -0.3865095  -0.38137765 -0.26172445 -0.90984588
 -0.22283042  0.        ]","[ 0.         -0.91385859 10.49548435  0.20593157 -5.05251026 -3.39746189
 -1.80319154 -0.33870652]"
1746810083.7703252,"[ 0.          0.49994738  0.64070922  2.99659205 -1.98411307  1.13121509
  1.46894586  1.56949497]","[ 0.         -0.29899789 -0.38596931 -0.37930628 -0.26233775 -0.91265938
 -0.22393623  0.        ]","[ 0.         -0.83772469 10.55881596  0.24868613 -5.15651369 -3.45723867
 -1.83937681 -0.34528479]"
1746810083.7720141,"[ 0.          0.49934081  0.63992492  2.99584451 -1.98465342  1.12935141
  1.46850151  1.56949497]","[ 0.         -0.29615756 -0.38267268 -0.37948694 -0.26390302 -0.90806769
 -0.22769217  0.        ]","[ 0.         -0.80838478 10.73018837  0.33142865 -5.41972876 -3.38248205
 -1.84525871 -0.35199133]"
1746810083.7737408,"[ 0.          0.49876313  0.63916951  2.99510068 -1.98517567  1.12756776
  1.46803067  1.56949497]","[ 0.         -0.29143518 -0.38272814 -0.37624577 -0.26496562 -0.90320596
 -0.23020544  0.        ]","[ 0.         -0.76143342 10.87302303  0.35309765 -5.5411582  -3.16438746
 -1.84551346 -0.35031608]"
1746810083.7754533,"[ 0.          0.49847708  0.63879394  2.99470387 -1.9854553   1.12667919
  1.46780137  1.56949497]","[ 0.         -0.29008469 -0.38083743 -0.373645   -0.26305918 -0.9010452
 -0.23255393  0.        ]","[ 0.         -0.81339604 10.9565134   0.33946326 -5.61921215 -3.16653872
 -1.80008578 -0.34809154]"
1746810083.7765777,"[ 0.          0.49788243  0.63801836  2.99397017 -1.98597515  1.124848
  1.46734863  1.56949497]","[ 0.         -0.29008469 -0.37759626 -0.37127758 -0.26415534 -0.89132167
 -0.22769217  0.        ]","[ 0.         -0.83781081 11.16712761  0.38762721 -5.66832685 -3.36853671
 -1.85462618 -0.35793343]"
1746810083.7782764,"[ 0.          0.49759727  0.63764872  2.99360319 -1.98623721  1.12397276
  1.46712879  1.56949497]","[ 0.         -0.28898131 -0.37489528 -0.37219431 -0.26577592 -0.88754031
 -0.22310051  0.        ]","[ 0.         -0.85324156 11.24340343  0.3730776  -5.66542149 -3.49184608
 -1.91456139 -0.35152119]"
1746810083.7800329,"[ 0.          0.49700721  0.63691075  2.99284312 -1.98678688  1.12216154
  1.4666855   1.56949497]","[ 0.         -0.2871103  -0.37316633 -0.37013425 -0.26901709 -0.88654875
 -0.21418729  0.        ]","[ 0.         -0.92685008 11.3415432   0.33640581 -5.70661974 -3.52314973
 -2.04641104 -0.33510116]"
1746810083.7817564,"[ 0.          0.49644698  0.63615222  2.9921222  -1.98732244  1.12043302
  1.46627737  1.56949497]","[ 0.         -0.28279205 -0.36895314 -0.36426215 -0.27198816 -0.8751158
 -0.20554417  0.        ]","[ 0.         -1.01281643 11.38003635  0.34154424 -5.66680384 -3.50753045
 -2.10220814 -0.3403399 ]"
1746810083.784823,"[ 0.          0.49615034  0.63579083  2.99176747 -1.98761113  1.11957108
  1.46606246  1.56949497]","[ 0.         -0.27935608 -0.36652227 -0.35976983 -0.27183301 -0.87403542
 -0.20237015  0.        ]","[ 0.         -1.06023228 11.34232807  0.36931658 -5.6754117  -3.34369016
 -2.09334707 -0.36486667]"
1746810083.7865994,"[ 0.          0.49560116  0.63504694  2.99103217 -1.98814483  1.11779116
  1.46566764  1.56949497]","[ 0.         -0.2779303  -0.36247081 -0.35895956 -0.27063767 -0.86748358
 -0.19987214  0.        ]","[ 0.         -1.08678377 11.45679379  0.40728769 -5.51928425 -3.35754514
 -2.0200417  -0.3590368 ]"
1746810083.7888992,"[ 0.          0.49445457  0.63360783  2.9895962  -1.98896668  1.11434177
  1.46485804  1.56949497]","[ 0.         -0.27357076 -0.35634197 -0.35580914 -0.27082569 -0.85674918
 -0.20149272  0.        ]","[ 0.         -1.27768183 11.47805882  0.36174187 -5.33969307 -3.70474195
 -2.07864857 -0.35607514]"
1746810083.7906597,"[ 0.          0.49418639  0.63325743  2.98924786 -1.98923486  1.11349701
  1.46464206  1.56949497]","[ 0.         -0.27198816 -0.35544828 -0.35292953 -0.27198816 -0.85674918
 -0.20337323  0.        ]","[ 0.         -1.34387124 11.57393551  0.27277869 -5.28634453 -3.74002051
 -2.04685616 -0.34951496]"
1746810083.7918227,"[ 0.          0.49363262  0.63256408  2.9885264  -1.98977016  1.1117561
  1.46423113  1.56949497]","[ 0.         -0.2693873  -0.35058652 -0.35157738 -0.27144797 -0.84734662
 -0.20851524  0.        ]","[ 0.         -1.40108049 11.50056076  0.18367265 -5.19626856 -3.56014824
 -2.02213025 -0.35578737]"
1746810083.7935479,"[ 0.          0.49310315  0.63185374  2.98783345 -1.9903217   1.11009036
  1.4638021   1.56949497]","[ 0.         -0.26793504 -0.34599486 -0.35058652 -0.26874699 -0.84410043
 -0.21985934  0.        ]","[ 0.         -1.51699221 11.4695158   0.11899476 -5.12270832 -3.36977315
 -1.95936739 -0.36089623]"
1746810083.7947235,"[ 0.          0.49281893  0.63151346  2.9874891  -1.99058721  1.10925699
  1.46355948  1.56949497]","[ 0.         -0.26756994 -0.34518456 -0.34888219 -0.26901434 -0.84427872
 -0.22845007  0.        ]","[ 0.         -1.59314215 11.38436508  0.084528   -5.09769917 -3.44174719
 -1.96532571 -0.36631534]"
1746810083.7965162,"[ 0.          0.49233033  0.63081045  2.98678097 -1.99113716  1.10753326
  1.46309143  1.56949497]","[ 0.         -0.2688707  -0.34294607 -0.34464437 -0.26807148 -0.84007433
 -0.24095266  0.        ]","[ 0.         -1.68769062 11.29292297  0.01258613 -5.05948973 -3.55798173
 -1.97692621 -0.35637888]"
1746810083.7983127,"[ 0.          0.492025    0.6304725   2.98644301 -1.99140187  1.10670469
  1.46285082  1.56949497]","[ 0.         -0.26818828 -0.34275369 -0.34275369 -0.2684769  -0.84027326
 -0.24416811  0.        ]","[ 0.         -1.72444201 11.31072235 -0.03243576 -5.04658842 -3.52987361
 -1.97133732 -0.33436775]"
1746810083.8001316,"[ 0.          0.49148085  0.62980204  2.98574047 -1.99193477  1.10505033
  1.4623552   1.56949497]","[ 0.         -0.26506226 -0.33897234 -0.34380354 -0.27009364 -0.83861238
 -0.24119704  0.        ]","[ 0.         -1.79370892 11.13667965 -0.11424952 -5.02860022 -3.56826448
 -1.97135043 -0.32204267]"
1746810083.8012567,"[ 0.          0.49096104  0.62910729  2.98505897 -1.99248631  1.10332753
  1.46188902  1.56949497]","[ 0.         -0.26253475 -0.33951253 -0.34483482 -0.26907196 -0.84027326
 -0.23336422  0.        ]","[ 0.         -1.83154798 10.98491096 -0.15911609 -5.02006531 -3.51557732
 -1.93297935 -0.33307987]"
1746810083.803093,"[ 0.          0.49070161  0.62877253  2.98471835 -1.99275236  1.10250182
  1.46166172  1.56949497]","[ 0.         -0.26307494 -0.33951253 -0.34545467 -0.26982737 -0.83730217
 -0.23042953  0.        ]","[ 0.         -1.88600898 10.88484097 -0.170385   -5.05157232 -3.45458627
 -1.98299217 -0.31869358]"
1746810083.804846,"[ 0.          0.49016159  0.62807645  2.98401634 -1.99330364  1.10085605
  1.46119646  1.56949497]","[ 0.         -0.26388769 -0.33947161 -0.34154665 -0.26882379 -0.83267626
 -0.22580149  0.        ]","[ 0.         -1.94747066 10.75059891 -0.26866972 -5.14660025 -3.33093977
 -2.02801251 -0.32803676]"
1746810083.8065805,"[ 0.          0.48963858  0.62740966  2.98334443 -1.99383547  1.09913705
  1.46073414  1.56949497]","[ 0.         -0.26577592 -0.33816204 -0.33997801 -0.26982381 -0.84238994
 -0.22669468  0.        ]","[ 0.         -2.05011129 10.77875042 -0.33727083 -5.23543596 -3.33258796
 -2.02208209 -0.32509643]"
1746810083.807727,"[ 0.          0.48935525  0.62707723  2.98300514 -1.99410418  1.09829988
  1.46051629  1.56949497]","[ 0.         -0.26681765 -0.33708166 -0.34445352 -0.27252835 -0.84918646
 -0.22093974  0.        ]","[ 0.         -2.07757497 10.71276855 -0.36037356 -5.3249507  -3.46839881
 -1.93701899 -0.32077086]"
1746810083.810037,"[ 0.          0.48882535  0.62638248  2.98230153 -1.99466425  1.09652569
  1.46007674  1.56949497]","[ 0.         -0.26955728 -0.34032283 -0.34437429 -0.27408993 -0.87045161
 -0.22310051  0.        ]","[ 0.         -2.10881543 10.74304676 -0.44780615 -5.46461248 -3.61244082
 -1.88790178 -0.33903685]"
1746810083.8116894,"[ 0.          0.48829362  0.6257061   2.98162536 -1.99521312  1.09477719
  1.45960682  1.56949497]","[ 0.         -0.26928718 -0.34321588 -0.34275369 -0.27955089 -0.89068843
 -0.23255393  0.        ]","[ 0.         -2.14481831 10.75194359 -0.48675248 -5.57135916 -3.50352383
 -1.91583049 -0.31952754]"
1746810083.8128052,"[ 0.          0.48802543  0.62534105  2.98128687 -1.99548903  1.09389155
  1.45936993  1.56949497]","[ 0.         -0.27198816 -0.34380354 -0.34329388 -0.27953747 -0.89834422
 -0.24038676  0.        ]","[ 0.         -2.10932469 10.76998043 -0.52603382 -5.67004728 -3.41997457
 -1.96539891 -0.31487152]"
1746810083.814551,"[ 0.          0.48746937  0.62466188  2.9805774  -1.99607119  1.09202794
  1.45886393  1.56949497]","[ 0.         -0.27117786 -0.34464437 -0.34734535 -0.28576314 -0.91265938
 -0.24901309  0.        ]","[ 0.         -2.13275695 10.82523346 -0.50906932 -5.77470779 -3.23845863
 -1.93005466 -0.29870865]"
1746810083.8162613,"[ 0.          0.48720029  0.62432166  2.98023252 -1.99635456  1.09112133
  1.45861173  1.56949497]","[ 0.         -0.27279844 -0.34483482 -0.34977622 -0.28738371 -0.91941182
 -0.25552315  0.        ]","[ 0.         -2.16344333 10.78541946 -0.50624639 -5.83050251 -3.34229231
 -1.86679029 -0.29971144]"
1746810083.8180668,"[ 0.          0.4869087   0.62360806  2.97951347 -1.9969535   1.08922157
  1.4581      1.56949497]","[ 0.         -0.27459147 -0.34932045 -0.3505743  -0.2941514  -0.92984942
 -0.26037396  0.        ]","[ 0.         -2.11817741 10.81608772 -0.52654099 -5.93521929 -3.37961555
 -1.78165495 -0.29322287]"
1746810083.8198366,"[ 0.          0.48636778  0.62291877  2.97882557 -1.99754286  1.08721907
  1.45756245  1.56949497]","[ 0.         -0.27441904 -0.34977622 -0.34753307 -0.30004408 -0.94721396
 -0.26442543  0.        ]","[ 0.         -2.08541441 10.93590355 -0.56216294 -5.94848871 -3.52921963
 -1.88748038 -0.31622949]"
1746810083.8210692,"[ 0.          0.48609684  0.62257576  2.97845646 -1.9978406   1.08620594
  1.45730186  1.56949497]","[ 0.         -0.27468914 -0.34788554 -0.34756509 -0.30196898 -0.95302584
 -0.26415534  0.        ]","[ 0.         -2.10560346 11.04134274 -0.57285786 -5.92507792 -3.58644581
 -2.02447057 -0.31472614]"
1746810083.8227851,"[ 0.          0.48553158  0.62186589  2.97776564 -1.99846218  1.08431569
  1.45675964  1.56949497]","[ 0.         -0.27603963 -0.34634613 -0.35166693 -0.30439985 -0.96100681
 -0.26430995  0.        ]","[ 0.         -2.00578332 11.17654228 -0.59427166 -5.78125668 -3.5062561
 -2.05308485 -0.31304675]"
1746810083.8245351,"[ 0.          0.48525838  0.62152427  2.97741863 -1.99876259  1.08336627
  1.45650184  1.56949497]","[ 0.         -0.27683922 -0.34618394 -0.351937   -0.30466996 -0.96289752
 -0.26145436  0.        ]","[ 0.         -1.95100725 11.15457916 -0.53136361 -5.68761683 -3.51274371
 -1.97301972 -0.30843705]"
1746810083.8257725,"[ 0.          0.48468666  0.62081068  2.97669584 -1.99938896  1.08137709
  1.45599185  1.56949497]","[ 0.         -0.28010835 -0.34806663 -0.35358354 -0.30705951 -0.97163555
 -0.25578231  0.        ]","[ 0.         -1.8533479  11.14838982 -0.47420388 -5.58834791 -3.3515501
 -1.91606975 -0.34652969]"
1746810083.827568,"[ 0.          0.4841297   0.62012185  2.9759451  -2.00000096  1.07945549
  1.45546867  1.56949497]","[ 0.         -0.28225187 -0.34896595 -0.35319938 -0.3114224  -0.9745117
 -0.25659261  0.        ]","[ 0.         -1.77368975 11.04155636 -0.37667912 -5.45840979 -3.44271922
 -1.94540644 -0.36022574]"
1746810083.8287437,"[ 0.          0.48385096  0.61977797  2.97556773 -2.00030908  1.07841186
  1.45521367  1.56949497]","[ 0.         -0.28279205 -0.34869584 -0.35533889 -0.31250278 -0.98276157
 -0.25849121  0.        ]","[ 0.         -1.75671971 11.11176395 -0.34060618 -5.41503525 -3.60374141
 -1.97170269 -0.34588927]"
1746810083.8305175,"[ 0.          0.48327282  0.61906298  2.97486279 -2.00095437  1.07645983
  1.45466865  1.56949497]","[ 0.         -0.28109752 -0.34932045 -0.35760907 -0.31547387 -0.99179794
 -0.26882379  0.        ]","[ 0.         -1.69507742 11.12708664 -0.23007248 -5.28318453 -3.58905005
 -1.9442327  -0.35156187]"
1746810083.8316226,"[ 0.          0.48299685  0.6187195   2.97451152 -2.00126383  1.07547899
  1.45439848  1.56949497]","[ 0.         -0.279821   -0.34842576 -0.35625858 -0.31385327 -0.99476903
 -0.27387884  0.        ]","[ 0.         -1.59883666 11.11322021 -0.1049068  -5.13765955 -3.44477582
 -1.91642129 -0.33409292]"
1746810083.8333154,"[ 0.          0.48242288  0.618033    2.97378607 -2.00188381  1.07342796
  1.4538476   1.56949497]","[ 0.         -0.28060989 -0.34734535 -0.35238991 -0.31461457 -1.0044925
 -0.28142625  0.        ]","[ 0.00000000e+00 -1.51886082e+00  1.12540722e+01  4.34650108e-04
 -4.91496468e+00 -3.30543518e+00 -1.89359939e+00 -3.22197974e-01]"
1746810083.8350718,"[ 0.          0.48214597  0.61766382  2.97343933 -2.00221884  1.07243387
  1.45354893  1.56949497]","[ 0.         -0.28090138 -0.34723812 -0.35166693 -0.31546671 -1.00827385
 -0.28162742  0.        ]","[ 0.00000000e+00 -1.54796290e+00  1.13982182e+01 -1.03898393e-02
 -4.88003826e+00 -3.42555237e+00 -1.89975655e+00 -3.30198318e-01]"
1746810083.8368318,"[ 0.          0.48159174  0.61698145  2.97271788 -2.00284015  1.07143977
  1.45298674  1.56949497]","[ 0.         -0.28142625 -0.34564429 -0.35283123 -0.31574395 -1.00827385
 -0.28657341  0.        ]","[ 0.         -1.4732579  11.51530838  0.05383447 -4.78114367 -3.40055442
 -1.9662919  -0.36076346]"
1746810083.837941,"[ 0.          0.48131483  0.61664257  2.97236847 -2.00317411  1.07036286
  1.45269845  1.56949497]","[ 0.         -0.28090138 -0.34356399 -0.3543679  -0.31416782 -1.01410764
 -0.29224548  0.        ]","[ 0.         -1.43982172 11.43215275  0.10348021 -4.7873807  -3.47434664
 -1.98866749 -0.3494696 ]"
1746810083.8396523,"[ 0.          0.48074086  0.61593636  2.97166913 -2.00379037  1.06834991
  1.45209338  1.56949497]","[ 0.         -0.279821   -0.34505739 -0.35400884 -0.31223267 -1.02263222
 -0.29680621  0.        ]","[ 0.         -1.41463161 11.40798283  0.19717462 -4.79668856 -3.59421515
 -1.89996827 -0.35300037]"
1746810083.8414085,"[ 0.          0.48018938  0.61525586  2.97094768 -2.00440662  1.06625227
  1.45151694  1.56949497]","[ 0.         -0.279821   -0.34510466 -0.3511267  -0.31250278 -1.02388763
 -0.2903548   0.        ]","[ 0.         -1.34712458 11.40722847  0.26917377 -4.93172359 -3.3971138
 -1.87281561 -0.34097597]"
1746810083.8430676,"[ 0.          0.47988908  0.61491464  2.9706028  -2.00474085  1.06524393
  1.45121161  1.56949497]","[ 0.         -0.28286682 -0.34599486 -0.34977622 -0.3147144  -1.02258901
 -0.28738065  0.        ]","[ 0.         -1.31910205 11.42474174  0.28972271 -4.99671555 -3.36809993
 -1.86466718 -0.32702768]"
1746810083.8441484,"[ 0.          0.47933161  0.61421117  2.96991304 -2.0053635   1.06322425
  1.45064835  1.56949497]","[ 0.         -0.28306217 -0.34248361 -0.35031644 -0.31650335 -1.02263222
 -0.28576314  0.        ]","[ 0.         -1.28147614 11.37782669  0.33852947 -5.06448841 -3.49528408
 -2.00621271 -0.34731781]"
1746810083.8458526,"[ 0.          0.47905058  0.61387508  2.96991304 -2.00567562  1.06214075
  1.45036392  1.56949497]","[ 0.         -0.28495284 -0.34086301 -0.35031644 -0.31655425 -1.02012612
 -0.28846409  0.        ]","[ 0.         -1.24860179 11.36970711  0.33852947 -5.11678791 -3.4314537
 -2.10920477 -0.35866904]"
1746810083.8481305,"[ 0.          0.47847018  0.61317846  2.96920091 -2.00632357  1.06013346
  1.44976844  1.56949497]","[ 0.         -0.28252194 -0.33954049 -0.34707527 -0.31709444 -1.01691701
 -0.29189447  0.        ]","[ 0.         -1.22622025 11.43342018  0.41631958 -5.19305992 -3.59355664
 -2.07531857 -0.34621659]"
1746810083.8492968,"[ 0.          0.47789574  0.61250808  2.9685218  -2.00697151  1.058053
  1.44919573  1.56949497]","[ 0.         -0.27959433 -0.33978264 -0.34329388 -0.31596825 -1.01410764
 -0.2895445   0.        ]","[ 0.         -1.20302546 11.39962864  0.44392028 -5.37061977 -3.51651287
 -2.00032496 -0.34757867]"
1746810083.8510659,"[ 0.          0.47761973  0.61214941  2.96815908 -2.00728523  1.05705411
  1.44891316  1.56949497]","[ 0.         -0.279821   -0.3377851  -0.34154665 -0.31817481 -1.01210914
 -0.28657341  0.        ]","[ 0.         -1.18787873 11.38091278  0.51159948 -5.43033886 -3.53115702
 -1.92609072 -0.37241516]"
1746810083.8528647,"[ 0.          0.47707102  0.61148775  2.96748131 -2.00791614  1.055064
  1.44833007  1.56949497]","[ 0.         -0.2790107  -0.33519098 -0.34510466 -0.3203356  -1.00725227
 -0.28439431  0.        ]","[ 0.         -1.18725193 11.30107975  0.53303522 -5.6424942  -3.45148611
 -2.01976252 -0.36168781]"
1746810083.854037,"[ 0.          0.47679412  0.61115759  2.96714149 -2.00825675  1.05399946
  1.44804844  1.56949497]","[ 0.         -0.28090138 -0.33492087 -0.34464437 -0.32073285 -1.00232156
 -0.28576314  0.        ]","[ 0.         -1.16480541 11.26903439  0.5071184  -5.72152138 -3.38698626
 -2.06557655 -0.36349314]"
1746810083.8557544,"[ 0.          0.47621784  0.61047016  2.96643628 -2.00888899  1.05203119
  1.44745389  1.56949497]","[ 0.         -0.28117149 -0.33573117 -0.34356399 -0.3211459  -0.99855039
 -0.29189447  0.        ]","[ 0.         -1.19919872 11.18030739  0.50398725 -5.72542953 -3.53067493
 -2.11970425 -0.35203221]"
1746810083.8575046,"[ 0.          0.47594141  0.61008906  2.96609993 -2.00920644  1.05104948
  1.4471676   1.56949497]","[ 0.         -0.28007713 -0.33488432 -0.34113313 -0.32163    -0.9955793
 -0.2903548   0.        ]","[ 0.         -1.17547703 11.13418388  0.46480531 -5.66316652 -3.45458865
 -2.12981248 -0.34644699]"
1746810083.8586042,"[ 0.          0.47536284  0.60948519  2.96540883 -2.00986637  1.04901842
  1.44660447  1.56949497]","[ 0.         -0.28186374 -0.33113951 -0.33703282 -0.32330669 -0.98810041
 -0.28439431  0.        ]","[ 0.         -1.1989994  11.08253288  0.40145239 -5.58991241 -3.43489218
 -2.0525558  -0.36369422]"
1746810083.860347,"[ 0.          0.47480673  0.60881154  2.96474677 -2.01050553  1.04707778
  1.44603269  1.56949497]","[ 0.         -0.28279205 -0.32787178 -0.33661274 -0.32411696 -0.98315479
 -0.279821    0.        ]","[ 0.         -1.20164406 11.02568722  0.376578   -5.4781847  -3.33632326
 -2.06062841 -0.35709643]"
1746810083.862066,"[ 0.          0.4745271   0.60848877  2.96441441 -2.01082644  1.04610838
  1.44575585  1.56949497]","[ 0.         -0.283315   -0.32735812 -0.33674011 -0.32546745 -0.98315479
 -0.28090138  0.        ]","[ 0.         -1.24445665 11.00809193  0.36614838 -5.4896102  -3.3257246
 -2.09504724 -0.32164502]"
1746810083.8632555,"[ 0.          0.4739467   0.60776552  2.96372971 -2.01149223  1.04410016
  1.44517835  1.56949497]","[ 0.         -0.28361913 -0.32839802 -0.33427435 -0.32432821 -0.97937343
 -0.28236528  0.        ]","[ 0.         -1.23778045 10.91278172  0.34077084 -5.42199278 -3.51366019
 -2.21031713 -0.34585431]"
1746810083.8649855,"[ 0.          0.47366797  0.60744274  2.96340134 -2.01181101  1.04313556
  1.44490058  1.56949497]","[ 0.         -0.28279205 -0.32735812 -0.33303019 -0.32330669 -0.97730182
 -0.28142625  0.        ]","[ 0.         -1.23324835 10.84533787  0.31106478 -5.31414938 -3.39472032
 -2.14271975 -0.34585431]"
1746810083.8667276,"[ 0.          0.47311143  0.60679939  2.96272277 -2.01246934  1.04112448
  1.44435263  1.56949497]","[ 0.         -0.28171168 -0.32519737 -0.33132637 -0.32087579 -0.98315479
 -0.27603963  0.        ]","[ 0.         -1.23634624 10.8290472   0.27181375 -5.23631477 -3.45382237
 -2.04484129 -0.35558343]"
1746810083.8683531,"[ 0.          0.47281339  0.60645504  2.9623944  -2.01278493  1.04015895
  1.44408246  1.56949497]","[ 0.         -0.28060989 -0.32393859 -0.33269277 -0.32006552 -0.97937343
 -0.27387884  0.        ]","[ 0.         -1.25584745 10.8089304   0.29462239 -5.20209789 -3.42896056
 -1.98330867 -0.3576484 ]"
1746810083.870076,"[ 0.          0.47225916  0.60581442  2.96173687 -2.01344193  1.03823062
  1.4435212   1.56949497]","[ 0.         -0.28115641 -0.32519737 -0.33249    -0.32073285 -0.97523448
 -0.27387884  0.        ]","[ 0.         -1.27275503 10.74220276  0.27655429 -5.21230841 -3.2171371
 -1.88692427 -0.35933426]"
1746810083.8711798,"[ 0.          0.47167922  0.60515003  2.96106043 -2.01407336  1.03623192
  1.4429618   1.56949497]","[ 0.         -0.28311759 -0.32424362 -0.32982032 -0.32006552 -0.97640241
 -0.27408262  0.        ]","[ 0.         -1.26494265 10.60093403  0.27872252 -5.22336912 -3.17904544
 -1.9726516  -0.35055339]"
1746810083.8729317,"[ 0.          0.47139865  0.60482992  2.96073818 -2.01438895  1.03527018
  1.44269269  1.56949497]","[ 0.         -0.28468273 -0.32465718 -0.32648681 -0.32006552 -0.97532196
 -0.27279844  0.        ]","[ 0.         -1.23493397 10.49954414  0.238994   -5.20768404 -3.37058377
 -2.00136638 -0.3477771 ]"
1746810083.8745952,"[ 0.          0.47083383  0.60419302  2.96009929 -2.01504089  1.03334565
  1.44216178  1.56949497]","[ 0.         -0.2857434  -0.32243947 -0.32411696 -0.31785244 -0.97640241
 -0.26901709  0.        ]","[ 0.         -1.23549533 10.51508999  0.2457394  -5.203228   -3.64258218
 -1.95105231 -0.34269223]"
1746810083.8757546,"[ 0.          0.47053033  0.60387531  2.95975494 -2.01535541  1.03230875
  1.44188122  1.56949497]","[ 0.         -0.28587603 -0.32222628 -0.32424362 -0.31898511 -0.97557376
 -0.26430995  0.        ]","[ 0.         -1.25471735 10.59160042  0.30014578 -5.19710588 -3.55912566
 -1.93641698 -0.34385931]"
1746810083.877514,"[ 0.          0.46996734  0.60321591  2.95911339 -2.01598259  1.03038808
  1.4413655   1.56949497]","[ 0.         -0.28549303 -0.32222628 -0.32519737 -0.31763462 -0.97343132
 -0.26037396  0.        ]","[ 0.         -1.22667623 10.61566925  0.3502129  -5.18457651 -3.46399951
 -1.91833091 -0.34123522]"
1746810083.8793209,"[ 0.          0.46968677  0.60289813  2.95879248 -2.01631868  1.02935777
  1.44111157  1.56949497]","[ 0.         -0.28468273 -0.32222628 -0.32513768 -0.31646979 -0.97022314
 -0.25741191  0.        ]","[ 0.         -1.17612946 10.52741337  0.31680349 -5.18102551 -3.44199014
 -1.87290931 -0.33884418]"
1746810083.8811011,"[ 0.          0.46910361  0.60257948  2.95812988 -2.01693999  1.02745041
  1.44059505  1.56949497]","[ 0.         -0.28466412 -0.32303658 -0.32248824 -0.31385327 -0.96478816
 -0.24976538  0.        ]","[ 0.         -1.139485   10.60194397  0.33117431 -5.27400017 -3.52134442
 -1.94673109 -0.353452  ]"
1746810083.882277,"[ 0.          0.46882215  0.602236    2.95781243 -2.01724812  1.02650099
  1.44035337  1.56949497]","[ 0.         -0.28549303 -0.32318698 -0.3219562  -0.31250278 -0.96289752
 -0.24524851  0.        ]","[ 0.         -1.16971767 10.50895977  0.35181308 -5.34565163 -3.428473
 -1.99732995 -0.36183152]"
1746810083.884016,"[ 0.          0.46823895  0.6015977   2.95717993 -2.01788728  1.02453279
  1.43987959  1.56949497]","[ 0.         -0.28412067 -0.32411696 -0.32055069 -0.31250278 -0.96100681
 -0.2390639   0.        ]","[ 0.         -1.0964067  10.52427292  0.35482916 -5.45643806 -3.62503338
 -1.94403791 -0.36406368]"
1746810083.8856976,"[ 0.          0.46768012  0.60093784  2.956524   -2.01850487  1.02264634
  1.43939449  1.56949497]","[ 0.         -0.28253842 -0.32123439 -0.31974122 -0.31331308 -0.95425436
 -0.23714559  0.        ]","[ 0.         -1.08653831 10.5568924   0.36402482 -5.56880617 -3.5861125
 -1.92531002 -0.34562558]"
1746810083.8875036,"[ 0.          0.46712634  0.60030141  2.95589815 -2.01914695  1.02070183
  1.43892258  1.56949497]","[ 0.         -0.28090138 -0.32270928 -0.31628414 -0.31304297 -0.94690171
 -0.24038676  0.        ]","[ 0.         -1.07635021 10.57727528  0.34036297 -5.57212305 -3.46662712
 -1.93703759 -0.34949324]"
1746810083.8887162,"[ 0.          0.46682694  0.59995886  2.95556339 -2.01945455  1.01976959
  1.43866199  1.56949497]","[ 0.         -0.28186374 -0.32248824 -0.31521594 -0.31164651 -0.94438335
 -0.24525155  0.        ]","[ 0.         -1.03280735 10.62534523  0.3206884  -5.55096817 -3.46322274
 -1.99023926 -0.3493785 ]"
1746810083.890463,"[ 0.          0.46627224  0.59931964  2.95494847 -2.02009238  1.01791736
  1.43813682  1.56949497]","[ 0.         -0.28144157 -0.32519737 -0.31083704 -0.31120366 -0.93669807
 -0.24524851  0.        ]","[ 0.         -1.04138029 10.62232113  0.28026819 -5.55823565 -3.35858202
 -1.9864558  -0.34000367]"
1746810083.8922534,"[ 0.          0.46597376  0.59899959  2.95464141 -2.02039997  1.0169242
  1.43789047  1.56949497]","[ 0.         -0.28111143 -0.32465718 -0.3114224  -0.31196259 -0.93511555
 -0.24958703  0.        ]","[ 0.         -1.05698764 10.62164593  0.30022889 -5.6038866  -3.45417714
 -1.96720886 -0.33977214]"
1746810083.8935015,"[ 0.          0.46542275  0.59833746  2.95399666 -2.02104073  1.0150787
  1.43737382  1.56949497]","[ 0.         -0.2779303  -0.32324893 -0.31521594 -0.31320982 -0.93669807
 -0.25281124  0.        ]","[ 0.         -1.04978025 10.67307091  0.31698716 -5.64545012 -3.601408
 -1.91638339 -0.35587299]"
1746810083.8952532,"[ 0.          0.46515091  0.59801742  2.95368666 -2.02135019  1.01415019
  1.43711989  1.56949497]","[ 0.         -0.27576952 -0.32465718 -0.31439346 -0.31353529 -0.9415598
 -0.25767299  0.        ]","[ 0.         -1.02328527 10.67424965  0.33118924 -5.6299057  -3.57851005
 -1.91554832 -0.35345787]"
1746810083.8964753,"[ 0.          0.46459298  0.59735156  2.95306721 -2.02196644  1.01223238
  1.43658046  1.56949497]","[ 0.         -0.27233455 -0.32599901 -0.31304297 -0.31223267 -0.93588774
 -0.26442543  0.        ]","[ 0.         -1.00615954 10.71733189  0.35497588 -5.68329477 -3.410923
 -1.93922794 -0.35784787]"
1746810083.8982105,"[ 0.          0.46432573  0.59702878  2.95273858 -2.0222988   1.01130679
  1.43631788  1.56949497]","[ 0.         -0.27117786 -0.32735812 -0.30915718 -0.31295905 -0.93885883
 -0.26604628  0.        ]","[ 0.         -1.03181839 10.72859669  0.3634665  -5.69276428 -3.42185354
 -1.96181774 -0.36130586]"
1746810083.8993778,"[ 0.          0.46406078  0.59670734  2.95243604 -2.0226064   1.01038021
  1.43605542  1.56949497]","[ 0.         -0.26874699 -0.32600767 -0.30683075 -0.31196259 -0.93966909
 -0.26631611  0.        ]","[ 0.         -1.01801121 10.73134422  0.34984928 -5.66572666 -3.22891283
 -1.97024751 -0.36293608]"
1746810083.901166,"[ 0.          0.46350977  0.59606812  2.95183071 -2.02322585  1.00846613
  1.43552838  1.56949497]","[ 0.         -0.26928718 -0.32363493 -0.30683075 -0.31520376 -0.93210638
 -0.2552823   0.        ]","[ 0.         -1.01057768 10.72697067  0.31810752 -5.58911753 -3.26158547
 -2.01314139 -0.34667546]"
1746810083.9023247,"[ 0.          0.46324619  0.5957265   2.95150607 -2.02356114  1.00754628
  1.43528098  1.56949497]","[ 0.         -0.2673965  -0.32143326 -0.30568675 -0.31542047 -0.93197143
 -0.25092056  0.        ]","[ 0.         -1.05941987 10.77368069  0.31338871 -5.51856375 -3.32164168
 -2.0105319  -0.33490762]"
1746810083.9040844,"[ 0.          0.46272454  0.59509233  2.95090499 -2.02418619  1.00563506
  1.43479681  1.56949497]","[ 0.         -0.26415534 -0.32141598 -0.30382161 -0.31736455 -0.93436328
 -0.24524851  0.        ]","[ 0.         -1.07686532 10.81696224  0.25938669 -5.45733309 -3.42713475
 -1.9689461  -0.33978626]"
1746810083.9052613,"[ 0.          0.46244581  0.59477555  2.95058355 -2.02449778  1.00471614
  1.43453995  1.56949497]","[ 0.         -0.26255458 -0.32141598 -0.30267755 -0.31601406 -0.93183627
 -0.24151339  0.        ]","[ 0.         -1.09725976 10.86983395  0.25827563 -5.459692   -3.38834333
 -1.9661845  -0.34365007]"
1746810083.906922,"[ 0.          0.46193198  0.59411935  2.94999259 -2.02514572  1.00288868
  1.43406617  1.56949497]","[ 0.         -0.26037396 -0.31920156 -0.29899789 -0.31488438 -0.92535394
 -0.24014319  0.        ]","[ 0.         -1.22758186 10.96814823  0.25132498 -5.41201067 -3.34552479
 -1.932477   -0.34333208]"
1746810083.9086342,"[ 0.          0.46167668  0.59380523  2.94969778 -2.02545705  1.00190976
  1.43383222  1.56949497]","[ 0.         -0.25876104 -0.31871504 -0.29899789 -0.31574395 -0.92182485
 -0.23714559  0.        ]","[ 0.         -1.24319375 11.02254963  0.20222931 -5.36508751 -3.32111478
 -1.91334403 -0.37574026]"
1746810083.9103465,"[ 0.          0.46114815  0.59318351  2.94908286 -2.02608076  1.00009755
  1.43358481  1.56949497]","[ 0.         -0.25767299 -0.31493365 -0.3008886  -0.31628414 -0.91752111
 -0.23296389  0.        ]","[ 0.         -1.31168342 11.09440231  0.15733871 -5.28088951 -3.43797469
 -1.93330848 -0.37482375]"
1746810083.9115093,"[ 0.          0.46064351  0.5925379   2.94848631 -2.02672764  0.99823294
  1.43312634  1.56949497]","[ 0.         -0.25496051 -0.31574395 -0.30196898 -0.31628414 -0.90928642
 -0.23123902  0.        ]","[ 0.         -1.38165164 11.08416367  0.11133293 -5.23614216 -3.55646038
 -1.97569788 -0.35278028]"
1746810083.913276,"[ 0.          0.46037533  0.5922275   2.9481915  -2.0270395   0.99734158
  1.4328808   1.56949497]","[ 0.         -0.25228628 -0.31461457 -0.29899789 -0.31628414 -0.90401622
 -0.23120852  0.        ]","[ 0.         -1.39213741 11.03855801  0.08491497 -5.22222281 -3.56995058
 -1.97765195 -0.35321477]"
1746810083.9144425,"[ 0.          0.45988125  0.59158828  2.9475851  -2.02768691  0.99556358
  1.43241661  1.56949497]","[ 0.         -0.24957007 -0.31145443 -0.29545708 -0.31646979 -0.89824349
 -0.23633529  0.        ]","[ 0.         -1.4667964  11.02759266  0.07035725 -5.19425726 -3.60231256
 -1.99672174 -0.33398423]"
1746810083.9162314,"[ 0.          0.45961813  0.59128428  2.94729721 -2.0279993   0.99461324
  1.43216268  1.56949497]","[ 0.         -0.24775924 -0.30845131 -0.29227181 -0.31682432 -0.89474183
 -0.23923311  0.        ]","[ 0.00000000e+00 -1.51493263e+00  1.10220699e+01  7.79223256e-03
 -5.14368439e+00 -3.37013865e+00 -1.95616055e+00 -3.36105585e-01]"
1746810083.9180179,"[ 0.          0.45913     0.59068274  2.94670146 -2.02862408  0.99286094
  1.43168318  1.56949497]","[ 0.         -0.24767939 -0.30412977 -0.29111883 -0.31763462 -0.8856496
 -0.24500002  0.        ]","[ 0.         -1.66209388 10.97095203 -0.06599743 -5.1680975  -3.34385872
 -1.88360035 -0.35506296]"
1746810083.9191737,"[ 0.          0.45888619  0.59036136  2.94641331 -2.0289378   0.99199142
  1.4314415   1.56949497]","[ 0.         -0.24715861 -0.30267755 -0.29224548 -0.31817481 -0.88186824
 -0.24524851  0.        ]","[ 0.         -1.71987402 10.89778233 -0.03905122 -5.21518993 -3.37193799
 -1.88003933 -0.34572536]"
1746810083.9210174,"[ 0.          0.4583765   0.58976441  2.94581436 -2.02958947  0.99020204
  1.43094881  1.56949497]","[ 0.         -0.24902988 -0.30169887 -0.29189447 -0.31736455 -0.87126107
 -0.23930636  0.        ]","[ 0.         -1.84637403 10.87148476 -0.12283217 -5.24685526 -3.57835841
 -1.95357919 -0.35660285]"
1746810083.9226778,"[ 0.          0.45788424  0.58914629  2.94523725 -2.03021345  0.9884849
  1.43048649  1.56949497]","[ 0.         -0.25011026 -0.30192524 -0.29332586 -0.31628414 -0.87133444
 -0.23336422  0.        ]","[ 0.         -1.90325618 10.81246376 -0.13790973 -5.22067642 -3.78499389
 -2.06117415 -0.35523134]"
1746810083.9239492,"[ 0.          0.45761789  0.58885015  2.94494883 -2.03054715  0.98756218
  1.43025626  1.56949497]","[ 0.         -0.25053255 -0.30034838 -0.29251556 -0.31421289 -0.8689127
 -0.23336422  0.        ]","[ 0.         -1.96003103 10.81409359 -0.20929351 -5.21364021 -3.77318931
 -2.1443398  -0.3504881 ]"
1746810083.9256387,"[ 0.          0.45712747  0.58823669  2.94435095 -2.03116979  0.98586409
  1.42978155  1.56949497]","[ 0.         -0.24821958 -0.29916677 -0.29239601 -0.31655425 -0.85863989
 -0.23228382  0.        ]","[ 0.         -2.04333091 10.68178558 -0.22282338 -5.2531023  -3.53328419
 -2.14387321 -0.33629227]"
1746810083.9267416,"[ 0.          0.45688136  0.58794274  2.94406067 -2.03148351  0.98502026
  1.42955132  1.56949497]","[ 0.         -0.24957007 -0.29818762 -0.29440623 -0.31817481 -0.8556688
 -0.23336422  0.        ]","[ 0.         -2.08319306 10.55346489 -0.16170923 -5.28758001 -3.3979001
 -2.0506568  -0.34524646]"
1746810083.9284096,"[ 0.          0.45636984  0.58735499  2.9434785  -2.03213546  0.98327083
  1.42907368  1.56949497]","[ 0.         -0.24951463 -0.29818762 -0.29491743 -0.31898511 -0.85361583
 -0.2322116   0.        ]","[ 0.         -2.15651345 10.41015148 -0.19431911 -5.37131929 -3.42741489
 -2.00053072 -0.31830519]"
1746810083.9301078,"[ 0.          0.45612463  0.58706157  2.94316585 -2.03245051  0.9824318
  1.42884358  1.56949497]","[ 0.         -0.24875977 -0.29764743 -0.29440217 -0.3195253  -0.85080706
 -0.23336422  0.        ]","[ 0.         -2.15299988 10.41067314 -0.23173912 -5.36645603 -3.47636271
 -2.04893708 -0.32058173]"
1746810083.9318905,"[ 0.          0.45563008  0.58645271  2.94258767 -2.03307635  0.98076127
  1.42837646  1.56949497]","[ 0.         -0.25146075 -0.29680621 -0.29197537 -0.31741638 -0.84918646
 -0.23690531  0.        ]","[ 0.         -2.21541977 10.35472298 -0.23943555 -5.47887516 -3.66981173
 -2.06649995 -0.31916431]"
1746810083.9336767,"[ 0.          0.4553619   0.58615883  2.94230059 -2.03341617  0.9798528
  1.42813478  1.56949497]","[ 0.         -0.25252383 -0.29818762 -0.29116507 -0.31967953 -0.85456652
 -0.24524851  0.        ]","[ 0.         -2.25149059 10.26778984 -0.25296745 -5.54979277 -3.52602577
 -2.02445602 -0.32602015]"
1746810083.9348416,"[ 0.          0.45486322  0.58554444  2.94170324 -2.03405213  0.97812714
  1.4276144   1.56949497]","[ 0.         -0.25335142 -0.30142879 -0.2916199  -0.32249639 -0.88078787
 -0.25659261  0.        ]","[ 0.         -2.21590376 10.24160576 -0.2899614  -5.60386944 -3.47818398
 -1.95694697 -0.33532682]"
1746810083.936688,"[ 0.          0.45433928  0.58495068  2.94112107 -2.03472032  0.97629588
  1.42707218  1.56949497]","[ 0.         -0.25603459 -0.3013932  -0.29710721 -0.32654786 -0.89915449
 -0.26656665  0.        ]","[ 0.         -2.2566421  10.29548931 -0.3489559  -5.6019392  -3.29808068
 -1.93589163 -0.30816638]"
1746810083.9384274,"[ 0.          0.45408491  0.58465041  2.94082493 -2.0350423   0.9753978
  1.4268068   1.56949497]","[ 0.         -0.25768174 -0.30497928 -0.30034838 -0.32621699 -0.90892503
 -0.26901709  0.        ]","[ 0.         -2.19611406 10.30659962 -0.38567379 -5.55953598 -3.23252726
 -1.93978727 -0.29315624]"
1746810083.939653,"[ 0.          0.45357199  0.58401991  2.94020255 -2.03571501  0.97349996
  1.42626644  1.56949497]","[ 0.         -0.26091417 -0.30926161 -0.30466996 -0.3300113  -0.9333602
 -0.27495923  0.        ]","[ 0.         -2.11135769 10.22231102 -0.38651624 -5.63424253 -3.19903731
 -1.95176101 -0.28507054]"
1746810083.9414213,"[ 0.          0.45329096  0.58371365  2.93990001 -2.03604178  0.97257152
  1.42597056  1.56949497]","[ 0.         -0.26456072 -0.3106121  -0.30651985 -0.33140959 -0.9415598
 -0.27860375  0.        ]","[ 0.         -2.15514851 10.14869499 -0.40711671 -5.70302439 -3.38785243
 -1.89976585 -0.28465247]"
1746810083.9431207,"[ 0.          0.45276382  0.58307309  2.93927337 -2.03670464  0.9706822
  1.42541782  1.56949497]","[ 0.         -0.2673965  -0.31245597 -0.30575033 -0.33789196 -0.96289752
 -0.27953747  0.        ]","[ 0.         -2.08206224 10.07087708 -0.36988804 -5.81811857 -3.60266709
 -1.82915962 -0.31232226]"
1746810083.9448307,"[ 0.          0.45221507  0.5824573   2.93866564 -2.03740106  0.96868443
  1.42484991  1.56949497]","[ 0.         -0.26874699 -0.31164651 -0.30926161 -0.33997801 -0.97730182
 -0.2758453   0.        ]","[ 0.         -2.03198981 10.13663864 -0.30729786 -5.85569096 -3.48182583
 -1.76944959 -0.32127073]"
1746810083.9465325,"[ 0.          0.4516861   0.58181261  2.93802754 -2.03807803  0.96673713
  1.42431434  1.56949497]","[ 0.         -0.2676666  -0.31520376 -0.31141198 -0.34383407 -0.98890428
 -0.27117786  0.        ]","[ 0.         -1.90835738 10.21891403 -0.29093254 -5.89689064 -3.42924237
 -1.83543003 -0.31766126]"
1746810083.9482744,"[ 0.          0.45142115  0.58150082  2.93772022 -2.03841785  0.96575536
  1.42404896  1.56949497]","[ 0.         -0.26874699 -0.31628414 -0.31169248 -0.34464437 -0.9955793
 -0.26901709  0.        ]","[ 0.         -1.83339584 10.25056171 -0.26486981 -5.88669729 -3.30731058
 -1.88127697 -0.31579027]"
1746810083.9499822,"[ 0.          0.45086552  0.58084875  2.93710449 -2.03913078  0.96370818
  1.4234905   1.56949497]","[ 0.         -0.27144797 -0.31822518 -0.31250278 -0.34977622 -1.00044103
 -0.27408993  0.        ]","[ 0.         -1.7730664  10.32315254 -0.22653447 -5.90509462 -3.38991904
 -1.89712501 -0.30856043]"
1746810083.9516046,"[ 0.          0.45032596  0.58022104  2.93646667 -2.03982187  0.96164004
  1.42294548  1.56949497]","[ 0.         -0.27468914 -0.31844492 -0.31250278 -0.35023132 -1.0111494
 -0.27684991  0.        ]","[ 0.         -1.66113532 10.33162117 -0.16685234 -5.90721035 -3.62668371
 -1.8434     -0.32928267]"
1746810083.952756,"[ 0.          0.45003438  0.57990785  2.93615401 -2.04016862  0.96063929
  1.42267051  1.56949497]","[ 0.         -0.27459147 -0.31763462 -0.31677316 -0.35166693 -1.0150263
 -0.27874059  0.        ]","[ 0.         -1.678334   10.35632324 -0.12336144 -5.8808589  -3.6601305
 -1.83860219 -0.32063428]"
1746810083.9545722,"[ 0.          0.44949209  0.57925258  2.93549914 -2.04094466  0.95863579
  1.422093    1.56949497]","[ 0.         -0.27522933 -0.32098362 -0.32123439 -0.35313796 -1.01772728
 -0.28360235  0.        ]","[ 0.         -1.59312892 10.30971432 -0.03855885 -5.80551052 -3.65507245
 -1.88385606 -0.31999937]"
1746810083.9557707,"[ 0.          0.44922161  0.57893533  2.93518142 -2.0412946   0.95755608
  1.4218143   1.56949497]","[ 0.         -0.27441904 -0.32168609 -0.32222628 -0.35490809 -1.01661534
 -0.28252194  0.        ]","[ 0.         -1.51638925 10.25699425  0.02991357 -5.72133493 -3.54950166
 -1.92408371 -0.32258376]"
1746810083.9575408,"[ 0.          0.44865406  0.57827547  2.93454812 -2.04202431  0.95554599
  1.42122255  1.56949497]","[ 0.         -0.27847049 -0.32173593 -0.3195253  -0.35625858 -1.01777541
 -0.28938681  0.        ]","[ 0.         -1.39749467 10.31936264  0.13191549 -5.52447462 -3.48791218
 -2.00404143 -0.34201938]"
1746810083.959294,"[ 0.          0.44837946  0.57795909  2.93423494 -2.04237558  0.95454138
  1.42093346  1.56949497]","[ 0.         -0.27847049 -0.32087579 -0.31731281 -0.35625858 -1.01880765
 -0.29332586  0.        ]","[ 0.         -1.35553706 10.32373714  0.15976439 -5.39182949 -3.51430559
 -1.97774327 -0.34442547]"
1746810083.9604886,"[ 0.          0.44780594  0.57733045  2.93358566 -2.04307572  0.95244661
  1.42035316  1.56949497]","[ 0.         -0.2813622  -0.31844492 -0.31709444 -0.3543679  -1.0255601
 -0.29332586  0.        ]","[ 0.         -1.23647106 10.35002613  0.25750872 -5.29918242 -3.59007478
 -1.98432803 -0.33754805]"
1746810083.962264,"[ 0.          0.44752904  0.57699156  2.933273   -2.04345283  0.95142968
  1.4200449   1.56949497]","[ 0.         -0.28090138 -0.31897749 -0.31709444 -0.35508812 -1.03123217
 -0.29011671  0.        ]","[ 0.         -1.1863395  10.28197002  0.31331015 -5.36101341 -3.73615956
 -2.02800202 -0.32971281]"
1746810083.9640338,"[ 0.          0.44697986  0.57635739  2.93264609 -2.04415031  0.94931393
  1.41947977  1.56949497]","[ 0.         -0.2779303  -0.32109034 -0.31736455 -0.35373903 -1.03469947
 -0.28709253  0.        ]","[ 0.         -1.06320083 10.22195148  0.40481922 -5.3754735  -3.64555573
 -2.08751869 -0.32226452]"
1746810083.9658787,"[ 0.          0.44641551  0.57572463  2.93200108 -2.04487868  0.94726103
  1.41888722  1.56949497]","[ 0.         -0.27522933 -0.32087579 -0.31353529 -0.35634197 -1.04311646
 -0.29089143  0.        ]","[ 0.         -0.93940902 10.30652905  0.52866316 -5.36855364 -3.46837926
 -2.08735776 -0.32149801]"
1746810083.967588,"[ 0.          0.44585714  0.57506896  2.93138482 -2.04558016  0.94520434
  1.41830026  1.56949497]","[ 0.         -0.27183301 -0.31979541 -0.3114224  -0.35625858 -1.04284635
 -0.29980819  0.        ]","[ 0.         -0.85115927 10.38289165  0.60166395 -5.33299351 -3.51633406
 -2.02453208 -0.32024214]"
1746810083.9692895,"[ 0.          0.44558806  0.57475484  2.93107616 -2.04558016  0.9440932
  1.41800625  1.56949497]","[ 0.         -0.27252206 -0.31839209 -0.31304297 -0.35625858 -1.04620599
 -0.29788549  0.        ]","[ 0.         -0.84871119 10.49457264  0.64070606 -5.33299351 -3.44026279
 -2.04691458 -0.32324243]"
1746810083.9710119,"[ 0.          0.44504987  0.57409824  2.93043487 -2.0463072   0.94202126
  1.41739652  1.56949497]","[ 0.         -0.27279844 -0.32073285 -0.31299563 -0.35463798 -1.05175955
 -0.29710721  0.        ]","[ 0.         -0.76994902 10.46085072  0.7287941  -5.35103941 -3.54699564
 -2.05441785 -0.32254279]"
1746810083.9721854,"[ 0.          0.44478172  0.57378225  2.93012887 -2.04665794  0.9409044
  1.4171025   1.56949497]","[ 0.         -0.27198816 -0.3203356  -0.31034199 -0.35571836 -1.05073356
 -0.29818762  0.        ]","[ 0.         -0.72694916 10.37564945  0.79102486 -5.35131693 -3.43998885
 -2.03742075 -0.31858486]"
1746810083.9739518,"[ 0.          0.44422609  0.57315228  2.92950117 -2.04738844  0.93883725
  1.41649371  1.56949497]","[ 0.         -0.27198816 -0.3195253  -0.30568675 -0.35759582 -1.04770808
 -0.29813373  0.        ]","[ 0.         -0.69272101 10.35296822  0.87290293 -5.5078125  -3.35566497
 -2.07520747 -0.33881715]"
1746810083.9756649,"[ 0.          0.44369436  0.572503    2.92891128 -2.04809472  0.93677291
  1.41590674  1.56949497]","[ 0.         -0.26928718 -0.31655425 -0.29737732 -0.35868945 -1.04581743
 -0.29818762  0.        ]","[ 0.         -0.68168151 10.4062233   0.95730805 -5.67666197 -3.47299147
 -2.08004856 -0.34938708]"
1746810083.9768016,"[ 0.          0.44342801  0.57219121  2.92859649 -2.04847368  0.93566556
  1.41561753  1.56949497]","[ 0.         -0.27009748 -0.31628414 -0.29640833 -0.35684351 -1.04269528
 -0.29332586  0.        ]","[ 0.         -0.68470681 10.55759048  0.9447518  -5.77004194 -3.58991671
 -2.04424524 -0.35225892]"
1746810083.9785552,"[ 0.          0.44283429  0.57154606  2.92801353 -2.04918128  0.9336136
  1.41503056  1.56949497]","[ 0.         -0.2695924  -0.31521594 -0.29521653 -0.35922964 -1.0409557
 -0.28468273  0.        ]","[ 0.         -0.66833812 10.664505    0.96193957 -5.84556103 -3.80504012
 -2.04561019 -0.34783015]"
1746810083.980255,"[ 0.          0.44256887  0.5712356   2.92772244 -2.04953762  0.93251198
  1.4147528   1.56949497]","[ 0.         -0.26928718 -0.31493365 -0.29521653 -0.36139043 -1.03717834
 -0.28142625  0.        ]","[ 0.         -0.70059252 10.63360977  0.99472225 -5.81771517 -3.56420255
 -2.05890942 -0.33041835]"
1746810083.9819908,"[ 0.          0.44202152  0.57061522  2.9271203  -2.05028277  0.93047147
  1.41419913  1.56949497]","[ 0.         -0.2671943  -0.31439346 -0.29364986 -0.36517178 -1.03231254
 -0.28090138  0.        ]","[ 0.         -0.73013937 10.63442039  0.96782923 -5.84164476 -3.44063616
 -2.16319537 -0.34707078]"
1746810083.9858575,"[ 0.          0.44149898  0.5699724   2.92654852 -2.05100129  0.92836624
  1.41362934  1.56949497]","[ 0.         -0.26361513 -0.31385327 -0.28844165 -0.36355122 -1.02467813
 -0.27766021  0.        ]","[ 0.         -0.75453913 10.58338356  0.93228579 -5.84933662 -3.50024223
 -2.13775945 -0.3677533 ]"
1746810083.987655,"[ 0.          0.44123952  0.56966474  2.92626543 -2.05136188  0.9273597
  1.41335823  1.56949497]","[ 0.         -0.26307494 -0.31196259 -0.28711363 -0.36534143 -1.02096848
 -0.27495923  0.        ]","[ 0.         -0.7604928  10.60495758  0.90255266 -5.8973341  -3.63369584
 -2.11554646 -0.34788248]"
1746810083.989473,"[ 0.          0.44018201  0.56841984  2.9251232  -2.05287216  0.92326242
  1.412267    1.56949497]","[ 0.         -0.26253475 -0.30872142 -0.28279205 -0.36938194 -1.01399792
 -0.27225825  0.        ]","[ 0.         -0.79790014 10.60795116  0.79488087 -5.81528711 -3.60746431
 -2.12153554 -0.32890955]"
1746810083.991145,"[ 0.          0.43964109  0.56778661  2.92455035 -2.0536      0.92126851
  1.41172478  1.56949497]","[ 0.         -0.26442543 -0.30994981 -0.2779303  -0.36895314 -1.01016457
 -0.27603963  0.        ]","[ 0.         -0.82314825 10.58134937  0.73418015 -5.68123388 -3.39495516
 -2.21088433 -0.34039143]"
1746810083.992287,"[ 0.          0.43912264  0.56717868  2.92400787 -2.05435767  0.91920323
  1.41115393  1.56949497]","[ 0.         -0.26307494 -0.30737093 -0.27441904 -0.37063579 -1.00719348
 -0.27953747  0.        ]","[ 0.         -0.84583843 10.45359516  0.66606295 -5.58077574 -3.54599953
 -2.16165233 -0.32967347]"
1746810083.9941006,"[ 0.          0.43886551  0.56687608  2.92372051 -2.05472439  0.91821101
  1.41088096  1.56949497]","[ 0.         -0.2606498  -0.30651985 -0.27057916 -0.37192423 -1.00638321
 -0.27684991  0.        ]","[ 0.         -0.91295326 10.40260696  0.67776614 -5.53245163 -3.6991806
 -2.07959962 -0.33329737]"
1746810083.9958572,"[ 0.          0.43833378  0.56624557  2.92318735 -2.05545862  0.91622848
  1.41030732  1.56949497]","[ 0.         -0.25929357 -0.30845131 -0.26982381 -0.37192423 -1.00536355
 -0.279821    0.        ]","[ 0.         -0.87820041 10.29901314  0.60789901 -5.45567513 -3.85668898
 -2.00475454 -0.33807537]"
1746810083.9975612,"[ 0.          0.43807985  0.56594024  2.92291863 -2.05582667  0.91500509
  1.41003048  1.56949497]","[ 0.         -0.25767299 -0.30953172 -0.27252835 -0.37327472 -1.00862006
 -0.28090138  0.        ]","[ 0.         -0.83854657 10.22008801  0.5911693  -5.33780098 -3.58335972
 -2.04076362 -0.3420594 ]"
1746810083.9986923,"[ 0.          0.43755314  0.56530428  2.92235804 -2.056587    0.91302643
  1.40945976  1.56949497]","[ 0.         -0.25728844 -0.31095289 -0.27333865 -0.37046811 -1.00239546
 -0.27684838  0.        ]","[ 0.         -0.8317036  10.16121197  0.54094523 -5.18701077 -3.46804118
 -2.05910015 -0.34127989]"
1746810084.0004482,"[ 0.          0.43704574  0.56469401  2.92181981 -2.05731698  0.91097633
  1.40892513  1.56949497]","[ 0.         -0.25579298 -0.30926161 -0.27333865 -0.36976344 -1.00044103
 -0.26793504  0.        ]","[ 0.         -0.80246258 10.07202435  0.56042391 -5.13114405 -3.51187897
 -2.07982159 -0.32699379]"
1746810084.0021808,"[ 0.          0.43679411  0.56439048  2.9215535  -2.0576813   0.90998983
  1.40866534  1.56949497]","[ 0.         -0.25524212 -0.30791112 -0.27009748 -0.36949336 -1.00044103
 -0.26361513  0.        ]","[ 0.         -0.83341861 10.06745815  0.55704397 -5.16211033 -3.49787426
 -2.01699138 -0.32186651]"
1746810084.0038896,"[ 0.          0.43652409  0.56376138  2.92100941 -2.05843843  0.90794545
  1.40814123  1.56949497]","[ 0.         -0.25427922 -0.30737093 -0.26415534 -0.36884914 -0.99774005
 -0.2552823   0.        ]","[ 0.         -0.77551442 10.0778017   0.52038664 -5.15322924 -3.61804914
 -1.97851193 -0.33783117]"
1746810084.0055978,"[ 0.          0.43602725  0.56315018  2.92048956 -2.0591953   0.90598104
  1.40764469  1.56949497]","[ 0.         -0.25065046 -0.30975773 -0.26415534 -0.36988348 -0.99476903
 -0.25173084  0.        ]","[ 0.         -0.80770922 10.06287861  0.48021248 -5.23852491 -3.64545441
 -1.92077947 -0.33307099]"
1746810084.0072615,"[ 0.          0.43578114  0.56282141  2.9202094  -2.05955882  0.90500119
  1.40739728  1.56949497]","[ 0.         -0.2493172  -0.30944827 -0.26380843 -0.36868306 -0.99368859
 -0.25066633  0.        ]","[ 0.         -0.85850579 10.07493019  0.48385304 -5.22989559 -3.65390277
 -1.91283119 -0.33810055]"
1746810084.008972,"[ 0.          0.43526958  0.56221301  2.91969248 -2.06028986  0.90297772
  1.40687783  1.56949497]","[ 0.         -0.25011026 -0.30791112 -0.26172445 -0.37111393 -0.98693621
 -0.25281124  0.        ]","[ 0.         -0.92405421 10.13065052  0.42530981 -5.32059193 -3.57834077
 -1.8482635  -0.33461496]"
1746810084.010649,"[ 0.          0.43502394  0.56190948  2.91943522 -2.06065498  0.90201026
  1.40663149  1.56949497]","[ 0.         -0.24902988 -0.30791112 -0.26091417 -0.37030363 -0.98026992
 -0.24984016  0.        ]","[ 0.         -0.93084079 10.11319923  0.37830928 -5.38886881 -3.43657017
 -1.89147234 -0.35278457]"
1746810084.0124073,"[ 0.          0.43451238  0.56128224  2.91890738 -2.06141265  0.90001156
  1.4061187   1.56949497]","[ 0.         -0.24951463 -0.30643906 -0.2568627  -0.37030363 -0.97649236
 -0.25066633  0.        ]","[ 0.         -0.99111235 10.10285282  0.34761736 -5.4587245  -3.58087015
 -1.93006766 -0.34932721]"
1746810084.01415,"[ 0.          0.43402518  0.56067424  2.91840404 -2.06216712  0.89905362
  1.40562308  1.56949497]","[ 0.         -0.2455186  -0.30813879 -0.25498351 -0.36938194 -0.97154061
 -0.25281124  0.        ]","[ 0.         -1.03419268 10.03848553  0.30740696 -5.58066559 -3.64270473
 -1.96483076 -0.34194785]"
1746810084.0153487,"[ 0.          0.43354578  0.5600456   2.9178786  -2.06289843  0.8971434
  1.4051047   1.56949497]","[ 0.         -0.24173725 -0.3069406  -0.25653613 -0.37127758 -0.96381065
 -0.25362154  0.        ]","[ 0.         -1.08071303 10.05297089  0.28412861 -5.69793558 -3.7287724
 -1.93125474 -0.34439903]"
1746810084.0171757,"[ 0.          0.43329278  0.55974486  2.91762374 -2.06326541  0.89612455
  1.40485636  1.56949497]","[ 0.         -0.23823003 -0.30494003 -0.25848329 -0.37219431 -0.95944013
 -0.25173084  0.        ]","[ 0.         -1.14131427 10.02343178  0.27925965 -5.69035769 -3.5740509
 -1.89183772 -0.34771085]"
1746810084.0183043,"[ 0.          0.43282257  0.55914652  2.91711321 -2.06402761  0.89424382
  1.40435315  1.56949497]","[ 0.         -0.23849608 -0.30247248 -0.25848329 -0.37188964 -0.95020289
 -0.24274387  0.        ]","[ 0.         -1.14880276  9.99320126  0.24735458 -5.68258572 -3.44526768
 -1.90075719 -0.34182197]"
1746810084.0201073,"[ 0.          0.43258977  0.55884664  2.9168405  -2.06439326  0.89330679
  1.40411906  1.56949497]","[ 0.         -0.23582601 -0.30412977 -0.2567869  -0.37084385 -0.95020289
 -0.23741568  0.        ]","[ 0.         -1.15271735  9.99064541  0.21323481 -5.70991755 -3.36140919
 -1.97020173 -0.31460136]"
1746810084.0218968,"[ 0.          0.43210761  0.55822173  2.91634036 -2.06512696  0.89137846
  1.40366726  1.56949497]","[ 0.         -0.2352549  -0.30548026 -0.25254114 -0.37219431 -0.94074954
 -0.22688188  0.        ]","[ 0.         -1.18702185  9.90812874  0.20885558 -5.65469551 -3.49515057
 -2.12955666 -0.31848264]"
1746810084.0236812,"[ 0.          0.43164382  0.55759399  2.91583169 -2.06588836  0.88952816
  1.40321718  1.56949497]","[ 0.         -0.23390441 -0.3069406  -0.24713919 -0.37165412 -0.93966909
 -0.21737884  0.        ]","[ 0.         -1.28826559  9.93826771  0.18458918 -5.58458996 -3.68863821
 -2.11575699 -0.34696975]"
1746810084.0248334,"[ 0.          0.43141332  0.55729232  2.91558881 -2.06625375  0.88859878
  1.40300413  1.56949497]","[ 0.         -0.23390441 -0.30571039 -0.2463289  -0.37057374 -0.94264018
 -0.21607799  0.        ]","[ 0.         -1.33171558  9.89495277  0.1986631  -5.49447489 -3.70666862
 -2.04674101 -0.33209667]"
1746810084.026663,"[ 0.          0.43093761  0.55668985  2.91510146 -2.06700689  0.88668091
  1.40256657  1.56949497]","[ 0.         -0.23177865 -0.30548026 -0.24767939 -0.36737578 -0.93669807
 -0.21415627  0.        ]","[ 0.         -1.37856567  9.86418056  0.16991539 -5.4901104  -3.5872612
 -1.96162856 -0.3355158 ]"
1746810084.0284243,"[ 0.          0.43070985  0.55638818  2.91483754 -2.06736934  0.88575719
  1.40235818  1.56949497]","[ 0.         -0.23093333 -0.30602045 -0.24851155 -0.36723021 -0.93669807
 -0.21121622  0.        ]","[ 0.         -1.40912724  9.91623402  0.11395179 -5.51622963 -3.40734386
 -1.99723482 -0.3355158 ]"
1746810084.0301487,"[ 0.          0.43023734  0.5557632   2.91431209 -2.06809612  0.88384032
  1.40194339  1.56949497]","[ 0.         -0.23066324 -0.30494003 -0.24686909 -0.36857933 -0.93493952
 -0.21040594  0.        ]","[ 0.         -1.46011829  9.93994713  0.09257344 -5.56345177 -3.33733845
 -2.09342551 -0.34449726]"
1746810084.0313768,"[ 0.          0.42978273  0.55516213  2.9138029  -2.06884926  0.88200333
  1.40150677  1.56949497]","[ 0.         -0.23093333 -0.30436126 -0.24875977 -0.36712501 -0.93210638
 -0.21418729  0.        ]","[ 0.         -1.48785245  9.96465969  0.10600989 -5.62486935 -3.35560179
 -2.0994401  -0.35270008]"
1746810084.0331397,"[ 0.          0.42955407  0.55486182  2.91355949 -2.06921092  0.8810159
  1.40129278  1.56949497]","[ 0.         -0.23177865 -0.30466996 -0.24686909 -0.36679238 -0.92984942
 -0.21715837  0.        ]","[ 0.         -1.5066154   9.92152309  0.14630751 -5.62827301 -3.47904944
 -2.0601902  -0.34051651]"
1746810084.034944,"[ 0.          0.42908156  0.55423964  2.91305348 -2.06995953  0.87917705
  1.40083512  1.56949497]","[ 0.         -0.22958286 -0.30412977 -0.24775924 -0.36486812 -0.93183627
 -0.22569162  0.        ]","[ 0.         -1.52092159  9.96506882  0.18725014 -5.73309851 -3.44745684
 -1.9955256  -0.31660387]"
1746810084.0361085,"[ 0.          0.42885655  0.55394207  2.91280794 -2.07032039  0.87826093
  1.40060688  1.56949497]","[ 0.         -0.22823237 -0.30169887 -0.24902988 -0.36598208 -0.92819393
 -0.23147354  0.        ]","[ 0.         -1.54350972 10.06080723  0.15608813 -5.77253485 -3.48109245
 -1.98695517 -0.31247696]"
1746810084.037784,"[ 0.          0.42839093  0.55332355  2.91231419 -2.07104131  0.87636875
  1.40013218  1.56949497]","[ 0.         -0.22694545 -0.30239279 -0.25065046 -0.36544189 -0.92157258
 -0.24284143  0.        ]","[ 0.         -1.60259593 10.1038084   0.14775676 -5.89301062 -3.53933501
 -2.03829312 -0.32606468]"
1746810084.0394342,"[ 0.          0.42794875  0.55272613  2.91180393 -2.07178753  0.87455747
  1.39963363  1.56949497]","[ 0.         -0.22368394 -0.30304936 -0.24875977 -0.36486812 -0.91752111
 -0.24174079  0.        ]","[ 0.         -1.63696909 10.10933495  0.15727456 -5.92101049 -3.48481297
 -2.07483792 -0.32310542]"
1746810084.041182,"[ 0.          0.42772694  0.55242719  2.91155918 -2.07214626  0.87358714
  1.39939674  1.56949497]","[ 0.         -0.22499119 -0.30304936 -0.24796808 -0.36382129 -0.91380028
 -0.24038676  0.        ]","[ 0.         -1.67209995 10.0577507   0.17789313 -5.95376682 -3.51708889
 -2.05758119 -0.31662565]"
1746810084.042382,"[ 0.          0.42726455  0.55180545  2.91105824 -2.07286531  0.87179777
  1.39891445  1.56949497]","[ 0.         -0.2252613  -0.30304936 -0.24349618 -0.36463159 -0.90590694
 -0.23349634  0.        ]","[ 0.         -1.69626474 10.03679657  0.12088197 -5.91368341 -3.6895535
 -2.00541377 -0.32533392]"
1746810084.044136,"[ 0.          0.42704091  0.55150884  2.91081963 -2.0732528   0.87090255
  1.39868901  1.56949497]","[ 0.         -0.22688188 -0.30058374 -0.24200734 -0.36486812 -0.90806769
 -0.22850247  0.        ]","[ 0.         -1.72370744 10.00781059  0.08998242 -5.87268066 -3.77802157
 -2.06695771 -0.33434549]"
1746810084.0458944,"[ 0.          0.42657669  0.55085034  2.91058021 -2.07397318  0.86905797
  1.39824386  1.56949497]","[ 0.         -0.22673196 -0.2994684  -0.24281762 -0.36490171 -0.89915449
 -0.22472109  0.        ]","[ 0.         -1.72379827  9.89084435  0.06011828 -5.9073019  -3.63997602
 -2.09662914 -0.32781985]"
1746810084.0476868,"[ 0.          0.42612851  0.55025981  2.91008353 -2.07471807  0.86729043
  1.3977862   1.56949497]","[ 0.         -0.22715198 -0.29953811 -0.24299464 -0.36274092 -0.89365646
 -0.22117778  0.        ]","[ 0.         -1.8174727   9.81803131  0.07396594 -5.97543335 -3.51985049
 -2.09983373 -0.31171116]"
1746810084.0488565,"[ 0.          0.42590441  0.54994024  2.90984065 -2.07507547  0.86634395
  1.39757221  1.56949497]","[ 0.         -0.22742207 -0.30092216 -0.24607931 -0.36247081 -0.89123112
 -0.21715837  0.        ]","[ 0.         -1.82797062  9.79755688  0.05454684 -6.05835581 -3.53075361
 -2.0243578  -0.34915048]"
1746810084.0506492,"[ 0.          0.42544201  0.54934788  2.90934956 -2.07579132  0.86460111
  1.39714597  1.56949497]","[ 0.         -0.22503307 -0.29980819 -0.24929997 -0.36328111 -0.88186824
 -0.21715837  0.        ]","[ 0.         -1.80415869  9.7375412   0.03766344 -6.13792896 -3.69529605
 -2.01921225 -0.34852886]"
1746810084.0518446,"[ 0.          0.42521931  0.54905307  2.90910269 -2.07617695  0.86373352
  1.39691574  1.56949497]","[ 0.         -0.22580149 -0.29899789 -0.25038035 -0.36311273 -0.8799776
 -0.21666395  0.        ]","[ 0.         -1.80683374  9.70179939  0.04478775 -6.09661198 -3.77595043
 -2.07016706 -0.33861166]"
1746810084.0535705,"[ 0.          0.42477619  0.54844144  2.90859029 -2.07689334  0.86192982
  1.39647432  1.56949497]","[ 0.         -0.22391081 -0.2984577  -0.24958703 -0.36237337 -0.88069885
 -0.22688188  0.        ]","[ 0.         -1.77705646  9.61587238  0.08751392 -6.03861189 -3.73437333
 -2.1158855  -0.33315483]"
1746810084.0547535,"[ 0.          0.42453924  0.54814573  2.90834448 -2.07725047  0.86106609
  1.39624889  1.56949497]","[ 0.         -0.22318393 -0.29980819 -0.24929997 -0.36220073 -0.87503863
 -0.22850247  0.        ]","[ 0.         -1.73509741  9.57971096  0.10853234 -6.01247549 -3.73513365
 -2.07588339 -0.31695002]"
1746810084.056508,"[ 0.          0.42409795  0.54752764  2.90783981 -2.07798843  0.85935088
  1.39577418  1.56949497]","[ 0.         -0.22368394 -0.30189171 -0.24605881 -0.36003994 -0.86917369
 -0.2337162   0.        ]","[ 0.         -1.72699881  9.4680481   0.18114173 -5.93979979 -3.68021655
 -2.02064061 -0.33858716]"
1746810084.057669,"[ 0.          0.42386103  0.54722964  2.90759747 -2.07834476  0.85843096
  1.39554302  1.56949497]","[ 0.         -0.22318393 -0.30254592 -0.2457887  -0.36139043 -0.86615426
 -0.23444461  0.        ]","[ 0.         -1.74160218  9.39655113  0.20027435 -5.89708042 -3.6307025
 -2.01632142 -0.32443821]"
1746810084.060013,"[ 0.          0.42342434  0.54663635  2.90709173 -2.07905476  0.85672428
  1.39508162  1.56949497]","[ 0.         -0.22120983 -0.3008886  -0.24700693 -0.35949975 -0.864582
 -0.23444461  0.        ]","[ 0.         -1.71618927  9.32467651  0.24998304 -5.92167425 -3.61664677
 -2.02739501 -0.31178313]"
1746810084.0612004,"[ 0.          0.42320712  0.54631767  2.90684992 -2.07943639  0.85587573
  1.39485339  1.56949497]","[ 0.         -0.22039953 -0.30016985 -0.24500002 -0.35901316 -0.85965868
 -0.23147354  0.        ]","[ 0.         -1.66551399  9.3120718   0.26873353 -5.94697857 -3.80760026
 -2.0434339  -0.32957041]"
1746810084.0629945,"[ 0.          0.42275758  0.54602289  2.90636868 -2.08013893  0.85411012
  1.39438241  1.56949497]","[ 0.         -0.21931916 -0.29899789 -0.24362792 -0.35544828 -0.8616404
 -0.22854077  0.        ]","[ 0.         -1.56745708  9.27860928  0.2701017  -5.98464537 -3.95106602
 -2.0836153  -0.33896762]"
1746810084.0647073,"[ 0.          0.42232412  0.54542871  2.90587227 -2.08086837  0.85237587
  1.39393154  1.56949497]","[ 0.         -0.22017623 -0.30247248 -0.24123925 -0.35760907 -0.88483933
 -0.22769217  0.        ]","[ 0.         -1.55587173  9.27047634  0.28199735 -6.01068211 -3.81842065
 -2.05075192 -0.32131234]"
1746810084.0659256,"[ 0.          0.42208946  0.54510543  2.90563472 -2.08122124  0.85142838
  1.39369185  1.56949497]","[ 0.         -0.22092701 -0.3044329  -0.24092695 -0.35787915 -0.8922342
 -0.22569162  0.        ]","[ 0.         -1.54512644  9.33157253  0.31346941 -6.00646877 -3.6075654
 -2.05068898 -0.30791482]"
1746810084.0676742,"[ 0.          0.42164818  0.54450066  2.90515774 -2.08193204  0.84963521
  1.39325137  1.56949497]","[ 0.         -0.22499119 -0.30791112 -0.24387527 -0.36058013 -0.91373976
 -0.22179518  0.        ]","[ 0.         -1.46706867  9.33857346  0.30410263 -5.95393085 -3.40355921
 -2.01449442 -0.29265645]"
1746810084.068809,"[ 0.          0.42142593  0.54419759  2.90489596 -2.08231527  0.84871815
  1.39303352  1.56949497]","[ 0.         -0.2252613  -0.30737093 -0.24627351 -0.3608558  -0.92927324
 -0.22093974  0.        ]","[ 0.         -1.42010736  9.3336277   0.32377976 -6.03069544 -3.40897274
 -2.03021383 -0.26916534]"
1746810084.0705516,"[ 0.          0.42096537  0.54356483  2.90440274 -2.0830298   0.84677937
  1.39257213  1.56949497]","[ 0.         -0.22443777 -0.30872142 -0.25119065 -0.36328111 -0.95317398
 -0.22688188  0.        ]","[ 0.         -1.41300714  9.3990469   0.31254324 -6.04273987 -3.59108591
 -2.07584953 -0.2978642 ]"
1746810084.072332,"[ 0.          0.42074313  0.5432581   2.904154   -2.08338852  0.84582802
  1.39234376  1.56949497]","[ 0.         -0.22503307 -0.31083704 -0.25227105 -0.36382129 -0.96478816
 -0.23174363  0.        ]","[ 0.         -1.41793358  9.45893574  0.351174   -6.0351572  -3.72439504
 -2.06698537 -0.29109272]"
1746810084.0741065,"[ 0.          0.42030414  0.54264004  2.90363655 -2.08414167  0.84381507
  1.39186905  1.56949497]","[ 0.         -0.22175002 -0.31331308 -0.25201543 -0.36841295 -0.98903078
 -0.24308774  0.        ]","[ 0.         -1.36788595  9.5679884   0.38718343 -6.17188978 -3.73139668
 -1.98104179 -0.29646674]"
1746810084.075897,"[ 0.          0.41985137  0.54199579  2.90312549 -2.08489827  0.841844
  1.3913488   1.56949497]","[ 0.         -0.22120983 -0.31493365 -0.24801001 -0.37013425 -1.00422239
 -0.25767299  0.        ]","[ 0.         -1.29430842  9.72668648  0.36699986 -6.26803398 -3.74480987
 -1.98678041 -0.30841753]"
1746810084.0770266,"[ 0.          0.41963279  0.54168583  2.90288207 -2.08526525  0.84084797
  1.39105     1.56949497]","[ 0.         -0.22152535 -0.31407491 -0.24686909 -0.37219431 -1.01016457
 -0.26257177  0.        ]","[ 0.         -1.25630546  9.73225021  0.38851792 -6.32702684 -3.61019325
 -2.04001856 -0.31378347]"
1746810084.0788138,"[ 0.          0.41917866  0.54103975  2.90239605 -2.08600455  0.83876172
  1.39050019  1.56949497]","[ 0.         -0.22175002 -0.31574395 -0.24605881 -0.37586457 -1.01885473
 -0.26901709  0.        ]","[ 0.         -1.21633577  9.81043816  0.40499088 -6.28401804 -3.59139299
 -2.06279373 -0.30615568]"
1746810084.080629,"[ 0.          0.41873877  0.5404171   2.90188738 -2.08678459  0.83673545
  1.3899561   1.56949497]","[ 0.         -0.22364072 -0.31628414 -0.24877756 -0.3816696  -1.02853119
 -0.27766021  0.        ]","[ 0.         -1.17960608  9.88138771  0.36394808 -6.15069056 -3.73975182
 -2.03780103 -0.31512085]"
1746810084.0817378,"[ 0.          0.41851879  0.54008098  2.90164184 -2.08716169  0.83563384
  1.3896545   1.56949497]","[ 0.         -0.22310051 -0.31646979 -0.24902988 -0.38245803 -1.03717834
 -0.28360285  0.        ]","[ 0.         -1.19658005 10.02620316  0.33948573 -6.05450106 -3.81763816
 -1.99800837 -0.31422463]"
1746810084.083551,"[ 0.          0.41806193  0.53945327  2.90115129 -2.08794732  0.83358567
  1.38909124  1.56949497]","[ 0.         -0.22287448 -0.31817481 -0.24821958 -0.38306426 -1.03906499
 -0.28738371  0.        ]","[ 0.         -1.21397781 10.08903313  0.32223579 -5.82633829 -3.90675163
 -1.96367335 -0.30815834]"
1746810084.0852869,"[ 0.          0.41784242  0.53913919  2.90088763 -2.08832576  0.83255735
  1.38881254  1.56949497]","[ 0.         -0.22256032 -0.31844492 -0.24826078 -0.38380852 -1.04284635
 -0.28252194  0.        ]","[ 0.         -1.17999935 10.04201984  0.33539617 -5.67439556 -3.80221534
 -1.95058906 -0.33058569]"
1746810084.086494,"[ 0.          0.41738509  0.53848528  2.90039921 -2.08908423  0.83041404
  1.38823983  1.56949497]","[ 0.         -0.224451   -0.31898511 -0.24767939 -0.38461882 -1.04796141
 -0.27712     0.        ]","[ 0.         -1.1646843  10.13704205  0.35908943 -5.41220188 -3.72226501
 -2.04861736 -0.33376962]"
1746810084.0882595,"[ 0.          0.41716145  0.53817259  2.90015526 -2.08949382  0.82938
  1.38796499  1.56949497]","[ 0.         -0.22688188 -0.31709444 -0.24740928 -0.38568189 -1.04878852
 -0.27845818  0.        ]","[ 0.         -1.17637241 10.1882391   0.33040556 -5.38470697 -3.73437095
 -2.08448648 -0.3141616 ]"
1746810084.089448,"[ 0.          0.41671327  0.53752008  2.89964473 -2.09025389  0.82730613
  1.38739508  1.56949497]","[ 0.         -0.22742207 -0.31897749 -0.25026692 -0.38461882 -1.05256988
 -0.27935608  0.        ]","[ 0.         -1.0739882  10.13281727  0.36713955 -5.18094778 -3.77020407
 -2.12794137 -0.31514472]"
1746810084.0911894,"[ 0.          0.41646806  0.53720553  2.89939626 -2.09063419  0.82617975
  1.3871193   1.56949497]","[ 0.         -0.23095775 -0.31898511 -0.25200095 -0.38530841 -1.05975269
 -0.279821    0.        ]","[ 0.         -1.07498121 10.11573315  0.43853837 -5.04880762 -3.92317986
 -2.15731359 -0.31872886]"
1746810084.092927,"[ 0.          0.41601163  0.53657323  2.89890171 -2.09142328  0.82407931
  1.38684047  1.56949497]","[ 0.         -0.23093333 -0.32141598 -0.24957007 -0.38542908 -1.06607477
 -0.28279205  0.        ]","[ 0.         -1.0007602  10.03978825  0.49617976 -4.91388321 -3.77810621
 -2.06967282 -0.33614698]"
1746810084.0946746,"[ 0.          0.41578479  0.53625638  2.89863859 -2.09180358  0.82302617
  1.3865647   1.56949497]","[ 0.         -0.23012305 -0.32141598 -0.24775924 -0.3856992  -1.06796541
 -0.27953747  0.        ]","[ 0.         -0.95583826 10.06100273  0.51672155 -4.89901495 -3.63934636
 -2.07420945 -0.32547927]"
1746810084.095775,"[ 0.          0.41531827  0.53559928  2.89815363 -2.09259534  0.82082486
  1.38599771  1.56949497]","[ 0.         -0.22738259 -0.32055069 -0.24470832 -0.38668496 -1.07579824
 -0.27713099  0.        ]","[ 0.         -0.88396853 10.06560802  0.61510414 -4.83812332 -3.50263429
 -2.09026074 -0.30229092]"
1746810084.0974379,"[ 0.          0.41487423  0.53496515  2.89766281 -2.0933562   0.81870252
  1.38545536  1.56949497]","[ 0.         -0.224451   -0.32222628 -0.23823003 -0.38476875 -1.07876933
 -0.27495923  0.        ]","[ 0.         -0.85572863 10.10492611  0.69500738 -4.94001675 -3.6022687
 -2.15678453 -0.30642331]"
1746810084.0991826,"[ 0.          0.41463591  0.5346212   2.89742872 -2.09373677  0.81755144
  1.38516241  1.56949497]","[ 0.         -0.22443777 -0.32399285 -0.23717513 -0.38636116 -1.08280168
 -0.2758453   0.        ]","[ 0.         -0.81573743 10.11822891  0.73025173 -4.98199749 -3.73831391
 -2.20791745 -0.32937154]"
1746810084.1003652,"[ 0.          0.41419509  0.53398247  2.89695947 -2.09453359  0.81541099
  1.38460967  1.56949497]","[ 0.         -0.22341412 -0.32411696 -0.2379846  -0.38969417 -1.08633204
 -0.28142625  0.        ]","[ 0.         -0.80225295 10.23940754  0.80260068 -5.11175442 -3.70297885
 -2.2060802  -0.33734116]"
1746810084.1021159,"[ 0.          0.41397285  0.53366426  2.89670647 -2.09491841  0.8143408
  1.38433377  1.56949497]","[ 0.         -0.2252613  -0.32276647 -0.23823003 -0.39029085 -1.08525166
 -0.279821    0.        ]","[ 0.         -0.79555166 10.26796341  0.81685072 -5.22192574 -3.7819519
 -2.20949101 -0.34167495]"
1746810084.1038475,"[ 0.          0.41351089  0.53300806  2.89623695 -2.09569073  0.81212045
  1.38376785  1.56949497]","[ 0.         -0.22569162 -0.3195253  -0.23825443 -0.39137123 -1.08415211
 -0.2758453   0.        ]","[ 0.         -0.77960896 10.2961874   0.82733363 -5.30101252 -3.58492422
 -2.23943043 -0.33569813]"
1746810084.1055477,"[ 0.          0.4130673   0.53235601  2.89574853 -2.09649687  0.80998853
  1.38323122  1.56949497]","[ 0.         -0.224451   -0.31897749 -0.23800592 -0.39488251 -1.08065997
 -0.27225825  0.        ]","[ 0.         -0.77419358 10.30778694  0.84258884 -5.3796525  -3.77578115
 -2.27402902 -0.31349334]"
1746810084.1067166,"[ 0.          0.4128437   0.53204103  2.89551524 -2.09688782  0.80892693
  1.38294107  1.56949497]","[ 0.         -0.22688188 -0.3195253  -0.23660538 -0.39650311 -1.07660857
 -0.27308049  0.        ]","[ 0.         -0.77732968 10.29218388  0.83904159 -5.40145826 -3.84785056
 -2.27253461 -0.3224968 ]"
1746810084.1090379,"[ 0.          0.41238357  0.53141146  2.8950364  -2.09770275  0.8067199
  1.38240072  1.56949497]","[ 0.         -0.22393623 -0.31812228 -0.23296389 -0.39734463 -1.07579824
 -0.27387884  0.        ]","[ 0.         -0.79261261 10.31052494  0.80655628 -5.45398903 -3.737468
 -2.30257177 -0.34809539]"
1746810084.1101947,"[ 0.          0.4121618   0.53107444  2.89480657 -2.09809503  0.80566109
  1.38212961  1.56949497]","[ 0.         -0.22499119 -0.31747287 -0.23285795 -0.3978536  -1.07390759
 -0.27495923  0.        ]","[ 0.         -0.79238021 10.29986763  0.76728845 -5.50444126 -3.79002953
 -2.33410239 -0.34110567]"
1746810084.1120331,"[ 0.          0.41171638  0.53045086  2.89435117 -2.09888146  0.80347117
  1.38157407  1.56949497]","[ 0.         -0.22580149 -0.31574395 -0.23015972 -0.39947416 -1.06715515
 -0.27009748  0.        ]","[ 0.         -0.8079083  10.28350353  0.77680105 -5.56202602 -3.63372684
 -2.26595092 -0.323585  ]"
1746810084.1137116,"[ 0.          0.41125536  0.52982818  2.89388006 -2.09970678  0.80137733
  1.3810433   1.56949497]","[ 0.         -0.22499119 -0.31628414 -0.23012305 -0.40379574 -1.06229335
 -0.26874451  0.        ]","[ 0.         -0.81953031 10.22110176  0.73593581 -5.56528616 -3.83079863
 -2.2038877  -0.35495558]"
1746810084.1149306,"[ 0.          0.41103311  0.52949069  2.89365555 -2.10010492  0.80025101
  1.38075595  1.56949497]","[ 0.         -0.2252613  -0.31772364 -0.22769217 -0.40379574 -1.06049984
 -0.27057916  0.        ]","[ 0.         -0.81994373 10.20625687  0.75952584 -5.51468134 -3.96572399
 -2.14104009 -0.3616426 ]"
1746810084.116647,"[ 0.          0.41057575  0.52886984  2.89321107 -2.1009012   0.79816383
  1.38022704  1.56949497]","[ 0.         -0.22318393 -0.31493365 -0.224451   -0.40379574 -1.05661256
 -0.26901709  0.        ]","[ 0.         -0.84196389 10.19334507  0.71808225 -5.44584513 -3.97642469
 -2.12069178 -0.35814944]"
1746810084.117843,"[ 0.          0.41035581  0.52856128  2.89297485 -2.10132811  0.79712406
  1.37996166  1.56949497]","[ 0.         -0.22310051 -0.31304297 -0.22222238 -0.40198183 -1.0533922
 -0.26901709  0.        ]","[ 0.         -0.80267805 10.13887882  0.71096402 -5.36982012 -3.80669117
 -2.12753272 -0.35268986]"
1746810084.1196132,"[ 0.          0.40992184  0.52792621  2.89254155 -2.10212253  0.79497216
  1.37941744  1.56949497]","[ 0.         -0.21855729 -0.3098018  -0.21823876 -0.40271533 -1.05172293
 -0.26496698  0.        ]","[ 0.         -0.83810449 10.09022903  0.67460376 -5.36451817 -3.54080582
 -2.16008854 -0.35557348]"
1746810084.1207676,"[ 0.          0.4097056   0.52762225  2.89232877 -2.10251934  0.79393619
  1.37915872  1.56949497]","[ 0.         -0.21931916 -0.30818123 -0.21580788 -0.40244525 -1.05067917
 -0.26253475  0.        ]","[ 0.         -0.82966834 10.02877045  0.6722551  -5.37837982 -3.71147156
 -2.13207698 -0.34588042]"
1746810084.1224885,"[ 0.          0.40925419  0.52701152  2.89188668 -2.10334119  0.7918747
  1.37862409  1.56949497]","[ 0.         -0.22066964 -0.3098018  -0.21575661 -0.40082465 -1.0450071
 -0.25979612  0.        ]","[ 0.         -0.86211145  9.87602997  0.6397323  -5.4299736  -3.85566044
 -2.0504632  -0.34568509]"
1746810084.1241963,"[ 0.          0.40903748  0.52668272  2.8916699  -2.10373561  0.79076363
  1.37837109  1.56949497]","[ 0.         -0.21985934 -0.30969904 -0.21963659 -0.40001435 -1.04522182
 -0.25659261  0.        ]","[ 0.         -0.8396951   9.74681187  0.63081515 -5.4023118  -3.77667761
 -2.0906992  -0.34780741]"
1746810084.1260233,"[ 0.          0.40858424  0.52606832  2.89121636 -2.10455773  0.78870215
  1.37787734  1.56949497]","[ 0.         -0.22147077 -0.31115229 -0.22167932 -0.40122952 -1.04284635
 -0.24769827  0.        ]","[ 0.         -0.82190412  9.64513969  0.63684577 -5.33933926 -3.62273765
 -2.05914426 -0.34331298]"
1746810084.1277907,"[ 0.          0.40814478  0.52543096  2.89077854 -2.10534789  0.78657029
  1.37738359  1.56949497]","[ 0.         -0.22256032 -0.31066037 -0.22175002 -0.40014871 -1.03906499
 -0.23714559  0.        ]","[ 0.         -0.80725342  9.57775688  0.62263143 -5.26668596 -3.48235703
 -2.0886147  -0.33540657]"
1746810084.1289847,"[ 0.          0.40792624  0.52512517  2.89055883 -2.10574097  0.78554763
  1.37715056  1.56949497]","[ 0.         -0.22175002 -0.31007191 -0.22283042 -0.39866386 -1.03612346
 -0.23633529  0.        ]","[ 0.         -0.82259059  9.66931152  0.6297617  -5.32318878 -3.48617172
 -2.08726263 -0.32858267]"
1746810084.1306987,"[ 0.          0.40747483  0.52451214  2.89011009 -2.10655589  0.78342429
  1.37667013  1.56949497]","[ 0.         -0.21967317 -0.3106121  -0.21742846 -0.39771877 -1.03642606
 -0.2337162   0.        ]","[ 0.         -0.75995845  9.64540958  0.62871629 -5.43919325 -3.72998047
 -2.13747525 -0.33971226]"
1746810084.1318412,"[ 0.          0.40725995  0.52418244  2.88989943 -2.10694711  0.7824045
  1.37643803  1.56949497]","[ 0.         -0.21796867 -0.31045135 -0.21364711 -0.39677319 -1.03420326
 -0.23552501  0.        ]","[ 0.         -0.6696493   9.56044292  0.65943027 -5.48524046 -3.868397
 -2.13696909 -0.33192945]"
1746810084.134197,"[ 0.          0.40683244  0.52357035  2.8894672  -2.10773141  0.78036392
  1.37596798  1.56949497]","[ 0.         -0.21661818 -0.30948791 -0.21114705 -0.39772031 -1.03231254
 -0.24119704  0.        ]","[ 0.         -0.63862532  9.54245472  0.65864491 -5.67820501 -3.80784345
 -2.07250786 -0.34615791]"
1746810084.135349,"[ 0.          0.40639299  0.52295915  2.88905254 -2.10854608  0.77825583
  1.37546957  1.56949497]","[ 0.         -0.21418729 -0.3106121  -0.21019275 -0.39758349 -1.02745081
 -0.24497841  0.        ]","[ 0.         -0.65765929  9.49328899  0.59121162 -5.84290934 -3.74867702
 -2.06864691 -0.35566172]"
1746810084.137122,"[ 0.          0.4061813   0.52262945  2.88884642 -2.10893836  0.77724363
  1.37523082  1.56949497]","[ 0.         -0.2147275  -0.31045135 -0.20926769 -0.3978536  -1.02560031
 -0.24200734  0.        ]","[ 0.         -0.6774351   9.52363396  0.57841933 -5.89479494 -3.59250188
 -2.06560946 -0.3370578 ]"
1746810084.1394799,"[ 0.          0.40574278  0.52201876  2.88841898 -2.10981481  0.77516031
  1.37472282  1.56949497]","[ 0.         -0.21315319 -0.3106121  -0.20797505 -0.39893397 -1.01485998
 -0.24901309  0.        ]","[ 0.         -0.70850891  9.44045258  0.5111798  -5.91852427 -3.60553122
 -2.06537938 -0.33196357]"
1746810084.140587,"[ 0.          0.40532629  0.52138046  2.88800965 -2.1106047   0.77316733
  1.37422428  1.56949497]","[ 0.         -0.21013584 -0.31220674 -0.20689466 -0.40055454 -1.00908419
 -0.25551221  0.        ]","[ 0.         -0.73240513  9.42571545  0.45888868 -5.94670343 -3.79382586
 -2.01219964 -0.34501091]"
1746810084.1429887,"[ 0.          0.40489649  0.52076148  2.88759153 -2.11142149  0.77111343
  1.37369258  1.56949497]","[ 0.         -0.20894415 -0.31439346 -0.20284321 -0.39771877 -1.00056613
 -0.25979612  0.        ]","[ 0.         -0.7739954   9.35791111  0.37913984 -5.92305613 -3.83548403
 -1.96975136 -0.35842437]"
1746810084.1441848,"[ 0.          0.40469353  0.52045245  2.8873926  -2.11181377  0.77013073
  1.37343465  1.56949497]","[ 0.         -0.20581428 -0.31331308 -0.20176282 -0.39745046 -0.99665968
 -0.26145436  0.        ]","[ 0.         -0.76194751  9.29941082  0.38837048 -5.869977   -3.82506371
 -1.99555719 -0.33731294]"
1746810084.1459856,"[ 0.          0.4042867   0.51981462  2.88697981 -2.1126311   0.76817863
  1.37292958  1.56949497]","[ 0.         -0.20635447 -0.3101593  -0.20136707 -0.39947416 -0.98909696
 -0.25389163  0.        ]","[ 0.         -0.81645191  9.3117075   0.32435355 -5.76258278 -3.75116253
 -2.04581547 -0.36295167]"
1746810084.147745,"[ 0.          0.40386149  0.51919977  2.88657767 -2.11341939  0.76616761
  1.37242638  1.56949497]","[ 0.         -0.20770496 -0.31169248 -0.20440099 -0.39906943 -0.98000313
 -0.24308774  0.        ]","[ 0.         -0.89782518  9.17863941  0.26770413 -5.68003321 -3.67821717
 -2.053262   -0.38490617]"
1746810084.1489456,"[ 0.          0.40365669  0.51889167  2.8863742  -2.11381168  0.76520774
  1.37219042  1.56949497]","[ 0.         -0.20770496 -0.31250278 -0.2061454  -0.3978536  -0.97244502
 -0.23930636  0.        ]","[ 0.         -0.90412748  9.11713314  0.23834915 -5.72395992 -3.75394082
 -2.0523963  -0.36397442]"
1746810084.1506677,"[ 0.          0.40323145  0.51824832  2.8859457  -2.11462714  0.76328421
  1.37170999  1.56949497]","[ 0.         -0.20769149 -0.31439346 -0.21013584 -0.39812367 -0.97532196
 -0.23296389  0.        ]","[ 0.         -0.94551504  9.02352142  0.19172652 -5.76216984 -3.75690198
 -1.96290994 -0.32491297]"
1746810084.1518538,"[ 0.          0.40302805  0.51793793  2.88573957 -2.11501969  0.7622501
  1.37148069  1.56949497]","[ 0.         -0.20635447 -0.31461457 -0.20905545 -0.39812367 -0.97373392
 -0.23231831  0.        ]","[ 0.         -0.93420696  9.00152397  0.20865373 -5.72821045 -3.65624475
 -1.91993642 -0.34458742]"
1746810084.1535988,"[ 0.          0.40262348  0.51731848  2.88533264 -2.11541277  0.76033515
  1.37102702  1.56949497]","[ 0.         -0.20392359 -0.31439346 -0.20554417 -0.39866386 -0.96964996
 -0.22850247  0.        ]","[ 0.         -0.91936922  8.98478794  0.20273761 -5.7838397  -3.42652369
 -1.90261316 -0.3412756 ]"
1746810084.1553555,"[ 0.          0.4024095   0.51698555  2.88511639 -2.11583435  0.75937815
  1.37079013  1.56949497]","[ 0.         -0.20161784 -0.31346059 -0.20362398 -0.39659302 -0.97073034
 -0.22318393  0.        ]","[ 0.         -0.94612437  8.94325161  0.17385317 -5.73431253 -3.42355227
 -1.95468056 -0.34019372]"
1746810084.1569943,"[ 0.          0.40201921  0.51636337  2.88472091 -2.11661678  0.75739749
  1.37035058  1.56949497]","[ 0.         -0.19663097 -0.31628414 -0.19906184 -0.39677319 -0.96370778
 -0.22202013  0.        ]","[ 0.         -0.97193593  8.97843838  0.13667774 -5.68956232 -3.42367482
 -2.00955415 -0.33544308]"
1746810084.1581109,"[ 0.          0.4018245   0.51605111  2.88452677 -2.11700667  0.75644714
  1.37013087  1.56949497]","[ 0.         -0.1972412  -0.31655425 -0.19690106 -0.3954227  -0.96370778
 -0.22260465  0.        ]","[ 0.         -0.98491627  9.05115891  0.15069747 -5.68542385 -3.36948276
 -2.02381992 -0.34659177]"
1746810084.1599445,"[ 0.          0.40142227  0.51540456  2.88412916 -2.11782133  0.7544732
  1.36967041  1.56949497]","[ 0.         -0.19663097 -0.31439346 -0.1936599  -0.3978536  -0.96586861
 -0.22580149  0.        ]","[ 0.         -1.05262816  9.10437489  0.13164905 -5.63317585 -3.57239461
 -2.04180479 -0.33446205]"
1746810084.1617274,"[ 0.          0.4010393   0.51478697  2.88374193 -2.1186336   0.7525763
  1.36921288  1.56949497]","[ 0.         -0.19474028 -0.31196259 -0.19717116 -0.39696646 -0.96003315
 -0.23228382  0.        ]","[ 0.         -1.10481489  9.20270157  0.09986994 -5.64730501 -3.49655962
 -2.00108027 -0.34050238]"
1746810084.1635013,"[ 0.          0.40063843  0.51415098  2.88333607 -2.1194155   0.75062227
  1.36872765  1.56949497]","[ 0.         -0.196167   -0.3106121  -0.19852165 -0.396233   -0.95216784
 -0.23822597  0.        ]","[ 0.         -1.1875701   9.22755146  0.05366997 -5.63662052 -3.3171854
 -1.94550455 -0.34131151]"
1746810084.1652172,"[ 0.          0.40044648  0.51384285  2.88314139 -2.11980645  0.74968524
  1.36849462  1.56949497]","[ 0.         -0.19474028 -0.31218616 -0.19744125 -0.39650311 -0.95020289
 -0.23609584  0.        ]","[ 0.00000000e+00 -1.24009526e+00  9.20218277e+00 -9.07700881e-03
 -5.65402222e+00 -3.32898688e+00 -1.94360209e+00 -3.18308532e-01]"
1746810084.166949,"[ 0.          0.40006628  0.51320459  2.88273313 -2.12061818  0.74782449
  1.36802084  1.56949497]","[ 0.         -0.19230941 -0.31115229 -0.20055286 -0.396233   -0.93871701
 -0.22920238  0.        ]","[ 0.         -1.31406903  9.2174778  -0.03706143 -5.57588434 -3.53690243
 -2.02266264 -0.31923014]"
1746810084.1680822,"[ 0.          0.39986192  0.51289786  2.88253472 -2.12100914  0.74682947
  1.36779727  1.56949497]","[ 0.         -0.1923394  -0.31115229 -0.20101874 -0.39610137 -0.93687098
 -0.22688188  0.        ]","[ 0.         -1.36042118  9.24882984 -0.03015319 -5.44782495 -3.65933156
 -2.04000545 -0.3334856 ]"
1746810084.169826,"[ 0.          0.39948538  0.51228667  2.88213711 -2.12178678  0.74498962
  1.36735492  1.56949497]","[ 0.         -0.19076544 -0.30926161 -0.20068242 -0.39380213 -0.93291671
 -0.22260465  0.        ]","[ 0.         -1.39647889  9.29753113 -0.05277599 -5.37017488 -3.66400123
 -2.1249373  -0.33055109]"
1746810084.1720846,"[ 0.          0.39909416  0.51165436  2.88172539 -2.12259185  0.74295383
  1.36690112  1.56949497]","[ 0.         -0.19108557 -0.3098018  -0.20186861 -0.39272172 -0.92427356
 -0.22224554  0.        ]","[ 0.         -1.47657049  9.32665062 -0.04693041 -5.40640354 -3.62838101
 -2.12022233 -0.33025119]"
1746810084.1732492,"[ 0.          0.39871716  0.51102253  2.88132032 -2.12339826  0.7412843
  1.3664597   1.56949497]","[ 0.         -0.19149911 -0.30744214 -0.20581428 -0.39358665 -0.91472406
 -0.22472109  0.        ]","[ 0.         -1.53763771  9.39436626 -0.06803413 -5.47500277 -3.59994555
 -2.0921731  -0.36515418]"
1746810084.1750743,"[ 0.          0.39852891  0.51071993  2.88111499 -2.12378522  0.74018268
  1.36622281  1.56949497]","[ 0.         -0.19095892 -0.30683075 -0.20824515 -0.39285008 -0.90806543
 -0.22318393  0.        ]","[ 0.         -1.53641129  9.33273506 -0.10218848 -5.5447526  -3.55499864
 -2.13795781 -0.36456677]"
1746810084.176778,"[ 0.          0.39813629  0.51011839  2.88068702 -2.12455727  0.73840562
  1.36577766  1.56949497]","[ 0.         -0.19208863 -0.30328195 -0.20905545 -0.39002074 -0.90013227
 -0.22711221  0.        ]","[ 0.         -1.54580426  9.34313488 -0.08294981 -5.52150202 -3.70688033
 -2.18875337 -0.34507808]"
1746810084.1785188,"[ 0.          0.39794804  0.50979694  2.88048143 -2.12494049  0.73752378
  1.3655513   1.56949497]","[ 0.         -0.19095892 -0.30267755 -0.20851524 -0.38867025 -0.89429276
 -0.22935023  0.        ]","[ 0.         -1.54330575  9.45212269 -0.05444518 -5.48286009 -3.65831304
 -2.15847921 -0.34017867]"
1746810084.1797097,"[ 0.          0.39757563  0.50920366  2.88005372 -2.12573811  0.73569539
  1.36506607  1.56949497]","[ 0.         -0.18825794 -0.3008886  -0.20838859 -0.38881613 -0.88862069
 -0.23930636  0.        ]","[ 0.         -1.55082476  9.47255898 -0.03266432 -5.47956991 -3.79174519
 -2.11513782 -0.34591791]"
1746810084.181526,"[ 0.          0.39719084  0.50861317  2.87964892 -2.1265051   0.73395448
  1.36458763  1.56949497]","[ 0.         -0.18771775 -0.29980819 -0.20392359 -0.38948055 -0.87989544
 -0.24392072  0.        ]","[ 0.         -1.53958523  9.435812   -0.03280777 -5.46154976 -3.65015078
 -2.0518868  -0.32381865]"
1746810084.1832395,"[ 0.          0.39700668  0.50829449  2.87944919 -2.12691603  0.73302317
  1.36432504  1.56949497]","[ 0.         -0.18690745 -0.29988748 -0.2025731  -0.38693573 -0.87693734
 -0.24749076  0.        ]","[ 0.         -1.55586302  9.35748291 -0.03520394 -5.54053593 -3.58453441
 -2.05856133 -0.32761848]"
1746810084.184439,"[ 0.          0.39660121  0.50770396  2.87903533 -2.12767929  0.73129558
  1.36383888  1.56949497]","[ 0.         -0.18501678 -0.29923461 -0.20182821 -0.38758987 -0.8751158
 -0.24605881  0.        ]","[ 0.         -1.52093017  9.31266975 -0.04184221 -5.64471388 -3.5967803
 -2.08276391 -0.31504467]"
1746810084.1886396,"[ 0.          0.39644695  0.50740915  2.87883506 -2.12806065  0.73043937
  1.36359534  1.56949497]","[ 0.         -0.18488853 -0.29899789 -0.2031133  -0.38638769 -0.86836335
 -0.24686909  0.        ]","[ 0.         -1.53176057  9.37744904 -0.05204537 -5.64418983 -3.64182138
 -2.06847334 -0.3253189 ]"
1746810084.1909747,"[ 0.          0.39566771  0.50620104  2.87799989 -2.12960449  0.72780711
  1.36262315  1.56949497]","[ 0.         -0.18752755 -0.29264678 -0.21148632 -0.38083743 -0.86755309
 -0.23714559  0.        ]","[ 0.         -1.56044877  9.4592514  -0.05777129 -5.5975666  -3.87373281
 -1.97242999 -0.32568681]"
1746810084.1927629,"[ 0.          0.39509599  0.50533868  2.87735008 -2.13075977  0.72518249
  1.36193339  1.56949497]","[ 0.         -0.18906823 -0.29116507 -0.2147275  -0.38083743 -0.86161098
 -0.21985934  0.        ]","[ 0.         -1.43968046  9.34933376  0.0197748  -5.6158762  -3.57422709
 -2.03262663 -0.31304547]"
1746810084.1945362,"[ 0.          0.39472588  0.50474126  2.87692584 -2.13151025  0.72348726
  1.36149863  1.56949497]","[ 0.         -0.18806719 -0.29189447 -0.21526769 -0.37948694 -0.86053053
 -0.20964243  0.        ]","[ 0.         -1.36153758  9.1972599   0.01797426 -5.73392677 -3.60809064
 -2.05332637 -0.3087869 ]"
1746810084.1968594,"[ 0.          0.39434568  0.50416729  2.87648882 -2.13228896  0.72169881
  1.36108584  1.56949497]","[ 0.         -0.18563879 -0.29116507 -0.21295267 -0.38083743 -0.87889716
 -0.20830399  0.        ]","[ 0.         -1.30496848  9.19995594  0.08730465 -5.88799763 -3.66870904
 -2.03283954 -0.31227657]"
1746810084.1985776,"[ 0.          0.39416385  0.50356758  2.8760675  -2.13306953  0.7199322
  1.36064921  1.56949497]","[ 0.         -0.18447657 -0.29364986 -0.21337701 -0.38202933 -0.90212558
 -0.21490858  0.        ]","[ 0.         -1.32306957  9.27679443  0.14120781 -5.96344042 -3.76285052
 -1.99085593 -0.31109583]"
1746810084.2009058,"[ 0.          0.39378548  0.50298578  2.87562542 -2.1338272   0.71804482
  1.36021352  1.56949497]","[ 0.         -0.18406405 -0.29575672 -0.21616241 -0.38461882 -0.92711462
 -0.22283042  0.        ]","[ 0.         -1.23949742  9.3979969   0.15980053 -5.97031403 -3.9512291
 -1.95242    -0.32671905]"
1746810084.2027333,"[ 0.          0.39342499  0.50237874  2.87519931 -2.1345878   0.71618693
  1.35975972  1.56949497]","[ 0.         -0.18132161 -0.2966591  -0.21553778 -0.38623938 -0.94831225
 -0.23255393  0.        ]","[ 0.         -1.23509884  9.46131325  0.12952332 -5.96315765 -3.76336312
 -1.97465873 -0.30570817]"
1746810084.2050757,"[ 0.          0.39305305  0.50179694  2.87475883 -2.13538115  0.71421586
  1.35927076  1.56949497]","[ 0.         -0.18155636 -0.29521653 -0.2154101  -0.38840017 -0.96856952
 -0.24119704  0.        ]","[ 0.         -1.22725654  9.4991436   0.1376283  -6.00052929 -3.59870982
 -2.0044508  -0.2905449 ]"
1746810084.2074225,"[ 0.          0.39269306  0.5011977   2.87433645 -2.1361516   0.71228946
  1.3587874   1.56949497]","[ 0.         -0.1820457  -0.29239601 -0.21364711 -0.39164134 -0.9791906
 -0.24794949  0.        ]","[ 0.         -1.21798968  9.48565865  0.11279082 -6.09424686 -3.81118989
 -2.03223658 -0.30573538]"
1746810084.2091663,"[ 0.          0.39232341  0.50061683  2.87390448 -2.13695907  0.71025647
  1.35826515  1.56949497]","[ 0.         -0.17904868 -0.29545708 -0.21121622 -0.39515262 -0.99665968
 -0.25704639  0.        ]","[ 0.         -1.20141315  9.4889431   0.06789379 -6.15708399 -3.97675705
 -2.07286239 -0.3079589 ]"
1746810084.2115579,"[ 0.          0.39196938  0.50001252  2.87347918 -2.13773911  0.70827302
  1.35774863  1.56949497]","[ 0.         -0.17934472 -0.29490371 -0.21720817 -0.396233   -1.00827385
 -0.26334504  0.        ]","[ 0.         -1.18402314  9.5840168   0.05526238 -6.08416605 -3.87599754
 -2.10314107 -0.32518896]"
1746810084.2132292,"[ 0.          0.39161764  0.49943442  2.87302511 -2.13855005  0.70619349
  1.357214    1.56949497]","[ 0.         -0.17799424 -0.29251556 -0.22310051 -0.39646492 -1.0166961
 -0.26130545  0.        ]","[ 0.         -1.12303054  9.68319988  0.03477091 -5.94354963 -3.74212623
 -2.12553382 -0.32230848]"
1746810084.2150693,"[ 0.          0.39125259  0.49886087  2.87254228 -2.13933355  0.70417574
  1.35670694  1.56949497]","[ 0.         -0.17808372 -0.28979078 -0.22823237 -0.39731337 -1.02474983
 -0.25741191  0.        ]","[ 0.         -1.11892176  9.68676949  0.01117638 -5.79699564 -3.80031085
 -2.18519425 -0.32604134]"
1746810084.2174356,"[ 0.          0.39090038  0.49826349  2.87207436 -2.14011732  0.70206765
  1.35617417  1.56949497]","[ 0.         -0.17880454 -0.29197537 -0.22877256 -0.3978536  -1.03123217
 -0.26255458  0.        ]","[ 0.         -1.13065708  9.55556774  0.01426925 -5.70286751 -3.8738296
 -2.16771078 -0.32030511]"
1746810084.2191665,"[ 0.          0.39053074  0.49768672  2.87163041 -2.14093011  0.70001282
  1.35564713  1.56949497]","[ 0.         -0.1815055  -0.29143518 -0.22440851 -0.3978536  -1.04475783
 -0.26928718  0.        ]","[ 0.         -1.06445599  9.47828293  0.07186358 -5.62305212 -3.836936
 -2.07301426 -0.31721181]"
1746810084.22151,"[ 0.          0.39016845  0.4970898   2.87117394 -2.14171441  0.69786479
  1.3550888   1.56949497]","[ 0.         -0.18393638 -0.29116507 -0.22256032 -0.3978536  -1.05067917
 -0.27207836  0.        ]","[ 0.         -1.05864966  9.44417572  0.09883829 -5.58738041 -3.70706367
 -2.06294274 -0.33211163]"
1746810084.2232723,"[ 0.          0.38979787  0.49652085  2.87073506 -2.14252561  0.6956977
  1.35455324  1.56949497]","[ 0.         -0.18015502 -0.2879239  -0.22202013 -0.39569281 -1.0597475
 -0.27009748  0.        ]","[ 0.         -1.02737367  9.40726757  0.10913137 -5.52653313 -3.51784086
 -2.06060529 -0.3152459 ]"
1746810084.2250807,"[ 0.          0.389442    0.49593126  2.87027486 -2.14332936  0.69361052
  1.35400236  1.56949497]","[ 0.         -0.18069521 -0.28819401 -0.22557271 -0.39170033 -1.0604027
 -0.26782071  0.        ]","[ 0.         -0.94688755  9.35744476  0.11792785 -5.53346443 -3.54653621
 -2.08149147 -0.31537905]"
1746810084.2273688,"[ 0.          0.38908015  0.49536048  2.86983145 -2.14410434  0.69143112
  1.35347346  1.56949497]","[ 0.         -0.17553792 -0.2895445  -0.22472109 -0.39299183 -1.06576551
 -0.26766798  0.        ]","[ 0.         -0.94878143  9.259202    0.11884812 -5.61628675 -3.67992091
 -2.07096171 -0.31172022]"
1746810084.2291539,"[ 0.          0.38873896  0.49476536  2.86959389 -2.14488011  0.68932869
  1.35292738  1.56949497]","[ 0.         -0.17286239 -0.29116507 -0.22368546 -0.39326194 -1.06418406
 -0.26606534  0.        ]","[ 0.         -0.93955386  9.26602173  0.13688993 -5.63815117 -3.71866012
 -2.08545136 -0.3057006 ]"
1746810084.2315102,"[ 0.          0.38838449  0.49419368  2.86915261 -2.14568252  0.68714736
  1.35241938  1.56949497]","[ 0.         -0.17328101 -0.2895445  -0.22364072 -0.39124453 -1.06401175
 -0.25551221  0.        ]","[ 0.         -0.99393004  9.23127174  0.09350242 -5.7275672  -3.81111979
 -2.10696602 -0.33387244]"
1746810084.2332306,"[ 0.          0.38804148  0.4936004   2.86869481 -2.14645511  0.68505165
  1.35190473  1.56949497]","[ 0.         -0.17421288 -0.2893651  -0.22368546 -0.39164134 -1.06121297
 -0.24901309  0.        ]","[ 0.         -1.03566289  9.29761219  0.07406998 -5.78051662 -3.82082939
 -2.15823364 -0.32392982]"
1746810084.2356207,"[ 0.          0.38768375  0.49303148  2.86825272 -2.14725805  0.68288264
  1.3514167   1.56949497]","[ 0.         -0.17537279 -0.28866879 -0.22499119 -0.39218153 -1.05799214
 -0.24686909  0.        ]","[ 0.         -1.10383439  9.28641987  0.04680484 -5.90905905 -3.89499497
 -2.21199107 -0.31402153]"
1746810084.2374015,"[ 0.          0.38733661  0.49243866  2.86778427 -2.14803276  0.68080311
  1.35091629  1.56949497]","[ 0.         -0.17610356 -0.28927439 -0.22995467 -0.39259365 -1.05175955
 -0.24475001  0.        ]","[ 0.00000000e+00 -1.10344422e+00  9.21599483e+00  3.06543917e-03
 -6.06319952e+00 -3.88439655e+00 -2.15784168e+00 -3.14206749e-01]"
1746810084.2391999,"[ 0.          0.38697798  0.4918247   2.8673334  -2.14883997  0.67865694
  1.35044158  1.56949497]","[ 0.         -0.17487173 -0.28925019 -0.22769217 -0.3954227  -1.04447021
 -0.2390639   0.        ]","[ 0.         -1.1233331   9.18967915  0.01215199 -6.20736265 -3.77368379
 -2.1004951  -0.31494868]"
1746810084.2415314,"[ 0.          0.38663313  0.49123098  2.86687001 -2.1496256   0.67660783
  1.34995556  1.56949497]","[ 0.         -0.17421288 -0.28927439 -0.22580149 -0.39893397 -1.03504415
 -0.23647466  0.        ]","[ 0.         -1.11703479  9.19302082  0.03185327 -6.19098425 -3.81645107
 -2.13847852 -0.30875072]"
1746810084.2432914,"[ 0.          0.38627773  0.4906602   2.86643006 -2.15044346  0.67449022
  1.34948458  1.56949497]","[ 0.         -0.17328101 -0.2895445  -0.22175002 -0.39959943 -1.03366756
 -0.23930636  0.        ]","[ 0.         -1.14398289  9.2212553   0.02226751 -6.11969376 -3.88939142
 -2.21454048 -0.32279643]"
1746810084.2451544,"[ 0.          0.38592919  0.49006235  2.86598371 -2.15123202  0.67245636
  1.34901093  1.56949497]","[ 0.         -0.17745405 -0.29197537 -0.21791778 -0.40001435 -1.02937787
 -0.24119704  0.        ]","[ 0.         -1.13461804  9.23418236  0.02475902 -5.93558788 -4.0217905
 -2.19294381 -0.32990775]"
1746810084.2474678,"[ 0.          0.38556231  0.48948468  2.86555175 -2.15205254  0.67043676
  1.34851146  1.56949497]","[ 0.         -0.1795268  -0.29332586 -0.21931916 -0.40047724 -1.02258901
 -0.24416811  0.        ]","[ 0.00000000e+00 -1.17917633e+00  9.21861172e+00  5.27344411e-03
 -5.74074078e+00 -3.87561822e+00 -2.12507129e+00 -3.33104879e-01]"
1746810084.2491875,"[ 0.          0.38520505  0.48888224  2.86509768 -2.1528419   0.66834005
  1.34797017  1.56949497]","[ 0.         -0.1820457  -0.29332586 -0.22218086 -0.39960905 -1.02366946
 -0.24679211  0.        ]","[ 0.00000000e+00 -1.23789978e+00  9.01661587e+00 -8.44190829e-03
 -5.60280228e+00 -3.69859576e+00 -2.12727356e+00 -3.31582427e-01]"
1746810084.251047,"[ 0.          0.38482668  0.48859432  2.86465772 -2.15363126  0.66633183
  1.34747735  1.56949497]","[ 0.         -0.18456559 -0.29197537 -0.22314429 -0.40001435 -1.01885473
 -0.25087071  0.        ]","[ 0.00000000e+00 -1.17478728e+00  8.88311100e+00  4.31328127e-03
 -5.53586197e+00 -3.81005073e+00 -2.10782599e+00 -3.43213350e-01]"
1746810084.2533238,"[ 0.          0.38446622  0.48799461  2.86419673 -2.15445311  0.66424564
  1.34696456  1.56949497]","[ 0.         -0.18132161 -0.29314832 -0.22519008 -0.40190503 -1.02069837
 -0.25011026  0.        ]","[ 0.00000000e+00 -1.16411817e+00  8.77386951e+00  6.98020170e-03
 -5.52268839e+00 -3.86630130e+00 -2.04635954e+00 -3.45755190e-01]"
1746810084.2551565,"[ 0.          0.38409657  0.48741421  2.86375571 -2.1552462   0.66224028
  1.34648333  1.56949497]","[ 0.         -0.17997248 -0.29440623 -0.22310051 -0.40190503 -1.01691701
 -0.24308774  0.        ]","[ 0.         -1.14592838  8.77314854  0.04394886 -5.45586967 -3.68964243
 -2.03242445 -0.32831025]"
1746810084.2575088,"[ 0.          0.38374573  0.48680714  2.86329898 -2.15606726  0.66016741
  1.34599996  1.56949497]","[ 0.         -0.17799424 -0.29656702 -0.22293316 -0.39947416 -1.01286554
 -0.2337162   0.        ]","[ 0.         -1.04141676  8.81883049  0.059742   -5.35219097 -3.52748728
 -2.08895063 -0.32432511]"
1746810084.2593164,"[ 0.          0.38338391  0.48622351  2.86285982 -2.15685555  0.65817629
  1.34555295  1.56949497]","[ 0.         -0.17592513 -0.29575672 -0.22229023 -0.40001435 -1.00908419
 -0.22472109  0.        ]","[ 0.         -1.05778146  8.87059593  0.09211727 -5.28660965 -3.80604935
 -2.15856433 -0.32426232]"
1746810084.261026,"[ 0.          0.3830386   0.48561877  2.86241907 -2.15767714  0.65610908
  1.34509915  1.56949497]","[ 0.         -0.17475307 -0.29491743 -0.22418091 -0.40136484 -1.00908419
 -0.21962921  0.        ]","[ 0.         -1.0469141   8.87709522  0.09086391 -5.3252368  -4.13045406
 -2.08392715 -0.30992821]"
1746810084.2633755,"[ 0.          0.38267674  0.48503191  2.86196367 -2.15849952  0.65412376
  1.34466812  1.56949497]","[ 0.         -0.17679177 -0.2984577  -0.22202013 -0.40072801 -1.00428424
 -0.21904906  0.        ]","[ 0.         -1.04201448  8.86792088  0.0508706  -5.4711628  -3.97824407
 -1.96317315 -0.31158444]"
1746810084.2651727,"[ 0.          0.38232547  0.48441935  2.86151493 -2.15929208  0.65206794
  1.34421724  1.56949497]","[ 0.         -0.17916301 -0.29916677 -0.21892086 -0.40271533 -1.00232156
 -0.22218086  0.        ]","[ 0.         -1.02481687  8.86525631  0.0167754  -5.58608913 -3.8095336
 -1.97692466 -0.33094645]"
1746810084.2675622,"[ 0.          0.38195995  0.48383482  2.86108829 -2.16011872  0.65010445
  1.3439994   1.56949497]","[ 0.         -0.17837918 -0.29626655 -0.21526769 -0.40385849 -0.99287832
 -0.22071588  0.        ]","[ 0.         -1.03777385  8.88956738  0.01553554 -5.62356138 -3.87989044
 -1.99951577 -0.32060549]"
1746810084.269299,"[ 0.          0.38160821  0.48323098  2.8606494  -2.16091341  0.64815715
  1.34355039  1.56949497]","[ 0.         -0.17934472 -0.29440217 -0.21370426 -0.4023073  -0.98612587
 -0.2194224   0.        ]","[ 0.00000000e+00 -1.05330622e+00  8.88578129e+00  1.63965335e-03
 -5.63797426e+00 -3.97228408e+00 -2.10436010e+00 -3.28172058e-01]"
1746810084.2710917,"[ 0.          0.38123997  0.48264918  2.86022223 -2.16170756  0.6461404
  1.3431147   1.56949497]","[ 0.         -0.17955022 -0.29629694 -0.21796867 -0.40298544 -0.98315479
 -0.21985934  0.        ]","[ 0.         -1.03386629  8.83045673  0.00997043 -5.65238285 -4.00564766
 -2.09501004 -0.35443884]"
1746810084.27344,"[ 0.          0.38088913  0.48204214  2.85976816 -2.16253634  0.64421114
  1.34265903  1.56949497]","[ 0.         -0.17808372 -0.29615756 -0.2226824  -0.40555752 -0.97721267
 -0.22318393  0.        ]","[ 0.         -1.02964151  8.81261635  0.01795193 -5.68613863 -3.95554876
 -2.03301907 -0.33699214]"
1746810084.2752278,"[ 0.          0.38052041  0.48145851  2.85932874 -2.16336245  0.64221624
  1.34221854  1.56949497]","[ 0.         -0.18080405 -0.29521653 -0.22233482 -0.40298491 -0.97343132
 -0.22391081  0.        ]","[ 0.         -0.99715364  8.8490963   0.03071833 -5.65067053 -3.93628359
 -1.99710166 -0.34010804]"
1746810084.2770343,"[ 0.          0.38016638  0.48085604  2.85886908 -2.16415448  0.64030695
  1.34176474  1.56949497]","[ 0.         -0.17880454 -0.29332586 -0.22443777 -0.40109476 -0.96775925
 -0.21967317  0.        ]","[ 0.         -0.92676383  8.87548733  0.0453234  -5.668118   -3.8838563
 -2.04211378 -0.34829941]"
1746810084.2794156,"[ 0.          0.37979993  0.48027747  2.85843525 -2.16497686  0.63832636
  1.34134529  1.56949497]","[ 0.         -0.17862336 -0.29332586 -0.21877895 -0.40122952 -0.96775925
 -0.21013584  0.        ]","[ 0.         -0.87348646  8.84522533  0.10609341 -5.6550746  -3.86839199
 -2.12594151 -0.33051303]"
1746810084.2811303,"[ 0.          0.37944912  0.47967639  2.85799263 -2.16576436  0.63634097
  1.34094755  1.56949497]","[ 0.         -0.17745405 -0.29264678 -0.21616241 -0.39866386 -0.96746471
 -0.19879174  0.        ]","[ 0.         -0.85524541  8.81411362  0.1410989  -5.7051549  -3.85665441
 -2.20295668 -0.33036351]"
1746810084.2834983,"[ 0.          0.37908863  0.47909872  2.85756546 -2.16654813  0.63442696
  1.34055753  1.56949497]","[ 0.         -0.17553792 -0.29251556 -0.21661818 -0.39677319 -0.96964996
 -0.18906823  0.        ]","[ 0.         -0.85104585  8.73139763  0.16310526 -5.77828646 -3.65234494
 -2.16940951 -0.31639272]"
1746810084.2852516,"[ 0.          0.37874748  0.47850177  2.85713988 -2.16736332  0.63251194
  1.34019321  1.56949497]","[ 0.         -0.17160794 -0.29111883 -0.21553778 -0.39866386 -0.97073034
 -0.18420648  0.        ]","[ 0.         -0.86239439  8.72131157  0.15431501 -5.83264685 -3.53676128
 -2.15168452 -0.31932393]"
1746810084.2870407,"[ 0.          0.37839757  0.47792826  2.85670046 -2.16814842  0.63053135
  1.33981744  1.56949497]","[ 0.         -0.17002101 -0.29033043 -0.21418729 -0.39772031 -0.96667887
 -0.18528687  0.        ]","[ 0.         -0.87411815  8.74741268  0.15083173 -5.81939459 -3.6355629
 -2.17668176 -0.3024663 ]"
1746810084.2893384,"[ 0.          0.37805915  0.47733314  2.85628155 -2.16896042  0.62854976
  1.33945698  1.56949497]","[ 0.         -0.171782   -0.29062488 -0.21127205 -0.39571261 -0.96830833
 -0.1815055   0.        ]","[ 0.         -0.86764324  8.79335117  0.14160466 -5.82783461 -3.80532694
 -2.19006968 -0.29571736]"
1746810084.2911346,"[ 0.          0.37772116  0.47675916  2.85585278 -2.16973859  0.62664433
  1.33908493  1.56949497]","[ 0.         -0.17114528 -0.29116507 -0.20851524 -0.39353202 -0.96370778
 -0.18132161  0.        ]","[ 0.         -0.90482724  8.91356564  0.12578146 -5.91180182 -3.74530411
 -2.16113353 -0.30718604]"
1746810084.2934797,"[ 0.          0.37737036  0.47616588  2.85543759 -2.17054606  0.62467699
  1.33872341  1.56949497]","[ 0.         -0.17232219 -0.28911457 -0.21148632 -0.39458876 -0.95944013
 -0.18401984  0.        ]","[ 0.         -0.91290087  8.956954    0.12061835 -6.02732277 -3.61050367
 -2.14208245 -0.30083549]"
1746810084.2953155,"[ 0.          0.37702598  0.47559696  2.8550027  -2.17132237  0.62278774
  1.33833246  1.56949497]","[ 0.         -0.17610356 -0.2879239  -0.2139172  -0.39380213 -0.95614507
 -0.19392999  0.        ]","[ 0.         -0.94064182  8.96619987  0.08309753 -6.04021263 -3.87787819
 -2.17341113 -0.32852873]"
1746810084.297066,"[ 0.          0.37666595  0.47501193  2.85457606 -2.17209762  0.62084037
  1.33793192  1.56949497]","[ 0.         -0.17484583 -0.28537452 -0.21661818 -0.39272172 -0.94940941
 -0.20635447  0.        ]","[ 0.         -0.96024221  8.92807484  0.06794214 -6.0133357  -4.05098295
 -2.1669383  -0.32426304]"
1746810084.299342,"[ 0.          0.37630826  0.47444807  2.85413398 -2.17290349  0.61897297
  1.33749063  1.56949497]","[ 0.         -0.17478561 -0.28578288 -0.2147275  -0.39366118 -0.94453089
 -0.21877895  0.        ]","[ 0.         -0.91028368  8.81437492  0.04475776 -5.93732786 -4.01402235
 -2.08446932 -0.29528889]"
1746810084.3010588,"[ 0.          0.37596614  0.47386121  2.85371346 -2.17367847  0.61704943
  1.33705108  1.56949497]","[ 0.         -0.17340258 -0.28662834 -0.21197141 -0.39245164 -0.93787406
 -0.22364072  0.        ]","[ 0.         -0.9031195   8.70157528  0.03189871 -5.88509369 -3.94648218
 -2.04238605 -0.29325485]"
1746810084.303417,"[ 0.          0.37562958  0.47329366  2.85328576 -2.17447529  0.61521152
  1.33659914  1.56949497]","[ 0.         -0.16989132 -0.2879239  -0.20770496 -0.38813006 -0.93021574
 -0.21985934  0.        ]","[ 0.         -0.90092212  8.62780285  0.02865714 -5.74563932 -3.91501093
 -2.10758424 -0.3120878 ]"
1746810084.3051836,"[ 0.          0.37528287  0.47270866  2.85288362 -2.17524015  0.6133232
  1.33617117  1.56949497]","[ 0.         -0.16908102 -0.28603322 -0.2031133  -0.38692735 -0.91981869
 -0.21418729  0.        ]","[ 0.         -0.86803496  8.64032936  0.02551557 -5.60313511 -4.03534794
 -2.1369288  -0.2958281 ]"
1746810084.3074086,"[ 0.          0.37495317  0.47214248  2.8524663  -2.17603324  0.61150806
  1.33574014  1.56949497]","[ 0.         -0.16665013 -0.28738371 -0.20387475 -0.3865095  -0.92157258
 -0.20959564  0.        ]","[ 0.00000000e+00 -8.97307456e-01  8.61734390e+00 -4.51009348e-03
 -5.51686430e+00 -4.07353687e+00 -2.11548519e+00 -3.18670124e-01]"
1746810084.3091652,"[ 0.          0.3746074   0.47155012  2.85205937 -2.17678958  0.60963113
  1.33533494  1.56949497]","[ 0.         -0.16837005 -0.28911457 -0.20662457 -0.38326833 -0.91380028
 -0.20554417  0.        ]","[ 0.         -0.91433543  8.56157589  0.01426615 -5.49167347 -4.16411829
 -2.07230902 -0.33096474]"
1746810084.3114855,"[ 0.          0.37427403  0.47097658  2.85163859 -2.17757335  0.60784175
  1.33492015  1.56949497]","[ 0.         -0.16800062 -0.29008469 -0.20537937 -0.38231269 -0.90590694
 -0.19966962  0.        ]","[ 0.         -0.89435202  8.46517467  0.01455758 -5.56459332 -4.01078129
 -2.09146357 -0.30811736]"
1746810084.3132153,"[ 0.          0.37393378  0.47038422  2.85123193 -2.17832782  0.6060609
  1.33453293  1.56949497]","[ 0.         -0.16529966 -0.28911457 -0.20695486 -0.38245803 -0.90320596
 -0.19609076  0.        ]","[ 0.00000000e+00 -9.24903274e-01  8.43375397e+00  4.28460306e-03
 -5.68833590e+00 -3.77687740e+00 -2.14332151e+00 -3.21120083e-01]"
1746810084.31504,"[ 0.          0.37360685  0.46981667  2.85080849 -2.17910759  0.60422391
  1.33413052  1.56949497]","[ 0.         -0.16529966 -0.2879239  -0.20588091 -0.38110754 -0.89537313
 -0.19609076  0.        ]","[ 0.         -0.92936498  8.43183613  0.02609468 -5.80004358 -3.90153265
 -2.15294123 -0.29885909]"
1746810084.317353,"[ 0.          0.37327255  0.46922249  2.85040209 -2.17985647  0.60246783
  1.33373384  1.56949497]","[ 0.         -0.1622472  -0.29062488 -0.20635447 -0.37987223 -0.88970107
 -0.20344715  0.        ]","[ 0.         -0.8946535   8.47603798  0.05712999 -5.8109684  -3.97086763
 -2.10972261 -0.2720806 ]"
1746810084.3191314,"[ 0.          0.37295847  0.46864941  2.84999116 -2.18063651  0.60064323
  1.33331333  1.56949497]","[ 0.         -0.15962761 -0.29008469 -0.20851524 -0.38083743 -0.88862069
 -0.20635447  0.        ]","[ 0.         -0.98432982  8.65552521  0.06457764 -5.81782579 -3.90211153
 -2.09451509 -0.29163373]"
1746810084.321453,"[ 0.          0.37264391  0.46805659  2.84955893 -2.18138753  0.59889759
  1.33289761  1.56949497]","[ 0.         -0.1601678  -0.2895445  -0.21094613 -0.38110754 -0.88286353
 -0.21229662  0.        ]","[ 0.         -0.98478854  8.69291687  0.08976671 -5.82352829 -3.8128953
 -2.07867408 -0.29713431]"
1746810084.3231666,"[ 0.          0.37231744  0.46748997  2.84914481 -2.18216623  0.59709104
  1.33246192  1.56949497]","[ 0.         -0.15881731 -0.2865529  -0.20959564 -0.37910245 -0.88186824
 -0.21229662  0.        ]","[ 0.         -0.95299482  8.60620689  0.08935805 -5.88583994 -3.90958118
 -2.09762383 -0.29625362]"
1746810084.3249505,"[ 0.          0.37200289  0.46689805  2.8487187  -2.18291618  0.59529021
  1.3320434   1.56949497]","[ 0.         -0.15935752 -0.28986618 -0.20770496 -0.38002716 -0.87786605
 -0.21121622  0.        ]","[ 0.         -0.98349851  8.52314949  0.09033712 -5.90637112 -4.00377464
 -2.09366679 -0.30728403]"
1746810084.3272364,"[ 0.          0.37167685  0.46632683  2.84830032 -2.18369302  0.59355409
  1.33161437  1.56949497]","[ 0.         -0.15865641 -0.28927439 -0.20337323 -0.37966344 -0.88078787
 -0.20851524  0.        ]","[ 0.         -0.97654384  8.48481464  0.07127135 -5.8279829  -4.06500626
 -2.09215236 -0.30091363]"
1746810084.329027,"[ 0.          0.37136829  0.46573767  2.84790591 -2.18444004  0.59175326
  1.33120903  1.56949497]","[ 0.         -0.15557615 -0.28685977 -0.19987214 -0.37852038 -0.87794035
 -0.20344715  0.        ]","[ 0.         -0.99839699  8.51160049  0.02506333 -5.73042011 -4.16000271
 -2.06226659 -0.29995543]"
1746810084.3314066,"[ 0.          0.37105511  0.46517701  2.84749684 -2.18521396  0.59002474
  1.33079904  1.56949497]","[ 0.         -0.15233498 -0.28360235 -0.19942391 -0.37790808 -0.8751158
 -0.19987214  0.        ]","[ 0.         -1.03592551  8.51998234 -0.0159707  -5.73178053 -4.02064896
 -2.08368516 -0.29190946]"
1746810084.33316,"[ 0.          0.37076216  0.46459521  2.8470995  -2.18601876  0.58823722
  1.33041768  1.56949497]","[ 0.         -0.14774332 -0.28412067 -0.20209804 -0.37894675 -0.87167113
 -0.19014862  0.        ]","[ 0.         -1.09406221  8.43438911 -0.04173066 -5.75660801 -3.96410871
 -2.08737898 -0.27871627]"
1746810084.3354974,"[ 0.          0.37046781  0.46403272  2.84669337 -2.18679348  0.58653347
  1.33003618  1.56949497]","[ 0.         -0.14288157 -0.28578288 -0.20662457 -0.37759626 -0.86350162
 -0.18528687  0.        ]","[ 0.         -1.15730739  8.38768864 -0.06583174 -5.74665785 -4.12324762
 -2.08691692 -0.30018303]"
1746810084.3372252,"[ 0.          0.37017303  0.46344772  2.84626567 -2.1875333   0.5848373
  1.32966986  1.56949497]","[ 0.         -0.14394109 -0.2861268  -0.20878535 -0.37462521 -0.85972026
 -0.18528687  0.        ]","[ 0.         -1.17667556  8.35847378 -0.07908525 -5.69283104 -4.24828911
 -2.05881572 -0.30745623]"
1746810084.3390489,"[ 0.          0.36989017  0.46288473  2.84585394 -2.18830056  0.58295178
  1.32928077  1.56949497]","[ 0.         -0.14288157 -0.28549303 -0.20905545 -0.37540039 -0.8551628
 -0.1920393   0.        ]","[ 0.         -1.16754043  8.34536552 -0.07841694 -5.66185331 -4.17476892
 -2.05383492 -0.31515899]"
1746810084.3413744,"[ 0.          0.36961327  0.46232407  2.8454273  -2.18903879  0.58121853
  1.32889368  1.56949497]","[ 0.         -0.14099088 -0.28414254 -0.20770496 -0.37435509 -0.845135
 -0.19751103  0.        ]","[ 0.         -1.17844427  8.30358124 -0.07572939 -5.67413235 -4.04798317
 -2.05032587 -0.31910226]"
1746810084.343129,"[ 0.          0.36932259  0.46174183  2.84502224 -2.18980338  0.57956131
  1.3284741   1.56949497]","[ 0.         -0.14261146 -0.28468273 -0.2050661  -0.3717903  -0.83946293
 -0.20635447  0.        ]","[ 0.         -1.16152608  8.21379471 -0.04609312 -5.65860653 -4.0427599
 -2.05307031 -0.30802223]"
1746810084.3454838,"[ 0.          0.3690301   0.46115863  2.84460252 -2.19053735  0.57785469
  1.32806211  1.56949497]","[ 0.         -0.14218572 -0.28487298 -0.20518616 -0.37219431 -0.83163011
 -0.20851524  0.        ]","[ 0.         -1.17626297  8.11626339 -0.01625134 -5.69887829 -3.98360729
 -2.06621766 -0.30552015]"
1746810084.347216,"[ 0.          0.36875413  0.46059797  2.84419532 -2.19129821  0.57622417
  1.327636    1.56949497]","[ 0.         -0.13922909 -0.28414254 -0.20635447 -0.37163887 -0.82512121
 -0.20851524  0.        ]","[ 0.00000000e+00 -1.15727532e+00  8.07076740e+00 -6.85630413e-03
 -5.68374395e+00 -4.00181389e+00 -2.06738710e+00 -3.14290792e-01]"
1746810084.3490367,"[ 0.          0.36848229  0.46003684  2.84377747 -2.19202552  0.57452135
  1.32722215  1.56949497]","[ 0.         -0.13747962 -0.28468273 -0.20362398 -0.36750002 -0.83244044
 -0.21040594  0.        ]","[ 0.         -1.16397572  8.05227184  0.00902299 -5.62380266 -4.14550209
 -2.07103801 -0.29928443]"
1746810084.3514378,"[ 0.          0.36820173  0.45945551  2.843378   -2.19238505  0.5728851
  1.32678366  1.56949497]","[ 0.         -0.13693942 -0.28306217 -0.2025731  -0.36463159 -0.82865908
 -0.21415627  0.        ]","[ 0.         -1.20398843  8.13174248  0.02597979 -5.55975771 -3.98639321
 -2.01233196 -0.29529643]"
1746810084.35323,"[ 0.          0.36792436  0.45889391  2.84296974 -2.19312994  0.57119173
  1.32636315  1.56949497]","[ 0.         -0.13428545 -0.28495284 -0.19785631 -0.36328111 -0.82600584
 -0.21418729  0.        ]","[ 0.         -1.24046946  8.09324551  0.00896945 -5.53562927 -3.79630399
 -1.9628191  -0.30200723]"
1746810084.3549936,"[ 0.          0.36765851  0.45830709  2.84258171 -2.19384606  0.56956028
  1.3259389   1.56949497]","[ 0.         -0.13504874 -0.28662834 -0.19636086 -0.36328111 -0.82595811
 -0.2051286   0.        ]","[ 0.         -1.22258413  8.03735638 -0.01489421 -5.57171297 -3.78528738
 -1.97965634 -0.29389474]"
1746810084.3573472,"[ 0.          0.36739216  0.45773814  2.84217026 -2.19458695  0.56786025
  1.32554409  1.56949497]","[ 0.         -0.13612913 -0.2895445  -0.20217977 -0.36102428 -0.83656361
 -0.19879174  0.        ]","[ 0.         -1.26234996  7.97144651 -0.04899287 -5.70679903 -3.80097628
 -2.08151078 -0.32235494]"
1746810084.3591256,"[ 0.          0.36711389  0.45714578  2.84176013 -2.19533024  0.56702594
  1.32513117  1.56949497]","[ 0.         -0.13693942 -0.28888527 -0.20959564 -0.36361427 -0.84621538
 -0.20149272  0.        ]","[ 0.         -1.30266142  7.98874855 -0.06591067 -5.80902004 -3.92790151
 -2.08506298 -0.30597556]"
1746810084.3614564,"[ 0.          0.36684115  0.4565727   2.84132577 -2.19605116  0.56530694
  1.32472876  1.56949497]","[ 0.         -0.13937029 -0.28979078 -0.21315319 -0.36706246 -0.87889716
 -0.20635447  0.        ]","[ 0.         -1.29959762  8.0219059  -0.0841016  -5.88298082 -3.85759854
 -2.05876589 -0.31331545]"
1746810084.363159,"[ 0.          0.36655277  0.45597073  2.84090206 -2.19677767  0.56347189
  1.3242988   1.56949497]","[ 0.         -0.14153108 -0.29540525 -0.21553778 -0.36857933 -0.90320596
 -0.21121622  0.        ]","[ 0.         -1.33026695  8.11622238 -0.06627157 -5.8830328  -3.7578485
 -2.00813675 -0.3013649 ]"
1746810084.365475,"[ 0.          0.36624557  0.45538387  2.84046477 -2.19753401  0.56158358
  1.32387269  1.56949497]","[ 0.         -0.13908106 -0.2984577  -0.21315319 -0.36992846 -0.92697048
 -0.21715837  0.        ]","[ 0.         -1.35214007  8.13881397 -0.08568381 -5.83645248 -3.6502893
 -2.02422833 -0.28771904]"
1746810084.3677857,"[ 0.          0.36597236  0.45479474  2.84004931 -2.19829487  0.55971996
  1.32342741  1.56949497]","[ 0.         -0.13922909 -0.29899789 -0.21040594 -0.37289269 -0.94924016
 -0.21693834  0.        ]","[ 0.         -1.34935951  8.21243954 -0.09312191 -5.83171082 -3.71375918
 -2.03995943 -0.28036633]"
1746810084.3701892,"[ 0.          0.36554805  0.45388278  2.83940776 -2.19940567  0.5567766
  1.32276535  1.56949497]","[ 0.         -0.13937029 -0.30223909 -0.21229662 -0.37748351 -0.98026992
 -0.21867009  0.        ]","[ 0.         -1.35971105  8.24131107 -0.15684646 -5.75510216 -4.02524757
 -2.06457543 -0.28305104]"
1746810084.3719962,"[ 0.          0.36527668  0.45325873  2.83898378 -2.20017932  0.55482261
  1.32232673  1.56949497]","[ 0.         -0.13693942 -0.30568675 -0.21607799 -0.37740654 -0.99476903
 -0.22368394  0.        ]","[ 0.         -1.38470793  8.35582256 -0.19681783 -5.70716619 -3.8943975
 -2.12588763 -0.30931363]"
1746810084.3743064,"[ 0.          0.36499245  0.45265583  2.83854117 -2.20092368  0.55276685
  1.32187492  1.56949497]","[ 0.         -0.13937029 -0.30463107 -0.21616241 -0.376786   -1.00536355
 -0.23147354  0.        ]","[ 0.         -1.41866016  8.43772316 -0.21251754 -5.669137   -3.76309514
 -2.14155579 -0.3010031 ]"
1746810084.3760643,"[ 0.          0.36471049  0.45203225  2.83811453 -2.20169839  0.55077387
  1.32139728  1.56949497]","[ 0.         -0.14396195 -0.30358958 -0.21661818 -0.37829298 -1.01313565
 -0.23255393  0.        ]","[ 0.         -1.44046748  8.52512741 -0.21588737 -5.57176208 -3.91198683
 -2.14852023 -0.31421888]"
1746810084.3783667,"[ 0.          0.36455806  0.4514353   2.83768523 -2.20244594  0.54868099
  1.3209255   1.56949497]","[ 0.         -0.14343955 -0.30277928 -0.21850886 -0.37867667 -1.0255601
 -0.23020544  0.        ]","[ 0.         -1.48701167  8.50909519 -0.26257679 -5.48835993 -4.12269306
 -2.11457086 -0.3113032 ]"
1746810084.3807578,"[ 0.          0.36412639  0.45080989  2.83723808 -2.20322198  0.5466528
  1.32047836  1.56949497]","[ 0.         -0.14681183 -0.30568675 -0.21850886 -0.37840959 -1.02856841
 -0.22688188  0.        ]","[ 0.         -1.45308065  8.53482533 -0.22702374 -5.39115429 -3.97005129
 -2.11546707 -0.30924043]"
1746810084.3825169,"[ 0.          0.363968    0.45020788  2.83679919 -2.20396714  0.5445447
  1.32001124  1.56949497]","[ 0.         -0.14906686 -0.30548026 -0.224451   -0.37813645 -1.03150228
 -0.22845007  0.        ]","[ 0.         -1.48493385  8.51737785 -0.20545131 -5.31648111 -3.78649092
 -2.12966418 -0.31276631]"
1746810084.384285,"[ 0.          0.36367319  0.44958384  2.8363358  -2.20474132  0.54250702
  1.31955944  1.56949497]","[ 0.         -0.149634   -0.30493444 -0.22634168 -0.37694385 -1.03339292
 -0.22958286  0.        ]","[ 0.         -1.45802164  8.5902071  -0.13899522 -5.26728487 -3.86405349
 -2.12269664 -0.31123379]"
1746810084.3881438,"[ 0.          0.36336416  0.44898459  2.83589212 -2.20548168  0.54038844
  1.31909325  1.56949497]","[ 0.         -0.1511049  -0.30412977 -0.22499119 -0.37462521 -1.03423468
 -0.22669468  0.        ]","[ 0.         -1.3993814   8.6020422  -0.03374981 -5.27179956 -3.925632
 -2.10936236 -0.3267239 ]"
1746810084.3892567,"[ 0.          0.36291782  0.44805751  2.83521807 -2.20661219  0.53723203
  1.31843492  1.56949497]","[ 0.         -0.1504443  -0.30494003 -0.22066964 -0.37289651 -1.04093986
 -0.22202013  0.        ]","[ 0.         -1.26684141  8.6865263   0.05579332 -5.34561729 -3.98812652
 -2.09945583 -0.32573947]"
1746810084.3915098,"[ 0.          0.36261338  0.4474578   2.83477599 -2.20737518  0.5351791
  1.31798018  1.56949497]","[ 0.         -0.14855361 -0.30328195 -0.21490858 -0.37264192 -1.03990096
 -0.22202013  0.        ]","[ 0.         -1.2181623   8.74187565  0.15040335 -5.38118601 -3.76752114
 -2.07636523 -0.30760989]"
1746810084.393215,"[ 0.          0.36231721  0.44683882  2.83435122 -2.20810862  0.53304341
  1.31754262  1.56949497]","[ 0.         -0.1504443  -0.30164121 -0.21499759 -0.37165412 -1.04271652
 -0.22179518  0.        ]","[ 0.         -1.22442901  8.7432785   0.2218284  -5.48817205 -3.8499372
 -2.05666542 -0.31822333]"
1746810084.3944418,"[ 0.          0.36201044  0.4462437   2.83390673 -2.20886948  0.53098289
  1.31708789  1.56949497]","[ 0.         -0.14970877 -0.30142879 -0.21691472 -0.37153977 -1.0450071
 -0.22202013  0.        ]","[ 0.         -1.25258148  8.76175213  0.29253697 -5.59225368 -4.00930166
 -2.04961967 -0.32270017]"
1746810084.3961442,"[ 0.          0.3618658   0.44594616  2.83369208 -2.20923647  0.52994882
  1.31687097  1.56949497]","[ 0.         -0.14666293 -0.30169887 -0.21769857 -0.37219431 -1.04878852
 -0.21985934  0.        ]","[ 0.         -1.23739707  8.68000317  0.32165411 -5.62340069 -4.04007912
 -2.04111433 -0.31037381]"
1746810084.39789,"[ 0.          0.36157379  0.44532807  2.83326278 -2.20997336  0.52779791
  1.31642396  1.56949497]","[ 0.         -0.14801342 -0.3013932  -0.21796867 -0.37354479 -1.05069395
 -0.21774782  0.        ]","[ 0.         -1.18770921  8.73821735  0.33388022 -5.68688059 -4.08277464
 -2.03303742 -0.31801945]"
1746810084.399544,"[ 0.          0.3614149   0.44503053  2.833046   -2.21034061  0.52676384
  1.31620984  1.56949497]","[ 0.         -0.14970877 -0.30169887 -0.21963659 -0.37246442 -1.04878852
 -0.21737884  0.        ]","[ 0.         -1.17740035  8.8091898   0.33388928 -5.74683619 -3.94329429
 -2.04997993 -0.31469351]"
1746810084.4007409,"[ 0.          0.36111825  0.44441384  2.83260125 -2.21110441  0.52469856
  1.3157647   1.56949497]","[ 0.         -0.1494824  -0.3014237  -0.21666853 -0.37235686 -1.04581743
 -0.21766703  0.        ]","[ 0.         -1.15321982  8.80536747  0.33226085 -5.79410744 -3.89196301
 -2.05929971 -0.33177516]"
1746810084.4024653,"[ 0.          0.36097131  0.44411813  2.83238847 -2.21147219  0.52359029
  1.31555444  1.56949497]","[ 0.         -0.14909381 -0.29980819 -0.21580788 -0.37300461 -1.04369836
 -0.21337701  0.        ]","[ 0.         -1.1565187   8.73578835  0.36478966 -5.80753899 -4.0587368
 -1.99970126 -0.32718033]"
1746810084.4036603,"[ 0.          0.36066961  0.4435097   2.83191602 -2.21224371  0.52153263
  1.31514245  1.56949497]","[ 0.         -0.14774332 -0.29690987 -0.21454461 -0.37765731 -1.04473706
 -0.20722469  0.        ]","[ 0.         -1.10170555  8.67990494  0.3757658  -5.84342241 -4.17725897
 -1.98496187 -0.33608657]"
1746810084.405352,"[ 0.          0.36037942  0.4429233   2.83149498 -2.21298886  0.51939884
  1.31473246  1.56949497]","[ 0.         -0.14666293 -0.29710721 -0.21337701 -0.37813645 -1.03906499
 -0.19771135  0.        ]","[ 0.         -1.03737891  8.6154356   0.37757856 -5.78026867 -4.24180698
 -2.01356006 -0.326078  ]"
1746810084.4071593,"[ 0.          0.3602242   0.44262989  2.83128432 -2.2133625   0.51837239
  1.31454124  1.56949497]","[ 0.         -0.14619801 -0.29764743 -0.21343064 -0.37856282 -1.0409557
 -0.19392999  0.        ]","[ 0.         -1.0106976   8.60109425  0.37706366 -5.70341969 -4.10760355
 -2.05291319 -0.33141884]"
1746810084.4082258,"[ 0.          0.35993861  0.44201869  2.83084809 -2.21413695  0.51632422
  1.31415122  1.56949497]","[ 0.         -0.14477225 -0.29869495 -0.21229662 -0.37891113 -1.03825472
 -0.18907941  0.        ]","[ 0.         -0.93385303  8.52727604  0.38871679 -5.50077248 -3.98886466
 -2.05539489 -0.33229068]"
1746810084.410048,"[ 0.          0.35979439  0.44172481  2.83064037 -2.21451006  0.5152226
  1.31396666  1.56949497]","[ 0.         -0.14639283 -0.29818762 -0.21067603 -0.37840656 -1.03620262
 -0.18717755  0.        ]","[ 0.         -0.9423663   8.45489693  0.41275257 -5.46174049 -3.98858476
 -2.05082202 -0.34650987]"
1746810084.411839,"[ 0.          0.35949732  0.44113799  2.83021533 -2.21528477  0.51317919
  1.31359662  1.56949497]","[ 0.         -0.14531244 -0.29818762 -0.2066332  -0.37805363 -1.0360939
 -0.18798785  0.        ]","[ 0.         -0.87917066  8.36748028  0.40530953 -5.30542326 -3.99942875
 -2.00571799 -0.32697347]"
1746810084.413553,"[ 0.          0.35935358  0.44082067  2.83001186 -2.21565708  0.51214988
  1.31339781  1.56949497]","[ 0.         -0.14570486 -0.298916   -0.20635447 -0.37759626 -1.04392672
 -0.18707327  0.        ]","[ 0.         -0.86655456  8.32972622  0.37251899 -5.16945553 -4.14630127
 -1.99113774 -0.32914716]"
1746810084.414677,"[ 0.          0.35905327  0.44018241  2.82961265 -2.21640144  0.51000946
  1.31298209  1.56949497]","[ 0.         -0.1479534  -0.30095125 -0.202303   -0.37705607 -1.04581743
 -0.19663097  0.        ]","[ 0.         -0.82930976  8.20301247  0.35488343 -5.05219698 -4.0206933
 -2.00936222 -0.33142558]"
1746810084.4164917,"[ 0.          0.35890726  0.43993031  2.82940067 -2.21680251  0.50897632
  1.31278329  1.56949497]","[ 0.         -0.14801342 -0.30239971 -0.1996117  -0.37765731 -1.04770808
 -0.20149272  0.        ]","[ 0.         -0.83267975  8.21343327  0.32516623 -5.05731535 -3.87950206
 -2.00150466 -0.34538326]"
1746810084.417596,"[ 0.          0.35860097  0.43926585  2.82900332 -2.21754766  0.50690438
  1.31237609  1.56949497]","[ 0.         -0.14870569 -0.30058374 -0.202303   -0.37813645 -1.05175955
 -0.19987214  0.        ]","[ 0.         -0.83599997  8.22195339  0.2689043  -5.02788734 -3.6923635
 -1.9712261  -0.35128072]"
1746810084.4193652,"[ 0.          0.35845542  0.43896921  2.82879986 -2.21792104  0.50579042
  1.31217635  1.56949497]","[ 0.         -0.14732381 -0.3008886  -0.2061454  -0.37867667 -1.04896449
 -0.2025731   0.        ]","[ 0.         -0.8402046   8.21288681  0.24146554 -4.9986825  -3.84720922
 -1.96216404 -0.3223955 ]"
1746810084.421055,"[ 0.          0.35816704  0.43835805  2.82859479 -2.21869282  0.50371941
  1.31175491  1.56949497]","[ 0.         -0.14531244 -0.29818762 -0.20797505 -0.3761527  -1.05067917
 -0.20635447  0.        ]","[ 0.         -0.88493305  8.24837685  0.23204421 -5.01669025 -3.89728999
 -1.94855464 -0.31075019]"
1746810084.4221907,"[ 0.          0.35802333  0.43806323  2.82837215 -2.21906247  0.50268154
  1.31154558  1.56949497]","[ 0.         -0.14585264 -0.29899789 -0.20964243 -0.37489528 -1.05256988
 -0.21229662  0.        ]","[ 0.         -0.89792466  8.24250698  0.20781034 -5.07084322 -3.9372499
 -1.95236266 -0.32274747]"
1746810084.4238544,"[ 0.          0.35772851  0.43744518  2.8279575  -2.21980549  0.50053444
  1.31111375  1.56949497]","[ 0.         -0.14288157 -0.30189171 -0.21040594 -0.37759626 -1.04689781
 -0.22093974  0.        ]","[ 0.         -0.9069947   8.20161533  0.15834944 -5.07192421 -3.86519861
 -1.92868745 -0.32266915]"
1746810084.4250357,"[ 0.          0.35758983  0.43714807  2.82773193 -2.22020736  0.49950419
  1.3108778   1.56949497]","[ 0.         -0.14072078 -0.30173482 -0.21240088 -0.37840959 -1.04473706
 -0.22197185  0.        ]","[ 0.         -0.89572203  8.18243027  0.15772897 -5.02077103 -3.71463609
 -1.93470776 -0.32688046]"
1746810084.4267511,"[ 0.          0.35732028  0.43655296  2.82731781 -2.22095491  0.49736754
  1.31043917  1.56949497]","[ 0.         -0.13639922 -0.30142879 -0.20938328 -0.37948694 -1.0416922
 -0.22071588  0.        ]","[ 0.         -0.91870511  8.16790581  0.10384347 -5.02256584 -3.75577736
 -1.95290184 -0.31729954]"
1746810084.4284894,"[ 0.          0.35717518  0.43623291  2.82711434 -2.22132775  0.49634395
  1.31021001  1.56949497]","[ 0.         -0.13666881 -0.3014237  -0.20635447 -0.37813645 -1.03720271
 -0.21566087  0.        ]","[ 0.         -0.93541181  8.18306923  0.08026647 -5.02497911 -3.90910745
 -1.96710181 -0.32635784]"
1746810084.4295983,"[ 0.          0.3569038   0.43564009  2.82669596 -2.22210247  0.49430434
  1.31000255  1.56949497]","[ 0.         -0.13828991 -0.30112339 -0.20446379 -0.37891113 -1.03339292
 -0.21040594  0.        ]","[ 0.         -0.98775822  8.17545033  0.00858554 -5.01396704 -4.1435318
 -1.99880815 -0.32817736]"
1746810084.4313774,"[ 0.          0.35676788  0.43564009  2.82649356 -2.22247717  0.49328741
  1.30980002  1.56949497]","[ 0.         -0.13761014 -0.30112339 -0.20527408 -0.38002716 -1.03123217
 -0.20527408  0.        ]","[ 0.         -1.00656152  8.17545033 -0.00831139 -4.99302006 -3.97420382
 -2.00165868 -0.3219229 ]"
1746810084.4330812,"[ 0.          0.35648548  0.43501788  2.82607065 -2.22322659  0.49118597
  1.30939655  1.56949497]","[ 0.         -0.13842419 -0.30342982 -0.2066332  -0.3796421  -1.0255601
 -0.19459633  0.        ]","[ 0.         -1.03169179  8.1102047  -0.08909565 -4.96949244 -3.85646486
 -1.99239671 -0.33144948]"
1746810084.434229,"[ 0.          0.35634866  0.43471897  2.82586612 -2.22362792  0.49018043
  1.30920733  1.56949497]","[ 0.         -0.1388301  -0.30304936 -0.20743487 -0.37790808 -1.0198881
 -0.1917692   0.        ]","[ 0.         -1.05258882  8.07207012 -0.08957466 -4.99622345 -3.8147788
 -1.95230544 -0.3306253 ]"
1746810084.4359212,"[ 0.          0.35607083  0.43412249  2.82545759 -2.22437068  0.48810563
  1.30883821  1.56949497]","[ 0.         -0.14153108 -0.30169887 -0.20770496 -0.37624577 -1.01016457
 -0.18528687  0.        ]","[ 0.         -1.06646264  8.06407928 -0.09789208 -4.9329133  -3.98003817
 -1.88778973 -0.34018427]"
1746810084.4371052,"[ 0.          0.35578108  0.4335067   2.82503521 -2.22514353  0.48611455
  1.30845951  1.56949497]","[ 0.         -0.14138767 -0.29950442 -0.20608438 -0.37776224 -1.00908419
 -0.18420648  0.        ]","[ 0.         -1.08967757  8.04478836 -0.11637587 -4.97120142 -4.16632795
 -1.87896025 -0.35850018]"
1746810084.4388194,"[ 0.          0.35564196  0.43320959  2.82483308 -2.22551637  0.48511853
  1.30827789  1.56949497]","[ 0.         -0.14099088 -0.30142879 -0.20500398 -0.37775332 -1.01016457
 -0.18401984  0.        ]","[ 0.         -1.07198167  8.02355099 -0.14740659 -4.98778629 -4.20749521
 -1.91832554 -0.36112523]"
1746810084.4405396,"[ 0.          0.35550281  0.43291112  2.82463201 -2.22588788  0.48405213
  1.30810092  1.56949497]","[ 0.         -0.14099088 -0.30277928 -0.20371698 -0.376786   -1.00313236
 -0.17934472  0.        ]","[ 0.         -1.04080319  7.9579215  -0.14695042 -5.00144386 -4.02443266
 -1.91583502 -0.36140668]"
1746810084.441653,"[ 0.          0.35521399  0.4322894   2.82421602 -2.22665674  0.48208006
  1.30773567  1.56949497]","[ 0.         -0.14018059 -0.30412977 -0.20392359 -0.37489885 -0.9986179
 -0.17934472  0.        ]","[ 0.         -1.01208258  7.9205327  -0.13501152 -5.06250286 -3.85260129
 -1.9350673  -0.33585611]"
1746810084.44341,"[ 0.          0.35507624  0.43198863  2.82401282 -2.22702479  0.48109452
  1.30756056  1.56949497]","[ 0.         -0.13949891 -0.30494003 -0.20608438 -0.37327472 -0.99963076
 -0.17772414  0.        ]","[ 0.         -1.02504754  7.99262714 -0.11143697 -5.07842875 -3.85643101
 -1.94032204 -0.32678884]"
1746810084.4445584,"[ 0.          0.35479155  0.43138752  2.82360296 -2.22776275  0.47905111
  1.30719624  1.56949497]","[ 0.         -0.13892573 -0.30466996 -0.20905545 -0.37343617 -0.9955793
 -0.17835355  0.        ]","[ 0.         -1.00892591  8.00087452 -0.09532914 -5.17483568 -3.94607806
 -1.88896418 -0.32983315]"
1746810084.4463549,"[ 0.          0.35465193  0.43106428  2.82337793 -2.22813026  0.47806651
  1.30701648  1.56949497]","[ 0.         -0.14153108 -0.3044329  -0.2117     -0.37311293 -0.99753865
 -0.1823158   0.        ]","[ 0.         -0.99000442  7.95742035 -0.07566416 -5.18121529 -3.91436887
 -1.89311218 -0.31742835]"
1746810084.4480407,"[ 0.          0.35435669  0.43046321  2.82295582 -2.22889006  0.47602024
  1.30663112  1.56949497]","[ 0.         -0.14494417 -0.30466996 -0.2139172  -0.37057374 -1.0025382
 -0.1908348   0.        ]","[ 0.         -0.97835493  8.01791382 -0.10517409 -5.2723527  -4.00102186
 -1.91084301 -0.32427487]"
1746810084.4491491,"[ 0.          0.35421251  0.430139    2.82274596 -2.22925518  0.47503184
  1.30644084  1.56949497]","[ 0.         -0.14597468 -0.30518521 -0.2128368  -0.37030363 -1.00233174
 -0.1928496   0.        ]","[ 0.         -0.95595336  8.12008286 -0.11705282 -5.36802053 -4.08503866
 -1.88022411 -0.33183801]"
1746810084.450902,"[ 0.          0.35392459  0.42953699  2.82231426 -2.23001418  0.47298557
  1.30604709  1.56949497]","[ 0.         -0.14666293 -0.30524963 -0.21013584 -0.37053765 -0.99881078
 -0.20128856  0.        ]","[ 0.         -0.93045706  8.14610577 -0.07131404 -5.42208099 -3.89758325
 -1.84515357 -0.33952278]"
1746810084.4521034,"[ 0.          0.35377811  0.42923579  2.82210866 -2.2303801   0.47200003
  1.30583297  1.56949497]","[ 0.         -0.14855361 -0.30517073 -0.20851524 -0.37111393 -0.99963076
 -0.20161784  0.        ]","[ 0.         -0.91610157  8.08485222 -0.05226276 -5.40053988 -3.89097357
 -1.8600558  -0.33750343]"
1746810084.4538407,"[ 0.          0.35346862  0.42861081  2.82168815 -2.23111167  0.47002796
  1.30544202  1.56949497]","[ 0.         -0.15233498 -0.30548026 -0.20437629 -0.37111393 -0.9986179
 -0.19663097  0.        ]","[ 0.         -0.86597234  8.14989948 -0.03669982 -5.43566227 -3.95254683
 -1.90709484 -0.30823463]"
1746810084.45558,"[ 0.          0.35332028  0.42831187  2.82148868 -2.23147493  0.46904242
  1.3052508   1.56949497]","[ 0.         -0.15029187 -0.30304936 -0.202303   -0.36841295 -0.99963076
 -0.19392999  0.        ]","[ 0.         -0.84242409  8.24797726 -0.02241376 -5.48742199 -3.99525023
 -1.94634998 -0.31397605]"
1746810084.4567285,"[ 0.          0.35301538  0.42768969  2.82108894 -2.23222807  0.46698949
  1.30486558  1.56949497]","[ 0.         -0.14781421 -0.30414651 -0.20392359 -0.36723021 -1.0044925
 -0.18717755  0.        ]","[ 0.         -0.80725139  8.33063793 -0.02490223 -5.62797689 -4.1885376
 -2.02744055 -0.32437515]"
1746810084.4585073,"[ 0.          0.35272793  0.42708951  2.82066869 -2.23298015  0.46501173
  1.30450499  1.56949497]","[ 0.         -0.14531244 -0.30466996 -0.2050661  -0.36762655 -1.00239546
 -0.1815055   0.        ]","[ 0.00000000e+00 -7.93667436e-01  8.34454918e+00  6.10571681e-03
 -5.75946760e+00 -4.11963463e+00 -2.04304647e+00 -3.29230249e-01]"
1746810084.4596608,"[ 0.          0.35258698  0.42678874  2.82046603 -2.2333434   0.46394816
  1.30431377  1.56949497]","[ 0.         -0.14288157 -0.30494003 -0.20554417 -0.36841295 -1.00251324
 -0.18005176  0.        ]","[ 0.         -0.78205442  8.29593563  0.03640344 -5.74523115 -4.20426226
 -2.00975609 -0.32956907]"
1746810084.4614167,"[ 0.          0.3522986   0.4261638   2.82004658 -2.23406885  0.46197612
  1.30395797  1.56949497]","[ 0.         -0.13964039 -0.30494003 -0.20537937 -0.36750002 -0.99774005
 -0.1815055   0.        ]","[ 0.         -0.75666648  8.29312897  0.05359592 -5.75310421 -4.12749338
 -2.00148225 -0.33124787]"
1746810084.4630451,"[ 0.          0.35216221  0.42586626  2.81984258 -2.23443077  0.46092018
  1.30377634  1.56949497]","[ 0.         -0.13828991 -0.30169887 -0.20689466 -0.36706246 -0.99429692
 -0.18420648  0.        ]","[ 0.         -0.75586975  8.32639885  0.02400819 -5.7216959  -4.16184044
 -2.05051613 -0.33448619]"
1746810084.4648392,"[ 0.          0.35187981  0.42527387  2.81943352 -2.23518045  0.45896143
  1.30340244  1.56949497]","[ 0.         -0.13774971 -0.29980819 -0.20716477 -0.36652227 -0.99287832
 -0.18255944  0.        ]","[ 0.         -0.76299644  8.28341484  0.03311972 -5.65073633 -4.33056688
 -2.07302928 -0.33408639]"
1746810084.4666119,"[ 0.          0.35174526  0.42495476  2.81921541 -2.23554157  0.45798348
  1.30322068  1.56949497]","[ 0.         -0.13639922 -0.30042062 -0.20537937 -0.36625216 -0.99079306
 -0.18420648  0.        ]","[ 0.         -0.75789022  8.23163891  0.0791292  -5.63790131 -4.46372223
 -2.03708029 -0.32503864]"
1746810084.4677846,"[ 0.          0.35147664  0.4243624   2.81880901 -2.23629179  0.45596197
  1.30285356  1.56949497]","[ 0.         -0.13545155 -0.3008886  -0.20635447 -0.3658712  -0.98612587
 -0.18717755  0.        ]","[ 0.         -0.73574656  8.20991135  0.10436537 -5.63578463 -4.32357073
 -2.00682998 -0.33669385]"
1746810084.469402,"[ 0.          0.35133153  0.42406483  2.81860288 -2.23665185  0.45499352
  1.30265276  1.56949497]","[ 0.         -0.13666881 -0.3013932  -0.20905545 -0.3648018  -0.98207441
 -0.18907941  0.        ]","[ 0.         -0.71773905  8.17609501  0.0955482  -5.68820047 -4.2108469
 -1.99351907 -0.33969387]"
1746810084.471139,"[ 0.          0.35105969  0.42345044  2.81817171 -2.23736717  0.45298436
  1.30226367  1.56949497]","[ 0.         -0.13774971 -0.30016985 -0.21094613 -0.36274092 -0.98000313
 -0.20007505  0.        ]","[ 0.         -0.68522567  8.11233616  0.14646831 -5.7031455  -4.18893242
 -1.9766866  -0.32244241]"
1746810084.4722812,"[ 0.          0.35077547  0.42286178  2.81775546 -2.23810966  0.45105796
  1.30184702  1.56949497]","[ 0.         -0.13842419 -0.29818762 -0.21013584 -0.36220073 -0.97460364
 -0.2051286   0.        ]","[ 0.         -0.63621348  8.05774403  0.16426679 -5.63194227 -4.36013651
 -1.95893097 -0.32423317]"
1746810084.474058,"[ 0.          0.35063955  0.42256697  2.817548   -2.23846786  0.4500924
  1.30164155  1.56949497]","[ 0.         -0.13761014 -0.29899789 -0.21040594 -0.36328111 -0.97937343
 -0.20851524  0.        ]","[ 0.         -0.63228285  8.04209423  0.20435134 -5.55584526 -4.40544653
 -1.95423484 -0.32906044]"
1746810084.475777,"[ 0.          0.35037093  0.42195257  2.81712189 -2.23920848  0.44807945
  1.3012277   1.56949497]","[ 0.         -0.13585903 -0.29950442 -0.20716477 -0.36101742 -0.98251083
 -0.20830399  0.        ]","[ 0.         -0.61756492  7.96285105  0.23456088 -5.43057966 -4.25174236
 -1.93911207 -0.32491702]"
1746810084.476963,"[ 0.          0.35022489  0.42165593  2.81691976 -2.23956295  0.44710816
  1.30102224  1.56949497]","[ 0.         -0.13742112 -0.3008886  -0.20479627 -0.35949975 -0.9850455
 -0.20851524  0.        ]","[ 0.         -0.63707298  7.91294909  0.23903477 -5.41409016 -4.30939388
 -1.94317913 -0.32374224]"
1746810084.4791665,"[ 0.          0.34995398  0.42104613  2.81652162 -2.24027162  0.44516369
  1.30060079  1.56949497]","[ 0.         -0.13693942 -0.29764743 -0.20122263 -0.35895956 -0.9870155
 -0.20473389  0.        ]","[ 0.         -0.60240829  7.88982916  0.24103035 -5.35551119 -4.14484215
 -1.88993061 -0.30725652]"
1746810084.4809406,"[ 0.          0.34967801  0.4204634   2.81611202 -2.24100665  0.44314215
  1.30018707  1.56949497]","[ 0.         -0.13356279 -0.29464762 -0.19987214 -0.35841934 -0.9850455
 -0.20061476  0.        ]","[ 0.         -0.62308526  7.85283136  0.21457042 -5.40513802 -4.09303379
 -1.85734367 -0.31117365]"
1746810084.4826481,"[ 0.          0.34954758  0.42015071  2.81591468 -2.24135898  0.44216993
  1.29999106  1.56949497]","[ 0.         -0.13234776 -0.29467964 -0.20014223 -0.35733896 -0.98612587
 -0.19859032  0.        ]","[ 0.         -0.65007198  7.82403994  0.1749395  -5.43127346 -4.09638023
 -1.83173275 -0.32207808]"
1746810084.4838135,"[ 0.          0.34928356  0.41956525  2.81550003 -2.24206073  0.44014936
  1.29961529  1.56949497]","[ 0.         -0.13396835 -0.29710721 -0.20343243 -0.35544828 -0.9880277
 -0.18798785  0.        ]","[ 0.         -0.65311706  7.75356483  0.15524888 -5.5126853  -4.20157337
 -1.85181546 -0.32198074]"
1746810084.4849415,"[ 0.          0.34914029  0.41927274  2.81529603 -2.2424381   0.43917617
  1.29941742  1.56949497]","[ 0.         -0.13491343 -0.29656702 -0.20689466 -0.35533889 -0.98693621
 -0.18632096  0.        ]","[ 0.         -0.64077508  7.71050358  0.12465406 -5.56051636 -4.22297621
 -1.89897573 -0.32171527]"
1746810084.4866383,"[ 0.          0.34887627  0.41866613  2.81488644 -2.24314144  0.43724025
  1.29907493  1.56949497]","[ 0.         -0.13383399 -0.29545708 -0.20770496 -0.35706885 -0.98018376
 -0.16881092  0.        ]","[ 0.         -0.65027237  7.77920294  0.1260404  -5.56435251 -4.18024063
 -1.90270412 -0.33353612]"
1746810084.4883888,"[ 0.          0.34873575  0.41837548  2.81468031 -2.24352174  0.43627659
  1.29891514  1.56949497]","[ 0.         -0.13228119 -0.29497552 -0.20905545 -0.35809736 -0.97721267
 -0.1618943   0.        ]","[ 0.         -0.66365945  7.82138014  0.12646045 -5.5432086  -4.26654911
 -1.88845789 -0.33318087]"
1746810084.4901516,"[ 0.          0.348474    0.41777441  2.81425154 -2.24422614  0.43427695
  1.29859636  1.56949497]","[ 0.         -0.13234776 -0.29314832 -0.20938328 -0.35760907 -0.97532196
 -0.15341537  0.        ]","[ 0.         -0.67348427  7.83883762  0.16218823 -5.48374367 -4.29641581
 -1.91733813 -0.29797921]"
1746810084.4918718,"[ 0.          0.34821364  0.41719214  2.81382543 -2.24495798  0.43226304
  1.29829396  1.56949497]","[ 0.         -0.13180757 -0.29629694 -0.20713474 -0.35734505 -0.98627235
 -0.15233498  0.        ]","[ 0.         -0.62974691  7.82201767  0.13366555 -5.48417854 -4.40115023
 -1.91295683 -0.29003024]"
1746810084.4930658,"[ 0.          0.34807406  0.41690009  2.81362197 -2.24531112  0.43127653
  1.29814269  1.56949497]","[ 0.         -0.13127906 -0.29629694 -0.20635447 -0.35778637 -1.00044103
 -0.15341537  0.        ]","[ 0.         -0.63720953  7.77639341  0.13824151 -5.46939659 -4.45823193
 -1.89547384 -0.29726815]"
1746810084.49477,"[ 0.          0.34781689  0.41628983  2.81321504 -2.24602191  0.4292807
  1.29781632  1.56949497]","[ 0.         -0.12991689 -0.29841446 -0.20635447 -0.36085024 -1.01772728
 -0.160815    0.        ]","[ 0.         -0.637236    7.69419718  0.14674598 -5.44103289 -4.27597046
 -1.85183823 -0.2990281 ]"
1746810084.4965484,"[ 0.          0.3476888   0.41599505  2.81299293 -2.24640727  0.4281886
  1.29765467  1.56949497]","[ 0.         -0.12991689 -0.29899789 -0.2091409  -0.36286196 -1.02743403
 -0.16394917  0.        ]","[ 0.         -0.62075001  7.71919155  0.1500883  -5.47520161 -4.36146069
 -1.82519984 -0.29444018]"
1746810084.497674,"[ 0.          0.34742568  0.4154027   2.81257854 -2.24712686  0.42613567
  1.29731498  1.56949497]","[ 0.         -0.12721591 -0.3008886  -0.20992292 -0.36517178 -1.04394836
 -0.17448297  0.        ]","[ 0.         -0.6275329   7.75671864  0.12301658 -5.4169178  -4.2013936
 -1.84180748 -0.30081713]"
1746810084.499467,"[ 0.          0.34730077  0.41508125  2.81237241 -2.24748878  0.4250978
  1.29712377  1.56949497]","[ 0.         -0.12654736 -0.30267755 -0.20905545 -0.36706246 -1.05256988
 -0.18005176  0.        ]","[ 0.         -0.61418992  7.75431442  0.12376139 -5.31199646 -4.26233387
 -1.8441292  -0.30062315]"
1746810084.500598,"[ 0.          0.34704454  0.41448108  2.81194551 -2.24824219  0.42290599
  1.29675465  1.56949497]","[ 0.         -0.12463193 -0.30463107 -0.20869363 -0.36841295 -1.07768895
 -0.18906823  0.        ]","[ 0.         -0.66285765  7.85766554  0.12227631 -5.1351552  -4.48945427
 -1.86060548 -0.27918327]"
1746810084.5032985,"[ 0.          0.34692057  0.41417894  2.81174018 -2.24860731  0.42183576
  1.29656637  1.56949497]","[ 0.         -0.12586542 -0.30629052 -0.20845657 -0.37030363 -1.08552177
 -0.19076544  0.        ]","[ 0.         -0.67209446  7.97529936  0.12722641 -5.11947536 -4.57104301
 -1.84791958 -0.25592539]"
1746810084.5053957,"[ 0.          0.34653072  0.41324404  2.811117   -2.24973409  0.41849193
  1.29596516  1.56949497]","[ 0.         -0.1292748  -0.30818123 -0.20462706 -0.3713881  -1.11064084
 -0.2025731   0.        ]","[ 0.         -0.7314707   8.13350868  0.14793199 -4.96157265 -4.30662823
 -1.87303627 -0.27672744]"
1746810084.5074992,"[ 0.          0.34627539  0.41261034  2.81070687 -2.25046513  0.41627728
  1.29553892  1.56949497]","[ 0.         -0.1291066  -0.30840557 -0.20959564 -0.3706796  -1.124956
 -0.20911346  0.        ]","[ 0.         -0.71009386  8.11903763  0.12305552 -4.91646099 -4.38623714
 -1.93541563 -0.28966355]"
1746810084.5092406,"[ 0.          0.3460178   0.41199871  2.8102845  -2.25120043  0.41394658
  1.29511561  1.56949497]","[ 0.         -0.13126738 -0.31115229 -0.21526769 -0.37354479 -1.14027543
 -0.21585904  0.        ]","[ 0.         -0.7091884   8.10884666  0.10528266 -5.00774813 -4.49116373
 -1.9642961  -0.30195075]"
1746810084.5110617,"[ 0.          0.34574319  0.41135905  2.80983602 -2.25196769  0.41166914
  1.29467699  1.56949497]","[ 0.         -0.13504874 -0.31304297 -0.21958925 -0.37489528 -1.15682751
 -0.21229662  0.        ]","[ 0.         -0.70874816  8.05500221  0.11631142 -4.99425793 -4.32646942
 -1.94325924 -0.30603009]"
1746810084.5122452,"[ 0.          0.34546449  0.41073777  2.80940006 -2.25270645  0.40928422
  1.29426513  1.56949497]","[ 0.         -0.13566574 -0.31542403 -0.22071588 -0.37381491 -1.16655098
 -0.20722469  0.        ]","[ 0.         -0.66731828  8.11786079  0.14858998 -4.89172935 -4.08813381
 -1.9709183  -0.30621219]"
1746810084.5140264,"[ 0.          0.34533177  0.41040258  2.80916543 -2.25307476  0.40812744
  1.29404915  1.56949497]","[ 0.         -0.13450854 -0.31571748 -0.22113525 -0.37354479 -1.17330342
 -0.20356491  0.        ]","[ 0.         -0.61726332  8.16456032  0.17502761 -4.84886932 -4.08124256
 -1.98082221 -0.29077333]"
1746810084.5152,"[ 0.          0.34506958  0.40978173  2.808738   -2.25384149  0.40552943
  1.29364674  1.56949497]","[ 0.         -0.13234776 -0.31520376 -0.21553778 -0.37435509 -1.18328588
 -0.20365349  0.        ]","[ 0.         -0.61200655  8.30736351  0.24345478 -4.74554014 -4.30003977
 -2.05609035 -0.29341292]"
1746810084.5169764,"[ 0.          0.34493825  0.40947041  2.80852734 -2.25421113  0.40435268
  1.29344421  1.56949497]","[ 0.         -0.13315805 -0.31574395 -0.21364711 -0.37489528 -1.19356076
 -0.20527408  0.        ]","[ 0.         -0.6210686   8.31659126  0.28469154 -4.70183849 -4.47430992
 -1.99405825 -0.30586106]"
1746810084.5181253,"[ 0.          0.344671    0.40882203  2.80809191 -2.25497386  0.40199058
  1.29301411  1.56949497]","[ 0.         -0.13045708 -0.31747287 -0.2128368  -0.37165412 -1.19801769
 -0.21121622  0.        ]","[ 0.         -0.5552898   8.3477602   0.31856734 -4.7416358  -4.42425299
 -1.94011354 -0.30770016]"
1746810084.5199184,"[ 0.          0.34454517  0.40850794  2.80788286 -2.25533898  0.40071393
  1.29280106  1.56949497]","[ 0.         -0.12748601 -0.31844492 -0.21202652 -0.36992846 -1.20218394
 -0.21585904  0.        ]","[ 0.         -0.52121401  8.3396368   0.33710817 -4.83157682 -4.53398848
 -1.94874465 -0.29368779]"
1746810084.5215864,"[ 0.          0.34428804  0.40785819  2.80744663 -2.25607188  0.39834612
  1.29236816  1.56949497]","[ 0.         -0.12532523 -0.31646979 -0.2139172  -0.37219431 -1.19923276
 -0.21985934  0.        ]","[ 0.         -0.55692124  8.31058407  0.32689506 -4.97109699 -4.42389059
 -1.99642456 -0.28877687]"
1746810084.5227916,"[ 0.          0.34416543  0.4075464   2.80723677 -2.25646816  0.39716078
  1.2921342   1.56949497]","[ 0.         -0.12411895 -0.31628414 -0.2128368  -0.37314346 -1.20220391
 -0.22017471  0.        ]","[ 0.         -0.55052435  8.25418663  0.37114972 -5.03115606 -4.43050623
 -1.9721477  -0.27510399]"
1746810084.5245082,"[ 0.          0.34392342  0.40692512  2.80682052 -2.25726338  0.39469785
  1.29170517  1.56949497]","[ 0.         -0.122208   -0.31520376 -0.21040594 -0.37396584 -1.20423551
 -0.21693834  0.        ]","[ 0.         -0.47847125  8.20823574  0.35526064 -5.15041971 -4.51989794
 -1.95626557 -0.29245931]"
1746810084.5262864,"[ 0.          0.34379396  0.4066138   2.80659682 -2.25766073  0.39351348
  1.2914768   1.56949497]","[ 0.         -0.12175883 -0.31542403 -0.21064551 -0.37414654 -1.19990654
 -0.21536213  0.        ]","[ 0.         -0.45780629  8.21601963  0.36324114 -5.18934917 -4.55053806
 -1.95276856 -0.28785843]"
1746810084.528012,"[ 0.          0.34355607  0.40596495  2.80618536 -2.25839682  0.39105435
  1.29106108  1.56949497]","[ 0.         -0.12100367 -0.31709444 -0.20851524 -0.37262667 -1.20118086
 -0.21019275  0.        ]","[ 0.         -0.47393295  8.37849903  0.37075001 -5.18181086 -4.51669598
 -1.93836069 -0.29187217]"
1746810084.529158,"[ 0.          0.34343576  0.4056541   2.80598003 -2.2587654   0.38986904
  1.29085469  1.56949497]","[ 0.         -0.12208406 -0.31520376 -0.20824515 -0.37381491 -1.20220391
 -0.20932554  0.        ]","[ 0.         -0.47097659  8.4504652   0.40830874 -5.19200897 -4.46369362
 -1.94708633 -0.30506703]"
1746810084.5309196,"[ 0.          0.34318459  0.40501167  2.80555579 -2.25953053  0.38740515
  1.29042845  1.56949497]","[ 0.         -0.12330949 -0.31270828 -0.20770496 -0.37408502 -1.20280685
 -0.20743487  0.        ]","[ 0.         -0.4414717   8.55165482  0.45379576 -5.24646425 -4.61453629
 -1.97476995 -0.30723074]"
1746810084.532699,"[ 0.          0.34306292  0.40470494  2.80535019 -2.25989778  0.38621222
  1.29022591  1.56949497]","[ 0.         -0.12343455 -0.31083704 -0.20851524 -0.37246442 -1.20976662
 -0.20527408  0.        ]","[ 0.         -0.44267637  8.5675211   0.45279756 -5.31541157 -4.55587435
 -1.96243596 -0.30873907]"
1746810084.534405,"[ 0.          0.34281588  0.40408962  2.80493314 -2.26066158  0.38501736
  1.28981778  1.56949497]","[ 0.         -0.12061963 -0.31304297 -0.21148632 -0.37204084 -1.21192738
 -0.19691859  0.        ]","[ 0.         -0.42984703  8.51591396  0.44353136 -5.39190054 -4.62338543
 -1.98503566 -0.30467671]"
1746810084.5356047,"[ 0.          0.34258445  0.40345136  2.80450517 -2.261399    0.38132535
  1.28944295  1.56949497]","[ 0.         -0.11575441 -0.31115229 -0.20770496 -0.37408502 -1.21823321
 -0.18798785  0.        ]","[ 0.         -0.36612272  8.39957523  0.50179875 -5.42464447 -4.19594574
 -2.01564598 -0.25665617]"
1746810084.5378828,"[ 0.          0.3423452   0.40284153  2.80410143 -2.26216626  0.38012766
  1.28907197  1.56949497]","[ 0.         -0.11635656 -0.30791112 -0.2039868  -0.37489885 -1.21462836
 -0.18005176  0.        ]","[ 0.         -0.37003332  8.35210991  0.52833593 -5.44550753 -4.2078867
 -2.05520201 -0.267306  ]"
1746810084.5390272,"[ 0.          0.34223225  0.40253893  2.80388811 -2.26253644  0.37892901
  1.288895    1.56949497]","[ 0.         -0.11452133 -0.30651985 -0.20105486 -0.37505511 -1.2157088
 -0.17934472  0.        ]","[ 0.         -0.37790674  8.37188435  0.57174832 -5.48379993 -4.17739534
 -2.02033591 -0.26267847]"
1746810084.540749,"[ 0.          0.34201184  0.40191445  2.80350196 -2.26327334  0.37643562
  1.28854679  1.56949497]","[ 0.         -0.11073996 -0.30466996 -0.19311969 -0.37300461 -1.21867983
 -0.17556335  0.        ]","[ 0.         -0.36624807  8.3705616   0.59245247 -5.51335955 -4.21728897
 -1.96175992 -0.27351236]"
1746810084.542537,"[ 0.          0.34189702  0.40161368  2.80331314 -2.26366882  0.375237
  1.28836317  1.56949497]","[ 0.         -0.10797953 -0.30494003 -0.19149911 -0.37239115 -1.2157088
 -0.17303024  0.        ]","[ 0.         -0.33339131  8.33547497  0.56294215 -5.50409889 -4.20584583
 -1.97239256 -0.25807351]"
1746810084.5436487,"[ 0.          0.34168763  0.40099057  2.80292565 -2.2640366   0.37275217
  1.28801975  1.56949497]","[ 0.         -0.10587821 -0.30364547 -0.18933018 -0.37300461 -1.21486338
 -0.17475307  0.        ]","[ 0.         -0.3767572   8.35621357  0.54988885 -5.53120327 -4.12708712
 -1.95167661 -0.29427293]"
1746810084.5454416,"[ 0.          0.34158203  0.4006907   2.80273923 -2.26440491  0.37155831
  1.28784851  1.56949497]","[ 0.         -0.1069586  -0.30412977 -0.18887666 -0.37316633 -1.20962015
 -0.17349671  0.        ]","[ 0.         -0.42399544  8.39122677  0.58793342 -5.50032234 -4.38448954
 -1.9187336  -0.30160046]"
1746810084.5465095,"[ 0.          0.34134691  0.40009375  2.80236452 -2.26516791  0.36918004
  1.28749844  1.56949497]","[ 0.         -0.10793041 -0.30223909 -0.18987853 -0.37214041 -1.20409449
 -0.171782    0.        ]","[ 0.         -0.49760678  8.33172989  0.55162388 -5.42058516 -4.60176849
 -1.92529202 -0.2953724 ]"
1746810084.5482233,"[ 0.          0.34125646  0.39977463  2.80217703 -2.26553436  0.36790149
  1.28733106  1.56949497]","[ 0.         -0.10857012 -0.30042062 -0.19014862 -0.37165412 -1.20393936
 -0.16962121  0.        ]","[ 0.         -0.49314445  8.25048923  0.50140762 -5.37719107 -4.54752636
 -1.9506712  -0.28000993]"
1746810084.5499442,"[ 0.          0.34104384  0.39918454  2.80178688 -2.266263    0.36554033
  1.28698671  1.56949497]","[ 0.         -0.1074988  -0.29953811 -0.19095892 -0.36814287 -1.19734205
 -0.16851641  0.        ]","[ 0.         -0.56029958  8.16768074  0.42654118 -5.26527119 -4.32741117
 -1.95011783 -0.27485725]"
1746810084.5517523,"[ 0.          0.34091298  0.39888977  2.80159806 -2.26665475  0.36436738
  1.28681827  1.56949497]","[ 0.         -0.10779984 -0.29869495 -0.19149911 -0.3688804  -1.18830408
 -0.1707016   0.        ]","[ 0.         -0.54991877  8.16569042  0.45823634 -5.22064829 -4.28495932
 -1.9311018  -0.29038668]"
1746810084.5529044,"[ 0.          0.34069993  0.39827904  2.80120738 -2.26738206  0.3619463
  1.28648151  1.56949497]","[ 0.         -0.1074988  -0.29791292 -0.18987853 -0.36750002 -1.17897542
 -0.16989132  0.        ]","[ 0.         -0.58211911  7.99538946  0.42772481 -5.17834139 -4.35468674
 -1.90011847 -0.28666666]"
1746810084.5541382,"[ 0.          0.34059294  0.39798562  2.80102122 -2.26774452  0.36078476
  1.28629895  1.56949497]","[ 0.         -0.10857918 -0.29764743 -0.18879813 -0.36760265 -1.17816516
 -0.17202716  0.        ]","[ 0.         -0.58994043  7.88729906  0.38647905 -5.18974876 -4.44880772
 -1.88185465 -0.28469539]"
1746810084.5558505,"[ 0.          0.34037206  0.39739923  2.80065211 -2.26849074  0.35837986
  1.28595354  1.56949497]","[ 0.         -0.10722869 -0.29710721 -0.18663736 -0.3633635  -1.17259329
 -0.17772414  0.        ]","[ 0.         -0.62980968  7.82341576  0.35242468 -5.14430523 -4.51016426
 -1.86182725 -0.28019008]"
1746810084.5570512,"[ 0.          0.34026737  0.39708284  2.80045317 -2.26884653  0.35722781
  1.28577857  1.56949497]","[ 0.         -0.10614831 -0.29763269 -0.18714782 -0.36085024 -1.16725778
 -0.17745405  0.        ]","[ 0.         -0.6180113   7.87305927  0.35934779 -5.07859945 -4.30293417
 -1.8438648  -0.29369417]"
1746810084.558731,"[ 0.          0.34005385  0.39649875  2.80008725 -2.26958343  0.35493326
  1.28541225  1.56949497]","[ 0.         -0.10431968 -0.29629694 -0.18501678 -0.35910044 -1.16357995
 -0.17853442  0.        ]","[ 0.         -0.62332541  7.90106869  0.33230382 -4.9299531  -4.03078461
 -1.79030967 -0.31184527]"
1746810084.5605175,"[ 0.          0.33985547  0.39588942  2.79970562 -2.27029077  0.35255882
  1.28505645  1.56949497]","[ 0.         -0.10209685 -0.29791292 -0.18690745 -0.35814926 -1.15829957
 -0.1815055   0.        ]","[ 0.         -0.63858515  7.86298895  0.34813502 -4.87951708 -4.18197918
 -1.77623212 -0.28329709]"
1746810084.5616271,"[ 0.          0.3397595   0.39559507  2.79952213 -2.27064204  0.35141915
  1.28486244  1.56949497]","[ 0.         -0.09723509 -0.2981553  -0.18609715 -0.35625858 -1.15574707
 -0.18255944  0.        ]","[ 0.         -0.63220334  7.79456949  0.309322   -4.90289259 -4.34939766
 -1.79783702 -0.27493414]"
1746810084.5633557,"[ 0.          0.33956755  0.39500408  2.79915887 -2.27136748  0.34905134
  1.28450571  1.56949497]","[ 0.         -0.09200992 -0.30034838 -0.18285599 -0.35301742 -1.15453799
 -0.18042512  0.        ]","[ 0.         -0.65505952  7.70800304  0.2626256  -4.92284775 -4.24550962
 -1.77736247 -0.28273833]"
1746810084.5651252,"[ 0.          0.339478    0.3946868   2.79896633 -2.27171503  0.34791643
  1.28432595  1.56949497]","[ 0.         -0.09075275 -0.29866523 -0.18130559 -0.35212006 -1.15115538
 -0.1823158   0.        ]","[ 0.         -0.69836646  7.679636    0.22812834 -4.93192196 -4.03665686
 -1.72585154 -0.29328585]"
1746810084.5662682,"[ 0.          0.33930124  0.39410134  2.79861293 -2.27243727  0.34565614
  1.28396442  1.56949497]","[ 0.         -0.08518107 -0.29656702 -0.17826433 -0.35274983 -1.14332262
 -0.17448297  0.        ]","[ 0.         -0.75253987  7.59331512  0.20204821 -5.03095722 -3.81671262
 -1.73514295 -0.30275252]"
1746810084.5679007,"[ 0.          0.33930124  0.39380929  2.79843796 -2.27278322  0.34444227
  1.28379691  1.56949497]","[ 0.         -0.08518107 -0.29599671 -0.17745405 -0.35085663 -1.14300264
 -0.16989132  0.        ]","[ 0.         -0.75253987  7.56240273  0.18797429 -5.13797045 -3.92721224
 -1.80443668 -0.27504379]"
1746810084.569593,"[ 0.          0.33913456  0.39320222  2.79808216 -2.27347324  0.34219147
  1.28347254  1.56949497]","[ 0.         -0.08526432 -0.2966591  -0.17259228 -0.34977622 -1.13919618
 -0.16222301  0.        ]","[ 0.         -0.81768775  7.54066801  0.11295553 -5.17641258 -4.19295549
 -1.85126805 -0.28854787]"
1746810084.5707748,"[ 0.          0.3390496   0.39290881  2.79791171 -2.27384342  0.34106798
  1.28330795  1.56949497]","[ 0.         -0.08616109 -0.29764743 -0.17268724 -0.34824024 -1.1395412
 -0.15482911  0.        ]","[ 0.         -0.8496089   7.59231329  0.05007309 -5.18557882 -4.34748793
 -1.82757545 -0.30460861]"
1746810084.5725229,"[ 0.          0.33887373  0.39232288  2.79755432 -2.27453025  0.3387449
  1.28302073  1.56949497]","[ 0.         -0.0856209  -0.29656702 -0.17556335 -0.34869584 -1.13359915
 -0.14261146  0.        ]","[ 0.00000000e+00 -9.72288966e-01  7.65140343e+00 -5.83273219e-03
 -5.21035576e+00 -4.17796898e+00 -1.79239428e+00 -3.12133312e-01]"
1746810084.5742044,"[ 0.          0.33878785  0.39203269  2.79737802 -2.27487567  0.33763187
  1.28287519  1.56949497]","[ 0.         -0.08697138 -0.29440623 -0.17880454 -0.35031644 -1.12759372
 -0.13691958  0.        ]","[ 0.         -1.0076884   7.65372467 -0.01921253 -5.18371248 -4.0005765
 -1.80277956 -0.31542206]"
1746810084.5758982,"[ 0.          0.33860921  0.39143162  2.79701636 -2.27559099  0.33533829
  1.28260967  1.56949497]","[ 0.         -0.0869348  -0.29278567 -0.18509913 -0.34869584 -1.11722244
 -0.13302314  0.        ]","[ 0.         -1.03437996  7.67597151 -0.05431995 -5.18398809 -4.03594446
 -1.79716313 -0.30997577]"
1746810084.5769923,"[ 0.          0.33852519  0.39114276  2.79682062 -2.27593454  0.33424047
  1.28248224  1.56949497]","[ 0.         -0.0853508  -0.29305578 -0.18431482 -0.34842576 -1.11221377
 -0.12923766  0.        ]","[ 0.         -1.04135239  7.59875393 -0.06819476 -5.20907545 -4.14379025
 -1.7918359  -0.31844929]"
1746810084.578806,"[ 0.          0.33835575  0.39053893  2.79645363 -2.27664587  0.33205245
  1.28221779  1.56949497]","[ 0.         -0.08697138 -0.29540525 -0.18690745 -0.34648651 -1.10766975
 -0.1291066   0.        ]","[ 0.         -1.06890416  7.54530001 -0.07650198 -5.21275187 -4.32789183
 -1.75001919 -0.30093673]"
1746810084.5799775,"[ 0.          0.33826254  0.39024734  2.79626881 -2.27698835  0.33096701
  1.28209036  1.56949497]","[ 0.         -0.08776896 -0.29545708 -0.18744764 -0.34734535 -1.10091731
 -0.1291066   0.        ]","[ 0.         -1.06115246  7.55048084 -0.0842661  -5.17831087 -4.15253639
 -1.71718478 -0.31669343]"
1746810084.581797,"[ 0.          0.33808667  0.3896697   2.79588611 -2.27767252  0.32872289
  1.28180487  1.56949497]","[ 0.         -0.08994246 -0.29251556 -0.18574535 -0.34626497 -1.09116747
 -0.12942875  0.        ]","[ 0.         -1.05530739  7.56058884 -0.08966475 -5.09758711 -3.95941186
 -1.67828274 -0.29546779]"
1746810084.582956,"[ 0.          0.33799576  0.38936021  2.79570582 -2.27801473  0.32764888
  1.28169368  1.56949497]","[ 0.         -0.09210324 -0.29139297 -0.18267071 -0.34707527 -1.08930313
 -0.13347738  0.        ]","[ 0.         -1.05324018  7.58398867 -0.09026563 -5.08573532 -3.87490225
 -1.71047235 -0.31514221]"
1746810084.5847101,"[ 0.          0.33780521  0.38879219  2.79533697 -2.27872234  0.32543422
  1.28139873  1.56949497]","[ 0.         -0.09253356 -0.28738371 -0.17980099 -0.34499428 -1.07930742
 -0.13976874  0.        ]","[ 0.         -1.03390884  7.67386866 -0.03375431 -4.92068577 -3.98459101
 -1.72253561 -0.2817581 ]"
1746810084.5864902,"[ 0.          0.33771473  0.3885084   2.79515987 -2.27906109  0.32436783
  1.28124933  1.56949497]","[ 0.         -0.09183314 -0.2879239  -0.17961482 -0.34321588 -1.0814703
 -0.1406811   0.        ]","[ 0.         -1.01221728  7.70042372 -0.01911576 -4.79540539 -4.1242981
 -1.71268177 -0.28633112]"
1746810084.5890665,"[ 0.          0.3375352   0.38791741  2.79480301 -2.27976203  0.32215411
  1.28097729  1.56949497]","[ 0.         -0.09021256 -0.28819401 -0.17997248 -0.34204819 -1.07855514
 -0.13612913  0.        ]","[ 0.         -0.98027509  7.70126295  0.02472029 -4.70005846 -4.09620667
 -1.6781249  -0.28917328]"
1746810084.5907686,"[ 0.          0.33726931  0.38706976  2.79425519 -2.28076977  0.31896441
  1.2805625   1.56949497]","[ 0.         -0.08697138 -0.28549303 -0.18015502 -0.33978264 -1.07768895
 -0.13720952  0.        ]","[ 0.         -0.99499631  7.68505144  0.01956705 -4.64116526 -3.75164962
 -1.67864132 -0.29801533]"
1746810084.5924623,"[ 0.          0.33717657  0.38676716  2.79407783 -2.28110373  0.31782474
  1.28043028  1.56949497]","[ 0.         -0.08726743 -0.28487298 -0.17988491 -0.33870223 -1.07303827
 -0.13383261  0.        ]","[ 0.         -0.96026605  7.75125074  0.02618844 -4.62437487 -3.90983725
 -1.69658744 -0.28814077]"
1746810084.594199,"[ 0.          0.33700666  0.38620969  2.79371138 -2.2817903   0.31572044
  1.2801573   1.56949497]","[ 0.         -0.08526432 -0.28225187 -0.17853442 -0.33377205 -1.06499459
 -0.13340882  0.        ]","[ 0.         -0.94326073  7.78164196  0.02030383 -4.63997793 -3.92755151
 -1.72401404 -0.28965569]"
1746810084.5954113,"[ 0.          0.33683721  0.38562975  2.7933633  -2.28244783  0.31361901
  1.27988992  1.56949497]","[ 0.         -0.08616109 -0.28306217 -0.17610356 -0.33377205 -1.06526444
 -0.13612913  0.        ]","[ 0.         -0.95308745  7.82620239  0.03782389 -4.67165232 -3.95596409
 -1.69938016 -0.30489054]"
1746810084.5965745,"[ 0.          0.33674677  0.38535285  2.79315318 -2.2828023   0.31249266
  1.27975583  1.56949497]","[ 0.         -0.08526128 -0.28090138 -0.17308353 -0.33377281 -1.06049984
 -0.1359912   0.        ]","[ 0.         -0.93188739  7.82486629  0.04390611 -4.70151567 -3.92057991
 -1.65879297 -0.29781333]"
1746810084.59839,"[ 0.          0.33666501  0.38507688  2.79300857 -2.28313067  0.31145193
  1.27961308  1.56949497]","[ 0.         -0.08291993 -0.279821   -0.17339286 -0.33303019 -1.05554097
 -0.1344119   0.        ]","[ 0.         -0.89871639  7.85055542  0.04571148 -4.66378927 -3.81659365
 -1.66962612 -0.29291359]"
1746810084.5995545,"[ 0.          0.33649879  0.3845084   2.79262374 -2.28378447  0.30929913
  1.27934956  1.56949497]","[ 0.         -0.08418503 -0.27658794 -0.17578869 -0.33113951 -1.04973142
 -0.13396835  0.        ]","[ 0.         -0.88004673  7.95750713  0.03555936 -4.65349197 -3.84453225
 -1.63723981 -0.30001289]"
1746810084.6013508,"[ 0.          0.33641567  0.38423792  2.79244957 -2.28410964  0.30826982
  1.27922027  1.56949497]","[ 0.         -0.08427041 -0.27441904 -0.17664375 -0.32978902 -1.04392672
 -0.13126738  0.        ]","[ 0.         -0.88662404  7.91951656  0.0470258  -4.66172981 -4.07362461
 -1.6389128  -0.3090001 ]"
1746810084.6025474,"[ 0.          0.33624393  0.38368049  2.79209644 -2.28477996  0.30622831
  1.27896434  1.56949497]","[ 0.         -0.08291993 -0.27158224 -0.17997248 -0.32756612 -1.03231254
 -0.12175883  0.        ]","[ 0.         -0.946823    7.94062567  0.0829705  -4.63629103 -4.3264389
 -1.65783191 -0.30853847]"
1746810084.6043298,"[ 0.          0.33616037  0.38337282  2.79190282 -2.2851022   0.30513145
  1.27896434  1.56949497]","[ 0.         -0.0848106  -0.27029447 -0.18230867 -0.32681794 -1.03291528
 -0.12175883  0.        ]","[ 0.         -0.93016678  8.01618481  0.07860291 -4.62501812 -4.24641275
 -1.65783191 -0.31331617]"
1746810084.6054523,"[ 0.          0.33599506  0.38284246  2.79153984 -2.28576853  0.30311184
  1.27874263  1.56949497]","[ 0.         -0.08373022 -0.26865631 -0.18366629 -0.32492726 -1.02074351
 -0.10911938  0.        ]","[ 0.         -0.89075214  8.05888653  0.07610573 -4.67050934 -4.11143732
 -1.66994941 -0.30027348]"
1746810084.6072333,"[ 0.          0.33590737  0.38255866  2.79136034 -2.28608624  0.30210916
  1.27864463  1.56949497]","[ 0.         -0.08250282 -0.26731917 -0.1820457  -0.32222628 -1.01691701
 -0.09939587  0.        ]","[ 0.         -0.85963488  8.0019989   0.07748111 -4.73692989 -4.10735893
 -1.68023169 -0.29879722]"
1746810084.6089652,"[ 0.          0.33574342  0.38203382  2.79099202 -2.28673925  0.30004291
  1.2784582   1.56949497]","[ 0.         -0.08373022 -0.26550583 -0.17889319 -0.31742473 -1.00530283
 -0.08697138  0.        ]","[ 0.         -0.8194949   8.04079819  0.121843   -4.79061317 -4.16770601
 -1.72371411 -0.29133111]"
1746810084.6101396,"[ 0.          0.33566076  0.381773    2.79081865 -2.28705111  0.29905641
  1.27837831  1.56949497]","[ 0.         -0.08373022 -0.26442543 -0.17583346 -0.31628414 -1.00044103
 -0.08094715  0.        ]","[ 0.         -0.80843788  8.13263226  0.12795861 -4.80854654 -4.17395163
 -1.74796987 -0.31054261]"
1746810084.6118255,"[ 0.          0.33548949  0.38123714  2.79046578 -2.28767428  0.2970111
  1.27823556  1.56949497]","[ 0.         -0.08342734 -0.26037396 -0.17052255 -0.31574395 -0.9978077
 -0.06620287  0.        ]","[ 0.         -0.76785332  8.17780209  0.16899621 -4.88333321 -4.36488438
 -1.73544776 -0.30293998]"
1746810084.613085,"[ 0.          0.33540683  0.38098457  2.79030013 -2.28798561  0.29602936
  1.27817564  1.56949497]","[ 0.         -0.08381522 -0.2560524  -0.16800062 -0.31574395 -0.99457056
 -0.06077193  0.        ]","[ 0.         -0.7454136   8.15557766  0.14718594 -4.93908596 -4.23283815
 -1.7076391  -0.30608782]"
1746810084.6147385,"[ 0.          0.33524338  0.38046385  2.78997496 -2.28862876  0.2940792
  1.27807111  1.56949497]","[ 0.         -0.08175662 -0.25404002 -0.1643227  -0.31331308 -0.98801659
 -0.05023813  0.        ]","[ 0.         -0.69600308  8.22740078  0.17249812 -5.02941561 -4.1509347
 -1.7072202  -0.29370442]"
1746810084.6164222,"[ 0.          0.33515842  0.38021452  2.78997496 -2.28893609  0.29309839
  1.27801971  1.56949497]","[ 0.         -0.07999514 -0.25281124 -0.1643227  -0.31169248 -0.99476903
 -0.04839831  0.        ]","[ 0.         -0.71205157  8.26180172  0.17249812 -5.07106304 -4.13849497
 -1.7212168  -0.2999464 ]"
1746810084.617552,"[ 0.          0.33500552  0.37971814  2.78963754 -2.28957472  0.29102645
  1.27792264  1.56949497]","[ 0.         -0.07724788 -0.25200095 -0.16583985 -0.3117052  -1.01772728
 -0.04915774  0.        ]","[ 0.         -0.7463274   8.27010727  0.17336987 -5.22061157 -4.08270168
 -1.70640934 -0.28333309]"
1746810084.6192977,"[ 0.          0.33493159  0.37945042  2.78947349 -2.28988151  0.29000949
  1.27787417  1.56949497]","[ 0.         -0.07501102 -0.25202231 -0.16638004 -0.31115229 -1.03045712
 -0.04915774  0.        ]","[ 0.         -0.75127769  8.2467556   0.19300097 -5.29183149 -4.01664877
 -1.68846834 -0.31163567]"
1746810084.6209476,"[ 0.          0.33478189  0.37920155  2.78913021 -2.29052573  0.28785859
  1.27776951  1.56949497]","[ 0.         -0.07265622 -0.25227105 -0.16726256 -0.31491943 -1.05932232
 -0.05212881  0.        ]","[ 0.         -0.75816238  8.25916958  0.14381146 -5.35103703 -4.01743841
 -1.64622939 -0.30085841]"
1746810084.6221159,"[ 0.          0.33470978  0.37895358  2.78896562 -2.29083679  0.28680074
  1.27771718  1.56949497]","[ 0.         -0.07319642 -0.25120597 -0.16692025 -0.31547387 -1.07282715
 -0.05293911  0.        ]","[ 0.         -0.79326081  8.26412296  0.10618738 -5.36609077 -4.1106782
 -1.62843835 -0.2838704 ]"
1746810084.6237717,"[ 0.          0.33456241  0.37844388  2.78863566 -2.2914589   0.28457185
  1.27759827  1.56949497]","[ 0.         -0.0753572  -0.24826078 -0.16783041 -0.31574395 -1.09385201
 -0.05912568  0.        ]","[ 0.         -0.83448547  8.30553055  0.05548143 -5.36104679 -3.83875346
 -1.64252722 -0.26861012]"
1746810084.6249242,"[ 0.          0.33448341  0.37819867  2.78846788 -2.29177023  0.28348258
  1.27753742  1.56949497]","[ 0.         -0.07447823 -0.24875977 -0.17016141 -0.31574395 -1.1035794
 -0.06158223  0.        ]","[ 0.         -0.8560729   8.30526829  0.05350768 -5.28522968 -3.79270673
 -1.65990353 -0.27380189]"
1746810084.626573,"[ 0.          0.33434013  0.37768851  2.78811767 -2.29241764  0.28127176
  1.27740413  1.56949497]","[ 0.         -0.07211602 -0.24901309 -0.1709717  -0.31687562 -1.12603644
 -0.06968515  0.        ]","[ 0.         -0.91152787  8.30552578  0.04529025 -5.18842983 -3.82789969
 -1.64565599 -0.27653876]"
1746810084.6283042,"[ 0.          0.334263    0.3774424   2.78794989 -2.29273083  0.2801511
  1.27732809  1.56949497]","[ 0.         -0.07272286 -0.24957007 -0.16998901 -0.31763462 -1.13657017
 -0.07171978  0.        ]","[ 0.         -0.90598184  8.29148865  0.0142426  -5.12358809 -3.88327956
 -1.63577342 -0.30046475]"
1746810084.629456,"[ 0.          0.33412342  0.37694921  2.78760049 -2.29337957  0.27779187
  1.27717589  1.56949497]","[ 0.         -0.06995525 -0.25011026 -0.1715119  -0.31646979 -1.15682751
 -0.07913856  0.        ]","[ 0.00000000e+00 -9.35094476e-01  8.29179096e+00 -6.86387578e-03
 -4.94739628e+00 -4.04383278e+00 -1.59083116e+00 -3.05471212e-01]"
1746810084.6313014,"[ 0.          0.33405591  0.37668519  2.78742925 -2.29369143  0.27664555
  1.27709507  1.56949497]","[ 0.         -0.06860476 -0.24851155 -0.17367267 -0.31628414 -1.16132173
 -0.08210963  0.        ]","[ 0.         -0.97383726  8.28743172 -0.02267222 -4.85806417 -4.07987165
 -1.56657779 -0.30503646]"
1746810084.6330655,"[ 0.          0.33391446  0.37620073  2.78706732 -2.29433618  0.27424922
  1.2769181   1.56949497]","[ 0.         -0.0699644  -0.2455186  -0.17779483 -0.31396212 -1.17159021
 -0.08778168  0.        ]","[ 0.         -1.01567817  8.24492168 -0.05879215 -4.66520452 -3.96766019
 -1.5763098  -0.29269335]"
1746810084.6342669,"[ 0.          0.33384286  0.37596195  2.78689022 -2.29464511  0.27309242
  1.27683061  1.56949497]","[ 0.         -0.07265622 -0.24203196 -0.17943284 -0.31331308 -1.17330342
 -0.08859198  0.        ]","[ 0.         -1.05711603  8.25594139 -0.07320986 -4.67933321 -3.83356452
 -1.59199727 -0.29061258]"
1746810084.6359546,"[ 0.          0.33369728  0.37546833  2.78653283 -2.29525817  0.27077028
  1.27664792  1.56949497]","[ 0.         -0.07346651 -0.24065685 -0.18177561 -0.30953172 -1.17897542
 -0.0888557   0.        ]","[ 0.         -1.10538197  8.18042564 -0.11302967 -4.59933615 -3.99028397
 -1.58683503 -0.30326858]"
1746810084.6376855,"[ 0.          0.33353839  0.37499169  2.78616238 -2.2958936   0.26835301
  1.27647375  1.56949497]","[ 0.         -0.07851873 -0.24254753 -0.1812354  -0.31007191 -1.17886024
 -0.08886207  0.        ]","[ 0.         -1.09051168  8.13118458 -0.09705582 -4.52347088 -4.05536699
 -1.56589091 -0.30403161]"
1746810084.6394367,"[ 0.          0.33345989  0.3747341   2.78598422 -2.29619906  0.26718766
  1.27638533  1.56949497]","[ 0.         -0.07967876 -0.2424931  -0.18069521 -0.3098018  -1.18194658
 -0.08967236  0.        ]","[ 0.         -1.06808341  8.14179325 -0.08679094 -4.49827003 -4.0570302
 -1.55720556 -0.28801912]"
1746810084.6406596,"[ 0.          0.33329504  0.37425789  2.7856191  -2.29680387  0.26485601
  1.27619505  1.56949497]","[ 0.         -0.07999514 -0.24092695 -0.17679177 -0.30602045 -1.18194658
 -0.09319811  0.        ]","[ 0.         -1.05196762  8.2265749  -0.04802144 -4.34758234 -4.0129385
 -1.57094443 -0.29809204]"
1746810084.6423895,"[ 0.          0.33321512  0.37402143  2.78544652 -2.29712744  0.2636022
  1.27610091  1.56949497]","[ 0.         -0.08102924 -0.23984655 -0.17484583 -0.30468367 -1.18061793
 -0.09561451  0.        ]","[ 0.         -0.98821801  8.2315464  -0.03616721 -4.28339434 -3.96465182
 -1.55276489 -0.29115945]"
1746810084.643585,"[ 0.          0.33305027  0.37353378  2.78510431 -2.29772133  0.2612696
  1.27590303  1.56949497]","[ 0.         -0.08427041 -0.23722697 -0.17286239 -0.30034838 -1.18572787
 -0.09679663  0.        ]","[ 0.00000000e+00 -9.38964605e-01  8.21065331e+00 -5.10035781e-03
 -4.21722412e+00 -4.10440779e+00 -1.53456712e+00 -2.77031153e-01]"
1746810084.6453154,"[ 0.          0.33296671  0.37330095  2.78493413 -2.29804091  0.26000721
  1.27580503  1.56949497]","[ 0.         -0.0848106  -0.2360652  -0.17259228 -0.30092216 -1.1875243
 -0.09939587  0.        ]","[ 0.         -0.91899633  8.14195919  0.02466899 -4.21542406 -3.93309999
 -1.52105486 -0.28313288]"
1746810084.6465201,"[ 0.          0.33279037  0.37281789  2.7845786  -2.29863106  0.25766034
  1.27559864  1.56949497]","[ 0.         -0.08697138 -0.23675327 -0.17340258 -0.29869495 -1.18950929
 -0.10685023  0.        ]","[ 0.         -0.96582061  8.07038307  0.02136536 -4.3169651  -3.76924396
 -1.50698769 -0.28424579]"
1746810084.6482365,"[ 0.          0.33270312  0.37258323  2.78440603 -2.29892534  0.25648548
  1.27547879  1.56949497]","[ 0.         -0.08859198 -0.23795587 -0.17484583 -0.2984577  -1.19167005
 -0.11295217  0.        ]","[ 0.         -0.94158369  8.00840378  0.04422897 -4.39767933 -3.72000456
 -1.48476946 -0.28419262]"
1746810084.650032,"[ 0.          0.33252266  0.37211441  2.78403771 -2.29953094  0.25404919
  1.27524284  1.56949497]","[ 0.         -0.08768639 -0.23714559 -0.18155636 -0.29490371 -1.18869902
 -0.12154387  0.        ]","[ 0.         -0.90249127  7.94701385  0.05643843 -4.54314375 -3.66916633
 -1.45139158 -0.25964937]"
1746810084.6511598,"[ 0.          0.33243587  0.37186414  2.78385768 -2.2998183   0.25287813
  1.27511727  1.56949497]","[ 0.         -0.08805178 -0.23572235 -0.18258589 -0.29143518 -1.18761858
 -0.12748601  0.        ]","[ 0.         -0.87646425  7.96271324  0.0920093  -4.55032206 -3.68637419
 -1.45248497 -0.25908482]"
1746810084.652951,"[ 0.          0.33226094  0.37140222  2.78349416 -2.30039274  0.2505322
  1.27484416  1.56949497]","[ 0.         -0.08859198 -0.23282403 -0.18420648 -0.29173105 -1.18950929
 -0.13717035  0.        ]","[ 0.         -0.87176061  8.08117962  0.15106623 -4.62513733 -3.69840765
 -1.48167324 -0.25514966]"
1746810084.654064,"[ 0.          0.33217552  0.37117398  2.78331173 -2.30070327  0.24927363
  1.27470528  1.56949497]","[ 0.         -0.08670129 -0.23147354 -0.18501678 -0.29212097 -1.18513172
 -0.14084803  0.        ]","[ 0.         -0.80296558  8.12000179  0.17230912 -4.6520071  -3.65474892
 -1.50678289 -0.29506272]"
1746810084.6558495,"[ 0.          0.33199782  0.37070836  2.78293143 -2.30127958  0.24693722
  1.27440754  1.56949497]","[ 0.         -0.08688327 -0.22669468 -0.18582706 -0.29251556 -1.1849176
 -0.14594724  0.        ]","[ 0.         -0.70156091  8.13567448  0.28355816 -4.71537113 -3.62935114
 -1.5405221  -0.30603668]"
1746810084.6574535,"[ 0.          0.33191286  0.37048566  2.78275061 -2.30156826  0.24577377
  1.27426679  1.56949497]","[ 0.         -0.08616109 -0.22580149 -0.18339619 -0.29278567 -1.17886024
 -0.14261146  0.        ]","[ 0.         -0.68728292  8.06732845  0.3102155  -4.69625854 -3.91296554
 -1.5250138  -0.2979621 ]"
1746810084.6592772,"[ 0.          0.33175124  0.37003888  2.78238016 -2.30216295  0.24336792
  1.27399661  1.56949497]","[ 0.         -0.08102924 -0.22657148 -0.17943284 -0.29013912 -1.17141271
 -0.1349119   0.        ]","[ 0.         -0.66736138  8.00144005  0.36214307 -4.69933653 -4.12256002
 -1.51368165 -0.30041775]"
1746810084.661001,"[ 0.          0.33158822  0.36957645  2.78202889 -2.3027334   0.241061
  1.27373788  1.56949497]","[ 0.         -0.07913856 -0.22519008 -0.17772414 -0.28927439 -1.16655098
 -0.12262425  0.        ]","[ 0.         -0.61789834  7.86625242  0.38481385 -4.70931578 -3.96326852
 -1.53156602 -0.30047992]"
1746810084.6621785,"[ 0.          0.33144035  0.36913014  2.78166137 -2.30332488  0.23867989
  1.27351338  1.56949497]","[ 0.         -0.07400671 -0.22580149 -0.18015502 -0.28888527 -1.15896363
 -0.10992967  0.        ]","[ 0.         -0.58811206  7.80759764  0.41762006 -4.72451019 -3.74645329
 -1.54584789 -0.29244053]"
1746810084.6639023,"[ 0.          0.33136185  0.36890743  2.78148427 -2.30360958  0.23754498
  1.27340299  1.56949497]","[ 0.         -0.0739767  -0.22580149 -0.17961482 -0.28844165 -1.15115538
 -0.10381814  0.        ]","[ 0.         -0.57579094  7.84548473  0.43886301 -4.77895308 -3.65609407
 -1.57295704 -0.28276315]"
1746810084.6651022,"[ 0.          0.33121581  0.36844917  2.78113566 -2.3041771   0.23528183
  1.27321364  1.56949497]","[ 0.         -0.07400671 -0.22310051 -0.17610356 -0.2879239  -1.14710404
 -0.09345373  0.        ]","[ 0.         -0.54635131  7.87693739  0.44477716 -4.78478575 -3.91238523
 -1.55820346 -0.29649913]"
1746810084.6667423,"[ 0.          0.33114328  0.36822829  2.78095004 -2.30445859  0.23406796
  1.27312616  1.56949497]","[ 0.         -0.07346651 -0.22391081 -0.17462119 -0.28549303 -1.14300264
 -0.08850221  0.        ]","[ 0.         -0.52512264  7.85596085  0.49567321 -4.79697227 -4.06785488
 -1.53033066 -0.29357377]"
1746810084.6684709,"[ 0.          0.33106658  0.36800878  2.78077827 -2.30476352  0.23294066
  1.27303774  1.56949497]","[ 0.         -0.07222132 -0.22256032 -0.17421288 -0.28712988 -1.14332262
 -0.08325513  0.        ]","[ 0.         -0.50521177  7.95637369  0.51353925 -4.80555773 -4.0384016
 -1.5677079  -0.30134571]"
1746810084.6695647,"[ 0.          0.33092699  0.36755558  2.7804262  -2.30532731  0.23061852
  1.27288447  1.56949497]","[ 0.         -0.07069384 -0.22120983 -0.17127486 -0.28549303 -1.13322271
 -0.07616749  0.        ]","[ 0.         -0.50867635  8.04480457  0.55790037 -4.75130081 -3.75518012
 -1.57051885 -0.28964439]"
1746810084.6713479,"[ 0.          0.33085719  0.3673393   2.78026055 -2.30560961  0.22950453
  1.27281217  1.56949497]","[ 0.         -0.07076554 -0.21931916 -0.16783041 -0.28601325 -1.12981773
 -0.07346651  0.        ]","[ 0.         -0.51760125  7.99944258  0.56087554 -4.71279097 -3.55392838
 -1.55210757 -0.3017866 ]"
1746810084.6724808,"[ 0.          0.3307208   0.36689065  2.77993538 -2.3061979   0.22728324
  1.2726657   1.56949497]","[ 0.         -0.06509349 -0.21841932 -0.16421927 -0.28738371 -1.12414573
 -0.07231278  0.        ]","[ 0.         -0.53101379  8.00964642  0.5489682  -4.65650558 -3.65295148
 -1.5198071  -0.26781163]"
1746810084.6742554,"[ 0.          0.33065835  0.36667667  2.77977452 -2.3064794   0.22609221
  1.27259339  1.56949497]","[ 0.         -0.06313877 -0.21715837 -0.16313887 -0.28549303 -1.1214365
 -0.07346651  0.        ]","[ 0.         -0.55342436  8.1262598   0.53724056 -4.61002541 -3.81985068
 -1.49445593 -0.23196387]"
1746810084.6759658,"[ 0.          0.33053118  0.36625193  2.77943284 -2.30706156  0.22388232
  1.27244785  1.56949497]","[ 0.         -0.06219058 -0.2147275  -0.16773053 -0.2838699  -1.12042023
 -0.07071671  0.        ]","[ 0.         -0.5741204   8.11180115  0.48856655 -4.51061296 -3.77152658
 -1.47442019 -0.22283925]"
1746810084.6771624,"[ 0.          0.3304701   0.36603977  2.77926479 -2.30734093  0.22278356
  1.27237847  1.56949497]","[ 0.         -0.06185232 -0.21526769 -0.17043151 -0.28304519 -1.11329308
 -0.07022534  0.        ]","[ 0.         -0.58671731  8.04849052  0.46946105 -4.49630785 -3.51783562
 -1.47105098 -0.2415925 ]"
1746810084.6788635,"[ 0.          0.33034796  0.36560401  2.77891006 -2.30789407  0.22051184
  1.27224811  1.56949497]","[ 0.         -0.06185232 -0.21148632 -0.17437066 -0.279821   -1.10814579
 -0.06475772  0.        ]","[ 0.         -0.63173664  8.06351566  0.45990184 -4.40856791 -3.33328199
 -1.48394382 -0.24144794]"
1746810084.680061,"[ 0.          0.33028181  0.36539739  2.77873642 -2.30819075  0.21942069
  1.27218247  1.56949497]","[ 0.         -0.06219058 -0.20959564 -0.17610356 -0.27935608 -1.10658937
 -0.06168904  0.        ]","[ 0.         -0.61722767  8.09171867  0.45734593 -4.3401742  -3.43826771
 -1.50592971 -0.26071829]"
1746810084.6817834,"[ 0.          0.33015278  0.36496848  2.77838888 -2.30873669  0.21724221
  1.27206356  1.56949497]","[ 0.         -0.06610683 -0.20959564 -0.17691384 -0.27549942 -1.10469866
 -0.05996164  0.        ]","[ 0.         -0.57426065  8.13206673  0.4980002  -4.20482874 -3.74165249
 -1.51574123 -0.27586794]"
1746810084.6829872,"[ 0.          0.33008667  0.36476186  2.77821577 -2.3090078   0.2160683
  1.2720055   1.56949497]","[ 0.         -0.06698417 -0.20959564 -0.17556335 -0.27495923 -1.10538735
 -0.05888125  0.        ]","[ 0.         -0.56314445  8.11801529  0.50528562 -4.20772219 -3.95559931
 -1.4991883  -0.274766  ]"
1746810084.6847157,"[ 0.          0.32995211  0.36433435  2.77785971 -2.30956707  0.21389741
  1.27188659  1.56949497]","[ 0.         -0.06494903 -0.20819255 -0.17160794 -0.27252835 -1.09983693
 -0.05699057  0.        ]","[ 0.         -0.54310173  8.14744854  0.55059391 -4.10553217 -3.78020334
 -1.46707785 -0.27464765]"
1746810084.686501,"[ 0.          0.32982767  0.36392429  2.77752868 -2.3100973   0.21165804
  1.2717734   1.56949497]","[ 0.         -0.06286895 -0.20716477 -0.16583985 -0.26820679 -1.09119377
 -0.0577423   0.        ]","[ 0.         -0.49996847  8.15459156  0.52427727 -4.0815835  -3.62751818
 -1.45725012 -0.26425603]"
1746810084.687639,"[ 0.          0.32976709  0.36371903  2.77735504 -2.31036042  0.21058687
  1.27171055  1.56949497]","[ 0.         -0.06158223 -0.20824515 -0.16350103 -0.2668563  -1.08523135
 -0.05918136  0.        ]","[ 0.         -0.47300801  8.13531208  0.53544044 -4.07978773 -3.62005997
 -1.47684097 -0.25003874]"
1746810084.6894436,"[ 0.          0.32964721  0.36329658  2.77703733 -2.31090291  0.20821622
  1.27159071  1.56949497]","[ 0.         -0.05726066 -0.20487783 -0.16070799 -0.26442733 -1.07602241
 -0.06178965  0.        ]","[ 0.         -0.4975538   8.0220623   0.5381614  -4.20166397 -3.76306629
 -1.4496578  -0.25177327]"
1746810084.6911514,"[ 0.          0.32959352  0.36309728  2.77686848 -2.3111631   0.20715552
  1.27152986  1.56949497]","[ 0.         -0.05455969 -0.20203291 -0.15883764 -0.26388524 -1.07579824
 -0.06164475  0.        ]","[ 0.         -0.50597495  7.97593069  0.55359691 -4.26309729 -3.96761608
 -1.42622232 -0.24808109]"
1746810084.692943,"[ 0.          0.32948652  0.3627047   2.77655716 -2.31168295  0.20505217
  1.27140243  1.56949497]","[ 0.         -0.05212881 -0.19879174 -0.15881731 -0.26307494 -1.06409431
 -0.06266262  0.        ]","[ 0.         -0.49959031  7.93755531  0.53865796 -4.31860447 -3.81527638
 -1.43903601 -0.26891002]"
1746810084.6940854,"[ 0.          0.32943462  0.36249577  2.77640056 -2.31196072  0.20392773
  1.27133771  1.56949497]","[ 0.         -0.05261565 -0.19660247 -0.15881731 -0.26130545 -1.05874442
 -0.06563369  0.        ]","[ 0.         -0.4743807   7.96072292  0.52183181 -4.31284332 -3.7226944
 -1.46317267 -0.26064667]"
1746810084.695856,"[ 0.          0.3293267   0.36210865  2.77607486 -2.31247098  0.20184817
  1.27119883  1.56949497]","[ 0.         -0.05241061 -0.19520836 -0.15873644 -0.25768174 -1.05175955
 -0.07238612  0.        ]","[ 0.         -0.48891339  7.99186611  0.51112396 -4.31473064 -3.63747025
 -1.44329381 -0.24670517]"
1746810084.6975615,"[ 0.          0.329228    0.36171007  2.77576487 -2.31299163  0.19970584
  1.27103518  1.56949497]","[ 0.         -0.04942784 -0.19409479 -0.15665654 -0.25200095 -1.04344755
 -0.08202644  0.        ]","[ 0.         -0.4749867   7.98105383  0.50871438 -4.38155174 -3.80320668
 -1.42657077 -0.26037017]"
1746810084.6987784,"[ 0.          0.32918069  0.36151723  2.775612   -2.31323877  0.19867556
  1.27095248  1.56949497]","[ 0.         -0.04807735 -0.19555058 -0.15503596 -0.25065046 -1.0450071
 -0.08373022  0.        ]","[ 0.         -0.47984105  7.95866966  0.51204979 -4.4409976  -3.83000851
 -1.40577531 -0.27098474]"
1746810084.700442,"[ 0.          0.32908379  0.3611338   2.77529748 -2.31373332  0.19661504
  1.27077645  1.56949497]","[ 0.         -0.04710012 -0.19346367 -0.15287517 -0.25065046 -1.04392672
 -0.08697138  0.        ]","[ 0.         -0.47096857  7.85041094  0.50649512 -4.54904985 -3.65560699
 -1.39222515 -0.26417807]"
1746810084.7021666,"[ 0.          0.32903695  0.36092947  2.77514728 -2.31399963  0.19550772
  1.27068896  1.56949497]","[ 0.         -0.04753715 -0.1923394  -0.15233498 -0.25053255 -1.04269528
 -0.08859198  0.        ]","[ 0.         -0.4654783   7.78008986  0.48746473 -4.58354425 -3.69508719
 -1.38768888 -0.25182948]"
1746810084.7038178,"[ 0.          0.32894237  0.36055293  2.77483835 -2.31449178  0.19448222
  1.27050348  1.56949497]","[ 0.         -0.04589063 -0.19041871 -0.14981847 -0.24902988 -1.03909149
 -0.09136575  0.        ]","[ 0.         -0.46624821  7.68461323  0.48368225 -4.5637207  -3.47860551
 -1.39379895 -0.23795782]"
1746810084.7049782,"[ 0.          0.3288992   0.36036604  2.77469135 -2.31473759  0.1934567
  1.27041213  1.56949497]","[ 0.         -0.04375579 -0.18960843 -0.14909381 -0.24929997 -1.04014537
 -0.09254957  0.        ]","[ 0.         -0.48723528  7.65914488  0.46335283 -4.53727245 -3.49273562
 -1.40203249 -0.25134438]"
1746810084.7066393,"[ 0.          0.328817    0.35998261  2.7743992  -2.31524226  0.1913429
  1.2702285   1.56949497]","[ 0.         -0.04105482 -0.18732404 -0.14828351 -0.24605881 -1.02934146
 -0.09345373  0.        ]","[ 0.         -0.52016866  7.63276243  0.44261688 -4.4526968  -3.4629755
 -1.35017741 -0.24786763]"
1746810084.7083516,"[ 0.          0.32877616  0.35979709  2.77423994 -2.31548088  0.19032976
  1.27012864  1.56949497]","[ 0.         -0.04132492 -0.18825794 -0.14995954 -0.24176213 -1.02745081
 -0.09403817  0.        ]","[ 0.         -0.5482049   7.62903452  0.42170829 -4.39990282 -3.47899985
 -1.35029972 -0.22643211]"
1746810084.7100253,"[ 0.          0.32868891  0.35942468  2.7739406  -2.31595439  0.18822928
  1.2699526   1.56949497]","[ 0.         -0.04375579 -0.18960843 -0.1529901  -0.23984655 -1.02388763
 -0.08769274  0.        ]","[ 0.         -0.5613246   7.60419559  0.39209825 -4.27649021 -3.53507543
 -1.37119508 -0.23280933]"
1746810084.7117307,"[ 0.          0.32860119  0.35903712  2.77362475 -2.31644335  0.18621918
  1.26978136  1.56949497]","[ 0.         -0.04479075 -0.18960843 -0.15472413 -0.23795587 -1.01691701
 -0.08149975  0.        ]","[ 0.         -0.56729585  7.56981707  0.39388454 -4.22943592 -3.54743409
 -1.39144528 -0.26286104]"
1746810084.7135112,"[ 0.          0.32855758  0.35885164  2.77347455 -2.31667584  0.18521934
  1.2697024   1.56949497]","[ 0.         -0.04429599 -0.18798785 -0.15233498 -0.2357951  -1.01394592
 -0.07994885  0.        ]","[ 0.         -0.54732758  7.57014894  0.39409679 -4.21351576 -3.4862628
 -1.38562167 -0.25758731]"
1746810084.7147214,"[ 0.          0.32846756  0.3584728   2.77316962 -2.31713577  0.18315882
  1.26955592  1.56949497]","[ 0.         -0.0432156  -0.18321037 -0.14820417 -0.23282403 -1.00347477
 -0.07238612  0.        ]","[ 0.         -0.54775482  7.54366636  0.41359007 -4.2886281  -3.56897187
 -1.36685765 -0.26863059]"
1746810084.7165022,"[ 0.          0.32838261  0.35811371  2.77288253 -2.31760156  0.18119627
  1.26941797  1.56949497]","[ 0.         -0.04375579 -0.1812354  -0.14570486 -0.22607158 -0.99287832
 -0.06475772  0.        ]","[ 0.         -0.54136932  7.50125885  0.43772185 -4.35987949 -3.72683668
 -1.34482443 -0.26482791]"
1746810084.7182806,"[ 0.          0.32833577  0.35793737  2.77274111 -2.317821    0.18014793
  1.26935619  1.56949497]","[ 0.         -0.04413525 -0.17880454 -0.14342176 -0.22256032 -0.98702462
 -0.06266262  0.        ]","[ 0.         -0.53146702  7.49593878  0.459573   -4.39970875 -3.75066853
 -1.36596501 -0.24955559]"
1746810084.7199802,"[ 0.          0.32824762  0.35757691  2.77245509 -2.31827374  0.17821583
  1.26923914  1.56949497]","[ 0.         -0.04483618 -0.17475307 -0.13842419 -0.22042548 -0.97640241
 -0.0556706   0.        ]","[ 0.         -0.48914129  7.47042513  0.48256779 -4.48608923 -3.72371697
 -1.39397931 -0.24446261]"
1746810084.721134,"[ 0.          0.32820308  0.35740564  2.77232326 -2.31848999  0.17725692
  1.26918681  1.56949497]","[ 0.         -0.04510628 -0.17367267 -0.13369825 -0.21931916 -0.97262098
 -0.05293911  0.        ]","[ 0.         -0.51154989  7.49334383  0.46803311 -4.53115273 -3.4917326
 -1.37886584 -0.22977285]"
1746810084.722773,"[ 0.          0.32811446  0.35704518  2.77206946 -2.31892115  0.17528485
  1.26909173  1.56949497]","[ 0.         -0.04313217 -0.17679177 -0.12735684 -0.21877895 -0.96198246
 -0.04721917  0.        ]","[ 0.         -0.49455777  7.53663826  0.46711838 -4.57380056 -3.4729526
 -1.36391962 -0.20880309]"
1746810084.7245042,"[ 0.          0.32807222  0.35687161  2.77193498 -2.31918561  0.17434687
  1.26904792  1.56949497]","[ 0.         -0.04290199 -0.17610356 -0.12663807 -0.21783516 -0.95031947
 -0.04429599  0.        ]","[ 0.         -0.52297223  7.62228394  0.45781294 -4.59266043 -3.5568881
 -1.3668834  -0.20556377]"
1746810084.7255945,"[ 0.          0.3279845   0.35652859  2.77168544 -2.31961304  0.17241097
  1.26896324  1.56949497]","[ 0.         -0.04510628 -0.17286239 -0.12721591 -0.21576753 -0.94414327
 -0.03943423  0.        ]","[ 0.         -0.5354532   7.72532606  0.50458342 -4.61280966 -3.63793397
 -1.37746251 -0.24379216]"
1746810084.7273164,"[ 0.          0.32793443  0.35634583  2.7715616  -2.31984048  0.17148439
  1.26892422  1.56949497]","[ 0.         -0.04714447 -0.17202716 -0.12559533 -0.21415627 -0.93871701
 -0.03943423  0.        ]","[ 0.         -0.52440095  7.76257038  0.48700789 -4.62256336 -3.76991773
 -1.37103891 -0.25521818]"
1746810084.7289617,"[ 0.          0.3278362   0.35600831  2.77130061 -2.32025513  0.16964266
  1.26884819  1.56949497]","[ 0.         -0.05023813 -0.1709717  -0.12843614 -0.21013584 -0.93021574
 -0.03657775  0.        ]","[ 0.         -0.50283802  7.75614023  0.48032728 -4.70322704 -3.67693353
 -1.39706445 -0.24362896]"
1746810084.7301366,"[ 0.          0.32778566  0.35584256  2.77117544 -2.32046179  0.16873131
  1.26881197  1.56949497]","[ 0.         -0.05126653 -0.16800062 -0.12694582 -0.20959564 -0.92427356
 -0.03673326  0.        ]","[ 0.         -0.49396461  7.72186327  0.47945368 -4.82492828 -3.55382133
 -1.39322484 -0.22787328]"
1746810084.7317817,"[ 0.          0.3276805   0.35550001  2.77091312 -2.3208855   0.16685154
  1.26874446  1.56949497]","[ 0.         -0.05140754 -0.16638004 -0.12789191 -0.20635447 -0.91752111
 -0.03376219  0.        ]","[ 0.         -0.46754354  7.64387798  0.5143618  -4.9898634  -3.27487397
 -1.37322283 -0.23853162]"
1746810084.733489,"[ 0.          0.32762864  0.35533746  2.77078742 -2.3210871   0.16595255
  1.26871303  1.56949497]","[ 0.         -0.05266901 -0.16475946 -0.12748601 -0.20446379 -0.91184905
 -0.02959068  0.        ]","[ 0.         -0.45512098  7.62077761  0.52524245 -5.04826021 -3.4050467
 -1.35340047 -0.24069363]"
1746810084.7345793,"[ 0.          0.32752347  0.35500407  2.77053389 -2.32149031  0.1641679
  1.2686627   1.56949497]","[ 0.         -0.0534793  -0.1623451  -0.12897578 -0.20479627 -0.90293585
 -0.02482379  0.        ]","[ 0.         -0.39130697  7.62370586  0.57708138 -5.07527208 -3.56134582
 -1.36659646 -0.25345477]"
1746810084.7362983,"[ 0.          0.32746608  0.35484335  2.77039753 -2.32170762  0.16321279
  1.26864073  1.56949497]","[ 0.         -0.05416599 -0.16313887 -0.12839345 -0.20462706 -0.90010331
 -0.02214799  0.        ]","[ 0.         -0.34999529  7.62548161  0.60905582 -5.07294321 -3.50331211
 -1.38413501 -0.24009898]"
1746810084.7379472,"[ 0.          0.32736641  0.35451092  2.7701448  -2.32210656  0.1614367
  1.26860264  1.56949497]","[ 0.         -0.04888764 -0.16249797 -0.12721591 -0.20122263 -0.9010452
 -0.01728624  0.        ]","[ 0.         -0.29193264  7.71299314  0.68334687 -5.02911711 -3.46867299
 -1.40408993 -0.22235563]"
1746810084.7396646,"[ 0.          0.32727414  0.35419407  2.76988913 -2.32251669  0.15957784
  1.26857135  1.56949497]","[ 0.         -0.04413525 -0.16000551 -0.12463193 -0.19986247 -0.9109252
 -0.01539556  0.        ]","[ 0.         -0.26588696  7.75165367  0.70959681 -4.95140123 -3.36377215
 -1.3927958  -0.22933236]"
1746810084.7407506,"[ 0.          0.32723236  0.35403611  2.76976876 -2.32271456  0.1586722
  1.26855897  1.56949497]","[ 0.         -0.0424053  -0.1601678  -0.12208406 -0.20047909 -0.91860149
 -0.01242448  0.        ]","[ 0.         -0.28999996  7.77219152  0.70717138 -4.91839981 -3.32770228
 -1.3635639  -0.21500549]"
1746810084.7424877,"[ 0.          0.32719241  0.35386666  2.76965025 -2.32291163  0.15775704
  1.26854565  1.56949497]","[ 0.         -0.04051462 -0.15948874 -0.12019338 -0.19987214 -0.92805491
 -0.01252663  0.        ]","[ 0.         -0.30892855  7.72152758  0.70788169 -4.95055151 -3.31803632
 -1.34628046 -0.21368569]"
1746810084.7441285,"[ 0.          0.32711478  0.35355075  2.7694071  -2.32310897  0.15581829
  1.26852182  1.56949497]","[ 0.         -0.03686296 -0.15962761 -0.1177625  -0.20014223 -0.95236372
 -0.01215439  0.        ]","[ 0.         -0.2729874   7.59852839  0.68459308 -4.88965654 -3.36688805
 -1.33280969 -0.21853605]"
1746810084.7453008,"[ 0.          0.32705096  0.35323573  2.76917594 -2.3235167   0.15390806
  1.26849998  1.56949497]","[ 0.         -0.03133131 -0.15881731 -0.11683371 -0.19879174 -0.97343132
 -0.01066305  0.        ]","[ 0.         -0.27989286  7.48738861  0.67754912 -4.80051517 -3.38490415
 -1.32318652 -0.20230208]"
1746810084.7469404,"[ 0.          0.32702067  0.35306722  2.76906089 -2.32371378  0.15293773
  1.26849039  1.56949497]","[ 0.         -0.0285876  -0.15858712 -0.11668211 -0.19966962 -0.98323794
 -0.00972351  0.        ]","[ 0.         -0.31716013  7.5165596   0.62048215 -4.77971411 -3.44327688
 -1.3197118  -0.19601661]"
1746810084.7486603,"[ 0.          0.32697107  0.3527536   2.768826   -2.3241255   0.15090193
  1.26847242  1.56949497]","[ 0.         -0.02376858 -0.15935752 -0.11425123 -0.20136707 -0.99774005
 -0.00917866  0.        ]","[ 0.         -0.36120895  7.50488186  0.56884462 -4.66531563 -3.28649473
 -1.31692898 -0.19958262]"
1746810084.7503057,"[ 0.          0.32694903  0.35259564  2.76871282 -2.32432364  0.14991258
  1.26846283  1.56949497]","[ 0.         -0.02239538 -0.1601678  -0.11479143 -0.20095252 -1.00341212
 -0.00884253  0.        ]","[ 0.         -0.39367902  7.52628756  0.54781395 -4.54809761 -3.32612252
 -1.3118819  -0.20621444]"
1746810084.7520275,"[ 0.          0.32690495  0.35226913  2.76847659 -2.32471699  0.14784539
  1.26844578  1.56949497]","[ 0.         -0.02156609 -0.15935752 -0.11560426 -0.19933193 -1.01034613
 -0.00877772  0.        ]","[ 0.         -0.4563553   7.55468225  0.45949328 -4.3932991  -3.27235031
 -1.31325376 -0.16265023]"
1746810084.7531323,"[ 0.          0.32688382  0.35211257  2.76836181 -2.32492925  0.14684557
  1.26843047  1.56949497]","[ 0.         -0.0213377  -0.15865641 -0.11629406 -0.19986247 -1.01394592
 -0.00754635  0.        ]","[ 0.         -0.48449296  7.61263704  0.40869445 -4.33951092 -3.31138682
 -1.31058347 -0.202411  ]"
1746810084.7548294,"[ 0.          0.32683698  0.35178241  2.76813518 -2.32532046  0.1447584
  1.26842381  1.56949497]","[ 0.         -0.02284144 -0.16174566 -0.11386565 -0.19778086 -1.0211292
 -0.00719536  0.        ]","[ 0.         -0.53826255  7.60777569  0.39619419 -4.19184208 -3.5071671
 -1.29260898 -0.20060897]"
1746810084.7564864,"[ 0.          0.32678967  0.35146096  2.76790508 -2.32571941  0.14273593
  1.2684105   1.56949497]","[ 0.         -0.02428414 -0.16394917 -0.11128016 -0.19409479 -1.02474983
 -0.00626921  0.        ]","[ 0.         -0.54449648  7.58251095  0.38357121 -4.16793203 -3.46555305
 -1.27249169 -0.19997723]"
1746810084.758202,"[ 0.          0.32676627  0.35129934  2.76779749 -2.32590822  0.14172278
  1.26840677  1.56949497]","[ 0.         -0.02376858 -0.16394917 -0.10911938 -0.19149911 -1.02745081
 -0.00561774  0.        ]","[ 0.         -0.54854459  7.56745958  0.38272214 -4.17192173 -3.46559477
 -1.27963889 -0.19827215]"
1746810084.7592888,"[ 0.          0.32671897  0.35096275  2.7675863  -2.32628293  0.13961565
  1.26839625  1.56949497]","[ 0.         -0.02256916 -0.16394917 -0.10668851 -0.18906823 -1.02829856
 -0.00486175  0.        ]","[ 0.         -0.5780319   7.63614893  0.35765702 -4.24817944 -3.14790797
 -1.28781259 -0.23017097]"
1746810084.7610118,"[ 0.          0.32669876  0.35079973  2.76747418 -2.32646749  0.13860155
  1.26839146  1.56949497]","[ 0.         -0.02052741 -0.16529966 -0.10557352 -0.1869879  -1.02853119
 -0.00484819  0.        ]","[ 0.         -0.59084964  7.71264648  0.37080052 -4.3463378  -3.20828986
 -1.28825176 -0.19337931]"
1746810084.7626677,"[ 0.          0.32665881  0.35047599  2.76727098 -2.32684965  0.13649536
  1.268382    1.56949497]","[ 0.         -0.01711092 -0.16448936 -0.10317724 -0.18690745 -1.02840143
 -0.00473997  0.        ]","[ 0.         -0.60593897  7.78602123  0.34211627 -4.49411488 -3.33317018
 -1.32799721 -0.18787079]"
1746810084.7643805,"[ 0.          0.32664367  0.35030059  2.76717111 -2.32703368  0.13547937
  1.26837721  1.56949497]","[ 0.         -0.01539556 -0.16525642 -0.10128655 -0.18663736 -1.0304219
 -0.00476865  0.        ]","[ 0.         -0.63387173  7.82768106  0.30703157 -4.52725315 -3.34978032
 -1.32926357 -0.19539097]"
1746810084.76603,"[ 0.          0.3266198   0.34998008  2.76697004 -2.32741797  0.13343881
  1.26836775  1.56949497]","[ 0.         -0.011074   -0.16205848 -0.09686675 -0.18798785 -1.03339292
 -0.0047338   0.        ]","[ 0.         -0.72768402  7.94766283  0.26596493 -4.60970259 -3.13959265
 -1.33790433 -0.19995275]"
1746810084.767752,"[ 0.          0.32660235  0.34965774  2.76678149 -2.32778682  0.13131645
  1.2683563   1.56949497]","[ 0.         -0.00783283 -0.15698106 -0.09480422 -0.18671809 -1.03717428
 -0.00503707  0.        ]","[ 0.         -0.75066674  8.02130604  0.22287135 -4.59581947 -2.92766237
 -1.33496487 -0.19588575]"
1746810084.7688324,"[ 0.          0.32659683  0.34950437  2.76668216 -2.32798469  0.1302938
  1.26834964  1.56949497]","[ 0.         -0.0056663  -0.15557615 -0.09353663 -0.18632096 -1.03717428
 -0.00535265  0.        ]","[ 0.         -0.77655774  8.0779829   0.22859846 -4.60895967 -2.98135495
 -1.35281658 -0.16446936]"
1746810084.7706645,"[ 0.          0.32658904  0.34919808  2.7664952  -2.32835247  0.12818285
  1.26833446  1.56949591]","[ 0.00000000e+00 -3.23788582e-03 -1.55035956e-01 -9.56145072e-02
 -1.87177547e-01 -1.02915377e+00 -6.35461445e-03  1.05819570e-05]","[ 0.         -0.84511352  8.03519154  0.21439391 -4.55753469 -2.96853638
 -1.38153064 -0.16232079]"
1746810084.7718356,"[ 0.          0.32658627  0.34903323  2.76639986 -2.3285349   0.12717066
  1.26832581  1.56949591]","[ 0.00000000e+00 -2.50768450e-03 -1.55079649e-01 -9.66948934e-02
 -1.84829305e-01 -1.02560031e+00 -7.12551428e-03  1.05819570e-05]","[ 0.         -0.87753445  7.97159863  0.20314193 -4.54831553 -2.99101424
 -1.37203026 -0.17500338]"
1746810084.7736254,"[ 0.          0.32658488  0.34888033  2.76630186 -2.32871626  0.12514628
  1.26831729  1.56949591]","[ 0.00000000e+00 -1.35048743e-03 -1.55035956e-01 -9.92951623e-02
 -1.84123118e-01 -1.02474983e+00 -8.08223046e-03  1.05819570e-05]","[ 0.         -0.85819364  7.94850206  0.19250518 -4.52800035 -2.96502805
 -1.3563081  -0.1728712 ]"
1746810084.7748024,"[ 0.          0.32658351  0.34856624  2.76608747 -2.3290891   0.12413884
  1.26830876  1.56949591]","[ 0.00000000e+00 -5.40194952e-04 -1.53470300e-01 -1.07498797e-01
 -1.81775608e-01 -1.02177874e+00 -8.27891374e-03  1.05819570e-05]","[ 0.         -0.88495177  7.87249565  0.17779201 -4.50842476 -2.92226839
 -1.34230411 -0.18822648]"
1746810084.776599,"[ 0.          0.32658258  0.34826134  2.7658675  -2.32946461  0.12206025
  1.26828972  1.56949591]","[ 0.00000000e+00 -5.40194952e-04 -1.54652611e-01 -1.12900745e-01
 -1.84064046e-01 -1.01205521e+00 -9.36021436e-03  1.05819570e-05]","[ 0.         -0.87163222  7.77040863  0.18282697 -4.43974972 -2.83204365
 -1.3240931  -0.19208048]"
1746810084.7777345,"[ 0.          0.32658215  0.34810658  2.76574392 -2.32964544  0.12106328
  1.26827827  1.56949591]","[ 0.00000000e+00 -4.05146222e-04 -1.56767643e-01 -1.16356562e-01
 -1.83396192e-01 -1.01022036e+00 -1.00066041e-02  1.05820616e-05]","[ 0.         -0.84273845  7.75417709  0.21986327 -4.37975311 -3.03110218
 -1.31344938 -0.18358238]"
1746810084.7795236,"[ 0.          0.32658215  0.3477893   2.76551356 -2.33000603  0.11901511
  1.26825737  1.56949591]","[ 0.00000000e+00 -2.70097476e-04 -1.54724133e-01 -1.16952203e-01
 -1.81775608e-01 -9.97740053e-01 -1.07088225e-02  1.05819570e-05]","[ 0.         -0.82381684  7.78085947  0.23626988 -4.29754591 -3.11182785
 -1.30997205 -0.20336786]"
1746810084.7812116,"[ 0.          0.32658168  0.34763776  2.76539745 -2.33019698  0.11803717
  1.26824498  1.56949591]","[ 0.00000000e+00 -2.60074325e-04 -1.53685467e-01 -1.17762503e-01
 -1.79800991e-01 -9.91797942e-01 -1.09721540e-02  1.05819570e-05]","[ 0.         -0.82621181  7.79350424  0.29812101 -4.25765944 -3.14748383
 -1.31299102 -0.20037675]"
1746810084.7829692,"[ 0.          0.32658075  0.34733976  2.76515537 -2.33054745  0.11609175
  1.26822221  1.56949591]","[ 0.00000000e+00 -4.38741518e-04 -1.50291868e-01 -1.18111943e-01
 -1.76913841e-01 -9.83154785e-01 -1.15827763e-02  1.05820616e-05]","[ 0.         -0.78890777  7.76989412  0.34487998 -4.19899368 -3.0743711
 -1.31303179 -0.19853453]"
1746810084.7847114,"[ 0.          0.32657985  0.34701049  2.76491941 -2.33090325  0.11409401
  1.26819744  1.56949591]","[ 0.00000000e+00 -4.63619188e-04 -1.49773550e-01 -1.20193379e-01
 -1.73030237e-01 -9.72445016e-01 -1.20934561e-02  1.05820616e-05]","[ 0.         -0.69899762  7.65888786  0.40398884 -4.18979502 -2.8623085
 -1.31146204 -0.18786384]"
1746810084.786486,"[ 0.          0.32657938  0.34688559  2.7648033  -2.33107076  0.1131408
  1.26818599  1.56949591]","[ 0.00000000e+00 -4.78698850e-04 -1.49762897e-01 -1.17762503e-01
 -1.69891318e-01 -9.66678873e-01 -1.17033446e-02  1.05819570e-05]","[ 0.         -0.66779602  7.61651182  0.42455822 -4.22848606 -2.9465251
 -1.29659033 -0.18747856]"
1746810084.7876525,"[ 0.          0.32657938  0.34657473  2.76456841 -2.33139886  0.11118396
  1.26816322  1.56949591]","[ 0.00000000e+00 -3.07169689e-04 -1.51794789e-01 -1.13170839e-01
 -1.65569757e-01 -9.51283338e-01 -1.16083052e-02  1.05819570e-05]","[ 0.         -0.60063827  7.6351409   0.50634295 -4.33448553 -2.93671799
 -1.31307518 -0.17423542]"
1746810084.7921066,"[ 0.          0.32657938  0.34640345  2.76446055 -2.33156078  0.11024883
  1.26815084  1.56949591]","[ 0.00000000e+00 -2.19406909e-04 -1.50475626e-01 -1.09389475e-01
 -1.64219268e-01 -9.48312249e-01 -1.16976324e-02  1.05820616e-05]","[ 0.         -0.55609876  7.67228651  0.53917003 -4.40177774 -3.0073092
 -1.32694638 -0.17350326]"
1746810084.7937407,"[ 0.          0.32657938  0.34564212  2.76394895 -2.33240261  0.10556079
  1.26809758  1.56949591]","[ 0.00000000e+00  0.00000000e+00 -1.52334978e-01 -9.56145072e-02
 -1.65839851e-01 -9.26164270e-01 -1.07088225e-02  1.05819570e-05]","[ 0.         -0.39615661  8.01722813  0.63027817 -4.36857271 -2.89713192
 -1.34209323 -0.16616997]"
1746810084.795577,"[ 0.          0.32657938  0.3454814   2.76384749 -2.33256559  0.1045819
  1.26808612  1.56949591]","[ 0.00000000e+00  0.00000000e+00 -1.51464158e-01 -9.55427850e-02
 -1.65299662e-01 -9.21824849e-01 -1.09685379e-02  1.05819570e-05]","[ 0.         -0.39054948  8.00237942  0.61287206 -4.37966919 -2.80166578
 -1.35160649 -0.16989678]"
1746810084.7967443,"[ 0.          0.32657938  0.34518982  2.7636608  -2.33290728  0.10276966
  1.26806522  1.56949591]","[ 0.00000000e+00  0.00000000e+00 -1.47203117e-01 -9.39939238e-02
 -1.66854682e-01 -9.16440736e-01 -1.07052928e-02  1.05819570e-05]","[ 0.         -0.30164149  7.97628546  0.65035903 -4.35387468 -2.81475854
 -1.3550235  -0.16745897]"
1746810084.7985697,"[ 0.          0.32657938  0.34489271  2.76346825 -2.33323085  0.1009051
  1.26804911  1.56949591]","[ 0.00000000e+00  0.00000000e+00 -1.44306746e-01 -9.42002438e-02
 -1.63408968e-01 -9.10038763e-01 -8.77772278e-03  1.05978530e-05]","[ 0.         -0.29275385  7.99563932  0.64104921 -4.31563997 -2.92979217
 -1.32075918 -0.16686878]"
1746810084.799705,"[ 0.          0.32657938  0.34475176  2.76337637 -2.33338984  0.10001183
  1.26804245  1.56949591]","[ 0.00000000e+00  0.00000000e+00 -1.42881572e-01 -9.31836320e-02
 -1.61248196e-01 -9.05906935e-01 -7.74279393e-03  1.05979587e-05]","[ 0.         -0.28586417  7.97275162  0.66368866 -4.29026365 -2.83617711
 -1.31158984 -0.17546371]"
1746810084.8015428,"[ 0.          0.32657938  0.34461354  2.76319501 -2.33371528  0.09822623
  1.26803286  1.56949591]","[ 0.00000000e+00  0.00000000e+00 -1.40180594e-01 -9.12929458e-02
 -1.58736435e-01 -9.02020984e-01 -5.35264638e-03  1.05979587e-05]","[ 0.         -0.19145605  7.9576211   0.67307335 -4.24174356 -2.7173295
 -1.30261755 -0.16779226]"
1746810084.8032556,"[ 0.          0.32657938  0.34447623  2.7631042  -2.33387001  0.09727587
  1.268029    1.56949591]","[ 0.00000000e+00  0.00000000e+00 -1.39370294e-01 -9.21032375e-02
 -1.56926634e-01 -8.94992635e-01 -4.38741538e-03  1.05979587e-05]","[ 0.         -0.14251508  7.98762512  0.6491828  -4.24249077 -2.72876668
 -1.29364681 -0.15550008]"
1746810084.8045106,"[ 0.          0.32657938  0.3441943   2.76291991 -2.33417414  0.09552357
  1.26802434  1.56949591]","[ 0.00000000e+00  0.00000000e+00 -1.36399221e-01 -8.90418589e-02
 -1.53415373e-01 -8.85649600e-01 -2.80887137e-03  1.05979587e-05]","[ 0.         -0.14327377  8.01857758  0.69358724 -4.1750946  -2.60864663
 -1.29993832 -0.16342109]"
1746810084.8062284,"[ 0.          0.32657938  0.34405744  2.76291991 -2.33433606  0.09465312
  1.26802341  1.56949591]","[ 0.00000000e+00  0.00000000e+00 -1.38830105e-01 -8.90418589e-02
 -1.52467221e-01 -8.82678578e-01 -1.84332177e-03  1.05979587e-05]","[ 0.         -0.13294294  8.04339886  0.69358724 -4.13472271 -2.65799665
 -1.31552434 -0.16137445]"
1746810084.8074667,"[ 0.          0.32657985  0.34377505  2.76273961 -2.33463327  0.0928542
  1.26802141  1.56949591]","[ 0.00000000e+00  2.41272069e-05 -1.38830105e-01 -8.82704993e-02
 -1.50444300e-01 -8.77006511e-01 -9.90022658e-04  1.05979587e-05]","[ 0.         -0.07045453  8.08973312  0.72378862 -4.11914635 -2.75124979
 -1.3092128  -0.16750714]"
1746810084.8092287,"[ 0.          0.32657985  0.3436373   2.76265413 -2.33478161  0.09199327
  1.26802048  1.56949591]","[ 0.00000000e+00  2.40444301e-05 -1.39640388e-01 -8.67012899e-02
 -1.50444300e-01 -8.73225155e-01 -9.65231333e-04  1.05979587e-05]","[ 0.         -0.05502287  8.12788296  0.73095703 -4.13807726 -2.76565146
 -1.30614817 -0.17580785]"
1746810084.8104668,"[ 0.          0.32657985  0.34335214  2.76248848 -2.33508707  0.09021052
  1.26801955  1.56949591]","[ 0.00000000e+00  2.30956648e-05 -1.38554659e-01 -8.31057311e-02
 -1.49207229e-01 -8.69665041e-01 -6.14440613e-04  1.06059783e-05]","[ 0.         -0.04689727  8.16538715  0.74804157 -4.12532043 -2.86032796
 -1.31209743 -0.17955023]"
1746810084.8121932,"[ 0.          0.32657985  0.34321528  2.76240033 -2.33523195  0.08935815
  1.26801861  1.56949591]","[ 0.00000000e+00  2.30966664e-05 -1.38689440e-01 -8.30043562e-02
 -1.46933022e-01 -8.64581999e-01 -6.30227449e-04  1.05979587e-05]","[ 0.         -0.03471341  8.17501259  0.74958438 -4.1252594  -2.93355775
 -1.31908309 -0.19192186]"
1746810084.8140266,"[ 0.          0.32658028  0.3429485   2.7622424  -2.33551957  0.08766958
  1.26801475  1.56949591]","[ 0.00000000e+00  3.18192037e-05 -1.35048741e-01 -7.85983643e-02
 -1.44772250e-01 -8.54858531e-01 -1.17015267e-03  1.05979587e-05]","[ 0.          0.0143735   8.18326569  0.75284344 -4.22142506 -2.78953934
 -1.32510269 -0.17653826]"
1746810084.8151805,"[ 0.          0.32658028  0.34267666  2.76209033 -2.33580959  0.08594201
  1.26801102  1.56949591]","[ 0.00000000e+00  3.06157383e-05 -1.31402673e-01 -7.29736182e-02
 -1.40308376e-01 -8.39421851e-01 -1.37374692e-03  1.05980643e-05]","[ 0.          0.01082146  8.14293385  0.75737619 -4.34508228 -2.63938355
 -1.36765039 -0.17596829]"
1746810084.8169594,"[ 0.          0.32658028  0.34254716  2.76202003 -2.33594701  0.08512104
  1.26800903  1.56949591]","[ 0.00000000e+00  3.05268375e-05 -1.31134377e-01 -7.13057304e-02
 -1.39370294e-01 -8.33555906e-01 -1.42415036e-03  1.05979587e-05]","[ 0.00000000e+00  5.18986955e-03  8.10320568e+00  7.66309202e-01
 -4.41817427e+00 -2.60499215e+00 -1.37183762e+00 -1.76137224e-01]"
1746810084.8187058,"[ 0.          0.32658028  0.3422937   2.76188554 -2.33622265  0.08349906
  1.2680053   1.56949591]","[ 0.00000000e+00  2.95010841e-05 -1.27486012e-01 -6.69163041e-02
 -1.40180594e-01 -8.21096306e-01 -1.51587961e-03  1.05979587e-05]","[ 0.00000000e+00 -1.16894639e-03  8.04528904e+00  7.72818387e-01
 -4.51157522e+00 -2.72318172e+00 -1.35411763e+00 -1.86360985e-01]"
1746810084.8205223,"[ 0.          0.32658028  0.34215918  2.76182215 -2.33636992  0.08263528
  1.26800237  1.56949591]","[ 0.00000000e+00  2.95010841e-05 -1.26638070e-01 -6.42831993e-02
 -1.38674959e-01 -8.13242112e-01 -1.64631768e-03  1.05979587e-05]","[ 0.          0.02817704  8.03627872  0.79785752 -4.54870129 -2.87420774
 -1.35957587 -0.16197096]"
1746810084.8216338,"[ 0.          0.32658028  0.34191669  2.76169539 -2.33664076  0.08103803
  1.26799771  1.56949591]","[ 0.00000000e+00  2.83868647e-05 -1.21003670e-01 -6.18523200e-02
 -1.36800676e-01 -8.06773227e-01 -1.75530235e-03  1.05980643e-05]","[ 0.          0.03682537  8.0885334   0.81752253 -4.5447669  -2.87584209
 -1.39199865 -0.17072517]"
1746810084.823458,"[ 0.          0.32658028  0.34179685  2.7616344  -2.33677392  0.08018851
  1.26799291  1.56949591]","[ 0.00000000e+00  2.74260526e-05 -1.21543868e-01 -6.18523200e-02
 -1.35048741e-01 -7.99951407e-01 -1.84399966e-03  1.06059783e-05]","[ 0.          0.04184392  8.07198238  0.80436206 -4.51895523 -2.83749008
 -1.40163183 -0.18517728]"
1746810084.8252134,"[ 0.          0.32658075  0.34154845  2.76150763 -2.33705222  0.07863123
  1.26799105  1.56949591]","[ 0.00000000e+00  4.42150532e-05 -1.21543868e-01 -6.16310071e-02
 -1.35859032e-01 -7.86253770e-01 -1.82158762e-03  1.05979587e-05]","[ 0.          0.02248763  8.0516758   0.78603381 -4.48375273 -2.70942402
 -1.40356803 -0.17030917]"
1746810084.8264108,"[ 0.          0.32658075  0.34130324  2.76138806 -2.33732546  0.07703684
  1.26798812  1.56949591]","[ 0.00000000e+00  4.27089790e-05 -1.24785034e-01 -6.10420282e-02
 -1.39640388e-01 -7.75626826e-01 -1.95394530e-03  1.05980643e-05]","[ 0.          0.01560471  7.98638773  0.75985092 -4.5161829  -2.5620203
 -1.41308427 -0.17195018]"
1746810084.8282125,"[ 0.          0.32658075  0.34118063  2.76132654 -2.33747433  0.0762758
  1.26798626  1.56949591]","[ 0.00000000e+00  4.13984320e-05 -1.24244837e-01 -6.23925172e-02
 -1.40047702e-01 -7.71938614e-01 -1.95029073e-03  1.06060839e-05]","[ 0.          0.01570068  7.95421839  0.74946749 -4.52182293 -2.51974559
 -1.41348779 -0.19271751]"
1746810084.8300588,"[ 0.          0.32658075  0.34092806  2.76119445 -2.33774837  0.07477273
  1.26798346  1.56949591]","[ 0.00000000e+00  4.01671304e-05 -1.21960361e-01 -6.50934910e-02
 -1.38689440e-01 -7.61134702e-01 -1.95040504e-03  1.05979587e-05]","[ 0.          0.01176613  7.8417902   0.77288085 -4.50192881 -2.58278084
 -1.40113044 -0.17368554]"
1746810084.831203,"[ 0.          0.32658075  0.34080822  2.76113    -2.33789485  0.07397078
  1.26798239  1.56949591]","[ 0.00000000e+00  4.01671304e-05 -1.21543868e-01 -6.53635897e-02
 -1.37922649e-01 -7.55063826e-01 -1.90359530e-03  1.06059783e-05]","[ 0.         -0.00982666  7.78887272  0.78736794 -4.49420691 -2.69720554
 -1.38289845 -0.15958139]"
1746810084.8330228,"[ 0.          0.32658121  0.34056254  2.76099657 -2.33816569  0.07247818
  1.26798053  1.56949591]","[ 0.00000000e+00  5.30751840e-05 -1.19867324e-01 -6.51998011e-02
 -1.36669324e-01 -7.58433724e-01 -1.77078080e-03  1.05979587e-05]","[ 0.          0.02761899  7.71462822  0.82985765 -4.46599531 -2.73095322
 -1.38246834 -0.14564641]"
1746810084.834748,"[ 0.          0.32658121  0.34044683  2.76092946 -2.33830044  0.0717314
  1.26798053  1.56949591]","[ 0.00000000e+00  5.29605888e-05 -1.17222306e-01 -6.80645635e-02
 -1.36530848e-01 -7.56585956e-01 -1.66944895e-03  1.05979587e-05]","[ 0.          0.02589524  7.7014327   0.84118545 -4.45884085 -2.62250948
 -1.38630998 -0.14838439]"
1746810084.835982,"[ 0.          0.32658121  0.34020944  2.76079045 -2.33857901  0.07019504
  1.26797867  1.56949697]","[ 0.00000000e+00  5.15189399e-05 -1.14994447e-01 -7.10356359e-02
 -1.35665737e-01 -7.49790568e-01 -1.56032398e-03  2.12119566e-05]","[ 0.          0.08307613  7.71098423  0.83868599 -4.40221786 -2.52878594
 -1.38862073 -0.16185458]"
1746810084.8376806,"[ 0.          0.32658168  0.33999086  2.76064157 -2.33884586  0.06872433
  1.2679768   1.56949697]","[ 0.00000000e+00  6.43482844e-05 -1.10469869e-01 -7.29736182e-02
 -1.35048741e-01 -7.45739101e-01 -1.38868845e-03  2.11959173e-05]","[ 0.          0.10086902  7.70413446  0.82460147 -4.36638689 -2.33572412
 -1.39713061 -0.16589993]"
1746810084.839407,"[ 0.          0.32658168  0.33988251  2.76056807 -2.33897715  0.0679357
  1.26797574  1.56949697]","[ 0.00000000e+00  6.44798536e-05 -1.09929672e-01 -7.45469056e-02
 -1.33158055e-01 -7.42525398e-01 -1.27939078e-03  2.12119566e-05]","[ 0.          0.09377028  7.69453239  0.8064037  -4.35553074 -2.34447336
 -1.39257348 -0.14622051]"
1746810084.841081,"[ 0.          0.32658215  0.33966669  2.7604184  -2.3392448   0.06648495
  1.2679748   1.56949697]","[ 0.00000000e+00  6.96542599e-05 -1.04319682e-01 -7.64375836e-02
 -1.30048781e-01 -7.31423944e-01 -1.05625520e-03  2.11957060e-05]","[ 0.          0.13978659  7.60499287  0.8281222  -4.37191582 -2.34091926
 -1.38646317 -0.13521105]"
1746810084.842301,"[ 0.          0.32658215  0.33946462  2.76026767 -2.3395002   0.06505799
  1.26797294  1.56949697]","[ 0.00000000e+00  6.79031388e-05 -1.02907141e-01 -7.23127798e-02
 -1.29916888e-01 -7.22780855e-01 -9.98607386e-04  2.11959173e-05]","[ 0.          0.15942171  7.500319    0.81745028 -4.41502714 -2.39496279
 -1.37121511 -0.14836513]"
1746810084.8440413,"[ 0.          0.32658215  0.3393581   2.76019896 -2.33963842  0.064296
  1.26797201  1.56949697]","[ 0.00000000e+00  6.62379032e-05 -1.00307380e-01 -6.96851469e-02
 -1.30148832e-01 -7.17448540e-01 -1.00301825e-03  2.12119566e-05]","[ 0.          0.17406069  7.4399662   0.81307232 -4.45124292 -2.40040708
 -1.37704337 -0.15017347]"
1746810084.8458729,"[ 0.          0.32658258  0.3391556   2.76006074 -2.33989461  0.06288616
  1.26797014  1.56949697]","[ 0.00000000e+00  7.94835008e-05 -1.03717433e-01 -6.61738814e-02
 -1.29785253e-01 -7.13867654e-01 -9.93568576e-04  2.11959173e-05]","[ 0.          0.17590934  7.42276001  0.83360231 -4.45729208 -2.42942643
 -1.37728727 -0.1601854 ]"
1746810084.8470328,"[ 0.          0.32658258  0.3390532   2.75999949 -2.34002271  0.06218695
  1.26796908  1.56949697]","[ 0.00000000e+00  7.75809758e-05 -1.03717433e-01 -6.21224186e-02
 -1.29916888e-01 -7.08557311e-01 -9.53825839e-04  2.12117453e-05]","[ 0.          0.20344174  7.4650588   0.83147961 -4.43955278 -2.36047935
 -1.38306582 -0.16358367]"
1746810084.8488288,"[ 0.          0.32658305  0.33883785  2.75988524 -2.3402837   0.06075714
  1.26796721  1.56949697]","[ 0.00000000e+00  7.74399830e-05 -1.05474204e-01 -5.41659876e-02
 -1.27139610e-01 -6.94690697e-01 -9.04254047e-04  2.11959173e-05]","[ 0.          0.20584682  7.52329302  0.79145259 -4.41036367 -2.27591729
 -1.4026283  -0.15072662]"
1746810084.8505995,"[ 0.          0.32658305  0.33873269  2.75983517 -2.34040807  0.06007791
  1.26796535  1.56949697]","[ 0.00000000e+00  7.56329216e-05 -1.06688505e-01 -5.07268771e-02
 -1.26135523e-01 -6.88748585e-01 -9.04770229e-04  2.12119566e-05]","[ 0.          0.18092035  7.52615118  0.7483682  -4.44622946 -2.30963516
 -1.41166484 -0.16354728]"
1746810084.851827,"[ 0.          0.32658305  0.3385187   2.75974302 -2.34066001  0.05868519
  1.26796442  1.56949697]","[ 0.00000000e+00  7.40366829e-05 -1.04570452e-01 -4.59165715e-02
 -1.28836493e-01 -6.78077898e-01 -8.68579457e-04  2.12119566e-05]","[ 0.          0.1281047   7.56909704  0.6720866  -4.44755507 -2.23145032
 -1.42164111 -0.17789027]"
1746810084.85356,"[ 0.          0.32658258  0.33831114  2.759657   -2.34092179  0.05737429
  1.26796349  1.56949697]","[ 0.00000000e+00  6.15887942e-05 -1.05338016e-01 -4.11260274e-02
 -1.27356841e-01 -6.59179574e-01 -8.17547542e-04  2.11961286e-05]","[ 0.          0.10177062  7.58444262  0.63423139 -4.51616573 -2.31448412
 -1.4087075  -0.16645575]"
1746810084.854783,"[ 0.          0.32658258  0.33820921  2.75962078 -2.34104776  0.05658471
  1.26796242  1.56949697]","[ 0.00000000e+00  6.15887942e-05 -1.03342518e-01 -3.66960379e-02
 -1.27756107e-01 -6.50970513e-01 -8.20362197e-04  2.12119566e-05]","[ 0.          0.07339356  7.59880877  0.57813197 -4.54874849 -2.32123303
 -1.41464376 -0.1525839 ]"
1746810084.8565345,"[ 0.          0.32658305  0.33799386  2.759555   -2.34130662  0.05532423
  1.26796149  1.56949697]","[ 0.00000000e+00  7.05644550e-05 -1.05071983e-01 -3.21415997e-02
 -1.25885769e-01 -6.35367519e-01 -8.31479984e-04  2.12119566e-05]","[ 0.          0.04904528  7.6001792   0.53922915 -4.58162355 -2.40352774
 -1.42260575 -0.15736891]"
1746810084.857777,"[ 0.          0.32658305  0.33789146  2.75952331 -2.34143152  0.05465546
  1.26796056  1.56949697]","[ 0.00000000e+00  5.88024067e-05 -1.03717433e-01 -2.98414461e-02
 -1.26675712e-01 -6.29679606e-01 -8.27960073e-04  2.11959173e-05]","[ 0.          0.02396387  7.60993767  0.51344794 -4.59905863 -2.38058019
 -1.41346598 -0.15899749]"
1746810084.8601165,"[ 0.          0.32658305  0.33768803  2.75946978 -2.34168079  0.05343018
  1.26795962  1.56949697]","[ 0.00000000e+00  5.76441779e-05 -1.02802870e-01 -2.64695534e-02
 -1.26547365e-01 -6.16632513e-01 -7.94841623e-04  2.12119566e-05]","[ 0.00000000e+00  9.18292615e-04  7.70117426e+00  4.83715266e-01
 -4.57106113e+00 -2.41480541e+00 -1.40875089e+00 -1.24017946e-01]"
1746810084.8619468,"[ 0.          0.32658305  0.3374837   2.75941838 -2.34194045  0.05223439
  1.26795776  1.56949697]","[ 0.00000000e+00  5.63488858e-05 -9.83154852e-02 -2.40511243e-02
 -1.26675712e-01 -6.03326029e-01 -7.95448377e-04  2.11959173e-05]","[ 0.         -0.03644136  7.78100061  0.43546712 -4.54980087 -2.24454856
 -1.4230355  -0.13685146]"
1746810084.8630893,"[ 0.          0.32658305  0.33738865  2.75939575 -2.34206429  0.05159987
  1.26795776  1.56949697]","[ 0.00000000e+00  5.63500805e-05 -9.64247990e-02 -2.29582858e-02
 -1.25595326e-01 -5.98144450e-01 -7.65393473e-04  2.12119566e-05]","[ 0.         -0.05149253  7.82951498  0.42045748 -4.50548124 -2.20435309
 -1.41142917 -0.14519781]"
1746810084.8649414,"[ 0.          0.32658305  0.33719394  2.75935314 -2.34232155  0.05044023
  1.26795683  1.56949697]","[ 0.00000000e+00  5.52844219e-05 -9.37874039e-02 -2.03122459e-02
 -1.25384229e-01 -5.83680622e-01 -7.22468465e-04  2.11961286e-05]","[ 0.         -0.07691463  7.80158043  0.41414559 -4.48589849 -2.19035268
 -1.42026126 -0.14334911]"
1746810084.8660953,"[ 0.          0.32658305  0.33710256  2.75931905 -2.34257215  0.04924919
  1.26795683  1.56949697]","[ 0.00000000e+00  5.40919080e-05 -9.26434348e-02 -1.59357516e-02
 -1.27486012e-01 -5.81281313e-01 -6.96238474e-04  2.12119566e-05]","[ 0.         -0.06909388  7.77753735  0.39100087 -4.45881033 -2.1626153
 -1.40894032 -0.13679454]"
1746810084.8679094,"[ 0.          0.32658305  0.33691934  2.75930493 -2.34270851  0.04867746
  1.26795683  1.56949697]","[ 0.00000000e+00  5.30298904e-05 -9.37238210e-02 -1.43006622e-02
 -1.28393451e-01 -5.79311706e-01 -6.68691272e-04  2.12119566e-05]","[ 0.         -0.07648004  7.75023079  0.40391454 -4.44750118 -2.2241559
 -1.38672066 -0.17152447]"
1746810084.8696542,"[ 0.          0.32658305  0.33673199  2.75928336 -2.3429663   0.04751401
  1.26795576  1.56949697]","[ 0.00000000e+00  5.19306822e-05 -9.02766419e-02 -9.52920130e-03
 -1.31807566e-01 -5.94214423e-01 -6.27572090e-04  1.05979587e-05]","[ 0.         -0.10651771  7.72724485  0.40912077 -4.36607599 -2.21121955
 -1.38956308 -0.15134577]"
1746810084.870846,"[ 0.          0.32658351  0.33664337  2.75927644 -2.3430952   0.04687473
  1.26795576  1.56949697]","[ 0.00000000e+00  6.23168154e-05 -8.99424568e-02 -7.02253421e-03
 -1.30727179e-01 -6.01844313e-01 -5.98176735e-04  1.05980643e-05]","[ 0.         -0.12122739  7.74683285  0.40101388 -4.30424023 -2.24953222
 -1.37090409 -0.12086756]"
1746810084.8726137,"[ 0.          0.32658351  0.33646703  2.75927031 -2.34336604  0.04566087
  1.26795576  1.56949697]","[ 0.00000000e+00  6.12314765e-05 -8.94022679e-02 -1.89068235e-03
 -1.32030655e-01 -6.19333491e-01 -5.29533497e-04  1.06059783e-05]","[ 0.         -0.1229398   7.75057554  0.36638758 -4.24891043 -2.20948982
 -1.34631169 -0.09229361]"
1746810084.8738348,"[ 0.          0.32658351  0.33637476  2.75927085 -2.34349414  0.04566087
  1.26795576  1.56949697]","[ 0.00000000e+00  6.00961545e-05 -8.66842623e-02  5.01065112e-04
 -1.29916888e-01 -6.19333491e-01 -4.90308763e-04  1.05820616e-05]","[ 0.         -0.12647638  7.73832369  0.36360079 -4.25093031 -2.20948982
 -1.35050082 -0.09313796]"
1746810084.875595,"[ 0.          0.32658351  0.33620208  2.75927404 -2.34375726  0.04437089
  1.26795576  1.56949697]","[ 0.00000000e+00  6.00092653e-05 -8.85919761e-02  1.22847629e-03
 -1.27891911e-01 -6.32028114e-01 -4.21649986e-04  1.05899522e-05]","[ 0.         -0.16978687  7.66453695  0.35396042 -4.21673775 -2.11283636
 -1.35781205 -0.09667592]"
1746810084.8774173,"[ 0.          0.32658351  0.33611483  2.75927537 -2.3438827   0.04374589
  1.26795576  1.56949697]","[ 0.00000000e+00  6.00092653e-05 -8.85919761e-02  1.25839498e-03
 -1.27215910e-01 -6.33918759e-01 -3.92232556e-04  1.05820616e-05]","[ 0.         -0.21081951  7.66022301  0.3249186  -4.21905756 -2.06518817
 -1.36493564 -0.09226743]"
1746810084.8785949,"[ 0.          0.32658351  0.33593623  2.75927457 -2.34413197  0.04243309
  1.26795576  1.56949697]","[ 0.00000000e+00  4.90299758e-05 -8.66134472e-02  7.44791360e-04
 -1.25468077e-01 -6.42218035e-01 -3.13797618e-04  1.05900569e-05]","[ 0.         -0.25207818  7.65902328  0.28151035 -4.21336126 -1.96857882
 -1.38129663 -0.11550894]"
1746810084.8804443,"[ 0.          0.32658351  0.33584988  2.75927324 -2.34426486  0.04179666
  1.26795483  1.5694979 ]","[ 0.00000000e+00  4.90986679e-05 -8.75115816e-02  2.12797527e-04
 -1.25133459e-01 -6.45532938e-01 -3.53022321e-04  2.11801137e-05]","[ 0.         -0.26856855  7.66612291  0.28211218 -4.24722195 -2.00466204
 -1.38039529 -0.10690494]"
1746810084.8821566,"[ 0.          0.32658351  0.33567588  2.75927085 -2.34450481  0.04050193
  1.26795483  1.5694979 ]","[ 0.00000000e+00  4.82220874e-05 -8.80517789e-02 -5.26576582e-04
 -1.21003670e-01 -6.57290794e-01 -3.02803984e-04  2.11639139e-05]","[ 0.         -0.27235207  7.73351717  0.27514327 -4.31228352 -1.99470031
 -1.38952911 -0.10522991]"
1746810084.8833494,"[ 0.          0.32658351  0.33549814  2.75927164 -2.34474956  0.03915013
  1.2679539   1.5694979 ]","[ 0.00000000e+00  4.73122824e-05 -8.75115816e-02 -5.28479871e-04
 -1.19616554e-01 -6.60928539e-01 -3.02793224e-04  2.11799045e-05]","[ 0.         -0.27158353  7.76554966  0.29483435 -4.40435123 -2.07227945
 -1.4043231  -0.12187292]"
1746810084.8851492,"[ 0.          0.32658351  0.33541182  2.75927271 -2.34486807  0.03849278
  1.2679539   1.5694979 ]","[ 0.00000000e+00  4.64977946e-05 -8.75115816e-02 -3.31197761e-04
 -1.20071597e-01 -6.66600539e-01 -2.91783335e-04  2.11639139e-05]","[ 0.         -0.29700887  7.79793739  0.26704091 -4.47936392 -2.0072608
 -1.38932633 -0.11100342]"
1746810084.8862567,"[ 0.          0.32658351  0.33523595  2.75927271 -2.34511334  0.03712385
  1.2679539   1.5694979 ]","[ 0.00000000e+00  4.56513177e-05 -8.47597373e-02 -3.53986839e-04
 -1.26135523e-01 -6.69422957e-01 -2.28558275e-04  2.11799045e-05]","[ 0.         -0.33567423  7.80180883  0.23767622 -4.60405827 -1.98277402
 -1.39101887 -0.11022105]"
1746810084.8880477,"[ 0.          0.32658351  0.33515423  2.75927164 -2.3452489   0.03645793
  1.2679539   1.5694979 ]","[ 0.00000000e+00  4.57108706e-05 -8.29199257e-02 -3.24487941e-04
 -1.27641150e-01 -6.75929260e-01 -2.28550440e-04  2.11799045e-05]","[ 0.         -0.34966147  7.79662848  0.25611213 -4.64153957 -2.05643654
 -1.39151955 -0.10334088]"
1746810084.8892455,"[ 0.          0.32658351  0.33498295  2.75927138 -2.34550643  0.03512896
  1.2679539   1.5694979 ]","[ 0.00000000e+00  4.48917991e-05 -8.35058960e-02 -2.95021731e-05
 -1.31134377e-01 -6.71462340e-01 -1.64556324e-04  2.11639139e-05]","[ 0.         -0.36906528  7.84962273  0.24202146 -4.65867376 -1.87052548
 -1.40859771 -0.08553481]"
1746810084.8910081,"[ 0.          0.32658351  0.33490166  2.75927138 -2.34563692  0.03441738
  1.2679539   1.5694979 ]","[ 0.00000000e+00  4.04026196e-05 -8.23797284e-02  5.90043463e-05
 -1.32347763e-01 -6.70053328e-01 -1.27988248e-04  2.11639139e-05]","[ 0.         -0.35652113  7.87757206  0.23388594 -4.61252737 -1.76528084
 -1.40508723 -0.09065554]"
1746810084.8928356,"[ 0.          0.32658351  0.33473911  2.75927218 -2.34591176  0.03310553
  1.26795297  1.5694979 ]","[ 0.00000000e+00  3.97427419e-05 -8.29199257e-02  1.20222153e-04
 -1.35164197e-01 -6.63899628e-01 -1.58768256e-04  2.11799045e-05]","[ 0.         -0.38321567  7.93891764  0.2239403  -4.5759635  -1.70615089
 -1.40523696 -0.0901892 ]"
1746810084.894003,"[ 0.          0.32658351  0.33464913  2.75927218 -2.34604545  0.03245103
  1.26795297  1.5694979 ]","[ 0.00000000e+00  3.97928916e-05 -8.47597373e-02  1.10394675e-04
 -1.35588930e-01 -6.63226913e-01 -1.23486419e-04  2.11639139e-05]","[ 0.         -0.39308941  7.96214342  0.25181264 -4.55726004 -1.76463318
 -1.38534224 -0.09584609]"
1746810084.8958268,"[ 0.          0.32658351  0.33448564  2.75927164 -2.34631496  0.03109352
  1.26795297  1.5694979 ]","[ 0.00000000e+00  3.91034345e-05 -8.23797284e-02  0.00000000e+00
 -1.37070496e-01 -6.61025678e-01 -1.19873507e-04  2.11799045e-05]","[ 0.         -0.38413107  7.98920345  0.30575722 -4.48555517 -1.79389083
 -1.38167894 -0.10452428]"
1746810084.8975503,"[ 0.          0.32658351  0.33440528  2.75927164 -2.34645957  0.03044283
  1.26795297  1.5694979 ]","[ 0.00000000e+00  3.84837506e-05 -8.15694367e-02  0.00000000e+00
 -1.36167277e-01 -6.59848161e-01 -1.19581297e-04  2.11639139e-05]","[ 0.         -0.35949799  8.00112915  0.30505058 -4.44675207 -1.89574552
 -1.3766017  -0.11806423]"
1746810084.8987725,"[ 0.          0.32658398  0.33424226  2.75927164 -2.34672828  0.02909768
  1.26795297  1.5694979 ]","[ 0.00000000e+00  4.20428311e-05 -7.85983643e-02  0.00000000e+00
 -1.35588930e-01 -6.56896380e-01 -1.15915606e-04  2.11641232e-05]","[ 0.         -0.32960775  8.01970196  0.32523164 -4.38713503 -1.91622317
 -1.37428987 -0.12702832]"
1746810084.9005516,"[ 0.          0.32658398  0.33409486  2.75927164 -2.3469914   0.02780771
  1.26795297  1.5694979 ]","[ 0.00000000e+00  3.78834015e-05 -7.31964166e-02  0.00000000e+00
 -1.32617857e-01 -6.54322767e-01 -1.12207345e-04  2.11639139e-05]","[ 0.         -0.34220427  8.00368023  0.3471024  -4.40300465 -2.04877043
 -1.35742819 -0.11510967]"
1746810084.9017487,"[ 0.          0.32658398  0.33401866  2.75927164 -2.34713149  0.02716367
  1.26795297  1.5694979 ]","[ 0.00000000e+00  3.72585892e-05 -7.17197770e-02  0.00000000e+00
 -1.31904213e-01 -6.53095716e-01 -8.03318388e-05  2.11639139e-05]","[ 0.         -0.3472864   7.9899826   0.37746793 -4.44740105 -1.93812346
 -1.3527472  -0.08639658]"
1746810084.9034784,"[ 0.          0.32658398  0.33387721  2.75927164 -2.34739381  0.02584802
  1.26795297  1.56949883]","[ 0.00000000e+00  3.72585892e-05 -7.17731318e-02  0.00000000e+00
 -1.33292960e-01 -6.39459599e-01 -7.80139183e-05  2.91226556e-05]","[ 0.         -0.3254649   8.00590229  0.40613222 -4.51811314 -1.84495568
 -1.3546201  -0.11417728]"
1746810084.9046795,"[ 0.          0.32658398  0.33380787  2.75927164 -2.34752643  0.02522111
  1.26795297  1.56949883]","[ 0.00000000e+00  3.66961378e-05 -7.02253442e-02  0.00000000e+00
 -1.34508543e-01 -6.35809470e-01 -7.78406194e-05  2.91003827e-05]","[ 0.         -0.32162946  8.02667809  0.40789253 -4.50183344 -1.839697
 -1.35547042 -0.11902872]"
1746810084.9064562,"[ 0.          0.32658444  0.33366506  2.75927218 -2.34780367  0.02398726
  1.26795297  1.56949883]","[ 0.00000000e+00  3.66961378e-05 -6.99644043e-02  2.30198043e-05
 -1.35859032e-01 -6.22304580e-01 -7.56601400e-05  2.91003827e-05]","[ 0.         -0.27053633  8.1410675   0.46221143 -4.43577337 -1.84777308
 -1.36383104 -0.10552704]"
1746810084.9076848,"[ 0.          0.32658444  0.33359528  2.75927218 -2.34793736  0.02332991
  1.26795297  1.56949883]","[ 0.00000000e+00  3.61504165e-05 -7.07655415e-02  2.20789347e-05
 -1.35588930e-01 -6.18896533e-01 -7.58238487e-05  2.91003827e-05]","[ 0.         -0.2515308   8.16495705  0.51157755 -4.42286491 -1.76306534
 -1.3652916  -0.1022947 ]"
1746810084.90945,"[ 0.          0.32658444  0.33345477  2.75927218 -2.34823297  0.02213031
  1.26795297  1.56949883]","[ 0.00000000e+00  3.61498720e-05 -7.07655415e-02 -2.11479478e-05
 -1.34474272e-01 -6.03937957e-01 -7.35964502e-05  2.91003827e-05]","[ 0.         -0.23747511  8.29575253  0.57458842 -4.45275974 -1.77493918
 -1.3666805  -0.1239961 ]"
1746810084.9112813,"[ 0.          0.32658444  0.33338083  2.75927218 -2.34834562  0.0215405
  1.26795297  1.56949883]","[ 0.00000000e+00  3.55799720e-05 -6.96480499e-02 -2.12128018e-05
 -1.34912229e-01 -5.98265890e-01 -7.16442836e-05  2.91006692e-05]","[ 0.         -0.20815004  8.33308411  0.60670584 -4.43172264 -1.89143896
 -1.38572443 -0.128584  ]"
1746810084.9130056,"[ 0.          0.32658488  0.33324538  2.75927218 -2.34861194  0.02032283
  1.26795297  1.56949883]","[ 0.00000000e+00  3.90063862e-05 -6.86047607e-02 -2.04104928e-05
 -1.34508543e-01 -5.92509467e-01 -6.96560804e-05  2.91003827e-05]","[ 0.         -0.14525892  8.36899757  0.64243269 -4.51443815 -1.9058218
 -1.36656427 -0.12107452]"
1746810084.9142091,"[ 0.          0.32658488  0.33317697  2.75927218 -2.3487443   0.01974539
  1.26795297  1.56949883]","[ 0.00000000e+00  3.84510909e-05 -6.94150525e-02 -1.96123512e-05
 -1.34238449e-01 -5.85571333e-01 -6.96542599e-05  2.91003827e-05]","[ 0.         -0.13115524  8.38556099  0.66954172 -4.576478   -1.87750268
 -1.34671414 -0.10752678]"
1746810084.915997,"[ 0.          0.32658488  0.33304148  2.75927271 -2.34903298  0.0185496
  1.26795297  1.56949883]","[ 0.00000000e+00  3.45680512e-05 -6.42831993e-02  3.78504980e-05
 -1.30457085e-01 -5.82284393e-01 -6.80349762e-05  2.91003827e-05]","[ 0.         -0.11797601  8.41541576  0.67926902 -4.71120834 -1.7742902
 -1.35249639 -0.114477  ]"
1746810084.917161,"[ 0.          0.32658488  0.33297996  2.75927271 -2.34916055  0.01798167
  1.26795297  1.56949883]","[ 0.00000000e+00  3.40833722e-05 -6.23293004e-02  3.65680715e-05
 -1.29245605e-01 -5.76117910e-01 -6.80349762e-05  2.91003827e-05]","[ 0.         -0.12676325  8.44243717  0.68665338 -4.77334499 -1.8106606
 -1.36396623 -0.13955234]"
1746810084.9189322,"[ 0.          0.32658488  0.33285782  2.75927271 -2.34942553  0.01686769
  1.26795203  1.56949883]","[ 0.00000000e+00  3.36120972e-05 -5.91513461e-02  4.41022906e-05
 -1.28836493e-01 -5.61532642e-01 -9.05111398e-05  2.91006692e-05]","[ 0.         -0.09513479  8.5072279   0.71217591 -4.87141705 -1.60941565
 -1.39554477 -0.10401993]"
1746810084.9207673,"[ 0.          0.32658534  0.3327444   2.75927271 -2.34968226  0.01572898
  1.26795203  1.56949883]","[ 0.00000000e+00  3.36116238e-05 -5.67204709e-02  4.28119684e-05
 -1.30727179e-01 -5.52693677e-01 -8.79221162e-05  2.91003827e-05]","[ 0.00000000e+00 -7.87552167e-03  8.60372829e+00  7.58078694e-01
 -4.91843891e+00 -1.45709419e+00 -1.39456594e+00 -8.60478058e-02]"
1746810084.9219298,"[ 0.          0.32658581  0.33268608  2.75927271 -2.34982048  0.01519054
  1.26795203  1.56949883]","[ 0.00000000e+00  3.68369071e-05 -5.49182932e-02  4.27076095e-05
 -1.30148832e-01 -5.46137108e-01 -6.28015127e-05  2.91003827e-05]","[ 0.         -0.01218294  8.63716316  0.7990132  -4.93931675 -1.51176775
 -1.37670338 -0.09858807]"
1746810084.923756,"[ 0.          0.32658581  0.33258415  2.75927324 -2.35008174  0.01411842
  1.26795203  1.56949883]","[ 0.00000000e+00  3.63036206e-05 -5.13185192e-02  3.42495739e-05
 -1.32483492e-01 -5.41275341e-01 -6.14821556e-05  2.91006692e-05]","[ 0.          0.05114155  8.67634773  0.84572369 -4.91980696 -1.50448322
 -1.38715959 -0.11726873]"
1746810084.9255066,"[ 0.          0.32658581  0.33253548  2.75927324 -2.35021356  0.01354763
  1.26795203  1.56949883]","[ 0.00000000e+00  3.58221418e-05 -4.93777572e-02  3.31971832e-05
 -1.33698252e-01 -5.37396813e-01 -6.13730545e-05  2.90787152e-05]","[ 0.          0.05175829  8.75288582  0.84432721 -4.91537333 -1.51573777
 -1.39367759 -0.11660456]"
1746810084.9267223,"[ 0.          0.32658627  0.33243537  2.75927324 -2.35049266  0.01250405
  1.26795203  1.56949883]","[ 0.00000000e+00  4.24239091e-05 -4.83474467e-02  3.21337047e-05
 -1.36939419e-01 -5.26690073e-01 -6.00108420e-05  2.91003827e-05]","[ 0.          0.08600384  8.82176876  0.91412175 -4.92220736 -1.55428803
 -1.4101212  -0.11392105]"
1746810084.9284823,"[ 0.          0.32658627  0.33238944  2.75927351 -2.35062902  0.01198559
  1.26795203  1.56949883]","[ 0.00000000e+00  4.94446805e-05 -4.64567646e-02  4.01671304e-05
 -1.38289908e-01 -5.25879773e-01 -4.20075870e-05  2.91003827e-05]","[ 0.          0.10691667  8.81113434  0.90824759 -4.93965435 -1.61622047
 -1.40923667 -0.10050718]"
1746810084.929676,"[ 0.          0.32658674  0.33230861  2.75927351 -2.35076697  0.01091442
  1.26795203  1.56949883]","[ 0.00000000e+00  5.50680767e-05 -3.91244538e-02  5.44868431e-05
 -1.39910499e-01 -5.22908717e-01 -4.20066442e-05  2.91006692e-05]","[ 0.          0.14871594  8.71852016  0.93791139 -4.93058968 -1.64621472
 -1.37349439 -0.08272834]"
1746810084.9314272,"[ 0.          0.32658717  0.33227096  2.75927351 -2.35091531  0.01039786
  1.26795203  1.56949883]","[ 0.00000000e+00  5.85673564e-05 -3.53583529e-02  5.29605888e-05
 -1.39546637e-01 -5.23989095e-01 -4.10936330e-05  2.91006692e-05]","[ 0.          0.15329419  8.69155693  0.93791139 -4.88909245 -1.51743925
 -1.33948755 -0.09613131]"
1746810084.9331856,"[ 0.          0.32658717  0.33221127  2.75927351 -2.35119174  0.00931813
  1.26795203  1.56949883]","[ 0.00000000e+00  5.77729065e-05 -2.89004307e-02  5.15175135e-05
 -1.39370294e-01 -5.27770484e-01 -4.01536350e-05  2.90784288e-05]","[ 0.          0.20488156  8.53524876  0.95660132 -4.83759165 -1.51116157
 -1.32544506 -0.14151931]"
1746810084.934375,"[ 0.          0.32658717  0.33218557  2.75927351 -2.35132703  0.00880347
  1.26795203  1.56949883]","[ 0.00000000e+00  5.70550323e-05 -2.59293582e-02  5.16259401e-05
 -1.37209521e-01 -5.22098417e-01 -4.01544965e-05  2.91003827e-05]","[ 0.          0.2416147   8.46130943  0.96659666 -4.79159546 -1.46106815
 -1.31519592 -0.12068456]"
1746810084.9361825,"[ 0.          0.32658764  0.3321392   2.75927404 -2.3516064   0.00774657
  1.26795297  1.56949883]","[ 0.00000000e+00  5.70550323e-05 -2.20468647e-02  6.44781143e-05
 -1.35451552e-01 -5.14075345e-01 -2.24672967e-05  1.85186086e-05]","[ 0.          0.2552982   8.35763073  0.9730587  -4.74937391 -1.39841998
 -1.29824841 -0.11602993]"
1746810084.937968,"[ 0.          0.32658857  0.33210198  2.75927457 -2.35187484  0.00673628
  1.26795297  1.56949883]","[ 0.00000000e+00  6.87706817e-05 -1.78264326e-02  7.67722910e-05
 -1.36399221e-01 -5.09921013e-01 -2.20100515e-05  1.85186086e-05]","[ 0.          0.30736884  8.22853851  0.99239326 -4.69046497 -1.35288656
 -1.2962445  -0.12903117]"
1746810084.9397898,"[ 0.          0.32658904  0.33207122  2.75927457 -2.35214995  0.0057317
  1.26795297  1.56949883]","[ 0.00000000e+00  7.01477915e-05 -1.40450684e-02  7.46934519e-05
 -1.33968346e-01 -5.08323450e-01 -2.15701704e-05  1.85184257e-05]","[ 0.          0.38387775  8.14824295  1.02296901 -4.60005569 -1.30325973
 -1.28311491 -0.12096141]"
1746810084.9409626,"[ 0.          0.32658947  0.33205974  2.75927457 -2.35228044  0.00519326
  1.26795297  1.56949883]","[ 0.00000000e+00  7.66643845e-05 -1.16141912e-02  7.28616915e-05
 -1.32347763e-01 -5.07053821e-01 -2.15701704e-05  1.85046377e-05]","[ 0.          0.380389    8.11796284  1.06297934 -4.56773758 -1.2436713
 -1.28311491 -0.1222837 ]"
1746810084.9433167,"[ 0.          0.32658947  0.33204322  2.75927511 -2.35254729  0.00420581
  1.26795297  1.56949977]","[ 0.00000000e+00  7.56320195e-05 -7.57040730e-03  8.40480978e-05
 -1.29785253e-01 -4.96979349e-01  0.00000000e+00  2.64551545e-05]","[ 0.          0.39352372  7.93355274  1.07737577 -4.58580017 -1.2396152
 -1.27302206 -0.10924375]"
1746810084.9444878,"[ 0.          0.32658994  0.3320345   2.75927511 -2.35280429  0.00320884
  1.2679539   1.56949977]","[ 0.00000000e+00  8.09178188e-05 -3.24116978e-03  8.40460578e-05
 -1.31267377e-01 -4.83474492e-01  2.03217181e-05  2.64548924e-05]","[ 0.          0.42042693  7.7313838   1.10787857 -4.64860725 -1.23356521
 -1.27242482 -0.13114643]"
1746810084.9462721,"[ 0.00000000e+00  3.26589936e-01  3.32032638e-01  2.75927511e+00
 -2.35293478e+00  2.73318662e-03  1.26795390e+00  1.56949977e+00]","[ 0.00000000e+00  7.99960585e-05 -1.89068235e-03  8.20813588e-05
 -1.32347763e-01 -4.82394081e-01  1.99181864e-05  2.64548924e-05]","[ 0.          0.4298436   7.61445761  1.08441007 -4.68895054 -1.32399511
 -1.26494336 -0.10851261]"
1746810084.948056,"[ 0.00000000e+00  3.26590402e-01  3.32032638e-01  2.75927537e+00
 -2.35320616e+00  1.75904937e-03  1.26795390e+00  1.56949977e+00]","[ 0.00000000e+00  8.51044384e-05  5.40194952e-04  8.62243103e-05
 -1.32347763e-01 -4.72949313e-01  1.95845862e-05  2.64551545e-05]","[ 0.          0.46608409  7.47957277  1.05335784 -4.77105951 -1.3089267
 -1.22189343 -0.10660076]"
1746810084.9492204,"[ 0.00000000e+00  3.26590868e-01  3.32033104e-01  2.75927591e+00
 -2.35333559e+00  1.29386080e-03  1.26795390e+00  1.56949977e+00]","[ 0.00000000e+00  8.82204051e-05  4.04940861e-04  9.87155745e-05
 -1.31267377e-01 -4.71860280e-01  1.95849479e-05  2.64351959e-05]","[ 0.          0.48342898  7.44707775  1.06851566 -4.79189396 -1.31266773
 -1.21770954 -0.10291161]"
1746810084.9510052,"[ 0.00000000e+00  3.26591301e-01  3.32033570e-01  2.75927591e+00
 -2.35360110e+00  3.63255173e-04  1.26795390e+00  1.56949977e+00]","[ 0.00000000e+00  9.21488441e-05  3.60008242e-04  8.43020197e-05
 -1.29646785e-01 -4.72130391e-01  1.92098760e-05  2.64548924e-05]","[ 0.          0.50145358  7.39941311  1.10776579 -4.80337954 -1.34749031
 -1.19618309 -0.10678074]"
1746810084.9522133,"[ 0.00000000e+00  3.26591767e-01  3.32032638e-01  2.75927591e+00
 -2.35372814e+00 -1.32092790e-04  1.26795390e+00  1.56949977e+00]","[ 0.00000000e+00  9.80939318e-05 -1.75554461e-04  8.43020197e-05
 -1.28836493e-01 -4.66429329e-01  1.88742805e-05  2.64548924e-05]","[ 0.          0.53480214  7.41406059  1.09090638 -4.83642435 -1.29400826
 -1.20047772 -0.10831726]"
1746810084.953944,"[ 0.00000000e+00  3.26591767e-01  3.32031739e-01  2.75927591e+00
 -2.35398087e+00 -1.03330650e-03  1.26795390e+00  1.56949977e+00]","[ 0.00000000e+00  9.70261236e-05 -2.65996900e-04  8.24635706e-05
 -1.28566399e-01 -4.54844145e-01  1.85256936e-05  2.64548924e-05]","[ 0.          0.52824777  7.45415163  1.10329199 -4.89654922 -1.26047611
 -1.21701694 -0.09941983]"
1746810084.955161,"[ 0.00000000e+00  3.26592233e-01  3.32031739e-01  2.75927644e+00
 -2.35411749e+00 -1.47432598e-03  1.26795390e+00  1.56949977e+00]","[ 0.00000000e+00  9.99651991e-05 -2.19406909e-04  9.20812085e-05
 -1.28644221e-01 -4.47281434e-01  1.85498886e-05  2.64548924e-05]","[ 0.          0.53255522  7.47918081  1.08877635 -4.93762302 -1.2493639
 -1.22013569 -0.09532652]"
1746810084.9569204,"[ 0.00000000e+00  3.26592699e-01  3.32032205e-01  2.75927670e+00
 -2.35437102e+00 -2.37074600e-03  1.26795390e+00  1.56949977e+00]","[ 0.00000000e+00  1.04620034e-04 -2.64239936e-04  9.59473921e-05
 -1.28836493e-01 -4.34316733e-01  1.82367693e-05  2.64351959e-05]","[ 0.          0.56584811  7.48901463  1.11972237 -5.03227568 -1.20143127
 -1.24890959 -0.09700809]"
1746810084.9581432,"[ 0.          0.32659317  0.33203221  2.7592767  -2.35449779 -0.00279206
  1.2679539   1.56949977]","[ 0.00000000e+00  1.09256704e-04 -1.88742797e-04  9.39835140e-05
 -1.28566399e-01 -4.27294210e-01  1.79111298e-05  2.64349338e-05]","[ 0.          0.60300022  7.49339437  1.10197651 -5.08259296 -1.26199377
 -1.25946832 -0.10375381]"
1746810084.9598763,"[ 0.          0.3265936   0.33203221  2.7592767  -2.35475958 -0.00365386
  1.2679539   1.56949977]","[ 0.00000000e+00  1.13795716e-04  0.00000000e+00  9.38374173e-05
 -1.28026201e-01 -4.19284853e-01  1.76187433e-05  2.64551545e-05]","[ 0.          0.62247682  7.55218363  1.06773102 -5.15499067 -1.26149023
 -1.24102151 -0.09762684]"
1746810084.9616823,"[ 0.          0.32659406  0.33203221  2.75927724 -2.35488635 -0.00406398
  1.2679539   1.56949977]","[ 0.00000000e+00  1.15423635e-04  0.00000000e+00  1.02776708e-04
 -1.28566399e-01 -4.15950109e-01  1.76187433e-05  2.64351959e-05]","[ 0.          0.65086716  7.64876556  1.08873689 -5.1527667  -1.28933239
 -1.24248481 -0.1011439 ]"
1746810084.9628346,"[ 0.          0.326595    0.33203264  2.75927724 -2.35515213 -0.00486133
  1.2679539   1.56949977]","[ 0.00000000e+00  1.24097561e-04  5.31887593e-05  1.00604543e-04
 -1.31279061e-01 -3.99339241e-01  1.73363127e-05  2.64548924e-05]","[ 0.          0.66239524  7.79159021  1.08868992 -5.18638611 -1.272524
 -1.24567187 -0.11136273]"
1746810084.9646807,"[ 0.          0.32659546  0.3320331   2.75927777 -2.35541525 -0.00565336
  1.2679539   1.56949977]","[ 0.00000000e+00  1.28203135e-04  1.20211303e-04  1.08895168e-04
 -1.33968346e-01 -3.83538407e-01  1.70622493e-05  2.64349338e-05]","[ 0.          0.70064801  7.91150808  1.05988431 -5.1500144  -1.32782054
 -1.27464366 -0.12027374]"
1746810084.9658206,"[ 0.          0.32659589  0.3320331   2.75927777 -2.35554947 -0.00602567
  1.2679539   1.56949977]","[ 0.00000000e+00  1.29621808e-04  1.21063786e-04  1.07155084e-04
 -1.36129127e-01 -3.77596262e-01  1.70417765e-05  2.64548924e-05]","[ 0.          0.72845024  7.99023199  1.07174051 -5.13780594 -1.36357713
 -1.27310216 -0.10314977]"
1746810084.9676044,"[ 0.          0.32659636  0.3320331   2.7592783  -2.35582618 -0.00677508
  1.2679539   1.56949977]","[ 0.00000000e+00  1.33582845e-04  6.54178604e-05  1.15019918e-04
 -1.35318835e-01 -3.62611187e-01  1.70622493e-05  2.64551545e-05]","[ 0.          0.70217311  8.10690212  1.09656966 -5.04345989 -1.37813592
 -1.26069188 -0.09973417]"
1746810084.9687595,"[ 0.          0.32659683  0.33203357  2.75927857 -2.3559604  -0.00712609
  1.2679539   1.56949977]","[ 0.00000000e+00  1.37565437e-04  1.09029773e-04  1.10016982e-04
 -1.35991200e-01 -3.55627779e-01  1.67969795e-05  2.64349338e-05]","[ 0.          0.71630031  8.16344166  1.12150669 -4.99695539 -1.38029647
 -1.26202452 -0.10394862]"
1746810084.9706252,"[ 0.          0.32659729  0.33203404  2.7592791  -2.35624056 -0.0078217
  1.26795483  1.56949977]","[ 0.00000000e+00  1.42965766e-04  1.41228242e-04  1.17509691e-04
 -1.37922649e-01 -3.51126704e-01  2.89105914e-05  2.64548924e-05]","[ 0.          0.79759932  8.32729435  1.17201698 -4.90098381 -1.40993321
 -1.25883281 -0.11936543]"
1746810084.9717767,"[ 0.          0.32659776  0.33203404  2.75927963 -2.35637638 -0.00816792
  1.26795483  1.56949977]","[ 0.00000000e+00  1.42856421e-04  1.30711877e-04  1.27299807e-04
 -1.37749710e-01 -3.51126704e-01  2.89105914e-05  2.64548924e-05]","[ 0.          0.82963818  8.39280033  1.16845274 -4.86449289 -1.35975182
 -1.24523842 -0.11580455]"
1746810084.9735336,"[ 0.          0.32659912  0.3320345   2.75928017 -2.35664723 -0.00887845
  1.26795483  1.56949977]","[ 0.00000000e+00  1.56083866e-04  1.57190791e-04  1.32295770e-04
 -1.37209521e-01 -3.43563993e-01  2.84417241e-05  2.64351959e-05]","[ 0.          0.88186687  8.5137043   1.21249199 -4.80169535 -1.28784788
 -1.23487639 -0.13013448]"
1746810084.9752922,"[ 0.          0.32659959  0.3320345   2.75928043 -2.35678039 -0.00920974
  1.26795483  1.56949977]","[ 0.00000000e+00  1.58609611e-04  1.47634425e-04  1.36838529e-04
 -1.34911904e-01 -3.36001248e-01  2.84751762e-05  2.64948971e-05]","[ 0.          0.86485797  8.57955837  1.23806596 -4.76188231 -1.31994045
 -1.23376715 -0.14410581]"
1746810084.9765136,"[ 0.          0.32660049  0.3320354   2.75928097 -2.35705309 -0.00987713
  1.26795483  1.56949977]","[ 0.00000000e+00  1.69312986e-04  1.85575368e-04  1.43761642e-04
 -1.32077668e-01 -3.21956202e-01  2.80526794e-05  2.64948971e-05]","[ 0.          0.88938886  8.67396927  1.25874019 -4.7532959  -1.18087912
 -1.25074291 -0.1489628 ]"
1746810084.978207,"[ 0.          0.32660095  0.3320354   2.7592815  -2.35718306 -0.01019138
  1.26795483  1.56949977]","[ 0.00000000e+00  1.74604019e-04  1.75525527e-04  1.50453355e-04
 -1.31807566e-01 -3.18715035e-01  2.76114226e-05  2.65149452e-05]","[ 0.          0.95246607  8.76171494  1.30824292 -4.76277208 -1.08241189
 -1.26519215 -0.12701106]"
1746810084.9800363,"[ 0.          0.32660235  0.33203587  2.7592823  -2.35744911 -0.01081137
  1.26795483  1.56949977]","[ 0.00000000e+00  1.93517924e-04  1.94259656e-04  1.58571298e-04
 -1.29396523e-01 -3.12232668e-01  2.76110142e-05  2.64948971e-05]","[ 0.          0.997015    8.88825321  1.32945597 -4.78056431 -1.08188474
 -1.2670455  -0.13642816]"
1746810084.9812,"[ 0.          0.32660279  0.33203633  2.75928283 -2.35757481 -0.01113681
  1.26795483  1.56949977]","[ 0.00000000e+00  2.11693349e-04  1.93493461e-04  1.64694976e-04
 -1.27356841e-01 -3.06439061e-01  2.72135922e-05  1.85464284e-05]","[ 0.          1.02847624  8.96732712  1.3404032  -4.79260778 -1.09686327
 -1.26917934 -0.11938018]"
1746810084.983015,"[ 0.          0.32660372  0.33203723  2.75928363 -2.35782275 -0.0117259
  1.26795483  1.56949977]","[ 0.00000000e+00  2.53775374e-04  2.23518831e-04  1.71962964e-04
 -1.25595326e-01 -2.95486645e-01  2.68274509e-05  1.85464284e-05]","[ 0.          1.041785    9.14353371  1.41202295 -4.8719635  -1.17168379
 -1.27665818 -0.12219951]"
1746810084.9841232,"[ 0.          0.32660462  0.33203816  2.75928363 -2.35795457 -0.01203589
  1.26795483  1.56949977]","[ 0.00000000e+00  2.87690773e-04  2.63294484e-04  1.71962964e-04
 -1.24130388e-01 -2.91894473e-01  2.68278370e-05  1.85464284e-05]","[ 0.          1.09736192  9.20550728  1.41202295 -4.90543127 -1.1633358
 -1.30851257 -0.13623726]"
1746810084.9859302,"[ 0.          0.32660601  0.33203906  2.75928469 -2.35819985 -0.0126074
  1.26795483  1.56949977]","[ 0.00000000e+00  3.45771514e-04  2.63596268e-04  1.83054695e-04
 -1.24785034e-01 -2.89004311e-01  2.64236205e-05  1.85464284e-05]","[ 0.          1.1502974   9.38484669  1.49092102 -4.97927523 -1.17648482
 -1.33266008 -0.14169797]"
1746810084.987619,"[ 0.          0.32660738  0.33203906  2.75928549 -2.35845791 -0.01316294
  1.26795483  1.56949977]","[ 0.00000000e+00  3.93984840e-04  2.52399694e-04  1.89335474e-04
 -1.26547365e-01 -2.79537472e-01  2.60594189e-05  1.85464284e-05]","[ 0.          1.22641122  9.4718523   1.53576505 -5.07780695 -1.13353288
 -1.32957137 -0.15235277]"
1746810084.9915702,"[ 0.          0.32660831  0.33203906  2.75928656 -2.35858414 -0.01345163
  1.26795483  1.56949977]","[ 0.00000000e+00  4.27531697e-04  2.52399694e-04  2.02158114e-04
 -1.28026201e-01 -2.71833014e-01  2.60594189e-05  1.85464284e-05]","[ 0.          1.23537207  9.4718523   1.56571615 -5.14401102 -1.16139507
 -1.34582388 -0.14762813]"
1746810084.9926555,"[ 0.          0.32661014  0.33203953  2.75928736 -2.35885046 -0.01396402
  1.26795483  1.56949977]","[ 0.00000000e+00  4.80614427e-04  2.53021922e-04  2.07614148e-04
 -1.30901134e-01 -2.56592608e-01  3.67216048e-05  1.85464284e-05]","[ 0.          1.27008104  9.5346384   1.61439824 -5.19046021 -1.20024502
 -1.32855237 -0.12985294]"
1746810084.9944456,"[ 0.          0.32661244  0.33204046  2.75928922 -2.35924088 -0.01476243
  1.26795483  1.56949977]","[ 0.00000000e+00  5.54738991e-04  2.84906254e-04  2.24620083e-04
 -1.32887960e-01 -2.66586486e-01  3.57495282e-05  1.85464284e-05]","[ 0.          1.29848862  9.57388496  1.64042199 -5.13131189 -1.24289024
 -1.34618223 -0.14691429]"
1746810084.9956036,"[ 0.          0.3266138   0.33204093  2.75929002 -2.35951439 -0.01530625
  1.26795483  1.56949977]","[ 0.00000000e+00  5.90970725e-04  2.85166589e-04  2.29102773e-04
 -1.34411896e-01 -2.77660210e-01  3.58221418e-05  1.85464284e-05]","[ 0.          1.33027959  9.60775661  1.68027031 -5.03392982 -1.23358345
 -1.32244945 -0.13649081]"
1746810084.9974246,"[ 0.          0.32661427  0.33204136  2.75929055 -2.35964808 -0.01560719
  1.26795483  1.56949977]","[ 0.00000000e+00  6.12536153e-04  2.94125174e-04  2.36152087e-04
 -1.35588930e-01 -2.83368363e-01  3.53532603e-05  1.85604623e-05]","[ 0.          1.30764735  9.63315105  1.6776849  -4.98621321 -1.19534957
 -1.30894566 -0.1476156 ]"
1746810084.9991832,"[ 0.          0.3266152   0.33204183  2.75929109 -2.35992585 -0.0161819
  1.26795483  1.56949977]","[ 0.00000000e+00  6.49047793e-04  2.91809667e-04  2.49425875e-04
 -1.35037048e-01 -2.95486645e-01  3.53532603e-05  1.85462435e-05]","[ 0.          1.29946315  9.6527071   1.69302619 -4.82331514 -1.14855134
 -1.28451037 -0.15726744]"
1746810085.0004082,"[ 0.          0.3266161   0.33204229  2.75929162 -2.36018897 -0.01680401
  1.26795576  1.56949977]","[ 0.00000000e+00  6.32725268e-04  2.91809667e-04  2.64364479e-04
 -1.32077668e-01 -3.08445220e-01  4.88064906e-05  1.85604623e-05]","[ 0.          1.27995038  9.62652969  1.67818463 -4.70920324 -1.19318354
 -1.26913786 -0.17054853]"
1746810085.002117,"[ 0.          0.32661657  0.33204229  2.75929162 -2.36031999 -0.01711134
  1.26795576  1.56949977]","[ 0.00000000e+00  6.29356460e-04  2.81870212e-04  2.72507633e-04
 -1.32887960e-01 -3.11692479e-01  4.81845676e-05  1.85464284e-05]","[ 0.          1.30904901  9.56390476  1.67691088 -4.6779418  -1.19552672
 -1.25566125 -0.17300466]"
1746810085.0038533,"[ 0.          0.3266184   0.33204229  2.75929188 -2.36059323 -0.01773985
  1.26795576  1.56949977]","[ 0.00000000e+00  6.71590385e-04  2.65434197e-04  2.68455480e-04
 -1.34238449e-01 -3.19255224e-01  4.81839458e-05  1.05979587e-05]","[ 0.          1.28336501  9.49522018  1.61316252 -4.64967489 -1.17475092
 -1.22661781 -0.17669824]"
1746810085.0055695,"[ 0.          0.32661933  0.33204276  2.75929242 -2.36072799 -0.01807754
  1.26795683  1.56949977]","[ 0.00000000e+00  6.78782611e-04  2.73876762e-04  2.72548108e-04
 -1.36669324e-01 -3.17974410e-01  6.11713099e-05  1.06059783e-05]","[ 0.          1.24704933  9.4579134   1.5829742  -4.62473917 -1.18073261
 -1.2276026  -0.18197836]"
1746810085.0067654,"[ 0.          0.3266207   0.33204366  2.75929295 -2.36100869 -0.01870445
  1.26795683  1.56949977]","[ 0.00000000e+00  6.99994598e-04  2.89194620e-04  2.90378511e-04
 -1.37170348e-01 -3.15154222e-01  6.03534087e-05  1.05979587e-05]","[ 0.          1.21137869  9.40438843  1.55027795 -4.52050304 -1.1053313
 -1.20372784 -0.17430651]"
1746810085.0084758,"[ 0.          0.32662253  0.33204459  2.75929375 -2.36127687 -0.0193239
  1.26795683  1.56949977]","[ 0.00000000e+00  7.28604854e-04  3.03286780e-04  3.05069004e-04
 -1.35588930e-01 -3.13853268e-01  5.96133713e-05  1.06059783e-05]","[ 0.          1.17702413  9.45490456  1.50108457 -4.45070887 -1.02289808
 -1.1930306  -0.18984737]"
1746810085.0101793,"[ 0.          0.32662346  0.33204506  2.75929375 -2.36141056 -0.01965786
  1.26795683  1.56949977]","[ 0.00000000e+00  7.13583091e-04  3.01745449e-04  3.10710634e-04
 -1.35588930e-01 -3.14463665e-01  5.96697668e-05  1.05979587e-05]","[ 0.          1.145643    9.48791504  1.47156441 -4.43229675 -1.07083738
 -1.17341518 -0.17561439]"
1746810085.0119386,"[ 0.          0.32662576  0.33204552  2.75929428 -2.36168646 -0.02026825
  1.26795776  1.56949977]","[ 0.00000000e+00  7.45377307e-04  2.93741532e-04  3.28650073e-04
 -1.34238449e-01 -3.09531723e-01  7.11167634e-05  1.05979587e-05]","[ 0.          1.08738863  9.4501791   1.41656089 -4.38855457 -1.02545011
 -1.17034125 -0.18555203]"
1746810085.0137115,"[ 0.          0.32662622  0.33204552  2.75929428 -2.36181829 -0.02057079
  1.26795776  1.56949977]","[ 0.00000000e+00  7.23816235e-04  2.93741532e-04  3.29117752e-04
 -1.33698252e-01 -3.06830745e-01  7.11167634e-05  1.06059783e-05]","[ 0.          1.07034636  9.41209793  1.37172961 -4.38907719 -0.92583317
 -1.18144977 -0.18287724]"
1746810085.0154257,"[ 0.          0.32662805  0.33204552  2.75929428 -2.36207901 -0.02119876
  1.26795776  1.56949977]","[ 0.00000000e+00  7.36665533e-04  2.79171973e-04  3.19138505e-04
 -1.31267377e-01 -3.07943680e-01  7.02756912e-05  1.05979587e-05]","[ 0.          0.99344802  9.32326889  1.31678617 -4.47549534 -0.95340091
 -1.17235208 -0.18031316]"
1746810085.0166383,"[ 0.          0.32662988  0.33204595  2.75929481 -2.36234479 -0.02180969
  1.26795776  1.56949977]","[ 0.00000000e+00  7.69456484e-04  2.72139905e-04  3.23151647e-04
 -1.28296304e-01 -3.10612101e-01  6.93909346e-05  1.06059783e-05]","[ 0.          0.93441999  9.28462029  1.25887334 -4.53687906 -0.90480131
 -1.1704601  -0.18275386]"
1746810085.018358,"[ 0.          0.32663082  0.33204642  2.75929508 -2.3625938  -0.0224366
  1.26795869  1.56949977]","[ 0.00000000e+00  7.72070621e-04  2.78936281e-04  3.28047871e-04
 -1.26007717e-01 -3.04432902e-01  7.80125448e-05  1.05978530e-05]","[ 0.          0.89775842  9.27168846  1.18778551 -4.61115837 -0.87113029
 -1.14607108 -0.17839727]"
1746810085.0201511,"[ 0.          0.32663311  0.33204689  2.75929508 -2.36272643 -0.02273221
  1.26795869  1.56949977]","[ 0.00000000e+00  8.43011420e-04  2.77998518e-04  3.24125040e-04
 -1.24882689e-01 -2.99808189e-01  7.70537076e-05  1.05979587e-05]","[ 0.          0.90229583  9.19790077  1.14996552 -4.6651516  -0.89084321
 -1.15590286 -0.17782648]"
1746810085.0218966,"[ 0.          0.32663541  0.33204782  2.75929508 -2.36297756 -0.02331544
  1.26795869  1.56949977]","[ 0.00000000e+00  9.33367157e-04  2.84127754e-04  3.14151970e-04
 -1.28296304e-01 -2.94946456e-01  7.61834746e-05  1.05979587e-05]","[ 0.          0.8388716   9.19215488  1.13371193 -4.74660254 -0.98614854
 -1.15961635 -0.19509874]"
1746810085.0236697,"[ 0.          0.32663631  0.33204782  2.75929508 -2.36310539 -0.02362757
  1.26795869  1.56949977]","[ 0.00000000e+00  9.44017200e-04  2.77637567e-04  3.09171221e-04
 -1.29646785e-01 -2.93900632e-01  7.61843442e-05  1.05979587e-05]","[ 0.          0.81702077  9.17448711  1.11975992 -4.78879023 -0.94309837
 -1.17265904 -0.19544032]"
1746810085.0254157,"[ 0.          0.32663907  0.33204825  2.75929561 -2.3633781  -0.02420387
  1.26795869  1.56949977]","[ 0.00000000e+00  1.02975350e-03  2.76986081e-04  3.03991451e-04
 -1.34161126e-01 -2.89790775e-01  6.62373018e-05  1.06058726e-05]","[ 0.          0.78021228  9.09333897  1.09259307 -4.77532768 -0.89339805
 -1.17585015 -0.1909256 ]"
1746810085.0266132,"[ 0.          0.32664137  0.33204825  2.75929615 -2.36364442 -0.02478817
  1.26795869  1.56949977]","[ 0.00000000e+00  1.02671303e-03  2.59373344e-04  3.08197210e-04
 -1.35859032e-01 -2.83869903e-01  6.55628031e-05  1.05979587e-05]","[ 0.          0.72296226  9.04955292  1.06001079 -4.67260456 -0.8397724
 -1.14217341 -0.18874793]"
1746810085.0283327,"[ 0.          0.32664413  0.33204825  2.75929668 -2.36392405 -0.02534104
  1.26795962  1.56949977]","[ 0.00000000e+00  1.10951244e-03  2.28819779e-04  2.98976958e-04
 -1.37170348e-01 -2.79820999e-01  7.36273747e-05  1.06059783e-05]","[ 0.          0.67781597  8.95248222  1.01755142 -4.56901789 -0.78776377
 -1.11165333 -0.20306735]"
1746810085.030085,"[ 0.          0.32664503  0.33204825  2.75929668 -2.36406094 -0.02561748
  1.26795962  1.56949977]","[ 0.00000000e+00  1.13469349e-03  2.17149773e-04  2.93336173e-04
 -1.38689440e-01 -2.80361188e-01  7.36273747e-05  1.05979587e-05]","[ 0.          0.65316945  8.85883808  1.00592279 -4.52905893 -0.8040598
 -1.10184395 -0.18017384]"
1746810085.0312488,"[ 0.          0.32664733  0.33204825  2.75929668 -2.3643443  -0.02619325
  1.26795962  1.56949977]","[ 0.00000000e+00  1.16426199e-03  2.04728851e-04  2.88995143e-04
 -1.37922649e-01 -2.80616751e-01  7.27735100e-05  1.05979587e-05]","[ 0.          0.65066105  8.72653389  0.99748969 -4.37550306 -0.78722322
 -1.10133445 -0.17606816]"
1746810085.033044,"[ 0.          0.32664873  0.33204825  2.75929668 -2.36447825 -0.02647395
  1.26796056  1.56949977]","[ 0.00000000e+00  1.20795395e-03  2.04733483e-04  2.89000247e-04
 -1.35859032e-01 -2.84682733e-01  8.15740920e-05  1.06059783e-05]","[ 0.          0.62145108  8.69382     0.96908557 -4.29811668 -0.77738327
 -1.08899915 -0.18262531]"
1746810085.034736,"[ 0.          0.32665102  0.33204825  2.75929694 -2.36474244 -0.02707955
  1.26796149  1.56949977]","[ 0.00000000e+00  1.17654257e-03  1.94705716e-04  2.78986768e-04
 -1.32887960e-01 -2.73335969e-01  9.22306862e-05  1.05979587e-05]","[ 0.          0.62661141  8.57252502  0.94098115 -4.16637516 -0.7425577
 -1.06927848 -0.18903182]"
1746810085.0359418,"[ 0.          0.32665285  0.33204825  2.75929748 -2.36488146 -0.02730166
  1.26796149  1.56949977]","[ 0.00000000e+00  1.24561428e-03  1.94378429e-04  2.78986768e-04
 -1.30901134e-01 -2.66316109e-01  9.11826761e-05  1.05979587e-05]","[ 0.          0.61686641  8.52398872  0.95484376 -4.15328693 -0.74727935
 -1.04212129 -0.17722088]"
1746810085.037638,"[ 0.          0.32665605  0.33204872  2.75929748 -2.36513765 -0.02781139
  1.26796242  1.56949977]","[ 0.00000000e+00  1.30627154e-03  1.95990207e-04  2.69342773e-04
 -1.29376690e-01 -2.55512214e-01  1.01510691e-04  1.05979587e-05]","[ 0.          0.56835383  8.44426537  0.94588941 -4.07090759 -0.74202865
 -1.03183424 -0.17362328]"
1746810085.0393963,"[ 0.          0.32665791  0.33204872  2.75929801 -2.36526442 -0.02811765
  1.26796242  1.56949977]","[ 0.00000000e+00  1.34709255e-03  1.90225790e-04  2.69694149e-04
 -1.28566399e-01 -2.52276373e-01  9.01591698e-05  1.05979587e-05]","[ 0.          0.58307338  8.41028786  0.94253361 -4.04267454 -0.68687534
 -1.02815402 -0.17614952]"
1746810085.041151,"[ 0.          0.32666294  0.33204872  2.75929828 -2.36552434 -0.02860182
  1.26796242  1.56949977]","[ 0.00000000e+00  1.61112234e-03  1.78700824e-04  2.60706420e-04
 -1.26638070e-01 -2.43087735e-01  8.92994616e-05  1.06059783e-05]","[ 0.          0.58677071  8.37055969  0.97612691 -4.01409197 -0.70875156
 -1.022892   -0.19022381]"
1746810085.0429363,"[ 0.          0.326668    0.33204918  2.75929934 -2.36577148 -0.02908332
  1.26796349  1.56949977]","[ 0.00000000e+00  2.01843268e-03  1.67168120e-04  2.64947208e-04
 -1.25325232e-01 -2.31208522e-01  9.93552029e-05  0.00000000e+00]","[ 0.          0.57136649  8.37282467  0.97031426 -4.04621077 -0.72110367
 -1.00494707 -0.18098517]"
1746810085.044638,"[ 0.          0.32667123  0.33204918  2.75929934 -2.36589452 -0.02930702
  1.26796349  1.56949977]","[ 0.00000000e+00  2.28526451e-03  1.61669645e-04  2.60685305e-04
 -1.24658601e-01 -2.26881884e-01  9.93562432e-05  0.00000000e+00]","[ 0.          0.57381064  8.37462521  0.9600969  -4.04087162 -0.71514207
 -1.00003648 -0.19911577]"
1746810085.0458612,"[ 0.          0.32667719  0.33204918  2.75929987 -2.36614965 -0.02974431
  1.26796349  1.56949977]","[ 0.00000000e+00  2.84402328e-03  1.49878119e-04  2.61153000e-04
 -1.24244837e-01 -2.20715884e-01  9.83512673e-05  0.00000000e+00]","[ 0.          0.56939763  8.37515163  0.9712894  -4.07408571 -0.72026587
 -0.99527496 -0.19690682]"
1746810085.0470052,"[ 0.          0.32668038  0.33204965  2.75930014 -2.36627269 -0.02997761
  1.26796349  1.56949977]","[ 0.00000000e+00  2.93289900e-03  1.61407198e-04  2.56558348e-04
 -1.24785034e-01 -2.19673173e-01  9.72903428e-05  0.00000000e+00]","[ 0.          0.56168538  8.37899685  0.9933849  -4.09187984 -0.74785006
 -0.99622846 -0.19886604]"
1746810085.0487533,"[ 0.          0.32668867  0.33204965  2.75930067 -2.36652596 -0.03041436
  1.26796442  1.56949977]","[ 0.00000000e+00  3.51045801e-03  1.58289297e-04  2.52590605e-04
 -1.23262014e-01 -2.19319155e-01  1.07111278e-04  0.00000000e+00]","[ 0.          0.55274045  8.3667841   0.99807876 -4.19570017 -0.71985263
 -1.03621519 -0.18602853]"
1746810085.0504975,"[ 0.          0.32669327  0.33205012  2.75930067 -2.36664713 -0.03063274
  1.26796442  1.56949977]","[ 0.00000000e+00  3.97387873e-03  1.60324817e-04  2.48649358e-04
 -1.22894348e-01 -2.21479928e-01  1.06059781e-04  0.00000000e+00]","[ 0.          0.55714756  8.39532661  0.98275167 -4.25047874 -0.70150888
 -1.0365181  -0.18249299]"
1746810085.051709,"[ 0.          0.32670245  0.33205055  2.75930121 -2.36688229 -0.03108388
  1.26796442  1.56949977]","[ 0.00000000e+00  4.56441572e-03  1.67944166e-04  2.31513337e-04
 -1.18302692e-01 -2.19636588e-01  1.05979589e-04  0.00000000e+00]","[ 0.          0.57703727  8.44440746  0.97562104 -4.30548573 -0.73630434
 -1.03992963 -0.18621913]"
1746810085.0534315,"[ 0.          0.32670748  0.33205101  2.75930174 -2.36700666 -0.03108388
  1.26796442  1.56949977]","[ 0.00000000e+00  4.65219340e-03  1.75263876e-04  2.35722672e-04
 -1.17108872e-01 -2.19636588e-01  1.05979589e-04  0.00000000e+00]","[ 0.          0.56289011  8.46595669  0.99256092 -4.31453753 -0.73630434
 -1.03464663 -0.1830841 ]"
1746810085.0546143,"[ 0.          0.32671667  0.33205195  2.759302   -2.36723303 -0.03150839
  1.26796442  1.56949977]","[ 0.00000000e+00  4.77010902e-03  1.83694430e-04  2.27960689e-04
 -1.15061525e-01 -2.13377011e-01  1.06059781e-04  0.00000000e+00]","[ 0.          0.56100017  8.54828835  1.0014956  -4.43570757 -0.76529336
 -1.02970922 -0.19779323]"
1746810085.0563662,"[ 0.          0.32672632  0.33205238  2.75930254 -2.36746206 -0.03194195
  1.26796442  1.56949977]","[ 0.00000000e+00  4.73997057e-03  1.86836745e-04  2.15523106e-04
 -1.16833709e-01 -2.10135844e-01  1.05979589e-04  0.00000000e+00]","[ 0.          0.56705946  8.60198116  1.01201189 -4.55845928 -0.84947348
 -1.06092525 -0.21587953]"
1746810085.0581205,"[ 0.          0.32673045  0.33205284  2.75930307 -2.3675851  -0.03214862
  1.26796442  1.56949977]","[ 0.00000000e+00  4.56441572e-03  1.96670253e-04  2.20173462e-04
 -1.15855031e-01 -2.09383284e-01  1.06059781e-04  0.00000000e+00]","[ 0.          0.55158728  8.63698769  1.01587951 -4.60327244 -0.88905621
 -1.056481   -0.21587953]"
1746810085.0592651,"[ 0.          0.32673734  0.33205378  2.75930387 -2.36781439 -0.03257153
  1.26796442  1.56949977]","[ 0.00000000e+00  3.59886638e-03  2.03717877e-04  2.25594354e-04
 -1.16412014e-01 -2.05274077e-01  1.05979589e-04  0.00000000e+00]","[ 0.          0.5413515   8.70535564  0.98625547 -4.67662048 -0.89335519
 -1.06926656 -0.20891276]"
1746810085.0610535,"[ 0.          0.3267401   0.33205424  2.75930387 -2.36792785 -0.03277126
  1.26796535  1.56949977]","[ 0.00000000e+00  3.15998029e-03  2.09518071e-04  2.22336403e-04
 -1.15061525e-01 -2.02573099e-01  1.13928053e-04  0.00000000e+00]","[ 0.          0.54694158  8.74591255  0.97937262 -4.67794704 -0.90272295
 -1.08669841 -0.20180428]"
1746810085.0627315,"[ 0.          0.3267447   0.33205561  2.75930493 -2.3681646  -0.03318725
  1.26796535  1.56949977]","[ 0.00000000e+00  2.52005779e-03  2.24746918e-04  2.26612789e-04
 -1.16356562e-01 -2.02620919e-01  1.13928053e-04  0.00000000e+00]","[ 0.          0.53561443  8.82258987  0.96134859 -4.68699312 -0.85554391
 -1.09629548 -0.18867429]"
1746810085.0639172,"[ 0.          0.32674606  0.33205607  2.75930493 -2.36828125 -0.03338432
  1.26796535  1.56949977]","[ 0.00000000e+00  1.93046267e-03  2.29910645e-04  2.23435444e-04
 -1.18302692e-01 -1.99872137e-01  1.13928053e-04  0.00000000e+00]","[ 0.          0.51858193  8.8458395   0.96050769 -4.67914248 -0.83034652
 -1.09250128 -0.18766598]"
1746810085.065647,"[ 0.          0.32674836  0.33205654  2.75930573 -2.36852093 -0.03377155
  1.26796535  1.56949977]","[ 0.00000000e+00  1.22888123e-03  2.30902503e-04  2.23677167e-04
 -1.23434545e-01 -1.94812797e-01  1.14014268e-04  0.00000000e+00]","[ 0.          0.51505315  8.88338184  0.97401851 -4.67403746 -0.84215254
 -1.07855916 -0.20405106]"
1746810085.066877,"[ 0.          0.32674973  0.33205697  2.75930627 -2.36864317 -0.03397874
  1.26796535  1.56949977]","[ 0.00000000e+00  1.22888123e-03  2.26626540e-04  2.27815324e-04
 -1.23974743e-01 -1.95097855e-01  1.13929191e-04  0.00000000e+00]","[ 0.          0.51738894  8.9001646   0.97641677 -4.64281368 -0.82674301
 -1.05754983 -0.20600346]"
1746810085.0686007,"[ 0.          0.32675159  0.33205837  2.75930706 -2.36889857 -0.03436117
  1.26796628  1.56949977]","[ 0.00000000e+00  1.05970099e-03  2.40220576e-04  2.32587314e-04
 -1.25325232e-01 -1.95010370e-01  1.21876526e-04  0.00000000e+00]","[ 0.          0.52460665  8.94409275  0.98646045 -4.59170532 -0.8240121
 -1.04413259 -0.18986745]"
1746810085.0703776,"[ 0.          0.32675249  0.33205884  2.75930706 -2.36902054 -0.03455345
  1.26796628  1.56949977]","[ 0.00000000e+00  1.05970099e-03  2.44829223e-04  2.29499386e-04
 -1.23704640e-01 -1.94812797e-01  1.14014268e-04  0.00000000e+00]","[ 0.          0.54957283  8.93472958  0.9913649  -4.5549984  -0.86494088
 -1.03964853 -0.19898164]"
1746810085.0721033,"[ 0.          0.32675479  0.33205974  2.75930813 -2.36927274 -0.03495079
  1.26796721  1.56949977]","[ 0.00000000e+00  1.01058641e-03  2.49321991e-04  2.29261694e-04
 -1.23378078e-01 -1.92654205e-01  1.21876526e-04  0.00000000e+00]","[ 0.          0.55323243  8.95720196  0.97439229 -4.46598339 -0.85164416
 -1.02060068 -0.19931373]"
1746810085.0732477,"[ 0.          0.32675572  0.33205974  2.7593084  -2.36939338 -0.03514201
  1.26796721  1.56949977]","[ 0.00000000e+00  9.77632977e-04  2.45664452e-04  2.29796180e-04
 -1.22354159e-01 -1.93929992e-01  1.21875307e-04  0.00000000e+00]","[ 0.          0.53175581  8.95608807  0.95001853 -4.45815182 -0.83048606
 -1.02196944 -0.21748318]"
1746810085.075031,"[ 0.          0.32675845  0.33206067  2.75930893 -2.36963493 -0.03551592
  1.26796815  1.56949977]","[ 0.00000000e+00  1.10662952e-03  2.49640875e-04  2.36221495e-04
 -1.23019117e-01 -1.86907453e-01  1.32474482e-04  0.00000000e+00]","[ 0.          0.53749257  8.93921185  0.94369876 -4.39118052 -0.85597032
 -1.02076972 -0.20855367]"
1746810085.0762432,"[ 0.          0.32675985  0.33206067  2.75930946 -2.36976596 -0.03570713
  1.26796815  1.56949977]","[ 0.00000000e+00  1.13681699e-03  2.46086992e-04  2.39607175e-04
 -1.23262014e-01 -1.80051761e-01  1.32474482e-04  0.00000000e+00]","[ 0.          0.53734428  8.96396923  0.95521832 -4.38260031 -0.88246524
 -1.01092052 -0.21611179]"
1746810085.0779636,"[ 0.          0.32676214  0.33206157  2.75930999 -2.37000644 -0.03604109
  1.26796815  1.56949977]","[ 0.00000000e+00  1.14367255e-03  2.49944723e-04  2.35756205e-04
 -1.22354159e-01 -1.65671823e-01  1.32574732e-04  0.00000000e+00]","[ 0.          0.54370862  8.96044445  0.93988359 -4.34729195 -0.88685864
 -0.99947327 -0.21573773]"
1746810085.079141,"[ 0.          0.32676351  0.33206203  2.75931026 -2.37013454 -0.03621047
  1.26796908  1.56949977]","[ 0.00000000e+00  1.19686660e-03  2.46086992e-04  2.36218276e-04
 -1.20619626e-01 -1.59488745e-01  1.43073876e-04  0.00000000e+00]","[ 0.          0.52862883  8.95975208  0.95359623 -4.36751795 -0.86960536
 -0.99069762 -0.22656028]"
1746810085.080866,"[ 0.          0.32676627  0.33206343  2.75931133 -2.37036703 -0.03650714
  1.26796908  1.56949977]","[ 0.00000000e+00  1.22204127e-03  2.61342789e-04  2.46488709e-04
 -1.17913005e-01 -1.47473228e-01  1.43072445e-04  0.00000000e+00]","[ 0.          0.53921133  8.96839142  0.98157197 -4.31273746 -0.86816061
 -0.99318415 -0.20605938]"
1746810085.0820603,"[ 0.          0.3267681   0.33206433  2.75931159 -2.37048128 -0.03664883
  1.26797014  1.56949977]","[ 0.          0.00126545  0.00027747  0.00024642 -0.11587182 -0.14369186
  0.00015379  0.        ]","[ 0.          0.55882055  8.97706223  0.99532908 -4.33923769 -0.84151304
 -1.00052512 -0.20206231]"
1746810085.0843596,"[ 0.          0.32677086  0.33206526  2.75931266 -2.37071831 -0.03692686
  1.26797014  1.56949977]","[ 0.          0.00134709  0.00028675  0.00026914 -0.11585503 -0.13329296
  0.00015367  0.        ]","[ 0.          0.59595501  9.00076008  0.99908328 -4.42856216 -0.84276527
 -1.01179028 -0.20760018]"
1746810085.086102,"[ 0.          0.32677406  0.33206616  2.75931346 -2.37094867 -0.03717773
  1.26797014  1.56949977]","[ 0.          0.00141305  0.00030117  0.00029146 -0.11656389 -0.12532523
  0.00015379  0.        ]","[ 0.          0.58873773  9.03450203  1.02312207 -4.52983379 -0.79151839
 -1.01401651 -0.24669884]"
1746810085.087259,"[ 0.          0.32677729  0.33206756  2.75931452 -2.37118942 -0.03742434
  1.26797014  1.56949977]","[ 0.          0.00145721  0.00036739  0.00030626 -0.1177625  -0.11884289
  0.00015367  0.        ]","[ 0.          0.59529912  9.03942871  1.01544821 -4.64383984 -0.77570003
 -1.02466035 -0.22301891]"
1746810085.0890448,"[ 0.          0.32677912  0.33206846  2.75931505 -2.371305   -0.03753672
  1.26797014  1.56949977]","[ 0.          0.00154948  0.00041765  0.00032645 -0.11722231 -0.11398113
  0.00015367  0.        ]","[ 0.          0.60858655  9.03947163  1.03485894 -4.70945597 -0.76466691
 -1.03224421 -0.22668599]"
1746810085.0907345,"[ 0.          0.32678235  0.33206986  2.75931585 -2.37153456 -0.03774658
  1.26797108  1.56949977]","[ 0.          0.0015838   0.00049536  0.00034137 -0.11641201 -0.09921089
  0.00016137  0.        ]","[ 0.          0.58971483  9.08078003  1.02254784 -4.76464462 -0.78202945
 -1.02700949 -0.24395417]"
