Time,Position,Velocity,Effort
1749855093.311422,"[ 0.         -0.04092799  1.2726617   3.10907546 -2.12123684  1.50834147
  1.61913124  1.78081055]","[ 0.00000000e+00 -1.05819570e-05  4.85258834e-04  2.96235970e-04
  6.34917418e-05 -1.11278562e-04 -1.47603384e-02  1.05739739e-05]","[ 0.         -0.21681565 15.34780502  2.29897761  2.16334534 -0.93900973
 -1.41355646 -0.41534078]"
1749855093.3137577,"[ 0.         -0.04092799  1.27266303  3.10907679 -2.1212363   1.50834147
  1.61901712  1.78081055]","[ 0.00000000e+00 -1.05820616e-05  4.70030085e-04  3.02235657e-04
  6.87827183e-05 -1.11278562e-04 -3.29518914e-02  1.05739739e-05]","[ 0.         -0.19532232 15.29506397  2.27576756  2.17676377 -0.93648458
 -1.38919544 -0.40903455]"
1749855093.3183718,"[ 0.         -0.04092799  1.27266396  3.10907785 -2.12123604  1.50834147
  1.61890394  1.78081055]","[ 0.00000000e+00 -1.05819570e-05  4.56310611e-04  3.12255508e-04
  6.61372301e-05 -1.11278562e-04 -3.94342335e-02  1.05820616e-05]","[ 0.         -0.17106646 15.24115086  2.26574922  2.18238568 -0.96572036
 -1.41688991 -0.42902163]"
1749855093.3217413,"[ 0.         -0.04092799  1.27266543  3.10907945 -2.12123551  1.50834054
  1.61867943  1.78081055]","[ 0.00000000e+00 -1.05819570e-05  4.33308988e-04  3.12583234e-04
  7.14282106e-05 -1.11278562e-04 -4.73150473e-02  1.05979587e-05]","[ 0.         -0.12749673 15.18718815  2.25189734  2.19806862 -0.94565123
 -1.40073991 -0.42166549]"
1749855093.324668,"[ 0.         -0.04092852  1.27266636  3.10908105 -2.12123551  1.50834054
  1.61852723  1.78081055]","[ 0.00000000e+00 -1.58850858e-05  4.22701239e-04  3.32937951e-04
  7.14289177e-05 -1.11363883e-04 -5.29391068e-02  0.00000000e+00]","[ 0.         -0.11626787 15.15403175  2.27308106  2.21966791 -0.96093738
 -1.37039042 -0.42376953]"
1749855093.3281016,"[ 0.         -0.04092852  1.27266716  3.10908238 -2.12123497  1.50833947
  1.61834547  1.78081055]","[ 0.00000000e+00 -1.58849283e-05  3.90840769e-04  3.35308333e-04
  7.40737029e-05 -1.21600701e-04 -6.36352689e-02  0.00000000e+00]","[ 0.         -0.06064696 15.13463593  2.29706836  2.22443914 -0.97690445
 -1.36344349 -0.40295011]"
1749855093.3311148,"[ 0.         -0.04092799  1.27266769  3.10908451 -2.12123444  1.50833947
  1.61813814  1.78081055]","[ 0.00000000e+00 -1.05899522e-05  3.73467284e-04  3.73466503e-04
  7.93654595e-05 -1.13756038e-04 -7.34665111e-02  0.00000000e+00]","[ 0.         -0.02301882 15.07651043  2.2807436   2.2040422  -0.94963646
 -1.29559088 -0.41484964]"
1749855093.334552,"[ 0.         -0.04092799  1.27266809  3.10908691 -2.12123444  1.50833854
  1.61782136  1.78081055]","[ 0.00000000e+00 -1.05819570e-05  3.25935092e-04  4.21525605e-04
  7.93646793e-05 -1.21692507e-04 -8.21096340e-02  0.00000000e+00]","[ 0.00000000e+00  7.40484521e-03  1.49905663e+01  2.30610895e+00
  2.16746879e+00 -9.38884616e-01 -1.33406663e+00 -4.32137102e-01]"
1749855093.338319,"[ 0.         -0.04092799  1.27266902  3.10908877 -2.12123444  1.50833854
  1.61756929  1.78081055]","[ 0.00000000e+00 -1.05819570e-05  2.99346264e-04  4.43645837e-04
  7.40744343e-05 -1.21693710e-04 -8.42582058e-02  0.00000000e+00]","[ 0.          0.06530283 14.95733833  2.31698561  2.13834882 -0.9262473
 -1.36070561 -0.4195849 ]"
1749855093.3423438,"[ 0.         -0.04092799  1.27266996  3.10909277 -2.12123417  1.50833761
  1.61721536  1.78081055]","[ 0.00000000e+00 -1.05899522e-05  2.84285587e-04  5.52129795e-04
  7.67191870e-05 -1.32274460e-04 -8.95243405e-02  0.00000000e+00]","[ 0.          0.09359211 14.91570663  2.37974739  2.09282875 -0.94820201
 -1.31477606 -0.40530178]"
1749855093.3457222,"[ 0.         -0.04092799  1.27267049  3.10909943 -2.12123417  1.50833761
  1.61683959  1.78081055]","[ 0.00000000e+00 -1.05899522e-05  2.71033386e-04  8.36364635e-04
  7.14282106e-05 -1.32275769e-04 -9.67055627e-02  0.00000000e+00]","[ 0.          0.17418763 14.89229393  2.40981793  2.07242918 -0.94982475
 -1.33653975 -0.4309471 ]"
1749855093.3491414,"[ 0.         -0.04092799  1.27267089  3.10910608 -2.12123364  1.50833761
  1.61652094  1.78081055]","[ 0.00000000e+00 -1.05899522e-05  2.52564013e-04  1.32311266e-03
  7.40737029e-05 -1.21600701e-04 -1.07328904e-01  0.00000000e+00]","[ 0.          0.21325591 14.83928108  2.43904948  2.03831077 -0.97250319
 -1.29141307 -0.41409531]"
1749855093.3528316,"[ 0.         -0.04092799  1.27267182  3.10912286 -2.12123364  1.50833668
  1.61608418  1.78081148]","[ 0.00000000e+00 -1.05899522e-05  2.34037423e-04  3.64390475e-03
  7.40737029e-05 -1.32274460e-04 -1.09335047e-01  1.05979587e-05]","[ 0.          0.27017039 14.76947689  2.49374175  1.94681096 -0.91756213
 -1.25933254 -0.41644591]"
1749855093.3555036,"[ 0.         -0.04092799  1.27267182  3.10915429 -2.12123364  1.50833668
  1.61575981  1.78081148]","[ 0.00000000e+00 -1.05818513e-05  2.02535758e-04  1.18333818e-02
  6.88867318e-05 -1.21692507e-04 -1.10199767e-01  1.05979587e-05]","[ 0.          0.36519924 14.6967783   2.50715542  1.89532733 -0.92068225
 -1.30753648 -0.41042778]"
1749855093.3595595,"[ 0.         -0.04092799  1.27267222  3.1092467  -2.12123364  1.50833668
  1.61545261  1.78081148]","[ 0.00000000e+00 -1.05979587e-05  1.99602054e-04  4.01229520e-02
  6.89388604e-05 -1.21692507e-04 -9.56145072e-02  1.05979587e-05]","[ 0.          0.42283112 14.72155762  2.50321364  1.84283447 -0.90905845
 -1.23356855 -0.42774534]"
1749855093.3629808,"[ 0.         -0.04092799  1.27267275  3.10948745 -2.12123364  1.50833668
  1.61510161  1.78081148]","[ 0.00000000e+00 -1.05979587e-05  1.81986099e-04  6.96480499e-02
  6.36352378e-05 -1.13756038e-04 -8.10292395e-02  1.05979587e-05]","[ 0.          0.39757767 14.66184616  2.35279059  1.78599811 -0.9010281
 -1.19953036 -0.40991843]"
1749855093.3676012,"[ 0.         -0.04092799  1.27267315  3.10981981 -2.12123417  1.50833668
  1.61481705  1.78081148]","[ 0.00000000e+00 -1.06059783e-05  1.74125239e-04  9.45341127e-02
  5.83328791e-05 -1.13756038e-04 -6.18523200e-02  1.05979587e-05]","[ 0.          0.33195543 14.63391685  2.13148046  1.67221618 -0.88902783
 -1.13819087 -0.38906607]"
1749855093.3723361,"[ 0.         -0.04092799  1.27267315  3.11041716 -2.12123417  1.50833668
  1.6145783   1.78081148]","[ 0.00000000e+00 -1.05979587e-05  1.54067169e-04  1.31402673e-01
  5.30298904e-05 -1.05819570e-04 -4.04735738e-02  1.05979587e-05]","[ 0.          0.14557654 14.50726128  1.74377418  1.59863293 -0.80497235
 -1.11813927 -0.40446046]"
1749855093.3764927,"[ 0.         -0.04092852  1.27267315  3.11097642 -2.12123417  1.50833668
  1.614449    1.78081148]","[ 0.00000000e+00 -1.58969375e-05  1.29423647e-04  1.43304615e-01
  5.03783961e-05 -1.05819570e-04 -2.59293582e-02  1.05980643e-05]","[ 0.         -0.08427154 14.40455723  1.50507915  1.49855137 -0.79462284
 -1.04263937 -0.4001449 ]"
1749855093.3796794,"[ 0.         -0.04092906  1.27267315  3.11157217 -2.12123417  1.50833668
  1.61438135  1.78081148]","[ 0.00000000e+00 -1.58969375e-05  1.16138490e-04  1.49708768e-01
  5.03783961e-05 -9.52376087e-05 -1.16024244e-02  1.05979587e-05]","[ 0.         -0.33655339 14.17674923  1.34874511  1.44567132 -0.78789663
 -1.03835642 -0.38497835]"
1749855093.3831835,"[ 0.         -0.04093012  1.27267275  3.11201053 -2.12123417  1.50833668
  1.61435858  1.78081148]","[ 0.00000000e+00 -2.64948971e-05  9.83786238e-05  1.47323808e-01
  4.50413255e-05 -8.46564929e-05 -5.94214437e-03  1.05978530e-05]","[ 0.         -0.50444204 14.02919674  1.28434896  1.47458005 -0.81690556
 -1.03323674 -0.39210564]"
1749855093.3917654,"[ 0.         -0.04093012  1.27267275  3.11261666 -2.12123417  1.50833668
  1.61435099  1.78081148]","[ 0.00000000e+00 -2.65152094e-05  9.14477325e-05  1.53685467e-01
  3.97724188e-05 -8.46556558e-05 -9.44862052e-04  1.05979587e-05]","[ 0.         -0.68900436 13.82914639  1.34395838  1.56660414 -0.79200482
 -1.00161135 -0.35985872]"
1749855093.3997686,"[ 0.         -0.04093119  1.27267182  3.11391389 -2.12123417  1.50833668
  1.61433861  1.78081148]","[ 0.00000000e+00 -3.71490329e-05  3.91152395e-05  1.65132166e-01
  3.44433659e-05 -7.40744343e-05 -1.73643383e-03  1.05820616e-05]","[ 0.         -0.88702589 13.4462986   1.5413779   1.53058839 -0.76552945
 -0.97867221 -0.36105421]"
1749855093.4038076,"[ 0.         -0.04093119  1.27267222  3.11538182 -2.12123444  1.50833668
  1.61431012  1.78081148]","[ 0.00000000e+00 -3.18179359e-05  2.73200764e-05  1.65299662e-01
  2.91664395e-05 -6.61378843e-05 -2.83705849e-03  1.05820616e-05]","[ 0.         -0.60782778 13.54938221  1.94467413  1.36860836 -0.77226108
 -1.01272821 -0.36941653]"
1749855093.4079514,"[ 0.         -0.04093066  1.27267275  3.11606066 -2.12123444  1.50833668
  1.61429773  1.78081148]","[ 0.00000000e+00 -2.65149452e-05  3.08333087e-05  1.69719178e-01
  2.38632132e-05 -5.82013384e-05 -3.24451433e-03  1.05819570e-05]","[ 0.         -0.30867985 13.72941113  2.07543087  1.29271865 -0.75780737
 -1.04183555 -0.35403094]"
1749855093.4119022,"[ 0.         -0.04093012  1.27267275  3.11674403 -2.12123444  1.50833668
  1.61428814  1.78081148]","[ 0.00000000e+00 -2.12119566e-05  3.03005790e-05  1.69621207e-01
  1.85604623e-05 -4.76188043e-05 -2.87219297e-03  1.05819570e-05]","[ 0.          0.01854094 13.9303093   2.22623491  1.19042587 -0.75855041
 -1.01273608 -0.40655905]"
1749855093.4189177,"[ 0.         -0.04092959  1.27267315  3.11742447 -2.12123497  1.50833668
  1.61428055  1.78081148]","[ 0.00000000e+00 -1.59089679e-05  2.09710932e-05  1.68540829e-01
  1.06059783e-05 -4.76188043e-05 -2.28734511e-03  1.05819570e-05]","[ 0.          0.42445388 14.11141682  2.33729482  1.15926468 -0.76523906
 -0.99564946 -0.38201383]"
1749855093.422408,"[ 0.         -0.04092799  1.27267369  3.1186679  -2.12123444  1.50833668
  1.61427017  1.78081148]","[ 0.00000000e+00  5.30298914e-06  2.80843759e-05  1.81505497e-01
  1.06059783e-05 -3.70372172e-05 -1.63516895e-03  1.05819570e-05]","[ 0.          1.02235556 14.35606098  2.54411435  1.29739153 -0.79395509
 -1.01223004 -0.4010343 ]"
1749855093.4265118,"[ 0.         -0.04092746  1.27267369  3.11923036 -2.12123444  1.50833668
  1.61426724  1.78081148]","[ 0.00000000e+00  5.30298914e-06  2.72741103e-05  1.87527553e-01
  1.06059783e-05 -3.70089097e-05 -1.37053253e-03  1.05739739e-05]","[ 0.          1.18314505 14.42225552  2.5969007   1.38093257 -0.83671409
 -0.98888397 -0.40468705]"
1749855093.429874,"[ 0.         -0.04092693  1.27267369  3.11997205 -2.12123444  1.50833575
  1.61426537  1.78081148]","[ 0.00000000e+00  1.06059783e-05  1.55852059e-05  1.83311736e-01
  5.30298914e-06 -3.70924870e-05 -8.65677677e-04  1.05739739e-05]","[ 0.          1.35114944 14.35854816  2.68185115  1.46312809 -0.87543678
 -0.97123522 -0.39340761]"
1749855093.4334278,"[ 0.         -0.04092693  1.27267369  3.12053131 -2.12123417  1.50833575
  1.61426444  1.78081148]","[ 0.00000000e+00  1.58969375e-05  1.51481652e-05  1.85819435e-01
  2.65146816e-06 -3.70648338e-05 -6.05263890e-04  1.05819570e-05]","[ 0.          1.44887841 14.24856758  2.74748349  1.51553738 -0.90161216
 -0.96437567 -0.39046007]"
1749855093.4374018,"[ 0.         -0.04092639  1.27267369  3.12127194 -2.12123417  1.50833575
  1.61426351  1.78081148]","[ 0.00000000e+00  2.11961286e-05  7.46140235e-06  1.89068225e-01
  2.64748806e-06 -2.64948971e-05 -3.38947781e-04  1.05819570e-05]","[ 0.          1.58793724 14.10803509  2.83826971  1.58236849 -0.88683462
 -0.95438635 -0.40193406]"
1749855093.4414656,"[ 0.         -0.04092533  1.27267315  3.12204026 -2.12123417  1.50833575
  1.61426351  1.78081148]","[ 0.00000000e+00  2.64548924e-05  0.00000000e+00  1.90418714e-01
  0.00000000e+00 -2.64948971e-05 -2.20789351e-04  1.05820616e-05]","[ 0.          1.68778789 13.88529873  2.88225341  1.56095588 -0.88957965
 -0.90667415 -0.39214501]"
1749855093.4442534,"[ 0.         -0.0409248   1.27267275  3.12281577 -2.12123417  1.50833575
  1.61426351  1.78081148]","[ 0.00000000e+00  3.17461838e-05 -6.88350958e-06  1.89831720e-01
  0.00000000e+00 -1.85464284e-05 -8.11691888e-05  1.05820616e-05]","[ 0.          1.77310359 13.7009058   2.97926235  1.47599959 -0.91955268
 -0.86120957 -0.39048412]"
1749855093.44716,"[ 0.         -0.04092426  1.27267275  3.12338595 -2.12123444  1.50833575
  1.61426351  1.78081148]","[ 0.00000000e+00  3.70368514e-05 -6.79022722e-06  1.94470181e-01
 -2.64548924e-06 -1.85464284e-05  0.00000000e+00  1.05820616e-05]","[ 0.          1.80177271 13.58164978  2.93667459  1.39592075 -0.87439179
 -0.84037149 -0.39502442]"
1749855093.4511855,"[ 0.         -0.04092373  1.27267275  3.12398676 -2.12123444  1.50833575
  1.61426351  1.78081148]","[ 0.00000000e+00  4.23602275e-05 -6.71244112e-06  1.97441254e-01
 -7.94246417e-06 -1.85464284e-05  0.00000000e+00  1.05819570e-05]","[ 0.          1.85739326 13.48251629  2.87239933  1.28714311 -0.84617829
 -0.80993456 -0.38532877]"
1749855093.4541502,"[ 0.         -0.0409232   1.27267222  3.12477    -2.12123497  1.50833575
  1.61426351  1.78081148]","[ 0.00000000e+00  4.76547840e-05 -1.29184027e-05  1.91769203e-01
 -1.32374398e-05 -1.06058726e-05  0.00000000e+00  0.00000000e+00]","[ 0.          1.88552701 13.35822678  2.7989943   1.15826309 -0.82548404
 -0.78001612 -0.40984181]"
1749855093.459888,"[ 0.         -0.04092267  1.27267182  3.12533752 -2.12123497  1.50833575
  1.61426444  1.78081241]","[ 0.00000000e+00  5.29097849e-05 -1.59717474e-05  1.84391964e-01
 -1.32375708e-05 -1.06059783e-05  4.60396087e-05  1.05820616e-05]","[ 0.          1.91313589 13.2649641   2.73892331  1.0735625  -0.81015939
 -0.74596614 -0.39954603]"
1749855093.4635162,"[ 0.         -0.0409216   1.27267142  3.12627894 -2.12123551  1.50833575
  1.61426444  1.78081241]","[ 0.00000000e+00  6.34917418e-05 -1.87232302e-05  1.90765441e-01
 -1.85324169e-05 -1.05979587e-05  4.07024487e-05  1.05819570e-05]","[ 0.          1.99561703 13.17288017  2.65708375  0.99354559 -0.75879091
 -0.69569671 -0.41216093]"
1749855093.4669926,"[ 0.         -0.04092054  1.27267142  3.12704913 -2.12123551  1.50833575
  1.61426537  1.78081241]","[ 0.00000000e+00  7.40737029e-05 -1.82683561e-05  1.92849598e-01
 -1.32374398e-05 -1.06060839e-05  6.62383705e-05  1.05740785e-05]","[ 0.          2.02729869 13.10026836  2.58046174  0.93879026 -0.75323987
 -0.66433573 -0.38493124]"
1749855093.4710722,"[ 0.         -0.04092     1.27267142  3.1278044  -2.12123551  1.50833575
  1.61426537  1.78081241]","[ 0.00000000e+00  7.93055856e-05 -1.50668778e-05  1.85827058e-01
 -1.32374398e-05 -1.05978530e-05  6.18990182e-05  1.05739739e-05]","[ 0.          2.02331209 13.09640598  2.51231933  0.92465979 -0.7689122
 -0.64959598 -0.40109602]"
1749855093.4754663,"[ 0.         -0.04092     1.27267089  3.12855462 -2.12123604  1.50833575
  1.61426631  1.78081241]","[ 0.00000000e+00  7.93646793e-05 -2.03935230e-05  1.87797382e-01
 -1.85324169e-05 -1.06059783e-05  8.54179580e-05  1.05899522e-05]","[ 0.          1.98966777 13.09567451  2.46336341  0.93054897 -0.78615987
 -0.63949507 -0.37874231]"
1749855093.4797592,"[ 0.         -0.04091947  1.27267089  3.12911814 -2.12123604  1.50833575
  1.61426631  1.78081241]","[ 0.00000000e+00  9.52376087e-05 -2.01590985e-05  1.85067125e-01
 -1.85325998e-05 -1.06058726e-05  8.03342608e-05  1.05820616e-05]","[ 0.          1.92622125 13.11289406  2.44389868  0.95943308 -0.75300169
 -0.61257118 -0.36122009]"
1749855093.4834428,"[ 0.         -0.04091894  1.27267049  3.13002228 -2.12123604  1.50833575
  1.61426631  1.78081241]","[ 0.00000000e+00  1.05820618e-04 -1.71108486e-05  1.76103558e-01
 -1.85325998e-05 -1.05979587e-05  7.80116345e-05  1.05739739e-05]","[ 0.          1.81395936 13.13477707  2.43280792  0.96780437 -0.78081959
 -0.60865927 -0.38216209]"
1749855093.487234,"[ 0.         -0.0409184   1.27267089  3.1307203  -2.12123604  1.50833575
  1.61426631  1.78081241]","[ 0.00000000e+00  1.16401531e-04 -1.11624327e-05  1.73073546e-01
 -1.85324169e-05 -1.05979587e-05  7.35984821e-05  1.06059783e-05]","[ 0.          1.70969307 13.20587444  2.44244123  0.97577089 -0.7748937
 -0.62649542 -0.38260126]"
1749855093.4931192,"[ 0.         -0.04091787  1.27267089  3.13145453 -2.12123604  1.50833575
  1.61426631  1.78081241]","[ 0.00000000e+00  1.26983484e-04 -1.09364454e-05  1.78324135e-01
 -1.85324169e-05 -1.05978530e-05  7.16442836e-05  1.05979587e-05]","[ 0.          1.5874815  13.27591991  2.454247    0.9723103  -0.76883435
 -0.62125337 -0.36584973]"
1749855093.4965706,"[ 0.         -0.04091787  1.27267089  3.1325427  -2.1212363   1.50833575
  1.61426724  1.78081241]","[ 0.00000000e+00  1.32275769e-04 -1.07193189e-05  1.78045601e-01
 -2.11801137e-05 -1.06059783e-05  6.62379032e-05  1.05979587e-05]","[ 0.          1.40598679 13.44028378  2.37479115  0.9450748  -0.73245329
 -0.64171511 -0.36164254]"
1749855093.500837,"[ 0.         -0.04091787  1.27267089  3.13305882 -2.1212363   1.50833575
  1.61426724  1.78081241]","[ 0.00000000e+00  1.32174673e-04 -1.06059783e-05  1.72322185e-01
 -2.11799045e-05 -1.05820616e-05  6.46508159e-05  1.05979587e-05]","[ 0.          1.23930097 13.52225208  2.31371546  0.88015348 -0.71999049
 -0.63016784 -0.37143704]"
1749855093.505064,"[ 0.         -0.04091787  1.27267089  3.13373793 -2.1212363   1.50833575
  1.61426724  1.78081241]","[ 0.00000000e+00  1.32274460e-04 -1.32574726e-05  1.69351113e-01
 -1.85324169e-05 -1.05900569e-05  6.15887942e-05  1.05979587e-05]","[ 0.          1.06614661 13.63027763  2.19113493  0.83005446 -0.69934636
 -0.64672679 -0.37569854]"
1749855093.5089805,"[ 0.         -0.04091787  1.27267089  3.13442316 -2.12123684  1.50833575
  1.61426724  1.78081241]","[ 0.00000000e+00  1.27079427e-04 -1.85606472e-05  1.64253340e-01
 -2.38273920e-05 -1.05899522e-05  5.88037071e-05  1.05979587e-05]","[ 0.          0.89160013 13.68220806  2.08492613  0.88254899 -0.67620635
 -0.64273357 -0.37117079]"
1749855093.5138133,"[ 0.         -0.0409184   1.27267089  3.13506471 -2.12123684  1.50833575
  1.61426724  1.78081241]","[ 0.00000000e+00  1.16489477e-04 -2.12119566e-05  1.61248196e-01
 -2.38273920e-05 -1.05819570e-05  4.03517994e-05  1.05979587e-05]","[ 0.          0.75153643 13.7181921   1.9647119   0.85813314 -0.68822885
 -0.64829737 -0.34835508]"
1749855093.5161078,"[ 0.         -0.0409184   1.27267089  3.13554222 -2.12123684  1.50833575
  1.61426724  1.78081241]","[ 0.00000000e+00  1.11110546e-04 -2.12119566e-05  1.54339223e-01
 -1.85322320e-05 -1.05820616e-05  3.86381372e-05  1.05979587e-05]","[ 0.          0.67958844 13.72176743  1.86987293  0.90696269 -0.68061179
 -0.65237832 -0.37546512]"
1749855093.5211105,"[ 0.         -0.0409184   1.27267089  3.13600747 -2.12123684  1.50833575
  1.61426724  1.78081241]","[ 0.00000000e+00  1.05819570e-04 -2.12119566e-05  1.53685467e-01
 -1.85324169e-05 -1.05899522e-05  3.78643348e-05  1.05979587e-05]","[ 0.          0.58645111 13.71541595  1.78347349  0.96580744 -0.68676823
 -0.65658343 -0.35806656]"
1749855093.5229886,"[ 0.         -0.0409184   1.27267049  3.13663411 -2.12123684  1.50833575
  1.61426724  1.78081241]","[ 0.00000000e+00  1.00529585e-04 -3.18179359e-05  1.56386445e-01
 -2.38273920e-05 -1.05900569e-05  3.70648338e-05  1.05980643e-05]","[ 0.          0.498905   13.63793278  1.72676849  1.00999069 -0.66675061
 -0.64695024 -0.34486711]"
1749855093.5253155,"[ 0.         -0.0409184   1.27267049  3.1370983  -2.1212363   1.50833575
  1.61426817  1.78081241]","[ 0.00000000e+00  9.00154869e-05 -3.18179359e-05  1.57736934e-01
 -1.85324169e-05 -1.05899522e-05  5.10252497e-05  1.06059783e-05]","[ 0.          0.46687374 13.59428024  1.69416821  1.05702996 -0.665959
 -0.63550758 -0.36901757]"
1749855093.5289528,"[ 0.         -0.0409184   1.27266996  3.13757288 -2.12123684  1.50833575
  1.6142691   1.78081241]","[ 0.00000000e+00  9.00145929e-05 -3.71209245e-05  1.54765862e-01
 -2.38276277e-05 -1.05819570e-05  5.00086598e-05  1.05980643e-05]","[ 0.          0.43083116 13.53543091  1.57326007  1.08504283 -0.69180655
 -0.62520993 -0.35715693]"
1749855093.5333097,"[ 0.         -0.0409184   1.27266996  3.1381641  -2.1212363   1.50833575
  1.6142691   1.78081241]","[ 0.00000000e+00  8.47196178e-05 -3.71209245e-05  1.42881572e-01
 -2.11799045e-05  0.00000000e+00  4.90986679e-05  1.05979587e-05]","[ 0.          0.42335957 13.42888451  1.5075978   1.1519115  -0.67429966
 -0.58921868 -0.34295392]"
1749855093.537089,"[ 0.         -0.0409184   1.27266956  3.13871804 -2.12123684  1.50833575
  1.61427017  1.78081241]","[ 0.00000000e+00  7.93646793e-05 -4.24239132e-05  1.35588930e-01
 -2.64748795e-05  0.00000000e+00  6.62372002e-05  1.05979587e-05]","[ 0.          0.47506621 13.37993526  1.49539638  1.20080245 -0.6859194
 -0.58469617 -0.35309651]"
1749855093.541746,"[ 0.         -0.0409184   1.27266902  3.13926132 -2.1212363   1.50833575
  1.6142711   1.78081241]","[ 0.00000000e+00  7.40737029e-05 -4.23602275e-05  1.36267337e-01
 -2.12117453e-05  0.00000000e+00  8.22795680e-05  1.05979587e-05]","[ 0.          0.53222221 13.30595303  1.48262155  1.22651851 -0.65784979
 -0.55893886 -0.3552359 ]"
1749855093.548196,"[ 0.         -0.0409184   1.27266863  3.13994389 -2.1212363   1.50833575
  1.61427203  1.78081241]","[ 0.00000000e+00  6.36358718e-05 -4.23278279e-05  1.35048741e-01
 -2.12119566e-05  0.00000000e+00  9.70250426e-05  1.05979587e-05]","[ 0.          0.6006366  13.20314312  1.50905919  1.20001376 -0.67770666
 -0.53893524 -0.34788015]"
1749855093.5531397,"[ 0.         -0.0409184   1.27266809  3.14074577 -2.12123684  1.50833575
  1.61427296  1.78081348]","[ 0.00000000e+00  5.29892660e-05 -4.76188043e-05  1.28393451e-01
 -2.38632132e-05  0.00000000e+00  1.04855466e-04  2.11639139e-05]","[ 0.          0.64991987 13.14402866  1.56965137  1.18123078 -0.67619652
 -0.51474565 -0.34543321]"
1749855093.556558,"[ 0.         -0.04091787  1.27266809  3.14124857 -2.12123684  1.50833575
  1.61427296  1.78081348]","[ 0.00000000e+00  5.29897943e-05 -4.23598089e-05  1.23628848e-01
 -1.85604623e-05  0.00000000e+00  1.03252108e-04  1.05819570e-05]","[ 0.          0.70351475 13.16991901  1.61022258  1.18718362 -0.65400654
 -0.509848   -0.3606149 ]"
1749855093.5601037,"[ 0.         -0.04091787  1.27266809 -3.14142621 -2.12123684  1.50833575
  1.61427296  1.78081348]","[ 0.00000000e+00  4.23918346e-05 -3.70368514e-05  1.29525328e-01
 -1.32574726e-05  0.00000000e+00  1.00186628e-04  1.05819570e-05]","[ 0.          0.79127634 13.20762539  1.6674484   1.16223073 -0.66188765
 -0.51559526 -0.33331263]"
1749855093.564147,"[ 0.         -0.04091787  1.27266809 -3.14091328 -2.12123737  1.50833575
  1.6142739   1.78081348]","[ 0.00000000e+00  3.18179359e-05 -3.17458709e-05  1.24882689e-01
 -1.85745164e-05  0.00000000e+00  9.86122193e-05  1.05819570e-05]","[ 0.          0.79513735 13.25700855  1.69020653  1.10839081 -0.65748274
 -0.50986892 -0.32820657]"
1749855093.5722346,"[ 0.         -0.04091787  1.27266809 -3.14042006 -2.12123737  1.50833575
  1.61427483  1.78081348]","[ 0.00000000e+00  2.65149452e-05 -3.17698567e-05  1.21873475e-01
 -1.85745164e-05  0.00000000e+00  1.05808460e-04  1.05819570e-05]","[ 0.          0.78600985 13.31203175  1.7523855   1.12016118 -0.65947723
 -0.52047962 -0.31807539]"
1749855093.5762994,"[ 0.         -0.04091734  1.27266809 -3.13953749 -2.12123737  1.50833575
  1.61427576  1.78081348]","[ 0.00000000e+00  2.12119566e-05 -2.64548924e-05  1.01561229e-01
 -1.32574726e-05  0.00000000e+00  1.14278837e-04  1.05740785e-05]","[ 0.          0.87313026 13.46624756  1.86263561  1.06950736 -0.6660198
 -0.51379436 -0.33760935]"
1749855093.5799468,"[ 0.         -0.04091734  1.27266809 -3.13912417 -2.12123737  1.50833575
  1.61427576  1.78081348]","[ 0.00000000e+00  1.59089679e-05 -2.64551545e-05  1.03818142e-01
 -1.32573405e-05  0.00000000e+00  1.11336169e-04  1.05819570e-05]","[ 0.          0.91075492 13.54030704  1.92819369  1.06901193 -0.67519027
 -0.53365487 -0.30666676]"
1749855093.5828204,"[ 0.         -0.04091681  1.27266809 -3.13880779 -2.12123737  1.50833575
  1.61427576  1.78081348]","[ 0.00000000e+00  2.11959173e-05 -2.64548924e-05  1.08038994e-01
 -1.32573405e-05  0.00000000e+00  1.09920235e-04  1.05739739e-05]","[ 0.          0.97961181 13.54564667  1.96596789  1.08698487 -0.67449689
 -0.5011574  -0.33825764]"
1749855093.5862653,"[ 0.         -0.04091681  1.27266769 -3.13847942 -2.12123737  1.50833575
  1.61427683  1.78081348]","[ 0.00000000e+00  1.58969375e-05 -2.64551545e-05  1.09659578e-01
 -1.32675109e-05  0.00000000e+00  1.20477765e-04  1.05739739e-05]","[ 0.          0.99604023 13.50553322  1.97560275  1.06952155 -0.66668522
 -0.49221399 -0.33396351]"
1749855093.589711,"[ 0.         -0.04091681  1.27266769 -3.13803467 -2.12123737  1.50833668
  1.61427869  1.78081348]","[ 0.00000000e+00  1.06058726e-05 -3.17458709e-05  1.11280161e-01
 -1.32673788e-05  1.05819570e-05  1.40422467e-04  1.05739739e-05]","[ 0.          1.01229405 13.51387405  1.91203868  1.07744288 -0.64461958
 -0.46682522 -0.32123366]"
1749855093.592707,"[ 0.         -0.04091627  1.27266769 -3.13759099 -2.12123764  1.50833668
  1.61428055  1.78081348]","[ 0.00000000e+00  1.59089679e-05 -3.17458709e-05  1.07498797e-01
 -1.59210137e-05  1.05819570e-05  1.57425135e-04  1.05740785e-05]","[ 0.          1.03368628 13.50962925  1.8421737   1.08466804 -0.67009056
 -0.43405083 -0.32617527]"
1749855093.5955572,"[ 0.         -0.04091627  1.27266716 -3.13737687 -2.12123764  1.50833668
  1.61428055  1.78081348]","[ 0.00000000e+00  1.59091264e-05 -3.70368514e-05  1.03818142e-01
 -1.32573405e-05  1.05819570e-05  1.55611198e-04  1.05819570e-05]","[ 0.          1.04362547 13.47502708  1.8004384   1.10440874 -0.68010157
 -0.42941582 -0.31099781]"
1749855093.5984542,"[ 0.         -0.04091574  1.27266676 -3.13708206 -2.12123764  1.50833668
  1.61428149  1.78081441]","[ 0.00000000e+00  2.12119566e-05 -4.23278279e-05  9.88556741e-02
 -1.32574726e-05  1.05979587e-05  1.64129981e-04  2.11479478e-05]","[ 0.          1.04837584 13.40653038  1.78685772  1.11835241 -0.66217369
 -0.40066972 -0.29037511]"
1749855093.6013975,"[ 0.         -0.04091521  1.27266676 -3.13678964 -2.12123764  1.50833668
  1.61428242  1.78081441]","[ 0.00000000e+00  2.65152094e-05 -4.23278279e-05  9.45341127e-02
 -1.32675109e-05  1.05979587e-05  1.69436862e-04  2.11639139e-05]","[ 0.          1.03225005 13.31894398  1.75730038  1.17287576 -0.68554449
 -0.38461503 -0.32761073]"
1749855093.60446,"[ 0.         -0.04091468  1.27266583 -3.13650735 -2.12123764  1.50833668
  1.61428442  1.78081441]","[ 0.00000000e+00  3.18179359e-05 -5.02642966e-05  9.21032375e-02
 -1.32574726e-05  1.05978530e-05  1.88171869e-04  2.11639139e-05]","[ 0.          1.03417826 13.21349049  1.74968433  1.23009992 -0.69235963
 -0.35269985 -0.32867408]"
1749855093.6084733,"[ 0.         -0.04091414  1.27266543 -3.13623278 -2.12123764  1.50833668
  1.61428535  1.78081441]","[ 0.00000000e+00  3.70924870e-05 -5.29097849e-05  9.39939238e-02
 -7.95440473e-06  1.05979587e-05  1.97615623e-04  2.11641232e-05]","[ 0.          1.06968093 13.10198116  1.7416873   1.28363502 -0.67773116
 -0.3516852  -0.30091566]"
1749855093.61188,"[ 0.         -0.04091361  1.2726645  -3.1358562  -2.12123764  1.50833668
  1.61428628  1.78081441]","[ 0.00000000e+00  4.77269018e-05 -6.34923676e-05  9.45341127e-02
 -7.95448397e-06  1.05979587e-05  2.04830085e-04  2.11639139e-05]","[ 0.          1.04623234 12.97470951  1.68961585  1.30140507 -0.70981872
 -0.29079226 -0.30634767]"
1749855093.6158185,"[ 0.         -0.04091308  1.27266357 -3.13548975 -2.12123764  1.50833668
  1.61428814  1.78081441]","[ 0.00000000e+00  5.30298904e-05 -7.41296676e-05  8.94930317e-02
 -7.95448397e-06  1.05979587e-05  2.14933273e-04  2.11639139e-05]","[ 0.          1.00163329 12.88494778  1.67695367  1.33414519 -0.70916772
 -0.27254125 -0.27861914]"
1749855093.619853,"[ 0.         -0.04091255  1.27266303 -3.13514354 -2.12123764  1.50833668
  1.61428908  1.78081441]","[ 0.00000000e+00  5.83328791e-05 -7.94246427e-05  8.50807064e-02
 -7.95448397e-06  1.05979587e-05  2.19078078e-04  2.11639139e-05]","[ 0.          0.95206416 12.78865337  1.63798594  1.34645212 -0.71032101
 -0.25865465 -0.29958868]"
1749855093.6232855,"[ 0.         -0.04091148  1.27266223 -3.13481571 -2.12123764  1.50833668
  1.61429107  1.78081441]","[ 0.00000000e+00  6.88346925e-05 -8.20729389e-05  8.04890505e-02
 -7.95448397e-06  1.05978530e-05  2.38094030e-04  2.11639139e-05]","[ 0.          0.97143459 12.7618475   1.61983204  1.30659461 -0.72746903
 -0.22437145 -0.29842308]"
1749855093.6285505,"[ 0.         -0.04091042  1.27266223 -3.13458455 -2.12123764  1.50833668
  1.61429201  1.78081441]","[ 0.00000000e+00  7.94246427e-05 -8.20101635e-05  7.42015519e-02
 -1.32574726e-05  1.05979587e-05  2.37916773e-04  2.11481571e-05]","[ 0.          0.99425185 12.73127651  1.61080647  1.2652359  -0.69856447
 -0.20814076 -0.28611273]"
1749855093.6325295,"[ 0.         -0.04090882  1.2726613  -3.13423301 -2.12123764  1.50833668
  1.61429387  1.78081441]","[ 0.00000000e+00  9.52376087e-05 -8.47196178e-05  6.59037828e-02
 -1.32574726e-05  1.05979587e-05  2.46032929e-04  2.11641232e-05]","[ 0.          1.06874621 12.7419672   1.59662485  1.20358825 -0.71141607
 -0.17020272 -0.27323839]"
1749855093.636507,"[ 0.         -0.04090669  1.2726613  -3.13396429 -2.12123817  1.50833668
  1.6142948   1.78081441]","[ 0.00000000e+00  1.16401531e-04 -8.20721262e-05  6.80645635e-02
 -1.32374398e-05  1.05980643e-05  2.53966967e-04  2.11639139e-05]","[ 0.          1.10696006 12.73580742  1.56554115  1.18680286 -0.69558793
 -0.14574993 -0.2849634 ]"
1749855093.6405325,"[ 0.         -0.04090456  1.27266077 -3.13367587 -2.12123817  1.50833668
  1.61429573  1.78081534]","[ 0.00000000e+00  1.37669385e-04 -8.20721262e-05  7.63601355e-02
 -1.85324169e-05  1.05979587e-05  2.53966967e-04  2.91003827e-05]","[ 0.          1.08310676 12.71269226  1.5799216   1.12542474 -0.69261187
 -0.11912716 -0.27938607]"
1749855093.6439111,"[ 0.         -0.04090083  1.27265984 -3.13335763 -2.1212387   1.50833668
  1.61429773  1.78081534]","[ 0.00000000e+00  1.74734219e-04 -9.01508150e-05  8.10292395e-02
 -2.38094022e-05  1.05979587e-05  2.64351963e-04  2.91006692e-05]","[ 0.          1.12681258 12.75366211  1.48233187  1.07035303 -0.69463092
 -0.10694139 -0.30936459]"
1749855093.6467996,"[ 0.         -0.0408971   1.27265944 -3.13311395 -2.1212387   1.50833668
  1.6142996   1.78081534]","[ 0.00000000e+00  2.37282484e-04 -9.01508150e-05  7.89920627e-02
 -1.85325998e-05  1.05979587e-05  2.75338770e-04  2.90784288e-05]","[ 0.          1.10717928 12.72613525  1.42366862  1.02519166 -0.66836548
 -0.05457634 -0.28778931]"
1749855093.654851,"[ 0.         -0.04089177  1.27265944 -3.13279783 -2.12123923  1.50833668
  1.61430146  1.78081534]","[ 0.00000000e+00  5.54656092e-04 -8.48478263e-05  7.79889914e-02
 -2.38273920e-05  1.05979587e-05  2.91223687e-04  1.85186086e-05]","[ 0.          1.0608443  12.71338844  1.31553316  1.00152886 -0.70179719
 -0.01755376 -0.25441515]"
1749855093.6589367,"[ 0.         -0.040871    1.27265757 -3.13219516 -2.12123923  1.50833668
  1.61430719  1.78081534]","[ 0.00000000e+00  2.71789633e-03 -1.06059781e-04  6.68921942e-02
 -2.38273920e-05  1.05979587e-05  3.38875090e-04  1.85324169e-05]","[ 0.          0.87883496 12.63233662  1.16267323  1.00472963 -0.68599749
  0.05243464 -0.26504833]"
1749855093.6623995,"[ 0.         -0.04085342  1.27265717 -3.13201646 -2.12123923  1.50833668
  1.61430905  1.78081534]","[ 0.00000000e+00  5.29982321e-03 -1.08711279e-04  5.36644520e-02
 -2.38096379e-05  1.06059783e-05  3.56731273e-04  1.85464284e-05]","[ 0.          0.76312578 12.59173393  1.13338554  1.02369821 -0.68516511
  0.07271609 -0.26593482]"
1749855093.6660013,"[ 0.         -0.04079643  1.27265571 -3.13183536 -2.12123923  1.50833668
  1.61431198  1.78081534]","[ 0.00000000e+00  1.95599403e-02 -1.21968747e-04  4.24053018e-02
 -1.85184257e-05  1.05979587e-05  4.04604617e-04  1.85464284e-05]","[ 0.          0.71983629 12.51620197  1.18901038  1.05251503 -0.67932248
  0.08125356 -0.26206225]"
1749855093.673013,"[ 0.         -0.04069576  1.27265478 -3.13168756 -2.12123923  1.50833668
  1.61431478  1.78081627]","[ 0.00000000e+00  2.65814561e-02 -1.32574732e-04  3.26817948e-02
 -1.85184257e-05  1.05980643e-05  4.62189136e-04  2.64951613e-05]","[ 0.          0.5514046  12.48220921  1.19139779  1.09850574 -0.6895321
  0.08124617 -0.26222435]"
1749855093.6749885,"[ 0.         -0.04058231  1.27265438 -3.13157837 -2.1212395   1.50833668
  1.61431864  1.78081627]","[ 0.00000000e+00  3.02202662e-02 -1.37773464e-04  2.42686151e-02
 -2.11641232e-05  1.05820616e-05  4.99349791e-04  2.64948971e-05]","[ 0.          0.41155764 12.45925713  1.25727725  1.09437096 -0.67304206
  0.09255645 -0.24697639]"
1749855093.6786253,"[ 0.         -0.04045874  1.27265384 -3.13147131 -2.1212395   1.50833668
  1.61432436  1.78081627]","[ 0.00000000e+00  2.97107224e-02 -1.43072445e-04  2.64695534e-02
 -2.11641232e-05  1.05819570e-05  5.81541601e-04  2.64948971e-05]","[ 0.          0.32629424 12.48552418  1.22604549  1.03975105 -0.67299426
  0.10908841 -0.25758737]"
1749855093.6820588,"[ 0.         -0.04035435  1.27265345 -3.13136398 -2.12124003  1.50833668
  1.61433102  1.78081627]","[ 0.00000000e+00  2.30706982e-02 -1.45721936e-04  2.59293582e-02
 -2.64548924e-05  1.05820616e-05  7.28122806e-04  2.64948971e-05]","[ 0.          0.38268748 12.55615616  1.17759383  0.98981577 -0.63508904
  0.14676227 -0.27241182]"
1749855093.6856835,"[ 0.         -0.04028724  1.27265345 -3.13128675 -2.12124003  1.50833668
  1.61433675  1.78081627]","[ 0.00000000e+00  2.21479940e-02 -1.45721936e-04  2.51190644e-02
 -2.64551545e-05  1.05899522e-05  9.52489642e-04  2.64948971e-05]","[ 0.          0.51571083 12.64129448  1.09462488  0.96100926 -0.61482
  0.17670922 -0.27670848]"
1749855093.6889508,"[ 0.         -0.04018284  1.27265305 -3.13118342 -2.12124003  1.50833668
  1.61435099  1.78081627]","[ 0.00000000e+00  2.86303320e-02 -1.45832208e-04  2.64695534e-02
 -2.64748795e-05  0.00000000e+00  1.57160795e-03  2.64946330e-05]","[ 0.          0.68460774 12.72262096  1.00370967  0.93192399 -0.63094205
  0.21559204 -0.25586346]"
1749855093.6924791,"[ 0.         -0.0400598   1.27265251 -3.13106731 -2.12124057  1.50833668
  1.61437669  1.78081627]","[ 0.00000000e+00  3.12995622e-02 -1.51135188e-04  3.03429839e-02
 -2.91226556e-05  0.00000000e+00  4.13564210e-03  2.64948971e-05]","[ 0.          0.88186139 12.78822041  0.89810395  0.94294351 -0.64561599
  0.2439179  -0.23778009]"
1749855093.6992314,"[ 0.         -0.03996446  1.27265211 -3.13098129 -2.12124057  1.50833668
  1.61441464  1.78081627]","[ 0.00000000e+00  3.13313079e-02 -1.48483698e-04  2.86303320e-02
 -2.91223691e-05  0.00000000e+00  1.24602597e-02  2.65149452e-05]","[ 0.          0.9734959  12.77891064  0.80880386  0.98958415 -0.62300342
  0.24639647 -0.26306584]"
1749855093.7012463,"[ 0.         -0.03979082  1.27265065 -3.13088302 -2.12124057  1.50833668
  1.61450692  1.78081627]","[ 0.00000000e+00  3.67332556e-02 -1.59089675e-04  2.24180906e-02
 -2.91223691e-05  0.00000000e+00  1.83666278e-02  1.85462435e-05]","[ 0.          1.04954445 12.66337299  0.80125815  1.07439315 -0.69751859
  0.29851112 -0.2366059 ]"
1749855093.7040727,"[ 0.         -0.03963796  1.27264892 -3.13080552 -2.12124003  1.50833668
  1.61457071  1.78081627]","[ 0.00000000e+00  3.72734528e-02 -1.69695653e-04  1.80965312e-02
 -2.38273920e-05  0.00000000e+00  1.45852636e-02  1.85464284e-05]","[ 0.          1.01782727 12.50770283  0.787359    1.25262511 -0.7363165
  0.35112426 -0.25790861]"
1749855093.7081895,"[ 0.         -0.03952238  1.27264652 -3.13075226 -2.12124003  1.50833668
  1.61461065  1.78081721]","[ 0.00000000e+00  3.94342335e-02 -1.87818867e-04  1.72862385e-02
 -2.38273920e-05  0.00000000e+00  1.16210665e-02  2.64948971e-05]","[ 0.          0.95614803 12.35979271  0.80379605  1.31951106 -0.7509132
  0.3520287  -0.24763158]"
1749855093.7110553,"[ 0.         -0.03939241  1.27264479 -3.13070032 -2.12124003  1.50833668
  1.61463156  1.78081721]","[ 0.00000000e+00  4.46367853e-02 -1.99496643e-04  1.68014870e-02
 -2.38096379e-05  0.00000000e+00  5.98170948e-03  2.65149452e-05]","[ 0.          0.8754366  12.23783493  0.83912772  1.42153132 -0.76188982
  0.37415552 -0.23982103]"
1749855093.7139149,"[ 0.         -0.03921025  1.27264293 -3.13064147 -2.12124003  1.50833668
  1.61464021  1.78081721]","[ 0.00000000e+00  4.51383210e-02 -2.31354724e-04  1.26945815e-02
 -2.38273920e-05  0.00000000e+00  1.43040879e-03  2.65149452e-05]","[ 0.          0.72178662 12.09996605  0.87707764  1.42604446 -0.7818048
  0.41724846 -0.23436226]"
1749855093.7173722,"[ 0.         -0.03911917  1.27264239 -3.13062096 -2.12124003  1.50833668
  1.61464021  1.78081721]","[ 0.00000000e+00  4.65039317e-02 -2.46488709e-04  9.71365745e-03
 -2.38273920e-05  0.00000000e+00  0.00000000e+00  2.64948971e-05]","[ 0.          0.68547559 12.04535198  0.88251168  1.43586278 -0.77902591
  0.39875612 -0.2258096 ]"
1749855093.7236154,"[ 0.         -0.03894127  1.27264053 -3.13059833 -2.12124003  1.50833668
  1.61464301  1.78081721]","[ 0.00000000e+00  4.15950101e-02 -2.68480220e-04  3.24116978e-03
 -2.38273920e-05  0.00000000e+00  4.44378629e-04  2.64551545e-05]","[ 0.          0.64958328 12.00460052  0.9313032   1.41228461 -0.77710468
  0.4091154  -0.24268024]"
1749855093.7275655,"[ 0.         -0.03874207  1.2726388  -3.13059833 -2.12124057  1.50833668
  1.61466205  1.78081721]","[ 0.00000000e+00  2.97107224e-02 -2.81899893e-04 -4.38741518e-04
 -2.91223691e-05  0.00000000e+00  1.98526553e-03  2.64748795e-05]","[ 0.          0.83649105 12.06816864  1.07177496  1.21533275 -0.78275675
  0.41031891 -0.22195379]"
1749855093.7310004,"[ 0.         -0.03862702  1.2726388  -3.1305962  -2.1212411   1.50833668
  1.61469348  1.78081814]","[ 0.00000000e+00  2.86303320e-02 -2.64143318e-04  5.31887593e-04
 -3.43913591e-05  0.00000000e+00  5.55800315e-03  3.70648338e-05]","[ 0.          1.10927057 12.19715214  1.07743287  1.10104394 -0.76613402
  0.41497201 -0.21772458]"
1749855093.7345157,"[ 0.         -0.03851464  1.2726388  -3.13059566 -2.1212411   1.50833668
  1.61475433  1.78081814]","[ 0.00000000e+00  2.80901368e-02 -2.51653119e-04  1.31644146e-04
 -2.91664395e-05  0.00000000e+00  1.71649055e-02  3.70648338e-05]","[ 0.          1.34384441 12.27916527  1.11168265  1.01875985 -0.76921582
  0.45284507 -0.23294151]"
1749855093.7403135,"[ 0.         -0.03841876  1.2726388  -3.13059486 -2.1212411   1.50833668
  1.61481425  1.78081814]","[ 0.00000000e+00  3.40322817e-02 -2.47805059e-04  1.90798181e-04
 -2.91223691e-05  0.00000000e+00  2.02573099e-02  3.70368514e-05]","[ 0.          1.5055002  12.38936234  1.13237906  0.98677748 -0.78557611
  0.42179978 -0.22909863]"
1749855093.741478,"[ 0.         -0.03824885  1.27263827 -3.130593   -2.1212411   1.50833668
  1.61491226  1.78081814]","[ 0.00000000e+00  4.64567646e-02 -2.40451539e-04  2.90553086e-04
 -2.38636886e-05  0.00000000e+00  2.59293582e-02  2.64548924e-05]","[ 0.          1.5296036  12.49383926  1.15654302  0.99504828 -0.81442308
  0.46314031 -0.2025155 ]"
1749855093.7449427,"[ 0.         -0.03810291  1.27263787 -3.13059193 -2.1212411   1.50833575
  1.61499308  1.78081814]","[ 0.00000000e+00  4.96979357e-02 -2.41034674e-04  3.53262955e-04
 -2.38634509e-05 -1.05819570e-05  2.59293582e-02  2.64548924e-05]","[ 0.          1.54764616 12.52095222  1.17664146  1.06383061 -0.85575855
  0.46274987 -0.21034588]"
1749855093.7496736,"[ 0.         -0.03788666  1.27263693 -3.13059167 -2.1212411   1.50833575
  1.61509202  1.78081814]","[ 0.00000000e+00  5.50998833e-02 -2.41847910e-04  2.84627097e-04
 -2.38636886e-05 -1.05819570e-05  2.42841426e-02  2.64748795e-05]","[ 0.          1.41246092 12.56359673  1.17785072  1.15666699 -0.87837905
  0.50646037 -0.22800396]"
1749855093.7524557,"[ 0.         -0.03766189  1.272636   -3.13059114 -2.1212411   1.50833575
  1.61517764  1.78081907]","[ 0.00000000e+00  5.46675233e-02 -2.52944550e-04  2.46981030e-04
 -1.85604623e-05 -1.05819570e-05  2.02573099e-02  3.70372172e-05]","[ 0.          1.27322316 12.54339027  1.13092434  1.253708   -0.91682446
  0.49060687 -0.21235259]"
1749855093.755944,"[ 0.         -0.03748666  1.27263507 -3.1305906  -2.1212411   1.50833575
  1.61523663  1.78081907]","[ 0.00000000e+00  6.10420282e-02 -2.72200437e-04  1.76403343e-04
 -1.85604623e-05 -1.05819570e-05  1.87899414e-02  3.70648338e-05]","[ 0.          1.09436023 12.46088314  1.11416078  1.26629686 -0.92235637
  0.50185442 -0.2139204 ]"
1749855093.7593644,"[ 0.         -0.03722034  1.27263414 -3.1305906  -2.1212411   1.50833481
  1.61530707  1.78081907]","[ 0.00000000e+00  6.91449538e-02 -2.81184818e-04  1.15919207e-04
 -1.85604623e-05 -1.85184257e-05  1.56656540e-02  3.70651995e-05]","[ 0.          0.93612742 12.46285057  1.0516386   1.33043313 -0.93200654
  0.52510548 -0.20519784]"
1749855093.764615,"[ 0.         -0.03700462  1.27263281 -3.13059114 -2.1212411   1.50833481
  1.61534702  1.78082013]","[ 0.00000000e+00  7.02253442e-02 -2.90383225e-04  4.94429331e-05
 -1.85604623e-05 -1.85044548e-05  1.15244978e-02  4.76188043e-05]","[ 0.          0.77517074 12.41764736  0.96969414  1.32725871 -0.93601817
  0.52960593 -0.1885547 ]"
1749855093.7663321,"[ 0.         -0.03671753  1.27263187 -3.13059114 -2.12124136  1.50833481
  1.61539549  1.78082013]","[ 0.00000000e+00  7.16523075e-02 -2.77038356e-04  3.12064808e-05
 -2.12121679e-05 -1.85184257e-05  1.20934561e-02  4.76192757e-05]","[ 0.          0.61749417 12.39831638  0.90615767  1.24774659 -0.9316591
  0.539877   -0.18413752]"
1749855093.770395,"[ 0.         -0.03650821  1.27263054 -3.13059167 -2.12124136  1.50833481
  1.6154345   1.78082013]","[ 0.00000000e+00  7.02253442e-02 -2.72664068e-04  0.00000000e+00
 -2.12280182e-05 -1.85186086e-05  1.29646791e-02  3.70368514e-05]","[ 0.          0.53341395 12.38987923  0.79185814  1.17587483 -0.90130383
  0.53664231 -0.18248568]"
1749855093.77484,"[ 0.         -0.0362403   1.27262908 -3.13059193 -2.1212419   1.50833481
  1.61550015  1.78082013]","[ 0.00000000e+00  6.26626158e-02 -2.51672185e-04 -3.61908093e-05
 -2.38812822e-05 -1.85464284e-05  1.72862385e-02  3.70368514e-05]","[ 0.          0.52258921 12.36421394  0.69908559  1.06730008 -0.90332395
  0.56761026 -0.19605802]"
1749855093.7780488,"[ 0.         -0.03599582  1.27262815 -3.13059193 -2.1212419   1.50833481
  1.61559056  1.78082107]","[ 0.00000000e+00  5.86798210e-02 -2.38871490e-04 -3.31184010e-05
 -2.38815200e-05 -1.85464284e-05  2.43087727e-02  4.76188043e-05]","[ 0.          0.616952   12.36472511  0.59064829  1.01447725 -0.90625823
  0.56545514 -0.17437401]"
1749855093.7821136,"[ 0.         -0.03578223  1.27262721 -3.13059247 -2.1212419   1.50833481
  1.61570748  1.78082107]","[ 0.00000000e+00  5.16583011e-02 -2.35439858e-04 -7.14367280e-05
 -1.85745164e-05 -1.85464284e-05  3.18715031e-02  4.76188043e-05]","[ 0.          0.73405206 12.36903095  0.5060463   0.99521726 -0.9097715
  0.61210334 -0.15454714]"
1749855093.7856126,"[ 0.         -0.03558196  1.27262548 -3.13059247 -2.12124243  1.50833481
  1.61584636  1.78082107]","[ 0.00000000e+00  4.91079332e-02 -2.36486234e-04 -6.86432290e-05
 -2.38812822e-05 -1.85464284e-05  3.45724769e-02  4.76188043e-05]","[ 0.          0.9208529  12.31306553  0.48478556  1.04326642 -0.92285717
  0.6255154  -0.17936286]"
1749855093.789234,"[ 0.         -0.03544454  1.27262402 -3.130593   -2.12124243  1.50833481
  1.6159425   1.780822  ]","[ 0.00000000e+00  4.37557908e-02 -2.49366951e-04 -8.22781619e-05
 -2.38634509e-05 -1.85464284e-05  2.97107224e-02  5.82007654e-05]","[ 0.          1.03887105 12.265028    0.47788903  1.0970844  -0.94392532
  0.66128922 -0.17493488]"
1749855093.7932227,"[ 0.         -0.0352741   1.27262135 -3.130593   -2.12124243  1.50833388
  1.6160453   1.780822  ]","[ 0.00000000e+00  4.21352073e-02 -2.68807589e-04 -6.18990182e-05
 -1.85602774e-05 -2.64948971e-05  2.43087727e-02  5.82007654e-05]","[ 0.          1.17299473 12.14561176  0.48796591  1.18761182 -0.976735
  0.72398865 -0.15393519]"
1749855093.7977202,"[ 0.         -0.03510313  1.27261816 -3.130593   -2.1212419   1.50833388
  1.61613651  1.780822  ]","[ 0.00000000e+00  4.32155977e-02 -3.73908175e-04 -5.79578031e-05
 -1.32574726e-05 -2.64948971e-05  2.10676037e-02  5.82013384e-05]","[ 0.          1.29035497 12.03059196  0.57361853  1.27881467 -1.01315105
  0.7182647  -0.15821221]"
1749855093.801169,"[ 0.         -0.03490925  1.27261576 -3.130593   -2.1212419   1.50833188
  1.6162184   1.780822  ]","[ 0.00000000e+00  5.34792999e-02 -4.48160727e-04 -5.44868431e-05
 -1.32574726e-05 -4.76908124e-05  2.02573099e-02  5.82007654e-05]","[ 0.          1.33304274 11.9509449   0.5808484   1.41151524 -1.07573032
  0.7727378  -0.15199974]"
1749855093.8045416,"[ 0.         -0.03467755  1.2726131  -3.130593   -2.1212419   1.50833095
  1.6162935   1.78082293]","[ 0.00000000e+00  5.96267495e-02 -4.99356911e-04 -3.78289931e-05
 -1.85604623e-05 -5.82887721e-05  1.83666278e-02  6.61872009e-05]","[ 0.          1.26979887 11.83157349  0.64525831  1.4857074  -1.10118997
  0.77540195 -0.18445982]"
1749855093.811529,"[ 0.         -0.03449113  1.27261123 -3.130593   -2.1212419   1.50833095
  1.61635249  1.78082293]","[ 0.00000000e+00  6.37430062e-02 -5.46459265e-04 -2.95005375e-05
 -1.85604623e-05 -5.82881910e-05  2.02573099e-02  5.82007654e-05]","[ 0.          1.17191517 11.76445103  0.69139111  1.47089744 -1.1060096
  0.78515106 -0.17624135]"
1749855093.815487,"[ 0.         -0.03403254  1.27260804 -3.130593   -2.1212419   1.50832909
  1.61652094  1.78082386]","[ 0.00000000e+00  6.45898457e-02 -6.05586447e-04 -2.79171969e-05
 -1.85604623e-05 -7.41849740e-05  2.50768450e-02  6.61378843e-05]","[ 0.          0.99660349 11.79649639  0.73725557  1.31782937 -1.1127857
  0.81255692 -0.14481296]"
1749855093.8196628,"[ 0.         -0.03376089  1.27260751 -3.130593   -2.12124243  1.50832909
  1.6166256   1.78082386]","[ 0.00000000e+00  6.86047607e-02 -5.39369606e-04 -1.35806282e-05
 -2.38634509e-05 -7.42418490e-05  2.50768450e-02  6.62372408e-05]","[ 0.          0.91886407 11.90153027  0.7018491   1.22173274 -1.12620604
  0.8497715  -0.14455676]"
1749855093.8236227,"[ 0.         -0.03343705  1.27260751 -3.13059327 -2.1212427   1.50832909
  1.61675117  1.78082386]","[ 0.00000000e+00  6.16890390e-02 -4.06892849e-04 -1.89418511e-05
 -2.12280182e-05 -7.41857136e-05  2.42841426e-02  6.62372408e-05]","[ 0.          1.01294756 12.12770462  0.66582596  1.07474422 -1.06958342
  0.85760754 -0.13399899]"
1749855093.8276467,"[ 0.         -0.03326501  1.27260711 -3.13059327 -2.12124323  1.50832816
  1.61682241  1.7808248 ]","[ 0.00000000e+00  5.67204709e-02 -3.39725013e-04 -1.84766391e-05
 -2.65149452e-05 -8.47845145e-05  2.32283823e-02  7.41857136e-05]","[ 0.          1.11847568 12.27177429  0.63230288  1.00803363 -1.06895196
  0.88081777 -0.12449959]"
1749855093.8311238,"[ 0.         -0.03309297  1.27260711 -3.13059433 -2.12124323  1.50832816
  1.61691762  1.7808248 ]","[ 0.00000000e+00  5.77422967e-02 -2.64239936e-04 -4.12308750e-05
 -2.12280182e-05 -8.47836692e-05  2.33214660e-02  6.62372408e-05]","[ 0.          1.25143683 12.43165207  0.56409436  0.9731828  -1.09667253
  0.92325699 -0.11419816]"
1749855093.8351464,"[ 0.         -0.03285648  1.27260711 -3.13059433 -2.12124376  1.50832709
  1.61701842  1.7808248 ]","[ 0.00000000e+00  5.94214448e-02 -1.60864618e-04 -2.88227147e-05
 -2.64748795e-05 -9.53816248e-05  2.80901368e-02  6.62372408e-05]","[ 0.          1.43241823 12.5339613   0.49698508  1.00033188 -1.12380135
  0.94187254 -0.11622985]"
1749855093.839609,"[ 0.         -0.03260455  1.27260657 -3.13059486 -2.12124323  1.50832616
  1.61715357  1.78082573]","[ 0.00000000e+00  6.42180684e-02 -1.27992629e-04 -3.86381372e-05
 -2.11799045e-05 -1.05979589e-04  3.86239376e-02  7.41857136e-05]","[ 0.          1.59937143 12.59769726  0.42145118  1.09046221 -1.15043521
  0.96538717 -0.11749645]"
1749855093.8430183,"[ 0.         -0.03233663  1.27260617 -3.13059513 -2.12124323  1.50832523
  1.61734186  1.78082573]","[ 0.00000000e+00  7.06938358e-02 -1.06112600e-04 -4.24239132e-05
 -2.11799045e-05 -1.13756038e-04  5.21288109e-02  7.42418490e-05]","[ 0.          1.56613016 12.61567974  0.41538304  1.21496189 -1.17087948
  0.97050893 -0.10687098]"
1749855093.8470242,"[ 0.         -0.03203783  1.27260524 -3.13059566 -2.12124323  1.50832429
  1.61758447  1.78082679]","[ 0.00000000e+00  7.61674891e-02 -8.29929600e-05 -5.00086598e-05
 -2.11799045e-05 -1.13757160e-04  6.64439800e-02  8.47836692e-05]","[ 0.          1.49755311 12.54373932  0.33479324  1.29707742 -1.21791518
  1.01238334 -0.10589963]"
1749855093.8504608,"[ 0.         -0.03172144  1.27260391 -3.1305962  -2.1212427   1.50832336
  1.61788701  1.78082679]","[ 0.00000000e+00  7.83282698e-02 -1.09219481e-04 -5.77869790e-05
 -1.58969375e-05 -1.21692507e-04  8.21096340e-02  8.47836692e-05]","[ 0.          1.40644264 12.46331501  0.28743735  1.37229478 -1.23193574
  1.04290533 -0.10905572]"
1749855093.8544924,"[ 0.         -0.03147484  1.27260298 -3.13059646 -2.1212427   1.50832243
  1.61815519  1.78082679]","[ 0.00000000e+00  8.21096340e-02 -1.25113964e-04 -6.04471330e-05
 -1.58969375e-05 -1.32374402e-04  9.07527485e-02  7.68933393e-05]","[ 0.          1.2503655  12.38807201  0.22324085  1.41072607 -1.22733772
  1.03456795 -0.0967348 ]"
1749855093.8591084,"[ 0.         -0.0311494   1.27260111 -3.13059806 -2.1212427   1.50832243
  1.61853389  1.78082772]","[ 0.00000000e+00  7.94086560e-02 -1.58970968e-04 -8.40058113e-05
 -1.58849283e-05 -1.32274460e-04  9.65969224e-02  8.48478263e-05]","[ 0.          1.11502993 12.28396893  0.1535539   1.43117309 -1.23973727
  1.11145496 -0.08108966]"
1749855093.8654869,"[ 0.         -0.03079307  1.27259925 -3.13059886 -2.12124323  1.5083215
  1.61906852  1.78082772]","[ 0.00000000e+00  6.70521794e-02 -1.86668770e-04 -9.10765495e-05
 -2.11637026e-05 -1.32274460e-04  1.15754413e-01  7.41857136e-05]","[ 0.          1.02674019 12.1969595   0.04244094  1.35002851 -1.22580826
  1.14865899 -0.08937009]"
1749855093.8688853,"[ 0.         -0.03040318  1.27259699 -3.13060019 -2.12124376  1.50832043
  1.61986946  1.78082866]","[ 0.00000000e+00  6.31342034e-02 -2.16367632e-04 -1.06619631e-04
 -2.38276277e-05 -1.42856421e-04  1.44772250e-01  8.47836692e-05]","[ 0.          1.09050322 12.20195484 -0.05136913  1.23448622 -1.22638118
  1.14372349 -0.08976373]"
1749855093.872914,"[ 0.         -0.03015923  1.27259645 -3.13060019 -2.12124376  1.50832043
  1.62048971  1.78082866]","[ 0.00000000e+00  5.91813566e-02 -2.18113105e-04 -1.03477316e-04
 -2.38273920e-05 -1.42856421e-04  1.56116334e-01  8.48478263e-05]","[ 0.          1.09596479 12.19665813 -0.08665704  1.17382026 -1.22465587
  1.09666681 -0.06812538]"
1749855093.8769631,"[ 0.         -0.02993393  1.27259565 -3.13060072 -2.12124429  1.5083195
  1.6211338   1.78082959]","[ 0.00000000e+00  5.31629122e-02 -2.20348411e-04 -1.08075276e-04
 -2.38273920e-05 -1.53438374e-04  1.53415373e-01  9.54538036e-05]","[ 0.          1.21568906 12.23706818 -0.10359888  1.10641503 -1.20765972
  1.20690024 -0.05740317]"
1749855093.881501,"[ 0.         -0.02971928  1.27259419 -3.13060152 -2.12124456  1.5083195
  1.62175219  1.78082959]","[ 0.00000000e+00  5.67204709e-02 -2.36881254e-04 -1.15932950e-04
 -2.64746154e-05 -1.53438374e-04  1.54495751e-01  8.48478263e-05]","[ 0.          1.32086992 12.20033932 -0.12576631  1.01849473 -1.22992432
  1.15220892 -0.05438003]"
1749855093.8881013,"[ 0.         -0.02933632  1.27259139 -3.13060312 -2.12124456  1.50831857
  1.62274621  1.78083052]","[ 0.00000000e+00  6.85352481e-02 -2.56558348e-04 -1.32211701e-04
 -2.11641232e-05 -1.61253104e-04  1.73782546e-01  9.54538036e-05]","[ 0.          1.32745016 12.13566971 -0.14291275  1.0785147  -1.24598968
  1.17504513 -0.08104162]"
1749855093.892643,"[ 0.         -0.02898478  1.27258966 -3.13060445 -2.12124429  1.50831764
  1.62365382  1.78083052]","[ 0.00000000e+00  7.23861249e-02 -2.69418519e-04 -1.42142793e-04
 -1.85324169e-05 -1.61376444e-04  1.89079411e-01  8.47836692e-05]","[ 0.          1.21934772 12.06648445 -0.18756823  1.18308675 -1.30739415
  1.18464863 -0.05455307]"
1749855093.8962476,"[ 0.         -0.0286897   1.2725878  -3.13060498 -2.12124456  1.5083167
  1.62425782  1.78083052]","[ 0.00000000e+00  7.45469056e-02 -3.31819144e-04 -1.45198212e-04
 -2.64548924e-05 -1.69183583e-04  2.05128601e-01  8.46556558e-05]","[ 0.          1.11138356 12.00171375 -0.20138912  1.22407413 -1.32676697
  1.16679895 -0.0489042 ]"
1749855093.9008176,"[ 0.         -0.02839409  1.27258593 -3.13060578 -2.12124456  1.5083167
  1.62513307  1.78083052]","[ 0.00000000e+00  7.23861249e-02 -3.71313413e-04 -1.51128134e-04
 -2.64551545e-05 -1.58609611e-04  2.20174713e-01  8.46564929e-05]","[ 0.          0.98820603 12.0232439  -0.23099269  1.23398554 -1.32751513
  1.22694314 -0.06581244]"
1749855093.9053957,"[ 0.         -0.02804202  1.27258367 -3.13060711 -2.12124456  1.50831577
  1.62619381  1.78083145]","[ 0.00000000e+00  6.86047607e-02 -3.71305578e-04 -1.61232233e-04
 -2.64748795e-05 -1.58729359e-04  2.04733888e-01  8.46564929e-05]","[ 0.          0.94514954 12.03293991 -0.2738525   1.11524987 -1.29679573
  1.38713074 -0.05239307]"
1749855093.9088354,"[ 0.         -0.02777038  1.27258047 -3.13060818 -2.12124563  1.50831577
  1.62699768  1.78083145]","[ 0.00000000e+00  6.64439800e-02 -4.02054523e-04 -1.69434977e-04
 -3.70648338e-05 -1.50794377e-04  1.96901065e-01  8.47196178e-05]","[ 0.          0.96251494 11.99643135 -0.34062585  1.03621459 -1.31148541
  1.35136008 -0.04227713]"
1749855093.9134135,"[ 0.         -0.02752324  1.27257728 -3.13060898 -2.12124563  1.50831484
  1.62775389  1.78083239]","[ 0.00000000e+00  5.99008845e-02 -4.99480966e-04 -1.72508730e-04
 -3.70368514e-05 -1.50792882e-04  1.80425119e-01  9.52376087e-05]","[ 0.          1.09878552 12.02192116 -0.43128359  0.99527073 -1.2997402
  1.44263184 -0.03346984]"
1749855093.9201016,"[ 0.         -0.027299    1.27257488 -3.13061084 -2.12124616  1.50831484
  1.62847307  1.78083239]","[ 0.00000000e+00  5.34792999e-02 -5.43779686e-04 -1.83887242e-04
 -3.70648338e-05 -1.42857835e-04  1.79344725e-01  8.46564929e-05]","[ 0.          1.27225971 12.01468754 -0.44195703  0.95250362 -1.33075404
  1.49890172 -0.0519608 ]"
1749855093.9229386,"[ 0.         -0.0270673   1.27256942 -3.13061164 -2.12124616  1.50831377
  1.62921982  1.78083239]","[ 0.00000000e+00  5.99616379e-02 -7.42418507e-04 -1.95365395e-04
 -3.70648338e-05 -1.53438374e-04  1.91769203e-01  8.46556558e-05]","[ 0.          1.43874025 11.99788666 -0.45909137  0.94794571 -1.35937226
  1.37374353 -0.05204428]"
1749855093.925766,"[ 0.         -0.02675518  1.27255797 -3.13061217 -2.12124616  1.50831191
  1.63025872  1.78083239]","[ 0.00000000e+00  6.42831993e-02 -1.51037644e-03 -1.96992420e-04
 -3.44176835e-05 -1.69311312e-04  2.17158366e-01  8.46556558e-05]","[ 0.          1.56283009 11.92458725 -0.42712334  1.02135563 -1.39389896
  1.34668648 -0.03414837]"
1749855093.9294946,"[ 0.         -0.02656556  1.27254505 -3.13061217 -2.12124616  1.50831191
  1.63094169  1.78083345]","[ 0.00000000e+00  6.10420282e-02 -3.42331205e-03 -1.92359781e-04
 -2.91003827e-05 -1.61376444e-04  2.30663240e-01  8.46556558e-05]","[ 0.          1.61856151 11.92808437 -0.43315589  1.07842326 -1.40888274
  1.337327   -0.02083095]"
1749855093.9350533,"[ 0.         -0.02631203  1.2725083  -3.13061324 -2.12124616  1.50831098
  1.63191494  1.78083345]","[ 0.00000000e+00  6.48233924e-02 -1.14432703e-02 -2.06682204e-04
 -2.91003827e-05 -1.69311312e-04  2.49282697e-01  8.46556558e-05]","[ 0.          1.67195237 12.01778316 -0.36069024  1.08324933 -1.44320369
  1.30794525 -0.03416811]"
1749855093.939106,"[ 0.         -0.02590084  1.27232508 -3.13061404 -2.12124616  1.50830911
  1.63347223  1.78083345]","[ 0.00000000e+00  6.92120946e-02 -4.21352073e-02 -2.06141298e-04
 -2.91443860e-05 -1.69183583e-04  2.67396504e-01  7.67191870e-05]","[ 0.          1.58296704 12.59980392 -0.30452743  1.06841683 -1.47408128
  1.26759124 -0.03468112]"
1749855093.9426003,"[ 0.         -0.02563772  1.27213959 -3.13061457 -2.12124696  1.50830818
  1.63454814  1.78083345]","[ 0.00000000e+00  6.69841731e-02 -4.69493454e-02 -1.95207172e-04
 -3.70928568e-05 -1.79757554e-04  2.66316109e-01  7.67199429e-05]","[ 0.          1.54135251 13.28189468 -0.26370031  0.93737411 -1.45386147
  1.27477586 -0.04974274]"
1749855093.9460156,"[ 0.         -0.02544278  1.27199724 -3.13061484 -2.12124776  1.50830818
  1.63534443  1.78083438]","[ 0.00000000e+00  6.32028089e-02 -4.80773522e-02 -1.92955627e-04
 -4.50413255e-05 -1.69567338e-04  2.62268753e-01  8.46564929e-05]","[ 0.          1.48866045 13.65740967 -0.24153048  0.80021811 -1.41784847
  1.13255143 -0.06112943]"
1749855093.9488313,"[ 0.         -0.02524677  1.27184797 -3.13061537 -2.12124882  1.50830818
  1.63612447  1.78083438]","[ 0.00000000e+00  6.59037828e-02 -4.86033141e-02 -1.94526655e-04
 -5.56398379e-05 -1.58969375e-04  2.54279220e-01  7.40737029e-05]","[ 0.          1.45006645 13.94068432 -0.19041635  0.68124318 -1.38927257
  1.16425478 -0.05486265]"
1749855093.9603226,"[ 0.         -0.02504543  1.27171535 -3.1306159  -2.12124935  1.50830712
  1.63683793  1.78083438]","[ 0.00000000e+00  6.61405960e-02 -4.18651087e-02 -1.92361959e-04
 -6.62372408e-05 -1.61618866e-04  2.35286371e-01  7.40737029e-05]","[ 0.          1.36997819 14.09990692 -0.16542004  0.64197099 -1.39108896
  1.23312616 -0.04725095]"
1749855093.9638433,"[ 0.         -0.02416606  1.27126354 -3.13061777 -2.12124882  1.50830432
  1.63947592  1.78083531]","[ 0.00000000e+00  8.02459039e-02 -3.67332556e-02 -1.94213038e-04
 -5.56392812e-05 -1.69567338e-04  2.07224692e-01  7.41296676e-05]","[ 0.          1.11851311 13.10339546 -0.12640716  1.09412467 -1.53615117
  1.20698059 -0.04403561]"
1749855093.9673076,"[ 0.         -0.02383742  1.27108125 -3.13061857 -2.12124829  1.50830339
  1.64032733  1.78083531]","[ 0.00000000e+00  8.37302174e-02 -4.83983131e-02 -1.94862476e-04
 -4.50413255e-05 -1.69567338e-04  2.14187294e-01  6.60873364e-05]","[ 0.          0.9745791  12.53504372 -0.21321571  1.2256161  -1.54686534
  1.1262548  -0.03461811]"
1749855093.971971,"[ 0.         -0.02366805  1.27098111 -3.13061963 -2.12124829  1.50830339
  1.64077541  1.78083531]","[ 0.00000000e+00  8.64311954e-02 -5.13185192e-02 -2.03421799e-04
 -4.50413255e-05 -1.69567338e-04  2.19859344e-01  6.61372301e-05]","[ 0.          0.89135593 12.4036541  -0.29471251  1.23950505 -1.56558514
  1.07887173 -0.04406782]"
1749855093.975979,"[ 0.         -0.02315725  1.27058523 -3.13062656 -2.12124935  1.50830246
  1.6420729   1.78083531]","[ 0.00000000e+00  7.91682891e-02 -7.47289993e-02 -2.72779801e-04
 -5.56392812e-05 -1.80165302e-04  2.14997594e-01  6.60873364e-05]","[ 0.          0.75093842 12.36543941 -0.53000879  0.97896755 -1.49760616
  1.33648002 -0.03382133]"
1749855093.9800062,"[ 0.         -0.0228643   1.27025048 -3.13063241 -2.12125015  1.50830246
  1.64293111  1.78083531]","[ 0.00000000e+00  6.91449538e-02 -8.91321651e-02 -4.00280134e-04
 -5.56392812e-05 -1.69567338e-04  2.09595638e-01  5.81568575e-05]","[ 0.          0.82661432 12.69223022 -0.69108742  0.73706776 -1.47194827
  1.30638754 -0.030362  ]"
1749855093.9835289,"[ 0.         -0.0225916   1.26989002 -3.13063801 -2.12125148  1.50830246
  1.64371967  1.78083531]","[ 0.00000000e+00  6.69841731e-02 -8.94022679e-02 -8.16419730e-04
 -6.88867318e-05 -1.58969375e-04  1.89068225e-01  5.82007654e-05]","[ 0.          0.87981427 13.22763443 -0.77126038  0.47538903 -1.42006195
  1.40576005 -0.03339779]"
1749855093.9920502,"[ 0.         -0.02234339  1.26954154 -3.13064253 -2.12125388  1.50830246
  1.64444738  1.78083531]","[ 0.00000000e+00  5.91813566e-02 -8.48106036e-02 -1.34698930e-03
 -9.27321420e-05 -1.58969375e-04  1.78264330e-01  4.75833530e-05]","[ 0.          0.98589659 13.43930721 -0.80130666  0.28017995 -1.39473355
  1.39243937 -0.03171007]"
1749855093.993966,"[ 0.         -0.02207388  1.2691402  -3.13064759 -2.12125388  1.50830152
  1.64536644  1.78083625]","[ 0.00000000e+00  4.80773522e-02 -7.61618964e-02 -1.14810461e-03
 -9.53816248e-05 -1.58967798e-04  1.82810213e-01  5.82013384e-05]","[ 0.          1.21593356 13.36062717 -0.77120364  0.39278194 -1.40616667
  1.28524494 -0.04087799]"
1749855093.998208,"[ 0.         -0.02187041  1.26884992 -3.13064946 -2.12125335  1.50830046
  1.64611132  1.78083625]","[ 0.00000000e+00  5.29391068e-02 -7.08373802e-02 -8.44319398e-04
 -8.74331602e-05 -1.61618866e-04  1.86320958e-01  5.82887721e-05]","[ 0.          1.36293602 13.07019424 -0.61019152  0.68358076 -1.51586378
  1.32039416 -0.04266619]"
1749855094.0036702,"[ 0.         -0.02158492  1.26851796 -3.13064946 -2.12125255  1.50829766
  1.64705208  1.78083625]","[ 0.00000000e+00  6.15822255e-02 -6.80645635e-02 -3.77721840e-04
 -7.94846874e-05 -1.80165302e-04  1.88876661e-01  5.82887721e-05]","[ 0.          1.46673405 12.44927025 -0.3465763   1.06073356 -1.62882125
  1.25655782 -0.06522734]"
1749855094.0071013,"[ 0.         -0.02133032  1.26812953 -3.13064946 -2.12125255  1.5082958
  1.64799671  1.78083625]","[ 0.00000000e+00  6.37430062e-02 -8.69713844e-02 -4.41615307e-05
 -7.42418490e-05 -1.98263972e-04  1.89068225e-01  4.76547840e-05]","[ 0.          1.43844247 11.90884495 -0.22987622  1.31102633 -1.65152609
  1.20115268 -0.03659673]"
1749855094.011234,"[ 0.         -0.02105122  1.2677511  -3.13064999 -2.12125282  1.5082938
  1.64875398  1.78083625]","[ 0.00000000e+00  6.97136303e-02 -9.83154852e-02 -3.77485611e-05
 -7.14821760e-05 -2.08835977e-04  1.90148620e-01  4.76547840e-05]","[ 0.          1.40141809 12.00484657 -0.09790459  1.19841921 -1.67648041
  1.11776233 -0.04455332]"
1749855094.0141647,"[ 0.         -0.0207652   1.2673471  -3.13064999 -2.12125335  1.50829287
  1.64955306  1.78083625]","[ 0.00000000e+00  7.21533730e-02 -1.03717433e-01 -3.31177162e-05
 -7.67771511e-05 -2.16766472e-04  2.07645455e-01  3.70648338e-05]","[ 0.          1.36388803 12.37575245 -0.06981877  0.9277851  -1.69195986
  1.03747225 -0.05727625]"
1749855094.0202007,"[ 0.         -0.02055588  1.26703244 -3.13065079 -2.12125388  1.50829287
  1.65019235  1.78083718]","[ 0.00000000e+00  7.02253442e-02 -1.04257622e-01 -7.37554369e-05
 -7.67191870e-05 -2.06350203e-04  2.14156268e-01  4.76908124e-05]","[ 0.          1.31859326 12.7616539  -0.04593963  0.69886947 -1.63318002
  1.0513407  -0.04567773]"
1749855094.0206463,"[ 0.         -0.02034229  1.26672259 -3.13065132 -2.12125441  1.50829287
  1.65087252  1.78083718]","[ 0.00000000e+00  7.06938358e-02 -1.01310460e-01 -9.27330604e-05
 -8.20101635e-05 -2.06348155e-04  2.28665386e-01  4.76908124e-05]","[ 0.          1.33395708 13.1500349  -0.01587983  0.51635605 -1.58028221
  0.93597293 -0.05108999]"
1749855094.0248127,"[ 0.         -0.02005999  1.26633363 -3.13065265 -2.12125521  1.50829194
  1.6518029   1.78083718]","[ 0.00000000e+00  7.13057304e-02 -9.23733403e-02 -1.44769804e-04
 -8.99466322e-05 -2.06350203e-04  2.29202379e-01  4.76908124e-05]","[ 0.          1.30693185 13.63785458  0.02199423  0.32096967 -1.58698201
  0.99860668 -0.04524173]"
1749855094.0282466,"[ 0.         -0.01984375  1.26606585 -3.13065345 -2.12125601  1.508291
  1.65243939  1.78083718]","[ 0.00000000e+00  7.01491195e-02 -8.57628169e-02 -1.65592005e-04
 -9.79570596e-05 -2.06350203e-04  2.07434866e-01  3.70928568e-05]","[ 0.          1.30380833 13.87131119  0.07178517  0.26334289 -1.59046245
  1.11554646 -0.05804132]"
1749855094.0317516,"[ 0.         -0.01955826  1.26572976 -3.13065478 -2.12125708  1.508291
  1.65321184  1.78083718]","[ 0.00000000e+00  7.13057304e-02 -8.37302174e-02 -1.96123512e-04
 -1.08547010e-04 -1.98262005e-04  1.85286870e-01  3.70648338e-05]","[ 0.          1.33457053 13.84978008  0.1175236   0.28254619 -1.60585093
  1.06571639 -0.05535178]"
1749855094.0350683,"[ 0.         -0.01933828  1.26547902 -3.13065638 -2.12125654  1.50828914
  1.6537474   1.78083718]","[ 0.00000000e+00  7.77880725e-02 -8.20264352e-02 -2.29331914e-04
 -1.03174077e-04 -2.06192484e-04  1.73672674e-01  3.70928568e-05]","[ 0.          1.38014686 13.71774673  0.10713063  0.40842947 -1.66692519
  0.96239251 -0.04673644]"
1749855094.0391378,"[ 0.         -0.01900006  1.26516597 -3.13065958 -2.12125654  1.50828714
  1.65442185  1.78083811]","[ 0.00000000e+00  8.75115816e-02 -7.72478753e-02 -2.95785716e-04
 -1.03174077e-04 -2.16766472e-04  1.63138873e-01  4.76908124e-05]","[ 0.          1.33396196 13.43211269  0.07002291  0.56396812 -1.71196616
  1.00907457 -0.05366282]"
1749855094.0426903,"[ 0.         -0.01864106  1.26486423 -3.13066411 -2.12125654  1.50828435
  1.65508591  1.78083811]","[ 0.00000000e+00  8.96723623e-02 -7.50110197e-02 -3.81581473e-04
 -1.00528593e-04 -2.37916773e-04  1.68000624e-01  4.76547840e-05]","[ 0.          1.2477833  12.98519993  0.05210597  0.71926308 -1.78209126
  1.01926172 -0.0495101 ]"
1749855094.046269,"[ 0.         -0.0183625   1.2646332  -3.13066917 -2.12125654  1.50828248
  1.65565383  1.78083811]","[ 0.00000000e+00  9.28193948e-02 -7.64375836e-02 -5.00543305e-04
 -8.99475262e-05 -2.53969471e-04  1.84423356e-01  3.70924870e-05]","[ 0.          1.22487986 12.72192669 -0.0196329   0.77461922 -1.77850831
  0.94213766 -0.06197618]"
1749855094.0497634,"[ 0.         -0.01798326  1.26431868 -3.13067689 -2.12125654  1.50827955
  1.65645198  1.78083811]","[ 0.00000000e+00  9.29135292e-02 -7.97443724e-02 -1.24720203e-03
 -7.67191870e-05 -2.85715671e-04  2.04733888e-01  3.70928568e-05]","[ 0.          1.16453373 12.45856857 -0.09784217  0.79761589 -1.80096757
  0.8765893  -0.04802242]"
1749855094.0600085,"[ 0.         -0.01771055  1.26409098 -3.13068381 -2.12125708  1.50827582
  1.65708261  1.78083811]","[ 0.00000000e+00  8.74229150e-02 -7.77880725e-02 -1.97642651e-03
 -7.67191870e-05 -3.12170821e-04  2.10394736e-01  3.70928568e-05]","[ 0.          1.16574132 12.37134838 -0.14491819  0.7046147  -1.78687835
  0.94391376 -0.05791156]"
1749855094.063233,"[ 0.         -0.01683863  1.26322719 -3.13070272 -2.1212616   1.50826437
  1.65943432  1.78083918]","[ 0.00000000e+00  8.57628169e-02 -8.91321651e-02 -2.03842225e-03
 -1.26983484e-04 -4.39592351e-04  2.55253321e-01  4.75833530e-05]","[ 0.          1.33030462 12.88138485 -0.17628783  0.34624144 -1.74613953
  0.79199684 -0.05089787]"
1749855094.067109,"[ 0.         -0.01648017  1.26286446 -3.13070672 -2.121264    1.50825106
  1.66025151  1.78083918]","[ 0.00000000e+00  9.23733403e-02 -9.23733403e-02 -1.49020456e-03
 -1.56083866e-04 -8.31311261e-04  2.77120004e-01  3.70089097e-05]","[ 0.          1.36666989 13.31873989 -0.13181317  0.13851692 -1.76724839
  0.8495239  -0.03398016]"
1749855094.0700364,"[ 0.         -0.01609881  1.26248563 -3.13070805 -2.12126533  1.50817782
  1.66141491  1.78083918]","[ 0.00000000e+00  9.56145072e-02 -9.08002194e-02 -6.62395522e-04
 -1.69312986e-04 -9.79363655e-03  2.93325855e-01  3.70089097e-05]","[ 0.          1.30434883 13.75903702 -0.12236198  0.07513732 -1.74554563
  0.61373758 -0.07265289]"
1749855094.0729408,"[ 0.         -0.01589694  1.26231252 -3.13070858 -2.12126613  1.50808647
  1.66198576  1.78083918]","[ 0.00000000e+00  9.92951623e-02 -8.64311954e-02 -4.63676827e-04
 -1.71958494e-04 -4.91079332e-02  2.89251119e-01  3.70368514e-05]","[ 0.          1.26473534 14.00474262 -0.09040002  0.08877676 -1.72004318
  0.63871151 -0.04038062]"
1749855094.076456,"[ 0.         -0.01548681  1.26197404 -3.13070991 -2.12126773  1.50785624
  1.66312919  1.78083918]","[ 0.00000000e+00  1.01556652e-01 -7.96787588e-02 -3.31197761e-04
 -1.85341106e-04 -6.25991244e-02  2.80901377e-01  3.70372172e-05]","[ 0.00000000e+00  1.07603204e+00  1.42004108e+01 -7.15523679e-03
 -1.25522139e-02 -1.63127863e+00  7.75537670e-01 -3.58811058e-02]"
1749855094.0793262,"[ 0.         -0.01518588  1.26174314 -3.13071098 -2.12127039  1.50764692
  1.66394065  1.78083918]","[ 0.00000000e+00  9.83012373e-02 -7.45469056e-02 -3.36622034e-04
 -1.87760919e-04 -7.13057304e-02  2.61189457e-01  3.70089097e-05]","[ 0.          0.93939048 14.24876499  0.089874   -0.13790792 -1.6663121
  0.59585017 -0.03781198]"
1749855094.0828345,"[ 0.         -0.01489506  1.26152769 -3.13071178 -2.12127226  1.50741775
  1.66470831  1.78083918]","[ 0.00000000e+00  9.92951623e-02 -6.94150525e-02 -3.09105097e-04
 -2.02872798e-04 -7.77382215e-02  2.50650463e-01  3.70092754e-05]","[ 0.          0.81288171 14.21826553  0.15455164 -0.07932119 -1.6518755
  0.52618527 -0.03760374]"
1749855094.0862684,"[ 0.         -0.01459146  1.26131703 -3.13071231 -2.12127226  1.50717035
  1.66545612  1.78083918]","[ 0.00000000e+00  9.88556741e-02 -6.86459191e-02 -2.85746912e-04
 -2.76831694e-04 -8.58909982e-02  2.43746951e-01  3.70368514e-05]","[ 0.          0.73080492 14.14832973  0.23410243  0.02933217 -1.70083523
  0.53133088 -0.0578724 ]"
1749855094.0897057,"[ 0.         -0.01419997  1.26113101 -3.13071311 -2.12127279  1.50682507
  1.66640741  1.78083918]","[ 0.00000000e+00  9.56145072e-02 -6.10420282e-02 -2.27701687e-04
 -2.69074116e-04 -8.69713844e-02  2.33716204e-01  3.70368514e-05]","[ 0.          0.66483152 13.91422653  0.31014639  0.15505779 -1.74020517
  0.38657591 -0.03745515]"
1749855094.0931506,"[ 0.         -0.01390703  1.26095884 -3.13071417 -2.12127279  1.50655103
  1.66711128  1.78083918]","[ 0.00000000e+00  9.72981660e-02 -5.40194971e-02 -2.27701687e-04
 -2.61118605e-04 -9.18331430e-02  2.39873366e-01  2.91003827e-05]","[ 0.          0.62171102 13.62914944  0.34255588  0.24915901 -1.75916612
  0.36021042 -0.06314988]"
1749855094.0960236,"[ 0.         -0.01361728  1.26080997 -3.1307155  -2.12127306  1.50625715
  1.66785244  1.78084011]","[ 0.00000000e+00  9.77752879e-02 -4.69969619e-02 -2.65239548e-04
 -2.52795625e-04 -9.83154852e-02  2.45248507e-01  3.70092754e-05]","[ 0.          0.66473371 13.28997326  0.28040418  0.29914698 -1.71503985
  0.40547469 -0.05135486]"
1749855094.099545,"[ 0.         -0.01323112  1.26061303 -3.13071923 -2.12127412  1.50586713
  1.66884753  1.78084011]","[ 0.00000000e+00  9.56145072e-02 -4.96475811e-02 -3.91455617e-04
 -2.53298918e-04 -9.72350907e-02  2.49856858e-01  3.70368514e-05]","[ 0.          0.75184375 12.85431957  0.23926494  0.28147927 -1.7116704
  0.42811838 -0.03548269]"
1749855094.103034,"[ 0.         -0.01294296  1.26045737 -3.13072296 -2.12127492  1.50556366
  1.66961518  1.78084011]","[ 0.00000000e+00  9.49779784e-02 -5.19090710e-02 -4.98346002e-04
 -2.68844795e-04 -1.01286549e-01  2.51771538e-01  3.70372172e-05]","[ 0.          0.90498286 12.76238823  0.1857239   0.28465036 -1.753703
  0.4811658  -0.04043618]"
1749855094.1066954,"[ 0.         -0.01266067  1.26028972 -3.13072749 -2.12127599  1.50524781
  1.67034196  1.78084011]","[ 0.00000000e+00  9.23733403e-02 -5.96310647e-02 -6.09666493e-04
 -3.48600570e-04 -1.05824293e-01  2.40143194e-01  3.70368514e-05]","[ 0.          1.05648899 12.91696453  0.14463523  0.27096227 -1.78310645
  0.58952087 -0.03791789]"
1749855094.1113,"[ 0.         -0.01229102  1.26004271 -3.13073468 -2.12127812  1.50479121
  1.67128192  1.78084011]","[ 0.00000000e+00  9.17400989e-02 -6.21224186e-02 -1.13284345e-03
 -3.49925778e-04 -1.19754564e-01  2.26694680e-01  3.70372172e-05]","[ 0.          1.28601766 13.20509243  0.04239532  0.17269218 -1.78968203
  0.6380381  -0.02863247]"
1749855094.11624,"[ 0.         -0.0118223   1.25972313 -3.13074533 -2.12128424  1.50413567
  1.67239872  1.78084011]","[ 0.00000000e+00  9.38986908e-02 -6.15822255e-02 -2.05317067e-03
 -4.25710917e-04 -1.38830105e-01  2.16077989e-01  3.70372172e-05]","[ 0.00000000e+00  1.49974620e+00  1.35322962e+01 -8.18082038e-03
 -9.08680707e-02 -1.67819333e+00  5.46539426e-01 -3.72994579e-02]"
1749855094.133098,"[ 0.         -0.01133282  1.25941181 -3.13075652 -2.12129276  1.50343553
  1.67340992  1.78084011]","[ 0.00000000e+00  1.03177236e-01 -6.26626158e-02 -2.17478780e-03
 -6.18573844e-04 -1.37209521e-01  1.93929992e-01  2.91006692e-05]","[ 0.          1.62254906 13.90821266  0.01923061 -0.28983119 -1.72478688
  0.73408741 -0.02868088]"
1749855094.1371913,"[ 0.         -0.0093674   1.25846772 -3.13076637 -2.12129782  1.50124561
  1.6763619   1.78084104]","[ 0.00000000e+00  1.17762503e-01 -4.48361812e-02  0.00000000e+00
  0.00000000e+00 -1.11820358e-01  1.79163014e-01  3.70368514e-05]","[ 0.          0.95268285 13.7259407   0.45607704  0.2687737  -2.02387786
  0.44359207 -0.07561812]"
1749855094.140564,"[ 0.         -0.00889496  1.25829648 -3.1307661  -2.12129782  1.50079953
  1.67711531  1.78084104]","[ 0.00000000e+00  1.16682109e-01 -3.81168052e-02  2.20807653e-05
  0.00000000e+00 -1.10739964e-01  1.90148620e-01  2.91006692e-05]","[ 0.          0.84932089 13.50729084  0.58260679  0.36163643 -2.08373189
  0.41430748 -0.06497099]"
1749855094.1448112,"[ 0.         -0.00842518  1.25815413 -3.13076637 -2.12129782  1.50034094
  1.6778839   1.78084104]","[ 0.00000000e+00  1.16141912e-01 -3.51075830e-02  0.00000000e+00
  0.00000000e+00 -1.17762503e-01  1.91769203e-01  2.91006692e-05]","[ 0.          0.76653987 13.38385677  0.62503976  0.44096527 -2.12660289
  0.36269635 -0.06496384]"
1749855094.148299,"[ 0.         -0.00807843  1.25804334 -3.1307669  -2.12129836  1.49997275
  1.67846234  1.78084104]","[ 0.00000000e+00  1.14242845e-01 -3.83538432e-02 -2.95021731e-05
 -2.30956648e-05 -1.23579305e-01  1.90148620e-01  2.91003827e-05]","[ 0.          0.78705406 13.34767818  0.61704087  0.38944745 -2.08661032
  0.39969608 -0.07642465]"
1749855094.1553366,"[ 0.         -0.00762783  1.25788315 -3.13076744 -2.12130022  1.49946289
  1.67920336  1.78084104]","[ 0.00000000e+00  1.10839658e-01 -4.10132176e-02 -5.29903226e-05
 -7.14339891e-05 -1.28296304e-01  1.76464766e-01  2.91006692e-05]","[ 0.          0.92323172 13.53030872  0.55951649  0.09559043 -1.99644911
  0.36961716 -0.05648789]"
1749855094.1588764,"[ 0.         -0.00690558  1.25756038 -3.13077063 -2.12131593  1.49863997
  1.68028594  1.78084104]","[ 0.00000000e+00  1.03072698e-01 -4.46367853e-02 -1.63283943e-04
 -5.30190120e-04 -1.11010067e-01  1.38830105e-01  2.91006692e-05]","[ 0.          1.34064317 14.28196812  0.48597541 -0.44062093 -1.98105574
  0.38637859 -0.05916671]"
1749855094.1640885,"[ 0.         -0.00649279  1.25740152 -3.13077303 -2.12133457  1.49821387
  1.68080152  1.78084104]","[ 0.00000000e+00  1.01556652e-01 -3.66960379e-02 -2.21067923e-04
 -3.54026071e-03 -1.06148308e-01  1.22510420e-01  1.85184257e-05]","[ 0.          1.65289128 14.61607265  0.47482619 -0.49587643 -1.94446766
  0.27898768 -0.07045807]"
1749855094.172058,"[ 0.         -0.00595749  1.25722416 -3.13077569 -2.12136121  1.49765634
  1.68136958  1.78084104]","[ 0.00000000e+00  1.10338126e-01 -3.26817948e-02 -2.65375924e-04
 -5.22188413e-03 -1.11820358e-01  1.08148675e-01  1.85604623e-05]","[ 0.          1.82947838 14.58394623  0.4201501  -0.27241328 -1.93371451
  0.39817455 -0.05752297]"
1749855094.1755652,"[ 0.         -0.00511274  1.25698687 -3.13077889 -2.12139423  1.49679347
  1.68213817  1.78084104]","[ 0.00000000e+00  1.22624254e-01 -3.71137339e-02 -3.03858846e-04
 -4.03775273e-03 -1.27356841e-01  1.14791431e-01  1.85604623e-05]","[ 0.          1.813627   14.14958477  0.58032215 -0.03052711 -2.03753519
  0.35226101 -0.06672863]"
1749855094.17902,"[ 0.         -0.00462058  1.25683161 -3.13078022 -2.12140675  1.49626084
  1.68264137  1.78084197]","[ 0.00000000e+00  1.22084056e-01 -3.78136459e-02 -3.20261733e-04
 -2.89569406e-03 -1.33158055e-01  1.29106596e-01  2.65146811e-05]","[ 0.          1.75243461 14.05626392  0.65527016  0.02712903 -2.07197833
  0.27474087 -0.09715582]"
1749855094.182601,"[ 0.         -0.00425413  1.25672548 -3.13078022 -2.12141367  1.49598773
  1.68304857  1.78084197]","[ 0.00000000e+00  1.21003670e-01 -3.36029739e-02 -3.13660787e-04
 -2.28220786e-03 -1.39910499e-01  1.35287576e-01  2.64948971e-05]","[ 0.          1.65367985 13.97599506  0.73774278 -0.03061384 -2.09208155
  0.21526219 -0.08398184]"
1749855094.1858656,"[ 0.         -0.00378755  1.25659738 -3.13078075 -2.12142645  1.49537614
  1.68358226  1.78084197]","[ 0.00000000e+00  1.13981131e-01 -3.18715031e-02 -3.11791470e-04
 -2.85228974e-03 -1.52968761e-01  1.28975785e-01  2.64948971e-05]","[ 0.          1.53115189 13.73733521  0.76422876 -0.19754772 -2.01187205
  0.33102569 -0.07197753]"
1749855094.1890302,"[ 0.         -0.00343761  1.25651109 -3.13078128 -2.12144297  1.49490809
  1.68396656  1.78084197]","[ 0.00000000e+00  1.16141912e-01 -2.59293582e-02 -3.15121202e-04
 -5.09981097e-03 -1.52968761e-01  1.24381158e-01  2.64948971e-05]","[ 0.          1.48129225 13.53155899  0.81697595 -0.38514405 -1.92534041
  0.35271025 -0.05467782]"
1749855094.1931617,"[ 0.00000000e+00 -3.08500581e-03  1.25642933e+00 -3.13078128e+00
 -2.12148345e+00  1.49434110e+00  1.68444886e+00  1.78084197e+00]","[ 0.00000000e+00  1.15855031e-01 -1.67630449e-02 -3.02914678e-04
 -1.26945815e-02 -1.35164197e-01  1.17249237e-01  2.64948971e-05]","[ 0.          1.51247418 13.22635555  0.87993675 -0.44109777 -1.95929062
  0.28448641 -0.06106213]"
1749855094.1966097,"[ 0.00000000e+00 -2.74571908e-03  1.25638712e+00 -3.13078128e+00
 -2.12153564e+00  1.49383017e+00  1.68494167e+00  1.78084197e+00]","[ 0.00000000e+00  1.15061525e-01 -1.30399602e-02 -2.91243420e-04
 -1.92910068e-02 -1.25384229e-01  1.25384229e-01  1.85462435e-05]","[ 0.          1.5347544  13.1131525   0.89913583 -0.30945566 -2.12381506
  0.28152207 -0.07005929]"
1749855094.2000403,"[ 0.00000000e+00 -2.27593747e-03  1.25633293e+00 -3.13078155e+00
 -2.12163951e+00  1.49345733e+00  1.68532504e+00  1.78084197e+00]","[ 0.00000000e+00  1.16024241e-01 -1.42938025e-02 -2.85049360e-04
 -2.72019747e-02 -1.27486012e-01  1.33832608e-01  1.85604623e-05]","[ 0.          1.59398723 12.97921753  0.92673421  0.15212788 -2.22552395
  0.22222286 -0.07338803]"
1749855094.2040434,"[ 0.00000000e+00 -1.81947166e-03  1.25626355e+00 -3.13078208e+00
 -2.12175429e+00  1.49293309e+00  1.68588816e+00  1.78084197e+00]","[ 0.00000000e+00  1.11707058e-01 -1.94470181e-02 -2.79862405e-04
 -2.75845316e-02 -1.35048741e-01  1.43691855e-01  1.85604623e-05]","[ 0.          1.66893208 12.92455864  0.94215697  0.42008001 -2.30188584
  0.15751217 -0.07354365]"
1749855094.21159,"[ 0.00000000e+00 -1.35767952e-03  1.25617633e+00 -3.13078208e+00
 -2.12186454e+00  1.49237755e+00  1.68648844e+00  1.78084197e+00]","[ 0.00000000e+00  1.16412014e-01 -2.24180906e-02 -2.65221489e-04
 -2.75845316e-02 -1.38830105e-01  1.54495751e-01  1.85604623e-05]","[ 0.          1.83204055 13.02776718  0.91260302  0.32823962 -2.28951907
  0.19756038 -0.0621626 ]"
1749855094.216146,"[ 0.00000000e+00 -3.75505714e-04  1.25605689e+00 -3.13078342e+00
 -2.12213699e+00  1.49117793e+00  1.68788979e+00  1.78084197e+00]","[ 0.00000000e+00  1.26135523e-01 -5.94214437e-03 -2.23482046e-04
 -3.68282846e-02 -1.57196729e-01  1.80242310e-01  1.85604623e-05]","[ 0.          1.9652133  13.79851055  0.90062982  0.14388932 -2.16472411
  0.17099129 -0.09417201]"
1749855094.221903,"[ 0.00000000e+00  1.40899866e-04  1.25605782e+00 -3.13078448e+00
 -2.12224884e+00  1.49052625e+00  1.68857369e+00  1.78084197e+00]","[ 0.00000000e+00  1.29106596e-01  1.44051983e-03 -2.00206158e-04
 -3.86239376e-02 -1.66920246e-01  1.61894295e-01  1.85604623e-05]","[ 0.          1.94676888 13.88883018  0.91841948  0.07914714 -2.19835639
  0.21069078 -0.08082878]"
1749855094.2248037,"[ 0.00000000e+00  7.64479571e-04  1.25605556e+00 -3.13078448e+00
 -2.12248000e+00  1.48971386e+00  1.68916452e+00  1.78084197e+00]","[ 0.00000000e+00  1.21543868e-01 -4.25595053e-04 -1.60197023e-04
 -5.07783261e-02 -1.55977983e-01  1.41801177e-01  1.85604623e-05]","[ 0.          1.90660524 13.84557629  0.9796719   0.07197898 -2.22101688
  0.1986676  -0.07392153]"
1749855094.2276728,"[ 0.00000000e+00  1.13688240e-03  1.25605649e+00 -3.13078475e+00
 -2.12264245e+00  1.48926485e+00  1.68956119e+00  1.78084197e+00]","[ 0.00000000e+00  1.22354159e-01 -3.01988489e-04 -1.32734670e-04
 -5.59101792e-02 -1.50714395e-01  1.24118953e-01  1.85604623e-05]","[ 0.          1.86234295 13.76299     1.04609287  0.18164074 -2.26234508
  0.16512737 -0.07910184]"
1749855094.2316356,"[ 0.00000000e+00  1.61673579e-03  1.25605463e+00 -3.13078475e+00
 -2.12289226e+00  1.48865791e+00  1.69002072e+00  1.78084197e+00]","[ 0.00000000e+00  1.18302692e-01 -4.25510074e-04 -1.00695268e-04
 -6.48233924e-02 -1.51371164e-01  1.08038994e-01  1.06059783e-05]","[ 0.          1.90865004 13.52429676  1.14925408  0.32858941 -2.31148648
  0.17043948 -0.07149663]"
1749855094.2366211,"[ 0.00000000e+00  1.98179159e-03  1.25605423e+00 -3.13078475e+00
 -2.12309466e+00  1.48817748e+00  1.69031181e+00  1.78084197e+00]","[ 0.00000000e+00  1.21622705e-01 -1.68311017e-04 -8.66231749e-05
 -6.75243704e-02 -1.61248196e-01  8.85919761e-02  1.05819570e-05]","[ 0.          1.93994915 13.3392868   1.18157554  0.41191161 -2.3062079
  0.20432341 -0.05505494]"
1749855094.239983,"[ 0.00000000e+00  2.59940179e-03  1.25605196e+00 -3.13078448e+00
 -2.12343181e+00  1.48735656e+00  1.69070662e+00  1.78084197e+00]","[ 0.00000000e+00  1.24244837e-01 -3.03623901e-04 -7.05648370e-05
 -6.53635897e-02 -1.68810924e-01  7.53571974e-02  1.05819570e-05]","[ 0.          2.02602005 12.99827766  1.25785422  0.40528032 -2.32129312
  0.22637689 -0.0579336 ]"
1749855094.243342,"[ 0.00000000e+00  2.96996791e-03  1.25605010e+00 -3.13078448e+00
 -2.12363022e+00  1.48681248e+00  1.69092353e+00  1.78084197e+00]","[ 0.00000000e+00  1.25325232e-01 -3.43271289e-04 -7.05636666e-05
 -6.48233924e-02 -1.86286088e-01  7.13057304e-02  1.05819570e-05]","[ 0.          2.08433533 12.97370625  1.24602127  0.34742683 -2.31709433
  0.18281266 -0.07862662]"
1749855094.2467842,"[ 0.          0.00348839  1.25604957 -3.13078448 -2.12388961  1.48601899
  1.69121555  1.7808429 ]","[ 0.00000000e+00  1.27641150e-01 -3.83506998e-04 -6.06770956e-05
 -6.56336883e-02 -2.01492721e-01  7.42768028e-02  1.85184257e-05]","[ 0.          2.18817902 13.0943985   1.25274813  0.21224399 -2.29722357
  0.21165287 -0.07746807]"
1749855094.252068,"[ 0.          0.00386722  1.25604957 -3.13078448 -2.12408802  1.48541685
  1.69146282  1.7808429 ]","[ 0.00000000e+00  1.27486012e-01 -2.92547921e-04 -5.96452669e-05
 -6.42831993e-02 -1.96100935e-01  8.58909982e-02  1.85186086e-05]","[ 0.          2.21880651 13.20728588  1.25482512  0.034473   -2.26200843
  0.12132094 -0.06012238]"
1749855094.255175,"[ 0.          0.00465519  1.2560501  -3.13078448 -2.12446352  1.48426383
  1.69204313  1.7808429 ]","[ 0.00000000e+00  1.33659586e-01 -2.11950741e-04 -4.96194952e-05
 -6.05018351e-02 -1.90148620e-01  1.09119380e-01  1.85184257e-05]","[ 0.00000000e+00  2.15319419e+00  1.35203733e+01  1.29337502e+00
 -3.49261969e-01 -2.32341290e+00 -1.16322506e-02 -6.35471344e-02]"
1749855094.2587116,"[ 0.          0.00504551  1.2560501  -3.13078448 -2.12464675  1.48368832
  1.69239893  1.7808429 ]","[ 0.00000000e+00  1.31807566e-01 -1.05980645e-04 -4.88145855e-05
 -6.13121269e-02 -1.87177547e-01  1.20463473e-01  1.85184257e-05]","[ 0.          2.17078805 13.67195606  1.31703269 -0.44669366 -2.22697163
 -0.02785283 -0.08390053]"
1749855094.2764845,"[ 0.          0.00544959  1.2560505  -3.13078448 -2.12484435  1.48313465
  1.69277949  1.7808429 ]","[ 0.00000000e+00  1.34372256e-01  0.00000000e+00 -4.80895836e-05
 -6.72059479e-02 -1.82638239e-01  1.28142681e-01  1.85186086e-05]","[ 0.          2.10901713 13.80253124  1.32880604 -0.50682104 -2.21479321
 -0.14022173 -0.07249868]"
1749855094.2803948,"[ 0.          0.00785483  1.25605103 -3.13078395 -2.12632108  1.47965097
  1.69512068  1.7808429 ]","[ 0.00000000e+00  1.40578204e-01  4.94444611e-05 -2.53603331e-05
 -8.53508009e-02 -1.93929992e-01  1.26405618e-01  1.05820616e-05]","[ 0.          2.0087142  13.98884296  1.61094046  0.19759573 -2.25520515
 -0.30546987 -0.09659061]"
1749855094.2838907,"[ 0.          0.00842055  1.25605103 -3.13078395 -2.12666596  1.47886614
  1.69562388  1.7808429 ]","[ 0.00000000e+00  1.38830105e-01  4.79805596e-05 -2.46974483e-05
 -8.53508009e-02 -1.93929992e-01  1.23434545e-01  1.05819570e-05]","[ 0.          2.01025057 14.00778389  1.6207515   0.17581421 -2.27570367
 -0.37919891 -0.08893065]"
1749855094.2868166,"[ 0.          0.00883474  1.25605103 -3.13078395 -2.12691842  1.47827638
  1.69599965  1.7808429 ]","[ 0.00000000e+00  1.36399221e-01  4.64977946e-05 -1.73962761e-05
 -8.34273411e-02 -1.95622265e-01  1.22876547e-01  1.05820616e-05]","[ 0.          2.03742576 13.9963665   1.62872303  0.09290987 -2.27301168
 -0.3309319  -0.08878756]"
1749855094.290424,"[ 0.          0.00924801  1.2560505  -3.13078342 -2.12716716  1.4776552
  1.6963649   1.7808429 ]","[ 0.00000000e+00  1.35588930e-01  1.50665374e-05 -1.01657720e-05
 -8.45405092e-02 -2.09325544e-01  1.22500009e-01  1.05819570e-05]","[ 0.          2.07708693 13.95816898  1.61534512 -0.0797666  -2.229496
 -0.34143865 -0.09007518]"
1749855094.2937725,"[ 0.          0.00978251  1.2560505  -3.13078342 -2.12753148  1.47678754
  1.69682537  1.7808429 ]","[ 0.00000000e+00  1.34238449e-01  1.42418844e-05  0.00000000e+00
 -9.30892147e-02 -2.18670093e-01  1.06958600e-01  1.05820616e-05]","[ 0.          2.22982144 13.95724964  1.60785401 -0.19485503 -2.11006403
 -0.30743688 -0.08708393]"
1749855094.297353,"[ 0.          0.01033399  1.2560505  -3.13078315 -2.12792137  1.47592667
  1.69722204  1.7808429 ]","[ 0.00000000e+00  1.37421118e-01  1.38756896e-05  3.18563746e-06
 -9.76041798e-02 -2.12150109e-01  9.34537265e-02  1.05900569e-05]","[ 0.          2.34605265 13.82331753  1.61957908 -0.3096444  -2.17314219
 -0.23597611 -0.084446  ]"
1749855094.3042066,"[ 0.          0.01075048  1.2560505  -3.13078315 -2.12822471  1.47529311
  1.69747797  1.7808429 ]","[ 0.00000000e+00  1.41531083e-01  0.00000000e+00  3.11222386e-06
 -1.00476258e-01 -2.06131681e-01  7.99488533e-02  1.05819570e-05]","[ 0.          2.41245484 13.62304592  1.62826157 -0.30106109 -2.31279445
 -0.27174643 -0.0700825 ]"
1749855094.3077185,"[ 0.          0.01175656  1.25604957 -3.13078315 -2.1289411   1.47387937
  1.6979612   1.7808429 ]","[ 0.00000000e+00  1.43421761e-01 -2.45492222e-05  9.01686422e-06
 -9.77752879e-02 -1.99872137e-01  6.44474955e-02  1.05819570e-05]","[ 0.          2.45908833 13.36999512  1.68159187 -0.03038781 -2.39143991
 -0.23876287 -0.07670304]"
1749855094.311909,"[ 0.          0.01234938  1.25604824 -3.13078262 -2.12931767  1.47306697
  1.698219    1.7808429 ]","[ 0.00000000e+00  1.51794789e-01 -4.58898668e-05  2.03425627e-05
 -9.17400989e-02 -2.04526444e-01  6.26921145e-02  1.05819570e-05]","[ 0.          2.39425492 13.10275173  1.69078982 -0.01852739 -2.38141298
 -0.25114334 -0.07632539]"
1749855094.315346,"[ 0.          0.0129725   1.25604824 -3.13078262 -2.12968225  1.47223846
  1.69846454  1.7808429 ]","[ 0.00000000e+00  1.56116334e-01 -5.51973377e-05  1.99142507e-05
 -9.02125596e-02 -2.02573099e-01  5.91813566e-02  1.05819570e-05]","[ 0.          2.27386022 13.041008    1.68968666 -0.09745339 -2.36068082
 -0.20816879 -0.07651003]"
1749855094.3215938,"[ 0.          0.01345327  1.25604784 -3.13078262 -2.12995496  1.47165243
  1.69864044  1.7808429 ]","[ 0.00000000e+00  1.59357518e-01 -6.50106490e-05  1.96906538e-05
 -9.07781817e-02 -1.89955957e-01  5.78008613e-02  1.05819570e-05]","[ 0.          2.10872054 13.02655125  1.66214192 -0.14671527 -2.35407734
 -0.25407258 -0.07340609]"
1749855094.3250494,"[ 0.          0.01437716  1.25604784 -3.13078262 -2.13051396  1.47051846
  1.6989535   1.7808429 ]","[ 0.00000000e+00  1.51794789e-01 -6.24105235e-05  2.20444382e-05
 -9.60572744e-02 -1.81130075e-01  4.34856922e-02  1.05820616e-05]","[ 0.          1.91270936 13.24865723  1.66874933 -0.19150336 -2.34890413
 -0.26838192 -0.06841055]"
1749855094.32925,"[ 0.          0.01498237  1.25604784 -3.13078208 -2.13090784  1.46982311
  1.69907813  1.7808429 ]","[ 0.00000000e+00  1.50444300e-01 -6.00092653e-05  2.67168381e-05
 -9.78745489e-02 -1.69621207e-01  2.21479940e-02  1.05819570e-05]","[ 0.          1.86386085 13.33153915  1.6601783  -0.18124793 -2.35923004
 -0.29152253 -0.09653954]"
1749855094.3333454,"[ 0.          0.01558575  1.25604784 -3.13078208 -2.13130039  1.46914387
  1.69911515  1.7808429 ]","[ 0.00000000e+00  1.49904095e-01 -4.90995781e-05  2.64548924e-05
 -9.53444128e-02 -1.70701602e-01  1.08038990e-03  1.05819570e-05]","[ 0.          1.86486006 13.26621151  1.67019939 -0.12180107 -2.38298869
 -0.2841109  -0.09598554]"
1749855094.3374836,"[ 0.          0.01620979  1.25604784 -3.13078208 -2.13167829  1.46844266
  1.6991009   1.7808429 ]","[ 0.00000000e+00  1.51714911e-01 -5.67747413e-05  2.64948971e-05
 -9.34537265e-02 -1.74534856e-01 -3.57649089e-03  1.05979587e-05]","[ 0.          1.87166047 13.33234024  1.64177585 -0.16161823 -2.33874774
 -0.27403811 -0.07993038]"
1749855094.341385,"[ 0.          0.01680903  1.25604824 -3.13078208 -2.13206445  1.46793
  1.69909997  1.7808429 ]","[ 0.00000000e+00  1.54069395e-01 -4.57100904e-05  2.38454062e-05
 -9.58846017e-02 -1.70528646e-01 -9.57397699e-04  1.05979587e-05]","[ 0.          1.99268973 13.51381207  1.63960934 -0.08902225 -2.27327967
 -0.43797064 -0.09288823]"
1749855094.3452976,"[ 0.          0.01743261  1.25604864 -3.13078155 -2.13244528  1.46726115
  1.69910756  1.7808429 ]","[ 0.00000000e+00  1.55576145e-01 -4.04544434e-05  2.91443860e-05
 -9.37238210e-02 -1.59639064e-01  8.27891414e-04  1.05978530e-05]","[ 0.          1.98730195 13.7882967   1.71106219 -0.09881735 -2.34489012
 -0.39073482 -0.08449375]"
1749855094.3492496,"[ 0.          0.01807226  1.25604917 -3.13078128 -2.13283224  1.46664289
  1.6991057   1.7808429 ]","[ 0.00000000e+00  1.59627612e-01 -2.20793024e-05  3.17941919e-05
 -9.83154852e-02 -1.56116334e-01  8.26060815e-04  0.00000000e+00]","[ 0.          2.01116085 13.93242073  1.77842629 -0.04473318 -2.41830373
 -0.45097217 -0.10047519]"
1749855094.353179,"[ 0.          0.01871926  1.25604917 -3.13078128 -2.13324104  1.46600547
  1.6991057   1.7808429 ]","[ 0.00000000e+00  1.61248196e-01 -2.13798610e-05  3.17938749e-05
 -1.01016455e-01 -1.60005515e-01 -1.17995616e-04  0.00000000e+00]","[ 0.          1.96285105 14.00655365  1.78591788  0.09002883 -2.3592627
 -0.48227108 -0.11366067]"
1749855094.35655,"[ 0.          0.01936167  1.25604917 -3.13078075 -2.13364371  1.46537669
  1.6991057   1.7808429 ]","[ 0.00000000e+00  1.59627612e-01 -2.06992160e-05  3.70928568e-05
 -9.88556741e-02 -1.52334978e-01 -1.68326215e-04  0.00000000e+00]","[ 0.          1.8824873  13.9846859   1.81103611  0.10350406 -2.29482484
 -0.45920005 -0.10687409]"
1749855094.3606014,"[ 0.          0.01986677  1.25604917 -3.13078022 -2.13393346  1.46492289
  1.69910476  1.7808429 ]","[ 0.00000000e+00  1.58007029e-01 -2.04104928e-05  4.24239132e-05
 -9.71365704e-02 -1.46662928e-01 -1.55532525e-04  0.00000000e+00]","[ 0.00000000e+00  1.85125542e+00  1.40615492e+01  1.87430787e+00
 -1.35783777e-02 -2.34650278e+00 -4.92748976e-01 -1.21664315e-01]"
1749855094.366164,"[ 0.          0.02051285  1.2560501  -3.13077969 -2.13432388  1.46432075
  1.69910476  1.7808429 ]","[ 0.00000000e+00  1.62703763e-01 -8.04264510e-06  4.77269018e-05
 -9.61547045e-02 -1.53415373e-01 -7.54917744e-05  0.00000000e+00]","[ 0.          1.83184719 14.19922638  1.95024025 -0.05009399 -2.35948515
 -0.51956761 -0.12526217]"
1749855094.3758757,"[ 0.          0.02116812  1.2560501  -3.13077942 -2.13470125  1.46370516
  1.6991037   1.7808429 ]","[ 0.00000000e+00  1.64489362e-01 -7.80127734e-06  4.50754075e-05
 -9.12929458e-02 -1.53415373e-01 -1.32470865e-04  0.00000000e+00]","[ 0.          1.75027776 14.33687973  1.94755435 -0.03972423 -2.33173418
 -0.54288793 -0.1129291 ]"
1749855094.3764207,"[ 0.          0.02182889  1.2560505  -3.13077889 -2.13506477  1.46312392
  1.69910277  1.7808429 ]","[ 0.00000000e+00  1.62868779e-01  7.58227698e-06  5.03783961e-05
 -8.96723623e-02 -1.37879972e-01 -1.70864817e-04  0.00000000e+00]","[ 0.          1.6901983  14.35441208  1.97552049 -0.2692394  -2.27460957
 -0.56502527 -0.11622771]"
1749855094.379455,"[ 0.          0.02281385  1.2560505  -3.13077809 -2.13574068  1.46225067
  1.69910184  1.7808429 ]","[ 0.00000000e+00  1.62058479e-01  7.36748352e-06  5.83334602e-05
 -9.92264111e-02 -1.19653181e-01 -1.85466121e-04  0.00000000e+00]","[ 0.          1.77346861 14.38632679  2.02448821 -0.36163676 -2.19017434
 -0.57504362 -0.11114732]"
1749855094.3828344,"[ 0.          0.02346682  1.2560505  -3.13077809 -2.13616146  1.46178076
  1.69910184  1.7808429 ]","[ 0.00000000e+00  1.63243403e-01  1.79110709e-05  5.83328791e-05
 -1.01799216e-01 -1.15601723e-01 -1.31798134e-04  0.00000000e+00]","[ 0.          1.80947208 14.24361515  2.02808404 -0.20803629 -2.20465565
 -0.60532969 -0.09798768]"
1749855094.3869133,"[ 0.          0.02412668  1.2560501  -3.13077756 -2.13658703  1.46130792
  1.69910184  1.7808429 ]","[ 0.00000000e+00  1.62598684e-01  2.09378972e-05  6.36358718e-05
 -1.06580406e-01 -1.16682109e-01 -1.25788028e-04  0.00000000e+00]","[ 0.          1.86681962 13.99101639  2.04280663  0.02970936 -2.23081803
 -0.56976342 -0.10347583]"
1749855094.389256,"[ 0.          0.02460929  1.2560501  -3.13077756 -2.13691034  1.46096064
  1.69910184  1.7808429 ]","[ 0.00000000e+00  1.64489362e-01  2.37888441e-05  5.83328791e-05
 -1.05338016e-01 -1.13848880e-01 -1.15968377e-04  0.00000000e+00]","[ 0.          1.91841435 13.81072426  2.03359675  0.22740288 -2.23393273
 -0.56449282 -0.11334787]"
1749855094.3940043,"[ 0.          0.02510842  1.25604957 -3.13077702 -2.13722619  1.46061057
  1.69910184  1.7808429 ]","[ 0.00000000e+00  1.64489362e-01  1.67808915e-05  6.36352378e-05
 -1.03219413e-01 -1.18842890e-01 -7.08179868e-05  0.00000000e+00]","[ 0.          1.94377875 13.67860699  2.01621485  0.34238842 -2.26208138
 -0.55098855 -0.10482085]"
1749855094.3973966,"[ 0.          0.02578252  1.25604957 -3.13077649 -2.13763046  1.46009884
  1.69910184  1.7808429 ]","[ 0.00000000e+00  1.71781996e-01  1.98899236e-05  6.89388604e-05
 -9.90535387e-02 -1.33832608e-01 -3.90063862e-05  0.00000000e+00]","[ 0.          1.98465443 13.61872768  1.9966197   0.32813212 -2.29062414
 -0.54290318 -0.11737621]"
1749855094.4010184,"[ 0.          0.02647406  1.2560501  -3.13077649 -2.13792154  1.45953279
  1.69909997  1.7808429 ]","[ 0.00000000e+00  1.73132485e-01  2.55544887e-05  6.62873661e-05
 -9.47904752e-02 -1.44772250e-01 -9.09487392e-05  0.00000000e+00]","[ 0.          1.95763385 13.67972851  1.96367848  0.26956609 -2.22660995
 -0.54414594 -0.13552426]"
1749855094.407926,"[ 0.          0.02716008  1.2560501  -3.13077649 -2.13828693  1.45893823
  1.69909904  1.7808429 ]","[ 0.00000000e+00  1.69891318e-01  2.49640143e-05  6.62873661e-05
 -9.25495667e-02 -1.46662928e-01 -1.22867864e-04  0.00000000e+00]","[ 0.          1.86966884 13.77817822  1.89551997  0.09753136 -2.15385246
 -0.56509316 -0.11214674]"
1749855094.4113402,"[ 0.          0.02815744  1.2560505  -3.13077622 -2.13885924  1.45809055
  1.6991009   1.7808429 ]","[ 0.00000000e+00  1.67190340e-01  3.04737397e-05  6.36358718e-05
 -9.56145072e-02 -1.35287576e-01 -5.59773209e-05  0.00000000e+00]","[ 0.          1.84888685 14.08911133  1.90875351 -0.10493007 -2.16465259
 -0.61532742 -0.10235871]"
1749855094.4146514,"[ 0.          0.02883429  1.2560505  -3.13077569 -2.13924593  1.45752649
  1.69910943  1.7808429 ]","[ 0.00000000e+00  1.69081018e-01  2.38407533e-05  6.88346925e-05
 -9.49779784e-02 -1.42436491e-01  1.83226540e-04  0.00000000e+00]","[ 0.          1.78630567 14.21758938  1.93985415 -0.13622563 -2.19141269
 -0.66149068 -0.12583335]"
1749855094.4207428,"[ 0.          0.02934812  1.2560505  -3.13077569 -2.13953462  1.45707842
  1.69910849  1.7808429 ]","[ 0.00000000e+00  1.68540829e-01  2.94760499e-05  6.88353671e-05
 -9.49779784e-02 -1.57196729e-01  1.73446119e-04  0.00000000e+00]","[ 0.          1.70622182 14.24710464  1.91759443 -0.06028046 -2.1624856
 -0.64664048 -0.1097621 ]"
1749855094.424923,"[ 0.          0.03034778  1.25605103 -3.13077436 -2.14011492  1.45606721
  1.69910849  1.7808429 ]","[ 0.00000000e+00  1.67730529e-01  3.42216972e-05  8.20721262e-05
 -9.66948934e-02 -1.75563352e-01  1.65590623e-04  0.00000000e+00]","[ 0.          1.59282517 14.23861027  1.97091305  0.0324607  -2.07013917
 -0.72706199 -0.09595855]"
1749855094.4278924,"[ 0.          0.03102463  1.25605143 -3.13077383 -2.14049762  1.45529277
  1.69910849  1.7808429 ]","[ 0.00000000e+00  1.69621207e-01  3.90681051e-05  8.20721262e-05
 -9.56145072e-02 -2.03653493e-01  1.57564843e-04  0.00000000e+00]","[ 0.00000000e+00  1.51937950e+00  1.43579445e+01  2.02169037e+00
 -1.20444819e-02 -2.10350537e+00 -7.24100173e-01 -7.95553997e-02]"
1749855094.4302785,"[ 0.          0.03153892  1.25605196 -3.1307733  -2.14079696  1.45464588
  1.69910756  1.7808429 ]","[ 0.00000000e+00  1.70271784e-01  4.37453305e-05  9.25921245e-05
 -1.01016455e-01 -2.18238761e-01  1.35733912e-04  0.00000000e+00]","[ 0.          1.51358843 14.47936821  2.02682114  0.01693034 -2.09619784
 -0.7557314  -0.08567165]"
1749855094.4336574,"[ 0.          0.0320353   1.25605236 -3.1307725  -2.14112106  1.45401232
  1.69910756  1.7808429 ]","[ 0.00000000e+00  1.65839851e-01  4.60136378e-05  9.53095680e-05
 -1.07498797e-01 -2.13160812e-01  1.32471613e-04  0.00000000e+00]","[ 0.          1.55204773 14.58374119  2.06589842  0.13146441 -2.12220621
 -0.79654175 -0.09348637]"
1749855094.4384687,"[ 0.          0.03253674  1.25605236 -3.13077143 -2.14144677  1.45336544
  1.69910756  1.7808429 ]","[ 0.00000000e+00  1.64926737e-01  4.55222924e-05  1.05899518e-04
 -1.09929672e-01 -2.14187294e-01  1.29368162e-04  0.00000000e+00]","[ 0.          1.53511739 14.54809093  2.13242006  0.22378141 -2.11002183
 -0.81488699 -0.11601043]"
1749855094.4417355,"[ 0.          0.0333596   1.25605236 -3.1307701  -2.14201162  1.45224678
  1.69910756  1.7808429 ]","[ 0.00000000e+00  1.65839851e-01  4.24239132e-05  1.19136960e-04
 -1.11550256e-01 -2.24688538e-01  1.21436651e-04  0.00000000e+00]","[ 0.          1.73055243 14.41571426  2.14087725  0.38753504 -2.05667424
 -0.77349746 -0.12265103]"
1749855094.4452357,"[ 0.          0.03387022  1.25605236 -3.1307693  -2.14234265  1.45156847
  1.69910756  1.7808429 ]","[ 0.00000000e+00  1.69081018e-01  3.71212943e-05  1.21784452e-04
 -1.07830435e-01 -2.33364218e-01  1.18818783e-04  0.00000000e+00]","[ 0.          1.77446318 14.28225613  2.17225027  0.42549676 -2.03423524
 -0.75279403 -0.1031126 ]"
1749855094.4487221,"[ 0.          0.03455717  1.25605236 -3.13076877 -2.14276077  1.45058576
  1.69910756  1.7808429 ]","[ 0.00000000e+00  1.71781996e-01  3.18179359e-05  1.24431935e-04
 -1.01561229e-01 -2.52811236e-01  1.32377035e-04  0.00000000e+00]","[ 0.          1.85176575 14.21103573  2.14978313  0.32991552 -1.89294028
 -0.72135907 -0.09673453]"
1749855094.4560113,"[ 0.          0.03507927  1.25605236 -3.13076824 -2.14305478  1.44980093
  1.69910756  1.7808429 ]","[ 0.00000000e+00  1.73030237e-01  3.18176189e-05  1.29726918e-04
 -9.96659659e-02 -2.59563681e-01  1.27380097e-04  0.00000000e+00]","[ 0.          1.89411807 14.2485981   2.1543417   0.20233953 -1.84972978
 -0.72565883 -0.09252067]"
1749855094.4586568,"[ 0.          0.03628005  1.2560533  -3.1307669  -2.14378982  1.44803152
  1.69910756  1.7808429 ]","[ 0.00000000e+00  1.71781996e-01  4.23598089e-05  1.32374402e-04
 -1.06148308e-01 -2.49029880e-01  1.34838728e-04  0.00000000e+00]","[ 0.          1.93049335 14.4255476   2.18126631  0.1440438  -1.94213235
 -0.77789176 -0.10138551]"
1749855094.4622386,"[ 0.          0.03680307  1.2560533  -3.1307661  -2.14411605  1.44728477
  1.69910756  1.7808429 ]","[ 0.00000000e+00  1.72862391e-01  3.70648338e-05  1.34921285e-04
 -1.07768891e-01 -2.43746951e-01  1.48795527e-04  0.00000000e+00]","[ 0.          1.89828265 14.38600826  2.23281765  0.1996959  -1.96779168
 -0.78381431 -0.10392731]"
1749855094.4676933,"[ 0.          0.03749094  1.25605276 -3.13076477 -2.14455601  1.44630673
  1.69910756  1.7808429 ]","[ 0.00000000e+00  1.69621207e-01  2.64748795e-05  1.48259335e-04
 -1.08582745e-01 -2.46486728e-01  1.46084220e-04  0.00000000e+00]","[ 0.          1.88612962 14.16173267  2.2341373   0.40104818 -2.02058482
 -0.78381604 -0.11500764]"
1749855094.469487,"[ 0.          0.03817743  1.25605276 -3.13076318 -2.14497918  1.44530698
  1.69910756  1.7808429 ]","[ 0.00000000e+00  1.71781996e-01  2.64548924e-05  1.61374851e-04
 -1.03316602e-01 -2.47257696e-01  1.41305175e-04  0.00000000e+00]","[ 0.          1.84225237 14.01283646  2.27660632  0.51011413 -2.04000807
 -0.73786926 -0.09129785]"
1749855094.4729247,"[ 0.          0.03869447  1.25605276 -3.13076238 -2.14528092  1.44459059
  1.69910756  1.7808429 ]","[ 0.00000000e+00  1.76103558e-01  2.11641232e-05  1.64144252e-04
 -1.01016455e-01 -2.40386757e-01  4.33944536e-05  0.00000000e+00]","[ 0.          1.87353778 13.95292854  2.30695915  0.53656495 -1.98677897
 -0.72925109 -0.10929356]"
1749855094.4765024,"[ 0.          0.03923907  1.25605276 -3.13076104 -2.14558905  1.44387526
  1.69910756  1.7808429 ]","[ 0.00000000e+00  1.81505497e-01  2.11639139e-05  1.73790198e-04
 -1.00374458e-01 -2.33364218e-01  0.00000000e+00  0.00000000e+00]","[ 0.          1.83374214 13.97892284  2.32640767  0.62208426 -2.02494216
 -0.75161839 -0.11684435]"
1749855094.4823492,"[ 0.          0.03996551  1.2560537  -3.13075971 -2.14599039  1.44294489
  1.69910663  1.7808429 ]","[ 0.00000000e+00  1.78264330e-01  3.17458709e-05  1.94871124e-04
 -9.91257769e-02 -2.29582862e-01 -1.57955014e-05  0.00000000e+00]","[ 0.          1.76106822 14.17875195  2.35438347  0.80229706 -2.12206817
 -0.8043943  -0.1065586 ]"
1749855094.484051,"[ 0.          0.04068139  1.2560537  -3.13075918 -2.14639492  1.44202024
  1.6991057   1.7808429 ]","[ 0.00000000e+00  1.76194954e-01  3.17461838e-05  2.07254855e-04
 -1.00476258e-01 -2.31473540e-01 -5.37136502e-05  0.00000000e+00]","[ 0.          1.78759801 14.23502064  2.32853103  0.88111103 -2.13724852
 -0.80660403 -0.11207886]"
1749855094.4883192,"[ 0.          0.04139038  1.2560537  -3.13075865 -2.14680212  1.44106696
  1.6991057   1.7808429 ]","[ 0.00000000e+00  1.77994236e-01  3.70368514e-05  2.16184003e-04
 -1.00476258e-01 -2.41197040e-01 -3.78295295e-05  0.00000000e+00]","[ 0.          1.8180666  14.14764214  2.27814341  0.80975062 -2.07921934
 -0.77949715 -0.08485866]"
1749855094.4908874,"[ 0.          0.04193222  1.2560533  -3.13075865 -2.14710199  1.44035257
  1.6991057   1.7808429 ]","[ 0.00000000e+00  1.79344725e-01  3.17698567e-05  2.19840469e-04
 -9.62950864e-02 -2.32494213e-01 -3.73070118e-05  0.00000000e+00]","[ 0.          1.85519838 14.08060646  2.27421021  0.70819449 -2.03492856
 -0.76359808 -0.08294457]"
1749855094.4947505,"[ 0.          0.04265039  1.25605423 -3.13075785 -2.14748149  1.43941167
  1.6991057   1.7808429 ]","[ 0.00000000e+00  1.78264330e-01  4.76552554e-05  2.33082170e-04
 -9.29475761e-02 -2.22020133e-01 -3.63036206e-05  0.00000000e+00]","[ 0.          1.9205817  14.18955898  2.23373246  0.62406868 -2.18943477
 -0.75513351 -0.11995464]"
1749855094.498762,"[ 0.          0.04319545  1.25605423 -3.13075678 -2.14776938  1.4387544
  1.6991057   1.7808429 ]","[ 0.00000000e+00  1.79800991e-01  4.76188043e-05  2.36668059e-04
 -9.52920151e-02 -2.11950538e-01 -3.57860362e-05  0.00000000e+00]","[ 0.          1.94384646 14.33112812  2.24140358  0.5745427  -2.20947528
 -0.77045619 -0.11980511]"
1749855094.5016637,"[ 0.          0.04393612  1.25605516 -3.13075598 -2.14813982  1.4379448
  1.6991057   1.7808429 ]","[ 0.00000000e+00  1.87574808e-01  5.02647924e-05  2.46807284e-04
 -9.02766419e-02 -1.98107077e-01 -3.48617808e-05  0.00000000e+00]","[ 0.          1.93627524 14.42481232  2.24903536  0.66235447 -2.22176933
 -0.79684353 -0.10398614]"
1749855094.50526,"[ 0.          0.04449679  1.25605516 -3.13075492 -2.14840401  1.43736357
  1.6991057   1.7808429 ]","[ 0.00000000e+00  1.90418714e-01  5.02642966e-05  2.46086992e-04
 -8.96723623e-02 -1.97711348e-01 -3.39511366e-05  0.00000000e+00]","[ 0.          1.89386356 14.36597443  2.25909495  0.71648055 -2.19966674
 -0.7810638  -0.10630328]"
1749855094.5079627,"[ 0.          0.04507951  1.25605516 -3.13075465 -2.14867885  1.43676143
  1.6991057   1.7808429 ]","[ 0.00000000e+00  1.91499109e-01  4.76547840e-05  2.38135479e-04
 -9.15630403e-02 -2.00682421e-01 -3.35617830e-05  0.00000000e+00]","[ 0.          1.74209952 14.25023556  2.31187034  0.75304252 -2.21046042
 -0.75822979 -0.11559709]"
1749855094.512695,"[ 0.          0.04584222  1.25605516 -3.13075359 -2.14905542  1.43617154
  1.6991057   1.7808429 ]","[ 0.00000000e+00  1.89608431e-01  4.76547840e-05  2.39015993e-04
 -9.31836320e-02 -1.91035253e-01 -2.29021573e-05  0.00000000e+00]","[ 0.          1.63587856 14.1864624   2.24256492  0.92209327 -2.08735418
 -0.76637655 -0.0843912 ]"
1749855094.5174909,"[ 0.          0.04679412  1.25605516 -3.13075172 -2.14951135  1.43525168
  1.6991057   1.7808429 ]","[ 0.00000000e+00  1.89686145e-01  4.76188043e-05  2.43126956e-04
 -8.96723623e-02 -1.80425119e-01 -2.23403500e-05  0.00000000e+00]","[ 0.          1.50873864 14.16083336  2.30211496  0.97685701 -2.07613134
 -0.73853749 -0.09375542]"
1749855094.5222723,"[ 0.          0.04756464  1.25605556 -3.13075092 -2.14987008  1.43449627
  1.6991057   1.7808429 ]","[ 0.00000000e+00  1.90418714e-01  5.03027714e-05  2.53298918e-04
 -8.98513268e-02 -1.89079411e-01 -2.20988263e-05  0.00000000e+00]","[ 0.          1.44344807 14.23797131  2.32174969  1.0554105  -2.12186146
 -0.76067978 -0.1210761 ]"
1749855094.5295606,"[ 0.          0.04851884  1.25605609 -3.13075039 -2.15031563  1.43355445
  1.69910476  1.7808429 ]","[ 0.00000000e+00  1.90958920e-01  5.02647924e-05  2.45383328e-04
 -8.85919761e-02 -1.86987897e-01 -3.08214855e-05  0.00000000e+00]","[ 0.          1.41104937 14.29664707  2.2539525   1.12786543 -2.05116224
 -0.73733288 -0.10042618]"
1749855094.5327032,"[ 0.          0.0498785   1.25605609 -3.13074986 -2.15091936  1.43220276
  1.6991057   1.7808429 ]","[ 0.00000000e+00  1.93389787e-01  4.23602275e-05  2.26612789e-04
 -8.55341512e-02 -1.95097855e-01 -2.10936289e-05  0.00000000e+00]","[ 0.          1.5321219  14.228899    2.17636418  0.8378709  -1.99502981
 -0.68546343 -0.09029239]"
1749855094.5366921,"[ 0.          0.05065407  1.25605689 -3.13074959 -2.15127436  1.43145787
  1.6991057   1.7808429 ]","[ 0.00000000e+00  1.92849598e-01  4.50072964e-05  2.15861349e-04
 -8.91321651e-02 -1.78045601e-01 -2.06156651e-05  0.00000000e+00]","[ 0.          1.65445173 14.32143688  2.13337326  0.78349453 -1.958588
 -0.674806   -0.11167405]"
1749855094.5408952,"[ 0.          0.05142688  1.25605689 -3.130748   -2.15163416  1.43077384
  1.6991057   1.7808429 ]","[ 0.00000000e+00  1.93659898e-01  4.49737631e-05  2.21452101e-04
 -8.77816761e-02 -1.68516412e-01 -2.01756803e-05  0.00000000e+00]","[ 0.          1.73225689 14.3059988   2.18860149  0.85272563 -2.07751369
 -0.68631762 -0.10231985]"
1749855094.5443976,"[ 0.          0.05221486  1.25605689 -3.1307472  -2.1519801   1.4300994
  1.6991057   1.7808429 ]","[ 0.00000000e+00  1.96901065e-01  4.50072964e-05  2.12119562e-04
 -8.52643231e-02 -1.68675236e-01 -1.99464248e-05  0.00000000e+00]","[ 0.          1.72976446 14.1414156   2.20145202  1.03853989 -2.12833548
 -0.65988398 -0.11034555]"
1749855094.54802,"[ 0.          0.0528219   1.25605689 -3.13074666 -2.15224216  1.42960378
  1.6991057   1.7808429 ]","[ 0.00000000e+00  2.00142232e-01  4.49737631e-05  2.13388789e-04
 -8.56209037e-02 -1.65839851e-01 -1.95342577e-05  0.00000000e+00]","[ 0.          1.66873932 14.0342207   2.17933536  1.10791898 -2.11266422
 -0.64070094 -0.08812977]"
1749855094.5515938,"[ 0.          0.05362594  1.25605649 -3.13074586 -2.15257292  1.42894358
  1.6991057   1.7808429 ]","[ 0.00000000e+00  2.00142232e-01  4.23282464e-05  2.03904366e-04
 -7.99951423e-02 -1.64759457e-01 -1.93344963e-05  0.00000000e+00]","[ 0.          1.69879866 13.91548061  2.20555186  1.22092545 -2.12126327
 -0.62247396 -0.09949718]"
1749855094.5557144,"[ 0.          0.05426422  1.25605689 -3.13074533 -2.15279823  1.42843745
  1.6991057   1.7808429 ]","[ 0.00000000e+00  2.00943610e-01  4.50413255e-05  1.98017015e-04
 -7.48170001e-02 -1.69621207e-01 -1.91236613e-05  0.00000000e+00]","[ 0.          1.69007742 13.86450195  2.23703551  1.24868464 -2.13998485
 -0.610448   -0.11324713]"
1749855094.5692458,"[ 0.          0.05507377  1.25605689 -3.13074347 -2.15308984  1.42775249
  1.6991057   1.7808429 ]","[ 0.00000000e+00  2.02573099e-01  3.70928568e-05  2.10635041e-04
 -7.01541879e-02 -1.72862391e-01 -1.89029883e-05  0.00000000e+00]","[ 0.          1.68603003 13.96906757  2.22537351  1.25672174 -2.16894341
 -0.59417808 -0.0931808 ]"
1749855094.572024,"[ 0.          0.05567072  1.25605742 -3.13074267 -2.15330902  1.42724169
  1.6991057   1.7808429 ]","[ 0.00000000e+00  1.99872137e-01  4.24239132e-05  2.07632711e-04
 -6.80645635e-02 -1.64759457e-01 -1.85182388e-05  0.00000000e+00]","[ 0.          1.72211778 14.10659504  2.25396657  1.21621025 -2.12157011
 -0.60997516 -0.08860555]"
1749855094.5748408,"[ 0.          0.05815493  1.25605969 -3.13073841 -2.15414658  1.42525724
  1.6991057   1.7808429 ]","[ 0.00000000e+00  2.07164771e-01  6.88867318e-05  2.34796564e-04
 -6.48233924e-02 -1.48553606e-01 -1.85186086e-05  0.00000000e+00]","[ 0.          1.81302369 14.54375172  2.312006    1.16767383 -2.02115321
 -0.64230537 -0.1022969 ]"
1749855094.5812626,"[ 0.          0.05877897  1.25605969 -3.13073814 -2.15434898  1.42479864
  1.6991057   1.7808429 ]","[ 0.00000000e+00  2.04819924e-01  6.88874145e-05  2.31546740e-04
 -6.80645635e-02 -1.52467221e-01 -1.85184257e-05  0.00000000e+00]","[ 0.          1.84409511 14.59014606  2.32594013  1.22874141 -2.05123258
 -0.6523217  -0.09562913]"
1749855094.5857785,"[ 0.          0.06022313  1.25606062 -3.13073628 -2.15476177  1.42365042
  1.6991057   1.7808429 ]","[ 0.00000000e+00  2.08843628e-01  7.42418490e-05  2.31832009e-04
 -6.83346621e-02 -1.78534425e-01  0.00000000e+00  0.00000000e+00]","[ 0.          1.96373916 14.56670475  2.36762381  1.45022345 -2.0783453
 -0.65880179 -0.08999418]"
1749855094.58996,"[ 0.          0.06106206  1.25606062 -3.13073521 -2.1550177   1.42291219
  1.6991057   1.7808429 ]","[ 0.00000000e+00  2.06894660e-01  6.89388604e-05  2.32343185e-04
 -6.08336317e-02 -1.81505497e-01  0.00000000e+00  0.00000000e+00]","[ 0.          1.99820507 14.48654938  2.39272237  1.45504594 -2.07788706
 -0.65695316 -0.09993713]"
1749855094.6001701,"[ 0.          0.06210672  1.25606062 -3.13073441 -2.15530772  1.42201324
  1.69910476  1.7808429 ]","[ 0.00000000e+00  2.10405938e-01  6.88867318e-05  2.22100239e-04
 -5.44167575e-02 -1.73619061e-01 -1.05900569e-05  0.00000000e+00]","[ 0.          2.05179644 14.43313789  2.3954463   1.29529059 -2.13801932
 -0.65147352 -0.09511209]"
1749855094.6036339,"[ 0.          0.06398986  1.25606115 -3.13073068 -2.15574954  1.42047686
  1.69910476  1.7808429 ]","[ 0.00000000e+00  2.03122459e-01  5.82881910e-05  2.77261565e-04
 -4.24053018e-02 -1.62999507e-01 -1.05819570e-05  0.00000000e+00]","[ 0.          2.11475778 14.31455421  2.47891331  1.0785737  -1.98169196
 -0.65044302 -0.08116663]"
1749855094.607562,"[ 0.          0.06478058  1.25606062 -3.13072882 -2.15590693  1.41982425
  1.69910476  1.7808429 ]","[ 0.00000000e+00  2.00142232e-01  5.29897943e-05  2.95118820e-04
 -3.61930625e-02 -1.61244118e-01 -1.05819570e-05  0.00000000e+00]","[ 0.          2.19652963 14.22147942  2.49453545  0.85684329 -1.96658635
 -0.61098027 -0.08780426]"
1749855094.6111279,"[ 0.          0.06559105  1.25606115 -3.13072696 -2.15602544  1.41914981
  1.69910476  1.7808429 ]","[ 0.00000000e+00  2.01222626e-01  5.82887721e-05  3.19144487e-04
 -2.56592596e-02 -1.71781996e-01 -1.05819570e-05  0.00000000e+00]","[ 0.          2.32817888 14.22352505  2.5723803   0.76667809 -1.93151104
 -0.59858465 -0.10893756]"
1749855094.6152163,"[ 0.          0.06640107  1.25606155 -3.13072376 -2.15611679  1.41845353
  1.69910476  1.7808429 ]","[ 0.00000000e+00  2.00479088e-01  6.35877499e-05  3.54228123e-04
 -2.26652007e-02 -1.71024094e-01 -1.05820616e-05  0.00000000e+00]","[ 0.          2.42195845 14.23058701  2.56523156  0.66642219 -1.90689194
 -0.59132516 -0.10725588]"
1749855094.6200786,"[ 0.          0.06720511  1.25606155 -3.13072056 -2.15621426  1.41779226
  1.69910476  1.7808429 ]","[ 0.00000000e+00  2.00142232e-01  6.35877499e-05  3.93324771e-04
 -2.56592596e-02 -1.58116751e-01 -1.05819570e-05  0.00000000e+00]","[ 0.          2.50904417 14.25600624  2.62821221  0.68257457 -1.88635099
 -0.59338272 -0.0872809 ]"
1749855094.6363251,"[ 0.          0.06820889  1.25606155 -3.13071604 -2.15634982  1.41702754
  1.69910476  1.7808429 ]","[ 0.00000000e+00  2.00142232e-01  5.29897943e-05  5.59210254e-04
 -2.73337616e-02 -1.52180631e-01  0.00000000e+00  0.00000000e+00]","[ 0.          2.51180387 14.23720074  2.71852064  0.95009267 -1.97166789
 -0.6008817  -0.0899686 ]"
1749855094.640266,"[ 0.          0.07146593  1.25606155 -3.13069633 -2.1569176   1.4144685
  1.6991057   1.7808429 ]","[ 0.00000000e+00  2.04627062e-01  4.77269018e-05  1.26545054e-03
 -3.29185062e-02 -1.85286870e-01  0.00000000e+00  0.00000000e+00]","[ 0.          2.60791731 13.91944218  2.8336494   2.00840425 -2.16163039
 -0.56656742 -0.06381332]"
1749855094.644447,"[ 0.          0.07227227  1.25606195 -3.13069393 -2.15703931  1.41370644
  1.6991057   1.7808429 ]","[ 0.00000000e+00  2.02573099e-01  5.03027714e-05  1.11961308e-03
 -2.78200403e-02 -1.88876661e-01  0.00000000e+00  0.00000000e+00]","[ 0.          2.60266566 14.12936497  2.7173245   1.79820573 -2.09791994
 -0.56926346 -0.07070217]"
1749855094.6479073,"[ 0.          0.07309468  1.25606288 -3.1306926  -2.15713731  1.41294637
  1.6991057   1.7808429 ]","[ 0.00000000e+00  2.05814282e-01  5.82441572e-05  8.15989242e-04
 -2.24180906e-02 -1.87987848e-01  0.00000000e+00  0.00000000e+00]","[ 0.          2.59617114 14.28328419  2.65239334  1.42557442 -2.1112411
 -0.53206873 -0.08013011]"
1749855094.651456,"[ 0.          0.07372101  1.25606435 -3.1306902  -2.15720469  1.41238698
  1.6991057   1.7808429 ]","[ 0.00000000e+00  2.06354471e-01  7.41296676e-05  6.60599839e-04
 -2.26881871e-02 -1.82131074e-01  0.00000000e+00  0.00000000e+00]","[ 0.          2.55125046 14.47102737  2.63851142  1.13151872 -2.13120699
 -0.54901588 -0.08773968]"
1749855094.6563287,"[ 0.          0.07454021  1.25606528 -3.13068648 -2.15730483  1.41164116
  1.69910476  1.7808429 ]","[ 0.00000000e+00  2.03113304e-01  8.47204549e-05  6.52735582e-04
 -2.64695534e-02 -1.74482974e-01 -1.05900569e-05  0.00000000e+00]","[ 0.          2.51487923 14.63487434  2.58134794  0.97935569 -2.044245
 -0.56953591 -0.11327367]"
1749855094.658419,"[ 0.          0.0751546   1.25606528 -3.13068328 -2.15738792  1.41112943
  1.69910476  1.7808429 ]","[ 0.00000000e+00  2.03383399e-01  8.47196178e-05  7.22803246e-04
 -2.73080476e-02 -1.66920246e-01 -1.05979587e-05  0.00000000e+00]","[ 0.          2.49208426 14.63035107  2.58611274  1.01606834 -2.04179335
 -0.59915072 -0.05693057]"
1749855094.661948,"[ 0.          0.07598022  1.25606568 -3.13067662 -2.15748805  1.41046258
  1.69910476  1.7808429 ]","[ 0.00000000e+00  2.05274077e-01  8.20101635e-05  9.04254047e-04
 -2.32283823e-02 -1.65839851e-01 -1.05979587e-05  0.00000000e+00]","[ 0.          2.50064254 14.54248047  2.64666724  1.01576376 -2.07443643
 -0.56022781 -0.0798308 ]"
1749855094.6655235,"[ 0.          0.0766038   1.25606568 -3.13066783 -2.15755223  1.40995551
  1.69910476  1.7808429 ]","[ 0.00000000e+00  2.03933508e-01  8.20101635e-05  1.65324996e-03
 -2.07764328e-02 -1.68000624e-01 -1.05979587e-05  0.00000000e+00]","[ 0.          2.38428831 14.42163181  2.6483767   1.07688093 -2.14227438
 -0.57677597 -0.08515125]"
1749855094.6688128,"[ 0.          0.07741152  1.25606568 -3.13064706 -2.15763319  1.40930477
  1.69910476  1.7808429 ]","[ 0.00000000e+00  2.00142232e-01  6.88346925e-05  5.16732782e-03
 -1.97171168e-02 -1.54974903e-01 -1.05980643e-05  0.00000000e+00]","[ 0.          2.26653123 14.37600517  2.68145871  1.34121752 -2.15748024
 -0.55761319 -0.06671101]"
1749855094.6728458,"[ 0.          0.07801765  1.25606608 -3.13062336 -2.15769045  1.40900982
  1.69910476  1.7808429 ]","[ 0.00000000e+00  1.99924984e-01  6.88346925e-05  8.44829027e-03
 -1.80965312e-02 -1.47323808e-01 -1.05979587e-05  0.00000000e+00]","[ 0.          2.24789476 14.35482502  2.71139336  1.48960173 -2.21299863
 -0.54674947 -0.09304278]"
1749855094.6798258,"[ 0.          0.07902236  1.25606608 -3.13057462 -2.15775756  1.4082945
  1.69910476  1.7808429 ]","[ 0.00000000e+00  2.00614760e-01  6.35397134e-05  9.17400947e-03
 -9.17400947e-03 -1.37922649e-01 -1.05979587e-05  0.00000000e+00]","[ 0.          2.08233833 14.32502842  2.72631955  1.68589771 -2.29572916
 -0.55324316 -0.07253961]"
1749855094.6833265,"[ 0.          0.08023002  1.25606661 -3.13052136 -2.15776715  1.40746586
  1.69910476  1.7808429 ]","[ 0.00000000e+00  2.02367852e-01  6.35397134e-05  8.37302164e-03
  1.05332676e-03 -1.36129127e-01 -1.06058726e-05  0.00000000e+00]","[ 0.          2.10060644 14.31729794  2.67438817  1.51312411 -2.24935317
 -0.53515655 -0.10268956]"
1749855094.6867125,"[ 0.          0.08105886  1.25606701 -3.13048168 -2.15777008  1.40694268
  1.69910476  1.7808429 ]","[ 0.00000000e+00  2.07164771e-01  6.34917418e-05  1.08038994e-02
 -3.14360939e-04 -1.28296304e-01 -1.06059783e-05  0.00000000e+00]","[ 0.          2.10073233 14.33986378  2.5834856   1.3233912  -2.21893191
 -0.5267145  -0.07873223]"
1749855094.6902235,"[ 0.          0.08168933  1.25606754 -3.13043907 -2.15776955  1.40655173
  1.69910476  1.7808429 ]","[ 0.00000000e+00  2.07494504e-01  6.88346925e-05  1.59357516e-02
 -3.43387542e-04 -1.29106596e-01 -1.06059783e-05  0.00000000e+00]","[ 0.          2.07702494 14.37660599  2.58441234  1.23991382 -2.19850707
 -0.52807635 -0.07269479]"
1749855094.6937056,"[ 0.          0.08252138  1.25606794 -3.13035864 -2.15777088  1.40601417
  1.69910476  1.7808429 ]","[ 0.00000000e+00  2.06354471e-01  7.40737029e-05  2.29582858e-02
 -1.13245683e-04 -1.37209521e-01  0.00000000e+00  0.00000000e+00]","[ 0.          2.07970572 14.47414494  2.50163603  1.14954698 -2.17264819
 -0.5408693  -0.05834876]"
1749855094.697185,"[ 0.          0.08314909  1.25606848 -3.13027741 -2.15777088  1.40560897
  1.69910476  1.7808429 ]","[ 0.00000000e+00  2.08515244e-01  7.94246427e-05  2.83315004e-02
 -9.93469699e-05 -1.35991200e-01  0.00000000e+00  0.00000000e+00]","[ 0.          1.98987961 14.46711063  2.42495108  1.07867181 -2.10305071
 -0.52257365 -0.05585387]"
1749855094.700605,"[ 0.          0.08399262  1.25606848 -3.13015997 -2.15777141  1.40506581
  1.69910476  1.7808429 ]","[ 0.00000000e+00  2.10405938e-01  7.41296676e-05  2.91705272e-02
 -1.68326215e-04 -1.27891911e-01  0.00000000e+00  0.00000000e+00]","[ 0.          1.891047   14.35041904  2.34507442  0.99572426 -2.05145001
 -0.50058353 -0.0598337 ]"
1749855094.7049508,"[ 0.          0.0846162   1.25606848 -3.13006942 -2.15777141  1.40471002
  1.6991057   1.7808429 ]","[ 0.00000000e+00  2.10135844e-01  7.41303991e-05  3.03144402e-02
 -1.54552549e-04 -1.18452653e-01  1.05979587e-05  0.00000000e+00]","[ 0.          1.82861578 14.29802608  2.28931236  1.04497862 -2.11009336
 -0.47981369 -0.07337047]"
1749855094.708977,"[ 0.          0.08545422  1.25606888 -3.12994079 -2.15777088  1.40427046
  1.6991057   1.7808429 ]","[ 0.00000000e+00  2.07164771e-01  8.20721262e-05  3.25692326e-02
  0.00000000e+00 -1.05338016e-01  1.05980643e-05  0.00000000e+00]","[ 0.          1.76601768 14.33518791  2.27928901  1.24056911 -2.16524434
 -0.47713226 -0.05830242]"
1749855094.7124949,"[ 0.          0.08630465  1.25606941 -3.12982228 -2.15777035  1.40385381
  1.6991057   1.7808429 ]","[ 0.00000000e+00  2.07887054e-01  8.21349992e-05  2.75499417e-02
  3.12046522e-05 -1.03177236e-01  1.05979587e-05  0.00000000e+00]","[ 0.          1.75537515 14.29197407  2.2663269   1.43223619 -2.25522685
 -0.46639177 -0.07521561]"
1749855094.7154858,"[ 0.          0.08712338  1.25606941 -3.12973839 -2.15777035  1.4034285
  1.6991057   1.7808429 ]","[ 0.00000000e+00  2.06354471e-01  7.94846874e-05  1.75563360e-02
  2.93768803e-05 -1.08038994e-01  1.05979587e-05  0.00000000e+00]","[ 0.          1.76581609 14.2202692   2.33008695  1.61360228 -2.24802089
 -0.45473149 -0.0471769 ]"
1749855094.7190416,"[ 0.          0.08774879  1.25606981 -3.12969392 -2.15777008  1.40309175
  1.6991057   1.7808429 ]","[ 0.00000000e+00  2.06354471e-01  8.20721262e-05  1.35048743e-02
  6.99322793e-05 -1.11010067e-01  1.06059783e-05  0.00000000e+00]","[ 0.          1.86670649 14.17753887  2.39399362  1.6915195  -2.20419025
 -0.45647806 -0.06227085]"
1749855094.7232068,"[ 0.          0.0885836   1.25606981 -3.12964385 -2.15777008  1.40265898
  1.6991057   1.7808429 ]","[ 0.00000000e+00  2.10135844e-01  8.20729389e-05  1.21543863e-02
  6.29142712e-05 -1.06148308e-01  1.06059783e-05  0.00000000e+00]","[ 0.          1.98043323 14.20136356  2.51697278  1.63979554 -2.2141614
 -0.45348367 -0.02728719]"
1749855094.7275176,"[ 0.          0.08943586  1.25607114 -3.12959565 -2.15777008  1.40225365
  1.6991057   1.7808429 ]","[ 0.00000000e+00  2.12296616e-01  9.00145929e-05  1.21420713e-02
  5.77391619e-05 -9.66948934e-02  1.06059783e-05  0.00000000e+00]","[ 0.          2.1214366  14.31379032  2.63158059  1.55639088 -2.26309705
 -0.4391579  -0.04837521]"
1749855094.7308972,"[ 0.          0.09031659  1.25607207 -3.12954318 -2.15777008  1.40186936
  1.6991057   1.7808429 ]","[ 0.00000000e+00  2.10135844e-01  1.05900567e-04  1.35048743e-02
  3.30143956e-05 -9.64247990e-02  1.05899522e-05  0.00000000e+00]","[ 0.          2.29656529 14.43484402  2.72536778  1.51119983 -2.24507213
 -0.44796482 -0.07042276]"
1749855094.7342684,"[ 0.          0.09095578  1.2560726  -3.12950137 -2.15777008  1.40156309
  1.6991057   1.7808429 ]","[ 0.00000000e+00  2.12651649e-01  1.11362770e-04  1.37922658e-02
  3.18179359e-05 -1.01966754e-01  0.00000000e+00  0.00000000e+00]","[ 0.          2.42922902 14.48826599  2.78542089  1.44982564 -2.22000122
 -0.42210805 -0.04836365]"
1749855094.737941,"[ 0.          0.09182043  1.256073   -3.12944677 -2.15777088  1.40115589
  1.6991057   1.7808429 ]","[ 0.00000000e+00  2.17158366e-01  1.14013130e-04  1.42938025e-02
 -1.89252490e-05 -1.03177236e-01  0.00000000e+00  0.00000000e+00]","[ 0.          2.63318682 14.43879032  2.85886407  1.27744424 -2.16084695
 -0.4235687  -0.0571662 ]"
1749855094.7411518,"[ 0.          0.09269335  1.25607354 -3.12938925 -2.15777035  1.4007487
  1.6991057   1.7808429 ]","[ 0.00000000e+00  2.16938339e-01  1.19317257e-04  1.53955564e-02
  0.00000000e+00 -9.75051851e-02  0.00000000e+00  0.00000000e+00]","[ 0.          2.69580102 14.44237137  2.88534522  1.19361293 -2.15277553
 -0.43504664 -0.05330899]"
1749855094.7457578,"[ 0.          0.09334356  1.25607447 -3.12933439 -2.15777035  1.40048145
  1.6991057   1.7808429 ]","[ 0.00000000e+00  2.20669644e-01  1.24619002e-04  1.98107082e-02
  0.00000000e+00 -8.32551261e-02  0.00000000e+00  0.00000000e+00]","[ 0.          2.80203676 14.51892853  2.88917875  1.20821738 -2.16232586
 -0.435031   -0.02685054]"
1749855094.7527304,"[ 0.          0.09425322  1.25607527 -3.12918499 -2.15777088  1.4000857
  1.6991057   1.7808429 ]","[ 0.00000000e+00  2.29582862e-01  1.16664596e-04  3.63614283e-02
 -1.39585984e-05 -7.77382215e-02  0.00000000e+00  0.00000000e+00]","[ 0.          2.80717301 14.49229622  2.86487412  1.31738627 -2.19606614
 -0.42936641 -0.0603503 ]"
1749855094.7574184,"[ 0.          0.09566936  1.25607527 -3.1289232  -2.15777088  1.39959289
  1.6991057   1.7808429 ]","[ 0.00000000e+00  2.35525007e-01  1.00755793e-04  4.86175453e-02
 -1.32225861e-05 -8.85919761e-02  1.05819570e-05  0.00000000e+00]","[ 0.          2.62325501 14.22123623  2.70016289  1.46770871 -2.142555
 -0.3844032  -0.05633588]"
1749855094.7620018,"[ 0.          0.09687519  1.25607527 -3.12863584 -2.15777035  1.39908103
  1.6991057   1.7808429 ]","[ 0.00000000e+00  2.44438224e-01  9.54528527e-05  6.18523200e-02
 -6.28000356e-06 -1.06726871e-01  1.05899522e-05  0.00000000e+00]","[ 0.          2.45561457 14.10966969  2.52378631  1.48535049 -2.06258821
 -0.35151041 -0.01887979]"
1749855094.766485,"[ 0.          0.0981297   1.25607527 -3.12827126 -2.15777088  1.39847889
  1.6991057   1.7808429 ]","[ 0.00000000e+00  2.47257696e-01  9.55260799e-05  7.77382215e-02
 -1.80028467e-05 -1.26268407e-01  1.05899522e-05  0.00000000e+00]","[ 0.          2.20214057 14.13747215  2.2690537   1.44386292 -2.05682969
 -0.35823089 -0.0323322 ]"
1749855094.7694771,"[ 0.          0.09910227  1.25607527 -3.1279333  -2.15777088  1.39794905
  1.6991057   1.7808429 ]","[ 0.00000000e+00  2.46328902e-01  9.55260799e-05  8.69347992e-02
 -1.72369156e-05 -1.37922649e-01  1.05899522e-05  0.00000000e+00]","[ 0.          1.97004867 14.19606495  2.04242134  1.31821728 -2.04390955
 -0.36614013 -0.01513425]"
1749855094.7729592,"[ 0.          0.09984431  1.2560758  -3.12767897 -2.15777141  1.39752481
  1.6991057   1.7808429 ]","[ 0.00000000e+00  2.44168113e-01  9.54538036e-05  8.61610926e-02
 -2.80841219e-05 -1.47323808e-01  1.05900569e-05  0.00000000e+00]","[ 0.00000000e+00  1.80586684e+00  1.41301851e+01  1.95389485e+00
  1.23205328e+00 -1.98169732e+00 -3.63290131e-01 -2.80690286e-03]"
1749855094.777586,"[ 0.          0.1008077   1.2560758  -3.12734927 -2.15777194  1.39689883
  1.6991057   1.7808429 ]","[ 0.00000000e+00  2.37955874e-01  9.54538036e-05  7.99488533e-02
 -3.76905564e-05 -1.59087406e-01  1.05820616e-05  0.00000000e+00]","[ 0.00000000e+00  1.63578606e+00  1.40902519e+01  1.82918429e+00
  1.08145618e+00 -1.89196908e+00 -3.59541208e-01 -3.91539605e-03]"
1749855094.7809358,"[ 0.          0.10176235  1.2560762  -3.12704886 -2.15777221  1.39623863
  1.69910663  1.7808429 ]","[ 0.00000000e+00  2.37175135e-01  1.00756792e-04  6.99552497e-02
 -4.14838745e-05 -1.66920246e-01  1.85324169e-05  0.00000000e+00]","[ 0.00000000e+00  1.55769038e+00  1.40736628e+01  1.81970668e+00
  8.98583651e-01 -1.83116031e+00 -3.49427015e-01 -6.20265445e-03]"
1749855094.7850957,"[ 0.          0.10271379  1.2560762  -3.12679267 -2.15777328  1.39559841
  1.69910663  1.7808429 ]","[ 0.00000000e+00  2.33904407e-01  9.54538036e-05  5.83410544e-02
 -5.99248672e-05 -1.55148691e-01  1.85325998e-05  0.00000000e+00]","[ 0.00000000e+00  1.52448213e+00  1.40949907e+01  1.98806274e+00
  8.59267175e-01 -1.91031408e+00 -3.32926184e-01 -1.19110495e-02]"
1749855094.7885807,"[ 0.          0.10341451  1.25607673 -3.12663208 -2.15777328  1.39498948
  1.69910663  1.7808429 ]","[ 0.00000000e+00  2.29582862e-01  9.54538036e-05  5.10484247e-02
 -5.87548456e-05 -1.49634000e-01  1.85324169e-05  0.00000000e+00]","[ 0.00000000e+00  1.64005327e+00  1.41395121e+01  2.13618684e+00
  9.54707205e-01 -1.99305868e+00 -3.46029669e-01 -6.88537676e-03]"
1749855094.7921953,"[ 0.          0.10432922  1.25607713 -3.12643181 -2.15777328  1.39453381
  1.69910663  1.7808429 ]","[ 0.00000000e+00  2.28772562e-01  9.01499209e-05  4.51660886e-02
 -5.66228416e-05 -1.51524678e-01  1.85184257e-05  0.00000000e+00]","[ 0.00000000e+00  1.81396627e+00  1.41309795e+01  2.42994499e+00
  1.05787563e+00 -2.01417923e+00 -3.54295045e-01 -1.29040806e-02]"
1749855094.7956572,"[ 0.          0.10525081  1.25607713 -3.12625178 -2.15777328  1.3939089
  1.69910663  1.7808429 ]","[ 0.00000000e+00  2.29042656e-01  8.49120728e-05  4.64567646e-02
 -4.24663825e-05 -1.55958159e-01  1.85184257e-05  0.00000000e+00]","[ 0.          2.18547606 14.07003021  2.69376302  1.1582979  -2.01066756
 -0.33910078 -0.02058933]"
1749855094.799272,"[ 0.          0.10595292  1.25607766 -3.12609199 -2.15777274  1.39344271
  1.69910663  1.7808429 ]","[ 0.00000000e+00  2.32283823e-01  9.02199785e-05  5.59101792e-02
 -4.10334339e-05 -1.60978101e-01  1.85324169e-05  0.00000000e+00]","[ 0.          2.46840453 14.08347797  2.84067678  1.18559659 -1.99990523
 -0.31762406 -0.02091454]"
1749855094.80331,"[ 0.          0.10691262  1.256079   -3.12582647 -2.15777274  1.39275389
  1.69910663  1.7808429 ]","[ 0.00000000e+00  2.43746951e-01  1.06058724e-04  7.45469056e-02
 -4.03000406e-05 -1.75537919e-01  1.85325998e-05  0.00000000e+00]","[ 0.00000000e+00  2.75226235e+00  1.42853222e+01  2.99453282e+00
  1.22971094e+00 -2.03533697e+00 -3.18181932e-01 -1.04327509e-02]"
1749855094.806707,"[ 0.          0.10791503  1.25608126 -3.12557161 -2.15777274  1.39199009
  1.69910663  1.7808429 ]","[ 0.00000000e+00  2.51771538e-01  1.21968747e-04  8.82704993e-02
 -3.90067031e-05 -1.96100935e-01  1.05899522e-05  0.00000000e+00]","[ 0.          2.87517858 14.53270626  2.95711803  1.24031627 -2.06252456
 -0.31917045 -0.01497993]"
1749855094.81078,"[ 0.          0.10866627  1.25608312 -3.12529198 -2.15777274  1.39141259
  1.69910663  1.7808429 ]","[ 0.00000000e+00  2.55782308e-01  1.43180701e-04  9.64247990e-02
 -3.77938018e-05 -1.92039298e-01  1.05899522e-05  0.00000000e+00]","[ 0.          2.84268856 14.62835789  2.83392453  1.21316004 -2.00872612
 -0.31303397 -0.0245171 ]"
1749855094.8152242,"[ 0.          0.10971505  1.25608539 -3.12488371 -2.15777328  1.39065825
  1.69910663  1.7808429 ]","[ 0.00000000e+00  2.64155337e-01  1.59089675e-04  1.04527725e-01
 -3.72146204e-05 -1.86367264e-01  1.05899522e-05  0.00000000e+00]","[ 0.00000000e+00  2.63504839e+00  1.48038750e+01  2.65963078e+00
  1.12135208e+00 -1.93954265e+00 -3.11002821e-01  4.82592685e-03]"
1749855094.824748,"[ 0.          0.11107655  1.25608858 -3.12432924 -2.15777328  1.38971069
  1.69910663  1.7808429 ]","[ 0.00000000e+00  2.70579164e-01  1.90227854e-04  1.08833515e-01
 -3.54998731e-05 -1.88076348e-01  1.05899522e-05  0.00000000e+00]","[ 0.          2.34300113 14.86881351  2.35805655  1.13658834 -1.91981065
 -0.28336847  0.01554854]"
1749855094.8285046,"[ 0.          0.11353781  1.25608952 -3.12338862 -2.15777274  1.3879337
  1.69910756  1.7808429 ]","[ 0.00000000e+00  2.71582244e-01  1.82751514e-04  1.05573523e-01
 -2.65092886e-05 -2.05544171e-01  1.85324169e-05  0.00000000e+00]","[ 0.00000000e+00  1.68702149e+00  1.46118498e+01  1.94552696e+00
  1.34031856e+00 -1.74485922e+00 -2.51648098e-01 -4.78204899e-03]"
1749855094.831361,"[ 0.          0.11462472  1.25608952 -3.12295878 -2.15777274  1.38707843
  1.69910756  1.7808429 ]","[ 0.00000000e+00  2.71582244e-01  1.74509547e-04  1.06726871e-01
 -3.31184010e-05 -2.14187294e-01  1.85604623e-05  0.00000000e+00]","[ 0.          1.50002944 14.50746441  1.84592688  1.40317976 -1.661062
 -0.25019097  0.01469871]"
1749855094.8349373,"[ 0.          0.11544253  1.25608952 -3.12264799 -2.15777274  1.38644486
  1.69910849  1.7808429 ]","[ 0.00000000e+00  2.70328394e-01  1.70830438e-04  1.04257622e-01
 -3.22394920e-05 -2.04935639e-01  2.65146811e-05  0.00000000e+00]","[ 0.          1.41363549 14.39541435  1.76585853  1.3787539  -1.67107534
 -0.23926517  0.04006748]"
1749855094.839055,"[ 0.          0.11623096  1.25608952 -3.12233667 -2.15777274  1.38585417
  1.69910849  1.7808429 ]","[ 0.00000000e+00  2.64965620e-01  1.63544992e-04  1.02366944e-01
 -3.18179339e-05 -1.98791743e-01  2.65149452e-05  0.00000000e+00]","[ 0.          1.36947966 14.37730312  1.7517606   1.39684331 -1.74472141
 -0.22882096  0.01449172]"
1749855094.8424768,"[ 0.          0.11728526  1.25609005 -3.12194145 -2.15777221  1.38525762
  1.69910849  1.7808429 ]","[ 0.00000000e+00  2.60373964e-01  1.59947969e-04  9.58846017e-02
 -2.41159688e-05 -1.96901065e-01  2.65149452e-05  0.00000000e+00]","[ 0.00000000e+00  1.40087473e+00  1.43546553e+01  1.84623671e+00
  1.47110069e+00 -1.78123736e+00 -2.08343446e-01 -9.54382680e-03]"
1749855094.8460665,"[ 0.          0.11833083  1.25609005 -3.12158592 -2.15777221  1.38448331
  1.69910849  1.7808429 ]","[ 0.00000000e+00  2.59023475e-01  1.52751111e-04  8.50807064e-02
 -1.69922486e-05 -1.87987848e-01  2.65152094e-05  0.00000000e+00]","[ 0.          1.65355194 14.29587555  1.95194972  1.56147361 -1.79054356
 -0.16715164  0.01537031]"
1749855094.8502195,"[ 0.          0.11936722  1.25609045 -3.12124557 -2.15777221  1.3837299
  1.69910943  1.7808429 ]","[ 0.00000000e+00  2.57943097e-01  1.52400629e-04  8.53508009e-02
 -1.65749350e-05 -1.89955957e-01  3.70928568e-05  0.00000000e+00]","[ 0.00000000e+00  1.92288351e+00  1.42793608e+01  2.10802913e+00
  1.59795332e+00 -1.79595208e+00 -1.54119119e-01  1.34027773e-03]"
1749855094.8549225,"[ 0.          0.12042153  1.25609098 -3.12089856 -2.15777194  1.382946
  1.69910943  1.7808429 ]","[ 0.00000000e+00  2.65234633e-01  1.56201794e-04  8.75115816e-02
 -6.62997420e-06 -1.96630970e-01  3.70932266e-05  0.00000000e+00]","[ 0.00000000e+00  2.19232011e+00  1.43349867e+01  2.29830337e+00
  1.62287903e+00 -1.82342672e+00 -1.76612943e-01  1.04054483e-02]"
1749855094.858554,"[ 0.          0.12149512  1.25609271 -3.12052279 -2.15777194  1.38216303
  1.69910943  1.7808429 ]","[ 0.00000000e+00  2.68206787e-01  1.74734219e-04  9.83154852e-02
  0.00000000e+00 -1.91035253e-01  3.70928568e-05  0.00000000e+00]","[ 0.00000000e+00  2.48317599e+00  1.44870014e+01  2.40636635e+00
  1.62113380e+00 -1.82308674e+00 -1.87761679e-01 -4.97314753e-03]"
1749855094.8627644,"[ 0.          0.12258339  1.25609511 -3.12010041 -2.15777221  1.38140869
  1.69911036  1.7808429 ]","[ 0.00000000e+00  2.74419043e-01  2.29574596e-04  1.09119380e-01
 -3.04737392e-06 -1.85286870e-01  4.76908124e-05  0.00000000e+00]","[ 0.          2.64343429 14.68934345  2.44612622  1.53727555 -1.84725749
 -0.14614797 -0.02205205]"
1749855094.8659213,"[ 0.          0.12369784  1.2560983  -3.11965087 -2.15777194  1.38068378
  1.69911036  1.7808429 ]","[ 0.00000000e+00  2.78470493e-01  2.91788309e-04  1.13170839e-01
  0.00000000e+00 -1.79344725e-01  4.76908124e-05  0.00000000e+00]","[ 0.00000000e+00  2.67430687e+00  1.48149433e+01  2.44597101e+00
  1.53432691e+00 -1.89472830e+00 -1.49093196e-01  2.24529626e-03]"
1749855094.8691297,"[ 0.          0.12454689  1.2561011  -3.1193004  -2.15777194  1.38015487
  1.69911036  1.7808429 ]","[ 0.00000000e+00  2.80886596e-01  3.10025078e-04  1.16105801e-01
  0.00000000e+00 -1.73496706e-01  4.76908124e-05  0.00000000e+00]","[ 0.00000000e+00  2.60365176e+00  1.48822317e+01  2.41799188e+00
  1.57644427e+00 -1.85451496e+00 -1.27578214e-01  1.23887090e-02]"
1749855094.8743079,"[ 0.          0.12538628  1.25610376 -3.11896084 -2.15777194  1.37963169
  1.69911142  1.7808429 ]","[ 0.00000000e+00  2.84952844e-01  3.11420117e-04  1.13440942e-01
  0.00000000e+00 -1.71781996e-01  5.83322980e-05  0.00000000e+00]","[ 0.00000000e+00  2.60502696e+00  1.49262791e+01  2.35611057e+00
  1.59858918e+00 -1.87006974e+00 -1.02005079e-01 -1.24443108e-02]"
1749855094.8790107,"[ 0.          0.12710641  1.25610842 -3.11829585 -2.15777141  1.37857282
  1.69911235  1.7808429 ]","[ 0.00000000e+00  2.81171488e-01  3.60710508e-04  1.07498797e-01
  5.30298914e-06 -1.82315797e-01  6.62379032e-05  0.00000000e+00]","[ 0.          2.40969181 14.95536804  2.28262472  1.58395183 -1.84696198
 -0.11856908  0.01585449]"
1749855094.8830628,"[ 0.          0.12852117  1.25611109 -3.11773872 -2.15777194  1.37764338
  1.69911422  1.7808429 ]","[ 0.00000000e+00  2.83062166e-01  7.31841674e-04  1.13170839e-01
  7.95448397e-06 -1.77544062e-01  7.41857136e-05  0.00000000e+00]","[ 0.00000000e+00  2.31615353e+00  1.49468164e+01  2.21474123e+00
  1.54351699e+00 -1.85353649e+00 -6.97921365e-02  1.87486468e-03]"
1749855094.8859153,"[ 0.          0.12937618  1.25611255 -3.1173981  -2.15777141  1.37713924
  1.69911515  1.7808429 ]","[ 0.00000000e+00  2.80846982e-01  7.23849005e-04  1.10739964e-01
  1.85604623e-05 -1.66920246e-01  8.47836692e-05  0.00000000e+00]","[ 0.00000000e+00  2.31519818e+00  1.48851423e+01  2.16430831e+00
  1.54432499e+00 -1.90537798e+00 -7.85669759e-02 -1.13347294e-02]"
1749855094.8894906,"[ 0.          0.13022339  1.25611348 -3.11706787 -2.15777194  1.37665029
  1.69911608  1.7808429 ]","[ 0.00000000e+00  2.79857617e-01  6.56064403e-04  1.12900745e-01
  1.32474486e-05 -1.58277123e-01  9.53816248e-05  0.00000000e+00]","[ 0.00000000e+00  2.26648331e+00  1.48032598e+01  2.16460896e+00
  1.51908183e+00 -1.98123884e+00 -3.64649147e-02  3.68780037e-03]"
1749855094.8929615,"[ 0.          0.13134014  1.25611482 -3.11660608 -2.15777194  1.37604428
  1.69911901  1.7808429 ]","[ 0.00000000e+00  2.76086881e-01  5.52499166e-04  1.13981131e-01
  1.32474486e-05 -1.44625560e-01  1.21967536e-04  0.00000000e+00]","[ 0.00000000e+00  2.28312206e+00  1.47202129e+01  2.09613895e+00
  1.54761314e+00 -1.96769845e+00  6.48009218e-03  1.24204652e-02]"
1749855094.9013789,"[ 0.          0.13244082  1.25611522 -3.1161584  -2.15777088  1.37551152
  1.69912274  1.7808429 ]","[ 0.00000000e+00  2.73588386e-01  4.37376290e-04  1.10199767e-01
  2.38634509e-05 -1.27486012e-01  1.58967798e-04  0.00000000e+00]","[ 0.00000000e+00  2.35625839e+00  1.45690069e+01  2.05301523e+00
  1.59524405e+00 -2.02377439e+00  5.91026656e-02  9.83877666e-03]"
1749855094.9058666,"[ 0.          0.13437722  1.25611575 -3.11535333 -2.15777035  1.374642
  1.69913512  1.7808429 ]","[ 0.00000000e+00  2.78188348e-01  2.18688145e-04  1.20193379e-01
  2.38454062e-05 -1.26387300e-01  2.83709912e-04  0.00000000e+00]","[ 0.          2.55318332 14.35089302  2.0126791   1.82791853 -2.03353262
  0.1574361   0.01976563]"
1749855094.9093275,"[ 0.          0.13611066  1.25611668 -3.11461457 -2.15777035  1.37385623
  1.69914844  1.7808429 ]","[ 0.00000000e+00  2.80609894e-01  1.90907607e-04  1.26135523e-01
  2.38454062e-05 -1.35048741e-01  4.90588180e-04  0.00000000e+00]","[ 0.          2.60456419 14.24192715  1.89235759  1.8531487  -1.93787456
  0.2109971   0.02767271]"
1749855094.9127157,"[ 0.          0.13696429  1.25611708 -3.11423187 -2.15777035  1.37346048
  1.69915323  1.7808429 ]","[ 0.00000000e+00  2.81452684e-01  1.62809795e-04  1.25865421e-01
  2.91443860e-05 -1.27486012e-01  8.66865372e-04  0.00000000e+00]","[ 0.          2.60924506 14.20260715  1.89864683  1.7510252  -1.96658552
  0.22801749  0.02318693]"
1749855094.9162474,"[ 0.          0.13779865  1.25611761 -3.11386702 -2.15777035  1.37308285
  1.69915896  1.7808429 ]","[ 0.00000000e+00  2.82251866e-01  1.56898809e-04  1.17643185e-01
  2.91443860e-05 -1.22624254e-01  1.63359225e-03  0.00000000e+00]","[ 0.          2.64997864 14.26714897  1.83374751  1.70842254 -1.95882976
  0.23216738  0.04057197]"
1749855094.9203184,"[ 0.          0.1389558   1.25611894 -3.11341561 -2.15777035  1.37260814
  1.69916748  1.7808429 ]","[ 0.00000000e+00  2.89790775e-01  1.67588709e-04  1.09929672e-01
  2.91443860e-05 -1.16356562e-01  1.97947055e-03  0.00000000e+00]","[ 0.          2.63904667 14.33981991  1.81035352  1.77100718 -1.94005132
  0.22475405  0.03774182]"
1749855094.9245794,"[ 0.          0.13983653  1.25612028 -3.11298524 -2.15777008  1.37214302
  1.69917987  1.7808429 ]","[ 0.00000000e+00  2.89544500e-01  1.86817483e-04  1.05338016e-01
  3.17935580e-05 -1.15353491e-01  2.23105774e-03  0.00000000e+00]","[ 0.          2.61779666 14.3151865   1.83620739  1.82322466 -1.91742873
  0.28249973  0.03716213]"
1749855094.9279993,"[ 0.          0.14100516  1.25612174 -3.11254715 -2.15777008  1.37166165
  1.69919598  1.7808429 ]","[ 0.00000000e+00  2.91435178e-01  2.06070054e-04  1.11280161e-01
  2.64948971e-05 -1.22625777e-01  3.14321590e-03  0.00000000e+00]","[ 0.          2.4763875  14.24761677  1.86714435  1.76608455 -1.86733091
  0.29667541  0.01943826]"
1749855094.9315348,"[ 0.          0.14218208  1.25612267 -3.11208802 -2.15777008  1.37118401
  1.69923593  1.7808429 ]","[ 0.00000000e+00  2.92219179e-01  2.08962796e-04  1.15061525e-01
  2.64551545e-05 -1.18842890e-01  9.30803305e-03  0.00000000e+00]","[ 0.          2.2869401  14.30887413  1.87887979  1.71295965 -1.83672702
  0.30726451  0.04465337]"
1749855094.934885,"[ 0.          0.14307473  1.25612494 -3.11173809 -2.15777008  1.37082063
  1.69929691  1.7808429 ]","[ 0.00000000e+00  2.94406233e-01  2.45679065e-04  1.15855031e-01
  2.64751417e-05 -1.18842890e-01  2.32283823e-02  0.00000000e+00]","[ 0.          2.16622233 14.40748501  1.86777925  1.6489073  -1.87024152
  0.28068876  0.06105971]"
1749855094.9384632,"[ 0.          0.14395041  1.25612773 -3.111398   -2.15777008  1.37046669
  1.69937587  1.7808429 ]","[ 0.00000000e+00  2.96266551e-01  2.89042054e-04  1.13440942e-01
  2.64548924e-05 -1.16563889e-01  2.69823804e-02  0.00000000e+00]","[ 0.          2.08915091 14.52825165  1.88255656  1.65362132 -1.8850677
  0.25550643  0.0357061 ]"
1749855094.9418771,"[ 0.          0.14515763  1.25613412 -3.11094872 -2.15777008  1.36997015
  1.69950996  1.7808429 ]","[ 0.00000000e+00  2.93900632e-01  4.09282542e-04  1.10041275e-01
  2.11639139e-05 -1.27486012e-01  3.78136459e-02  0.00000000e+00]","[ 0.          1.96622896 14.65915966  1.8193413   1.66600645 -1.87756276
  0.29586455  0.04682634]"
1749855094.9451947,"[ 0.          0.14602227  1.25613918 -3.11062515 -2.15777008  1.3695744
  1.69964126  1.7808429 ]","[ 0.00000000e+00  2.93055778e-01  7.32098042e-04  1.05608111e-01
  2.11639139e-05 -1.31653443e-01  4.45947947e-02  0.00000000e+00]","[ 0.          1.90101397 14.66330433  1.80891645  1.5980382  -1.79863489
  0.27344126  0.03812408]"
1749855094.9494417,"[ 0.          0.14691172  1.25614424 -3.11029865 -2.15777008  1.36918917
  1.69979066  1.7808429 ]","[ 0.00000000e+00  2.93325855e-01  1.41846123e-03  1.09389475e-01
  2.11801137e-05 -1.27486012e-01  5.21288109e-02  0.00000000e+00]","[ 0.          1.86782742 14.67772007  1.76354122  1.50378489 -1.7284646
  0.29841569  0.07883642]"
1749855094.9524994,"[ 0.          0.14837516  1.2561557  -3.10973326 -2.15777008  1.36860701
  1.70008641  1.7808429 ]","[ 0.00000000e+00  2.91435178e-01  2.07301929e-03  1.12630650e-01
  1.85324169e-05 -1.05824293e-01  6.36951900e-02  0.00000000e+00]","[ 0.          1.85255277 14.82717037  1.74082589  1.43184757 -1.8064301
  0.29641807  0.07536142]"
1749855094.9558775,"[ 0.          0.14925726  1.25616582 -3.10939903 -2.15776955  1.36831206
  1.70029866  1.7808429 ]","[ 0.00000000e+00  2.91165066e-01  2.84402328e-03  1.09929672e-01
  2.38273920e-05 -9.72350907e-02  7.52808479e-02  0.00000000e+00]","[ 0.          1.84641099 14.91762257  1.70174503  1.47766149 -1.8846221
  0.23639163  0.04678215]"
1749855094.959904,"[ 0.          0.15042406  1.25618645 -3.1089652  -2.15776955  1.36792777
  1.70062876  1.7808429 ]","[ 0.00000000e+00  2.89544500e-01  5.44218841e-03  1.06310586e-01
  2.38273920e-05 -9.56145072e-02  8.69713844e-02  0.00000000e+00]","[ 0.          1.90108013 14.91336346  1.63936925  1.61357856 -1.90016985
  0.27219608  0.05895974]"
1749855094.9636145,"[ 0.          0.15130157  1.25620523 -3.10865841 -2.15776902  1.36764228
  1.70090559  1.7808429 ]","[ 0.00000000e+00  2.90139117e-01  6.21224196e-03  9.77752879e-02
  3.17458709e-05 -9.35486016e-02  9.33590428e-02  0.00000000e+00]","[ 0.          1.83058274 14.81370068  1.62860811  1.68553972 -1.83991587
  0.29833108  0.0474422 ]"
1749855094.965819,"[ 0.          0.15216394  1.25622227 -3.10838011 -2.15776848  1.36735505
  1.70120334  1.7808429 ]","[ 0.00000000e+00  2.91435178e-01  5.46156083e-03  8.94401264e-02
  3.44173463e-05 -9.64247990e-02  9.83154852e-02  0.00000000e+00]","[ 0.          1.78828323 14.66147232  1.61616814  1.73716629 -1.86209285
  0.28367186  0.05410588]"
1749855094.9694133,"[ 0.          0.15331925  1.25623692 -3.10801126 -2.15776848  1.3669641
  1.70159615  1.7808429 ]","[ 0.00000000e+00  2.84682733e-01  3.11936865e-03  8.90645291e-02
  3.44173463e-05 -9.56145072e-02  9.83154852e-02  0.00000000e+00]","[ 0.          1.8886869  14.56510258  1.58638287  1.85874307 -1.82737482
  0.33784682  0.03732433]"
1749855094.9734263,"[ 0.          0.15418391  1.25624158 -3.10774228 -2.15776822  1.36667954
  1.70189017  1.7808429 ]","[ 0.00000000e+00  2.84682733e-01  1.08038990e-03  9.21032375e-02
  3.70648338e-05 -9.32858641e-02  9.57935549e-02  0.00000000e+00]","[ 0.          1.94565737 14.64001083  1.5770781   1.86621475 -1.84498882
  0.38672885  0.04673293]"
1749855094.9769247,"[ 0.          0.15532776  1.25624251 -3.10735479 -2.15776822  1.3663039
  1.7022706   1.7808429 ]","[ 0.00000000e+00  2.82792055e-01  1.80004121e-04  9.72350907e-02
  3.70648338e-05 -9.72350907e-02  9.57935549e-02  0.00000000e+00]","[ 0.          2.09047985 14.694314    1.61048424  1.84629047 -1.88794851
  0.38096854  0.0495414 ]"
1749855094.980481,"[ 0.          0.15618553  1.25624345 -3.10705305 -2.15776822  1.36601082
  1.70257406  1.7808429 ]","[ 0.00000000e+00  2.82866823e-01  3.19132556e-04  9.91257769e-02
  3.70368514e-05 -9.65969224e-02  1.05770938e-01  0.00000000e+00]","[ 0.          2.06983113 14.69279861  1.60374403  1.83861148 -1.85906994
  0.38023582  0.05890743]"
1749855094.9851346,"[ 0.          0.15732384  1.25624478 -3.10674679 -2.15776822  1.36560842
  1.70303546  1.7808429 ]","[ 0.00000000e+00  2.83062166e-01  3.01988489e-04  1.01556652e-01
  3.70368514e-05 -1.00476258e-01  1.21543868e-01  0.00000000e+00]","[ 0.          2.08501649 14.67723465  1.56213117  1.7645247  -1.80651343
  0.35225341  0.05870464]"
1749855094.9923944,"[ 0.          0.15844427  1.25624704 -3.10634412 -2.15776822  1.36520895
  1.70357967  1.7808429 ]","[ 0.00000000e+00  2.76587938e-01  4.25552564e-04  9.79460465e-02
  3.70372172e-05 -9.82158663e-02  1.40848032e-01  0.00000000e+00]","[ 0.          2.07895207 14.7001543   1.52228999  1.67586303 -1.78824186
  0.38961834  0.05368811]"
1749855094.9965978,"[ 0.          0.16066629  1.25625343 -3.10563332 -2.15776822  1.36443929
  1.70467077  1.7808429 ]","[ 0.00000000e+00  2.76086881e-01  5.92888383e-04  8.41850271e-02
  3.17458709e-05 -8.58909982e-02  1.31267377e-01  0.00000000e+00]","[ 0.          2.40053248 14.6396122   1.64132929  1.59507382 -1.83650124
  0.53018254  0.04701234]"
1749855095.0006332,"[ 0.          0.16177294  1.25625397 -3.10530628 -2.15776822  1.36411199
  1.70519302  1.7808429 ]","[ 0.00000000e+00  2.75845299e-01  5.31009679e-04  8.10292395e-02
  2.64751417e-05 -7.44187327e-02  1.29106596e-01  0.00000000e+00]","[ 0.          2.5286448  14.4335413   1.69988906  1.65434623 -1.84898078
  0.58111691  0.04091811]"
1749855095.0045843,"[ 0.          0.16287407  1.25625397 -3.10498537 -2.15776715  1.36384847
  1.70569063  1.7808429 ]","[ 0.00000000e+00  2.73337616e-01  4.42508077e-04  8.12993422e-02
  3.17458709e-05 -6.07719338e-02  1.19653181e-01  0.00000000e+00]","[ 0.          2.61137819 14.2750864   1.79702127  1.76458931 -1.8731842
  0.6954093   0.04417303]"
1749855095.0111344,"[ 0.          0.16394721  1.25625397 -3.10464742 -2.15776715  1.36360785
  1.70611114  1.7808429 ]","[ 0.00000000e+00  2.72798443e-01  2.80255118e-04  8.64311954e-02
  3.17458709e-05 -5.99616379e-02  9.66948934e-02  0.00000000e+00]","[ 0.          2.67912889 14.13249969  1.85520422  1.85644543 -1.90753353
  0.78863746  0.061912  ]"
1749855095.018504,"[ 0.          0.16616785  1.25625343 -3.10395766 -2.15776635  1.36313701
  1.70670569  1.7808429 ]","[ 0.00000000e+00  2.75769515e-01 -2.77513792e-05  8.48106036e-02
  3.97123214e-05 -5.96915434e-02  6.07719338e-02  0.00000000e+00]","[ 0.          2.74182773 13.82064819  1.8550663   1.94646955 -1.88898385
  0.85269457  0.05979133]"
1749855095.0219188,"[ 0.          0.1678439   1.25625343 -3.10345379 -2.15776635  1.36279732
  1.70705763  1.7808429 ]","[ 0.00000000e+00  2.77660210e-01 -2.28695667e-05  8.29199257e-02
  3.70648338e-05 -7.42768028e-02  5.81782812e-02  0.00000000e+00]","[ 0.          2.74715972 13.74306583  1.7921468   1.83792067 -1.82827842
  0.86812633  0.07816286]"
1749855095.0253117,"[ 0.          0.16868789  1.25625397 -3.10321224 -2.15776635  1.3625623
  1.70723833  1.7808429 ]","[ 0.00000000e+00  2.78592200e-01  0.00000000e+00  7.88684671e-02
  3.70651995e-05 -7.72478753e-02  6.06288804e-02  0.00000000e+00]","[ 0.          2.75608492 13.81259727  1.75674403  1.73514593 -1.82017791
  0.85069853  0.06025298]"
1749855095.0281763,"[ 0.          0.16981703  1.25625397 -3.10290465 -2.15776688  1.36225697
  1.70751716  1.7808429 ]","[ 0.00000000e+00  2.82866823e-01  0.00000000e+00  7.45469056e-02
  3.17698567e-05 -7.61674891e-02  7.62336104e-02  0.00000000e+00]","[ 0.          2.70694947 13.88158894  1.69852722  1.5703913  -1.8094269
  0.83294451  0.07569569]"
1749855095.031602,"[ 0.          0.17065734  1.25625437 -3.10267268 -2.15776688  1.36202873
  1.70777682  1.7808429 ]","[ 0.00000000e+00  2.83315000e-01  1.70001667e-05  7.74874516e-02
  3.17701716e-05 -7.61674891e-02  9.26434348e-02  0.00000000e+00]","[ 0.          2.68634295 13.95195293  1.62543154  1.48173046 -1.7835927
  0.76168525  0.08401573]"
1749855095.0357208,"[ 0.          0.17150776  1.2562553  -3.10243486 -2.15776688  1.36179278
  1.70808122  1.7808429 ]","[ 0.00000000e+00  2.79280777e-01  3.98915695e-05  8.34601230e-02
  3.18179359e-05 -7.87412928e-02  1.02096849e-01  0.00000000e+00]","[ 0.          2.55711007 14.11923695  1.57133031  1.42114961 -1.74297285
  0.73033726  0.06871688]"
1749855095.038632,"[ 0.          0.17263095  1.25625716 -3.10208146 -2.15776688  1.36146068
  1.70853315  1.7808429 ]","[ 0.00000000e+00  2.79010699e-01  8.79487413e-05  8.93116788e-02
  3.18179359e-05 -8.53416380e-02  1.17762503e-01  0.00000000e+00]","[ 0.          2.32732368 14.34732437  1.43075061  1.31426036 -1.70841134
  0.76970875  0.07435051]"
1749855095.0415049,"[ 0.          0.17347402  1.25625849 -3.10181195 -2.15776715  1.36118398
  1.7089012   1.7808429 ]","[ 0.00000000e+00  2.76346839e-01  1.15212081e-04  8.75115816e-02
  2.91664395e-05 -9.72350907e-02  1.21543868e-01  0.00000000e+00]","[ 0.          2.16454768 14.43220329  1.31710958  1.2314111  -1.67334378
  0.75324827  0.05974473]"
1749855095.044417,"[ 0.          0.17431065  1.25626089 -3.1015451  -2.15776715  1.36087092
  1.70926366  1.7808429 ]","[ 0.00000000e+00  2.74850275e-01  1.63577095e-04  8.86047010e-02
  2.91664395e-05 -1.06040758e-01  1.22624254e-01  0.00000000e+00]","[ 0.          1.97050655 14.57641315  1.26508522  1.19560421 -1.63461173
  0.72403532  0.07109034]"
1749855095.047967,"[ 0.          0.17511884  1.25626409 -3.10128411 -2.15776715  1.36053323
  1.7096385   1.7808429 ]","[ 0.00000000e+00  2.72528348e-01  2.23079728e-04  8.85919761e-02
  2.91664395e-05 -1.11090428e-01  1.21543868e-01  0.00000000e+00]","[ 0.          1.90730238 14.70631886  1.17246783  1.18622398 -1.61217427
  0.72324169  0.08084099]"
1749855095.0519216,"[ 0.          0.17593803  1.25626768 -3.10102419 -2.15776715  1.36019834
  1.71000761  1.7808429 ]","[ 0.00000000e+00  2.68206787e-01  2.86574729e-04  8.34601230e-02
  2.91664395e-05 -1.07328904e-01  1.20341417e-01  0.00000000e+00]","[ 0.          1.74299753 14.81180763  1.14211953  1.19898713 -1.63037944
  0.62105691  0.06461109]"
1749855095.0575125,"[ 0.          0.17700013  1.25627421 -3.10072538 -2.15776715  1.35980446
  1.71046142  1.7808429 ]","[ 0.00000000e+00  2.62264642e-01  4.27573016e-04  6.75243704e-02
  2.91664395e-05 -9.32858641e-02  1.08038994e-01  0.00000000e+00]","[ 0.          1.69031227 14.91272831  1.14712894  1.28388178 -1.72387934
  0.58441359  0.06845747]"
1749855095.061386,"[ 0.          0.17805076  1.25627967 -3.10047931 -2.15776688  1.35944973
  1.71088659  1.7808429 ]","[ 0.00000000e+00  2.60373964e-01  1.24818615e-03  5.80709558e-02
  2.65149452e-05 -8.32551261e-02  1.04257622e-01  0.00000000e+00]","[ 0.          1.74183869 14.89941788  1.18608022  1.41951489 -1.80384934
  0.62321699  0.05347985]"
1749855095.0621183,"[ 0.          0.17883827  1.25628193 -3.10032085 -2.15776635  1.35920898
  1.7111806   1.7808429 ]","[ 0.00000000e+00  2.58040752e-01  1.28057815e-03  5.02381288e-02
  3.17941919e-05 -7.91385615e-02  9.47013093e-02  0.00000000e+00]","[ 0.          1.77431452 14.79077625  1.23333025  1.5814029  -1.80811274
  0.58878934  0.06432043]"
1749855095.0659037,"[ 0.          0.17986639  1.25628286 -3.10011978 -2.15776529  1.35889219
  1.71157821  1.7808429 ]","[ 0.00000000e+00  2.55533053e-01  8.38999513e-04  5.07783261e-02
  3.17938749e-05 -7.82489076e-02  1.02815071e-01  0.00000000e+00]","[ 0.          1.86271703 14.68103695  1.33707905  1.71943545 -1.80815876
  0.6265139   0.04791573]"
1749855095.068827,"[ 0.          0.18061808  1.25628339 -3.09996532 -2.15776502  1.35865824
  1.71190458  1.7808429 ]","[ 0.00000000e+00  2.54983510e-01  4.85736558e-04  5.11567654e-02
  3.44433659e-05 -7.61674891e-02  1.14944945e-01  0.00000000e+00]","[ 0.          1.94700778 14.61469364  1.36438751  1.84091997 -1.83404076
  0.56610268  0.0495195 ]"
1749855095.0735028,"[ 0.          0.18164989  1.25628512 -3.09974374 -2.15776502  1.3583272
  1.71242297  1.7808429 ]","[ 0.00000000e+00  2.58483286e-01  3.09130715e-04  5.79275154e-02
  3.18179359e-05 -8.69713844e-02  1.38830105e-01  0.00000000e+00]","[ 0.          2.1354363  14.61631012  1.43567479  1.79090488 -1.81957519
  0.50471568  0.04790552]"
1749855095.0777028,"[ 0.          0.18271246  1.25628792 -3.09950299 -2.15776502  1.357977
  1.71302324  1.7808429 ]","[ 0.00000000e+00  2.69287181e-01  3.77485595e-04  6.15198285e-02
  3.18179359e-05 -8.58909982e-02  1.57037455e-01  0.00000000e+00]","[ 0.          2.17312932 14.68828964  1.44352353  1.69525778 -1.76213467
  0.50699323  0.05559726]"
1749855095.0811517,"[ 0.          0.18382323  1.25629205 -3.09924253 -2.15776582  1.35762413
  1.71375202  1.7808429 ]","[ 0.00000000e+00  2.78470493e-01  5.28783833e-04  6.58900633e-02
  2.38636886e-05 -8.96723623e-02  1.83396192e-01  0.00000000e+00]","[ 0.          2.08068252 14.69473267  1.37696612  1.51581955 -1.71383536
  0.43470407  0.04631783]"
1749855095.0846984,"[ 0.          0.18495284  1.25629671 -3.09896157 -2.15776582  1.35724836
  1.71451302  1.7808429 ]","[ 0.00000000e+00  2.82792055e-01  6.49228935e-04  7.21160221e-02
  2.38634509e-05 -9.44383304e-02  1.89260189e-01  0.00000000e+00]","[ 0.          1.93650913 14.81194305  1.29416847  1.31008554 -1.61382174
  0.57047826  0.04523338]"
1749855095.0883133,"[ 0.          0.18582163  1.25630217 -3.09874079 -2.15776635  1.35695914
  1.71505337  1.7808429 ]","[ 0.00000000e+00  2.88216215e-01  8.28712923e-04  7.34060407e-02
  1.85602774e-05 -9.77996975e-02  1.71781996e-01  0.00000000e+00]","[ 0.          1.74724567 14.861619    1.16157329  1.13841903 -1.55258584
  0.68929082  0.06494908]"
1749855095.0956688,"[ 0.          0.18698016  1.25630949 -3.09846116 -2.15776688  1.35653863
  1.71566976  1.7808429 ]","[ 0.00000000e+00  2.87631418e-01  1.52344648e-03  6.69841731e-02
  1.32574726e-05 -1.07681065e-01  1.40990877e-01  0.00000000e+00]","[ 0.          1.47905266 14.79900837  1.03233898  0.98845732 -1.47060287
  0.69233662  0.06954598]"
1749855095.098848,"[ 0.          0.18905616  1.25631921 -3.0980497  -2.15776688  1.35571677
  1.7164261   1.7808429 ]","[ 0.00000000e+00  2.84622212e-01  1.47494522e-03  5.13185192e-02
  1.32473165e-05 -1.18362713e-01  1.15601723e-01  0.00000000e+00]","[ 0.          1.09846473 14.54658985  0.8522535   0.9805494  -1.44736195
  0.65942615  0.06028985]"
1749855095.102274,"[ 0.          0.18988821  1.25632241 -3.09789577 -2.15776688  1.35537815
  1.71676672  1.7808429 ]","[ 0.00000000e+00  2.79267661e-01  1.29809559e-03  4.99174051e-02
  7.94846874e-06 -1.11820358e-01  1.11842729e-01  0.00000000e+00]","[ 0.          1.00600457 14.48235703  0.79191667  1.02373016 -1.49435282
  0.65691078  0.04987981]"
1749855095.1058426,"[ 0.          0.19100543  1.2563256  -3.09771548 -2.15776635  1.35495005
  1.71719003  1.7808429 ]","[ 0.00000000e+00  2.77930304e-01  1.00307390e-03  4.18651087e-02
  7.95448397e-06 -1.01286549e-01  1.02313531e-01  0.00000000e+00]","[ 0.          1.10971129 14.31514645  0.79970938  1.14247108 -1.55625021
  0.66360652  0.05457631]"
1749855095.109904,"[ 0.          0.19184206  1.25632654 -3.09758871 -2.15776635  1.35465231
  1.71750108  1.7808429 ]","[ 0.00000000e+00  2.74410820e-01  7.08052155e-04  4.18783330e-02
  7.95448397e-06 -9.71365704e-02  1.07929522e-01  0.00000000e+00]","[ 0.          1.2505182  14.1796217   0.7969057   1.25298703 -1.59418082
  0.69566143  0.05668151]"
1749855095.1135082,"[ 0.          0.19293677  1.25632694 -3.097422   -2.15776582  1.35426122
  1.71797193  1.7808429 ]","[ 0.          0.27117786  0.00029256  0.04108734  0.         -0.09750519
  0.12424484  0.        ]","[ 0.          1.43619001 13.98571396  0.81041032  1.42216265 -1.60559046
  0.63142473  0.0305422 ]"
1749855095.117291,"[ 0.          0.19376148  1.25632747 -3.09725608 -2.15776529  1.35385696
  1.71854651  1.7808429 ]","[ 0.00000000e+00  2.71080704e-01  1.59566278e-04  4.42959881e-02
  1.06059783e-05 -1.03177236e-01  1.53259927e-01  0.00000000e+00]","[ 0.          1.57609856 14.01626587  0.87716097  1.51756549 -1.6035192
  0.5629409   0.048074  ]"
1749855095.121258,"[ 0.          0.194847    1.25633013 -3.09705555 -2.15776529  1.35343551
  1.71923533  1.7808429 ]","[ 0.00000000e+00  2.69823808e-01  3.26567886e-04  5.21817371e-02
  1.06059783e-05 -1.03072698e-01  1.78534425e-01  0.00000000e+00]","[ 0.          1.80877578 14.14949131  0.94642848  1.4641602  -1.65896058
  0.46148628  0.02484841]"
1749855095.125363,"[ 0.          0.19594539  1.25633666 -3.09683291 -2.15776582  1.35301886
  1.7199669   1.78084197]","[ 0.00000000e+00  2.76039626e-01  6.24093076e-04  5.80709558e-02
  5.30298914e-06 -1.06148308e-01  1.83210370e-01 -1.05898466e-05]","[ 0.          1.99870682 14.41493893  1.00442541  1.3478967  -1.68805444
  0.56301993  0.06034038]"
1749855095.1288564,"[ 0.          0.19707086  1.25634718 -3.09659828 -2.15776582  1.35258037
  1.72071845  1.78084197]","[ 0.00000000e+00  2.79820999e-01  1.06297065e-03  5.72606640e-02
  1.05899522e-05 -1.13981131e-01  1.89068225e-01 -1.05899522e-05]","[ 0.          2.03045583 14.53842926  1.05811369  1.23388469 -1.69491899
  0.50588018  0.05026117]"
1749855095.1317997,"[ 0.          0.19792312  1.25636142 -3.09642784 -2.15776635  1.35220646
  1.72129968  1.78084197]","[ 0.00000000e+00  2.80108354e-01  3.51061614e-03  5.58535288e-02
  5.29097849e-06 -1.29106596e-01  1.92849598e-01 -1.05900569e-05]","[ 0.          1.98006713 14.62085819  1.06159616  1.1342057  -1.66791761
  0.42694223  0.03536389]"
1749855095.1352158,"[ 0.          0.19877675  1.2563834  -3.09626991 -2.15776635  1.35179647
  1.72187799  1.78084197]","[ 0.00000000e+00  2.82631433e-01  7.79842175e-03  4.94278371e-02
  5.29497611e-06 -1.37922649e-01  1.88876661e-01 -1.05979587e-05]","[ 0.          1.9085319  14.65735435  1.12322736  1.03347516 -1.58515263
  0.4615733   0.04084621]"
1749855095.1386693,"[ 0.          0.19989441  1.25643759 -3.09608882 -2.15776688  1.35121523
  1.72264471  1.78084197]","[ 0.00000000e+00  2.83062166e-01  1.72862385e-02  4.39812815e-02
  0.00000000e+00 -1.44944174e-01  1.92849598e-01 -1.05820616e-05]","[ 0.          1.79991889 14.58298779  1.15728271  0.88813335 -1.5968461
  0.52734953  0.04838314]"
1749855095.1423626,"[ 0.          0.20075356  1.25650563 -3.09596738 -2.15776688  1.35078899
  1.72323553  1.78084197]","[ 0.00000000e+00  2.83602355e-01  2.56592596e-02  3.76152695e-02
  2.64748806e-06 -1.43691855e-01  1.97104014e-01 -1.05899522e-05]","[ 0.          1.78338456 14.37904644  1.24942923  0.81842518 -1.69468272
  0.41245654  0.05519102]"
1749855095.1459448,"[ 0.          0.20190981  1.25662454 -3.09584008 -2.15776688  1.35022107
  1.72403368  1.78084197]","[ 0.00000000e+00  2.88734200e-01  3.07911127e-02  2.67852961e-02
  2.64748806e-06 -1.39768736e-01  1.98107077e-01 -1.05899522e-05]","[ 0.          1.63439488 14.0535965   1.3701663   0.90238965 -1.77087235
  0.50250196  0.03932047]"
1749855095.1488295,"[ 0.          0.20278181  1.25670857 -3.0957735  -2.15776635  1.34980056
  1.72461013  1.78084197]","[ 0.00000000e+00  2.86126798e-01  2.56592596e-02  2.26881871e-02
  7.94246417e-06 -1.36129127e-01  1.90958920e-01 -1.05899522e-05]","[ 0.          1.58164334 13.74308586  1.46624649  0.98453319 -1.79038501
  0.5368461   0.04572819]"
1749855095.1538746,"[ 0.          0.20393667  1.25679299 -3.09568801 -2.15776635  1.34925834
  1.72532931  1.78084197]","[ 0.00000000e+00  2.88885267e-01  1.80781949e-02  1.86178429e-02
  7.94246417e-06 -1.36129127e-01  1.69621207e-01 -1.05899522e-05]","[ 0.          1.56045628 13.48805809  1.55291009  1.06554043 -1.82603073
  0.47190782  0.02793125]"
1749855095.1571298,"[ 0.          0.20509934  1.25684998 -3.09562836 -2.15776635  1.34872757
  1.72597619  1.78084197]","[ 0.00000000e+00  2.89386807e-01  1.16141912e-02  1.16141912e-02
  5.29497611e-06 -1.30186982e-01  1.55306051e-01 -1.05900569e-05]","[ 0.          1.62197053 13.5572319   1.62011504  1.03201604 -1.83666337
  0.53949857  0.01878109]"
1749855095.1613169,"[ 0.          0.20627624  1.25688167 -3.09559933 -2.15776688  1.34821092
  1.72655184  1.78084197]","[ 0.00000000e+00  2.94125237e-01  5.94214437e-03  4.32155961e-03
 -5.29497611e-06 -1.27486012e-01  1.38019813e-01 -1.05899522e-05]","[ 0.          1.77166355 13.81595039  1.64989841  0.89680475 -1.83209324
  0.5129469   0.03797362]"
1749855095.1653302,"[ 0.          0.20747288  1.25689446 -3.09559986 -2.15776688  1.34768774
  1.72708167  1.78084197]","[ 0.00000000e+00  2.98665227e-01  2.16077981e-03 -1.34980291e-03
 -1.05899522e-05 -1.32347763e-01  1.28975785e-01 -1.05899522e-05]","[ 0.          1.96491528 14.30921268  1.66167009  0.79650956 -1.80084324
  0.42600158  0.03236708]"
1749855095.1681366,"[ 0.          0.20868422  1.25690231 -3.09559933 -2.15776688  1.34712462
  1.72759819  1.78084197]","[ 0.00000000e+00  3.03429822e-01  1.93109907e-03  1.32495580e-04
 -1.85325998e-05 -1.36800676e-01  1.27486012e-01 -1.05899522e-05]","[ 0.          2.22498059 14.84504223  1.68420064  0.75103021 -1.81529987
  0.29934108  0.01629844]"
1749855095.1718497,"[ 0.          0.20959847  1.2569115  -3.09559773 -2.15776688  1.34672315
  1.72798635  1.78084197]","[ 0.00000000e+00  3.11692479e-01  2.61967432e-03  3.55502910e-04
 -1.58849283e-05 -1.28296304e-01  1.29237665e-01 -1.05819570e-05]","[ 0.          2.32021856 15.12780571  1.69206822  0.71068114 -1.83970439
  0.28670532  0.04320132]"
1749855095.175006,"[ 0.          0.21055496  1.25692708 -3.09559853 -2.15776715  1.34635976
  1.72836971  1.78084197]","[ 0.00000000e+00  3.16554246e-01  4.68019509e-03  3.31197761e-04
 -2.11957060e-05 -1.15353491e-01  1.24244837e-01 -1.05820616e-05]","[ 0.00000000e+00  2.35211992e+00  1.53280039e+01  1.68944657e+00
  6.65726066e-01 -1.84019923e+00  2.37183958e-01  1.23193348e-02]"
1749855095.1782684,"[ 0.          0.21152249  1.25694732 -3.095598   -2.15776715  1.34604204
  1.72875693  1.78084197]","[ 0.00000000e+00  3.20335602e-01  7.02253421e-03  3.24523896e-04
 -2.11799045e-05 -1.04257622e-01  1.28142681e-01 -1.05900569e-05]","[ 0.          2.39199328 15.40734673  1.67440462  0.69036138 -1.88751972
  0.24638492  0.04418904]"
1749855095.1827013,"[ 0.          0.21282429  1.25697715 -3.09559773 -2.15776688  1.34564723
  1.72927825  1.78084197]","[ 0.00000000e+00  3.24657180e-01  7.42768060e-03  0.00000000e+00
 -1.05899522e-05 -9.72350907e-02  1.32405745e-01 -1.05900569e-05]","[ 0.          2.32421589 15.34379864  1.65876627  0.88659739 -1.94711006
  0.17681687  0.02381088]"
1749855095.186576,"[ 0.          0.21413711  1.25699965 -3.09559773 -2.15776635  1.34535415
  1.72983565  1.78084197]","[ 0.00000000e+00  3.28438536e-01  4.85929059e-03  0.00000000e+00
 -5.29497611e-06 -9.74063985e-02  1.45582533e-01 -1.05900569e-05]","[ 0.          2.17899394 15.12782192  1.64747226  1.09873641 -1.96813285
  0.16618586  0.01538057]"
1749855095.1895046,"[ 0.          0.21546876  1.25700604 -3.09559773 -2.15776635  1.34495933
  1.73044924  1.78084197]","[ 0.00000000e+00  3.30599325e-01  4.05146222e-04  0.00000000e+00
  0.00000000e+00 -1.01556652e-01  1.54495751e-01 -1.05819570e-05]","[ 0.00000000e+00  1.95969677e+00  1.49177265e+01  1.57719147e+00
  1.20855761e+00 -1.98776376e+00  1.20275028e-01  1.20082777e-02]"
1749855095.193656,"[ 0.          0.2164652   1.25700524 -3.09559773 -2.15776635  1.34465214
  1.73092022  1.78084197]","[ 0.00000000e+00  3.27754370e-01 -2.63244924e-04  0.00000000e+00
  5.29897933e-06 -9.93958714e-02  1.56386445e-01 -1.05819570e-05]","[ 0.          1.76754725 14.80884171  1.52946472  1.22793138 -1.94752812
  0.17338762  0.02447988]"
1749855095.1973364,"[ 0.          0.21777893  1.25700564 -3.0955972  -2.15776635  1.34426305
  1.73156231  1.78084197]","[ 0.00000000e+00  3.25692317e-01  0.00000000e+00  2.20095964e-05
  5.29897933e-06 -9.72350907e-02  1.60978101e-01 -1.05819570e-05]","[ 0.          1.62242091 14.67784119  1.47750533  1.06498981 -1.94445968
  0.15765403  0.02530217]"
1749855095.2007668,"[ 0.          0.21906972  1.25700604 -3.09559773 -2.15776688  1.34386158
  1.73220546  1.78084197]","[ 0.00000000e+00  3.18977490e-01  8.70408868e-05  3.06157383e-05
  0.00000000e+00 -1.02096849e-01  1.58277123e-01 -1.05979587e-05]","[ 0.          1.50776863 14.55271244  1.4182272   0.89420694 -1.95613992
  0.18866335  0.02054514]"
1749855095.2038355,"[ 0.          0.22000876  1.25700564 -3.09559773 -2.15776715  1.34354293
  1.73266965  1.78084197]","[ 0.00000000e+00  3.15743946e-01  4.84211093e-05  2.83878725e-05
 -2.64948966e-06 -1.06958600e-01  1.48403104e-01 -1.06059783e-05]","[ 0.          1.46965206 14.4835186   1.37750161  0.77499479 -1.90240753
  0.32140401  0.02801855]"
1749855095.2078707,"[ 0.          0.22095424  1.25700564 -3.09559773 -2.15776768  1.34319859
  1.73308058  1.78084197]","[ 0.00000000e+00  3.09801801e-01  0.00000000e+00  9.14201788e-06
 -1.32373077e-05 -1.15353491e-01  1.29106596e-01 -1.06058726e-05]","[ 0.          1.42875481 14.35493183  1.30900347  0.63418764 -1.84459817
  0.34998626  0.04702892]"
1749855095.215953,"[ 0.          0.22247553  1.25700564 -3.09559773 -2.15776822  1.34262388
  1.73362572  1.78084197]","[ 0.00000000e+00  3.02239089e-01  0.00000000e+00  0.00000000e+00
 -2.38456439e-05 -1.13015369e-01  9.75051851e-02 -1.06059783e-05]","[ 0.          1.67576051 14.1473341   1.23235476  0.42644271 -1.71871567
  0.3891609   0.04837699]"
1749855095.2187724,"[ 0.          0.22458963  1.25700524 -3.09559773 -2.15776848  1.34191334
  1.73429538  1.78084197]","[ 0.00000000e+00  2.98997889e-01 -2.38805691e-05  0.00000000e+00
 -3.17938749e-05 -9.31981130e-02  9.67966262e-02 -1.06060839e-05]","[ 0.00000000e+00  2.13622642e+00  1.39201355e+01  1.28358829e+00
  4.08832073e-01 -1.85214889e+00  3.44369262e-01  9.96013265e-03]"
1749855095.2225132,"[ 0.          0.2254892   1.25700524 -3.09559773 -2.15776768  1.34165355
  1.73459605  1.78084197]","[ 0.00000000e+00  2.96380002e-01  0.00000000e+00  0.00000000e+00
 -2.38454062e-05 -8.48106036e-02  1.01215152e-01  0.00000000e+00]","[ 0.          2.23463678 13.84195805  1.28428197  0.58082658 -1.87657154
  0.3981494   0.03350148]"
1749855095.2264955,"[ 0.          0.22667114  1.25700471 -3.0955972  -2.15776768  1.34133397
  1.7350127   1.78084197]","[ 0.00000000e+00  2.93900632e-01 -1.95031931e-05  0.00000000e+00
 -1.85462435e-05 -7.72478753e-02  1.02062761e-01  0.00000000e+00]","[ 0.          2.43010592 13.65143681  1.33985114  0.8237136  -1.94402683
  0.44728142  0.02573423]"
1749855095.2300446,"[ 0.          0.22787146  1.25700431 -3.09559613 -2.15776715  1.34101999
  1.73540365  1.78084197]","[ 0.00000000e+00  3.01423696e-01 -4.53566535e-05  2.16702157e-05
 -1.32675109e-05 -7.83282698e-02  9.47904752e-02  0.00000000e+00]","[ 0.          2.52667165 13.44979572  1.40322208  1.00252962 -1.96320057
  0.53177506  0.03891108]"
1749855095.232863,"[ 0.          0.22876229  1.25700431 -3.0955948  -2.15776688  1.34077458
  1.7356729   1.78084197]","[ 0.00000000e+00  3.01123391e-01 -5.29227520e-05  4.59236074e-05
 -5.30695172e-06 -8.31900202e-02  8.96723623e-02  0.00000000e+00]","[ 0.          2.55573559 13.4305439   1.48103893  1.07246339 -1.97048128
  0.60304445  0.03306106]"
1749855095.2359939,"[ 0.          0.22967333  1.25700431 -3.09559427 -2.15776688  1.34051012
  1.73592883  1.78084197]","[ 0.00000000e+00  3.00348378e-01 -4.25004156e-05  6.38282699e-05
 -5.30700455e-06 -9.06608029e-02  8.21096340e-02  0.00000000e+00]","[ 0.          2.56450772 13.40283871  1.53569317  1.13071823 -1.97227144
  0.55899417  0.04851248]"
1749855095.2394202,"[ 0.          0.23059446  1.25700431 -3.09559347 -2.15776688  1.3402229
  1.73616944  1.78084197]","[ 0.00000000e+00  3.04432902e-01 -4.13984320e-05  7.71553398e-05
  0.00000000e+00 -9.47904752e-02  7.88684671e-02  0.00000000e+00]","[ 0.          2.54514861 13.47405148  1.58643389  1.15092731 -1.98469186
  0.53322399  0.02509875]"
1749855095.2436016,"[ 0.          0.23182097  1.25700431 -3.09559214 -2.15776688  1.3398442
  1.73649861  1.78084197]","[ 0.00000000e+00  3.05686751e-01 -3.90058173e-05  9.61182122e-05
  0.00000000e+00 -9.32858641e-02  7.80581670e-02  0.00000000e+00]","[ 0.          2.52307415 13.6419611   1.66127026  1.08969355 -2.00630164
  0.5080635   0.04200768]"
1749855095.2475116,"[ 0.          0.23307042  1.25700471 -3.09558974 -2.15776715  1.33948361
  1.7368126   1.78084197]","[ 0.00000000e+00  3.13313079e-01 -2.94385789e-05  1.28437957e-04
 -2.65350228e-06 -8.67658882e-02  7.99488533e-02  0.00000000e+00]","[ 0.          2.45646834 13.80660248  1.72033751  0.90318722 -2.00397444
  0.46518028  0.03541808]"
1749855095.2509902,"[ 0.          0.23433043  1.25700524 -3.09558655 -2.15776768  1.33914885
  1.73713604  1.78084197]","[ 0.00000000e+00  3.13460585e-01 -1.39585984e-05  1.68701957e-04
 -1.32673788e-05 -8.22520548e-02  7.99488533e-02  0.00000000e+00]","[ 0.          2.33405757 14.00178528  1.73789418  0.71688575 -1.96084821
  0.40940866  0.06374789]"
1749855095.2552924,"[ 0.          0.2355955   1.25700564 -3.09558388 -2.15776822  1.33880251
  1.73744137  1.78084197]","[ 0.00000000e+00  3.15968251e-01  0.00000000e+00  1.97139199e-04
 -1.85745164e-05 -8.86885240e-02  7.42768028e-02  0.00000000e+00]","[ 0.          2.13519192 14.21075439  1.75302494  0.53428936 -1.92244637
  0.40529057  0.04290812]"
1749855095.2587533,"[ 0.          0.23686884  1.25700564 -3.09558095 -2.15776848  1.33844298
  1.73766774  1.78084197]","[ 0.00000000e+00  3.17424734e-01  0.00000000e+00  2.25913465e-04
 -1.59208552e-05 -8.87720308e-02  7.42274678e-02  0.00000000e+00]","[ 0.          2.01486158 14.41772938  1.7646488   0.35244462 -1.88173497
  0.39898226  0.02944874]"
1749855095.2614856,"[ 0.          0.23780972  1.25700658 -3.09557936 -2.15776902  1.33817187
  1.73789704  1.78084197]","[ 0.00000000e+00  3.18444924e-01  2.25763370e-05  2.50754773e-04
 -2.12119566e-05 -9.25495667e-02  7.52305391e-02  0.00000000e+00]","[ 0.          1.87361968 14.57714653  1.75326264  0.24863392 -1.86913347
  0.3241947   0.01616785]"
1749855095.2649715,"[ 0.          0.23877584  1.25700697 -3.09557829 -2.15776902  1.33790262
  1.73812061  1.78084197]","[ 0.00000000e+00  3.17634624e-01  2.70465026e-05  3.12150990e-04
 -2.12119566e-05 -8.58909982e-02  7.72478753e-02  0.00000000e+00]","[ 0.00000000e+00  1.85904253e+00  1.47192822e+01  1.71999276e+00
  1.93822876e-01 -1.87567329e+00  3.39955330e-01  4.72072465e-03]"
1749855095.2694087,"[ 0.          0.24004872  1.25700884 -3.09557776 -2.15776902  1.33760768
  1.73845736  1.78084197]","[ 0.00000000e+00  3.16554246e-01  6.00961545e-05  4.68531667e-04
 -2.12278069e-05 -6.63766561e-02  8.76927431e-02  0.00000000e+00]","[ 0.00000000e+00  1.84175396e+00  1.48706236e+01  1.68449819e+00
  2.20370159e-01 -1.88260484e+00  2.71978408e-01  1.34933870e-02]"
1749855095.2733998,"[ 0.          0.24137164  1.2570107  -3.09557696 -2.15776902  1.33737558
  1.73884552  1.78084197]","[ 0.00000000e+00  3.17634624e-01  8.84647450e-05  4.71017262e-04
 -1.85745164e-05 -5.29391068e-02  1.03177236e-01  0.00000000e+00]","[ 0.00000000e+00  1.88254666e+00  1.49633818e+01  1.70179403e+00
  3.50743473e-01 -1.95557928e+00  2.00387821e-01 -1.49216615e-02]"
1749855095.2769113,"[ 0.          0.24264269  1.25701164 -3.09557509 -2.15776902  1.33718716
  1.73932023  1.78084197]","[ 0.00000000e+00  3.16284135e-01  1.06246652e-04  4.99356911e-04
 -1.85745164e-05 -4.34856922e-02  1.27486012e-01  0.00000000e+00]","[ 0.00000000e+00  1.95171785e+00  1.49929037e+01  1.68871653e+00
  5.20670712e-01 -1.96432316e+00  1.89430431e-01 -1.33376308e-02]"
1749855095.2811089,"[ 0.          0.24391556  1.25701297 -3.09557323 -2.15776848  1.33703403
  1.73985206  1.78084197]","[ 0.00000000e+00  3.17634624e-01  1.24154704e-04  4.85736558e-04
 -1.59089679e-05 -3.67332556e-02  1.34911904e-01  0.00000000e+00]","[ 0.          2.01020122 14.96046448  1.67503202  0.7013914  -2.01186514
  0.11024453  0.02657387]"
1749855095.2850344,"[ 0.          0.24518661  1.2570139  -3.0955719  -2.15776848  1.33687611
  1.7404056   1.78084197]","[ 0.00000000e+00  3.15424034e-01  1.32788733e-04  4.46382112e-04
 -2.12280182e-05 -4.26754004e-02  1.36939419e-01  0.00000000e+00]","[ 0.00000000e+00  2.07665682e+00  1.48977947e+01  1.64765489e+00
  7.92958319e-01 -2.00910044e+00  1.72667444e-01 -9.81012918e-03]"
1749855095.28786,"[ 0.          0.24615456  1.2570139  -3.09557057 -2.15776848  1.33673057
  1.740808    1.78084197]","[ 0.00000000e+00  3.19525302e-01  1.28680379e-04  4.16130754e-04
 -2.12117453e-05 -5.13185192e-02  1.31134377e-01  0.00000000e+00]","[ 0.          2.1086123  14.82786655  1.63510454  0.79618233 -2.02428484
  0.20189627 -0.01644742]"
1749855095.2922046,"[ 0.          0.2467832   1.25701443 -3.0955695  -2.15776848  1.33656505
  1.74118284  1.78084197]","[ 0.00000000e+00  3.17312814e-01  1.34567056e-04  3.79108458e-04
 -2.12119566e-05 -5.56705988e-02  1.19653181e-01  0.00000000e+00]","[ 0.          2.11565924 14.75735855  1.59667802  0.76087797 -2.00923729
  0.21191044 -0.01501525]"
1749855095.2967129,"[ 0.          0.24807858  1.25701483 -3.09556924 -2.15776902  1.33633109
  1.74163278  1.78084197]","[ 0.00000000e+00  3.16971330e-01  1.36480992e-04  3.26042568e-04
 -2.65152094e-05 -6.26626158e-02  1.03177236e-01  0.00000000e+00]","[ 0.00000000e+00  2.12098050e+00  1.46002712e+01  1.55109370e+00
  6.20516539e-01 -1.99180448e+00  2.40821391e-01 -5.06978855e-03]"
1749855095.3005111,"[ 0.          0.24966048  1.25701483 -3.09556764 -2.15776955  1.33597995
  1.74204478  1.78084197]","[ 0.00000000e+00  3.14167821e-01  1.40127559e-04  3.15234822e-04
 -2.65149452e-05 -7.41576347e-02  7.04240160e-02  0.00000000e+00]","[ 0.00000000e+00  2.11592293e+00  1.43632088e+01  1.50867260e+00
  4.41683352e-01 -1.97051263e+00  2.96856076e-01 -9.76687204e-03]"
1749855095.303965,"[ 0.          0.25092923  1.2570139  -3.09556737 -2.15777008  1.33567276
  1.74227208  1.78084197]","[ 0.00000000e+00  3.16554246e-01  1.30828585e-04  2.86151263e-04
 -2.91664395e-05 -7.61674891e-02  4.72670564e-02  0.00000000e+00]","[ 0.00000000e+00  2.02230668e+00  1.40913486e+01  1.48113334e+00
  2.96690643e-01 -1.93618667e+00  3.43493670e-01 -3.66312405e-03]"
1749855095.3070579,"[ 0.          0.25186     1.2570139  -3.09556631 -2.15777035  1.33544919
  1.74238153  1.78084197]","[ 0.00000000e+00  3.12502779e-01  1.27398579e-04  2.98063122e-04
 -2.65152094e-05 -7.34751581e-02  3.07911127e-02  0.00000000e+00]","[ 0.00000000e+00  2.02501631e+00  1.39113417e+01  1.43626368e+00
  2.06449240e-01 -1.91504836e+00  3.36563140e-01  1.18595613e-02]"
1749855095.309989,"[ 0.          0.25279905  1.2570135  -3.09556551 -2.15777035  1.33522082
  1.74245197  1.78084197]","[ 0.00000000e+00  3.07370934e-01  1.18766362e-04  2.97393756e-04
 -2.11959173e-05 -7.91385615e-02  1.94470181e-02  0.00000000e+00]","[ 0.00000000e+00  1.94915748e+00  1.37618837e+01  1.44843698e+00
  1.85937628e-01 -1.94506907e+00  3.70409131e-01 -1.13833668e-02]"
1749855095.3131547,"[ 0.          0.25372983  1.2570135  -3.09556444 -2.15777088  1.33496968
  1.74248526  1.78084197]","[ 0.00000000e+00  3.06560634e-01  1.15657986e-04  3.02316442e-04
 -2.65149452e-05 -8.40003119e-02  6.74559511e-03  0.00000000e+00]","[ 0.00000000e+00  2.04291797e+00  1.36279736e+01  1.45091450e+00
  2.06924260e-01 -1.99152148e+00  3.56422275e-01 -2.33917846e-03]"
1749855095.3173199,"[ 0.          0.25495495  1.25701297 -3.09556311 -2.15777088  1.33460922
  1.74248992  1.78084197]","[ 0.00000000e+00  3.03281950e-01  1.06180033e-04  3.06808999e-04
 -2.38634509e-05 -9.45341127e-02 -5.40194952e-04  0.00000000e+00]","[ 0.00000000e+00  2.14144182e+00  1.34124269e+01  1.47302473e+00
  2.56127000e-01 -1.97561002e+00  3.41460735e-01  1.26223788e-02]"
1749855095.3219178,"[ 0.          0.25616537  1.25701257 -3.09556125 -2.15777088  1.33419058
  1.74249085  1.78084197]","[ 0.00000000e+00  3.01428789e-01  1.00302507e-04  3.26178099e-04
 -2.65149452e-05 -1.06958600e-01  2.64991160e-04  0.00000000e+00]","[ 0.00000000e+00  2.24364614e+00  1.33705587e+01  1.55103397e+00
  3.11462253e-01 -1.98637950e+00  3.87024194e-01  1.11856638e-03]"
1749855095.3249183,"[ 0.          0.25736844  1.25701297 -3.09555805 -2.15777088  1.33373784
  1.74249378  1.78084197]","[ 0.00000000e+00  2.98133727e-01  1.01114297e-04  3.60603260e-04
 -3.18179359e-05 -1.14675117e-01  5.28479871e-04  0.00000000e+00]","[ 0.          2.32704473 13.42141342  1.55742598  0.33505681 -2.0021441
  0.36973     0.01388848]"
1749855095.3282604,"[ 0.          0.25824963  1.25701297 -3.09555539 -2.15777088  1.33337538
  1.74250137  1.78084197]","[ 0.00000000e+00  2.98997889e-01  9.88025531e-05  3.86224384e-04
 -3.70368514e-05 -1.19115015e-01  1.13505720e-03  0.00000000e+00]","[ 0.00000000e+00  2.34536433e+00  1.35883551e+01  1.55020869e+00
  3.64808381e-01 -2.01774812e+00  3.80241334e-01  6.36878982e-03]"
1749855095.3316464,"[ 0.          0.25946326  1.2570135  -3.09555086 -2.15777088  1.33290161
  1.74251469  1.78084197]","[ 0.00000000e+00  3.03589578e-01  9.95269820e-05  4.63665318e-04
 -3.70372172e-05 -1.10739964e-01  1.75530807e-03  0.00000000e+00]","[ 0.00000000e+00  2.42989707e+00  1.38376541e+01  1.60739553e+00
  3.72682810e-01 -2.07242680e+00  3.38664144e-01  9.78408568e-03]"
1749855095.3350666,"[ 0.          0.2603821   1.2570139  -3.09554713 -2.15777088  1.3325791
  1.74252614  1.78084197]","[ 0.00000000e+00  3.01698867e-01  1.01409441e-04  6.50741917e-04
 -3.96823397e-05 -1.04201113e-01  2.11263368e-03  0.00000000e+00]","[ 0.00000000e+00  2.45876932e+00  1.39967222e+01  1.64671278e+00
  3.86053652e-01 -2.09951472e+00  3.23619425e-01 -1.13991939e-03]"
1749855095.3385022,"[ 0.          0.26129727  1.25701443 -3.09554287 -2.15777088  1.33228042
  1.74253853  1.78084197]","[ 0.00000000e+00  3.02779278e-01  1.05054512e-04  1.00681611e-03
 -3.96827298e-05 -9.93958714e-02  3.63191350e-03  0.00000000e+00]","[ 0.          2.45062613 14.17116451  1.66770518  0.42032713 -2.14081931
  0.28756443 -0.01508752]"
1749855095.3423183,"[ 0.          0.26252147  1.25701443 -3.09553435 -2.15777088  1.33188561
  1.7425613   1.78084197]","[ 0.00000000e+00  3.04129767e-01  9.70404602e-05  1.54552549e-03
 -3.97123214e-05 -9.83154852e-02  5.03707220e-03  0.00000000e+00]","[ 0.          2.51482081 14.37507057  1.73771322  0.45038685 -2.15359044
  0.24993654 -0.02852424]"
1749855095.3468945,"[ 0.          0.26374751  1.25701523 -3.09552236 -2.15777088  1.33147655
  1.74259459  1.78084197]","[ 0.00000000e+00  3.06560634e-01  1.07322889e-04  2.57689132e-03
 -3.70648338e-05 -1.06958600e-01  8.27891374e-03  0.00000000e+00]","[ 0.          2.47367764 14.60804844  1.79322159  0.44148833 -2.13660669
  0.23832506 -0.01594826]"
1749855095.3509243,"[ 0.          0.26499099  1.25701576 -3.09549946 -2.15777088  1.33114459
  1.74264026  1.78084197]","[ 0.00000000e+00  3.10612101e-01  1.05040403e-04  6.01844342e-03
 -3.17698567e-05 -1.09929672e-01  1.18802722e-02  0.00000000e+00]","[ 0.          2.45135903 14.74309921  1.81871557  0.41605148 -2.0977459
  0.18347919 -0.01624752]"
1749855095.3557336,"[ 0.          0.26654121  1.25701709 -3.09543688 -2.15777194  1.33058133
  1.74270883  1.78084197]","[ 0.00000000e+00  3.10612101e-01  1.16477407e-04  1.67856817e-02
 -3.70648338e-05 -1.15604261e-01  1.40440136e-02  0.00000000e+00]","[ 0.          2.25237083 14.89047432  1.82149327  0.28427732 -2.06902456
  0.16396946 -0.0176516 ]"
1749855095.362578,"[ 0.          0.26779113  1.25701856 -3.0953418  -2.15777274  1.33009423
  1.74276769  1.78084197]","[ 0.00000000e+00  3.09801801e-01  1.27368109e-04  2.83602355e-02
 -4.23598089e-05 -1.27510447e-01  1.53955564e-02  0.00000000e+00]","[ 0.          2.04755569 14.97929096  1.73532033  0.13874462 -2.03012609
  0.13817044 -0.03648962]"
1749855095.3659904,"[ 0.          0.26998009  1.25702029 -3.09512635 -2.15777514  1.32909355
  1.74288474  1.78084197]","[ 0.00000000e+00  3.09197497e-01  1.27366841e-04  3.90830791e-02
 -6.08922258e-05 -1.52334978e-01  1.68810926e-02  0.00000000e+00]","[ 0.00000000e+00  1.80075765e+00  1.49258671e+01  1.54664886e+00
 -1.35216400e-01 -1.95947945e+00  1.72626108e-01 -5.23204729e-03]"
1749855095.3689647,"[ 0.          0.27088791  1.25702082 -3.09499319 -2.15777727  1.32865213
  1.74293893  1.78084197]","[ 0.00000000e+00  3.06020445e-01  1.19407600e-04  4.71444719e-02
 -8.20101635e-05 -1.39910499e-01  1.87622612e-02  0.00000000e+00]","[ 0.00000000e+00  1.66109252e+00  1.48720703e+01  1.45251167e+00
 -2.36537501e-01 -1.93896234e+00  1.39506921e-01 -1.41019765e-02]"
1749855095.3725133,"[ 0.          0.27181226  1.25702082 -3.09483074 -2.1577786   1.32823921
  1.7430103   1.78084104]","[ 0.00000000e+00  3.06020445e-01  1.06139030e-04  5.85517687e-02
 -9.53095680e-05 -1.33968346e-01  2.68322260e-02 -1.05899522e-05]","[ 0.          1.62049329 14.80208302  1.33895361 -0.31476125 -1.93172586
  0.12470856 -0.02702253]"
1749855095.3755941,"[ 0.          0.27305482  1.25702122 -3.09454871 -2.15777914  1.32770085
  1.74314732  1.78084104]","[ 0.00000000e+00  3.09801801e-01  9.55260799e-05  7.77880725e-02
 -1.00604543e-04 -1.35048741e-01  3.86183408e-02 -1.05900569e-05]","[ 0.          1.47565913 14.73453045  1.19912422 -0.23990718 -1.90083718
  0.08929949 -0.02408359]"
1749855095.3791404,"[ 0.          0.27399891  1.25702122 -3.09428852 -2.15777967  1.327287
  1.74328141  1.78084104]","[ 0.00000000e+00  3.11692479e-01  9.02181823e-05  8.88620706e-02
 -1.11194501e-04 -1.37922649e-01  4.91577426e-02 -1.06059783e-05]","[ 0.          1.32282972 14.59897041  1.04045236 -0.15868151 -1.87725532
  0.12734582 -0.02601448]"
1749855095.3826551,"[ 0.          0.27525939  1.25702122 -3.09391461 -2.157781    1.32670949
  1.74350685  1.78084104]","[ 0.00000000e+00  3.14714401e-01  7.69515634e-05  9.42640182e-02
 -1.24433170e-04 -1.46950316e-01  5.96915434e-02 -1.06059783e-05]","[ 0.          1.0922823  14.42110348  0.82214135 -0.09095489 -1.86258149
  0.08861429 -0.02288201]"
1749855095.386036,"[ 0.          0.27618603  1.25702122 -3.09362353 -2.1577818   1.32626914
  1.74370765  1.78084104]","[ 0.00000000e+00  3.13042968e-01  7.42980657e-05  9.65458563e-02
 -1.32274460e-04 -1.51254584e-01  6.86047607e-02 -1.05979587e-05]","[ 0.00000000e+00  9.47712839e-01  1.43232527e+01  6.63751602e-01
 -7.91151356e-03 -1.78449357e+00  9.51808169e-02 -2.67346464e-02]"
1749855095.392258,"[ 0.          0.27744789  1.25702122 -3.09323657 -2.15778286  1.32562319
  1.74398928  1.78084104]","[ 0.00000000e+00  3.14933646e-01  6.90433453e-05  9.40381738e-02
 -1.42964352e-04 -1.65839851e-01  6.96851469e-02 -1.05979587e-05]","[ 0.          0.64127052 14.36308098  0.5054329   0.14024162 -1.76402044
  0.10292705 -0.02441953]"
1749855095.3941247,"[ 0.          0.27870607  1.25702122 -3.09289116 -2.1577834   1.32490493
  1.74425946  1.78084104]","[ 0.00000000e+00  3.10612101e-01  6.37323187e-05  8.15694367e-02
 -1.42964352e-04 -1.85286870e-01  6.75243704e-02 -1.05979587e-05]","[ 0.          0.53795069 14.36688042  0.34751195  0.16415864 -1.74535656
  0.12321901 -0.02041601]"
1749855095.3980443,"[ 0.          0.27963914  1.25702122 -3.09266026 -2.1577842   1.32431411
  1.74446399  1.78084104]","[ 0.00000000e+00  3.07370934e-01  6.36840546e-05  7.44713717e-02
 -1.50906827e-04 -1.97711348e-01  6.92120946e-02 -1.05979587e-05]","[ 0.          0.47030687 14.32173443  0.34181523  0.13539566 -1.70270181
  0.08694227 -0.02271694]"
1749855095.402173,"[ 0.          0.2808606   1.25702176 -3.09238196 -2.15778659  1.323535
  1.74475601  1.78084104]","[ 0.00000000e+00  3.00888600e-01  7.42980657e-05  6.64439800e-02
 -1.69440910e-04 -1.90148620e-01  7.52305391e-02 -1.05979587e-05]","[ 0.          0.3850728  14.37180328  0.41327965  0.10513058 -1.73310864
  0.0490845  -0.02950916]"
1749855095.4055572,"[ 0.          0.2820522   1.25702215 -3.09210819 -2.15778872  1.32278346
  1.74507945  1.78084104]","[ 0.00000000e+00  2.94647616e-01  8.22585670e-05  6.79956001e-02
 -1.92792935e-04 -1.86367264e-01  8.52612771e-02 -1.05979587e-05]","[ 0.          0.4620406  14.52674007  0.57027715  0.07283017 -1.81918073
  0.03005983 -0.03849701]"
1749855095.411881,"[ 0.          0.28322908  1.25702442 -3.09182616 -2.15779059  1.32203098
  1.74544656  1.78084104]","[ 0.00000000e+00  2.90624878e-01  1.08792512e-04  7.13057304e-02
 -2.76366129e-04 -1.85286870e-01  9.40381738e-02 -1.05979587e-05]","[ 0.          0.58330017 14.72070599  0.76999533  0.10358498 -1.86248481
 -0.05898735 -0.05049465]"
1749855095.4158232,"[ 0.          0.28523254  1.25703001 -3.0913396  -2.15779432  1.32074015
  1.7461306   1.78084104]","[ 0.00000000e+00  2.82792055e-01  1.69567338e-04  6.80645635e-02
 -3.53415326e-04 -1.87987848e-01  9.16969806e-02 -1.05978530e-05]","[ 0.          0.99009687 14.94481373  1.10241103  0.04251782 -1.93628252
 -0.05924063 -0.04420243]"
1749855095.4199162,"[ 0.          0.28607011  1.25703321 -3.09113028 -2.15779565  1.32015785
  1.74637321  1.78084104]","[ 0.00000000e+00  2.82792055e-01  2.27678459e-04  6.98985826e-02
 -3.60640515e-04 -1.94596332e-01  7.83282698e-02 -1.06059783e-05]","[ 0.          1.30488515 15.04193974  1.18051875  0.10276055 -1.8909173
 -0.04853313 -0.07524531]"
1749855095.423899,"[ 0.          0.28720431  1.25703867 -3.09085464 -2.15779671  1.31938074
  1.7466595   1.78084104]","[ 0.00000000e+00  2.82251866e-01  3.08966998e-04  6.81448536e-02
 -3.68922745e-04 -1.90584030e-01  6.74559521e-02 -1.05979587e-05]","[ 0.00000000e+00  1.65468228e+00  1.51602020e+01  1.36480224e+00
  8.83850232e-02 -1.90542519e+00 -1.24429353e-02 -5.17017804e-02]"
1749855095.428028,"[ 0.          0.28834401  1.25704426 -3.09058646 -2.15779884  1.31862347
  1.74689452  1.78084104]","[ 0.00000000e+00  2.84142544e-01  6.47879409e-04  6.36951900e-02
 -4.03445401e-04 -1.88076348e-01  5.29391068e-02 -1.06059783e-05]","[ 0.          1.89479399 15.18476772  1.55682361  0.03427877 -1.96286309
 -0.03425451 -0.04516222]"
1749855095.432156,"[ 0.          0.28948877  1.25705065 -3.09033852 -2.15780124  1.31790042
  1.74708388  1.78084104]","[ 0.00000000e+00  2.86303333e-01  1.38413767e-03  6.05018351e-02
 -4.57041518e-04 -1.83396192e-01  4.53763743e-02 -1.06059783e-05]","[ 0.00000000e+00  2.16180849e+00  1.51774988e+01  1.72128356e+00
  7.78509825e-02 -2.01835251e+00 -3.97737930e-03 -8.01298916e-02]"
1749855095.4374442,"[ 0.          0.29096736  1.25705704 -3.09003172 -2.15780337  1.31697963
  1.74726457  1.78084104]","[ 0.00000000e+00  3.00653310e-01  1.53884353e-03  6.42180684e-02
 -4.82597754e-04 -1.80884498e-01  4.64567646e-02 -1.05979587e-05]","[ 0.          2.42170072 14.97954845  1.93437135  0.10097712 -2.05243111
 -0.03756192 -0.08588167]"
1749855095.4414806,"[ 0.          0.2924827   1.2570617  -3.08969057 -2.1578071   1.31605392
  1.74754234  1.78084104]","[ 0.00000000e+00  3.04669956e-01  1.34648814e-03  7.18459277e-02
 -5.07075592e-04 -1.90341666e-01  6.08794131e-02 -1.05979587e-05]","[ 0.          2.50267768 14.69221497  2.02809858  0.09757499 -1.99384892
 -0.02699936 -0.08193383]"
1749855095.4456823,"[ 0.          0.29372986  1.25706437 -3.08937845 -2.15781189  1.31526629
  1.74782397  1.78084104]","[ 0.00000000e+00  3.11962590e-01  9.61777221e-04  8.12993422e-02
 -6.01304779e-04 -1.97711348e-01  7.42274678e-02 -1.05979587e-05]","[ 0.          2.41856408 14.61705685  2.0129652   0.02121823 -1.98141229
 -0.04371981 -0.07474206]"
1749855095.448458,"[ 0.          0.29499629  1.25706769 -3.089012   -2.15781962  1.31449477
  1.74814648  1.78084104]","[ 0.00000000e+00  3.18444924e-01  7.94907552e-04  9.58846017e-02
 -9.80320976e-04 -1.87177547e-01  8.77816761e-02 -1.05979587e-05]","[ 0.          2.37798882 14.62665749  1.94973671 -0.11092778 -2.06246877
 -0.05299691 -0.0811144 ]"
1749855095.4559867,"[ 0.          0.29597297  1.25706996 -3.08870707 -2.1578292   1.31394203
  1.74843277  1.78084104]","[ 0.00000000e+00  3.23491315e-01  7.34777718e-04  1.01561229e-01
 -1.99568775e-03 -1.79344725e-01  9.64247990e-02 -1.05819570e-05]","[ 0.          2.2649281  14.57987595  1.84591615 -0.19370978 -2.08740091
 -0.06544488 -0.09408155]"
1749855095.4604661,"[ 0.          0.29857844  1.25707821 -3.0878759  -2.15788167  1.31261684
  1.74925568  1.78084011]","[ 0.00000000e+00  3.25497474e-01  8.85016154e-04  1.00808920e-01
 -9.31364025e-03 -1.50714395e-01  1.06958600e-01 -1.85186086e-05]","[ 0.          1.77279484 14.47408962  1.47351444 -0.16325432 -2.10095143
 -0.04827026 -0.09963485]"
1749855095.465369,"[ 0.          0.29988482  1.25708327 -3.08748787 -2.15793253  1.31202615
  1.74970842  1.78084011]","[ 0.00000000e+00  3.25246704e-01  1.00301825e-03  9.25335627e-02
 -1.43151660e-02 -1.46662928e-01  1.17762503e-01 -1.85184257e-05]","[ 0.00000000e+00  1.61630607e+00  1.45132456e+01  1.33792305e+00
  1.42660309e-02 -2.15419936e+00 -9.92099643e-02 -1.05201639e-01]"
1749855095.469252,"[ 0.          0.30151265  1.25709339 -3.08705857 -2.15802335  1.31126888
  1.75033919  1.78084011]","[ 0.00000000e+00  3.24243624e-01  1.51037644e-03  8.15694367e-02
 -2.07975050e-02 -1.53415373e-01  1.32347763e-01 -1.85186086e-05]","[ 0.          1.40686309 14.56561756  1.22541094  0.32965356 -2.15496922
 -0.08427067 -0.08863915]"
1749855095.473274,"[ 0.          0.30285301  1.25710844 -3.08673926 -2.15811336  1.31064863
  1.75085771  1.78084011]","[ 0.00000000e+00  3.20061929e-01  3.37727759e-03  7.94086560e-02
 -2.10645514e-02 -1.51371164e-01  1.23704640e-01 -1.05740785e-05]","[ 0.          1.37954772 14.56924057  1.15083015  0.48203832 -2.10826564
 -0.03866277 -0.07304304]"
1749855095.4773197,"[ 0.          0.30413782  1.25713055 -3.08641515 -2.15818793  1.31005794
  1.75129913  1.78084011]","[ 0.00000000e+00  3.19479030e-01  5.79138813e-03  7.91385615e-02
 -1.60340836e-02 -1.44772250e-01  1.00374458e-01 -1.05739739e-05]","[ 0.          1.39907384 14.54887199  1.14815772  0.4446643  -2.10098672
  0.02125888 -0.09935215]"
1749855095.4812741,"[ 0.          0.30541071  1.25716317 -3.08610436 -2.15823507  1.3094843
  1.7516235   1.78084011]","[ 0.00000000e+00  3.15203757e-01  8.96818457e-03  7.45469056e-02
 -9.02766461e-03 -1.42611461e-01  6.86047607e-02 -1.05820616e-05]","[ 0.          1.4553355  14.58320045  1.11527944  0.29271469 -2.08886194
  0.04047888 -0.10262953]"
1749855095.4847019,"[ 0.          0.30667898  1.25721643 -3.08581354 -2.1582617   1.30889734
  1.75185173  1.78084011]","[ 0.00000000e+00  3.15743946e-01  1.53955564e-02  7.18459277e-02
 -5.40743364e-03 -1.50291868e-01  5.02381288e-02 -1.05819570e-05]","[ 0.          1.58824897 14.5652914   1.12331355  0.05237038 -2.04672575
  0.0856842  -0.10684064]"
1749855095.488849,"[ 0.          0.30760609  1.25727382 -3.0855965  -2.15827608  1.3084406
  1.75198596  1.78084011]","[ 0.00000000e+00  3.12502779e-01  2.08137815e-02  7.26562194e-02
 -4.86175453e-03 -1.49634000e-01  4.05146197e-02 -1.05740785e-05]","[ 0.          1.61719441 14.44366169  1.13223231 -0.10901333 -1.99019444
  0.04450256 -0.10788205]"
1749855095.4921293,"[ 0.          0.30855478  1.25736424 -3.08530435 -2.15829792  1.30784512
  1.75213523  1.78084011]","[ 0.00000000e+00  3.13853268e-01  2.37685775e-02  7.06938358e-02
 -5.52814298e-03 -1.46662928e-01  3.45724769e-02 -1.05739739e-05]","[ 0.          1.6381073  14.14194775  1.16497111 -0.25647083 -1.9420532
  0.06816384 -0.0797307 ]"
1749855095.5002098,"[ 0.          0.30981665  1.25745332 -3.08502924 -2.15832934  1.30724777
  1.75226559  1.78084011]","[ 0.00000000e+00  3.12502779e-01  2.18778954e-02  6.53635897e-02
 -8.36877775e-03 -1.52334978e-01  3.29185062e-02 -1.05819570e-05]","[ 0.          1.73940575 13.93212128  1.19635177 -0.23698178 -1.98207915
  0.11264503 -0.07052676]"
1749855095.503653,"[ 0.          0.31232518  1.25764946 -3.08453443 -2.15845052  1.30595494
  1.75256999  1.78084011]","[ 0.00000000e+00  3.12502779e-01  2.59293582e-02  6.10420282e-02
 -2.05274085e-02 -1.51254584e-01  4.46367853e-02 -1.05819570e-05]","[ 0.00000000e+00  1.89910984e+00  1.36091766e+01  1.28931093e+00
  1.21865822e-02 -2.01911354e+00  7.02001080e-02 -7.73198530e-02]"
1749855095.5072024,"[ 0.          0.3132725   1.25772523 -3.08434188 -2.1585179   1.30551539
  1.75271846  1.78084011]","[ 0.00000000e+00  3.12502779e-01  2.32048487e-02  6.72542717e-02
 -2.26881871e-02 -1.41801177e-01  4.91506186e-02 -1.05820616e-05]","[ 0.          1.85973895 13.51369762  1.37435031  0.16233386 -2.09476161
  0.07718365 -0.09730487]"
1749855095.5100448,"[ 0.          0.31422578  1.25778209 -3.08412936 -2.15859113  1.30509115
  1.75286586  1.78084011]","[ 0.00000000e+00  3.13962125e-01  1.62058481e-02  7.25826079e-02
 -2.48260771e-02 -1.42611461e-01  5.02381288e-02 -1.05819570e-05]","[ 0.          1.86188781 13.60818768  1.40680134  0.36079216 -2.16306925
  0.06030291 -0.0924767 ]"
1749855095.512918,"[ 0.          0.315146    1.25782257 -3.08389527 -2.15867129  1.30464973
  1.75300475  1.78084011]","[ 0.00000000e+00  3.08948258e-01  1.15353491e-02  7.85983643e-02
 -2.89004307e-02 -1.45852644e-01  4.32155977e-02 -1.05739739e-05]","[ 0.          1.85617006 13.94898891  1.37915456  0.5012967  -2.23766923
  0.07813068 -0.07698713]"
1749855095.516918,"[ 0.          0.31638261  1.25785746 -3.08357143 -2.15881457  1.30419206
  1.75314656  1.78084011]","[ 0.00000000e+00  3.07911123e-01  7.77382236e-03  8.22962633e-02
 -3.99744266e-02 -1.52180631e-01  2.91705272e-02 -1.05820616e-05]","[ 0.          1.84289944 14.50597477  1.41164482  0.62778229 -2.23822117
  0.02592564 -0.08815678]"
1749855095.520401,"[ 0.          0.31731245  1.25788222 -3.08331923 -2.158944    1.3037336
  1.75321873  1.78084011]","[ 0.00000000e+00  3.05710387e-01  8.32237841e-03  8.47597373e-02
 -4.37557908e-02 -1.50444300e-01  2.15660871e-02 -1.05739739e-05]","[ 0.00000000e+00  1.91567802e+00  1.48622236e+01  1.36725235e+00
  6.57739222e-01 -2.22884750e+00 -1.05293160e-02 -1.04958966e-01]"
1749855095.5238652,"[ 0.          0.3185371   1.25793096 -3.08296343 -2.15914614  1.30310856
  1.75328638  1.78084011]","[ 0.00000000e+00  3.03049356e-01  1.53955564e-02  8.46771127e-02
 -5.21288109e-02 -1.56386445e-01  1.52968758e-02 -1.05740785e-05]","[ 0.00000000e+00  1.95507967e+00  1.52175035e+01  1.30580425e+00
  6.74893558e-01 -2.19234300e+00 -6.33309362e-03 -9.84231308e-02]"
1749855095.5296228,"[ 0.          0.31943805  1.25799288 -3.08271602 -2.15931099  1.30261867
  1.75332633  1.78084011]","[ 0.00000000e+00  3.04129767e-01  2.26881871e-02  7.87412928e-02
 -5.40194971e-02 -1.61996427e-01  1.35048743e-02 -1.05819570e-05]","[ 0.          1.97365713 15.37525082  1.29351807  0.67345542 -2.17928839
 -0.04134949 -0.11370081]"
1749855095.5371342,"[ 0.          0.32127021  1.2581757  -3.08230643 -2.15963349  1.30164076
  1.75341567  1.78084011]","[ 0.00000000e+00  3.01698867e-01  3.36029739e-02  6.10420282e-02
 -5.37493985e-02 -1.59357518e-01  1.66366331e-02 -1.05819570e-05]","[ 0.          1.97570014 15.15062809  1.34460592  0.73341703 -2.19852877
 -0.05704391 -0.10366216]"
1749855095.541289,"[ 0.          0.32371815  1.25852737 -3.0818702  -2.16001406  1.30044393
  1.75361168  1.78084011]","[ 0.00000000e+00  3.02779278e-01  5.11567654e-02  4.88876440e-02
 -5.40194971e-02 -1.42071272e-01  2.85876049e-02 -1.05819570e-05]","[ 0.00000000e+00  1.82899845e+00  1.42266178e+01  1.44062054e+00
  6.85454905e-01 -2.13349319e+00 -9.13342182e-03 -1.07002661e-01]"
1749855095.5449338,"[ 0.          0.32493774  1.25873497 -3.0817208  -2.16021326  1.29987029
  1.7537515   1.78084011]","[ 0.00000000e+00  3.04669956e-01  5.26613765e-02  4.88998487e-02
 -4.78072536e-02 -1.44772250e-01  3.86183408e-02 -1.05820616e-05]","[ 0.          1.79084289 13.60523224  1.48367453  0.6078459  -2.03372526
  0.05573521 -0.10355641]"
1749855095.5493026,"[ 0.          0.32615368  1.25893657 -3.08152585 -2.16039063  1.29930143
  1.75393233  1.78084011]","[ 0.00000000e+00  3.01698867e-01  4.85682852e-02  4.91506186e-02
 -4.10132176e-02 -1.39768736e-01  4.83474467e-02 -1.05820616e-05]","[ 0.          1.86460078 13.23592663  1.46526253  0.42663553 -2.00874853
  0.08978696 -0.08724234]"
1749855095.5531065,"[ 0.          0.3273779   1.2591166  -3.08130481 -2.16053471  1.29872979
  1.75416149  1.78084011]","[ 0.00000000e+00  3.06020445e-01  4.32155977e-02  5.96915434e-02
 -3.40322817e-02 -1.43691855e-01  6.36951900e-02 -1.05979587e-05]","[ 0.          1.92002034 13.21301746  1.42339396  0.04887079 -1.98859775
  0.10236995 -0.0994814 ]"
1749855095.557146,"[ 0.          0.32860392  1.25926534 -3.0810377  -2.16067532  1.29811513
  1.75444312  1.78084011]","[ 0.00000000e+00  3.03821606e-01  3.26817948e-02  6.95283367e-02
 -3.64631611e-02 -1.57196729e-01  7.34751581e-02 -1.05979587e-05]","[ 0.          1.91398454 13.57137966  1.35265696 -0.26689824 -1.92092407
  0.03029163 -0.09271903]"
1749855095.5601802,"[ 0.          0.32952554  1.2593443  -3.08082278 -2.16078771  1.29761858
  1.75467428  1.78084011]","[ 0.          0.30393136  0.02268819  0.07265622 -0.03711373 -0.16502955
  0.08291993  0.        ]","[ 0.          1.77802694 14.0426054   1.27878189 -0.40664995 -1.80212212
  0.04115029 -0.10571092]"
1749855095.5642982,"[ 0.          0.33074926  1.25941967 -3.08052024 -2.16094856  1.29698595
  1.75504247  1.78084011]","[ 0.          0.30342982  0.01782643  0.0753572  -0.04348569 -0.15233498
  0.09453411  0.        ]","[ 0.          1.69237542 14.75905514  1.15509653 -0.5596565  -1.77340543
 -0.09388407 -0.07332019]"
1749855095.5683188,"[ 0.          0.33165064  1.25947786 -3.08029467 -2.16109371  1.29654453
  1.75533169  1.78084011]","[ 0.          0.30466996  0.02052741  0.07400671 -0.05131852 -0.14143341
  0.09345373  0.        ]","[ 0.          1.67678106 15.29581642  1.14892578 -0.55540103 -1.80685031
 -0.1676667  -0.13540371]"
1749855095.5717568,"[ 0.          0.33288082  1.25957852 -3.08000439 -2.16131395  1.2959862
  1.75571878  1.78083918]","[ 0.00000000e+00  3.06020445e-01  2.75499417e-02  7.04240160e-02
 -5.51690631e-02 -1.37922649e-01  9.64247990e-02 -1.05979587e-05]","[ 0.          1.6049751  15.80096722  1.13016844 -0.25675273 -1.89807987
 -0.17808333 -0.12234084]"
1749855095.5756574,"[ 0.          0.33410135  1.25970196 -3.07973754 -2.16154671  1.29545437
  1.75607937  1.78083918]","[ 0.00000000e+00  3.01932859e-01  3.29185062e-02  6.31936502e-02
 -5.91513461e-02 -1.33832608e-01  8.48106036e-02 -1.05980643e-05]","[ 0.          1.45486343 15.87958527  1.14816642  0.26947597 -1.95547831
 -0.23967288 -0.10631602]"
1749855095.5792928,"[ 0.          0.33531452  1.25986361 -3.07951091 -2.16179065  1.29493492
  1.7564124   1.78083918]","[ 0.00000000e+00  3.01428789e-01  4.64567646e-02  5.59101792e-02
 -6.19151165e-02 -1.26405618e-01  8.10292395e-02 -1.05979587e-05]","[ 0.          1.24289179 15.71557999  1.17474747  0.77401417 -1.99433827
 -0.1922362  -0.13088323]"
1749855095.5827258,"[ 0.          0.33651347  1.26007214 -3.07931197 -2.16203726  1.29442226
  1.75672625  1.78083918]","[ 0.00000000e+00  2.95457083e-01  5.26690081e-02  4.56464729e-02
 -6.02317365e-02 -1.29106596e-01  7.42015519e-02 -1.05979587e-05]","[ 0.          1.08236802 15.16091633  1.24258053  1.13647175 -2.09435272
 -0.25080284 -0.14018936]"
1749855095.5869725,"[ 0.          0.33740294  1.26023792 -3.07917801 -2.16221623  1.29401599
  1.75695169  1.78083918]","[ 0.00000000e+00  2.91975367e-01  5.56705988e-02  4.40258894e-02
 -5.80121207e-02 -1.38019813e-01  7.80581670e-02 -1.05979587e-05]","[ 0.          0.95710462 14.7399168   1.28674674  1.26887667 -2.16720295
 -0.17856945 -0.13504843]"
1749855095.5897322,"[ 0.          0.33856604  1.26045457 -3.07899159 -2.16243088  1.29342996
  1.75728751  1.78083918]","[ 0.00000000e+00  2.86033222e-01  5.01536899e-02  4.72670564e-02
 -5.13185192e-02 -1.52334978e-01  8.33335978e-02 -1.05979587e-05]","[ 0.          0.92351472 14.24596214  1.33581734  1.23244941 -2.09125853
 -0.17647827 -0.14257292]"
1749855095.593229,"[ 0.          0.33942704  1.26059652 -3.07883659 -2.16258081  1.29295246
  1.75753199  1.78083918]","[ 0.00000000e+00  2.82365283e-01  4.75371550e-02  5.40194971e-02
 -4.78072536e-02 -1.58336578e-01  8.10292395e-02 -1.05979587e-05]","[ 0.          0.97741526 14.00196648  1.32931721  0.95919806 -2.00196075
 -0.18752125 -0.12884861]"
1749855095.5961456,"[ 0.          0.34056354  1.26078254 -3.07859531 -2.16274939  1.29234073
  1.75786502  1.78083918]","[ 0.00000000e+00  2.82866823e-01  4.53439919e-02  6.13121269e-02
 -3.86239376e-02 -1.45947236e-01  8.58909982e-02 -1.05979587e-05]","[ 0.          1.02073514 13.94502354  1.21519804  0.35517937 -1.84720933
 -0.12599482 -0.09923922]"
1749855095.6013596,"[ 0.          0.34141073  1.26092435 -3.07840543 -2.16286604  1.29193553
  1.75814185  1.78083918]","[ 0.00000000e+00  2.77862327e-01  4.56464729e-02  6.31342034e-02
 -3.93706464e-02 -1.32482128e-01  8.70558815e-02 -1.06059783e-05]","[ 0.          1.10405195 13.98579216  1.10471261 -0.12932201 -1.78763187
 -0.19878434 -0.12638865]"
1749855095.604275,"[ 0.          0.34249167  1.26112782 -3.07817    -2.16303355  1.29143233
  1.75848713  1.78083918]","[ 0.00000000e+00  2.73878837e-01  5.21288109e-02  5.59101792e-02
 -4.21352073e-02 -1.20463473e-01  8.58909982e-02 -1.05979587e-05]","[ 0.          1.2529335  14.20762157  0.99917924 -0.43428862 -1.68184912
 -0.12909427 -0.11246893]"
1749855095.608358,"[ 0.          0.34358776  1.26133954 -3.07795322 -2.16322929  1.29096041
  1.75884479  1.78083918]","[ 0.00000000e+00  2.70903104e-01  5.39647609e-02  5.14075353e-02
 -5.40194971e-02 -1.16682109e-01  8.85919761e-02 -1.05979587e-05]","[ 0.          1.40792215 14.17287445  0.89854795 -0.36216468 -1.67759347
 -0.13784732 -0.11508951]"
1749855095.6123028,"[ 0.          0.34466684  1.26154607 -3.07777133 -2.16346312  1.29051806
  1.75919487  1.78083918]","[ 0.00000000e+00  2.67666598e-01  4.80773522e-02  4.34856922e-02
 -5.88812517e-02 -1.04151994e-01  8.69713844e-02 -1.06059783e-05]","[ 0.00000000e+00  1.51604152e+00  1.41198549e+01  9.30134356e-01
  1.21332938e-02 -1.75301802e+00 -1.59605026e-01 -8.04002434e-02]"
1749855095.6164408,"[ 0.          0.34576753  1.26167603 -3.07759956 -2.16370733  1.29010234
  1.75945173  1.78083918]","[ 0.00000000e+00  2.69325331e-01  4.32155977e-02  4.21352073e-02
 -6.09367377e-02 -1.04257622e-01  8.29199257e-02 -1.06059783e-05]","[ 0.          1.60254991 14.13576126  0.98846912  0.43988049 -1.88712382
 -0.11873817 -0.10060281]"
1749855095.6215928,"[ 0.          0.34681448  1.26184407 -3.07745042 -2.16394062  1.28966279
  1.75973709  1.78083918]","[ 0.00000000e+00  2.64157517e-01  3.96214163e-02  3.15968251e-02
 -5.78008613e-02 -1.16682109e-01  6.26626158e-02 -1.06059783e-05]","[ 0.          1.70307517 14.25277328  1.10143232  0.75710875 -2.0104897
 -0.12102417 -0.12149686]"
1749855095.6255949,"[ 0.          0.34815761  1.26202184 -3.07732605 -2.16423251  1.28900073
  1.7600054   1.78083918]","[ 0.00000000e+00  2.65313978e-01  3.45374480e-02  2.15457992e-02
 -5.86111530e-02 -1.37792904e-01  4.72191652e-02 -1.05899522e-05]","[ 0.          1.82327545 14.49932766  1.26389706  0.93885976 -2.03926826
 -0.06698962 -0.10140459]"
1749855095.6290343,"[ 0.          0.34922155  1.26217431 -3.07725441 -2.16448045  1.28841763
  1.76016905  1.78083918]","[ 0.00000000e+00  2.64309950e-01  3.99744266e-02  1.50461080e-02
 -6.26921145e-02 -1.50444300e-01  3.67332556e-02 -1.05900569e-05]","[ 0.          1.93953454 14.66848183  1.40715742  0.9519223  -2.00429726
 -0.13530038 -0.10324544]"
1749855095.6325498,"[ 0.          0.34999759  1.26228403 -3.07722165 -2.16472066  1.28780963
  1.76028796  1.78083918]","[ 0.00000000e+00  2.62264642e-01  3.53469179e-02  9.44383346e-03
 -5.91813566e-02 -1.52334978e-01  2.70097486e-02 -1.05900569e-05]","[ 0.          2.03629684 14.78760624  1.52960372  0.86015522 -2.07372499
 -0.09415952 -0.12309449]"
1749855095.6361623,"[ 0.          0.35105327  1.26242358 -3.07720115 -2.16488525  1.28735303
  1.7603584   1.78083811]","[ 0.00000000e+00  2.62534753e-01  3.46060473e-02  3.24116978e-03
 -5.32092012e-02 -1.50714395e-01  2.21479940e-02 -2.11639139e-05]","[ 0.          2.19581842 14.97559357  1.71111619  0.69981182 -2.13382173
 -0.10553493 -0.11648154]"
1749855095.6396596,"[ 0.          0.35210435  1.26257511 -3.07719928 -2.16508525  1.28675661
  1.76043071  1.78083811]","[ 0.00000000e+00  2.61724453e-01  3.88546298e-02 -2.70097476e-04
 -4.91577426e-02 -1.45852644e-01  1.56656540e-02 -2.11641232e-05]","[ 0.          2.32335973 15.02890778  1.8497628   0.42112091 -2.12216067
 -0.17017287 -0.11988982]"
1749855095.643088,"[ 0.          0.35290746  1.2626863  -3.07719982 -2.16523039  1.28631426
  1.76047252  1.78083811]","[ 0.00000000e+00  2.66316109e-01  3.53827707e-02 -2.64925248e-04
 -4.69969619e-02 -1.44625560e-01  1.35048743e-02 -2.11639139e-05]","[ 0.          2.37171459 14.93680477  1.89797735  0.24087435 -2.05963802
 -0.1053504  -0.11737429]"
1749855095.64662,"[ 0.          0.35372758  1.26279509 -3.07719742 -2.16536675  1.28589468
  1.76051726  1.78083811]","[ 0.00000000e+00  2.71988159e-01  3.66960379e-02  3.07169689e-04
 -4.45660825e-02 -1.35414967e-01  1.48242365e-02 -2.11639139e-05]","[ 0.          2.36932373 14.87230587  1.95238233  0.1336233  -2.00907063
 -0.09388806 -0.10405386]"
1749855095.6500695,"[ 0.          0.35485536  1.26295208 -3.07719476 -2.16555423  1.28536485
  1.76059236  1.78083811]","[ 0.00000000e+00  2.69592396e-01  3.91198807e-02  4.48699081e-04
 -4.69969619e-02 -1.29106596e-01  2.05436704e-02 -2.11639139e-05]","[ 0.          2.28944397 14.77366352  1.99821639  0.1359856  -2.02678609
 -0.17749812 -0.12306529]"
1749855095.652982,"[ 0.          0.35567592  1.26306367 -3.07719156 -2.16568872  1.2849691
  1.76066187  1.78083811]","[ 0.00000000e+00  2.72019735e-01  3.61930625e-02  5.91904262e-04
 -4.31321742e-02 -1.32405745e-01  2.51190644e-02 -2.11799045e-05]","[ 0.          2.25863624 14.77447605  2.01616383  0.16948053 -2.06565857
 -0.14089249 -0.10879308]"
1749855095.6576455,"[ 0.          0.35676878  1.26320934 -3.07718836 -2.16586263  1.28443447
  1.76078744  1.78083811]","[ 0.00000000e+00  2.71447970e-01  3.72734528e-02  7.08681990e-04
 -4.35926639e-02 -1.34411896e-01  3.67332556e-02 -2.11799045e-05]","[ 0.          2.15349221 14.64414692  2.04144979  0.19254729 -2.13150048
 -0.13466109 -0.12116033]"
1749855095.6604967,"[ 0.          0.35786257  1.26336088 -3.07718597 -2.16602721  1.28391502
  1.76095575  1.78083811]","[ 0.00000000e+00  2.74419043e-01  3.72734528e-02  7.41282177e-04
 -3.83927794e-02 -1.26277545e-01  4.42959881e-02 -2.11799045e-05]","[ 0.          2.09297061 14.45667076  1.91056907  0.16162582 -2.06827903
 -0.17090282 -0.12968731]"
1749855095.6639597,"[ 0.          0.35869737  1.26347153 -3.07718543 -2.1661388   1.28356402
  1.7610965   1.78083811]","[ 0.00000000e+00  2.75845299e-01  3.61930625e-02  6.62379008e-04
 -3.68629640e-02 -1.09929672e-01  4.72670564e-02 -2.11641232e-05]","[ 0.          1.972754   14.38938522  1.80513012  0.08676514 -2.05192828
 -0.07013188 -0.09466839]"
1749855095.6680088,"[ 0.          0.3595097   1.26358858 -3.07718543 -2.16625038  1.28326055
  1.76124404  1.78083811]","[ 0.00000000e+00  2.72798443e-01  4.01229520e-02  5.69645996e-04
 -3.78136459e-02 -9.47904752e-02  4.80773522e-02 -2.11639139e-05]","[ 0.          1.94931984 14.24537468  1.67761803  0.09773414 -2.06059289
 -0.04274387 -0.10751498]"
1749855095.6720939,"[ 0.          0.3606035   1.26379018 -3.07718597 -2.16643547  1.28283724
  1.76148186  1.78083811]","[ 0.00000000e+00  2.71712572e-01  3.78136459e-02  3.17941935e-04
 -3.56091228e-02 -7.99488533e-02  4.64567646e-02 -1.05819570e-05]","[ 0.          1.83758259 14.12027073  1.50602448  0.27131945 -2.12683058
 -0.04519031 -0.11209641]"
1749855095.6773891,"[ 0.          0.36169589  1.26392467 -3.07718597 -2.16658914  1.28251846
  1.76166735  1.78083811]","[ 0.00000000e+00  2.70637670e-01  3.28506684e-02  1.58963052e-04
 -4.13249156e-02 -7.45469056e-02  4.42959881e-02 -1.05819570e-05]","[ 0.          1.64958596 13.98098278  1.30659747  0.47284159 -2.14354157
  0.02650876 -0.08509853]"
1749855095.6814826,"[ 0.          0.36303766  1.26408126 -3.0771865  -2.16681151  1.28214948
  1.76184524  1.78083811]","[ 0.00000000e+00  2.66856298e-01  2.83602355e-02  0.00000000e+00
 -4.48361812e-02 -7.50870946e-02  2.80901368e-02 -1.05819570e-05]","[ 0.          1.41572356 13.78082657  1.05426729  0.68472075 -2.09523082
  0.0783807  -0.10292315]"
1749855095.6849625,"[ 0.          0.36410572  1.26417727 -3.0771873  -2.16700166  1.28185267
  1.76192607  1.78083811]","[ 0.00000000e+00  2.64155337e-01  2.18778954e-02 -5.50239900e-05
 -4.86175453e-02 -7.13057304e-02  1.62058481e-02 -1.05819570e-05]","[ 0.          1.41882586 13.80478764  0.86502427  0.85007179 -2.10072041
  0.20547855 -0.0901174 ]"
1749855095.6885352,"[ 0.          0.36490014  1.26424385 -3.0771873  -2.16714441  1.28165373
  1.76195364  1.78083811]","[ 0.00000000e+00  2.60914170e-01  2.25691605e-02 -7.14339891e-05
 -4.53890909e-02 -6.26626158e-02  5.67204678e-03 -1.05899522e-05]","[ 0.          1.42256868 13.93466282  0.7476005   0.95312297 -2.18328762
  0.14642909 -0.08085945]"
1749855095.6921217,"[ 0.          0.36594523  1.26435131 -3.0771873  -2.16731059  1.28145879
  1.76196509  1.78083811]","[ 0.00000000e+00  2.62534753e-01  2.98414461e-02 -6.62383705e-05
 -4.18651087e-02 -6.75243704e-02  2.97107219e-03 -1.05819570e-05]","[ 0.          1.41104972 13.9887886   0.68917018  0.98822361 -2.21560359
  0.15335922 -0.09163336]"
1749855095.695635,"[ 0.          0.3667277   1.26444492 -3.0771873  -2.16744242  1.2812247
  1.76198133  1.78083811]","[ 0.00000000e+00  2.67396504e-01  3.16014045e-02 -6.39941242e-05
 -4.07196873e-02 -8.17505150e-02  4.36147816e-03 -1.05900569e-05]","[ 0.          1.31482112 13.96255207  0.65083057  1.02040195 -2.21413326
  0.17574376 -0.10451353]"
1749855095.7030585,"[ 0.          0.36782699  1.26456662 -3.0771873  -2.16760487  1.28084999
  1.76201742  1.78083811]","[ 0.00000000e+00  2.69325331e-01  2.89004307e-02 -5.97925706e-05
 -4.18651087e-02 -1.01286549e-01  9.00745891e-03 -1.05899522e-05]","[ 0.          1.0894109  13.8982935   0.60058731  1.05361187 -2.09234738
  0.15126453 -0.08459494]"
1749855095.705873,"[ 0.          0.36973311  1.26476689 -3.0771873  -2.16793137  1.27998992
  1.76210584  1.78083811]","[ 0.00000000e+00  2.74419043e-01  2.86303320e-02 -3.89203097e-05
 -4.61866702e-02 -1.34411896e-01  1.35172642e-02 -1.05819570e-05]","[ 0.          0.71606004 14.02586651  0.71154499  0.86165464 -2.0459578
  0.11161121 -0.09130692]"
1749855095.710852,"[ 0.          0.37083147  1.26487435 -3.07718677 -2.16812019  1.27942959
  1.76216869  1.78083811]","[ 0.00000000e+00  2.72252228e-01  2.56592596e-02 -2.27471550e-05
 -4.75371550e-02 -1.39928809e-01  1.68810926e-02 -1.05820616e-05]","[ 0.          0.47518203 14.13963795  0.80016035  0.67388648 -2.00938582
  0.07709057 -0.08945521]"
1749855095.7149935,"[ 0.          0.37223016  1.26497768 -3.0771873  -2.16830155  1.27875235
  1.76229039  1.78083811]","[ 0.00000000e+00  2.73588386e-01  1.94470181e-02 -2.14057526e-05
 -4.37557908e-02 -1.32077668e-01  2.80901368e-02 -1.05899522e-05]","[ 0.          0.23116276 14.46518612  0.79387575  0.48326594 -1.95119607
  0.03480335 -0.09665459]"
1749855095.7179163,"[ 0.          0.37303007  1.26504107 -3.07718677 -2.16843924  1.27836419
  1.76238267  1.78083811]","[ 0.00000000e+00  2.68746993e-01  2.26881871e-02 -6.93784480e-06
 -4.61413964e-02 -1.27486012e-01  3.13165690e-02 -1.05819570e-05]","[ 0.          0.1680415  14.67601395  0.79744774  0.44428703 -1.96146834
 -0.01504689 -0.11464829]"
1749855095.7220652,"[ 0.          0.37384011  1.26512136 -3.07718677 -2.16857745  1.2779799
  1.76247974  1.78083811]","[ 0.00000000e+00  2.66856298e-01  2.85876049e-02  0.00000000e+00
 -4.64567646e-02 -1.27139610e-01  3.37621852e-02 -1.05820616e-05]","[ 0.          0.18324123 14.83310986  0.82917297  0.41363481 -1.94283295
 -0.02813414 -0.10333137]"
1749855095.7254844,"[ 0.          0.3749054   1.26524533 -3.07718677 -2.16875882  1.27746711
  1.76262528  1.78083811]","[ 0.00000000e+00  2.63615131e-01  3.05937517e-02  0.00000000e+00
 -4.56002254e-02 -1.31267377e-01  3.67332556e-02 -1.05819570e-05]","[ 0.          0.32389435 14.75264359  0.85281342  0.47845185 -1.92118132
 -0.03255166 -0.09212016]"
1749855095.729028,"[ 0.          0.37595602  1.26537023 -3.07718677 -2.16894391  1.27695245
  1.76277655  1.78083811]","[ 0.00000000e+00  2.61724453e-01  3.15968251e-02  0.00000000e+00
 -4.42959881e-02 -1.25325232e-01  3.86239376e-02 -1.05978530e-05]","[ 0.          0.56429803 14.67952538  0.80473179  0.5524925  -1.89735782
 -0.02118854 -0.0954063 ]"
1749855095.7319052,"[ 0.          0.37675274  1.26547316 -3.0771873  -2.1690712   1.27658241
  1.76290598  1.78083811]","[ 0.00000000e+00  2.62805347e-01  3.59229638e-02 -1.05739739e-05
 -4.10548170e-02 -1.19653181e-01  4.42959881e-02 -1.05979587e-05]","[ 0.00000000e+00  6.96082234e-01  1.46259842e+01  7.72782087e-01
  6.38306558e-01 -1.93517005e+00  5.48675703e-03 -9.66689214e-02]"
1749855095.735541,"[ 0.          0.37752922  1.26558382 -3.0771873  -2.16919557  1.27622088
  1.76305911  1.78083811]","[ 0.00000000e+00  2.60914170e-01  3.59229638e-02 -1.03709686e-05
 -4.10548170e-02 -1.20463473e-01  5.40194971e-02 -1.06058726e-05]","[ 0.          0.89686072 14.46125507  0.80732244  0.64837182 -1.99874985
 -0.02615262 -0.10061657]"
1749855095.7390013,"[ 0.          0.37857571  1.26570592 -3.07718677 -2.16935084  1.27571102
  1.7633008   1.78083811]","[ 0.          0.25929357  0.02700975  0.         -0.03646316 -0.1282963
  0.06374301  0.        ]","[ 0.00000000e+00  1.16015422e+00  1.42810974e+01  8.33673000e-01
  7.40841925e-01 -2.01263189e+00  4.36177384e-03 -8.86246338e-02]"
1749855095.7425766,"[ 0.          0.37937379  1.26577983 -3.07718677 -2.1694531   1.27530476
  1.7634996   1.78083718]","[ 0.00000000e+00  2.64155337e-01  2.33214660e-02  0.00000000e+00
 -3.43023804e-02 -1.34411896e-01  6.62028724e-02 -1.05979587e-05]","[ 0.          1.31399322 14.27881241  0.88191938  0.74632555 -2.01416445
  0.04580021 -0.10955871]"
1749855095.7460136,"[ 0.          0.38045057  1.26586065 -3.07718677 -2.16960064  1.27477971
  1.76377257  1.78083718]","[ 0.00000000e+00  2.69017087e-01  1.85568669e-02  0.00000000e+00
 -3.83538432e-02 -1.25198249e-01  6.94150525e-02 -1.06059783e-05]","[ 0.          1.53025329 14.29121113  0.98191065  0.61191863 -1.99175322
  0.04325115 -0.10048076]"
1749855095.7494283,"[ 0.          0.38127209  1.26590846 -3.07718677 -2.16971995  1.27441619
  1.76399135  1.78083718]","[ 0.00000000e+00  2.71080704e-01  1.53955564e-02  0.00000000e+00
 -3.97043280e-02 -1.17359642e-01  7.23861249e-02 -1.05979587e-05]","[ 0.          1.59804142 14.37355423  1.07768047  0.55425566 -1.99911094
  0.02520125 -0.08167881]"
1749855095.7528207,"[ 0.          0.38237827  1.26595573 -3.0771865  -2.169888    1.27397291
  1.76427005  1.78083718]","[ 0.00000000e+00  2.76587938e-01  9.18331389e-03  1.18466263e-05
 -4.42959881e-02 -1.11707058e-01  6.53635897e-02 -1.05979587e-05]","[ 0.          1.60806465 14.60769081  1.18823075  0.64628625 -2.02983665
  0.02900292 -0.09632358]"
1749855095.7597659,"[ 0.          0.38319469  1.2659745  -3.07718597 -2.17003048  1.27362377
  1.76446793  1.78083718]","[ 0.00000000e+00  2.75769515e-01  4.59165694e-03  1.91624652e-05
 -4.72670564e-02 -1.15871817e-01  6.45532979e-02 -1.06059783e-05]","[ 0.          1.52707314 14.70771885  1.26829505  0.70594501 -2.01926994
  0.02969859 -0.10320764]"
1749855095.7632685,"[ 0.          0.38517059  1.26598369 -3.07718543 -2.17035725  1.27275997
  1.76487326  1.78083718]","[ 0.00000000e+00  2.83602355e-01  2.60074325e-04  2.53603331e-05
 -4.71444719e-02 -1.23704640e-01  5.21288109e-02 -1.06059783e-05]","[ 0.          1.25913894 15.05145454  1.47542143  0.85225117 -1.98556948
  0.05373899 -0.092733  ]"
1749855095.7657082,"[ 0.          0.386027    1.26598556 -3.0771849  -2.17048721  1.27237861
  1.76503971  1.78083718]","[ 0.00000000e+00  2.81711677e-01  5.40058023e-04  3.17538621e-05
 -4.24053018e-02 -1.27771603e-01  5.26613765e-02 -1.06059783e-05]","[ 0.00000000e+00  1.11511159e+00  1.51398067e+01  1.46093929e+00
  7.42964625e-01 -1.95295656e+00 -1.22892705e-03 -1.04097426e-01]"
1749855095.7686284,"[ 0.          0.38687418  1.26598875 -3.0771849  -2.17061078  1.27199045
  1.76520243  1.78083718]","[ 0.00000000e+00  2.78854521e-01  7.63083427e-04  3.13132982e-05
 -4.05146197e-02 -1.33158055e-01  5.61233528e-02 -1.06059783e-05]","[ 0.          1.03842449 15.24933434  1.46898532  0.55442715 -1.97274256
 -0.04962086 -0.12754706]"
1749855095.7727556,"[ 0.          0.38772646  1.26599381 -3.0771849  -2.17073435  1.27156142
  1.76539164  1.78083718]","[ 0.00000000e+00  2.81111434e-01  1.06377519e-03  3.09150655e-05
 -4.05146197e-02 -1.46514323e-01  6.45532979e-02 -1.06060839e-05]","[ 0.          1.05740309 15.34960461  1.42208099  0.39823195 -1.94045925
 -0.0616961  -0.09758113]"
1749855095.7790244,"[ 0.          0.38884962  1.26600207 -3.0771849  -2.17089494  1.27095448
  1.76568752  1.78083718]","[ 0.00000000e+00  2.77840606e-01  1.40821600e-03  3.01194413e-05
 -4.04735738e-02 -1.54495751e-01  7.80581670e-02 -1.06059783e-05]","[ 0.          1.12263501 15.24529266  1.35483611  0.20049421 -1.84341383
 -0.06465659 -0.10606752]"
1749855095.7825394,"[ 0.          0.39054082  1.26601032 -3.0771849  -2.17117004  1.27003742
  1.76614612  1.78083718]","[ 0.00000000e+00  2.84952844e-01  1.62243974e-03  2.90396411e-05
 -4.80773522e-02 -1.44944174e-01  1.01183926e-01 -1.05979587e-05]","[ 0.          1.19587421 15.02547264  1.21304679  0.1603798  -1.77228725
 -0.07875177 -0.07637118]"
1749855095.7861507,"[ 0.          0.39167823  1.26601219 -3.0771849  -2.17136019  1.26949613
  1.7665637   1.78083718]","[ 0.00000000e+00  2.83062166e-01  9.14567359e-04  2.83620093e-05
 -4.69969619e-02 -1.33158055e-01  9.93043086e-02 -1.06059783e-05]","[ 0.          1.28846383 14.80239391  1.1138041   0.2908785  -1.8608849
 -0.04235793 -0.12411555]"
1749855095.7894943,"[ 0.          0.39254012  1.26601179 -3.07718543 -2.17150107  1.2690956
  1.76685012  1.78083718]","[ 0.00000000e+00  2.84604968e-01  3.53986839e-04  2.20395192e-05
 -4.50605775e-02 -1.32213664e-01  9.65969224e-02 -1.06059783e-05]","[ 0.          1.29988611 14.55418205  1.03434169  0.42657131 -1.96546376
  0.0748651  -0.09741791]"
1749855095.7930179,"[ 0.          0.3936973   1.26601179 -3.07718543 -2.17166193  1.2685571
  1.76720872  1.78083718]","[ 0.00000000e+00  2.88383728e-01  0.00000000e+00  2.15371511e-05
 -3.72734528e-02 -1.38019813e-01  8.40003119e-02 -1.06059783e-05]","[ 0.          1.29193151 14.1947155   0.95405614  0.61468542 -1.9743911
  0.10760254 -0.12825377]"
1749855095.7993524,"[ 0.          0.39455967  1.26601126 -3.07718543 -2.17177431  1.26813859
  1.7674484   1.78083718]","[ 0.00000000e+00  2.91975367e-01 -4.36083363e-05  2.10395903e-05
 -3.77753338e-02 -1.36939419e-01  7.72478753e-02 -1.05980643e-05]","[ 0.          1.36854374 13.99984932  0.93085551  0.71339267 -1.93618047
  0.15557033 -0.08915666]"
1749855095.8034556,"[ 0.          0.39634958  1.26601126 -3.07718543 -2.17200361  1.26725668
  1.76789555  1.78083718]","[ 0.00000000e+00  2.94903712e-01 -7.50873669e-05  1.47007642e-05
 -3.96641018e-02 -1.54829112e-01  6.94150525e-02 -1.06059783e-05]","[ 0.          1.23281133 13.92690468  0.94909531  0.979038   -1.99317551
  0.19169468 -0.09029693]"
1749855095.8074179,"[ 0.          0.3978268   1.26601126 -3.07718543 -2.17223397  1.26638436
  1.76822658  1.78083718]","[ 0.00000000e+00  2.95996706e-01 -3.32770341e-05  2.01262357e-05
 -4.96979357e-02 -1.84206475e-01  6.26921145e-02 -1.06059783e-05]","[ 0.          1.08736253 13.97673798  1.02542984  1.0809226  -2.01264095
  0.21622893 -0.08418038]"
1749855095.8114512,"[ 0.          0.39902159  1.26601126 -3.07718543 -2.17243371  1.26563761
  1.76846533  1.78083718]","[ 0.00000000e+00  2.96296945e-01 -3.12046522e-05  1.40987064e-05
 -4.94278371e-02 -1.85286870e-01  5.46675233e-02 -1.05820616e-05]","[ 0.          1.00536692 13.89800453  1.04808199  0.97621316 -1.99608862
  0.22429514 -0.08833249]"
1749855095.815475,"[ 0.          0.4002063   1.26601126 -3.07718543 -2.17264224  1.26491177
  1.76863378  1.78083718]","[ 0.00000000e+00  2.93866044e-01  0.00000000e+00  1.38102108e-05
 -5.06552298e-02 -1.79882367e-01  3.51075830e-02 -1.05820616e-05]","[ 0.          0.89183807 13.91203213  1.07818031  0.84862065 -1.94872272
  0.28905514 -0.10188588]"
1749855095.8195543,"[ 0.          0.40138412  1.26601179 -3.07718543 -2.17284144  1.2641802
  1.76872512  1.78083718]","[ 0.00000000e+00  2.90624878e-01  2.40455151e-05  1.36597578e-05
 -5.01536899e-02 -1.83562506e-01  1.52968758e-02 -1.05819570e-05]","[ 0.          0.94156706 14.14746571  1.08075595  0.75591075 -1.91795802
  0.31990317 -0.10804967]"
1749855095.8229113,"[ 0.          0.40255048  1.26601219 -3.07718543 -2.17304624  1.26344383
  1.76873937  1.78083718]","[ 0.00000000e+00  2.90084689e-01  4.60415958e-05  1.35229770e-05
 -5.15886178e-02 -1.82585892e-01 -1.00307384e-03 -1.05899522e-05]","[ 0.          0.96550113 14.38852596  1.07000017  0.69434482 -1.88182795
  0.26242983 -0.10333447]"
1749855095.8259063,"[ 0.          0.40343302  1.26601259 -3.07718543 -2.1731991   1.26287592
  1.76873458  1.78083718]","[ 0.00000000e+00  2.90367217e-01  5.28698675e-05  1.33786855e-05
 -5.07268771e-02 -1.88076348e-01 -1.45708890e-03 -1.05899522e-05]","[ 0.          0.97205597 14.49166203  1.07720232  0.60828477 -1.80508029
  0.28561273 -0.10043088]"
1749855095.8293269,"[ 0.          0.4042839   1.26601259 -3.07718543 -2.17335543  1.26230334
  1.76873644  1.78083625]","[ 0.00000000e+00  2.87383711e-01  5.08780598e-05  1.32574726e-05
 -5.13185192e-02 -1.96431733e-01  2.64925248e-04 -1.85325998e-05]","[ 0.          1.05748904 14.56064701  1.07085693  0.55414689 -1.71682608
  0.23156564 -0.08970311]"
1749855095.8329213,"[ 0.          0.40542317  1.26601405 -3.07718543 -2.17355091  1.26148894
  1.76874217  1.78083625]","[ 0.00000000e+00  2.83854656e-01  9.14201808e-05  1.85606472e-05
 -4.77588132e-02 -2.03653493e-01  8.27891414e-04 -1.85324169e-05]","[ 0.          1.23885429 14.70696545  1.0230459   0.47806242 -1.59920025
  0.28277913 -0.06483336]"
1749855095.8369832,"[ 0.          0.4065615   1.26601592 -3.07718543 -2.17373973  1.26070038
  1.76874696  1.78083625]","[ 0.00000000e+00  2.81711677e-01  1.44597310e-04  1.32574726e-05
 -4.51062798e-02 -1.90148620e-01  1.22346362e-03 -1.85184257e-05]","[ 0.          1.40145516 14.83308983  1.02653408  0.38739213 -1.69662189
  0.25663128 -0.10623387]"
1749855095.8410585,"[ 0.          0.40741511  1.26601765 -3.0771849  -2.17385957  1.26014098
  1.76874789  1.78083625]","[ 0.00000000e+00  2.81598592e-01  1.76631477e-04  1.85604623e-05
 -3.68282846e-02 -1.81158737e-01  1.10394672e-03 -1.85184257e-05]","[ 0.          1.42824137 14.8981905   1.08375657  0.35904211 -1.77828932
  0.22369614 -0.09575918]"
1749855095.8445444,"[ 0.          0.40887123  1.26602098 -3.0771849  -2.17402495  1.25920675
  1.76875455  1.78083625]","[ 0.00000000e+00  2.81711677e-01  2.32742936e-04  1.85604623e-05
 -3.12995622e-02 -1.77724141e-01  1.08158299e-03 -1.05899522e-05]","[ 0.          1.48282957 14.97089481  1.10922074  0.36315027 -1.8246299
  0.28397858 -0.10428871]"
1749855095.8485644,"[ 0.          0.40971751  1.26602271 -3.0771849  -2.17411337  1.2586873
  1.76876028  1.78083625]","[ 0.00000000e+00  2.78091143e-01  2.58921790e-04  1.85604623e-05
 -2.80860672e-02 -1.69081018e-01  1.19223779e-03 -1.05820616e-05]","[ 0.          1.48203826 14.94143581  1.16520965  0.41714978 -1.80286098
  0.26757866 -0.08439214]"
1749855095.8516204,"[ 0.          0.41083424  1.26602457 -3.07718464 -2.17421723  1.25801485
  1.7687688   1.78083625]","[ 0.00000000e+00  2.78592200e-01  2.75986680e-04  1.85602774e-05
 -2.50532552e-02 -1.69621207e-01  1.37774842e-03 -1.05819570e-05]","[ 0.          1.57500875 14.87843227  1.24707031  0.46612471 -1.85893714
  0.30547035 -0.10734552]"
1749855095.8550768,"[ 0.          0.41165803  1.2660255  -3.07718464 -2.17429792  1.25748488
  1.76877639  1.78083625]","[ 0.00000000e+00  2.78470493e-01  2.80425694e-04  1.32675109e-05
 -2.83602355e-02 -1.76643747e-01  1.52431383e-03 -1.05819570e-05]","[ 0.          1.67811012 14.88519955  1.31460524  0.56598842 -1.8846637
  0.29589897 -0.10501777]"
1749855095.8597054,"[ 0.          0.41277066  1.26602737 -3.07718357 -2.17443028  1.25695504
  1.76878691  1.78083625]","[ 0.00000000e+00  2.75769515e-01  2.99624348e-04  2.38812822e-05
 -3.48425735e-02 -1.79344725e-01  2.10928847e-03 -1.05820616e-05]","[ 0.          1.7283709  14.86152458  1.41336477  0.81808633 -1.97373319
  0.29093897 -0.08932592]"
1749855095.8638241,"[ 0.          0.41388007  1.2660283  -3.07718277 -2.17457303  1.25624917
  1.76880595  1.78083625]","[ 0.00000000e+00  2.75769515e-01  3.02390336e-04  2.65149452e-05
 -3.53827707e-02 -1.74482974e-01  3.38947768e-03 -1.05819570e-05]","[ 0.          1.77480733 14.77058792  1.4891361   1.03230083 -2.00090075
  0.32180893 -0.11511946]"
1749855095.868517,"[ 0.          0.41498118  1.2660287  -3.07718171 -2.17476451  1.25537685
  1.76885255  1.78083625]","[ 0.00000000e+00  2.73878837e-01  3.01298706e-04  3.18420273e-05
 -4.05146197e-02 -1.68982315e-01  9.66977147e-03 -1.05819570e-05]","[ 0.          1.80164778 14.60056782  1.51585984  1.19401765 -2.06171155
  0.3298282  -0.11214501]"
1749855095.8719978,"[ 0.          0.41609429  1.26602963 -3.07718144 -2.17491738  1.25469562
  1.76891634  1.78083625]","[ 0.00000000e+00  2.79267661e-01  3.28961089e-04  3.44958724e-05
 -3.48425735e-02 -1.67830415e-01  1.71649055e-02 -1.05819570e-05]","[ 0.          1.8909806  14.59135532  1.52006996  1.33649004 -2.08807135
  0.34899473 -0.11610623]"
1749855095.8778377,"[ 0.          0.41694606  1.26602963 -3.07718091 -2.17501565  1.25419627
  1.7689724   1.78083625]","[ 0.00000000e+00  2.79857617e-01  3.32856125e-04  3.97724188e-05
 -3.16014045e-02 -1.69621207e-01  1.94470181e-02 -1.05900569e-05]","[ 0.          1.86791611 14.57092667  1.49646688  1.27152205 -2.09302449
  0.3899737  -0.12793058]"
1749855095.8818822,"[ 0.          0.41862119  1.2660315  -3.07718091 -2.17520899  1.25314499
  1.76909996  1.78083625]","[ 0.00000000e+00  2.80901377e-01  3.60632876e-04  3.97724188e-05
 -2.98414461e-02 -1.77544062e-01  2.15660871e-02 -1.05819570e-05]","[ 0.          1.86064756 14.76343441  1.3592242   0.98034018 -2.06379533
  0.39937204 -0.08030973]"
1749855095.8852537,"[ 0.          0.41975171  1.26603336 -3.07718091 -2.17532218  1.2524049
  1.76919118  1.78083625]","[ 0.00000000e+00  2.80077128e-01  3.61213719e-04  3.97724188e-05
 -2.83101784e-02 -1.84206475e-01  2.30706982e-02 -1.05820616e-05]","[ 0.          1.88270068 14.81854343  1.28802526  0.7739315  -1.98731935
  0.39992714 -0.07586151]"
1749855095.8889298,"[ 0.          0.42088868  1.26603602 -3.07718091 -2.17544521  1.25169051
  1.76927493  1.78083625]","[ 0.00000000e+00  2.85493033e-01  3.57401647e-04  4.50749605e-05
 -3.28506684e-02 -1.73672674e-01  1.95599403e-02 -1.05819570e-05]","[ 0.          1.86543727 14.88521576  1.18488324  0.64683127 -2.0245955
  0.43420553 -0.06520868]"
1749855095.8939905,"[ 0.          0.42175746  1.26603842 -3.07718091 -2.17554748  1.25101513
  1.76935296  1.78083625]","[ 0.00000000e+00  2.86552904e-01  3.68930742e-04  4.51095382e-05
 -3.48425735e-02 -1.63783059e-01  1.95599403e-02 -1.05820616e-05]","[ 0.          1.77267039 14.89912796  1.11631322  0.72365159 -2.06416059
  0.43468088 -0.09283131]"
1749855095.897844,"[ 0.          0.42346059  1.26604255 -3.07718144 -2.17570514  1.25022457
  1.76944897  1.78083625]","[ 0.00000000e+00  2.83315000e-01  3.91980414e-04  3.97724188e-05
 -2.68069842e-02 -1.51254584e-01  1.88076348e-02 -1.05819570e-05]","[ 0.          1.47091222 14.82200336  0.99602127  0.98537153 -2.1283617
  0.41957271 -0.07567158]"
1749855095.9008586,"[ 0.          0.42431929  1.26604388 -3.07718144 -2.17577758  1.24979354
  1.76951661  1.78083625]","[ 0.00000000e+00  2.83062166e-01  3.94168290e-04  3.97720206e-05
 -2.37685775e-02 -1.39910499e-01  2.33214660e-02 -1.05819570e-05]","[ 0.          1.37896168 14.71949482  0.98671633  0.97254181 -2.16949749
  0.44555774 -0.08565583]"
1749855095.9041846,"[ 0.          0.42517017  1.26604481 -3.07718144 -2.17584469  1.24937688
  1.76959651  1.78083625]","[ 0.00000000e+00  2.80609894e-01  3.89402785e-04  3.97724188e-05
 -2.10676037e-02 -1.36919578e-01  2.91705272e-02 -1.05979587e-05]","[ 0.          1.17742777 14.73347092  0.95586294  1.03693581 -2.19018888
  0.41758823 -0.08396173]"
1749855095.9070213,"[ 0.          0.42601416  1.26604668 -3.07718144 -2.17589982  1.24896316
  1.76969824  1.78083625]","[ 0.00000000e+00  2.78102228e-01  4.35662563e-04  3.97123214e-05
 -1.67460433e-02 -1.40990877e-01  3.56528652e-02 -1.05979587e-05]","[ 0.          1.1213212  14.76301861  0.93537629  1.10370243 -2.19725418
  0.40339053 -0.08998476]"
1749855095.910669,"[ 0.          0.42683059  1.26604987 -3.07718144 -2.17593683  1.24852933
  1.76982581  1.78083625]","[ 0.00000000e+00  2.74689137e-01  5.94455591e-04  3.97127115e-05
 -9.77997016e-03 -1.43691855e-01  4.42959881e-02 -1.05979587e-05]","[ 0.          1.00270855 14.85139084  0.90161526  1.07831562 -2.12506676
  0.40467426 -0.11340586]"
1749855095.9152954,"[ 0.          0.42791979  1.2660568  -3.07718144 -2.17595388  1.24794237
  1.77002261  1.78083625]","[ 0.00000000e+00  2.69287181e-01  8.32388619e-04  3.97123214e-05
 -7.52305362e-04 -1.42611461e-01  5.18061731e-02 -1.05979587e-05]","[ 0.          0.92113674 14.92577171  0.8945567   0.8071872  -2.09303331
  0.36825615 -0.09053537]"
1749855095.9201794,"[ 0.          0.42927394  1.26607837 -3.07718171 -2.17595308  1.247265
  1.7703338   1.78083625]","[ 0.00000000e+00  2.65563799e-01  3.66161035e-03  3.70648338e-05
  1.98693940e-04 -1.29245605e-01  7.04954387e-02 -1.05979587e-05]","[ 0.          0.96865046 15.10163116  0.88728243  0.46593112 -2.03159618
  0.36146531 -0.07518806]"
1749855095.9234498,"[ 0.          0.43033697  1.26611925 -3.07718171 -2.17595335  1.24676086
  1.77066284  1.78083625]","[ 0.00000000e+00  2.61806528e-01  1.35048743e-02  3.70644640e-05
 -2.19406909e-04 -1.24244837e-01  8.85919761e-02 -1.05979587e-05]","[ 0.          0.98033023 15.16698647  0.88924807  0.46808195 -1.9836098
  0.32860327 -0.10621434]"
1749855095.9274912,"[ 0.          0.43137793  1.26619994 -3.07718171 -2.17595388  1.24626139
  1.77103488  1.78083625]","[ 0.00000000e+00  2.57789982e-01  2.37685775e-02  3.70648338e-05
  0.00000000e+00 -1.26405618e-01  9.45341127e-02 -1.05979587e-05]","[ 0.          0.99640632 14.98233986  0.87913316  0.57273227 -1.98540235
  0.3471328  -0.09624887]"
1749855095.9320686,"[ 0.          0.43240974  1.26631978 -3.07718171 -2.17595308  1.24574194
  1.77144767  1.78083625]","[ 0.00000000e+00  2.55533053e-01  3.24116962e-02  3.70648338e-05
  7.21332883e-05 -1.30055081e-01  1.05878214e-01  0.00000000e+00]","[ 0.          1.09930193 14.51762867  0.90430409  0.72720265 -1.98262787
  0.45063999 -0.08579928]"
1749855095.9363017,"[ 0.          0.43367757  1.26648929 -3.07718171 -2.17595255  1.24507415
  1.77199096  1.78083625]","[ 0.00000000e+00  2.52286277e-01  3.53827707e-02  3.70648338e-05
  6.12314765e-05 -1.32531721e-01  1.11010067e-01  0.00000000e+00]","[ 0.          1.29374325 13.97147942  0.87499666  1.03598726 -2.07314849
  0.43978065 -0.08801989]"
1749855095.943974,"[ 0.          0.43470982  1.26664682 -3.07718171 -2.17595255  1.24452141
  1.77243997  1.78083625]","[ 0.00000000e+00  2.57789982e-01  4.10548170e-02  3.70648338e-05
  3.52806670e-05 -1.43439554e-01  1.11707058e-01  0.00000000e+00]","[ 0.          1.31845617 13.67919827  0.84694791  1.26420653 -2.15850568
  0.48543373 -0.07633768]"
1749855095.9521143,"[ 0.          0.43649011  1.26689063 -3.07718171 -2.17595255  1.2434427
  1.77322946  1.78083625]","[ 0.00000000e+00  2.55782308e-01  3.02202662e-02  3.17461838e-05
  7.34462573e-05 -1.55306051e-01  1.04257622e-01  0.00000000e+00]","[ 0.          1.36163342 13.44876862  0.82729936  1.23180807 -2.10302544
  0.49659976 -0.08355507]"
1749855095.9550097,"[ 0.          0.43855828  1.26712845 -3.07718171 -2.17595308  1.24232483
  1.77402388  1.78083625]","[ 0.00000000e+00  2.54518888e-01  2.60799204e-02  2.91003827e-05
  0.00000000e+00 -1.33023140e-01  9.07527485e-02  0.00000000e+00]","[ 0.          1.40537739 13.93862247  0.78205997  0.87014502 -2.19094539
  0.42766374 -0.09765541]"
1749855095.9584658,"[ 0.          0.43930999  1.26719876 -3.07718171 -2.17595308  1.2419235
  1.77421603  1.78083625]","[ 0.00000000e+00  2.54431819e-01  2.26881871e-02  2.38094022e-05
  0.00000000e+00 -1.32077668e-01  9.45341127e-02  0.00000000e+00]","[ 0.          1.45224881 14.32708454  0.79947501  0.8614102  -2.20120788
  0.45414641 -0.07814117]"
1749855095.9626272,"[ 0.          0.44032938  1.26729796 -3.07718171 -2.17595308  1.24138407
  1.77461936  1.78083625]","[ 0.00000000e+00  2.50920558e-01  2.70097486e-02  1.58849283e-05
  0.00000000e+00 -1.34911904e-01  1.03818142e-01  0.00000000e+00]","[ 0.          1.41479051 14.67726231  0.82639736  0.86806649 -2.17966986
  0.34297982 -0.05259272]"
1749855095.9660969,"[ 0.          0.44132401  1.26742553 -3.07718171 -2.17595335  1.24085983
  1.77507982  1.78083625]","[ 0.00000000e+00  2.44978413e-01  3.34581521e-02  5.29502843e-06
 -7.80139163e-06 -1.29376690e-01  1.22760949e-01  0.00000000e+00]","[ 0.          1.36510015 14.89229774  0.89795554  0.85199374 -2.14771461
  0.28118983 -0.06318771]"
1749855095.9692276,"[ 0.          0.44206696  1.26753299 -3.07718171 -2.17595308  1.24046129
  1.77545653  1.78083625]","[ 0.          0.24443822  0.03538277  0.          0.         -0.13126738
  0.1291066   0.        ]","[ 0.          1.40833974 15.01171303  0.9705537   0.91827792 -2.13824749
  0.27228615 -0.0644172 ]"
1749855095.9727144,"[ 0.          0.44304824  1.26768865 -3.07718171 -2.17595255  1.23992093
  1.77601593  1.78083625]","[ 0.00000000e+00  2.43381082e-01  4.18651087e-02 -2.64548924e-06
  1.29301630e-05 -1.36919578e-01  1.45852644e-01  0.00000000e+00]","[ 0.          1.54741132 15.07224369  1.04837036  1.08061838 -2.1941762
  0.14307246 -0.07294389]"
1749855095.9813542,"[ 0.          0.44378068  1.2678242  -3.07718144 -2.17595255  1.23951001
  1.77648105  1.78083625]","[ 0.00000000e+00  2.40486958e-01  4.69969619e-02 -5.29097849e-06
  1.23177591e-05 -1.39910499e-01  1.57196729e-01  0.00000000e+00]","[ 0.          1.60400033 14.93961143  1.10764563  1.16736996 -2.26153588
  0.18281817 -0.06242627]"
1749855095.9835947,"[ 0.          0.44474081  1.26801981 -3.07718144 -2.17595255  1.2389325
  1.77713658  1.78083625]","[ 0.00000000e+00  2.38254431e-01  4.58906265e-02 -5.29097849e-06
  0.00000000e+00 -1.40990877e-01  1.64385982e-01  0.00000000e+00]","[ 0.          1.61226368 14.64904022  1.18519413  1.2197454  -2.2635684
  0.29445213 -0.07077734]"
1749855095.990604,"[ 0.          0.44637969  1.26830077 -3.07718144 -2.17595255  1.23801637
  1.77812688  1.78083625]","[ 0.00000000e+00  2.32588123e-01  3.13313079e-02 -5.29097849e-06
  0.00000000e+00 -1.22500009e-01  1.16682109e-01  0.00000000e+00]","[ 0.          1.69389546 14.22995758  1.26142132  1.25091445 -2.26768613
  0.48690769 -0.08489382]"
1749855095.9940827,"[ 0.          0.44805755  1.26844685 -3.07718144 -2.17595255  1.23716216
  1.77875565  1.78083625]","[ 0.00000000e+00  2.42277435e-01  1.60491814e-02 -5.29497611e-06
  0.00000000e+00 -1.27486012e-01  7.41576347e-02  0.00000000e+00]","[ 0.          1.78047395 14.36199093  1.18920863  1.1289959  -2.28245544
  0.43721277 -0.07003101]"
1749855095.998827,"[ 0.          0.44878352  1.26847574 -3.07718144 -2.17595255  1.23676921
  1.77894873  1.78083625]","[ 0.          0.23876617  0.01404507  0.          0.         -0.12735684
  0.06151983  0.        ]","[ 0.          1.77739847 14.40633488  1.13119161  1.04422665 -2.20324492
  0.43819943 -0.08222091]"
1749855096.001046,"[ 0.          0.44973956  1.26852355 -3.07718144 -2.17595308  1.23625269
  1.77917044  1.78083625]","[ 0.00000000e+00  2.38766174e-01  1.08038994e-02  0.00000000e+00
 -8.15469752e-06 -1.31267377e-01  5.21288109e-02  0.00000000e+00]","[ 0.          1.69400978 14.56857777  1.02912128  0.91845679 -2.16062021
  0.47209311 -0.05594879]"
1749855096.0040565,"[ 0.          0.45046508  1.26855524 -3.07718171 -2.17595308  1.23571047
  1.77938349  1.78083625]","[ 0.00000000e+00  2.39233109e-01  1.08038994e-02 -2.64548924e-06
 -1.58311824e-05 -1.40990877e-01  5.50998833e-02  0.00000000e+00]","[ 0.          1.69351518 14.70070553  0.9704349   0.81382275 -2.14844131
  0.3571049  -0.0577698 ]"
1749855096.0075336,"[ 0.          0.45116765  1.26858826 -3.07718171 -2.17595308  1.23541553
  1.77950626  1.78083625]","[ 0.00000000e+00  2.36605385e-01  1.12845802e-02 -2.65149457e-06
 -1.55852059e-05 -1.51524678e-01  6.07719338e-02  0.00000000e+00]","[ 0.          1.62930298 14.84270477  0.9357577   0.81228536 -2.17272186
  0.34989122 -0.06085752]"
1749855096.0112886,"[ 0.          0.45213055  1.26864019 -3.07718171 -2.17595308  1.23476292
  1.77977165  1.78083625]","[ 0.00000000e+00  2.34999532e-01  1.45704862e-02 -2.65149457e-06
 -7.69021849e-06 -1.66920246e-01  6.75243704e-02  0.00000000e+00]","[ 0.          1.48912263 14.87356281  0.86900192  0.78199416 -2.12825894
  0.38636822 -0.0627531 ]"
1749855096.0152662,"[ 0.          0.45307238  1.26871543 -3.07718224 -2.17595335  1.23409607
  1.78005607  1.78083625]","[ 0.00000000e+00  2.40926946e-01  2.05630137e-02 -7.95448397e-06
 -1.12040324e-05 -1.65839851e-01  7.42274678e-02  0.00000000e+00]","[ 0.          1.29046237 14.66850948  0.77564162  0.74647158 -2.09687567
  0.40822169 -0.07588336]"
1749855096.0182803,"[ 0.          0.45380661  1.2687908  -3.07718224 -2.17595335  1.23359007
  1.78029776  1.78083625]","[ 0.00000000e+00  2.41197040e-01  2.81186556e-02 -5.30293632e-06
 -1.10510721e-05 -1.66751119e-01  8.48106036e-02  0.00000000e+00]","[ 0.          1.08853757 14.34008789  0.73619336  0.75254732 -2.17450094
  0.37857106 -0.05912198]"
1749855096.0237207,"[ 0.          0.45482141  1.26892901 -3.07718277 -2.17595308  1.23289645
  1.78069057  1.78083625]","[ 0.00000000e+00  2.44978413e-01  3.67332556e-02 -1.06059783e-05
  0.00000000e+00 -1.75563352e-01  1.05067922e-01  0.00000000e+00]","[ 0.          0.77812767 13.85604     0.68169767  0.86086535 -2.20611525
  0.37031534 -0.06892288]"
1749855096.0282981,"[ 0.          0.45607959  1.26910758 -3.0771833  -2.17595255  1.23195382
  1.78134225  1.78083625]","[ 0.00000000e+00  2.48511546e-01  3.34920866e-02 -1.59089679e-05
  6.89027710e-06 -1.80051761e-01  1.43439554e-01  0.00000000e+00]","[ 0.          0.40436938 13.34161568  0.54455     1.14668536 -2.12332869
  0.30757424 -0.08288847]"
1749855096.0333366,"[ 0.          0.45732585  1.26926963 -3.07718357 -2.17595255  1.23101772
  1.78214799  1.78083625]","[ 0.00000000e+00  2.49029880e-01  3.13313079e-02 -1.85464284e-05
  6.70593419e-06 -1.91574909e-01  1.69621207e-01  0.00000000e+00]","[ 0.          0.06237239 13.14026928  0.43704155  1.14868331 -2.10076714
  0.20405583 -0.06253151]"
1749855096.0376902,"[ 0.          0.4580665   1.2693739  -3.0771841  -2.17595308  1.23040879
  1.78283961  1.78083625]","[ 0.00000000e+00  2.50650463e-01  2.18557287e-02 -2.38454062e-05
  0.00000000e+00 -2.04125522e-01  1.72687238e-01  0.00000000e+00]","[ 0.00000000e+00 -3.61571671e-03  1.32567472e+01  2.77669370e-01
  1.04333484e+00 -2.03183770e+00  2.96800673e-01 -5.49516417e-02]"
1749855096.0409262,"[ 0.          0.45908317  1.26943914 -3.07718543 -2.17595308  1.22958307
  1.78353696  1.78083625]","[ 0.00000000e+00  2.46328902e-01  1.35048743e-02 -3.70928568e-05
  0.00000000e+00 -2.01288556e-01  1.73672674e-01  0.00000000e+00]","[ 0.00000000e+00 -1.33611886e-02  1.37370300e+01  1.64222702e-01
  9.31896925e-01 -1.96598673e+00  1.90518335e-01 -6.53729811e-02]"
1749855096.044736,"[ 0.          0.46006444  1.26949467 -3.07718543 -2.17595335  1.2288021
  1.78423417  1.78083625]","[ 0.00000000e+00  2.44168113e-01  1.50461080e-02 -3.70928568e-05
 -3.01337555e-06 -1.90958920e-01  1.72592280e-01  0.00000000e+00]","[ 0.00000000e+00  6.07314054e-03  1.44281883e+01  1.18885584e-01
  6.93104446e-01 -1.94171882e+00  8.36374983e-02 -9.09280926e-02]"
1749855096.048184,"[ 0.          0.46104388  1.26958016 -3.07718597 -2.17595335  1.22803058
  1.78489544  1.78083625]","[ 0.00000000e+00  2.44168113e-01  2.55783827e-02 -4.23914120e-05
 -2.98012744e-06 -1.92849598e-01  1.60167801e-01  0.00000000e+00]","[ 0.00000000e+00 -1.51447754e-03  1.49678802e+01  1.12601392e-01
  6.86515570e-01 -1.95540357e+00  9.44531634e-02 -8.88636857e-02]"
1749855096.0521982,"[ 0.          0.46201417  1.26970453 -3.07718597 -2.17595308  1.22727145
  1.78552701  1.78083625]","[ 0.00000000e+00  2.39846551e-01  3.40322817e-02 -4.23918346e-05
  0.00000000e+00 -1.87177547e-01  1.56116334e-01  0.00000000e+00]","[ 0.00000000e+00  1.36869177e-02  1.50452223e+01  1.18731238e-01
  8.39762330e-01 -1.96742666e+00  5.45742102e-02 -6.54745027e-02]"
1749855096.056309,"[ 0.          0.46297248  1.2698482  -3.07718597 -2.17595308  1.22649807
  1.78615591  1.78083625]","[ 0.00000000e+00  2.38230029e-01  3.67332556e-02 -4.23918346e-05
  0.00000000e+00 -1.99872137e-01  1.57733356e-01  0.00000000e+00]","[ 0.          0.08498119 14.89810181  0.21682982  1.05690694 -2.02864408
  0.0455916  -0.0825574 ]"
1749855096.0637755,"[ 0.          0.46391108  1.27001132 -3.07718543 -2.17595201  1.22565997
  1.78678748  1.78083625]","[ 0.00000000e+00  2.37145590e-01  4.29454991e-02 -3.70932266e-05
  1.08018173e-05 -2.14997594e-01  1.53259927e-01  0.00000000e+00]","[ 0.          0.11797393 14.63552475  0.36916661  1.21499586 -2.07668877
  0.07446261 -0.08915538]"
1749855096.068379,"[ 0.          0.46556783  1.27026845 -3.07718543 -2.17595201  1.22414064
  1.78777498  1.78083625]","[ 0.00000000e+00  2.35525007e-01  3.18392102e-02 -3.71212943e-05
  1.05899522e-05 -2.16077989e-01  1.26268407e-01  0.00000000e+00]","[ 0.          0.15725386 14.0358448   0.55755424  1.31451106 -2.22727251
  0.11765721 -0.06986789]"
1749855096.075909,"[ 0.          0.46675024  1.27040201 -3.07718543 -2.17595255  1.22306765
  1.78832585  1.78083625]","[ 0.00000000e+00  2.34174518e-01  2.21479940e-02 -3.71209245e-05
  5.29502843e-06 -2.12081516e-01  1.03177236e-01  0.00000000e+00]","[ 0.          0.23496196 13.83133316  0.6016826   1.19918418 -2.2345891
  0.17227504 -0.07001463]"
1749855096.0804484,"[ 0.          0.46861409  1.27045301 -3.07718597 -2.17595308  1.22136482
  1.78900123  1.78083625]","[ 0.00000000e+00  2.34174518e-01 -2.08059460e-03 -4.50758585e-05
 -5.29103081e-06 -2.13377011e-01  6.94150525e-02  0.00000000e+00]","[ 0.          0.57922393 14.36812592  0.58070326  0.99056911 -2.25017357
  0.14031605 -0.07240216]"
1749855096.0847275,"[ 0.          0.46955222  1.2704562  -3.07718597 -2.17595308  1.22054191
  1.78925516  1.78083625]","[ 0.00000000e+00  2.32824029e-01  7.94775760e-04 -4.50072964e-05
 -5.29097849e-06 -1.97511029e-01  5.99336622e-02  0.00000000e+00]","[ 0.          0.71530277 14.74511909  0.51862836  0.8423363  -2.24867177
  0.05806197 -0.06442962]"
1749855096.0900903,"[ 0.          0.47072361  1.2704562  -3.07718597 -2.17595308  1.21960008
  1.78953014  1.78083625]","[ 0.00000000e+00  2.35525007e-01  2.22189315e-04 -4.50754075e-05
 -5.29097849e-06 -1.84206475e-01  5.21288109e-02  0.00000000e+00]","[ 0.          0.82511717 15.01123428  0.57065713  0.87258023 -2.20286274
  0.01506093 -0.09091034]"
1749855096.0950918,"[ 0.          0.47167046  1.27046033 -3.07718597 -2.17595255  1.21886478
  1.78973373  1.78083625]","[ 0.00000000e+00  2.34714707e-01  4.71982463e-04 -4.49737631e-05
  0.00000000e+00 -1.79344725e-01  4.91577426e-02  0.00000000e+00]","[ 0.          0.82125205 15.10699272  0.61372632  1.04466271 -2.27444172
 -0.03107125 -0.09338222]"
1749855096.0987506,"[ 0.          0.47282764  1.27046086 -3.07718543 -2.17595201  1.21797236
  1.79000205  1.78083625]","[ 0.00000000e+00  2.29582862e-01  3.53262955e-04 -3.96823397e-05
  5.29103081e-06 -1.80425119e-01  5.69328248e-02  0.00000000e+00]","[ 0.          0.80276817 14.95334053  0.71620697  1.1960547  -2.34840989
 -0.10889694 -0.10559537]"
1749855096.1033785,"[ 0.          0.47399993  1.27046033 -3.07718543 -2.17595201  1.21701828
  1.79032549  1.78083625]","[ 0.00000000e+00  2.31208522e-01  3.03623901e-04 -3.70368514e-05
  1.05819570e-05 -1.89831720e-01  6.71427269e-02  0.00000000e+00]","[ 0.          0.91718763 14.71416187  0.77253681  1.30241609 -2.27491379
 -0.10260756 -0.10441111]"
1749855096.109356,"[ 0.          0.4749096   1.27046033 -3.07718543 -2.17595201  1.21626953
  1.7906203   1.78083625]","[ 0.00000000e+00  2.29889891e-01  0.00000000e+00 -3.70372172e-05
  1.05820616e-05 -1.82400902e-01  7.62336104e-02  0.00000000e+00]","[ 0.          0.93028367 14.42710686  0.80214018  1.27461243 -2.23094153
 -0.14614415 -0.11003079]"
1749855096.112024,"[ 0.          0.47582566  1.27046033 -3.07718543 -2.17595201  1.21555807
  1.7909504   1.78083625]","[ 0.00000000e+00  2.27692167e-01  0.00000000e+00 -3.70372172e-05
  1.05820616e-05 -1.74482974e-01  7.83799268e-02  0.00000000e+00]","[ 0.          0.93803161 14.26741314  0.86649674  1.26008618 -2.31629872
 -0.11413013 -0.09842451]"
1749855096.1173797,"[ 0.          0.4767344   1.27045993 -3.07718543 -2.17595201  1.21485593
  1.79126812  1.78083625]","[ 0.00000000e+00  2.25572707e-01 -5.05128017e-05 -3.17458709e-05
  1.32274462e-05 -1.76374917e-01  8.04966738e-02  0.00000000e+00]","[ 0.          0.96636796 14.05733967  0.87292552  1.18832016 -2.38461852
 -0.10255378 -0.1170717 ]"
1749855096.1208198,"[ 0.          0.47807983  1.2704594  -3.07718543 -2.17595201  1.21381902
  1.79177145  1.78083625]","[ 0.00000000e+00  2.21679315e-01 -6.92900014e-05 -3.17698567e-05
  1.32374398e-05 -1.68000624e-01  8.69713844e-02  0.00000000e+00]","[ 0.          1.09090352 13.77312851  0.82037157  1.10706592 -2.27129817
 -0.08996801 -0.08075195]"
1749855096.1243272,"[ 0.          0.47874292  1.2704594  -3.07718543 -2.17595201  1.21331675
  1.79203963  1.78083625]","[ 0.00000000e+00  2.25531395e-01 -6.36358718e-05 -2.11639139e-05
  1.05899522e-05 -1.64759457e-01  9.07527485e-02  0.00000000e+00]","[ 0.          1.1265583  13.70158863  0.80507565  1.11839652 -2.27668858
 -0.07637269 -0.06687435]"
1749855096.128331,"[ 0.          0.47967553  1.270459   -3.07718597 -2.17595148  1.21263751
  1.79234124  1.78083625]","[ 0.00000000e+00  2.26694680e-01 -6.88333190e-05 -2.64548924e-05
  1.05819570e-05 -1.70701602e-01  1.02815071e-01  0.00000000e+00]","[ 0.          1.08909369 13.73468113  0.73118746  1.14762735 -2.30673432
 -0.09455635 -0.09875611]"
1749855096.1317964,"[ 0.          0.48056129  1.270459   -3.07718597 -2.17595201  1.211964
  1.79277879  1.78083625]","[ 0.00000000e+00  2.22560322e-01 -4.73131235e-05 -2.38094022e-05
  5.29097849e-06 -1.62058479e-01  1.12786354e-01  0.00000000e+00]","[ 0.          1.02737129 13.80262947  0.63708472  1.19280756 -2.32246542
 -0.12317262 -0.09406945]"
1749855096.1357565,"[ 0.          0.4812377   1.270459   -3.0771865  -2.17595148  1.21149781
  1.79313659  1.78083625]","[ 0.00000000e+00  2.23640717e-01 -4.42150532e-05 -2.91003827e-05
  1.05819570e-05 -1.50714395e-01  1.20118094e-01  0.00000000e+00]","[ 0.          0.97582263 13.82483006  0.59366769  1.19808936 -2.27221131
 -0.08494566 -0.10916942]"
1749855096.139167,"[ 0.          0.48213496  1.270459   -3.07718677 -2.17595148  1.21090899
  1.79360837  1.78083625]","[ 0.00000000e+00  2.23100511e-01 -4.28119684e-05 -2.11639139e-05
  1.58729355e-05 -1.47814212e-01  1.15353491e-01  0.00000000e+00]","[ 0.          0.89986122 13.87573147  0.55628133  1.19511116 -2.27428722
 -0.09132368 -0.0943151 ]"
1749855096.146433,"[ 0.          0.48280627  1.270459   -3.0771873  -2.17595148  1.21046277
  1.79395378  1.78083625]","[ 0.00000000e+00  2.21209833e-01 -4.13984320e-05 -1.85324169e-05
  1.85325998e-05 -1.47953396e-01  1.15871817e-01  0.00000000e+00]","[ 0.          0.87793851 13.94305134  0.49808374  1.21232295 -2.23938322
 -0.04714091 -0.10662302]"
1749855096.1501348,"[ 0.          0.48460124  1.2704594  -3.07718836 -2.17595148  1.20927554
  1.79486605  1.78083625]","[ 0.00000000e+00  2.23910811e-01 -1.47192894e-05 -2.38276277e-05
  1.85324169e-05 -1.51371164e-01  1.09119380e-01  0.00000000e+00]","[ 0.          0.51599425 14.09142971  0.41565156  1.19291902 -2.24665737
 -0.01960697 -0.09005342]"
1749855096.1535301,"[ 0.          0.48526617  1.2704594  -3.07718836 -2.17595148  1.20879417
  1.7951819   1.78083625]","[ 0.00000000e+00  2.17165490e-01 -1.43292409e-05 -2.38273920e-05
  1.58729355e-05 -1.64219268e-01  1.01286549e-01  0.00000000e+00]","[ 0.00000000e+00  2.75992543e-01  1.40939789e+01  3.95822763e-01
  1.20636320e+00 -2.22294283e+00 -1.34859551e-02 -9.14796740e-02]"
1749855096.156939,"[ 0.          0.48612437  1.270459   -3.07718863 -2.17595148  1.20811214
  1.79554049  1.78083625]","[ 0.00000000e+00  2.12150109e-01 -1.32726697e-05 -2.64748795e-05
  1.59089679e-05 -1.72862391e-01  7.91385615e-02  0.00000000e+00]","[ 0.          0.15223576 14.11690235  0.31836465  1.12309992 -2.15660334
 -0.02385595 -0.09320439]"
1749855096.1605113,"[ 0.          0.48674565  1.270459   -3.07718916 -2.17595201  1.20757657
  1.79573077  1.78083625]","[ 0.00000000e+00  2.09595638e-01 -1.26279007e-05 -3.70368514e-05
  5.29897933e-06 -1.75563352e-01  5.50998833e-02  0.00000000e+00]","[ 0.          0.06141845 14.01456642  0.29043117  1.02401388 -2.10896397
  0.05933315 -0.10602099]"
1749855096.1633327,"[ 0.          0.48737246  1.270459   -3.0771897  -2.17595201  1.20706099
  1.79586486  1.78083625]","[ 0.00000000e+00  2.04256633e-01 -1.23177591e-05 -4.23278279e-05
  0.00000000e+00 -1.66920246e-01  3.86183408e-02  0.00000000e+00]","[ 0.         -0.04529785 13.96126556  0.22072488  0.94108117 -2.16778159
  0.06948604 -0.10813556]"
1749855096.16801,"[ 0.          0.48818476  1.27045847 -3.07719049 -2.17595148  1.20640545
  1.7959638   1.78083625]","[ 0.00000000e+00  2.01222626e-01 -2.35615412e-05 -5.02642966e-05
  5.30298914e-06 -1.62058479e-01  1.88076348e-02  0.00000000e+00]","[ 0.         -0.06967457 13.92991543  0.17533872  1.02509379 -2.24740028
  0.03605605 -0.095318  ]"
1749855096.1715193,"[ 0.          0.48898377  1.27045847 -3.07719103 -2.17595121  1.20575577
  1.79599802  1.78083625]","[ 0.00000000e+00  1.98521648e-01 -2.25400322e-05 -5.55972507e-05
  1.32574726e-05 -1.64926737e-01  3.78136470e-03  0.00000000e+00]","[ 0.         -0.0556929  13.88147545  0.14835104  1.16206145 -2.26711798
  0.0746654  -0.10392882]"
1749855096.175582,"[ 0.          0.4897722   1.27045767 -3.07719156 -2.17595121  1.20510023
  1.79599616  1.78083625]","[ 0.00000000e+00  1.94740276e-01 -2.70459540e-05 -6.08462536e-05
  1.32574726e-05 -1.61084811e-01 -1.26045490e-03  0.00000000e+00]","[ 0.00000000e+00 -2.79428018e-03  1.37405529e+01  1.02952704e-01
  1.24457955e+00 -2.21255732e+00  4.10126559e-02 -1.09711394e-01]"
1749855096.1789546,"[ 0.          0.49053996  1.27045767 -3.07719183 -2.17595121  1.20441913
  1.79599909  1.78083625]","[ 0.00000000e+00  1.90148620e-01 -2.60048927e-05 -6.34917418e-05
  1.85604623e-05 -1.73030237e-01  2.09573954e-04  0.00000000e+00]","[ 0.          0.0938691  13.68129539  0.09823296  1.24596059 -2.21881604
  0.02406211 -0.10495488]"
1749855096.1818635,"[ 0.          0.49110658  1.27045807 -3.07719236 -2.17595121  1.20382458
  1.79600375  1.78083625]","[ 0.00000000e+00  1.85644632e-01 -1.99465304e-05 -6.36352378e-05
  1.85602774e-05 -1.90570798e-01  7.28544452e-04  0.00000000e+00]","[ 0.          0.24012478 13.7762785   0.11253392  1.2313112  -2.25191212
  0.05089623 -0.11647623]"
1749855096.185372,"[ 0.          0.49167736  1.27045807 -3.07719316 -2.17595121  1.20323669
  1.79601041  1.78083625]","[ 0.00000000e+00  1.88076348e-01 -1.96394680e-05 -7.15362227e-05
  1.85745164e-05 -1.98590325e-01  1.10604383e-03  0.00000000e+00]","[ 0.          0.28001186 13.83373833  0.14341336  1.19728088 -2.22819138
  0.04558001 -0.116599  ]"
1749855096.1887953,"[ 0.          0.49242125  1.27045807 -3.07719316 -2.17595121  1.20246038
  1.79601613  1.78083625]","[ 0.00000000e+00  1.90958920e-01 -1.88993960e-05 -7.15362227e-05
  1.85745164e-05 -1.89068225e-01  1.19954263e-03  0.00000000e+00]","[ 0.00000000e+00  3.40975076e-01  1.39771461e+01  1.60156921e-01
  1.09523761e+00 -2.21706533e+00  1.00057954e-02 -1.06000021e-01]"
1749855096.1924481,"[ 0.          0.4929911   1.27045807 -3.07719316 -2.17595121  1.2018878
  1.796018    1.78083625]","[ 0.00000000e+00  1.87177547e-01 -1.85498886e-05 -7.15903507e-05
  1.32574726e-05 -1.87797382e-01  1.47373834e-03  0.00000000e+00]","[ 0.          0.34341148 14.03885841  0.21028967  1.07175624 -2.14815712
  0.02707639 -0.11016247]"
1749855096.196453,"[ 0.          0.49373775  1.27045807 -3.07719422 -2.17595121  1.2013055
  1.79601906  1.78083625]","[ 0.00000000e+00  1.84746681e-01 -1.79111298e-05 -8.21963279e-05
  1.32675109e-05 -1.93929992e-01  1.17017452e-03  0.00000000e+00]","[ 0.00000000e+00  2.89783895e-01  1.41427164e+01  2.42890581e-01
  9.92329121e-01 -2.13792181e+00 -1.12308022e-02 -1.08565465e-01]"
1749855096.1999795,"[ 0.          0.49429798  1.27045847 -3.07719422 -2.17595121  1.2007224
  1.79601906  1.78083625]","[ 0.00000000e+00  1.83936381e-01 -8.82045833e-06 -8.74993247e-05
  7.95448397e-06 -1.90958920e-01  9.04987911e-04  0.00000000e+00]","[ 0.          0.30913004 14.2457943   0.2825031   0.97973537 -2.09093738
 -0.02524658 -0.10729963]"
1749855096.2034092,"[ 0.          0.49503727  1.27045847 -3.07719422 -2.17595121  1.1999309
  1.79601999  1.78083625]","[ 0.00000000e+00  1.83936381e-01 -1.70833173e-05 -8.74993247e-05
  7.95448397e-06 -1.99872137e-01  4.34928601e-04  0.00000000e+00]","[ 0.          0.3138949  14.33940792  0.31971163  0.98489285 -2.04833579
 -0.02725662 -0.10865478]"
1749855096.2075102,"[ 0.          0.49576278  1.27045847 -3.07719476 -2.17595121  1.19909001
  1.79601999  1.78083625]","[ 0.00000000e+00  1.80132904e-01 -8.39848977e-06 -9.28013868e-05
  7.95440473e-06 -2.14187294e-01  2.06515204e-04  0.00000000e+00]","[ 0.          0.29710969 14.40110588  0.33072671  0.99291843 -1.9788481
 -0.06213012 -0.09768601]"
1749855096.2127702,"[ 0.          0.49647911  1.27045847 -3.07719502 -2.17595121  1.19821663
  1.79601999  1.78083625]","[ 0.00000000e+00  1.77794831e-01 -1.62904401e-05 -9.54538036e-05
  7.95448397e-06 -2.13153189e-01  1.11891647e-04  0.00000000e+00]","[ 0.          0.29731268 14.4908638   0.36406708  1.05370104 -1.96327138
 -0.06901968 -0.11384769]"
1749855096.2162175,"[ 0.          0.49741401  1.270459   -3.07719555 -2.17595068  1.19718825
  1.79601906  1.78083625]","[ 0.00000000e+00  1.82585892e-01  0.00000000e+00 -1.00756792e-04
  1.32574726e-05 -2.02573099e-01  0.00000000e+00  0.00000000e+00]","[ 0.          0.21600649 14.60891914  0.33681387  1.12885725 -2.10688186
 -0.10695218 -0.11458755]"
1749855096.2197177,"[ 0.          0.49813586  1.270459   -3.07719662 -2.17595015  1.19637106
  1.79601906  1.78083625]","[ 0.00000000e+00  1.76913841e-01  0.00000000e+00 -1.11361664e-04
  1.85604623e-05 -2.01762815e-01  0.00000000e+00  0.00000000e+00]","[ 0.          0.17100562 14.63135338  0.32749045  1.28106403 -2.11943126
 -0.10086877 -0.10999808]"
1749855096.2231684,"[ 0.          0.49866576  1.270459   -3.07719662 -2.17595015  1.19577557
  1.79601906  1.78083625]","[ 0.00000000e+00  1.72322185e-01  0.00000000e+00 -1.11362770e-04
  1.85604623e-05 -1.94345562e-01  0.00000000e+00  0.00000000e+00]","[ 0.          0.19295226 14.62717152  0.30505547  1.35830951 -2.11199403
 -0.10115024 -0.14022407]"
1749855096.226657,"[ 0.          0.49917226  1.270459   -3.07719742 -2.17595015  1.19519727
  1.79601906  1.78083625]","[ 0.00000000e+00  1.71415645e-01  0.00000000e+00 -1.14014268e-04
  1.85602774e-05 -1.96630970e-01  0.00000000e+00  0.00000000e+00]","[ 0.          0.18910207 14.60652161  0.27266374  1.4147073  -2.12202501
 -0.10812213 -0.12643421]"
1749855096.2301235,"[ 0.          0.49969115  1.270459   -3.07719795 -2.17594935  1.19437715
  1.79601906  1.78083625]","[ 0.00000000e+00  1.69891318e-01  0.00000000e+00 -1.19317257e-04
  2.12280182e-05 -2.07434866e-01  0.00000000e+00  0.00000000e+00]","[ 0.          0.20871742 14.59172058  0.23037268  1.45021546 -2.15112209
 -0.10989278 -0.14262334]"
1749855096.234235,"[ 0.          0.50038313  1.27045847 -3.07719875 -2.17594935  1.19355996
  1.79601906  1.78083625]","[ 0.00000000e+00  1.68516412e-01 -6.22444772e-06 -1.21876526e-04
  2.12119566e-05 -1.99872137e-01  0.00000000e+00  0.00000000e+00]","[ 0.          0.15992059 14.5521431   0.17341863  1.47493076 -2.15908599
 -0.13518241 -0.11635315]"
1749855096.238865,"[ 0.          0.50103887  1.270459   -3.07720008 -2.17594935  1.19277326
  1.79601906  1.78083625]","[ 0.00000000e+00  1.61745657e-01  0.00000000e+00 -1.32474482e-04
  2.65146811e-05 -1.91229014e-01  0.00000000e+00  0.00000000e+00]","[ 0.          0.14404055 14.53218937  0.11322697  1.39795637 -2.14607596
 -0.12235722 -0.13022137]"
1749855096.242982,"[ 0.          0.50184198  1.27045847 -3.07720115 -2.17594935  1.19181346
  1.79601906  1.78083625]","[ 0.00000000e+00  1.60978101e-01 -1.16340968e-05 -1.37876339e-04
  2.12280182e-05 -1.85143558e-01  0.00000000e+00  0.00000000e+00]","[ 0.          0.08384378 14.42889023  0.07947249  1.39595962 -2.16966248
 -0.10877713 -0.11612933]"
1749855096.2470276,"[ 0.          0.50248074  1.27045847 -3.07720195 -2.17594882  1.19107323
  1.79601906  1.78083625]","[ 0.00000000e+00  1.57733356e-01 -1.13794495e-05 -1.40529211e-04
  2.65350217e-05 -1.82585892e-01  0.00000000e+00  0.00000000e+00]","[ 0.          0.04812603 14.3034811   0.04519036  1.42654681 -2.17493463
 -0.12123024 -0.11617648]"
1749855096.2498927,"[ 0.          0.50294403  1.27045807 -3.07720328 -2.17594935  1.19051011
  1.79601906  1.78083625]","[ 0.00000000e+00  1.54495751e-01 -1.40873708e-05 -1.48482219e-04
  2.11801137e-05 -1.88076348e-01  0.00000000e+00  0.00000000e+00]","[ 0.00000000e+00  1.16265016e-02  1.42396822e+01  2.99692936e-02
  1.43895805e+00 -2.11733079e+00 -1.23093754e-01 -1.30207837e-01]"
1749855096.2527862,"[ 0.          0.5033945   1.27045807 -3.07720328 -2.17594882  1.18994405
  1.79601906  1.78083625]","[ 0.00000000e+00  1.45974684e-01 -1.37886175e-05 -1.48483698e-04
  2.64948971e-05 -1.95010370e-01  0.00000000e+00  0.00000000e+00]","[ 0.00000000e+00 -4.53442857e-02  1.42243719e+01  4.12177714e-03
  1.41401649e+00 -2.14578962e+00 -1.00839801e-01 -1.24453343e-01]"
1749855096.2567835,"[ 0.          0.50397308  1.27045807 -3.07720381 -2.17594882  1.18916494
  1.79601906  1.78083625]","[ 0.00000000e+00  1.42611461e-01 -1.09192937e-05 -1.51135188e-04
  2.64948971e-05 -1.89068225e-01  0.00000000e+00  0.00000000e+00]","[ 0.00000000e+00 -5.13575040e-02  1.41734095e+01 -5.05360367e-04
  1.38518369e+00 -2.18767333e+00 -9.98601168e-02 -1.36475399e-01]"
1749855096.2602897,"[ 0.          0.50438314  1.27045807 -3.07720488 -2.17594882  1.18860089
  1.79601906  1.78083625]","[ 0.00000000e+00  1.38971053e-01 -1.08018173e-05 -1.56438185e-04
  3.17938749e-05 -1.84206475e-01  0.00000000e+00  0.00000000e+00]","[ 0.00000000e+00 -3.73376720e-03  1.41864605e+01 -2.10147966e-02
  1.40056551e+00 -2.25586629e+00 -9.43140313e-02 -1.32889196e-01]"
1749855096.2640252,"[ 0.          0.50493737  1.27045807 -3.07720621 -2.17594829  1.18787597
  1.79601906  1.78083625]","[ 0.00000000e+00  1.37479616e-01 -1.05899522e-05 -1.61741166e-04
  3.70928568e-05 -1.78534425e-01  0.00000000e+00  0.00000000e+00]","[ 0.00000000e+00 -2.02423092e-02  1.42178259e+01 -4.01218887e-03
  1.44606364e+00 -2.33364177e+00 -1.03983372e-01 -1.32362112e-01]"
1749855096.2672682,"[ 0.          0.50535113  1.27045807 -3.07720647 -2.17594802  1.18734893
  1.79601906  1.78083531]","[ 0.00000000e+00  1.35588930e-01 -1.05819570e-05 -1.59210139e-04
  3.44173463e-05 -1.71024094e-01  0.00000000e+00 -1.05979587e-05]","[ 0.         -0.01992026 14.24653244 -0.01581126  1.48290133 -2.32165146
 -0.12736294 -0.13588928]"
1749855096.2720673,"[ 0.          0.50575703  1.27045807 -3.07720647 -2.17594802  1.18686664
  1.79601906  1.78083531]","[ 0.00000000e+00  1.32405745e-01 -5.29497611e-06 -1.53786679e-04
  3.44437072e-05 -1.60978101e-01  0.00000000e+00 -1.05979587e-05]","[ 0.00000000e+00 -1.25715556e-02  1.42913465e+01 -1.02783116e-02
  1.50681734e+00 -2.38780665e+00 -1.24266699e-01 -1.51567325e-01]"
1749855096.2754734,"[ 0.          0.50640497  1.27045807 -3.07720754 -2.17594695  1.18603892
  1.79601906  1.78083531]","[ 0.00000000e+00  1.27486012e-01  0.00000000e+00 -1.58850846e-04
  4.23598089e-05 -1.65757959e-01  0.00000000e+00 -1.05979587e-05]","[ 0.00000000e+00 -1.11342063e-02  1.43995399e+01  2.90673133e-03
  1.63126040e+00 -2.43234277e+00 -9.75169763e-02 -1.40142873e-01]"
1749855096.2802725,"[ 0.          0.50689906  1.27045807 -3.07720834 -2.17594695  1.18535596
  1.79601906  1.78083531]","[ 0.00000000e+00  1.21003670e-01  5.29103081e-06 -1.64144252e-04
  4.23598089e-05 -1.72867467e-01  0.00000000e+00 -1.05979587e-05]","[ 0.00000000e+00 -4.35131453e-02  1.45022869e+01 -1.31068872e-02
  1.69290566e+00 -2.40763927e+00 -1.24740593e-01 -1.42895937e-01]"
1749855096.283999,"[ 0.          0.50750333  1.27045807 -3.0772094  -2.17594642  1.18452265
  1.79601906  1.78083531]","[ 0.00000000e+00  1.17643185e-01  0.00000000e+00 -1.64144252e-04
  4.76547840e-05 -1.63138873e-01  0.00000000e+00 -1.06059783e-05]","[ 0.         -0.1092939  14.57412624 -0.02483169  1.6291585  -2.36246824
 -0.12175719 -0.14002711]"
1749855096.2903566,"[ 0.          0.50796163  1.27045847 -3.0772102  -2.17594695  1.1838795
  1.796018    1.78083531]","[ 0.00000000e+00  1.12630650e-01  5.30298914e-06 -1.69439236e-04
  4.23598089e-05 -1.60978101e-01 -1.15007061e-05 -1.06059783e-05]","[ 0.         -0.09986311 14.67724323 -0.03846986  1.56556165 -2.35801744
 -0.13631888 -0.13829121]"
1749855096.2938218,"[ 0.          0.50860954  1.27045847 -3.07721207 -2.17594642  1.18288734
  1.796018    1.78083531]","[ 0.00000000e+00  1.03447330e-01  5.30298914e-06 -1.84767480e-04
  4.76188043e-05 -1.69621207e-01 -1.12518028e-05 -1.05979587e-05]","[ 0.         -0.08466347 14.75220871 -0.08846837  1.47492814 -2.33609557
 -0.12708439 -0.14625043]"
1749855096.3022366,"[ 0.          0.50901501  1.27045847 -3.0772126  -2.17594695  1.18220051
  1.796018    1.78083531]","[ 0.00000000e+00  1.00206163e-01  0.00000000e+00 -2.03064570e-04
  4.23278279e-05 -1.70528646e-01 -2.20444382e-05 -1.06059783e-05]","[ 0.         -0.10172266 14.76184368 -0.12995441  1.40622211 -2.32837391
 -0.12045406 -0.13005649]"
1749855096.304428,"[ 0.          0.50972031  1.27045847 -3.07721446 -2.17594642  1.18092672
  1.796018    1.78083531]","[ 0.00000000e+00  1.01556652e-01  0.00000000e+00 -2.19001892e-04
  4.76188043e-05 -1.89068225e-01 -2.13732555e-05 -1.06059783e-05]","[ 0.         -0.153208   14.7277174  -0.18438688  1.46724713 -2.33273315
 -0.11149646 -0.14435051]"
1749855096.308075,"[ 0.          0.5100321   1.27045847 -3.07721526 -2.17594642  1.18036826
  1.796018    1.78083531]","[ 0.00000000e+00  1.03717433e-01  0.00000000e+00 -2.23494546e-04
  4.76547840e-05 -1.80051761e-01 -2.11479478e-05 -1.05979587e-05]","[ 0.         -0.22840564 14.68912792 -0.2251077   1.51151323 -2.34167433
 -0.12860478 -0.13449262]"
1749855096.3108459,"[ 0.          0.51034802  1.27045847 -3.07721659 -2.17594615  1.17984601
  1.796018    1.78083531]","[ 0.00000000e+00  1.05071983e-01  0.00000000e+00 -2.25219002e-04
  5.02642966e-05 -1.69428245e-01 -2.11639139e-05 -1.05979587e-05]","[ 0.         -0.29619429 14.62640762 -0.29057565  1.53816915 -2.40363145
 -0.12906379 -0.11979028]"
1749855096.313741,"[ 0.          0.51066164  1.27045847 -3.07721819 -2.17594615  1.17934653
  1.796018    1.78083531]","[ 0.00000000e+00  1.05608111e-01 -5.30298914e-06 -2.35946872e-04
  5.02637927e-05 -1.68000624e-01 -2.11639139e-05 -1.05979587e-05]","[ 0.         -0.43322882 14.52326679 -0.34039113  1.58169591 -2.48608136
 -0.0806214  -0.14628574]"
1749855096.3184025,"[ 0.          0.51097526  1.27045807 -3.07721952 -2.17594509  1.17883001
  1.796018    1.78083531]","[ 0.00000000e+00  9.96659659e-02 -1.06059783e-05 -2.49691150e-04
  5.55972507e-05 -1.71781996e-01 -1.05820616e-05 -1.05979587e-05]","[ 0.         -0.52236938 14.46887684 -0.39247009  1.70437646 -2.50538802
 -0.05470037 -0.16191809]"
1749855096.3218558,"[ 0.          0.5113495   1.27045807 -3.07722272 -2.17594376  1.17813453
  1.796018    1.78083531]","[ 0.00000000e+00  8.93116788e-02 -1.06059783e-05 -2.98146378e-04
  6.35403432e-05 -1.71024094e-01 -1.05819570e-05 -1.06059783e-05]","[ 0.         -0.63912696 14.38154125 -0.46920744  1.81742132 -2.48577762
 -0.04830324 -0.16129445]"
1749855096.3258615,"[ 0.          0.51177151  1.27045807 -3.07722645 -2.17594376  1.17724796
  1.796018    1.78083531]","[ 0.00000000e+00  7.91385615e-02 -1.06059783e-05 -3.83180540e-04
  6.34923676e-05 -1.81505497e-01 -1.05819570e-05 -1.05820616e-05]","[ 0.         -0.71821821 14.32291508 -0.52867222  1.79255331 -2.50755072
 -0.03920234 -0.15565479]"
1749855096.3308518,"[ 0.          0.51199239  1.27045807 -3.07722831 -2.17594323  1.17669056
  1.796018    1.78083531]","[ 0.00000000e+00  6.88748552e-02 -5.29892650e-06 -4.39625543e-04
  6.61872009e-05 -1.84391964e-01 -1.05820616e-05 -1.05899522e-05]","[ 0.         -0.71435535 14.37944698 -0.53738499  1.84563959 -2.52601075
 -0.03096822 -0.14003776]"
1749855096.3340375,"[ 0.          0.51230647  1.27045807 -3.07723231 -2.17594323  1.17576778
  1.796018    1.78083531]","[ 0.00000000e+00  6.17896524e-02 -5.30298914e-06 -5.89250009e-04
  6.08462536e-05 -1.79344725e-01 -1.05819570e-05 -1.05819570e-05]","[ 0.         -0.58828539 14.50941467 -0.60441285  1.78595126 -2.54674101
 -0.05135162 -0.14021994]"
1749855096.338205,"[ 0.          0.51255305  1.27045847 -3.07723497 -2.17594323  1.17507136
  1.796018    1.78083531]","[ 0.00000000e+00  6.15822255e-02 -5.30293632e-06 -6.89388572e-04
  6.08462536e-05 -1.70701602e-01 -1.05819570e-05 -1.05899522e-05]","[ 0.         -0.51905847 14.5553503  -0.62496883  1.73211622 -2.54428697
 -0.02495009 -0.16472495]"
1749855096.3421028,"[ 0.          0.51280468  1.27045847 -3.07723816 -2.17594296  1.17437215
  1.79602186  1.78083531]","[ 0.00000000e+00  6.21905789e-02  0.00000000e+00 -7.50609092e-04
  6.35397134e-05 -1.81321606e-01  2.64546283e-05 -1.05900569e-05]","[ 0.         -0.46662316 14.63011932 -0.63601398  1.72931433 -2.56305242
 -0.05021373 -0.14828245]"
1749855096.3456862,"[ 0.          0.51307147  1.27045847 -3.07724189 -2.17594243  1.1735997
  1.79602758  1.78083531]","[ 0.00000000e+00  6.93447200e-02  0.00000000e+00 -7.50641667e-04
  6.88346925e-05 -1.97711348e-01  8.46564929e-05 -1.05819570e-05]","[ 0.         -0.56148469 14.68205547 -0.64701241  1.81890035 -2.49603677
 -0.03764599 -0.15182902]"
1749855096.3509502,"[ 0.          0.5132772   1.27045847 -3.07724615 -2.17594189  1.1729652
  1.79603131  1.78083531]","[ 0.00000000e+00  7.07655415e-02  0.00000000e+00 -8.71345802e-04
  7.40744343e-05 -2.14706394e-01  1.21784452e-04 -1.05820616e-05]","[ 0.         -0.66513669 14.67022896 -0.67230767  1.82135773 -2.46216631
 -0.04376146 -0.16682853]"
1749855096.3543262,"[ 0.          0.5136303   1.27045847 -3.07725494 -2.17594189  1.17171711
  1.79603331  1.78083531]","[ 0.00000000e+00  6.74567136e-02  5.29897933e-06 -1.25880057e-03
  6.88867318e-05 -2.55512214e-01  1.42857835e-04 -1.05820616e-05]","[ 0.         -0.86546928 14.71894073 -0.68085283  1.73357439 -2.42934918
 -0.0383985  -0.14131497]"
1749855096.3578968,"[ 0.          0.51389571  1.270459   -3.07726346 -2.17594189  1.17068021
  1.79603424  1.78083531]","[ 0.00000000e+00  6.43868670e-02  1.05979587e-05 -1.91742878e-03
  6.88867318e-05 -2.59293570e-01  1.50792882e-04 -1.05819570e-05]","[ 0.         -0.96728039 14.8344841  -0.72207218  1.62877369 -2.51421189
 -0.06678909 -0.13770567]"
1749855096.36145,"[ 0.          0.514084    1.270459   -3.07727172 -2.17594189  1.16987154
  1.79603424  1.78083531]","[ 0.00000000e+00  6.37430062e-02  1.05980643e-05 -2.37815942e-03
  6.88867318e-05 -2.71177859e-01  1.50792882e-04 -1.05820616e-05]","[ 0.         -1.03425217 14.891119   -0.7499631   1.5455364  -2.49139142
 -0.07015567 -0.14585106]"
1749855096.3649206,"[ 0.          0.51433151  1.270459   -3.0772869  -2.17594189  1.16878044
  1.79603611  1.78083531]","[ 0.00000000e+00  5.85517687e-02  1.06059783e-05 -3.67075743e-03
  6.35877499e-05 -2.71988159e-01  1.69311312e-04 -1.05819570e-05]","[ 0.         -1.15243113 14.92645359 -0.79265279  1.43974948 -2.38669753
 -0.05001768 -0.16792242]"
1749855096.3682423,"[ 0.          0.51450461  1.270459   -3.07730474 -2.17594189  1.16823915
  1.79603704  1.78083531]","[ 0.00000000e+00  5.67204709e-02  1.06059783e-05 -5.87913669e-03
  6.09382630e-05 -2.76849910e-01  1.79893264e-04  0.00000000e+00]","[ 0.         -1.1819005  14.89582253 -0.84240818  1.46711028 -2.35932922
 -0.070966   -0.16199094]"
1749855096.3712022,"[ 0.          0.51467266  1.270459   -3.07732871 -2.17594163  1.16738002
  1.79603903  1.78083531]","[ 0.00000000e+00  5.44167575e-02  1.05899522e-05 -8.32237841e-03
  6.35397134e-05 -2.87383711e-01  1.98413661e-04  0.00000000e+00]","[ 0.         -1.17901266 14.91670322 -0.89989126  1.46820748 -2.31267166
 -0.06677109 -0.16689555]"
1749855096.3756378,"[ 0.          0.51489996  1.2704594  -3.07736546 -2.17594163  1.16624991
  1.7960409   1.78083531]","[ 0.00000000e+00  6.05018351e-02  1.32375708e-05 -9.02766461e-03
  5.29897943e-05 -2.75759945e-01  2.16930124e-04  0.00000000e+00]","[ 0.         -1.21273506 14.90284157 -0.89472306  1.52464473 -2.29222941
 -0.08599741 -0.16330092]"
1749855096.3796635,"[ 0.          0.51515116  1.2704594  -3.07740222 -2.17594056  1.16514456
  1.79604183  1.78083531]","[ 0.00000000e+00  6.37430062e-02  1.32374398e-05 -9.72350907e-03
  6.35877499e-05 -2.76039626e-01  2.27856106e-04  0.00000000e+00]","[ 0.         -1.26517975 14.92747498 -0.92782414  1.64923143 -2.34195685
 -0.08428769 -0.16080251]"
1749855096.383218,"[ 0.          0.51540782  1.2704594  -3.07744909 -2.17593976  1.16403429
  1.79604276  1.78083531]","[ 0.00000000e+00  6.18523200e-02  1.32374398e-05 -1.29646791e-02
  6.62372408e-05 -2.78458176e-01  2.35804579e-04  0.00000000e+00]","[ 0.         -1.36021972 14.90291023 -0.96192563  1.83811462 -2.39469409
 -0.07665753 -0.16862682]"
1749855096.386852,"[ 0.          0.51559241  1.2704594  -3.07749596 -2.1759387   1.1631629
  1.7960437   1.78083531]","[ 0.00000000e+00  6.10420282e-02  1.05899522e-05 -1.67460433e-02
  8.21963279e-05 -2.92245478e-01  2.54348464e-04  0.00000000e+00]","[ 0.         -1.4118731  14.84921932 -0.99510926  1.8618108  -2.40826607
 -0.07479801 -0.17202131]"
1749855096.3913076,"[ 0.          0.51583946  1.2704594  -3.07757532 -2.1759379   1.16196328
  1.79604463  1.78083531]","[ 0.00000000e+00  6.04351978e-02  1.05899522e-05 -2.05066088e-02
  8.48478263e-05 -2.99268000e-01  2.64948963e-04  0.00000000e+00]","[ 0.         -1.4937197  14.7681675  -1.01099765  1.92646432 -2.40636539
 -0.06618369 -0.15580599]"
1749855096.401226,"[ 0.          0.5161352   1.2704594  -3.07767546 -2.1759379   1.16047071
  1.79604569  1.78083531]","[ 0.00000000e+00  5.50998833e-02  1.05899522e-05 -1.78264326e-02
  8.47828240e-05 -2.98187623e-01  2.75546927e-04  0.00000000e+00]","[ 0.         -1.56703293 14.83664322 -1.00228143  1.9003315  -2.53755808
 -0.11043058 -0.16393237]"
1749855096.405624,"[ 0.          0.51653697  1.2704594  -3.07776174 -2.17593683  1.15745508
  1.79604662  1.78083531]","[ 0.00000000e+00  2.80860672e-02  5.29497611e-06 -2.43087727e-03
  9.54538036e-05 -2.93900632e-01  2.86361403e-04  0.00000000e+00]","[ 0.         -1.34223771 14.92461872 -1.05448341  1.77379215 -2.5644362
 -0.1173915  -0.16897188]"
1749855096.409884,"[ 0.          0.51663018  1.2704594  -3.07776281 -2.17593683  1.15628689
  1.79604756  1.78083531]","[ 0.00000000e+00  2.24180906e-02  1.05819570e-05  4.04940861e-04
  9.53816248e-05 -2.91142197e-01  2.94315906e-04  0.00000000e+00]","[ 0.         -1.17482638 14.86552143 -1.0946939   1.71784854 -2.54654646
 -0.06915876 -0.19287887]"
1749855096.413864,"[ 0.          0.51672343  1.27045993 -3.07776281 -2.17593657  1.15512921
  1.79604756  1.78083531]","[ 0.00000000e+00  2.38005937e-02  1.58850858e-05 -3.60129957e-04
  9.53816248e-05 -2.87110304e-01  2.94315906e-04  0.00000000e+00]","[ 0.         -1.03225589 14.98595238 -1.05223775  1.81024897 -2.59820032
 -0.09206204 -0.14713451]"
1749855096.4178433,"[ 0.          0.51681617  1.27045993 -3.07776547 -2.17593497  1.1539457
  1.79604849  1.78083531]","[ 0.00000000e+00  2.37685775e-02  1.58729355e-05 -6.22130100e-04
  1.00680607e-04 -2.95656022e-01  3.02267386e-04  0.00000000e+00]","[ 0.         -1.01007676 14.95619774 -1.03931904  1.87369025 -2.58304429
 -0.08962263 -0.18442145]"
1749855096.421524,"[ 0.          0.51691168  1.2704594  -3.07776947 -2.17593497  1.15277658
  1.79604942  1.78083531]","[ 0.00000000e+00  2.20676248e-02  1.32474486e-05 -7.96470404e-04
  8.74322905e-05 -2.87651525e-01  3.12876370e-04  0.00000000e+00]","[ 0.         -1.01158309 14.82575607 -0.98942131  1.9515214  -2.60180616
 -0.10996121 -0.18089187]"
1749855096.4248564,"[ 0.          0.5169994   1.2704594  -3.07777559 -2.17593417  1.15161118
  1.79605035  1.78083531]","[ 0.00000000e+00  2.20676248e-02  1.32374398e-05 -1.02052463e-03
  9.52376087e-05 -2.91619901e-01  3.23482331e-04  0.00000000e+00]","[ 0.         -1.08382547 14.64844418 -0.94968069  1.97828269 -2.67534375
 -0.0768223  -0.18669507]"
1749855096.4284592,"[ 0.          0.51706827  1.2704594  -3.07778065 -2.17593364  1.15045257
  1.79605129  1.78083438]","[ 0.00000000e+00  2.37685775e-02  1.32374398e-05 -1.18190231e-03
  9.52385514e-05 -2.88383728e-01  3.31433519e-04 -1.05979587e-05]","[ 0.         -1.16528833 14.58108711 -0.89212018  2.00111961 -2.70677114
 -0.0955321  -0.18176237]"
1749855096.4318573,"[ 0.          0.51714034  1.2704594  -3.07779077 -2.17593231  1.14959357
  1.79605129  1.78083438]","[ 0.00000000e+00  2.32283823e-02  1.32375708e-05 -1.96798411e-03
  1.08548083e-04 -2.93325855e-01  3.31186220e-04 -1.05978530e-05]","[ 0.         -1.26171851 14.55641651 -0.79702908  2.03932047 -2.75677323
 -0.11595657 -0.19767034]"
1749855096.4352894,"[ 0.          0.51720419  1.2704594  -3.07780089 -2.17593177  1.14872111
  1.79605129  1.78083438]","[ 0.00000000e+00  1.98107082e-02  1.32374398e-05 -2.98393390e-03
  1.13841985e-04 -2.84682733e-01  3.31186220e-04 -1.05979587e-05]","[ 0.         -1.36534405 14.58325291 -0.77763265  2.042063   -2.71908712
 -0.13674544 -0.19040459]"
1749855096.4434094,"[ 0.          0.51726937  1.2704594  -3.07782566 -2.17593151  1.14758621
  1.79605129  1.78083438]","[ 0.00000000e+00  1.40450684e-02  1.05899522e-05 -6.67106977e-03
  1.16490622e-04 -2.84682733e-01  3.31436834e-04 -1.05979587e-05]","[ 0.         -1.44773304 14.64089203 -0.74976659  2.04188228 -2.69433713
 -0.15131375 -0.22076926]"
1749855096.447459,"[ 0.          0.51735985  1.27045993 -3.07794577 -2.17593044  1.1452879
  1.79605129  1.78083438]","[ 0.00000000e+00  1.16024244e-02  1.58969375e-05 -2.21479940e-02
  1.13843115e-04 -2.92245478e-01  2.17258159e-04 -1.05979587e-05]","[ 0.         -1.31105566 14.85382175 -0.76008952  1.9920249  -2.55486131
 -0.20240769 -0.20156513]"
1749855096.451673,"[ 0.          0.51741495  1.27046033 -3.07805389 -2.17592991  1.14411398
  1.79605129  1.78083438]","[ 0.00000000e+00  1.53955564e-02  1.85466133e-05 -2.89297712e-02
  1.19047015e-04 -2.89251119e-01  1.88113759e-04 -1.06058726e-05]","[ 0.         -1.24382818 15.04123306 -0.75878865  1.98128617 -2.58953214
 -0.21917315 -0.22602883]"
1749855096.455163,"[ 0.          0.51749255  1.27046086 -3.07817906 -2.17592991  1.14295244
  1.79605129  1.78083438]","[ 0.00000000e+00  2.10462568e-02  2.38454062e-05 -3.29518914e-02
  1.19136960e-04 -2.90354800e-01  1.69695653e-04 -1.06059783e-05]","[ 0.         -1.18838465 15.2129364  -0.76324832  1.96764028 -2.71263027
 -0.25241435 -0.22161096]"
1749855096.4581528,"[ 0.          0.51755776  1.27046126 -3.07829544 -2.17592911  1.14206201
  1.79605035  1.78083438]","[ 0.00000000e+00  2.10645514e-02  2.11796931e-05 -4.20925135e-02
  1.27079427e-04 -2.94917427e-01  1.58849285e-04 -1.05979587e-05]","[ 0.         -1.20319772 15.29058552 -0.73662001  1.95424318 -2.66674185
 -0.2802774  -0.21916716]"
1749855096.4615905,"[ 0.          0.51763859  1.27046126 -3.07847893 -2.17592858  1.14084335
  1.79605035  1.78083438]","[ 0.00000000e+00  1.99872133e-02  2.11959173e-05 -4.59165715e-02
  1.32374402e-04 -3.08946727e-01  1.50906827e-04 -1.05978530e-05]","[ 0.         -1.23728704 15.28625584 -0.71362716  1.91423583 -2.6025362
 -0.27946326 -0.21375054]"
1749855096.465025,"[ 0.          0.51769598  1.27046126 -3.07862594 -2.17592858  1.13992443
  1.79605035  1.78083438]","[ 0.00000000e+00  1.86367264e-02  2.11799045e-05 -4.63361942e-02
  1.32374402e-04 -3.08721423e-01  1.42964352e-04 -1.05979587e-05]","[ 0.         -1.27451742 15.2586832  -0.69982296  1.90233982 -2.57031202
 -0.29218838 -0.2092867 ]"
1749855096.4684699,"[ 0.          0.51774971  1.2704618  -3.07876655 -2.17592831  1.13900164
  1.79605035  1.78083438]","[ 0.00000000e+00  1.78264326e-02  2.64748795e-05 -4.53890909e-02
  1.35123973e-04 -3.04129767e-01  1.32275769e-04 -1.06059783e-05]","[ 0.         -1.28713632 15.26881123 -0.69897634  1.85785723 -2.50131869
 -0.30551213 -0.22886057]"
1749855096.4724295,"[ 0.          0.51781905  1.2704618  -3.07892261 -2.17592725  1.13775169
  1.79605035  1.78083438]","[ 0.00000000e+00  1.72862385e-02  2.65149452e-05 -3.45374480e-02
  1.43072445e-04 -3.12502779e-01  1.11110546e-04 -1.06059783e-05]","[ 0.         -1.30584741 15.26393414 -0.70812774  1.89505684 -2.4945364
 -0.31189179 -0.21877441]"
1749855096.4753013,"[ 0.          0.51787138  1.2704618  -3.07901769 -2.17592645  1.1367803
  1.79605035  1.78083438]","[ 0.00000000e+00  1.68014870e-02  2.38815200e-05 -3.08445195e-02
  1.50906827e-04 -3.24116958e-01  9.52376087e-05 -1.05978530e-05]","[ 0.         -1.36738372 15.17732906 -0.76148671  1.92330837 -2.4887557
 -0.29480606 -0.21351276]"
1749855096.4786298,"[ 0.          0.51791316  1.27046126 -3.07910983 -2.17592645  1.13577389
  1.79605035  1.78083438]","[ 0.00000000e+00  1.24244839e-02  1.85604623e-05 -3.10927449e-02
  1.45610397e-04 -3.34920870e-01  8.47196178e-05 -1.05979587e-05]","[ 0.         -1.43923116 15.03161526 -0.85777944  1.90655851 -2.30439305
 -0.25788164 -0.20119855]"
1749855096.4815567,"[ 0.          0.51794485  1.27046126 -3.07920491 -2.17592591  1.13445922
  1.79605035  1.78083438]","[ 0.00000000e+00  5.13185212e-03  1.85602774e-05 -3.16014045e-02
  1.37669385e-04 -3.23788590e-01  8.46564929e-05 -1.05979587e-05]","[ 0.         -1.49537981 14.84581184 -0.91849935  1.79219878 -2.29043961
 -0.24749459 -0.22350332]"
1749855096.4856687,"[ 0.          0.51794991  1.27046126 -3.07930877 -2.17592538  1.13347745
  1.79605035  1.78083438]","[ 0.00000000e+00  0.00000000e+00  1.85604623e-05 -3.58598885e-02
  1.37669385e-04 -3.24243624e-01  7.40737029e-05 -1.05979587e-05]","[ 0.         -1.52321088 14.77594566 -0.97827172  1.78076065 -2.4655323
 -0.24093056 -0.20075822]"
1749855096.4902713,"[ 0.          0.51794808  1.27046126 -3.07949147 -2.17592352  1.13218075
  1.79605035  1.78083438]","[ 0.00000000e+00 -4.63734531e-04  1.85606472e-05 -5.15886178e-02
  1.45720473e-04 -3.24940740e-01  5.82007654e-05 -1.06060839e-05]","[ 0.         -1.52022493 14.74852848 -1.02336359  1.89724195 -2.52238154
 -0.24232088 -0.20672847]"
1749855096.4938526,"[ 0.          0.51794855  1.27046086 -3.07979773 -2.17592165  1.13054744
  1.79605035  1.78083438]","[ 0.00000000e+00 -6.62395490e-05  1.59088095e-05 -6.77944648e-02
  1.61496777e-04 -3.21415980e-01  4.76192757e-05 -1.05980643e-05]","[ 0.         -1.57107115 14.49175167 -0.96301311  1.95248461 -2.51627135
 -0.22052574 -0.22082427]"
1749855096.4995575,"[ 0.          0.51794898  1.27046033 -3.0800241  -2.17592085  1.12958564
  1.79605035  1.78083438]","[ 0.00000000e+00  7.91821884e-05  1.06059783e-05 -7.77880725e-02
  1.64268357e-04 -3.14463665e-01  4.76188043e-05 -1.06059783e-05]","[ 0.         -1.59618318 14.3484354  -0.92130673  2.00096107 -2.41774511
 -0.21220137 -0.22215605]"
1749855096.5029998,"[ 0.          0.51794855  1.27046086 -3.08052983 -2.17591766  1.12771916
  1.79605035  1.78083438]","[ 0.00000000e+00 -6.62368019e-05  1.59089679e-05 -8.75115816e-02
  2.04998710e-04 -3.14393457e-01  4.76188043e-05 -1.05900569e-05]","[ 0.         -1.67347503 14.37557793 -0.72026938  2.1437335  -2.6011374
 -0.23578714 -0.24777919]"
1749855096.5099494,"[ 0.          0.51794855  1.27046086 -3.08088936 -2.175915    1.12643112
  1.79605035  1.78083438]","[ 0.00000000e+00  0.00000000e+00  1.59088095e-05 -8.94022679e-02
  2.32843909e-04 -3.22553416e-01  3.70368514e-05 -1.05819570e-05]","[ 0.         -1.65152526 14.49827766 -0.61435598  2.25927997 -2.57218313
 -0.23989376 -0.24074157]"
1749855096.513437,"[ 0.          0.51794808  1.27046126 -3.08141959 -2.17591446  1.12452656
  1.79605035  1.78083438]","[ 0.00000000e+00 -2.78617056e-05  1.32574726e-05 -8.42704147e-02
  2.29496298e-04 -3.09237943e-01  2.64551545e-05 -1.05819570e-05]","[ 0.         -1.70992506 14.57107735 -0.60469151  2.05642438 -2.7258718
 -0.25801015 -0.22612767]"
1749855096.5174937,"[ 0.          0.51794808  1.2704618  -3.0817461  -2.17591446  1.12327181
  1.79604942  1.78083438]","[ 0.00000000e+00 -3.78828041e-05  1.85745164e-05 -8.09471475e-02
  2.19190202e-04 -2.99468403e-01  1.05820616e-05 -1.05819570e-05]","[ 0.         -1.71749902 14.83517456 -0.66361356  1.97530222 -2.77291298
 -0.30065256 -0.23369843]"
1749855096.521511,"[ 0.          0.51794761  1.2704626  -3.08208379 -2.1759134   1.12206274
  1.79604849  1.78083438]","[ 0.00000000e+00 -5.75519937e-05  3.18179359e-05 -8.67012899e-02
  2.27379146e-04 -2.98414457e-01 -1.05819570e-05 -1.05900569e-05]","[ 0.         -1.72218275 15.09623241 -0.78758621  2.02737403 -2.74649334
 -0.32676774 -0.25723669]"
1749855096.525047,"[ 0.          0.51794761  1.2704626  -3.08244917 -2.1759134   1.12089547
  1.79604849  1.78083438]","[ 0.00000000e+00 -4.22958956e-05  3.18179359e-05 -9.45341127e-02
  2.20486023e-04 -2.87380648e-01 -1.05820616e-05 -1.05899522e-05]","[ 0.         -1.74185598 15.15206242 -0.93584234  1.97862983 -2.59145761
 -0.33085555 -0.23326139]"
1749855096.5311036,"[ 0.          0.51794761  1.2704626  -3.08286569 -2.17591313  1.11973873
  1.79604849  1.78083438]","[ 0.00000000e+00 -4.07024487e-05  3.18179359e-05 -1.08579183e-01
  2.14307437e-04 -2.87110304e-01 -2.64548924e-05  0.00000000e+00]","[ 0.         -1.75578403 15.08036041 -0.99765849  1.87500334 -2.58501172
 -0.30851993 -0.23907366]"
1749855096.5343502,"[ 0.          0.51794715  1.2704626  -3.08343507 -2.17591207  1.11828318
  1.79604849  1.78083345]","[ 0.00000000e+00 -4.73114412e-05  3.18179359e-05 -1.14521328e-01
  2.22104140e-04 -2.95726895e-01 -2.64548924e-05 -1.05899522e-05]","[ 0.         -1.75527883 15.07362366 -1.03473437  1.89569569 -2.6824367
 -0.31409103 -0.22668593]"
1749855096.538625,"[ 0.          0.51794715  1.2704626  -3.0838974  -2.17591073  1.11738996
  1.79604849  1.78083345]","[ 0.00000000e+00 -4.42135862e-05  3.17935580e-05 -1.15331620e-01
  2.43486525e-04 -2.90891427e-01 -2.64551545e-05 -1.05899522e-05]","[ 0.         -1.7838583  15.03875065 -1.07460666  1.98282707 -2.67900515
 -0.32011023 -0.25545549]"
1749855096.5425909,"[ 0.          0.51794668  1.2704622  -3.08435839 -2.17590994  1.11624453
  1.79604849  1.78083345]","[ 0.00000000e+00 -4.14964800e-05  2.65149452e-05 -1.13285738e-01
  2.45740231e-04 -2.84394312e-01 -3.70372172e-05 -1.05899522e-05]","[ 0.         -1.88691664 14.83817101 -1.05122077  1.92988622 -2.81975389
 -0.30892748 -0.24115635]"
1749855096.5460825,"[ 0.          0.51794625  1.2704622  -3.08480767 -2.1759094   1.11509631
  1.79604849  1.78083345]","[ 0.00000000e+00 -5.63631980e-05  2.12119566e-05 -1.12900745e-01
  2.42370643e-04 -2.83869903e-01 -3.70368514e-05 -1.05899522e-05]","[ 0.         -1.9507426  14.63568115 -1.10921824  1.94343495 -2.81925917
 -0.27843142 -0.24251062]"
1749855096.5497036,"[ 0.          0.51794625  1.2704618  -3.08527585 -2.17590807  1.11394143
  1.79604849  1.78083345]","[ 0.00000000e+00 -5.30766957e-05  1.58967790e-05 -1.19653181e-01
  2.65336409e-04 -2.87383711e-01 -2.64551545e-05 -1.05899522e-05]","[ 0.         -1.965855   14.57719994 -1.11556256  2.01062417 -2.77951956
 -0.31462729 -0.24881081]"
1749855096.552902,"[ 0.          0.51794625  1.2704622  -3.08563831 -2.17590647  1.11306718
  1.79604849  1.78083345]","[ 0.00000000e+00 -5.16259401e-05  1.32574726e-05 -1.23434545e-01
  2.64954084e-04 -2.84604968e-01 -2.64548924e-05 -1.05899522e-05]","[ 0.         -1.9544884  14.55944347 -1.13877213  2.02259469 -2.8151288
 -0.30444846 -0.24698795]"
1749855096.5597966,"[ 0.          0.51794578  1.2704618  -3.08601168 -2.17590567  1.11224047
  1.79604756  1.78083345]","[ 0.00000000e+00 -6.44798536e-05  1.06059783e-05 -1.24514940e-01
  2.61254315e-04 -2.76039626e-01 -3.70368514e-05 -1.05819570e-05]","[ 0.         -1.97681165 14.53952312 -1.15458632  1.9798193  -2.78822422
 -0.31151178 -0.23258248]"
1749855096.5631585,"[ 0.          0.51794532  1.2704618  -3.08691902 -2.17590434  1.11029316
  1.79604662  1.78083345]","[ 0.00000000e+00 -6.63633484e-05  5.29892650e-06 -1.29106596e-01
  2.49644532e-04 -2.77930304e-01 -3.70928568e-05 -1.05820616e-05]","[ 0.         -1.99351144 14.51968479 -1.1257304   1.93872154 -2.70368123
 -0.34719473 -0.23932232]"
1749855096.5666118,"[ 0.          0.51794532  1.2704622  -3.0873185  -2.17590381  1.10945127
  1.79604662  1.78083345]","[ 0.00000000e+00 -5.82932868e-05  1.06059783e-05 -1.33032786e-01
  2.45383328e-04 -2.88171840e-01 -3.70928568e-05 -1.05899522e-05]","[ 0.         -1.99598837 14.56603432 -1.14482796  1.93691301 -2.68363571
 -0.33887345 -0.25333437]"
1749855096.570827,"[ 0.          0.51794485  1.2704622  -3.08787643 -2.17590328  1.10828494
  1.79604569  1.78083345]","[ 0.00000000e+00 -6.31410032e-05  5.30298914e-06 -1.45852644e-01
  2.22336403e-04 -2.87383711e-01 -4.76908124e-05 -1.05899522e-05]","[ 0.         -1.97765481 14.66378021 -1.12214088  1.85554171 -2.64649487
 -0.41759706 -0.23758133]"
1749855096.57369,"[ 0.          0.51794439  1.2704622  -3.08847644 -2.17590328  1.1071491
  1.79604276  1.78083345]","[ 0.00000000e+00 -7.08020816e-05  5.29497611e-06 -1.50714395e-01
  1.75724354e-04 -2.81426253e-01 -7.42418490e-05 -1.05899522e-05]","[ 0.         -1.99480867 14.82099819 -1.06885564  1.75648856 -2.77856779
 -0.46985075 -0.25599426]"
1749855096.5765948,"[ 0.          0.51794439  1.2704626  -3.0889393  -2.17590301  1.10630242
  1.7960409   1.78083345]","[ 0.00000000e+00 -6.91745121e-05  7.94254290e-06 -1.53145262e-01
  1.67727459e-04 -2.76039626e-01 -9.54538036e-05 -1.05820616e-05]","[ 0.         -2.03995061 14.89353657 -1.00637949  1.7409029  -2.66031122
 -0.49854368 -0.26913035]"
1749855096.5814288,"[ 0.          0.51794395  1.2704626  -3.08939709 -2.17590248  1.10546718
  1.79603997  1.78083345]","[ 0.00000000e+00 -7.72762744e-05  1.32374398e-05 -1.49363906e-01
  1.70601231e-04 -2.75759945e-01 -1.03408291e-04 -1.05819570e-05]","[ 0.         -2.07757711 14.90639687 -1.00913632  1.77171409 -2.6020236
 -0.53202015 -0.30830252]"
1749855096.585135,"[ 0.          0.51794349  1.2704626  -3.08998991 -2.17590195  1.10435418
  1.79603704  1.78083345]","[ 0.00000000e+00 -7.43558510e-05  1.32374398e-05 -1.47203117e-01
  1.73133461e-04 -2.76039626e-01 -1.32574732e-04 -1.05820616e-05]","[ 0.         -2.13900423 14.95897102 -0.973122    1.81025183 -2.46297193
 -0.58513612 -0.26908061]"
1749855096.5886517,"[ 0.          0.51794255  1.27046313 -3.09059072 -2.17590061  1.10329251
  1.79603424  1.78083345]","[ 0.00000000e+00 -8.67445971e-05  1.85186086e-05 -1.52064884e-01
  1.86465749e-04 -2.55512214e-01 -1.59088082e-04 -1.05819570e-05]","[ 0.         -2.23857117 15.07232857 -1.0114646   1.79889655 -2.39963078
 -0.63757682 -0.27957383]"
1749855096.5920656,"[ 0.          0.51794166  1.27046313 -3.09122376 -2.17589982  1.10228504
  1.79603038  1.78083239]","[ 0.00000000e+00 -1.02962946e-04  1.85324169e-05 -1.59465875e-01
  1.92122057e-04 -2.49029880e-01 -1.98862094e-04 -2.11799045e-05]","[ 0.         -2.32246089 15.11739445 -0.96171987  1.87386894 -2.41319466
 -0.68558401 -0.30921152]"
1749855096.5956826,"[ 0.          0.51794119  1.27046353 -3.09171324 -2.17589795  1.10154781
  1.79602852  1.78083239]","[ 0.00000000e+00 -1.01268204e-04  2.64748795e-05 -1.62999507e-01
  2.08285172e-04 -2.41197040e-01 -2.17422558e-04 -2.11799045e-05]","[ 0.         -2.38243413 15.12635517 -0.91778147  1.96597815 -2.42206478
 -0.71695191 -0.27896392]"
1749855096.5990958,"[ 0.          0.51794026  1.27046353 -3.09237184 -2.17589502  1.10056703
  1.79602665  1.78083239]","[ 0.00000000e+00 -1.09706096e-04  3.17698567e-05 -1.63655144e-01
  2.50754773e-04 -2.47698266e-01 -2.35804579e-04 -2.11799045e-05]","[ 0.         -2.46293616 15.08409786 -0.8926602   2.00922799 -2.41391802
 -0.77119452 -0.28438932]"
1749855096.6084082,"[ 0.          0.51793936  1.27046406 -3.09303497 -2.17589316  1.0995567
  1.79602465  1.78083239]","[ 0.00000000e+00 -1.23798036e-04  3.17698567e-05 -1.68265642e-01
  2.69414374e-04 -2.49840163e-01 -2.54351000e-04 -2.12119566e-05]","[ 0.         -2.4875257  15.0645647  -0.91781342  1.9596113  -2.33592677
 -0.80064213 -0.30379266]"
1749855096.6084363,"[ 0.          0.51793796  1.27046446 -3.09406908 -2.17589183  1.09809549
  1.79602093  1.78083239]","[ 0.00000000e+00 -1.36292787e-04  3.17461838e-05 -1.73402580e-01
  2.77811622e-04 -2.40386757e-01 -2.91664416e-04 -2.12117453e-05]","[ 0.         -2.60383105 15.11449528 -0.87213719  1.82248807 -2.44622207
 -0.84588909 -0.32192436]"
1749855096.6122785,"[ 0.          0.51793796  1.27046499 -3.09459478 -2.17589103  1.0973773
  1.79602093  1.78083239]","[ 0.00000000e+00 -1.25956206e-04  4.23278279e-05 -1.72687238e-01
  2.73996591e-04 -2.34444612e-01 -2.91664416e-04 -2.12119566e-05]","[ 0.         -2.5875113  15.20075417 -0.87334675  1.77305651 -2.48277855
 -0.86743581 -0.3165752 ]"
1749855096.615918,"[ 0.          0.51793749  1.27046499 -3.09527655 -2.17589049  1.09645072
  1.79601999  1.78083239]","[ 0.00000000e+00 -1.30314824e-04  3.70648338e-05 -1.70528646e-01
  2.56973865e-04 -2.31473540e-01 -3.02041836e-04 -2.12117453e-05]","[ 0.         -2.61508274 15.13422203 -0.93364143  1.76618075 -2.46776891
 -0.866494   -0.32309163]"
1749855096.6204605,"[ 0.          0.5179366   1.27046499 -3.09581212 -2.17589049  1.09575337
  1.79601999  1.78083239]","[ 0.00000000e+00 -1.36039450e-04  3.17698567e-05 -1.79344725e-01
  2.44539647e-04 -2.29582862e-01 -2.91443873e-04 -2.12119566e-05]","[ 0.         -2.62422776 15.08554268 -0.96743137  1.69585264 -2.49833202
 -0.86745059 -0.3200877 ]"
1749855096.6236591,"[ 0.          0.51793613  1.27046499 -3.09655594 -2.1758897   1.09486394
  1.796018    1.78083239]","[ 0.00000000e+00 -1.41613900e-04  2.37914408e-05 -1.87398357e-01
  2.33233192e-04 -2.13970280e-01 -3.02041836e-04 -2.12117453e-05]","[ 0.         -2.62919092 14.97507572 -0.97752243  1.65034378 -2.49273562
 -0.88238555 -0.33136177]"
1749855096.6273508,"[ 0.          0.51793523  1.27046592 -3.09731041 -2.1758881   1.09404202
  1.79601706  1.78083145]","[ 0.00000000e+00 -1.46573062e-04  3.17222367e-05 -1.86070205e-01
  2.46083432e-04 -2.00614760e-01 -3.12639768e-04 -2.91664395e-05]","[ 0.         -2.63270974 14.987463   -0.95821315  1.70560169 -2.50621152
 -0.91567022 -0.35065088]"
1749855096.630816,"[ 0.          0.51793476  1.27046592 -3.09804198 -2.1758865   1.09324101
  1.79601613  1.78083145]","[ 0.00000000e+00 -1.44656477e-04  3.17219217e-05 -1.86907453e-01
  2.57256712e-04 -1.97104014e-01 -3.22749702e-04 -2.12119566e-05]","[ 0.         -2.56743979 14.9794178  -0.91221607  1.74291599 -2.57136989
 -0.91989309 -0.34294587]"
1749855096.63554,"[ 0.          0.5179343   1.27046539 -3.09880285 -2.1758849   1.09248281
  1.7960152   1.78083145]","[ 0.00000000e+00 -1.47848337e-04  2.64548924e-05 -1.92309409e-01
  3.10833942e-04 -1.91844737e-01 -3.30686162e-04 -2.12119566e-05]","[ 0.         -2.60749626 14.8150177  -0.91295099  1.72337413 -2.57937312
 -0.92175192 -0.33859497]"
1749855096.6395614,"[ 0.          0.51793383  1.27046539 -3.09958155 -2.17588357  1.09167607
  1.79601427  1.78083145]","[ 0.00000000e+00 -1.50741176e-04  2.64751417e-05 -1.89831720e-01
  3.36277013e-04 -1.98859387e-01 -3.38625972e-04 -2.12119566e-05]","[ 0.         -2.59166384 14.71566963 -0.91275281  1.70759261 -2.58189797
 -0.92241681 -0.34019575]"
1749855096.6435158,"[ 0.          0.51793247  1.27046539 -3.10032271 -2.17588144  1.0908903
  1.79601134  1.78083145]","[ 0.00000000e+00 -1.54878097e-04  3.17458709e-05 -1.87177547e-01
  3.41148758e-04 -1.96901065e-01 -3.89753983e-04 -2.12119566e-05]","[ 0.         -2.566329   14.7553997  -0.95019132  1.73940897 -2.55971885
 -0.9684363  -0.32578653]"
1749855096.6476061,"[ 0.          0.51793154  1.27046592 -3.10108944 -2.17588037  1.09012258
  1.79600947  1.78083145]","[ 0.00000000e+00 -1.63722135e-04  3.70372172e-05 -1.94273141e-01
  3.02638219e-04 -1.88257942e-01 -4.55132540e-04 -2.12119566e-05]","[ 0.         -2.6192112  14.82422733 -0.93198967  1.62170112 -2.60608959
 -0.98944587 -0.36715904]"
1749855096.6505158,"[ 0.          0.51793107  1.27046592 -3.10190276 -2.17587984  1.08935393
  1.79600761  1.78083145]","[ 0.00000000e+00 -1.64129981e-04  4.23602275e-05 -1.93463673e-01
  2.80412202e-04 -1.90082490e-01 -4.59020066e-04 -2.12119566e-05]","[ 0.         -2.64576268 14.84579754 -0.8842454   1.59340036 -2.65817475
 -1.00367725 -0.35108918]"
1749855096.6535342,"[ 0.          0.51793064  1.27046592 -3.10229798 -2.17587958  1.08897629
  1.79600668  1.78083145]","[ 0.00000000e+00 -1.65451093e-04  3.70372172e-05 -1.92339403e-01
  2.70042682e-04 -1.92039298e-01 -4.59013759e-04 -2.12121679e-05]","[ 0.         -2.63775921 14.83198738 -0.86318672  1.58870721 -2.63626695
 -1.03553057 -0.35039699]"
1749855096.6575599,"[ 0.          0.5179297   1.27046632 -3.10305165 -2.17587824  1.08822002
  1.79600468  1.78083145]","[ 0.00000000e+00 -1.71601055e-04  4.49733161e-05 -1.85067125e-01
  2.74830682e-04 -1.85286870e-01 -4.61168897e-04 -2.11959173e-05]","[ 0.         -2.65817094 14.83138371 -0.84210891  1.60357463 -2.5567565
 -1.03479314 -0.3413204 ]"
1749855096.6623611,"[ 0.          0.51792741  1.27046672 -3.10398988 -2.17587665  1.08729817
  1.79600095  1.78083145]","[ 0.00000000e+00 -1.90605775e-04  4.76188043e-05 -1.88798131e-01
  2.88872648e-04 -1.87177547e-01 -4.58806155e-04 -2.11959173e-05]","[ 0.         -2.756984   14.97456169 -0.80972272  1.58742309 -2.60250854
 -1.06359065 -0.32751969]"
1749855096.6655478,"[ 0.          0.51792694  1.27046766 -3.10475208 -2.17587531  1.08649436
  1.79599616  1.78083052]","[ 0.00000000e+00 -1.94695525e-04  5.29103091e-05 -1.90418714e-01
  2.96411097e-04 -2.05544171e-01 -4.63252873e-04 -2.91443860e-05]","[ 0.         -2.85610318 15.04850578 -0.83966476  1.59504282 -2.59750962
 -1.13581455 -0.3690547 ]"
1749855096.6689715,"[ 0.          0.51792558  1.27046766 -3.10512679 -2.17587478  1.08586359
  1.79599336  1.78083052]","[ 0.00000000e+00 -2.10947195e-04  5.29897943e-05 -1.90148620e-01
  2.86944749e-04 -2.10405938e-01 -4.70036554e-04 -2.91443860e-05]","[ 0.         -2.90180039 15.08515549 -0.84284484  1.60137856 -2.52399445
 -1.16172969 -0.34652492]"
1749855096.6724887,"[ 0.          0.51792375  1.27046819 -3.10570389 -2.17587452  1.0852177
  1.79599136  1.78083052]","[ 0.00000000e+00 -2.24436861e-04  5.82453112e-05 -1.91499109e-01
  2.81904541e-04 -2.17158366e-01 -4.84718530e-04 -2.91667301e-05]","[ 0.         -2.96925187 15.10444832 -0.8791883   1.48058462 -2.43770957
 -1.17980504 -0.34933695]"
1749855096.6760588,"[ 0.          0.51792188  1.27046859 -3.10648686 -2.17587452  1.08430064
  1.7959867   1.78083052]","[ 0.00000000e+00 -2.39108450e-04  6.35877499e-05 -1.97981443e-01
  2.60044693e-04 -2.33716204e-01 -5.21219051e-04 -2.91664395e-05]","[ 0.         -3.08809996 15.16077137 -0.86995834  1.45052826 -2.43119025
 -1.22686994 -0.3525888 ]"
1749855096.6804986,"[ 0.          0.51792005  1.27047005 -3.10728848 -2.17587345  1.08333026
  1.79598005  1.78083052]","[ 0.00000000e+00 -2.57622312e-04  7.42418490e-05 -1.98251554e-01
  2.72995988e-04 -2.48777562e-01 -6.76176016e-04 -2.91664395e-05]","[ 0.         -3.18013978 15.25735664 -0.86725068  1.39887106 -2.37934589
 -1.268116   -0.36092278]"
1749855096.6851492,"[ 0.          0.51791732  1.27047178 -3.10808476 -2.17587318  1.08227052
  1.79597139  1.78083052]","[ 0.00000000e+00 -3.19146014e-04  9.00136989e-05 -1.96360859e-01
  2.64235774e-04 -2.70097482e-01 -1.03037878e-03 -2.91223691e-05]","[ 0.         -3.26048207 15.33360195 -0.88953388  1.36372006 -2.31810689
 -1.33846843 -0.3699916 ]"
1749855096.6892397,"[ 0.          0.51791409  1.27047325 -3.10908531 -2.17587318  1.08088641
  1.79596007  1.78083052]","[ 0.00000000e+00 -4.13371463e-04  1.00680607e-04 -2.04733888e-01
  2.56065231e-04 -2.77930304e-01 -1.57050524e-03 -2.91003827e-05]","[ 0.         -3.33560658 15.29978085 -0.91018486  1.28056693 -2.37735748
 -1.34783792 -0.38602144]"
1749855096.6928272,"[ 0.          0.51791226  1.27047365 -3.10971302 -2.17587318  1.08002734
  1.79595048  1.78083052]","[ 0.00000000e+00 -4.71168007e-04  1.05899518e-04 -2.07164771e-01
  2.35937168e-04 -2.87631418e-01 -2.15365858e-03 -1.85186086e-05]","[ 0.         -3.38651109 15.30769062 -0.84145379  1.28059959 -2.47746658
 -1.39860702 -0.38946944]"
1749855096.6964025,"[ 0.          0.51791043  1.27047551 -3.11054978 -2.17587159  1.07880115
  1.79592771  1.78082959]","[ 0.00000000e+00 -4.99289064e-04  1.19228222e-04 -2.06354471e-01
  2.40613825e-04 -2.98997889e-01 -3.98955523e-03 -2.64551545e-05]","[ 0.         -3.38187003 15.38713932 -0.81009644  1.40507638 -2.44925094
 -1.42417789 -0.40024102]"
1749855096.7038732,"[ 0.          0.51790767  1.27047684 -3.11138042 -2.17586946  1.07753495
  1.79587632  1.78082959]","[ 0.00000000e+00 -5.73680334e-04  1.27175500e-04 -2.08245149e-01
  2.48809986e-04 -3.21090342e-01 -1.40443569e-02 -2.64548924e-05]","[ 0.         -3.39759231 15.35698223 -0.82498968  1.47430086 -2.38137102
 -1.44523275 -0.36466679]"
1749855096.7078955,"[ 0.          0.51790171  1.27047831 -3.11305875 -2.17586626  1.07527746
  1.79566886  1.78082959]","[ 0.00000000e+00 -6.53135771e-04  1.42965766e-04 -2.04463793e-01
  2.52701348e-04 -3.24940740e-01 -2.80901368e-02 -2.64548924e-05]","[ 0.         -3.37981606 15.27304173 -0.86382043  1.49924791 -2.30408859
 -1.52367771 -0.4041208 ]"
1749855096.7117453,"[ 0.          0.51790078  1.27047924 -3.11368273 -2.1758644   1.07429575
  1.79557658  1.78082959]","[ 0.00000000e+00 -6.02109514e-04  1.48371427e-04 -2.07134744e-01
  2.56496499e-04 -3.36541470e-01 -3.15968251e-02 -2.64548924e-05]","[ 0.         -3.34786367 15.33596134 -0.84867191  1.56097913 -2.32808495
 -1.5461762  -0.41848814]"
1749855096.7151723,"[ 0.          0.51789848  1.27047964 -3.11453281 -2.1758612   1.07287069
  1.7954558   1.78082866]","[ 0.00000000e+00 -5.88370567e-04  1.45720473e-04 -2.14727500e-01
  2.94653352e-04 -3.53834307e-01 -3.05937517e-02 -3.70368514e-05]","[ 0.         -3.3413794  15.2311554  -0.86987287  1.58653855 -2.12216783
 -1.53187859 -0.4193711 ]"
1749855096.7186782,"[ 0.          0.51789482  1.27048004 -3.11538928 -2.17585987  1.07147892
  1.79534541  1.78082866]","[ 0.00000000e+00 -6.47207572e-04  1.48371427e-04 -2.11700001e-01
  2.93732754e-04 -3.43051268e-01 -2.60799204e-02 -3.70368514e-05]","[ 0.         -3.37704039 15.15419674 -0.90724617  1.5090338  -2.23514652
 -1.59095335 -0.39868692]"
1749855096.7229252,"[ 0.          0.51789069  1.27048057 -3.1160082  -2.1758588   1.07045913
  1.79528456  1.78082866]","[ 0.00000000e+00 -7.61754773e-04  1.53668865e-04 -2.07434866e-01
  2.93732754e-04 -3.44374293e-01 -1.72862385e-02 -3.70368514e-05]","[ 0.         -3.33727813 15.21223068 -0.83832687  1.4903965  -2.28373718
 -1.62707567 -0.41026726]"
1749855096.7268944,"[ 0.          0.5178824   1.2704815  -3.11684763 -2.17585694  1.06907309
  1.79523796  1.78082866]","[ 0.00000000e+00 -1.10285467e-03  1.58969375e-04 -2.10676033e-01
  3.11535232e-04 -3.48072724e-01 -7.56272939e-03 -3.70089097e-05]","[ 0.         -3.33695316 15.26756191 -0.81723005  1.54348779 -2.36190319
 -1.69953287 -0.43128252]"
1749855096.7303503,"[ 0.          0.51787002  1.27048244 -3.11768972 -2.17585481  1.0676718
  1.79521891  1.78082772]","[ 0.00000000e+00 -2.58334246e-03  1.64268357e-04 -2.09595638e-01
  3.89433539e-04 -3.44374293e-01 -2.96956636e-03 -3.70092754e-05]","[ 0.         -3.39675045 15.25647736 -0.78440398  1.56456983 -2.32743073
 -1.69056702 -0.40138623]"
1749855096.7333488,"[ 0.          0.51784934  1.27048284 -3.11852968 -2.17585188  1.06630573
  1.79521798  1.78082772]","[ 0.00000000e+00 -5.58201425e-03  1.74866320e-04 -2.07975055e-01
  5.14139276e-04 -3.36541470e-01  0.00000000e+00 -3.70089097e-05]","[ 0.         -3.41677165 15.24351883 -0.706559    1.52980661 -2.25394058
 -1.69586205 -0.44466025]"
1749855096.7375567,"[ 0.          0.51782594  1.27048377 -3.11917017 -2.17585001  1.0652926
  1.79521425  1.78082772]","[ 0.00000000e+00 -8.37302164e-03  1.95193031e-04 -2.12621172e-01
  5.29300763e-04 -3.33840492e-01 -6.22130100e-04 -3.70372172e-05]","[ 0.         -3.40789056 15.30362797 -0.65296292  1.5718019  -2.28172183
 -1.74155235 -0.42458993]"
1749855096.7405796,"[ 0.          0.51778323  1.27048603 -3.1200333  -2.17584602  1.06393698
  1.79520094  1.78082772]","[ 0.00000000e+00 -1.16141912e-02  2.50494991e-04 -2.14187294e-01
  5.94251498e-04 -3.39512526e-01 -1.70204030e-03 -3.70372172e-05]","[ 0.         -3.37775993 15.40621758 -0.64228058  1.6783787  -2.23211312
 -1.77198362 -0.4617013 ]"
1749855096.74473,"[ 0.          0.51774741  1.2704875  -3.12067991 -2.17584176  1.06292385
  1.79518562  1.78082772]","[ 0.00000000e+00 -1.21543863e-02  2.69397340e-04 -2.11701033e-01
  6.76626139e-04 -3.30201915e-01 -2.49008007e-03 -3.70368514e-05]","[ 0.         -3.35687947 15.40882397 -0.60097003  1.69275045 -2.32267523
 -1.80272365 -0.44529822]"
1749855096.7475188,"[ 0.          0.51769461  1.27048883 -3.12151988 -2.1758367   1.0616215
  1.79516086  1.78082679]","[ 0.00000000e+00 -1.40450684e-02  2.64641425e-04 -2.08785355e-01
  9.61178595e-04 -3.19729799e-01 -5.66228411e-03 -4.76188043e-05]","[ 0.         -3.35942817 15.39995098 -0.58075505  1.62230599 -2.40148449
 -1.81960046 -0.43686131]"
1749855096.7521029,"[ 0.          0.51764867  1.27049016 -3.12215983 -2.17583404  1.06070444
  1.79513809  1.78082679]","[ 0.00000000e+00 -1.60491814e-02  2.72585574e-04 -2.13654728e-01
  1.09288459e-03 -3.07911123e-01 -7.12551428e-03 -4.76188043e-05]","[ 0.         -3.34698272 15.420228   -0.54988468  1.65100193 -2.40484619
 -1.81882823 -0.43705148]"
1749855096.7571998,"[ 0.          0.51757567  1.27049202 -3.12302216 -2.17582898  1.05946773
  1.79509335  1.78082679]","[ 0.00000000e+00 -1.90584026e-02  2.86049151e-04 -2.14908578e-01
  1.21449560e-03 -3.06830745e-01 -1.19337694e-02 -4.76192757e-05]","[ 0.         -3.28731227 15.43502808 -0.52911991  1.7379303  -2.40873051
 -1.85232711 -0.4705981 ]"
1749855096.7605455,"[ 0.          0.51746272  1.27049336 -3.12409036 -2.17581939  1.0579761
  1.79501638  1.78082679]","[ 0.00000000e+00 -2.32283823e-02  2.77381004e-04 -2.12400879e-01
  1.44435098e-03 -2.87380648e-01 -1.66366331e-02 -4.76188043e-05]","[ 0.         -3.16533899 15.34073544 -0.43024412  1.78347075 -2.22676015
 -1.84872472 -0.44067588]"
1749855096.764565,"[ 0.          0.51737454  1.27049389 -3.12495642 -2.17581193  1.05682122
  1.79493928  1.78082573]","[ 0.00000000e+00 -2.10676037e-02  2.68751673e-04 -2.16077989e-01
  1.87216948e-03 -2.85607116e-01 -2.02573099e-02 -5.82007654e-05]","[ 0.         -3.1114502  15.26468468 -0.37476155  1.77117455 -2.21334386
 -1.85826862 -0.44781387]"
1749855096.7688804,"[ 0.          0.51728728  1.27049482 -3.12581689 -2.17580421  1.05567393
  1.79485459  1.78082573]","[ 0.00000000e+00 -2.32283823e-02  2.68476124e-04 -2.12651649e-01
  1.88759240e-03 -2.87631418e-01 -2.32283823e-02 -4.76192757e-05]","[ 0.         -3.05406022 15.28575134 -0.27757445  1.78209841 -2.30032706
 -1.87374198 -0.4584417 ]"
1749855096.773439,"[ 0.          0.51717387  1.27049575 -3.12665392 -2.17579462  1.05454375
  1.79475659  1.78082573]","[ 0.00000000e+00 -3.15968251e-02  2.77150155e-04 -2.08388594e-01
  2.17332670e-03 -2.81711677e-01 -2.43334527e-02 -4.76188043e-05]","[ 0.         -3.00274515 15.30489445 -0.26632226  1.81351471 -2.26890469
 -1.89009011 -0.44082132]"
1749855096.7768192,"[ 0.          0.51703292  1.27049615 -3.12751092 -2.1757853   1.05342316
  1.79465859  1.78082573]","[ 0.00000000e+00 -3.71137339e-02  2.60353190e-04 -2.14657808e-01
  2.32773777e-03 -2.72078357e-01 -2.51190644e-02 -4.76192757e-05]","[ 0.         -2.87825918 15.23717213 -0.23062029  1.72656095 -2.29844475
 -1.88675618 -0.45546824]"
1749855096.7796805,"[ 0.          0.51687955  1.27049708 -3.12837325 -2.17577891  1.05233199
  1.79456631  1.7808248 ]","[ 0.00000000e+00 -3.98346773e-02  2.72589817e-04 -2.11899356e-01
  1.83192506e-03 -2.68823791e-01 -2.13377002e-02 -5.82881910e-05]","[ 0.         -2.77894592 15.21249104 -0.12650746  1.69432175 -2.33923483
 -1.89394557 -0.45505965]"
1749855096.7838879,"[ 0.          0.51675189  1.27049802 -3.12900549 -2.17577571  1.05153291
  1.79450838  1.7808248 ]","[ 0.00000000e+00 -4.28814084e-02  2.90714072e-04 -2.06633204e-01
  1.35894817e-03 -2.71712572e-01 -1.78045614e-02 -5.83328791e-05]","[ 0.         -2.67133141 15.24239826 -0.07335784  1.68690455 -2.33254957
 -1.92630136 -0.4728353 ]"
1749855096.7878315,"[ 0.          0.51657922  1.27049935 -3.129834   -2.17577172  1.05044554
  1.79445219  1.7808248 ]","[ 0.00000000e+00 -4.37557908e-02  3.06073151e-04 -2.06689364e-01
  1.05970099e-03 -2.69287181e-01 -1.15353491e-02 -5.83322980e-05]","[ 0.         -2.53857923 15.28753948 -0.04510872  1.7360158  -2.36693311
 -1.97863543 -0.45949697]"
1749855096.7913249,"[ 0.          0.51638454  1.27050174 -3.13064147 -2.17576746  1.04939339
  1.79442369  1.7808248 ]","[ 0.00000000e+00 -5.13185192e-02  3.38609164e-04 -2.02032910e-01
  1.03246165e-03 -2.57672986e-01 -5.51171616e-03 -5.83328791e-05]","[ 0.         -2.41329622 15.31699657  0.02499017  1.6646744  -2.38159776
 -1.99785078 -0.4666557 ]"
1749855096.7953851,"[ 0.          0.5161586   1.27050401 -3.13144015 -2.17576346  1.04835549
  1.79440652  1.7808248 ]","[ 0.00000000e+00 -5.66736701e-02  3.38609164e-04 -1.96090765e-01
  1.03728440e-03 -2.60110161e-01 -4.16118920e-03 -4.77269018e-05]","[ 0.         -2.32546449 15.36809731  0.07368246  1.62032771 -2.38712549
 -2.00701809 -0.50038815]"
1749855096.799601,"[ 0.          0.51590607  1.27050587 -3.13222578 -2.1757592   1.04730621
  1.79438468  1.78082386]","[ 0.00000000e+00 -6.13804744e-02  3.32356360e-04 -1.97641707e-01
  1.03770995e-03 -2.63345037e-01 -5.23440099e-03 -5.83328791e-05]","[ 0.         -2.22298336 15.38914013  0.12395045  1.61501896 -2.35425425
 -2.00663233 -0.47587031]"
1749855096.8033628,"[ 0.          0.51567507  1.27050907 -3.13301594 -2.17575494  1.04619414
  1.7943438   1.78082386]","[ 0.00000000e+00 -5.61721344e-02  3.64302427e-04 -1.94470181e-01
  1.02052463e-03 -2.81711677e-01 -1.01996219e-02 -5.83328791e-05]","[ 0.         -2.18007684 15.40969276  0.2314591   1.57818961 -2.3281951
 -2.00873947 -0.50350595]"
1749855096.8073776,"[ 0.          0.51546568  1.27051173 -3.1337816  -2.17575148  1.04507068
  1.79427815  1.78082386]","[ 0.00000000e+00 -5.07783261e-02  4.05754536e-04 -1.87177547e-01
  1.00549903e-03 -2.76569412e-01 -1.80751656e-02 -5.83328791e-05]","[ 0.         -2.23861814 15.4553051   0.30421066  1.5240773  -2.42668629
 -2.04291821 -0.4870165 ]"
1749855096.8118231,"[ 0.          0.51525493  1.27051453 -3.13450651 -2.17574828  1.0439481
  1.79418108  1.78082386]","[ 0.00000000e+00 -5.26613765e-02  4.94345539e-04 -1.79432842e-01
  9.34937681e-04 -2.79820999e-01 -2.75585803e-02 -5.83334602e-05]","[ 0.         -2.36456037 15.456213    0.34104288  1.4896276  -2.50480199
 -2.02822566 -0.47738925]"
1749855096.8152676,"[ 0.          0.51510063  1.27051679 -3.13522237 -2.17574509  1.04283416
  1.79405365  1.78082293]","[ 0.00000000e+00 -5.07268771e-02  5.92462056e-04 -1.77454047e-01
  8.77673996e-04 -2.76849910e-01 -3.48568151e-02 -5.83328791e-05]","[ 0.         -2.46158695 15.37857819  0.31723273  1.47305024 -2.37414765
 -2.00339222 -0.49906713]"
1749855096.8187015,"[ 0.          0.51490089  1.27051826 -3.13593051 -2.17574162  1.04170019
  1.7939394   1.78082293]","[ 0.00000000e+00 -4.93777572e-02  5.88250348e-04 -1.76282339e-01
  8.33746272e-04 -2.86283059e-01 -4.15950101e-02 -5.83328791e-05]","[ 0.         -2.5855031  15.31356812  0.22464375  1.40264893 -2.25950861
 -2.00882602 -0.49517462]"
1749855096.822429,"[ 0.          0.51475395  1.27051959 -3.13645621 -2.17574029  1.04084971
  1.79380624  1.78082293]","[ 0.00000000e+00 -4.64567646e-02  5.85089144e-04 -1.72322185e-01
  7.57448852e-04 -2.76849910e-01 -4.53763743e-02 -5.83328791e-05]","[ 0.         -2.76038575 15.28955078  0.19089575  1.36867237 -2.209059
 -2.03416133 -0.49259564]"
1749855096.8253415,"[ 0.          0.51461114  1.27052145 -3.1369734  -2.17573896  1.04002779
  1.79365883  1.78082293]","[ 0.00000000e+00 -4.78517201e-02  5.85109170e-04 -1.70271784e-01
  6.84617248e-04 -2.68823791e-01 -4.91079332e-02 -5.83328791e-05]","[ 0.         -2.9063561  15.27706623  0.11887657  1.38633358 -2.21037316
 -2.03370285 -0.48573366]"
1749855096.8287663,"[ 0.          0.51439439  1.27052425 -3.13768926 -2.17573683  1.0389528
  1.79344578  1.780822  ]","[ 0.00000000e+00 -5.71752099e-02  6.05607968e-04 -1.73132485e-01
  6.35764237e-04 -2.63306887e-01 -5.50998833e-02 -5.83328791e-05]","[ 0.         -3.00601101 15.28294754  0.08134816  1.39894879 -2.20402884
 -2.07767653 -0.50943482]"
1749855096.8360355,"[ 0.          0.51420661  1.27052598 -3.13822109 -2.17573523  1.0381737
  1.79326589  1.780822  ]","[ 0.00000000e+00 -6.75243704e-02  5.88250348e-04 -1.75122249e-01
  6.17963839e-04 -2.64693894e-01 -6.16890390e-02 -5.83328791e-05]","[ 0.         -3.03831363 15.2569294   0.02419092  1.38305199 -2.17726469
 -2.04719687 -0.47848636]"
1749855096.8400137,"[ 0.          0.51365739  1.27053011 -3.13942085 -2.17573257  1.03626255
  1.79280649  1.78082107]","[ 0.00000000e+00 -8.52643231e-02  5.65933890e-04 -1.68540829e-01
  5.03383024e-04 -2.67935045e-01 -6.37430062e-02 -6.62873661e-05]","[ 0.00000000e+00 -2.73401642e+00  1.52441521e+01  5.16184024e-04
  1.31779850e+00 -2.20487928e+00 -2.11200929e+00 -4.64736998e-01]"
1749855096.8439958,"[ 0.          0.51328958  1.27053423 -3.14009542 -2.17573071  1.03519708
  1.79255908  1.78082107]","[ 0.00000000e+00 -9.50743100e-02  6.26224320e-04 -1.70431507e-01
  4.80910294e-04 -2.63078221e-01 -5.99616379e-02 -6.62880244e-05]","[ 0.         -2.49657416 15.36008835  0.07704273  1.3132056  -2.36854005
 -2.12800908 -0.48514605]"
1749855096.8475885,"[ 0.          0.512897    1.27054076 -3.14062167 -2.17572831  1.03415252
  1.79232792  1.78082107]","[ 0.00000000e+00 -9.83154852e-02  8.71345802e-04 -1.74036362e-01
  4.98605004e-04 -2.56592608e-01 -5.69905654e-02 -5.83328791e-05]","[ 0.         -2.23180747 15.44247913  0.13369848  1.36347675 -2.34447932
 -2.13170481 -0.52617353]"
1749855096.8511772,"[ 0.          0.51250301  1.27055035 -3.14131861 -2.17572618  1.03312135
  1.79211766  1.78082107]","[ 0.00000000e+00 -9.84592959e-02  1.59201845e-03 -1.73672674e-01
  5.01501289e-04 -2.56853115e-01 -5.01872291e-02 -5.83328791e-05]","[ 0.         -1.94882298 15.38203144  0.3248837   1.34466231 -2.32551885
 -2.13273096 -0.52299786]"
1749855096.8559446,"[ 0.          0.51212188  1.27056739  3.14119398 -2.17572431  1.03211294
  1.79192645  1.78082013]","[ 0.00000000e+00 -9.37874039e-02  4.04315291e-03 -1.62598684e-01
  5.03949759e-04 -2.43087735e-01 -4.72670564e-02 -6.62873661e-05]","[ 0.         -1.82991755 15.28955746  0.51883727  1.30576789 -2.35859585
 -2.15464664 -0.52166265]"
1749855096.8588076,"[ 0.          0.51174854  1.27059762  3.14055296 -2.17572165  1.03117111
  1.79172392  1.78082013]","[ 0.00000000e+00 -9.72350907e-02  8.91321630e-03 -1.58817312e-01
  5.22172711e-04 -2.31743634e-01 -5.40194971e-02 -6.62873661e-05]","[ 0.         -1.76411939 15.30944633  0.73477143  1.34265292 -2.41500449
 -2.11201096 -0.49647135]"
1749855096.8628292,"[ 0.          0.51144963  1.2706385   3.14007705 -2.17571925  1.0304691
  1.79154602  1.78082013]","[ 0.00000000e+00 -9.90253425e-02  1.56656540e-02 -1.55306051e-01
  5.46459265e-04 -2.31232540e-01 -6.07103565e-02 -5.56808321e-05]","[ 0.         -1.75105143 15.18915272  0.837111    1.42591596 -2.471838
 -2.11406398 -0.52650267]"
1749855096.8657014,"[ 0.          0.51105425  1.27072345  3.13947384 -2.17571366  1.02952441
  1.79127584  1.78081907]","[ 0.00000000e+00 -9.96659659e-02  2.48489678e-02 -1.46060487e-01
  7.02117259e-04 -2.26881884e-01 -7.13057304e-02 -6.61872009e-05]","[ 0.         -1.65338981 14.83484364  0.94097215  1.46147859 -2.52270126
 -2.08005571 -0.5126127 ]"
1749855096.8690832,"[ 0.          0.51074613  1.27080242  3.13904774 -2.1757078   1.02882334
  1.79104468  1.78081907]","[ 0.00000000e+00 -1.02907141e-01  2.64695534e-02 -1.36668808e-01
  9.53778310e-04 -2.31960832e-01 -7.88684671e-02 -6.61372301e-05]","[ 0.         -1.62175071 14.53380871  0.95871353  1.47341537 -2.43610168
 -1.98728943 -0.52135789]"
1749855096.8727384,"[ 0.          0.5104371   1.27087499  3.13866344 -2.17570008  1.02814124
  1.79077916  1.78081907]","[ 0.00000000e+00 -9.98058484e-02  2.30706982e-02 -1.26675712e-01
  1.74423580e-03 -2.28502467e-01 -9.12797215e-02 -6.61872009e-05]","[ 0.         -1.58658528 14.30528069  0.96806538  1.51515126 -2.41075087
 -1.94964397 -0.52053851]"
1749855096.8760421,"[ 0.          0.51005737  1.27095808  3.13816383 -2.1756833   1.02726219
  1.79039207  1.78081907]","[ 0.00000000e+00 -9.07527485e-02  1.98107082e-02 -1.23434545e-01
  3.98995367e-03 -2.13377011e-01 -9.75489276e-02 -6.61372301e-05]","[ 0.         -1.5829128  14.26816273  0.91845763  1.53134274 -2.46314955
 -1.9141326  -0.49602559]"
1749855096.880206,"[ 0.          0.50979378  1.27102053  3.13778753 -2.17566359  1.02661911
  1.79009233  1.78081814]","[ 0.00000000e+00 -8.67012899e-02  2.18778954e-02 -1.25325232e-01
  6.75243714e-03 -2.11216222e-01 -1.03072698e-01 -7.40737029e-05]","[ 0.         -1.62069213 14.35763836  0.85636914  1.39311707 -2.51879597
 -1.91944289 -0.52265584]"
1749855096.8848195,"[ 0.          0.50937317  1.27115702  3.13714491 -2.17561672  1.02575824
  1.78954638  1.78081814]","[ 0.00000000e+00 -7.92428326e-02  2.95906783e-02 -1.27896489e-01
  1.02637042e-02 -2.12890984e-01 -1.12845809e-01 -6.61372301e-05]","[ 0.         -1.69125438 14.32371235  0.7023496   1.1386441  -2.45221734
 -1.87002599 -0.5318796 ]"
1749855096.888329,"[ 0.          0.50905542  1.27127087  3.13664104 -2.17557598  1.02492673
  1.78908299  1.78081814]","[ 0.00000000e+00 -7.81661582e-02  2.86303320e-02 -1.23434545e-01
  9.45341148e-03 -2.04733888e-01 -1.20341417e-01 -6.61378843e-05]","[ 0.         -1.76235497 14.24501324  0.53427804  1.00145721 -2.29640579
 -1.85280633 -0.52805948]"
1749855096.8920763,"[ 0.          0.5088203   1.27135902  3.13627379 -2.17555121  1.02430082
  1.78869683  1.78081814]","[ 0.00000000e+00 -8.04890505e-02  2.97107224e-02 -1.20506158e-01
  7.56272939e-03 -2.06145396e-01 -1.31267377e-01 -6.61372301e-05]","[ 0.         -1.80705416 14.36630154  0.5390799   0.97949785 -2.30424595
 -1.83548498 -0.50662458]"
1749855096.8958778,"[ 0.          0.50849519  1.27149817  3.13581626 -2.17553416  1.02347225
  1.78814223  1.78081721]","[ 0.00000000e+00 -8.29199257e-02  3.83538432e-02 -1.10839658e-01
  2.43334511e-03 -2.01492721e-01 -1.39910499e-01 -7.40744343e-05]","[ 0.         -1.9317137  14.48658371  0.46846825  1.12334144 -2.33388615
 -1.78793335 -0.51355863]"
1749855096.8993366,"[ 0.          0.50813563  1.27165836  3.1353779  -2.17553283  1.02270359
  1.78756379  1.78081721]","[ 0.00000000e+00 -9.37238210e-02  3.88546298e-02 -1.08849286e-01
 -2.60074325e-04 -1.85286870e-01 -1.46662928e-01 -6.61372301e-05]","[ 0.         -1.90221822 14.33593941  0.4328264   1.28830469 -2.34032488
 -1.77595651 -0.50684762]"
1749855096.9027853,"[ 0.          0.5077513   1.27182187  3.13492729 -2.17553177  1.02195871
  1.78697497  1.78081721]","[ 0.00000000e+00 -9.69649962e-02  4.26754004e-02 -1.12739648e-01
  1.06377519e-04 -1.85286870e-01 -1.46662928e-01 -6.61372301e-05]","[ 0.         -1.83301842 14.22545242  0.46432948  1.48313844 -2.34813404
 -1.65352213 -0.50194341]"
1749855096.9061756,"[ 0.          0.50745696  1.27195543  3.13459573 -2.1755315   1.02139838
  1.78655445  1.78081721]","[ 0.00000000e+00 -9.76762183e-02  4.35926639e-02 -1.10469869e-01
  1.90798181e-04 -1.82315797e-01 -1.33968346e-01 -6.61372301e-05]","[ 0.         -1.72187436 14.16862869  0.54147387  1.52206957 -2.3401401
 -1.70364451 -0.51996845]"
1749855096.9096901,"[ 0.          0.50714746  1.2720818   3.1342647  -2.17553017  1.02084184
  1.78617109  1.78081721]","[ 0.00000000e+00 -1.02564301e-01  4.21352073e-02 -1.08579183e-01
  2.65943796e-04 -1.84565586e-01 -1.20870396e-01 -6.61372301e-05]","[ 0.         -1.61479402 14.21112251  0.6506806   1.61349595 -2.35651159
 -1.75389862 -0.52405536]"
1749855096.9131296,"[ 0.          0.5067434   1.27226263  3.13382581 -2.17552777  1.0200865
  1.78576203  1.78081627]","[ 0.00000000e+00 -9.89603613e-02  4.75371550e-02 -1.08579183e-01
  4.28587501e-04 -1.96901065e-01 -9.01917204e-02 -7.40744343e-05]","[ 0.         -1.45107186 14.41051579  0.8636933   1.58836555 -2.38896203
 -1.74460638 -0.5007019 ]"
1749855096.9172547,"[ 0.          0.50633517  1.27245184  3.13340982 -2.17552777  1.01925127
  1.78545097  1.78081627]","[ 0.00000000e+00 -1.02815071e-01  4.50605775e-02 -9.96659659e-02
  2.99905521e-04 -2.08639363e-01 -7.34665111e-02 -6.61372301e-05]","[ 0.         -1.33631563 14.63257217  1.07473779  1.43175721 -2.35093474
 -1.8278029  -0.52567029]"
1749855096.9206786,"[ 0.          0.50602797  1.27259193  3.13311368 -2.17552777  1.01865006
  1.78524444  1.78081627]","[ 0.00000000e+00 -1.03011612e-01  4.69969619e-02 -9.67966262e-02
  2.46981030e-04 -2.01492721e-01 -6.55671883e-02 -6.61372301e-05]","[ 0.         -1.26603091 14.84643078  1.13087952  1.23380601 -2.27891231
 -1.82177389 -0.51603574]"
1749855096.9246595,"[ 0.          0.50561425  1.27277515  3.13272406 -2.17552857  1.0178633
  1.78499624  1.78081627]","[ 0.00000000e+00 -1.02096849e-01  4.23623375e-02 -9.88556741e-02
  1.15919207e-04 -1.93733501e-01 -6.27262321e-02 -6.61372301e-05]","[ 0.         -1.21279418 15.17011833  1.24613118  0.99236315 -2.34180021
 -1.85193765 -0.49879056]"
1749855096.9277647,"[ 0.          0.50519959  1.2729432   3.13232432 -2.17552831  1.01708133
  1.7847194   1.78081627]","[ 0.00000000e+00 -1.02096849e-01  4.04735738e-02 -9.80453824e-02
  0.00000000e+00 -1.96901065e-01 -7.13057304e-02 -5.82007654e-05]","[ 0.         -1.21360385 15.58507538  1.39952755  0.85228503 -2.35503721
 -1.86353028 -0.52856106]"
1749855096.9311657,"[ 0.          0.5048933   1.27307409  3.13203084 -2.17552831  1.01648871
  1.78448065  1.78081534]","[ 0.00000000e+00 -1.00104638e-01  4.42959881e-02 -9.45341127e-02
  0.00000000e+00 -1.96431733e-01 -8.20264352e-02 -6.60879907e-05]","[ 0.         -1.23051357 15.81341553  1.49912727  0.83944994 -2.33152938
 -1.87025344 -0.51719499]"
1749855096.9346952,"[ 0.          0.50449795  1.27325266  3.13166199 -2.17552831  1.01566772
  1.78409436  1.78081534]","[ 0.00000000e+00 -9.69649962e-02  4.56464729e-02 -8.91321651e-02
  0.00000000e+00 -2.12296616e-01 -1.04257622e-01 -6.60873364e-05]","[ 0.         -1.31680977 15.85496616  1.53388643  0.85444254 -2.31132388
 -1.8966521  -0.51322317]"
1749855096.9387672,"[ 0.          0.50420956  1.27340512  3.131405   -2.17552857  1.01500273
  1.78376519  1.78081534]","[ 0.00000000e+00 -9.42889438e-02  5.39647609e-02 -8.29199257e-02
 -3.18192037e-05 -2.22180855e-01 -1.09335047e-01 -6.60879907e-05]","[ 0.         -1.39411342 15.77392864  1.49706852  0.88145572 -2.27241993
 -1.87002146 -0.52710313]"
1749855096.9415894,"[ 0.          0.50382431  1.27361631  3.13110539 -2.17552831  1.01412275
  1.78331339  1.78081534]","[ 0.00000000e+00 -9.80504674e-02  5.15886178e-02 -6.99552497e-02
 -3.93347788e-05 -2.15159331e-01 -1.16356562e-01 -5.81568575e-05]","[ 0.         -1.54108965 15.58608723  1.38203585  0.89633727 -2.300071
 -1.95632422 -0.50976455]"
1749855096.9457755,"[ 0.          0.50352723  1.27372337  3.13091391 -2.17552831  1.01349112
  1.78296797  1.78081441]","[ 0.00000000e+00 -1.01453754e-01  5.28854690e-02 -5.91513461e-02
 -1.89245765e-05 -2.13377011e-01 -1.15754413e-01 -6.61378843e-05]","[ 0.         -1.64586389 15.50069904  1.29322481  1.0011797  -2.2909677
 -1.89097059 -0.54171103]"
1749855096.9494002,"[ 0.          0.50311258  1.27393962  3.13069819 -2.17552831  1.0126226
  1.78247622  1.78081441]","[ 0.00000000e+00 -1.06148308e-01  5.29391068e-02 -5.15886178e-02
 -1.76854341e-05 -2.18827120e-01 -1.27486012e-01 -6.61372301e-05]","[ 0.         -1.71867394 15.18187237  1.14707434  1.06409073 -2.28536606
 -1.82945943 -0.50856614]"
1749855096.952967,"[ 0.          0.50265891  1.27416332  3.13050112 -2.17552831  1.01174169
  1.78195864  1.78081441]","[ 0.00000000e+00 -1.16952203e-01  5.82819447e-02 -4.76460075e-02
  0.00000000e+00 -2.22020133e-01 -1.30186982e-01 -6.61372301e-05]","[ 0.         -1.69047129 14.71609783  0.88973159  1.04880536 -2.2042172
 -1.73380089 -0.51416332]"
1749855096.9558694,"[ 0.          0.50230071  1.27433457  3.13035784 -2.17552831  1.011052
  1.78157434  1.78081441]","[ 0.00000000e+00 -1.18182833e-01  5.53676933e-02 -5.05082274e-02
  0.00000000e+00 -2.31473540e-01 -1.23579305e-01 -5.82007654e-05]","[ 0.         -1.61664987 14.3164854   0.8103748   1.02688038 -2.14364552
 -1.68853474 -0.51481491]"
1749855096.9593832,"[ 0.          0.50194118  1.27450168  3.13020231 -2.17552831  1.01034613
  1.78123186  1.78081348]","[ 0.00000000e+00 -1.19112984e-01  5.72026487e-02 -5.15886178e-02
  0.00000000e+00 -2.42007340e-01 -1.08331975e-01 -6.61378843e-05]","[ 0.         -1.53098536 14.09638786  0.69390517  1.05466211 -2.11280155
 -1.73503125 -0.50704497]"
1749855096.9629927,"[ 0.          0.50146914  1.27471753  3.1299874  -2.17552831  1.00936528
  1.78084184  1.78081348]","[ 0.00000000e+00 -1.14521328e-01  5.02381288e-02 -5.64503723e-02
  0.00000000e+00 -2.34719284e-01 -8.97751104e-02 -6.61378843e-05]","[ 0.         -1.42273462 13.96270657  0.65985572  1.07249451 -2.18540001
 -1.74452484 -0.51169622]"
1749855096.9670508,"[ 0.          0.50100582  1.27491127  3.12973173 -2.17552831  1.00840355
  1.7805136   1.78081348]","[ 0.00000000e+00 -1.15061525e-01  4.64567646e-02 -6.75243704e-02
  0.00000000e+00 -2.45271377e-01 -8.07474437e-02 -5.56392812e-05]","[ 0.         -1.31511176 14.01616478  0.78326881  1.04673958 -2.30655909
 -1.72527146 -0.532215  ]"
1749855096.9706528,"[ 0.          0.5006591   1.27503298  3.12950243 -2.17552831  1.00764914
  1.78024729  1.78081348]","[ 0.00000000e+00 -1.13848880e-01  3.61930625e-02 -7.92428326e-02
  0.00000000e+00 -2.57672986e-01 -8.47469208e-02 -5.56392812e-05]","[ 0.         -1.22130036 14.14200878  0.89696389  0.99522465 -2.31361008
 -1.68170166 -0.51381207]"
1749855096.974088,"[ 0.          0.50018753  1.27514963  3.12918073 -2.1755291   1.00658181
  1.77987538  1.78081348]","[ 0.00000000e+00 -1.19253499e-01  2.56592596e-02 -8.31900202e-02
 -1.56026309e-05 -2.73878837e-01 -9.78393619e-02 -5.56813848e-05]","[ 0.         -1.0551337  14.51942539  1.13017023  0.82207733 -2.22198105
 -1.66303742 -0.52306551]"
1749855096.978709,"[ 0.          0.49972101  1.2752479   3.1288417  -2.1755291   1.00542214
  1.77942637  1.78081241]","[ 0.00000000e+00 -1.14099650e-01  2.32283823e-02 -8.30043562e-02
 -1.01902129e-05 -2.94107959e-01 -1.18362713e-01 -5.82887721e-05]","[ 0.         -0.88322753 15.1453104   1.45138359  0.65465707 -2.29290056
 -1.710832   -0.52565157]"
1749855096.9822357,"[ 0.          0.49927696  1.27534563  3.12852026 -2.17552964  1.00421686
  1.77891451  1.78081241]","[ 0.00000000e+00 -1.11933884e-01  2.45788713e-02 -7.96787588e-02
 -2.45493339e-05 -3.00888600e-01 -1.33408824e-01 -5.82887721e-05]","[ 0.         -0.78888363 15.77122688  1.71410298  0.57932401 -2.30506492
 -1.74982989 -0.52130377]"
1749855096.9857106,"[ 0.          0.49894956  1.27542287  3.12828803 -2.17552964  1.00328649
  1.77848827  1.78081241]","[ 0.00000000e+00 -1.05608111e-01  2.64695534e-02 -7.29263222e-02
 -2.41110437e-05 -3.07599134e-01 -1.48553606e-01 -5.82887721e-05]","[ 0.         -0.72404236 16.17106247  1.89364815  0.59894991 -2.31855822
 -1.80136108 -0.54089326]"
1749855096.9891157,"[ 0.          0.4985395   1.27555323  3.12802198 -2.17552964  1.00202029
  1.77781675  1.78081148]","[ 0.00000000e+00 -1.01556652e-01  3.67332556e-02 -6.29327103e-02
 -2.32797852e-05 -3.21415980e-01 -1.77634210e-01 -6.62379032e-05]","[ 0.         -0.75359488 16.38755226  2.01902103  0.60692823 -2.37312102
 -1.75927496 -0.54551405]"
1749855096.9937413,"[ 0.          0.49822451  1.27568452  3.12785367 -2.17552964  1.0010214
  1.77723832  1.78081148]","[ 0.00000000e+00 -1.04738231e-01  4.59165715e-02 -5.29391068e-02
 -2.24750726e-05 -3.31949814e-01 -1.95820670e-01 -6.62372408e-05]","[ 0.         -0.73507631 16.19772911  2.02834392  0.60127187 -2.31673217
 -1.73036265 -0.56022584]"
1749855096.997686,"[ 0.          0.49769184  1.27591915  3.12760653 -2.17552964  0.99935852
  1.77645535  1.78081148]","[ 0.00000000e+00 -1.03717433e-01  4.75371550e-02 -4.78072536e-02
 -1.76854341e-05 -3.32422925e-01 -1.90148620e-01 -5.82887721e-05]","[ 0.         -0.79203683 15.58029366  1.90087795  0.74767047 -2.48877978
 -1.70308197 -0.53878433]"
1749855097.0011952,"[ 0.          0.49727536  1.27610983  3.12741878 -2.1755291   0.99803906
  1.77575241  1.78081148]","[ 0.00000000e+00 -1.01993402e-01  4.56464729e-02 -4.75371550e-02
 -1.28277110e-05 -3.27088047e-01 -1.65839851e-01 -5.82881910e-05]","[ 0.         -0.75572771 15.13803864  1.80200088  0.95516843 -2.60180855
 -1.75458515 -0.55898666]"
1749855097.0046663,"[ 0.          0.49706826  1.2762338   3.12726085 -2.1755291   0.99703831
  1.7752777   1.78081055]","[ 0.00000000e+00 -9.97119553e-02  3.91198807e-02 -5.34792999e-02
 -1.26280003e-05 -3.32422925e-01 -1.51254584e-01 -6.62372408e-05]","[ 0.         -0.75691831 14.89113903  1.72905421  1.05815578 -2.60916376
 -1.75506818 -0.56814837]"
1749855097.0082183,"[ 0.          0.49668344  1.27638627  3.12703901 -2.17552964  0.99571312
  1.7747183   1.78081055]","[ 0.00000000e+00 -9.29475761e-02  3.70788174e-02 -5.53699820e-02
 -2.03391004e-05 -3.26007669e-01 -1.28894991e-01 -6.62372408e-05]","[ 0.         -0.80231416 14.58125591  1.63213027  1.03664875 -2.52464485
 -1.6753968  -0.55464482]"
1749855097.0128667,"[ 0.          0.4963363   1.27652169  3.12681025 -2.17552964  0.99440984
  1.77422748  1.78081055]","[ 0.00000000e+00 -8.21096340e-02  3.05937517e-02 -5.50998833e-02
 -1.97446701e-05 -3.25197369e-01 -1.19115015e-01 -6.62372408e-05]","[ 0.         -0.83182126 14.39263344  1.46614516  0.97021997 -2.33859277
 -1.74122429 -0.54938698]"
1749855097.0163107,"[ 0.          0.49601259  1.27664433  3.12659799 -2.1755291   0.99311221
  1.77375277  1.78080962]","[ 0.00000000e+00 -8.17566153e-02  3.18715031e-02 -5.00577662e-02
 -1.16629681e-05 -3.23634926e-01 -1.21543868e-01 -6.62372408e-05]","[ 0.         -0.93501645 14.5796051   1.36908376  0.97456294 -2.34953833
 -1.63509142 -0.55261987]"
1749855097.0229688,"[ 0.          0.49568059  1.276794    3.12640651 -2.1755291   0.99180227
  1.77323519  1.78080962]","[ 0.00000000e+00 -8.34601230e-02  3.99744266e-02 -4.53763743e-02
 -1.14974796e-05 -3.23306691e-01 -1.33023140e-01 -6.62379032e-05]","[ 0.         -1.09253168 14.73266506  1.25594997  1.00449669 -2.37091541
 -1.60011768 -0.52833688]"
1749855097.023959,"[ 0.          0.49543079  1.27691836  3.12627309 -2.1755291   0.99087096
  1.77280908  1.78080962]","[ 0.00000000e+00 -8.12489835e-02  4.01229520e-02 -4.43860154e-02
 -1.13366205e-05 -3.12502779e-01 -1.44191864e-01 -6.62372408e-05]","[ 0.         -1.13364339 14.69857216  1.2194922   1.13142967 -2.45165825
 -1.54157138 -0.54142904]"
1749855097.0284946,"[ 0.          0.49499822  1.27712503  3.12604938 -2.17552857  0.98928039
  1.77207458  1.78080868]","[ 0.00000000e+00 -9.07527485e-02  4.23623375e-02 -4.29019855e-02
 -3.62290469e-06 -3.11376695e-01 -1.48403104e-01 -7.41857136e-05]","[ 0.         -1.26459777 14.60396099  1.11744618  1.28193045 -2.47035575
 -1.51167953 -0.5494616 ]"
1749855097.032121,"[ 0.          0.49462581  1.27728388  3.12593087 -2.17552857  0.98803323
  1.7714791   1.78080868]","[ 0.00000000e+00 -9.21032375e-02  3.56091228e-02 -3.86239376e-02
 -3.57126139e-06 -3.09949806e-01 -1.47473228e-01 -6.61372301e-05]","[ 0.         -1.24776745 14.52169704  1.0980103   1.37732959 -2.4279294
 -1.48260617 -0.53151423]"
1749855097.0372598,"[ 0.          0.49426029  1.27740519  3.1257844  -2.17552857  0.98683454
  1.77090452  1.78080868]","[ 0.00000000e+00 -9.02125596e-02  2.85876049e-02 -3.28506684e-02
 -3.52465805e-06 -2.98187623e-01 -1.39910499e-01 -6.61372301e-05]","[ 0.         -1.1619271  14.71609116  1.137012    1.36979234 -2.4357574
 -1.45736063 -0.54364336]"
1749855097.0453224,"[ 0.          0.49380203  1.27755526  3.12566881 -2.17552857  0.9852925
  1.7702358   1.78080868]","[ 0.00000000e+00 -9.18331430e-02  3.02509176e-02 -1.56656540e-02
 -3.43500734e-06 -2.94199139e-01 -1.26277545e-01 -6.61372301e-05]","[ 0.         -1.08979595 14.96779156  1.15225708  1.28504705 -2.32955384
 -1.44266832 -0.5369634 ]"
1749855097.0493774,"[ 0.          0.49307376  1.27780506  3.12563286 -2.1755291   0.98287336
  1.76924737  1.78080775]","[ 0.00000000e+00 -9.18331430e-02  3.48425735e-02  1.03978957e-03
 -9.79691653e-06 -3.05148660e-01 -1.28296304e-01 -6.61372301e-05]","[ 0.         -1.08569205 15.12505245  1.02229345  1.19420731 -2.27696824
 -1.34885037 -0.53416824]"
1749855097.0521111,"[ 0.          0.49270641  1.27796166  3.12563419 -2.1755291   0.98166994
  1.76869849  1.78080775]","[ 0.00000000e+00 -9.21032375e-02  3.99744266e-02  3.31238950e-04
 -9.55691262e-06 -2.97411378e-01 -1.40848032e-01 -6.61372301e-05]","[ 0.         -1.16469693 15.01844978  0.96396583  1.26086676 -2.39357138
 -1.2996819  -0.51595044]"
1749855097.055794,"[ 0.          0.49242218  1.27807964  3.12563206 -2.17552857  0.98078996
  1.76825041  1.78080775]","[ 0.00000000e+00 -9.39939238e-02  3.83675751e-02 -3.51051055e-04
  0.00000000e+00 -2.94107959e-01 -1.48553606e-01 -6.61372301e-05]","[ 0.         -1.17499077 14.91587734  0.98792011  1.36329222 -2.491395
 -1.2802726  -0.52872306]"
1749855097.059184,"[ 0.          0.49213519  1.27819215  3.12563153 -2.17552831  0.98018782
  1.76780806  1.78080775]","[ 0.00000000e+00 -9.30351025e-02  3.88940363e-02 -5.34234926e-04
  3.03944419e-06 -2.93325855e-01 -1.44191864e-01 -5.82013384e-05]","[ 0.         -1.19517839 14.71394062  1.0162499   1.46704781 -2.44513297
 -1.33174384 -0.5252369 ]"
1749855097.0620596,"[ 0.          0.49186977  1.27830654  3.12563073 -2.17552831  0.97929074
  1.76739035  1.78080682]","[ 0.00000000e+00 -8.85919761e-02  3.67332556e-02 -3.31156572e-04
  2.97254337e-06 -2.98414457e-01 -1.39910499e-01 -6.61372301e-05]","[ 0.         -1.23940921 14.54636478  1.02575159  1.56299663 -2.34888768
 -1.36202908 -0.51611197]"
1749855097.0655522,"[ 0.          0.49151711  1.2784369   3.12563073 -2.17552857  0.97809019
  1.76685012  1.78080682]","[ 0.00000000e+00 -8.93116788e-02  2.86013244e-02 -8.84967097e-05
  5.81698490e-06 -2.95216533e-01 -1.32887960e-01 -6.61378843e-05]","[ 0.         -1.36473536 14.37784767  1.02991259  1.57449889 -2.33098841
 -1.2816292  -0.54719454]"
1749855097.0690851,"[ 0.          0.49125122  1.27851866  3.1256302  -2.17552831  0.97721307
  1.7664629   1.78080682]","[ 0.00000000e+00 -8.67012899e-02  2.68322260e-02 -1.31970319e-04
  8.53458686e-06 -2.87380648e-01 -1.24244837e-01 -6.61372301e-05]","[ 0.         -1.44163942 14.43526173  1.02047229  1.5906626  -2.265239
 -1.28072381 -0.53598088]"
1749855097.0732617,"[ 0.          0.49091467  1.27863211  3.12562967 -2.17552857  0.97605819
  1.76598153  1.78080682]","[ 0.00000000e+00 -8.18395312e-02  2.98414461e-02 -1.10394675e-04
  5.63042120e-06 -2.84872982e-01 -1.11820358e-01 -6.61378843e-05]","[ 0.         -1.47841775 14.64505863  1.02547777  1.50454152 -2.29798365
 -1.40340686 -0.53436965]"
1749855097.0784168,"[ 0.          0.49057025  1.27874822  3.12562887 -2.17552857  0.97490138
  1.76559431  1.78080575]","[ 0.00000000e+00 -8.75115816e-02  2.70575169e-02 -1.32119968e-04
  1.10222191e-05 -2.91435178e-01 -8.85919761e-02 -6.61372301e-05]","[ 0.         -1.56996107 14.82062054  0.9833492   1.40287912 -2.27999568
 -1.46378577 -0.55772185]"
1749855097.0818188,"[ 0.          0.49011199  1.27887139  3.125627   -2.1755291   0.97342593
  1.7651967   1.78080575]","[ 0.00000000e+00 -9.31836320e-02  2.43016570e-02 -2.05638168e-04
  5.34744458e-06 -2.92542187e-01 -7.42768028e-02 -6.60873364e-05]","[ 0.         -1.50947511 15.21514988  0.88863558  1.23166192 -2.24390841
 -1.45560455 -0.53996062]"
1749855097.0848496,"[ 0.          0.4898236   1.27895448  3.12562514 -2.1755291   0.97254122
  1.76498258  1.78080575]","[ 0.00000000e+00 -9.63271025e-02  2.95906783e-02 -2.65179617e-04
  5.29097849e-06 -2.90139117e-01 -6.96145440e-02 -6.61372301e-05]","[ 0.         -1.468575   15.47134876  0.85169244  1.08931518 -2.33305597
 -1.49585509 -0.53993958]"
1749855097.0882015,"[ 0.          0.48952469  1.27905635  3.12562327 -2.17552964  0.97168315
  1.76475621  1.78080575]","[ 0.00000000e+00 -9.90535387e-02  3.61930625e-02 -3.09105097e-04
  0.00000000e+00 -2.88171840e-01 -7.72478753e-02 -5.82007654e-05]","[ 0.         -1.42202795 15.55029678  0.82838273  1.02670193 -2.34465051
 -1.4977169  -0.5455097 ]"
1749855097.0923681,"[ 0.          0.48923035  1.27917073  3.12562061 -2.1755291   0.97081077
  1.76450415  1.78080575]","[ 0.00000000e+00 -1.00104638e-01  3.78136459e-02 -3.73680382e-04
  5.29497611e-06 -2.88464088e-01 -8.60135785e-02 -5.81568575e-05]","[ 0.         -1.32238269 15.44567776  0.83161587  1.07358181 -2.35270357
 -1.43570662 -0.56225425]"
1749855097.0997074,"[ 0.          0.48873304  1.27938245  3.12561582 -2.1755291   0.96937619
  1.76402371  1.78080482]","[ 0.00000000e+00 -9.58846017e-02  4.61398734e-02 -4.64760556e-04
  5.29103081e-06 -2.79820999e-01 -1.03072698e-01 -6.61372301e-05]","[ 0.         -1.21741307 15.08484936  0.84687138  1.19066119 -2.35781193
 -1.35646224 -0.5372476 ]"
1749855097.1094713,"[ 0.          0.48809295  1.279679    3.12561182 -2.17552831  0.96746411
  1.76325885  1.78080482]","[ 0.00000000e+00 -9.19263787e-02  3.56528652e-02 -5.90805123e-04
  7.93646773e-06 -2.67396504e-01 -1.10234321e-01 -6.60873364e-05]","[ 0.         -1.27384233 14.43559742  0.92805964  1.50455582 -2.46328592
 -1.34639394 -0.56317163]"
1749855097.1127226,"[ 0.          0.48730725  1.27993626  3.12560623 -2.17552831  0.96500974
  1.7622105   1.78080389]","[ 0.00000000e+00 -8.35058960e-02  2.10753747e-02 -7.02119665e-04
  1.32574726e-05 -2.68744512e-01 -1.23704640e-01 -6.60879907e-05]","[ 0.         -1.42260945 14.38151932  0.95753443  1.57114077 -2.38930678
 -1.35248518 -0.5562647 ]"
1749855097.1166828,"[ 0.          0.48696057  1.28001842  3.12560117 -2.17552857  0.96394993
  1.7616768   1.78080389]","[ 0.00000000e+00 -8.72674280e-02  1.99669629e-02 -7.62156913e-04
  1.06058726e-05 -2.60373964e-01 -1.38795034e-01 -5.82013384e-05]","[ 0.         -1.45835507 14.73927402  0.90850282  1.44588089 -2.41905761
 -1.39040554 -0.54483378]"
1749855097.121311,"[ 0.          0.48662308  1.28009099  3.12559398 -2.17552857  0.96289212
  1.76111847  1.78080389]","[ 0.00000000e+00 -8.42704147e-02  2.56592596e-02 -9.79051878e-04
  5.30304197e-06 -2.63345037e-01 -1.37749710e-01 -5.82007654e-05]","[ 0.         -1.42302549 15.02370548  0.83624184  1.40401614 -2.42141128
 -1.43679941 -0.57866752]"
1749855097.126695,"[ 0.          0.48620473  1.28024066  3.12558066 -2.17552857  0.96157359
  1.76044868  1.78080389]","[ 0.00000000e+00 -8.29199257e-02  3.02509176e-02 -2.31838420e-03
  5.29897933e-06 -2.58793045e-01 -1.30186982e-01 -5.82013384e-05]","[ 0.         -1.45534575 15.23762798  0.80565685  1.40626323 -2.37146425
 -1.53779566 -0.56693852]"
1749855097.13122,"[ 0.          0.48579697  1.28039033  3.1255567  -2.17552857  0.96029121
  1.7598066   1.78080296]","[ 0.00000000e+00 -8.02189477e-02  2.90891406e-02 -5.40012347e-03
  0.00000000e+00 -2.47949485e-01 -1.26405618e-01 -5.81574305e-05]","[ 0.         -1.4656558  15.33511066  0.7841627   1.38306236 -2.36518168
 -1.49172938 -0.56988835]"
1749855097.1341841,"[ 0.          0.4854682   1.2805143   3.12552234 -2.17552857  0.95932755
  1.75930246  1.78080296]","[ 0.00000000e+00 -8.34273411e-02  3.15968251e-02 -9.72350907e-03
  0.00000000e+00 -2.38225968e-01 -1.24118953e-01 -5.82447383e-05]","[ 0.         -1.48084378 15.34125137  0.76842308  1.39072323 -2.2916615
 -1.57481086 -0.57807761]"
1749855097.1386588,"[ 0.          0.48512841  1.2806356   3.12546402 -2.17552857  0.95837434
  1.75883627  1.78080296]","[ 0.00000000e+00 -8.55120470e-02  2.85876049e-02 -1.68014870e-02
  0.00000000e+00 -2.34498475e-01 -1.10739964e-01 -5.82447383e-05]","[ 0.         -1.41323376 15.33127117  0.81228125  1.44958663 -2.28351808
 -1.52308643 -0.57365584]"
1749855097.142004,"[ 0.          0.48477621  1.28073707  3.12538119 -2.17552857  0.95742212
  1.75841296  1.78080296]","[ 0.00000000e+00 -9.02766419e-02  2.40964626e-02 -2.29582858e-02
  5.29897933e-06 -2.41197040e-01 -9.67997138e-02 -5.82893532e-05]","[ 0.         -1.28844035 15.30242634  0.8976143   1.48099685 -2.30474401
 -1.57599545 -0.57613015]"
1749855097.1467133,"[ 0.          0.48439691  1.28083854  3.12527254 -2.17552857  0.95643276
  1.75804864  1.78080296]","[ 0.00000000e+00 -9.62950864e-02  2.70097486e-02 -2.97107224e-02
  5.29897933e-06 -2.49029880e-01 -8.77816761e-02 -4.76547840e-05]","[ 0.         -1.20256388 15.3146925   1.00364101  1.4064132  -2.24974251
 -1.50925279 -0.58994693]"
1749855097.1507943,"[ 0.          0.4840236   1.28095518  3.12511861 -2.17552857  0.95545292
  1.75772227  1.78080203]","[ 0.00000000e+00 -9.12797215e-02  2.89004307e-02 -4.42959881e-02
  5.29897933e-06 -2.41215633e-01 -7.72478753e-02 -5.82887721e-05]","[ 0.         -1.0700984  15.27766228  1.10846412  1.41416192 -2.24957609
 -1.52610433 -0.57608688]"
1749855097.153794,"[ 0.          0.48367599  1.28106677  3.12490688 -2.17552831  0.95449591
  1.75742733  1.78080203]","[ 0.00000000e+00 -8.79625630e-02  2.69823804e-02 -5.59101792e-02
  2.64948966e-06 -2.39233109e-01 -7.23127798e-02 -5.83328791e-05]","[ 0.         -0.97766238 15.29905605  1.26443172  1.47976279 -2.38390803
 -1.56622446 -0.56055301]"
1749855097.157773,"[ 0.          0.48342436  1.28114986  3.12471966 -2.17552857  0.9537662
  1.75721041  1.78080203]","[ 0.00000000e+00 -8.04890505e-02  2.86303320e-02 -6.51998011e-02
  0.00000000e+00 -2.39233109e-01 -6.85352481e-02 -5.82887721e-05]","[ 0.         -0.94810301 15.41862392  1.37091243  1.53319347 -2.37953591
 -1.44284141 -0.55797005]"
1749855097.161207,"[ 0.          0.48313321  1.28128022  3.12443391 -2.17552857  0.95277118
  1.75701733  1.78080203]","[ 0.00000000e+00 -6.67140745e-02  3.45374480e-02 -7.39317237e-02
 -2.65149457e-06 -2.54279220e-01 -6.15822255e-02 -4.76908124e-05]","[ 0.         -1.04301798 15.28017521  1.51043415  1.53658521 -2.35014915
 -1.49748707 -0.56853044]"
1749855097.1652286,"[ 0.          0.48286183  1.28141338  3.12412391 -2.17552857  0.9517181
  1.75679096  1.78080203]","[ 0.00000000e+00 -6.45898457e-02  3.16014045e-02 -7.79156213e-02
 -2.65146816e-06 -2.61551497e-01 -5.29391068e-02 -4.76908124e-05]","[ 0.         -1.17519212 15.09025288  1.50120318  1.52653682 -2.28758383
 -1.45026577 -0.58352935]"
1749855097.1686625,"[ 0.          0.48259918  1.28152723  3.12380753 -2.17552857  0.95068779
  1.75659402  1.78080203]","[ 0.00000000e+00 -6.69841731e-02  2.75499417e-02 -7.87412928e-02
 -2.65149457e-06 -2.54279220e-01 -4.80773522e-02 -4.76912879e-05]","[ 0.         -1.33136487 15.1188612   1.45213437  1.50987542 -2.23810959
 -1.3850044  -0.5589326 ]"
1749855097.1719549,"[ 0.          0.48239944  1.28161139  3.1235793  -2.17552857  0.94993531
  1.75644848  1.78080109]","[ 0.00000000e+00 -6.56336883e-02  2.80860672e-02 -7.69777808e-02
  0.00000000e+00 -2.56592608e-01 -4.72670564e-02 -5.82887721e-05]","[ 0.         -1.40226197 15.2518034   1.28888178  1.49540997 -2.13522792
 -1.42677033 -0.55892676]"
1749855097.177097,"[ 0.          0.48212713  1.28172337  3.12328422 -2.17552857  0.94890793
  1.75627152  1.78080109]","[ 0.00000000e+00 -6.99552497e-02  2.70097486e-02 -6.77074835e-02
  0.00000000e+00 -2.57672986e-01 -4.05146197e-02 -4.76908124e-05]","[ 0.         -1.54863405 15.24138546  1.03662848  1.41308033 -2.08058739
 -1.37178707 -0.52202642]"
1749855097.1801503,"[ 0.          0.48183555  1.28181618  3.12302962 -2.17552857  0.94786051
  1.75611079  1.78080109]","[ 0.00000000e+00 -7.53571974e-02  2.05630137e-02 -5.96828923e-02
  0.00000000e+00 -2.64157517e-01 -3.94342335e-02 -4.76908124e-05]","[ 0.         -1.55782914 15.17531872  0.69884676  1.36922038 -1.9337877
 -1.32330489 -0.51330203]"
1749855097.1831093,"[ 0.          0.48167942  1.28187397  3.12285811 -2.17552857  0.94705857
  1.75599654  1.78080109]","[ 0.00000000e+00 -7.62336104e-02  1.94470181e-02 -5.80709558e-02
  5.29097849e-06 -2.62534753e-01 -3.94342335e-02 -4.76908124e-05]","[ 0.         -1.55502772 15.19150352  0.44926488  1.30936623 -1.79942334
 -1.29482627 -0.51065719]"
1749855097.186017,"[ 0.          0.48144982  1.28194055  3.12267995 -2.17552857  0.9462985
  1.75587297  1.78080109]","[ 0.00000000e+00 -7.83282698e-02  2.37444946e-02 -5.91513461e-02
  1.05819570e-05 -2.45502323e-01 -4.15950101e-02 -4.77269018e-05]","[ 0.         -1.58469534 15.24719429  0.23271947  1.31222236 -1.8088901
 -1.24266124 -0.52176756]"
1749855097.189481,"[ 0.          0.48113114  1.28204761  3.12243094 -2.17552857  0.94534715
  1.75571119  1.78080109]","[ 0.00000000e+00 -8.10292395e-02  2.80901368e-02 -6.50275403e-02
  1.05900569e-05 -2.39306363e-01 -3.86239376e-02 -4.77269018e-05]","[ 0.         -1.62876129 14.97127724  0.04829575  1.39442277 -1.95409882
 -1.23527384 -0.52900743]"
1749855097.1930337,"[ 0.          0.48088364  1.2821343   3.12222481 -2.17552831  0.94464414
  1.75560466  1.78080109]","[ 0.00000000e+00 -8.09471475e-02  2.90891406e-02 -6.92120946e-02
  7.94246417e-06 -2.25801489e-01 -3.29518914e-02 -4.76552554e-05]","[ 0.00000000e+00 -1.67477953e+00  1.46765022e+01 -1.11259408e-02
  1.55544329e+00 -2.01115632e+00 -1.19792688e+00 -5.08405209e-01]"
1749855097.1966949,"[ 0.          0.48063706  1.28222019  3.12200111 -2.17552777  0.94397256
  1.75551717  1.78080109]","[ 0.00000000e+00 -8.15694367e-02  2.89004307e-02 -7.88684671e-02
  1.32374398e-05 -2.19859344e-01 -2.70097486e-02 -3.70368514e-05]","[ 0.         -1.73956394 14.28688526 -0.0174061   1.75483668 -2.00043583
 -1.18018949 -0.51667506]"
1749855097.2020993,"[ 0.          0.48028855  1.28234695  3.12165543 -2.17552724  0.94307734
  1.75543914  1.78080109]","[ 0.00000000e+00 -9.20099187e-02  3.25999005e-02 -9.12929458e-02
  1.32374398e-05 -2.23910811e-01 -1.53799571e-02 -3.70372172e-05]","[ 0.         -1.84112537 13.69315052  0.084748    1.95684016 -2.07214117
 -1.13086557 -0.54300642]"
1749855097.206652,"[ 0.          0.47979261  1.28249383  3.12119524 -2.17552644  0.94198431
  1.75538681  1.78080109]","[ 0.00000000e+00 -1.01993402e-01  2.45521898e-02 -9.12929458e-02
  1.85186086e-05 -2.13970280e-01 -7.56272939e-03 -3.70368514e-05]","[ 0.         -1.81355143 13.21366882  0.33595502  2.15242362 -2.05992746
 -1.09556973 -0.51283365]"
1749855097.2095678,"[ 0.          0.47924939  1.28257558  3.1207393  -2.17552511  0.94094075
  1.75536684  1.78080109]","[ 0.00000000e+00 -1.13981131e-01  1.10627764e-02 -8.85212692e-02
  3.17701716e-05 -2.04463793e-01 -2.97107219e-03 -2.64748795e-05]","[ 0.         -1.57783699 13.32566547  0.63853866  2.26273155 -2.18287468
 -1.07604396 -0.52312291]"
1749855097.2132776,"[ 0.          0.47890318  1.28260049  3.12048044 -2.17552458  0.9403243
  1.75536111  1.78080109]","[ 0.00000000e+00 -1.13598110e-01  7.52305401e-03 -8.69713844e-02
  3.70648338e-05 -2.00535398e-01 -1.93046267e-03 -2.64546283e-05]","[ 0.         -1.37902153 13.63497734  0.75040156  2.24191785 -2.23991203
 -1.08370697 -0.52277827]"
1749855097.2174404,"[ 0.          0.47846555  1.28262792  3.12015074 -2.17552511  0.93948141
  1.75535632  1.78080109]","[ 0.00000000e+00 -1.06726871e-01  6.89196962e-03 -7.99488533e-02
  3.43913591e-05 -2.02573099e-01 -1.19246029e-03 -2.64548924e-05]","[ 0.         -1.10911858 14.11663914  0.84383714  2.0909164  -2.23212695
 -1.06940746 -0.52127671]"
1749855097.222318,"[ 0.          0.47805825  1.2826656   3.11982318 -2.17552511  0.93864145
  1.75534687  1.78080109]","[ 0.00000000e+00 -9.80504674e-02  1.13440936e-02 -8.00352479e-02
  3.43913591e-05 -2.13106916e-01 -1.73643383e-03 -2.64551545e-05]","[ 0.         -0.95909536 14.57365131  0.8766396   1.89155197 -2.12953091
 -1.10198176 -0.52617192]"
1749855097.2257965,"[ 0.          0.47759769  1.28275375  3.11940266 -2.17552511  0.93756453
  1.7553241   1.78080109]","[ 0.00000000e+00 -9.02125596e-02  2.18778954e-02 -8.67658882e-02
  3.44173463e-05 -2.07691495e-01 -2.91441942e-03 -2.64548924e-05]","[ 0.         -0.9871856  15.01180744  0.83742636  1.74724185 -2.19031191
 -1.12411988 -0.52694768]"
1749855097.2327464,"[ 0.          0.47733228  1.28282819  3.11913848 -2.17552511  0.93716026
  1.75530026  1.78080109]","[ 0.00000000e+00 -8.68832670e-02  2.50768450e-02 -8.99424568e-02
  3.43913591e-05 -2.04463793e-01 -6.03976951e-03 -1.85184257e-05]","[ 0.         -1.06658745 15.04813194  0.86521804  1.70578945 -2.26211333
 -1.14892066 -0.52056468]"
1749855097.2375197,"[ 0.          0.47662055  1.28300542  3.11846044 -2.17552511  0.9355858
  1.75519653  1.78080109]","[ 0.00000000e+00 -9.37874039e-02  1.94470181e-02 -7.96787588e-02
  3.44176835e-05 -1.84206475e-01 -1.48170013e-02 -1.85184257e-05]","[ 0.         -1.44002116 14.53862667  0.80540448  1.79744327 -2.32703209
 -1.14530027 -0.52768362]"
1749855097.2410452,"[ 0.          0.47624308  1.28308438  3.11821915 -2.17552511  0.93485902
  1.75513381  1.78080109]","[ 0.00000000e+00 -9.47013093e-02  1.95415395e-02 -7.94086560e-02
  3.44176835e-05 -1.82315797e-01 -1.59357516e-02 -1.85184257e-05]","[ 0.         -1.59466696 14.25956917  0.76133138  1.80744171 -2.37522721
 -1.08466709 -0.51231796]"
1749855097.244395,"[ 0.          0.47596068  1.28313858  3.11799119 -2.17552511  0.93430728
  1.75508628  1.78080109]","[ 0.00000000e+00 -9.76762183e-02  1.72862385e-02 -7.34665111e-02
  3.44173463e-05 -1.82315797e-01 -1.57268172e-02 -1.85186086e-05]","[ 0.         -1.63685405 14.05935955  0.68526804  1.88715231 -2.32515264
 -1.08640194 -0.52668607]"
1749855097.2478364,"[ 0.          0.47555199  1.28319091  3.11772514 -2.17552351  0.93357665
  1.75502156  1.78080109]","[ 0.00000000e+00 -1.01453754e-01  1.02637042e-02 -6.14382733e-02
  5.03022715e-05 -1.77454047e-01 -1.58645338e-02 -1.85324169e-05]","[ 0.         -1.61930573 13.95125008  0.50550735  2.00270486 -2.29452348
 -1.08997953 -0.52809459]"
1749855097.2558987,"[ 0.          0.47524343  1.28320795  3.11754511 -2.17552351  0.93305061
  1.75498534  1.78080109]","[ 0.00000000e+00 -1.01556652e-01  3.24116978e-03 -5.89305867e-02
  5.03022715e-05 -1.72027157e-01 -1.16141912e-02 -1.05900569e-05]","[ 0.         -1.63887978 13.98717785  0.35982543  1.99872911 -2.31094384
 -1.0894109  -0.53924817]"
1749855097.2598877,"[ 0.          0.4743774   1.28320928  3.11704869 -2.17552324  0.93166356
  1.7549635   1.78080109]","[ 0.00000000e+00 -1.09389475e-01  2.12797527e-04 -6.74567136e-02
  5.29497591e-05 -1.78353546e-01  3.51108921e-04 -1.05899522e-05]","[ 0.         -1.53483748 14.3712616   0.1629793   1.96570659 -2.29390955
 -1.14860213 -0.51704639]"
1749855097.2639537,"[ 0.          0.47393199  1.28320888  3.11676187 -2.17552324  0.9309501
  1.7549635   1.78080109]","[ 0.00000000e+00 -1.11820358e-01  2.26491366e-04 -7.67076863e-02
  5.29497591e-05 -1.78534425e-01  0.00000000e+00 -1.05820616e-05]","[ 0.         -1.4864248  14.42482567  0.19968593  1.93215704 -2.27404141
 -1.1281426  -0.52221036]"
1749855097.2677145,"[ 0.          0.47348747  1.28320982  3.11644362 -2.17552324  0.93022998
  1.75496257  1.78080109]","[ 0.00000000e+00 -1.09818294e-01  1.84758442e-04 -8.18395312e-02
  5.29497591e-05 -1.84206475e-01 -1.17023450e-04 -1.05819570e-05]","[ 0.         -1.46175969 14.48297119  0.40176764  1.93260896 -2.35679722
 -1.18230283 -0.52101153]"
1749855097.2718256,"[ 0.          0.47304712  1.28321022  3.11610887 -2.17552271  0.92946033
  1.75496164  1.78080109]","[ 0.00000000e+00 -1.07498797e-01  9.61864086e-05 -8.48106036e-02
  5.82887721e-05 -1.93733501e-01 -1.54552549e-04 -1.05819570e-05]","[ 0.         -1.49085903 14.51173115  0.59667188  1.98737502 -2.41731548
 -1.173365   -0.52467644]"
1749855097.2755857,"[ 0.          0.47261961  1.28321022  3.11576665 -2.17552191  0.92870885
  1.75495871  1.78080109]","[ 0.00000000e+00 -1.06688505e-01  1.02052466e-04 -8.47246751e-02
  6.62372408e-05 -1.82315797e-01 -3.17547045e-04  0.00000000e+00]","[ 0.         -1.55380583 14.40041637  0.80556136  2.02035975 -2.47291803
 -1.20308244 -0.53914309]"
1749855097.2784626,"[ 0.          0.47217743  1.28321022  3.11543615 -2.17552138  0.9279868
  1.75495591  1.78080109]","[ 0.00000000e+00 -1.11820358e-01  4.08178567e-05 -7.91385615e-02
  7.14828831e-05 -1.80425119e-01 -3.90063894e-04  0.00000000e+00]","[ 0.         -1.60183775 14.22846603  0.98703617  2.01256037 -2.53029919
 -1.19221663 -0.53198361]"
1749855097.282,"[ 0.          0.47183808  1.28320982  3.11520659 -2.17552085  0.92744738
  1.75495498  1.78080109]","[ 0.00000000e+00 -1.11842729e-01  0.00000000e+00 -7.29736182e-02
  7.68933393e-05 -1.84206475e-01 -4.23922580e-04  0.00000000e+00]","[ 0.         -1.53748417 14.14515686  1.0717051   2.03042459 -2.57228041
 -1.17691004 -0.5442422 ]"
1749855097.284867,"[ 0.          0.47149596  1.28320982  3.1149954  -2.17552032  0.92688612
  1.75495498  1.78080016]","[ 0.00000000e+00 -1.17643185e-01  0.00000000e+00 -6.92120946e-02
  8.21963279e-05 -1.84206475e-01 -3.86052800e-04 -1.05899522e-05]","[ 0.         -1.4657079  14.10190868  1.05676115  2.03892255 -2.52056623
 -1.18578815 -0.53747272]"
1749855097.2901497,"[ 0.          0.47101246  1.28320982  3.11473121 -2.17552005  0.92613458
  1.75495392  1.78080016]","[ 0.00000000e+00 -1.19653181e-01  0.00000000e+00 -6.56336883e-02
  8.48478263e-05 -1.88257942e-01 -3.97420812e-04 -1.05900569e-05]","[ 0.         -1.27323055 14.04859352  1.0179925   2.01518607 -2.52179694
 -1.16421151 -0.52609152]"
1749855097.2935495,"[ 0.          0.47053536  1.28320982  3.1144641  -2.17551952  0.92533263
  1.75494353  1.78080016]","[ 0.00000000e+00 -1.18722481e-01  0.00000000e+00 -6.61738814e-02
  9.01508150e-05 -2.07434866e-01 -7.32616045e-04 -1.06059783e-05]","[ 0.         -1.11098588 14.02814579  0.94103342  1.96111727 -2.51592135
 -1.14702165 -0.53718609]"
1749855097.2977448,"[ 0.          0.47006651  1.28320982  3.11418846 -2.17551898  0.92444793
  1.75491397  1.78080016]","[ 0.00000000e+00 -1.14405297e-01  0.00000000e+00 -6.97136303e-02
  8.74993247e-05 -2.23683943e-01 -1.81091716e-03 -1.06059783e-05]","[ 0.         -0.94107759 14.00232601  0.78325737  1.91090894 -2.49437809
 -1.13570786 -0.52770019]"
1749855097.3017485,"[ 0.          0.46960688  1.28320928  3.11389658 -2.17551898  0.92352707
  1.75487509  1.78080016]","[ 0.00000000e+00 -1.13711036e-01 -1.55336177e-05 -7.77880725e-02
  8.22585670e-05 -2.33364218e-01 -9.66977147e-03 -1.06059783e-05]","[ 0.         -0.85923702 13.97518444  0.7066865   1.81714892 -2.41677427
 -1.16068459 -0.54333192]"
1749855097.3052654,"[ 0.          0.46915274  1.28320928  3.11357833 -2.17551845  0.92253578
  1.75482555  1.78080016]","[ 0.00000000e+00 -1.13865650e-01 -1.50669631e-05 -7.85983643e-02
  7.96042728e-05 -2.53891630e-01 -1.24835676e-02 -1.06059783e-05]","[ 0.         -0.8771019  13.91777706  0.73610395  1.81937516 -2.43827677
 -1.14263117 -0.53426564]"
1749855097.309301,"[ 0.          0.46880191  1.28320928  3.11334211 -2.17551845  0.92172911
  1.7547884   1.78080016]","[ 0.00000000e+00 -1.17222306e-01 -2.85410035e-05 -7.64375836e-02
  6.89388604e-05 -2.72791868e-01 -1.25595322e-02 -1.06058726e-05]","[ 0.         -0.91046721 13.84691143  0.71339166  1.83868563 -2.42920756
 -1.1783576  -0.53222543]"
1749855097.313295,"[ 0.          0.46822929  1.28320835  3.11297033 -2.17551765  0.92025172
  1.75471516  1.78080016]","[ 0.00000000e+00 -1.13170839e-01 -4.73486928e-05 -7.31964166e-02
  6.88867318e-05 -3.04940034e-01 -1.58645338e-02 -1.06059783e-05]","[ 0.         -1.05157959 13.65363693  0.67769617  1.86875701 -2.3810513
 -1.14909768 -0.5168584 ]"
1749855097.319598,"[ 0.          0.46787939  1.28320835  3.11275728 -2.17551712  0.91931662
  1.75468281  1.78080016]","[ 0.00000000e+00 -1.14521328e-01 -4.61919025e-05 -6.93447200e-02
  7.95456260e-05 -3.09531723e-01 -1.64675952e-02 -1.06059783e-05]","[ 0.         -1.23055899 13.6169405   0.65558094  1.87839973 -2.4488833
 -1.14899981 -0.53049171]"
1749855097.3231885,"[ 0.          0.46706756  1.28320835  3.11232238 -2.17551579  0.91705533
  1.75454685  1.78080016]","[ 0.00000000e+00 -1.20585779e-01 -4.29621329e-05 -5.67204709e-02
  9.28023133e-05 -3.27002060e-01 -2.10676037e-02 -1.05979587e-05]","[ 0.         -1.54444981 13.60980701  0.60639215  1.99570847 -2.4446497
 -1.17208278 -0.52575928]"
1749855097.329963,"[ 0.          0.46668736  1.28320835  3.11215753 -2.17551526  0.9160631
  1.75447455  1.78080016]","[ 0.00000000e+00 -1.26675712e-01 -3.59441370e-05 -5.26690081e-02
  9.81053020e-05 -3.40592904e-01 -2.59293582e-02 -1.06059783e-05]","[ 0.         -1.61898959 13.61548042  0.51401138  2.01384091 -2.41939521
 -1.15918231 -0.5279395 ]"
1749855097.3344998,"[ 0.          0.4656133   1.28320795  3.11168136 -2.17551366  0.91334621
  1.7542053   1.78080016]","[ 0.00000000e+00 -1.32617857e-01 -3.85175887e-05 -6.79582534e-02
  1.14014268e-04 -3.32268195e-01 -4.15528656e-02 -1.06059783e-05]","[ 0.         -1.48562825 13.63803196  0.44554478  1.95178294 -2.30066419
 -1.11781847 -0.50986588]"
1749855097.3390718,"[ 0.          0.46507511  1.28320795  3.1113719  -2.17551179  0.91197821
  1.75400743  1.78080016]","[ 0.00000000e+00 -1.31807566e-01 -3.71209245e-05 -8.10292395e-02
  1.32574732e-04 -3.47565093e-01 -5.21288109e-02 -1.05978530e-05]","[ 0.         -1.30206382 13.76824856  0.54543507  2.09534621 -2.39734173
 -1.1354084  -0.53256392]"
1749855097.3430963,"[ 0.          0.46442537  1.28320795  3.11094287 -2.1755086   0.91020215
  1.75370583  1.78080016]","[ 0.00000000e+00 -1.29376690e-01 -3.56146431e-05 -8.60737992e-02
  1.64392656e-04 -3.57068849e-01 -6.64439800e-02 -1.05979587e-05]","[ 0.         -1.11477292 13.76235008  0.75372869  2.17065978 -2.47470522
 -1.16302824 -0.53103447]"
1749855097.3474922,"[ 0.          0.46391337  1.28320795  3.11059266 -2.175507    0.9087723
  1.75340143  1.78080016]","[ 0.00000000e+00 -1.26135523e-01 -3.43690700e-05 -8.82323828e-02
  1.66024151e-04 -3.55589663e-01 -8.10292395e-02 -1.05979587e-05]","[ 0.         -0.96619844 13.67334366  0.86833632  2.11781216 -2.54478431
 -1.11976755 -0.53250206]"
1749855097.3508968,"[ 0.          0.46340321  1.28320742  3.11023899 -2.17550567  0.90733106
  1.75303804  1.78080016]","[ 0.00000000e+00 -1.25865421e-01 -4.25810549e-05 -8.53508009e-02
  1.77784647e-04 -3.61930616e-01 -9.83154852e-02 -1.05979587e-05]","[ 0.         -0.9627071  13.65291977  1.01373959  2.19013548 -2.64131856
 -1.16113055 -0.53373593]"
1749855097.3544729,"[ 0.          0.46303357  1.28320742  3.10999558 -2.17550434  0.90626846
  1.7527146   1.78080016]","[ 0.00000000e+00 -1.19253499e-01 -4.18480151e-05 -7.63601355e-02
  2.13947250e-04 -3.55988471e-01 -1.09929672e-01 -1.06059783e-05]","[ 0.         -0.92338836 13.70758057  1.01398659  2.26817536 -2.6208837
 -1.11663198 -0.54911745]"
1749855097.3578565,"[ 0.          0.46254544  1.28320742  3.10971968 -2.17550167  0.90482915
  1.75227797  1.78080016]","[ 0.00000000e+00 -1.15389019e-01 -4.04026196e-05 -6.51998011e-02
  2.69144076e-04 -3.52078918e-01 -1.08038994e-01 -1.06058726e-05]","[ 0.         -1.02864039 13.65002537  0.97209078  2.31743979 -2.58615589
 -1.18941975 -0.55120653]"
1749855097.361291,"[ 0.          0.46219923  1.28320702  3.10953325 -2.17549981  0.9038065
  1.75193935  1.78080016]","[ 0.00000000e+00 -1.13491251e-01 -4.35022016e-05 -6.17896524e-02
  3.34784121e-04 -3.44374293e-01 -1.11842729e-01 -1.05979587e-05]","[ 0.         -1.13716245 13.60725689  0.9008292   2.30391455 -2.56984115
 -1.18807507 -0.53738707]"
1749855097.3647695,"[ 0.          0.4617414   1.28320649  3.10927253 -2.17549794  0.90240714
  1.75149127  1.78080016]","[ 0.00000000e+00 -1.14099650e-01 -4.20428311e-05 -6.56336883e-02
  4.23034687e-04 -3.45914132e-01 -1.11737517e-01 -1.05979587e-05]","[ 0.         -1.27790058 13.58967113  0.77461571  2.29065251 -2.52839923
 -1.09663832 -0.53808177]"
1749855097.3691437,"[ 0.          0.46140391  1.28320649  3.10906933 -2.17549661  0.90137683
  1.7511392   1.78080016]","[ 0.00000000e+00 -1.14405297e-01 -4.14473991e-05 -6.80645635e-02
  4.81571631e-04 -3.36811548e-01 -1.21543868e-01 -1.05979587e-05]","[ 0.         -1.36949646 13.57789135  0.67159486  2.29727674 -2.52554345
 -1.12821519 -0.51981682]"
1749855097.3719153,"[ 0.          0.46105034  1.28320609  3.10878144 -2.17549422  0.90002794
  1.75064745  1.78080016]","[ 0.00000000e+00 -1.17222306e-01 -4.82005581e-05 -7.26562194e-02
  5.14139276e-04 -3.34920870e-01 -1.22624254e-01 -1.05979587e-05]","[ 0.         -1.43684661 13.60211182  0.53183913  2.31471467 -2.5669241
 -1.13047409 -0.52701467]"
1749855097.376135,"[ 0.          0.46058516  1.28320569  3.10847891 -2.17549235  0.89864949
  1.75020124  1.78080016]","[ 0.00000000e+00 -1.13865650e-01 -5.46089398e-05 -7.45469056e-02
  4.91164992e-04 -3.30059103e-01 -1.01286549e-01 -1.05820616e-05]","[ 0.         -1.47303236 13.56884861  0.47671378  2.32266998 -2.50434685
 -1.16048515 -0.54610622]"
1749855097.3801363,"[ 0.          0.46012689  1.28320569  3.10817451 -2.17549022  0.89734048
  1.74986834  1.78080016]","[ 0.00000000e+00 -1.15061525e-01 -4.60907376e-05 -7.65151897e-02
  5.07253450e-04 -3.20335602e-01 -7.23861249e-02 -1.05819570e-05]","[ 0.         -1.53719699 13.52160931  0.44037291  2.36607194 -2.54982638
 -1.23367369 -0.53050876]"
1749855097.383642,"[ 0.          0.45967412  1.28320569  3.10787331 -2.17548649  0.89607807
  1.74965329  1.78080016]","[ 0.00000000e+00 -1.10469869e-01 -3.73467747e-05 -7.48170001e-02
  5.89506377e-04 -3.14393457e-01 -4.23623375e-02 -1.05820616e-05]","[ 0.         -1.65571022 13.62177181  0.40057698  2.42728043 -2.49332047
 -1.1849333  -0.56040686]"
1749855097.388434,"[ 0.          0.45933157  1.28320569  3.10765892 -2.1754833   0.89513531
  1.74955915  1.78080016]","[ 0.00000000e+00 -1.13741779e-01 -3.67987331e-05 -6.82654241e-02
  6.15048731e-04 -3.10297382e-01 -2.59293582e-02  0.00000000e+00]","[ 0.         -1.70720243 13.71535301  0.35468119  2.48138738 -2.44842911
 -1.21551502 -0.5435372 ]"
1749855097.395455,"[ 0.          0.45873922  1.28320569  3.10733561 -2.17547717  0.89387011
  1.74948964  1.78080016]","[ 0.00000000e+00 -1.21003670e-01 -3.58221418e-05 -6.13121269e-02
  8.26733758e-04 -3.18444924e-01 -4.86175453e-03  0.00000000e+00]","[ 0.         -1.74898958 13.82099628  0.27972779  2.48216939 -2.45989537
 -1.18864977 -0.53111345]"
1749855097.3990128,"[ 0.          0.45786264  1.28320569  3.10686823 -2.17547078  0.89164784
  1.74948778  1.78080016]","[ 0.00000000e+00 -1.28566399e-01 -3.39844972e-05 -6.77944648e-02
  1.03612909e-03 -3.11692479e-01  2.12755037e-04  0.00000000e+00]","[ 0.         -1.74617302 13.94554424  0.2451371   2.49774027 -2.56479764
 -1.20220447 -0.54173583]"
1749855097.4022672,"[ 0.          0.45746909  1.28320569  3.10664825 -2.17546865  0.89069369
  1.74948685  1.78080016]","[ 0.00000000e+00 -1.29376690e-01 -3.35939591e-05 -7.34665111e-02
  1.04320805e-03 -3.15466711e-01  0.00000000e+00  0.00000000e+00]","[ 0.         -1.71449912 14.00169086  0.28000042  2.52168989 -2.5070405
 -1.16853893 -0.53411114]"
1749855097.405639,"[ 0.          0.45708017  1.28320569  3.10641123 -2.17546492  0.88974048
  1.74948298  1.78080016]","[ 0.00000000e+00 -1.27215910e-01 -3.31498700e-05 -8.17505150e-02
  1.05976692e-03 -3.27898347e-01 -3.38947781e-04  0.00000000e+00]","[ 0.         -1.68533671 13.99159527  0.3144961   2.52856684 -2.48905015
 -1.19884074 -0.53032798]"
1749855097.4091706,"[ 0.          0.45656265  1.28320516  3.10605357 -2.17546039  0.88841629
  1.74947167  1.78080016]","[ 0.00000000e+00 -1.28566399e-01 -3.88263050e-05 -9.27843326e-02
  1.04320805e-03 -3.26007669e-01 -1.01058641e-03  0.00000000e+00]","[ 0.         -1.61805511 13.87261009  0.40823531  2.53185678 -2.46963477
 -1.178635   -0.53475869]"
1749855097.412586,"[ 0.          0.45618888  1.28320476  3.10577394 -2.17545693  0.88742879
  1.74945728  1.78080016]","[ 0.00000000e+00 -1.24658601e-01 -3.83321922e-05 -9.45341127e-02
  1.05983278e-03 -3.26277747e-01 -1.63727984e-03  0.00000000e+00]","[ 0.         -1.55787146 13.81902599  0.5036726   2.47858119 -2.40616918
 -1.20022011 -0.55165899]"
1749855097.4154036,"[ 0.          0.45568101  1.28320422  3.10540509 -2.17545294  0.88609888
  1.74942786  1.78080016]","[ 0.00000000e+00 -1.27486012e-01 -4.36875371e-05 -9.04826541e-02
  1.12905612e-03 -3.33840492e-01 -5.48679636e-03  0.00000000e+00]","[ 0.         -1.47879016 13.71024418  0.65097177  2.46056008 -2.35528111
 -1.19689524 -0.53008252]"
1749855097.4187746,"[ 0.          0.45530218  1.28320382  3.10522373 -2.17544921  0.88506863
  1.74939364  1.78080016]","[ 0.00000000e+00 -1.22769837e-01 -4.93149441e-05 -8.79625630e-02
  1.12898135e-03 -3.44054314e-01 -1.12354855e-02  0.00000000e+00]","[ 0.         -1.42319465 13.62634087  0.66902405  2.51102757 -2.2630806
 -1.18503988 -0.54700035]"
1749855097.4223742,"[ 0.          0.45493483  1.28320289  3.10496833 -2.17544415  0.88401742
  1.74934596  1.78080016]","[ 0.00000000e+00 -1.21003670e-01 -5.72541355e-05 -8.30043562e-02
  1.20795395e-03 -3.45809703e-01 -1.64675952e-02  0.00000000e+00]","[ 0.         -1.39616632 13.52696133  0.63068539  2.45425034 -2.22833514
 -1.16455555 -0.51443541]"
1749855097.425949,"[ 0.          0.45445819  1.28320236  3.10466633 -2.17543829  0.88265614
  1.74925662  1.78080016]","[ 0.00000000e+00 -1.16952203e-01 -6.12308060e-05 -7.31964166e-02
  1.36750305e-03 -3.37534363e-01 -2.51190644e-02  0.00000000e+00]","[ 0.         -1.47027075 13.37590408  0.5528447   2.37239432 -2.26889896
 -1.13355911 -0.52436495]"
1749855097.4288867,"[ 0.          0.45410096  1.28320196  3.10445407 -2.17543323  0.88166391
  1.74917486  1.78080016]","[ 0.00000000e+00 -1.18111943e-01 -6.34092820e-05 -6.75243704e-02
  1.57382925e-03 -3.31949814e-01 -2.80901368e-02  0.00000000e+00]","[ 0.         -1.50965178 13.40979671  0.41666937  2.39968681 -2.30827379
 -1.1183691  -0.53681296]"
1749855097.432295,"[ 0.          0.45375058  1.28320156  3.10425354 -2.17542524  0.88065837
  1.74908924  1.78080016]","[ 0.00000000e+00 -1.18842890e-01 -6.76730705e-05 -6.63766561e-02
  1.94692771e-03 -3.31949814e-01 -2.80616764e-02  0.00000000e+00]","[ 0.         -1.50474322 13.33054733  0.28631049  2.45532966 -2.32152486
 -1.16142249 -0.52881998]"
1749855097.4374087,"[ 0.          0.4533814   1.28320103  3.10404688 -2.17541246  0.87965855
  1.74900069  1.78080016]","[ 0.00000000e+00 -1.23974743e-01 -7.18704913e-05 -6.87105590e-02
  3.42274769e-03 -3.27088047e-01 -2.99808189e-02  0.00000000e+00]","[ 0.         -1.52324998 13.31797123  0.19133319  2.44918275 -2.283252
 -1.14801943 -0.54733258]"
1749855097.439165,"[ 0.          0.45287214  1.2832001   3.10374621 -2.17538876  0.87839329
  1.74889323  1.78080016]","[ 0.00000000e+00 -1.26135523e-01 -8.12005440e-05 -7.89177522e-02
  6.14238132e-03 -3.07911123e-01 -2.60553861e-02  0.00000000e+00]","[ 0.         -1.51990294 13.20215607  0.05547573  2.35684252 -2.19537807
 -1.14099967 -0.53458571]"
1749855097.4431949,"[ 0.          0.45236704  1.2831997   3.10341464 -2.17534907  0.87718421
  1.74878004  1.78080016]","[ 0.00000000e+00 -1.26135523e-01 -8.21963279e-05 -8.64311954e-02
  1.16024244e-02 -2.97885487e-01 -2.85876049e-02  0.00000000e+00]","[ 0.         -1.46947229 13.18239975  0.08198661  2.32968664 -2.26627874
 -1.12075913 -0.53381163]"
1749855097.4462597,"[ 0.          0.45199143  1.28319916  3.10315418 -2.175307    0.87630996
  1.74869349  1.78080016]","[ 0.00000000e+00 -1.22624254e-01 -8.74993247e-05 -8.52643231e-02
  1.56656540e-02 -2.97107211e-01 -2.88711484e-02  0.00000000e+00]","[ 0.         -1.4451828  13.24908638  0.10448837  2.36204314 -2.31716967
 -1.11522543 -0.55889791]"
1749855097.4486363,"[ 0.          0.45163098  1.28319916  3.10289027 -2.17524441  0.87540429
  1.74859921  1.78080016]","[ 0.00000000e+00 -1.18111943e-01 -8.21963279e-05 -8.75115816e-02
  2.32283823e-02 -2.99268000e-01 -3.07911127e-02  0.00000000e+00]","[ 0.         -1.50855577 13.2173605   0.1676417   2.36533976 -2.21528649
 -1.13408744 -0.53393227]"
1749855097.452707,"[ 0.          0.45127648  1.28319823  3.10261276 -2.17515813  0.87451486
  1.74850228  1.78080016]","[ 0.00000000e+00 -1.21003670e-01 -9.01508150e-05 -9.30351025e-02
  3.10612093e-02 -2.89544500e-01 -3.29518914e-02  0.00000000e+00]","[ 0.         -1.52527618 13.19522953  0.2424366   2.19183493 -2.30785131
 -1.12998474 -0.55189091]"
1749855097.455843,"[ 0.          0.45078745  1.28319823  3.10224685 -2.17501431  0.87337423
  1.74835953  1.78080016]","[ 0.00000000e+00 -1.22769837e-01 -9.00826511e-05 -9.12004509e-02
  3.72734528e-02 -2.79537472e-01 -3.45724769e-02  0.00000000e+00]","[ 0.         -1.59514272 13.25541115  0.33707097  1.94449341 -2.42367649
 -1.11246085 -0.5674091 ]"
1749855097.4591033,"[ 0.          0.45040862  1.28319823  3.1019744  -2.17489074  0.87255417
  1.74824914  1.78080016]","[ 0.00000000e+00 -1.26135523e-01 -8.74331602e-05 -8.99424568e-02
  4.29454991e-02 -2.66065339e-01 -3.66121941e-02  0.00000000e+00]","[ 0.         -1.55552959 13.40021896  0.38025042  1.91910708 -2.42819881
 -1.162866   -0.55278295]"
1749855097.463118,"[ 0.          0.44990258  1.28319783  3.10160449 -2.17469846  0.87148871
  1.74811878  1.78080016]","[ 0.00000000e+00 -1.25452464e-01 -9.01508150e-05 -9.48042155e-02
  4.88538468e-02 -2.65504993e-01 -3.07911127e-02  0.00000000e+00]","[ 0.         -1.47662008 13.56491756  0.49066311  1.929299   -2.42642975
 -1.18216372 -0.57246786]"
1749855097.4666674,"[ 0.          0.44952328  1.28319783  3.10130728 -2.17455785  0.87068776
  1.74803795  1.78080016]","[ 0.00000000e+00 -1.24631928e-01 -8.48478263e-05 -9.91257769e-02
  4.72670564e-02 -2.60548434e-01 -2.42841426e-02  0.00000000e+00]","[ 0.         -1.41712368 13.58240891  0.53644353  1.93469846 -2.45079732
 -1.20971334 -0.54529071]"
1749855097.470685,"[ 0.          0.44903013  1.28319783  3.10089263 -2.17436477  0.86966411
  1.74795433  1.78080016]","[ 0.00000000e+00 -1.23628848e-01 -8.47196178e-05 -1.04151994e-01
  4.83474467e-02 -2.52774601e-01 -1.82536515e-02  0.00000000e+00]","[ 0.         -1.31401312 13.64824295  0.63238931  2.05588841 -2.28873801
 -1.24348533 -0.56352353]"
1749855097.47402,"[ 0.          0.44852227  1.2831973   3.10047478 -2.17417142  0.86864052
  1.7478791   1.78080016]","[ 0.00000000e+00 -1.26638070e-01 -8.73671094e-05 -1.04257622e-01
  4.91577426e-02 -2.56285363e-01 -1.94273149e-02  0.00000000e+00]","[ 0.         -1.19935465 13.73228264  0.68085665  2.24226689 -2.32147527
 -1.2079674  -0.56592065]"
1749855097.477494,"[ 0.          0.44801254  1.2831973   3.10006518 -2.17395012  0.86760742
  1.74778975  1.78080016]","[ 0.00000000e+00 -1.28393451e-01 -8.47196178e-05 -1.01016455e-01
  5.91513461e-02 -2.58793045e-01 -2.40386761e-02  0.00000000e+00]","[ 0.         -1.03790033 13.71594524  0.68944246  2.29294658 -2.42723274
 -1.24121451 -0.58091921]"
1749855097.4809515,"[ 0.          0.44763234  1.2831973   3.09977463 -2.1737557   0.86680168
  1.74771265  1.78080016]","[ 0.00000000e+00 -1.26547365e-01 -8.46564929e-05 -9.37874039e-02
  6.69163041e-02 -2.68823791e-01 -2.59030865e-02  0.00000000e+00]","[ 0.         -0.88750565 13.65221405  0.66369569  2.22303796 -2.42704844
 -1.23320103 -0.58713901]"
1749855097.4844904,"[ 0.          0.44714378  1.2831969   3.09943002 -2.17346196  0.86576664
  1.74762703  1.78080016]","[ 0.00000000e+00 -1.18842890e-01 -8.73011481e-05 -8.53508009e-02
  7.42274678e-02 -2.56592608e-01 -2.89004307e-02  0.00000000e+00]","[ 0.         -0.85504061 13.63338089  0.62797892  1.98704529 -2.39183688
 -1.23756492 -0.57627267]"
1749855097.489134,"[ 0.          0.44679661  1.2831965   3.09917755 -2.17323639  0.86499512
  1.74752809  1.78080016]","[ 0.00000000e+00 -1.12246706e-01 -8.99466322e-05 -8.23797284e-02
  7.65151897e-02 -2.54960507e-01 -3.37621852e-02  0.00000000e+00]","[ 0.         -0.95838219 13.59561062  0.52891159  1.8315593  -2.43799138
 -1.2244916  -0.58608109]"
1749855097.4925785,"[ 0.          0.44635855  1.28319557  3.09884732 -2.17293439  0.86397154
  1.74738921  1.78080016]","[ 0.00000000e+00 -1.08038994e-01 -1.00528593e-04 -8.10292395e-02
  7.42768028e-02 -2.52811236e-01 -3.45724769e-02  0.00000000e+00]","[ 0.         -1.13437867 13.59488297  0.43667877  1.78867054 -2.4505434
 -1.24197245 -0.58548236]"
1749855097.4977906,"[ 0.          0.44592921  1.2831941   3.09850404 -2.17263984  0.86294888
  1.74724074  1.78080016]","[ 0.00000000e+00 -1.06958600e-01 -1.16402677e-04 -8.83218733e-02
  7.04659358e-02 -2.56592608e-01 -3.78136459e-02  0.00000000e+00]","[ 0.         -1.39071798 13.41699791  0.32027835  1.89372766 -2.4563632
 -1.24465454 -0.55127525]"
1749855097.501621,"[ 0.          0.44536762  1.28319051  3.09801641 -2.17229416  0.86167409
  1.74703154  1.78080016]","[ 0.00000000e+00 -1.13956189e-01 -1.50794377e-04 -1.00476258e-01
  6.74559521e-02 -2.49840163e-01 -4.72670564e-02  0.00000000e+00]","[ 0.         -1.60482216 13.02338886  0.27385855  2.07660913 -2.4541285
 -1.23540151 -0.58009529]"
1749855097.5056756,"[ 0.          0.44489741  1.28318864  3.09759936 -2.17203424  0.86069239
  1.74679652  1.78080016]","[ 0.00000000e+00 -1.20193379e-01 -1.69311312e-04 -1.05338016e-01
  6.15822255e-02 -2.42007340e-01 -6.48892058e-02  0.00000000e+00]","[ 0.         -1.70075643 12.75358868  0.34605244  2.29518747 -2.47961259
 -1.18983912 -0.56295073]"
1749855097.5090833,"[ 0.          0.44438954  1.28318771  3.097169   -2.17179455  0.85970968
  1.74649971  1.78080016]","[ 0.00000000e+00 -1.27641150e-01 -1.76329352e-04 -1.08038994e-01
  6.01844321e-02 -2.46058807e-01 -7.91385615e-02  0.00000000e+00]","[ 0.         -1.63173461 12.63594723  0.40572089  2.68173814 -2.55556774
 -1.17138696 -0.58127946]"
1749855097.5125957,"[ 0.          0.44401071  1.28318638  3.09684542 -2.1716044   0.85895148
  1.74624005  1.78080016]","[ 0.00000000e+00 -1.28436137e-01 -1.82900049e-04 -1.04961462e-01
  6.39459557e-02 -2.51475794e-01 -8.96723623e-02  0.00000000e+00]","[ 0.         -1.49980021 12.5842104   0.43311813  2.87761617 -2.54197311
 -1.14499009 -0.57072628]"
1749855097.516689,"[ 0.          0.44349365  1.28318492  3.0964297  -2.17131146  0.85788508
  1.74584804  1.78080016]","[ 0.00000000e+00 -1.30457085e-01 -1.96187864e-04 -1.02564301e-01
  7.64843803e-02 -2.73068554e-01 -9.93958714e-02  0.00000000e+00]","[ 0.         -1.28734231 12.48206139  0.45704982  2.77396297 -2.52367902
 -1.04549456 -0.56452936]"
1749855097.5202186,"[ 0.          0.44296881  1.28318358  3.09601292 -2.17098948  0.8567844
  1.74546188  1.78080016]","[ 0.00000000e+00 -1.29245605e-01 -2.09000880e-04 -1.06225806e-01
  8.34601230e-02 -2.71177859e-01 -9.15630403e-02  0.00000000e+00]","[ 0.         -1.1142174  12.50364113  0.47898412  2.3979435  -2.49606085
 -1.1497333  -0.56090701]"
1749855097.5244446,"[ 0.          0.44257806  1.28318398  3.09569041 -2.17073515  0.85595962
  1.7451917   1.78080016]","[ 0.00000000e+00 -1.29106596e-01 -1.92672683e-04 -1.09659578e-01
  8.42704147e-02 -2.71988159e-01 -8.67658882e-02  0.00000000e+00]","[ 0.         -0.89206183 12.75716686  0.51822233  2.14003277 -2.58260012
 -1.18833709 -0.56871831]"
1749855097.528297,"[ 0.          0.44207752  1.28318398  3.09525791 -2.17038761  0.85486086
  1.74489489  1.78080016]","[ 0.00000000e+00 -1.21371935e-01 -1.88123625e-04 -1.06148308e-01
  8.69713844e-02 -2.72334553e-01 -6.86047607e-02  0.00000000e+00]","[ 0.         -0.76589024 13.10792446  0.5265013   1.86987054 -2.52401829
 -1.20805967 -0.56968653]"
1749855097.5336237,"[ 0.          0.44149159  1.28318358  3.09472794 -2.16995458  0.85349286
  1.74456759  1.78080016]","[ 0.00000000e+00 -1.13170839e-01 -1.80508990e-04 -1.02467819e-01
  8.52643231e-02 -2.75759945e-01 -6.15822255e-02  0.00000000e+00]","[ 0.         -0.83047467 13.18274117  0.57171768  1.69983959 -2.35171342
 -1.23179948 -0.57692027]"
1749855097.5363364,"[ 0.          0.44104574  1.28318358  3.09433593 -2.1696294   0.85238938
  1.7443279   1.78080016]","[ 0.00000000e+00 -1.12360547e-01 -1.78450681e-04 -9.31836320e-02
  7.96787588e-02 -2.69017087e-01 -5.78008613e-02  0.00000000e+00]","[ 0.         -1.04281044 13.15860271  0.54806346  1.79695642 -2.30461264
 -1.19185841 -0.55832446]"
1749855097.5403168,"[ 0.          0.44057826  1.28318265  3.093974   -2.16931728  0.85130108
  1.74407863  1.78080016]","[ 0.00000000e+00 -1.10926044e-01 -1.78354600e-04 -8.95243405e-02
  7.71696116e-02 -2.59061458e-01 -6.56336883e-02  0.00000000e+00]","[ 0.         -1.18799913 13.06874371  0.52097243  2.13558626 -2.28083205
 -1.24918759 -0.5778603 ]"
1749855097.5438693,"[ 0.          0.44023481  1.28318172  3.0936989  -2.16907467  0.85051531
  1.74386465  1.78080016]","[ 0.00000000e+00 -1.14521328e-01 -1.86145549e-04 -9.45341127e-02
  8.01376714e-02 -2.57672986e-01 -7.34751581e-02  0.00000000e+00]","[ 0.         -1.31031919 13.02527714  0.49472055  2.43773961 -2.40717387
 -1.16091824 -0.55076259]"
1749855097.5466738,"[ 0.          0.43974852  1.28317906  3.09329543 -2.16873831  0.8494603
  1.74354493  1.78080016]","[ 0.00000000e+00 -1.23974743e-01 -2.24077503e-04 -1.03447330e-01
  8.61610926e-02 -2.70097482e-01 -8.14230794e-02  0.00000000e+00]","[ 0.         -1.34891677 12.77795887  0.55408502  2.64220929 -2.48866773
 -1.19630897 -0.5892365 ]"
1749855097.5503166,"[ 0.          0.43938436  1.28317626  3.09296786 -2.16847519  0.84864691
  1.74329766  1.78080016]","[ 0.         -0.12262425 -0.00032955 -0.10965958  0.08793693 -0.27874059
 -0.0848106   0.        ]","[ 0.         -1.35416067 12.63410282  0.60827011  2.64279842 -2.50066209
 -1.19468117 -0.57992691]"
1749855097.5546157,"[ 0.          0.43900922  1.283174    3.0926299  -2.16821047  0.84780695
  1.74303414  1.78080016]","[ 0.         -0.12343455 -0.00033005 -0.11259504  0.08994246 -0.27575994
 -0.08778168  0.        ]","[ 0.         -1.23442185 12.58273983  0.65278763  2.58064961 -2.46525455
 -1.16754937 -0.58050996]"
1749855097.5579004,"[ 0.          0.43863911  1.28317213  3.0921785  -2.16783044  0.84697451
  1.74267262  1.78080016]","[ 0.         -0.11965318 -0.00032006 -0.11123645  0.09269705 -0.27306855
 -0.09192638  0.        ]","[ 0.         -1.12614346 12.56567001  0.77108181  2.3089869  -2.5802424
 -1.21134734 -0.57521504]"
1749855097.5626013,"[ 0.          0.43803757  1.28317067  3.09165971 -2.1673777   0.84559133
  1.74216848  1.78080016]","[ 0.         -0.1169522  -0.00032198 -0.09831549  0.08793693 -0.27133147
 -0.10577094  0.        ]","[ 0.         -0.93631744 12.64219284  0.75816113  2.07295728 -2.66957068
 -1.12757123 -0.58364159]"
1749855097.566427,"[ 0.          0.43757518  1.28316747  3.09127489 -2.16701152  0.84451448
  1.74173558  1.78080016]","[ 0.         -0.11560172 -0.00034647 -0.09428894  0.08862579 -0.27495923
 -0.10992967  0.        ]","[ 0.         -0.78742975 12.47908878  0.66463077  2.02585602 -2.59890389
 -1.0931462  -0.57684243]"
1749855097.5704942,"[ 0.          0.43711275  1.28316201  3.09090018 -2.1666669   0.8434138
  1.74129709  1.78080016]","[ 0.         -0.11263065 -0.00057913 -0.09237334  0.08358026 -0.2615515
 -0.10577094  0.        ]","[ 0.         -0.68210906 12.29424667  0.56246817  1.90341949 -2.54466391
 -1.0920583  -0.5882954 ]"
1749855097.5742946,"[ 0.          0.43667423  1.28315655  3.09051402 -2.16633427  0.84239207
  1.74091839  1.78080016]","[ 0.         -0.1074988  -0.00083346 -0.09777529  0.08225205 -0.25177154
 -0.08859198  0.        ]","[ 0.         -0.68052417 12.25285339  0.55398375  2.05082846 -2.53357863
 -1.11417818 -0.5751307 ]"
1749855097.5792484,"[ 0.          0.43624949  1.28315096  3.09011695 -2.16599179  0.84139319
  1.74060161  1.78080016]","[ 0.         -0.10321941 -0.00125246 -0.09754893  0.08676589 -0.24573372
 -0.07238612  0.        ]","[ 0.         -0.74036628 12.30186844  0.5810191   2.24188447 -2.63787794
 -1.11895823 -0.5758853 ]"
1749855097.5826156,"[ 0.          0.43576183  1.28314643  3.0896429  -2.16552947  0.84014989
  1.74030866  1.78080016]","[ 0.         -0.0964248  -0.00119226 -0.09372382  0.09445077 -0.25092056
 -0.05015369  0.        ]","[ 0.         -0.91947556 12.21848869  0.58672601  2.16250062 -2.65564585
 -1.12507582 -0.59913206]"
1749855097.5866432,"[ 0.          0.43547115  1.28314177  3.0893662  -2.16534145  0.83940214
  1.74017737  1.78080016]","[ 0.         -0.09966597 -0.00121754 -0.09021256  0.09561451 -0.24174079
 -0.04159501  0.        ]","[ 0.         -1.00987732 12.23342419  0.6103375   2.03363585 -2.51301408
 -1.12536299 -0.57719409]"
1749855097.59121,"[ 0.          0.43506155  1.28313764  3.08899602 -2.16494677  0.83845752
  1.74004314  1.78080016]","[ 0.         -0.10131046 -0.00109463 -0.08694244  0.09729817 -0.23174262
 -0.02917053  0.        ]","[ 0.         -1.11053574 12.39049053  0.64637452  1.81335521 -2.56428123
 -1.15699768 -0.58887947]"
1749855097.596122,"[ 0.          0.43465795  1.28313631  3.08865487 -2.16455315  0.83754612
  1.73995473  1.78080016]","[ 0.         -0.10425762 -0.00091087 -0.08427041  0.09729817 -0.23147354
 -0.01834802  0.        ]","[ 0.         -1.14835143 12.6098938   0.69741559  1.63417339 -2.63072157
 -1.18507791 -0.60663408]"
1749855097.6013894,"[ 0.          0.43414136  1.28313578  3.08821172 -2.16409163  0.83640456
  1.73989001  1.78080016]","[ 0.         -0.09855201 -0.00056929 -0.09264343  0.08701666 -0.21963659
 -0.00972351  0.        ]","[ 0.         -1.14242232 12.83094311  0.74641752  1.62265241 -2.5718751
 -1.23399246 -0.58358401]"
1749855097.6029031,"[ 0.          0.43374692  1.28313498  3.0878205  -2.16376139  0.83547232
  1.73985393  1.78080016]","[ 0.         -0.09595397 -0.00026422 -0.09902534  0.08219299 -0.23930636
 -0.00877483  0.        ]","[ 0.         -1.11923921 12.85358143  0.83580005  1.78503239 -2.56717014
 -1.26240909 -0.62055981]"
1749855097.6058674,"[ 0.          0.43346449  1.28313352  3.08752569 -2.1635052   0.83475979
  1.73982729  1.78080016]","[ 0.         -0.09127972 -0.00024823 -0.09534441  0.0848106  -0.24119704
 -0.00847761  0.        ]","[ 0.         -1.03183258 12.8820591   0.91112655  1.88017976 -2.55689788
 -1.28294325 -0.6133253 ]"
1749855097.6087334,"[ 0.          0.43319404  1.28313165  3.08724819 -2.1632514   0.83401677
  1.73979307  1.7807991 ]","[ 0.00000000e+00 -9.25495667e-02 -3.09755641e-04 -9.22797468e-02
  8.42704147e-02 -2.46869091e-01 -1.12354855e-02 -1.05739739e-05]","[ 0.         -0.97137612 12.92966461  0.99036384  1.93780065 -2.5294168
 -1.29673553 -0.63180357]"
1749855097.6122942,"[ 0.          0.43290706  1.28313072  3.08705964 -2.16300293  0.8332348
  1.73974447  1.7807991 ]","[ 0.00000000e+00 -9.50743100e-02 -2.92547921e-04 -9.26434348e-02
  8.10292395e-02 -2.62534753e-01 -1.68810926e-02 -1.05739739e-05]","[ 0.         -0.89057511 13.03339005  1.03778267  1.98175704 -2.48699617
 -1.31329322 -0.63460815]"
1749855097.6168127,"[ 0.          0.43252729  1.28312806  3.08670091 -2.16266897  0.83214749
  1.73965885  1.7807991 ]","[ 0.00000000e+00 -9.37238210e-02 -3.56806955e-04 -8.61610926e-02
  8.45089674e-02 -2.74680649e-01 -2.32283823e-02 -1.05739739e-05]","[ 0.         -0.78297836 13.10953999  1.1226486   1.91258132 -2.48157811
 -1.34446895 -0.64497435]"
1749855097.6203587,"[ 0.          0.43213514  1.28312579  3.08638639 -2.16231929  0.8309783
  1.73954567  1.7807991 ]","[ 0.00000000e+00 -1.00476258e-01 -4.07024479e-04 -7.34665111e-02
  8.61610926e-02 -2.96806208e-01 -3.07599142e-02 -1.05739739e-05]","[ 0.         -0.79593974 13.14314556  1.11908519  1.67494035 -2.40656686
 -1.36864686 -0.63909841]"
1749855097.6231642,"[ 0.          0.43182887  1.28312393  3.08617387 -2.16206629  0.83005838
  1.73943341  1.7807991 ]","[ 0.00000000e+00 -1.00206163e-01 -4.20532837e-04 -6.83346621e-02
  8.42704147e-02 -3.03049356e-01 -3.94342335e-02 -1.05820616e-05]","[ 0.         -0.75153166 13.19376564  1.10899472  1.47210526 -2.37959886
 -1.37547541 -0.62440407]"
1749855097.6267185,"[ 0.          0.43153087  1.28312246  3.08596854 -2.16181862  0.82913186
  1.73930784  1.7807991 ]","[ 0.00000000e+00 -9.67966262e-02 -4.45244449e-04 -6.87105590e-02
  8.02189477e-02 -3.07191371e-01 -4.24053018e-02 -1.05820616e-05]","[ 0.         -0.73625064 13.26022434  1.09359908  1.36890292 -2.44375515
 -1.3967284  -0.62655395]"
1749855097.6296904,"[ 0.          0.43114651  1.2831202   3.08568971 -2.16151502  0.82789323
  1.73914513  1.7807991 ]","[ 0.00000000e+00 -9.72350907e-02 -4.68083493e-04 -6.97136303e-02
  7.26562194e-02 -3.18444924e-01 -3.95841445e-02 -1.05820616e-05]","[ 0.         -0.75085467 13.2891264   1.05790901  1.39325559 -2.46236038
 -1.44995058 -0.63417888]"
1749855097.6339958,"[ 0.          0.43084943  1.28311701  3.08547319 -2.16129611  0.826902
  1.73904619  1.7807991 ]","[ 0.00000000e+00 -9.76762183e-02 -5.62339858e-04 -7.42768028e-02
  7.13057304e-02 -3.33840492e-01 -2.99808189e-02 -1.05820616e-05]","[ 0.         -0.7872889  13.17532635  1.04592168  1.44838953 -2.4014287
 -1.45775867 -0.65279913]"
1749855097.6378367,"[ 0.          0.43045452  1.28310822  3.08517279 -2.16101461  0.82554638
  1.73895498  1.7807991 ]","[ 0.00000000e+00 -9.91257769e-02 -9.34486842e-04 -7.50870946e-02
  7.07655415e-02 -3.34920870e-01 -2.02573099e-02 -1.05740785e-05]","[ 0.         -0.80779058 12.98330879  1.08684087  1.51313007 -2.38533425
 -1.50736117 -0.61597788]"
1749855097.643783,"[ 0.          0.43015008  1.28309823  3.08494509 -2.16080475  0.82452659
  1.73890358  1.7807991 ]","[ 0.00000000e+00 -1.01059690e-01 -1.95526595e-03 -7.45469056e-02
  6.93447200e-02 -3.38359077e-01 -1.62058481e-02 -1.05819570e-05]","[ 0.         -0.81830078 12.90713692  1.18975127  1.55448723 -2.31497264
 -1.5170939  -0.63627189]"
1749855097.647132,"[ 0.          0.42942777  1.28307426  3.08440446 -2.1602913   0.82206556
  1.73879891  1.7807991 ]","[ 0.00000000e+00 -1.04221544e-01 -3.17910304e-03 -7.61618964e-02
  7.84077901e-02 -3.65001774e-01 -1.62467120e-02 -1.05979587e-05]","[ 0.         -0.7472977  13.05328465  1.36538815  1.61792016 -2.21940327
 -1.52827108 -0.64630663]"
1749855097.651317,"[ 0.          0.42903698  1.28306414  3.08411578 -2.15997038  0.82056248
  1.73872088  1.7807991 ]","[ 0.00000000e+00 -9.69649962e-02 -2.51741596e-03 -6.94150525e-02
  8.02189477e-02 -3.62861957e-01 -2.02778765e-02 -1.05978530e-05]","[ 0.         -0.70667827 13.10548306  1.42852795  1.35239339 -2.14630961
 -1.5118171  -0.64331794]"
1749855097.654194,"[ 0.          0.42875182  1.28305961  3.08391791 -2.1597339   0.81948842
  1.73864578  1.7807991 ]","[ 0.00000000e+00 -9.50743100e-02 -1.65929045e-03 -6.45532979e-02
  7.53571974e-02 -3.64631594e-01 -2.75845316e-02 -1.05979587e-05]","[ 0.         -0.70253837 13.23372078  1.40504408  1.17959511 -2.19749212
 -1.54649246 -0.66368949]"
1749855097.6565552,"[ 0.          0.4284699   1.28305735  3.08373095 -2.15951365  0.8183954
  1.73854485  1.7807991 ]","[ 0.00000000e+00 -9.18331430e-02 -8.93678189e-04 -6.10420282e-02
  7.12182455e-02 -3.59769827e-01 -3.78136459e-02 -1.06060839e-05]","[ 0.         -0.71718186 13.30889034  1.39971328  1.18345582 -2.21668053
 -1.56870019 -0.65823209]"
1749855097.660661,"[ 0.          0.42820541  1.28305549  3.08354826 -2.15931019  0.81729471
  1.73841555  1.7807991 ]","[ 0.00000000e+00 -8.46800005e-02 -5.29850496e-04 -5.93612407e-02
  6.77944648e-02 -3.64631594e-01 -4.53763743e-02 -1.05979587e-05]","[ 0.         -0.79435259 13.38493633  1.37210011  1.28891301 -2.2392509
 -1.51636243 -0.65313685]"
1749855097.6642864,"[ 0.          0.42786742  1.28305003  3.08330804 -2.15905239  0.81585827
  1.73825949  1.7807991 ]","[ 0.00000000e+00 -8.52612771e-02 -1.05695974e-03 -6.13121269e-02
  6.02317365e-02 -3.53081997e-01 -5.50998833e-02 -1.06059783e-05]","[ 0.         -0.92016679 13.19146729  1.31828141  1.39965701 -2.1456337
 -1.52442813 -0.65293372]"
1749855097.6686502,"[ 0.          0.42751296  1.28303671  3.08306543 -2.15882416  0.81446364
  1.73801222  1.7807991 ]","[ 0.00000000e+00 -9.00258803e-02 -1.96798411e-03 -6.02317365e-02
  5.41659876e-02 -3.45809703e-01 -6.86047607e-02 -1.06059783e-05]","[ 0.         -0.99150085 13.11372089  1.24370492  1.63885784 -2.16403341
 -1.48206377 -0.65527916]"
1749855097.6721292,"[ 0.          0.42715799  1.28301461  3.08281562 -2.15862629  0.81307666
  1.73769637  1.7807991 ]","[ 0.00000000e+00 -9.17400989e-02 -5.61589153e-03 -6.42831993e-02
  4.86175453e-02 -3.47238123e-01 -8.58909982e-02 -1.06059783e-05]","[ 0.         -0.99148285 13.09013271  1.23173082  1.98514307 -2.22749829
 -1.43277049 -0.65293497]"
1749855097.6749938,"[ 0.          0.42687606  1.2829921   3.08262015 -2.15847662  0.81204069
  1.73741567  1.7807991 ]","[ 0.00000000e+00 -9.45341127e-02 -7.54215543e-03 -6.80645635e-02
  5.07783261e-02 -3.46264971e-01 -9.67966262e-02 -1.05979587e-05]","[ 0.         -0.92290336 13.07524872  1.2029804   2.13392568 -2.28237534
 -1.46199059 -0.6604628 ]"
1749855097.678404,"[ 0.          0.42649539  1.28296268  3.08234371 -2.1582585   0.81066797
  1.73697718  1.7807991 ]","[ 0.00000000e+00 -9.49779784e-02 -1.08038994e-02 -6.75243704e-02
  5.64503723e-02 -3.38702226e-01 -1.15353491e-01 -1.05979587e-05]","[ 0.         -0.83432609 13.05889034  1.25450099  2.07217288 -2.4328084
 -1.38168073 -0.65092915]"
1749855097.6825438,"[ 0.          0.42621207  1.28292046  3.08214451 -2.15807448  0.80966242
  1.73662045  1.7807991 ]","[ 0.00000000e+00 -9.26434348e-02 -1.53955564e-02 -6.45532979e-02
  6.29327103e-02 -3.27898347e-01 -1.23434545e-01 -1.05979587e-05]","[ 0.         -0.73877585 13.16870499  1.30674899  1.85449696 -2.48081422
 -1.39046431 -0.63214564]"
1749855097.68592,"[ 0.          0.4259338   1.28286267  3.08196448 -2.15788193  0.80866547
  1.73623509  1.7807991 ]","[ 0.00000000e+00 -8.99424568e-02 -2.10889922e-02 -5.61233528e-02
  6.26331380e-02 -3.30059103e-01 -1.31267377e-01 -1.06059783e-05]","[ 0.         -0.66236597 13.38250256  1.31289232  1.62328565 -2.50207782
 -1.47336817 -0.64611   ]"
1749855097.6918705,"[ 0.          0.42558939  1.28276893  3.08174956 -2.15762813  0.80735646
  1.73568142  1.7807991 ]","[ 0.00000000e+00 -8.23797284e-02 -2.32283823e-02 -5.15886178e-02
  6.23925172e-02 -3.20335602e-01 -1.42881572e-01 -1.06060839e-05]","[ 0.         -0.56865621 13.76001167  1.34706783  1.39592004 -2.36777163
 -1.45610929 -0.6357711 ]"
1749855097.6948793,"[ 0.          0.425099    1.28265788  3.08148351 -2.15728592  0.80547287
  1.73473586  1.7807991 ]","[ 0.00000000e+00 -8.15694367e-02 -1.40450684e-02 -4.03737219e-02
  5.37493985e-02 -3.11692479e-01 -1.62999507e-01 -1.05979587e-05]","[ 0.         -0.6792863  13.87459469  1.2623421   1.14272022 -2.14648676
 -1.54141545 -0.64842284]"
1749855097.6989274,"[ 0.          0.42485562  1.28262019  3.08137192 -2.15713678  0.80453391
  1.73426968  1.7807991 ]","[ 0.00000000e+00 -7.83282698e-02 -1.16141912e-02 -3.56528652e-02
  4.69969619e-02 -3.10612101e-01 -1.55576145e-01 -1.05979587e-05]","[ 0.         -0.74469936 13.72143269  1.22128475  1.21261513 -2.16281199
 -1.48153555 -0.6485846 ]"
1749855097.7016857,"[ 0.          0.42455255  1.28257519  3.08125767 -2.15695036  0.80328768
  1.73367419  1.7807991 ]","[ 0.00000000e+00 -7.58973946e-02 -1.16141912e-02 -2.32283823e-02
  4.64567646e-02 -3.05750334e-01 -1.45852644e-01 -1.05979587e-05]","[ 0.         -0.9071734  13.44996071  1.11270976  1.58562899 -2.21560216
 -1.55673623 -0.65619773]"
1749855097.7051578,"[ 0.          0.42431606  1.28252965  3.08119882 -2.15681401  0.8023868
  1.73323477  1.7807991 ]","[ 0.00000000e+00 -7.99951423e-02 -1.70362134e-02 -1.83480189e-02
  4.36337140e-02 -2.94406233e-01 -1.46392833e-01 -1.06059783e-05]","[ 0.         -1.04451191 13.21724892  1.0437808   1.75985825 -2.27976346
 -1.49537408 -0.66122186]"
1749855097.7090056,"[ 0.          0.42398041  1.28243737  3.0811341  -2.15664303  0.80120343
  1.73263916  1.7807991 ]","[ 0.         -0.08342734 -0.02592936 -0.01514081  0.04237987 -0.29186202
 -0.15071439  0.        ]","[ 0.         -1.16898119 13.08417988  0.92634594  1.95150435 -2.34484863
 -1.48253965 -0.65817964]"
1749855097.7181814,"[ 0.          0.42364794  1.28232352  3.08107738 -2.15648484  0.80002851
  1.73203422  1.7807991 ]","[ 0.         -0.08124898 -0.02856071 -0.01404303  0.03585989 -0.29440623
 -0.14747323  0.        ]","[ 0.         -1.22590268 13.13922596  0.86905634  2.01280594 -2.32960105
 -1.50835276 -0.65273881]"
1749855097.7212641,"[ 0.          0.42295183  1.28211872  3.0809863  -2.15624489  0.79768073
  1.73099532  1.7807991 ]","[ 0.         -0.0848106  -0.02633069 -0.00782489  0.02956284 -0.27874059
 -0.11479143  0.        ]","[ 0.         -1.17770875 13.4359436   0.83138245  2.01151729 -2.23647571
 -1.56331086 -0.67722511]"
1749855097.7247095,"[ 0.          0.42269513  1.28203789  3.08097112 -2.1561586   0.79683311
  1.73067095  1.7807991 ]","[ 0.         -0.08886207 -0.02809014 -0.00378136  0.02944063 -0.27834166
 -0.10206276  0.        ]","[ 0.         -1.12441754 13.67086506  0.818003    1.95340395 -2.28371978
 -1.50426376 -0.64562404]"
1749855097.7287927,"[ 0.          0.42241733  1.28191991  3.08096659 -2.15604249  0.7959817
  1.73028093  1.7807991 ]","[ 0.         -0.09027664 -0.02890043  0.          0.02971072 -0.28211451
 -0.09479048  0.        ]","[ 0.         -1.09902656 13.93394947  0.85870481  1.87354434 -2.25087595
 -1.61884511 -0.65242475]"
1749855097.732832,"[ 0.          0.42205594  1.28180194  3.08096792 -2.15590427  0.79480491
  1.72993179  1.7807991 ]","[ 0.00000000e+00 -9.31836320e-02 -3.07911127e-02  2.65943796e-04
  3.80837445e-02 -2.96806208e-01 -8.28359113e-02  0.00000000e+00]","[ 0.         -1.02451038 14.2151947   0.86884606  1.65650368 -2.2153039
 -1.64557922 -0.64323533]"
1749855097.7363822,"[ 0.          0.42165597  1.28165813  3.08096659 -2.15572531  0.79363006
  1.72963112  1.7807991 ]","[ 0.         -0.09955508 -0.03862394 -0.00031107  0.04255793 -0.2895445
 -0.07238612  0.        ]","[ 0.         -0.89880544 14.5995388   0.96762264  1.36351717 -2.1920774
 -1.69772243 -0.66657925]"
1749855097.7400243,"[ 0.          0.42136485  1.28154654  3.08096712 -2.15560307  0.79275295
  1.72941993  1.7807991 ]","[ 0.00000000e+00 -9.69649962e-02 -3.51126721e-02 -1.65598881e-04
  4.42511055e-02 -2.90354800e-01 -6.75243704e-02  0.00000000e+00]","[ 0.         -0.87378925 14.99505997  1.05839348  1.17304075 -2.28935003
 -1.70813644 -0.67711008]"
1749855097.7433743,"[ 0.          0.42098695  1.28141618  3.08096712 -2.15541531  0.79161138
  1.72917358  1.7807991 ]","[ 0.         -0.09200992 -0.0316014   0.          0.04375579 -0.28171168
 -0.05888125  0.        ]","[ 0.         -0.7793895  15.2299118   1.18469501  1.0607084  -2.1894784
 -1.74753821 -0.65678978]"
1749855097.7468684,"[ 0.          0.42062555  1.281295    3.08096712 -2.15525952  0.79046789
  1.72893004  1.7807991 ]","[ 0.00000000e+00 -8.69713844e-02 -2.86303320e-02  4.10601444e-05
  3.59229638e-02 -2.86573411e-01 -6.26626158e-02  0.00000000e+00]","[ 0.         -0.78517854 15.2135458   1.29467618  1.15139127 -2.05919003
 -1.78980553 -0.65521228]"
1749855097.750234,"[ 0.          0.42037622  1.28121777  3.08096739 -2.15515113  0.78960796
  1.72872458  1.7807991 ]","[ 0.00000000e+00 -7.91385615e-02 -2.33214660e-02  5.69294814e-05
  3.59229638e-02 -2.80095404e-01 -7.02253442e-02  0.00000000e+00]","[ 0.         -0.86016262 15.12286282  1.34424591  1.3768748  -2.08172274
 -1.73016071 -0.68487817]"
1749855097.753735,"[ 0.          0.42007315  1.28114201  3.08096712 -2.15500892  0.788512
  1.72841538  1.7807991 ]","[ 0.         -0.07573208 -0.01653515  0.          0.03484257 -0.27233455
 -0.08102924  0.        ]","[ 0.         -1.02641892 14.72883034  1.3220948   1.71519732 -2.03120279
 -1.72307992 -0.68783766]"
1749855097.7573767,"[ 0.          0.41984725  1.28109567  3.08096712 -2.15490292  0.78771198
  1.72815759  1.7807991 ]","[ 0.         -0.07724788 -0.01620585  0.          0.03585989 -0.26901709
 -0.08859198  0.        ]","[ 0.         -1.13483357 14.30410576  1.26460946  1.91994631 -2.12354851
 -1.67212939 -0.67656732]"
1749855097.7614293,"[ 0.          0.41952946  1.28101577  3.08096712 -2.15478654  0.78662275
  1.72777037  1.7807991 ]","[ 0.         -0.07832827 -0.02320485  0.          0.04101322 -0.2779303
 -0.09831549  0.        ]","[ 0.         -1.18376207 13.78232574  1.17171323  2.14635611 -2.14851236
 -1.58981645 -0.68637675]"
1749855097.7648864,"[ 0.          0.41920206  1.28089633  3.08096659 -2.1546145   0.78549544
  1.72736224  1.7807991 ]","[ 0.00000000e+00 -8.23797284e-02 -3.29518914e-02 -2.04104928e-05
  4.06244918e-02 -2.80901377e-01 -1.03177236e-01  0.00000000e+00]","[ 0.         -1.14288592 13.57592392  1.00434542  2.19641638 -2.14785671
 -1.59556377 -0.68105167]"
1749855097.7683847,"[ 0.          0.41894307  1.28079127  3.08096579 -2.15450238  0.78464782
  1.72704652  1.7807991 ]","[ 0.00000000e+00 -8.66134472e-02 -3.45724769e-02 -4.74412345e-05
  3.66960379e-02 -2.76849910e-01 -1.04821213e-01  0.00000000e+00]","[ 0.         -1.09698009 13.65371513  0.88747144  2.15701938 -2.18605971
 -1.5490582  -0.65202296]"
1749855097.771921,"[ 0.          0.4185941   1.28064612  3.08096339 -2.15435538  0.78354241
  1.72660217  1.7807991 ]","[ 0.00000000e+00 -8.67012899e-02 -3.83538432e-02 -1.16190139e-04
  3.53827707e-02 -2.73068554e-01 -1.14851951e-01  0.00000000e+00]","[ 0.         -0.93422365 13.83567333  0.71576929  2.08553457 -2.23399568
 -1.53632021 -0.65763706]"
1749855097.776043,"[ 0.          0.41833374  1.28052029  3.080961   -2.1542595   0.78272428
  1.7262493   1.7807991 ]","[ 0.00000000e+00 -8.57078226e-02 -4.26754004e-02 -1.74394854e-04
  2.94107963e-02 -2.67935045e-01 -1.22624254e-01  0.00000000e+00]","[ 0.         -0.81984752 13.97777176  0.57479542  2.0346911  -2.24578738
 -1.52881408 -0.66008747]"
1749855097.7801032,"[ 0.          0.41799485  1.28034998  3.08095647 -2.15416389  0.78165123
  1.72572892  1.7807991 ]","[ 0.         -0.08175052 -0.04162756 -0.00027214  0.0216078  -0.2673965
 -0.13504874  0.        ]","[ 0.         -0.74806207 14.18973064  0.472155    2.16631246 -2.23479724
 -1.48949814 -0.66659409]"
1749855097.783616,"[ 0.          0.41767527  1.280181    3.08095008 -2.1540832   0.7806114
  1.72516859  1.7807991 ]","[ 0.         -0.07874129 -0.04237987 -0.00039349  0.01998721 -0.25092056
 -0.14099088  0.        ]","[ 0.         -0.77280492 14.25571632  0.42877981  2.37607408 -2.24772596
 -1.46233284 -0.6688897 ]"
1749855097.7872505,"[ 0.          0.41733638  1.28002761  3.08094449 -2.15399452  0.77962969
  1.72457976  1.78079816]","[ 0.00000000e+00 -8.68476639e-02 -3.36029739e-02 -7.47856531e-04
  2.29582858e-02 -2.42515522e-01 -1.47473228e-01 -1.05899522e-05]","[ 0.         -0.87575084 14.21980381  0.48597413  2.54312825 -2.33624434
 -1.4469595  -0.68450463]"
1749855097.795752,"[ 0.          0.41707004  1.27994119  3.08094182 -2.15392368  0.77892002
  1.72413448  1.78079816]","[ 0.00000000e+00 -9.07527485e-02 -2.75499417e-02 -1.29534829e-03
  2.35722359e-02 -2.36335290e-01 -1.46662928e-01 -1.05819570e-05]","[ 0.         -0.92160362 14.10961533  0.55045336  2.58300233 -2.37133551
 -1.38349771 -0.67491883]"
1749855097.8009813,"[ 0.          0.41620218  1.27966568  3.08093996 -2.15369198  0.77675581
  1.72304618  1.78079816]","[ 0.00000000e+00 -1.00206163e-01 -3.20983628e-02 -5.71450002e-04
  3.21415997e-02 -2.37226966e-01 -9.26434348e-02 -1.05899522e-05]","[ 0.         -1.00857735 13.68333244  0.80227286  2.70655608 -2.31452346
 -1.43124938 -0.69089478]"
1749855097.8039057,"[ 0.          0.4159028   1.27956701  3.08093996 -2.15358226  0.77606898
  1.72281129  1.78079816]","[ 0.00000000e+00 -9.69649962e-02 -3.45724769e-02 -2.85746912e-04
  3.76152695e-02 -2.29582862e-01 -7.12334838e-02 -1.05900569e-05]","[ 0.         -0.99638659 13.71960449  0.90392846  2.48700738 -2.38425517
 -1.46353137 -0.69356334]"
1749855097.8073955,"[ 0.          0.41543808  1.27937646  3.08093943 -2.15338598  0.7749131
  1.72253725  1.78079816]","[ 0.00000000e+00 -8.99424568e-02 -3.86239376e-02 -4.08209857e-05
  4.15950101e-02 -2.28450070e-01 -4.26754004e-02 -1.05899522e-05]","[ 0.         -0.95025015 14.13128948  0.90801835  2.06025672 -2.36059785
 -1.42410898 -0.70500314]"
1749855097.8108673,"[ 0.          0.41517453  1.27927127  3.08093916 -2.15325656  0.77424817
  1.72242314  1.78079816]","[ 0.00000000e+00 -8.48106036e-02 -3.18392102e-02 -5.29245075e-05
  4.51062798e-02 -2.22020133e-01 -3.56528652e-02 -1.05899522e-05]","[ 0.         -0.91436249 14.34671879  0.83668309  1.89689958 -2.26169443
 -1.47323561 -0.67013264]"
1749855097.8167794,"[ 0.          0.41484573  1.27917206  3.08093809 -2.15307466  0.77338724
  1.72229757  1.78079816]","[ 0.00000000e+00 -8.15694367e-02 -2.18778954e-02 -1.15919207e-04
  4.48361812e-02 -2.11216222e-01 -2.89004307e-02 -1.05820616e-05]","[ 0.         -1.0244813  14.52174568  0.78113371  1.62436438 -2.23228502
 -1.40949607 -0.69648576]"
1749855097.8207383,"[ 0.          0.41436403  1.27905782  3.0809325  -2.15279103  0.77213243
  1.72208345  1.78079816]","[ 0.00000000e+00 -7.96787588e-02 -1.68014870e-02 -3.37796204e-04
  4.88998487e-02 -1.96901065e-01 -3.94342335e-02 -1.06059783e-05]","[ 0.         -1.16795087 14.54797649  0.64199579  1.82726264 -2.21093464
 -1.40678787 -0.6719805 ]"
1749855097.8241765,"[ 0.          0.41402561  1.27900548  3.08092584 -2.15258624  0.7713942
  1.72190276  1.78079816]","[ 0.00000000e+00 -8.61610926e-02 -1.10338124e-02 -5.40878070e-04
  5.36139684e-02 -1.76540999e-01 -4.80773522e-02 -1.05979587e-05]","[ 0.         -1.28113425 14.36800194  0.51943523  2.1137619  -2.24508739
 -1.4204644  -0.70617026]"
1749855097.8275814,"[ 0.          0.41375057  1.27897965  3.08091892 -2.15241446  0.77086436
  1.72174576  1.78079816]","[ 0.00000000e+00 -9.26434348e-02 -8.36453802e-03 -8.37872286e-04
  5.96915434e-02 -1.73782546e-01 -5.50998833e-02 -1.06059783e-05]","[ 0.         -1.3038882  14.14197254  0.4916904   2.23354626 -2.28116298
 -1.37878013 -0.67941743]"
1749855097.8315623,"[ 0.          0.41337586  1.27895355  3.08090454 -2.15216413  0.77017367
  1.72149849  1.78079816]","[ 0.00000000e+00 -9.39939238e-02 -6.48233955e-03 -3.01988476e-03
  6.37430062e-02 -1.70111612e-01 -6.75243704e-02 -1.06059783e-05]","[ 0.         -1.2533437  13.75405884  0.44244456  2.33300686 -2.24516511
 -1.33265102 -0.68685824]"
1749855097.8350394,"[ 0.          0.41298648  1.27892879  3.08087844 -2.1519042   0.76950968
  1.72127585  1.78079816]","[ 0.00000000e+00 -1.00476258e-01 -6.20909350e-03 -7.10995559e-03
  6.34729076e-02 -1.64754880e-01 -7.61674891e-02 -1.06060839e-05]","[ 0.         -1.19728839 13.45522213  0.43989581  2.36474085 -2.23458171
 -1.25925887 -0.6921683 ]"
1749855097.839167,"[ 0.          0.41258238  1.27889976  3.08082757 -2.15163469  0.76882478
  1.72097997  1.78079816]","[ 0.00000000e+00 -9.96659659e-02 -7.69777819e-03 -1.56656540e-02
  6.74567136e-02 -1.75537919e-01 -7.04954387e-02 -1.06059783e-05]","[ 0.         -1.12263012 13.33069038  0.46875167  2.44795942 -2.29386306
 -1.29632914 -0.68879813]"
1749855097.8421042,"[ 0.          0.41228071  1.27886993  3.08075753 -2.15142723  0.76829488
  1.7207793   1.78079816]","[ 0.00000000e+00 -1.01310460e-01 -1.13326004e-02 -2.65814561e-02
  7.21892424e-02 -1.80425119e-01 -6.38077210e-02 -1.05979587e-05]","[ 0.         -1.04136431 13.28849697  0.48041701  2.4458797  -2.30569744
 -1.2956537  -0.69209176]"
1749855097.846078,"[ 0.          0.41197028  1.27882306  3.08065527 -2.15120779  0.76773834
  1.72059275  1.78079816]","[ 0.00000000e+00 -1.03316602e-01 -1.72862385e-02 -3.80837445e-02
  7.10356359e-02 -1.82315797e-01 -5.88812517e-02 -1.05979587e-05]","[ 0.         -0.93999207 13.33806229  0.57279909  2.27783656 -2.26655722
 -1.26280975 -0.6703589 ]"
1749855097.8496351,"[ 0.          0.41156804  1.27872492  3.08046751 -2.15092629  0.76703347
  1.72036638  1.78079816]","[ 0.00000000e+00 -1.01016455e-01 -2.86303320e-02 -5.15363491e-02
  6.88050721e-02 -1.72592280e-01 -5.39647609e-02 -1.05980643e-05]","[ 0.         -0.77288073 13.63889313  0.64805931  2.12162542 -2.26943755
 -1.26760161 -0.67400396]"
1749855097.853123,"[ 0.          0.41116671  1.27859349  3.08020972 -2.15066184  0.76635516
  1.72016185  1.78079816]","[ 0.00000000e+00 -9.96659659e-02 -3.26817948e-02 -7.13057304e-02
  6.57013367e-02 -1.66920246e-01 -4.80773522e-02 -1.05978530e-05]","[ 0.         -0.65011674 14.23590755  0.87351954  2.13013625 -2.36290646
 -1.31605422 -0.6719476 ]"
1749855097.8559682,"[ 0.          0.41087559  1.27850681  3.0799751  -2.15046663  0.76583571
  1.72000778  1.78079816]","[ 0.00000000e+00 -9.45341127e-02 -2.65564515e-02 -8.06773194e-02
  6.56336883e-02 -1.74753069e-01 -5.19090710e-02 -1.05979587e-05]","[ 0.         -0.54079688 14.57167625  1.06789994  2.13872695 -2.41131115
 -1.3273437  -0.70291936]"
1749855097.859479,"[ 0.          0.41059822  1.2784594   3.07972316 -2.15026316  0.76532772
  1.71983268  1.78079816]","[ 0.00000000e+00 -8.95243405e-02 -2.32283823e-02 -8.29199257e-02
  6.83346621e-02 -1.70701602e-01 -6.15822255e-02 -1.05979587e-05]","[ 0.         -0.47219875 14.69036865  1.24840355  2.13542247 -2.3941102
 -1.32940173 -0.70355362]"
1749855097.8635788,"[ 0.          0.4102598   1.27837032  3.07938547 -2.14999498  0.76461139
  1.7195625   1.78079816]","[ 0.00000000e+00 -8.15694367e-02 -2.18778954e-02 -8.40003119e-02
  6.56336883e-02 -1.82315797e-01 -6.86047607e-02 -1.05979587e-05]","[ 0.         -0.45772669 14.78942013  1.38905334  2.16264987 -2.339782
 -1.31932652 -0.69489706]"
1749855097.8664699,"[ 0.          0.41002331  1.27830614  3.07913034 -2.14979285  0.76402164
  1.71934665  1.78079816]","[ 0.00000000e+00 -7.53571974e-02 -1.99872133e-02 -8.47597373e-02
  6.61738814e-02 -1.99602043e-01 -7.12334838e-02 -1.05980643e-05]","[ 0.         -0.51196831 14.86233425  1.39532113  2.26077414 -2.36910295
 -1.36042953 -0.68658465]"
1749855097.8700993,"[ 0.          0.40972577  1.27823676  3.07880437 -2.1495276   0.76316736
  1.71904026  1.78079816]","[ 0.00000000e+00 -7.53571974e-02 -1.53955564e-02 -7.85983643e-02
  6.75243704e-02 -2.04066466e-01 -7.72478753e-02 -1.05979587e-05]","[ 0.         -0.63600278 14.82811165  1.35536504  2.3842082  -2.40451264
 -1.37060976 -0.7029292 ]"
1749855097.8740952,"[ 0.          0.40949204  1.27819682  3.07858652 -2.14932094  0.76256136
  1.71881668  1.78079816]","[ 0.00000000e+00 -7.72478753e-02 -1.18842887e-02 -6.79582534e-02
  6.86459191e-02 -1.97711348e-01 -7.04954387e-02 -1.05979587e-05]","[ 0.         -0.76007813 14.59607983  1.26305723  2.394104   -2.40437937
 -1.38781822 -0.70902133]"
1749855097.8780146,"[ 0.          0.40917383  1.27815727  3.07833965 -2.14903118  0.76176228
  1.71856848  1.78079816]","[ 0.00000000e+00 -7.91385615e-02 -8.36453802e-03 -5.86798210e-02
  7.39766979e-02 -1.99399792e-01 -5.50998833e-02 -1.05979587e-05]","[ 0.         -0.86900413 14.2164917   0.96462351  2.34194446 -2.33535361
 -1.514027   -0.72351795]"
1749855097.881983,"[ 0.          0.40884733  1.27812744  3.07811142 -2.14873504  0.76094888
  1.71838965  1.78079816]","[ 0.00000000e+00 -8.37302174e-02 -7.56272939e-03 -5.94817737e-02
  7.58973946e-02 -2.01492721e-01 -3.75435473e-02 -1.05979587e-05]","[ 0.         -1.01697862 13.81978703  0.67246234  2.28076029 -2.22122192
 -1.48729432 -0.69835776]"
1749855097.8854337,"[ 0.          0.4084832   1.27809295  3.07785202 -2.1484365   0.76012223
  1.71827739  1.78079816]","[ 0.00000000e+00 -9.39939238e-02 -9.23263854e-03 -6.56336883e-02
  7.21533730e-02 -2.08515244e-01 -2.30489955e-02 -1.05820616e-05]","[ 0.         -1.05352724 13.59016323  0.42704865  2.36466336 -2.14963722
 -1.50858974 -0.70322114]"
1749855097.8891234,"[ 0.          0.40810071  1.27803836  3.07756067 -2.14814755  0.75946676
  1.71820882  1.78079816]","[ 0.         -0.09507431 -0.01674604 -0.07589739  0.0742768  -0.22071588
 -0.0135415   0.        ]","[ 0.         -1.09265566 13.56900597  0.26598543  2.4399364  -2.09167218
 -1.51581156 -0.71576309]"
1749855097.8932772,"[ 0.          0.40771588  1.27795154  3.07723257 -2.14782903  0.75855729
  1.71817939  1.78079816]","[ 0.         -0.0964248  -0.02482379 -0.08325513  0.08102924 -0.22688188
 -0.00551172  0.        ]","[ 0.         -1.12893295 13.60124779  0.18434618  2.40575957 -2.08595657
 -1.55233967 -0.68866432]"
1749855097.9014044,"[ 0.          0.40733478  1.27784182  3.07689595 -2.14748735  0.75768398
  1.71816221  1.78079816]","[ 0.         -0.09318363 -0.02754994 -0.08751158  0.08300436 -0.21418729
 -0.00416119  0.        ]","[ 0.         -1.08004546 13.8251152   0.19944258  2.21970034 -2.12542343
 -1.5681653  -0.68767601]"
1749855097.907612,"[ 0.          0.40668181  1.27769081  3.07628555 -2.14689773  0.75619334
  1.71811081  1.78079816]","[ 0.         -0.09408935 -0.01782643 -0.08291993  0.08859198 -0.20635447
 -0.00864312  0.        ]","[ 0.         -1.2362262  14.09720516  0.41208315  2.0974586  -2.23621941
 -1.60676265 -0.71562624]"
1749855097.911174,"[ 0.          0.40596545  1.27756125  3.07573774 -2.14628014  0.75462933
  1.71797486  1.78079816]","[ 0.         -0.10668851 -0.01917692 -0.07582049  0.08553415 -0.24038676
 -0.02890043  0.        ]","[ 0.         -1.35775614 14.22590256  0.56574565  2.222224   -2.2989223
 -1.61316633 -0.69198239]"
1749855097.9141617,"[ 0.          0.40564174  1.27750293  3.07550551 -2.14602261  0.75387592
  1.71786926  1.78079816]","[ 0.         -0.1074988  -0.01942731 -0.07723668  0.08425821 -0.25076846
 -0.03761527  0.        ]","[ 0.         -1.35788119 14.24117947  0.58592683  2.2790997  -2.19819164
 -1.64084876 -0.70479292]"
1749855097.9177725,"[ 0.          0.40531251  1.27744461  3.07526769 -2.14577281  0.75312252
  1.71772652  1.78079816]","[ 0.         -0.10992967 -0.01917692 -0.08102924  0.08242521 -0.25822138
 -0.05190907  0.        ]","[ 0.         -1.34224904 14.15086842  0.63055497  2.28008151 -2.21908116
 -1.61606205 -0.68554008]"
1749855097.9211764,"[ 0.          0.40497179  1.27736657  3.07492228 -2.14544817  0.75206178
  1.71747259  1.78079816]","[ 0.         -0.11184273 -0.01998721 -0.09021256  0.08319002 -0.26901434
 -0.06971363  0.        ]","[ 0.         -1.29093456 14.09656334  0.67613369  2.31937599 -2.26229334
 -1.55718505 -0.71689779]"
1749855097.924618,"[ 0.          0.40452638  1.27726924  3.07453506 -2.1450969   0.75094878
  1.7171558   1.78079816]","[ 0.         -0.11062776 -0.02809014 -0.09929516  0.08454051 -0.28252194
 -0.08778168  0.        ]","[ 0.         -1.15349996 14.04082108  0.6353792   2.32351995 -2.30406642
 -1.54469442 -0.70826703]"
1749855097.9320283,"[ 0.          0.40418107  1.27716684  3.07423199 -2.14482951  0.75005355
  1.71686086  1.78079816]","[ 0.         -0.11535349 -0.03619306 -0.10074636  0.08886207 -0.30063906
 -0.10209685  0.        ]","[ 0.         -1.07748473 14.1617384   0.65778232  2.28844404 -2.20962358
 -1.51606452 -0.70109242]"
1749855097.9350674,"[ 0.          0.40334853  1.27693128  3.07356407 -2.14415094  0.74793787
  1.71605792  1.78079816]","[ 0.         -0.12208406 -0.02917053 -0.09327823  0.09858558 -0.30274233
 -0.12262425  0.        ]","[ 0.         -0.87917531 14.45934868  0.59908336  1.86467683 -2.31346869
 -1.5672915  -0.70014781]"
1749855097.938608,"[ 0.          0.40297982  1.27684446  3.07329029 -2.1438556   0.74703127
  1.71566696  1.78079816]","[ 0.         -0.12088106 -0.02838903 -0.08724149  0.09795823 -0.29629694
 -0.13090113  0.        ]","[ 0.         -0.83462775 14.52070904  0.57601595  1.82496238 -2.35790825
 -1.52006221 -0.69778019]"
1749855097.9425976,"[ 0.          0.40250364  1.2767434   3.0729574  -2.14356771  0.74583071
  1.71508094  1.78079816]","[ 0.         -0.11587182 -0.0216078  -0.07959802  0.09831549 -0.3000783
 -0.15411697  0.        ]","[ 0.         -0.81922513 14.51403046  0.54783976  1.94257438 -2.32267928
 -1.44878829 -0.69632071]"
1749855097.946627,"[ 0.          0.40205593  1.27667961  3.07263782 -2.14317463  0.7446283
  1.71441315  1.78079816]","[ 0.         -0.10857918 -0.01296468 -0.07967876  0.096965   -0.29410796
 -0.17102409  0.        ]","[ 0.         -0.98841017 14.14759922  0.44241971  2.13057876 -2.25334954
 -1.40915751 -0.71772754]"
1749855097.9500895,"[ 0.          0.40161142  1.2766374   3.0723012  -2.1427858   0.74345724
  1.71375202  1.78079816]","[ 0.         -0.11062776 -0.00971366 -0.08724149  0.09767622 -0.29332586
 -0.15748259  0.        ]","[ 0.         -1.21781695 13.43476582  0.35926521  2.32946873 -2.14708805
 -1.37887573 -0.70543504]"
1749855097.9531198,"[ 0.          0.40127712  1.27660385  3.07203222 -2.14247262  0.74256967
  1.71332858  1.78079816]","[ 0.         -0.10883352 -0.01203689 -0.09027664  0.10560811 -0.2911399
 -0.13423845  0.        ]","[ 0.         -1.30496013 13.033535    0.27773637  2.48740315 -2.1333158
 -1.43099499 -0.69715488]"
1749855097.9595597,"[ 0.          0.40094559  1.27655564  3.0717643  -2.14213546  0.74168111
  1.71296718  1.78079816]","[ 0.         -0.11371104 -0.01803834 -0.08967236  0.11263065 -0.29465294
 -0.11073996  0.        ]","[ 0.         -1.4088372  12.83979416  0.26326486  2.58919549 -2.16584563
 -1.40414906 -0.675394  ]"
1749855097.9629352,"[ 0.          0.40011585  1.2763366   3.07110863 -2.14131681  0.73965298
  1.71237157  1.78079816]","[ 0.         -0.11722231 -0.04101322 -0.096965    0.11671724 -0.28090138
 -0.07238612  0.        ]","[ 0.         -1.51275218 13.15227127  0.18259797  2.25734711 -2.20177054
 -1.51208496 -0.68716669]"
1749855097.9663486,"[ 0.          0.399754    1.27620437  3.07081196 -2.14097592  0.73879964
  1.71217756  1.78079816]","[ 0.         -0.11936578 -0.04510628 -0.09830124  0.11317084 -0.28142625
 -0.06266262  0.        ]","[ 0.         -1.54023039 13.63890553  0.18260482  2.01578045 -2.2749536
 -1.53555322 -0.68615508]"
1749855097.9715738,"[ 0.          0.39926497  1.27599997  3.07041248 -2.14054209  0.73767805
  1.71196357  1.78079816]","[ 0.         -0.12276984 -0.0540195  -0.09652314  0.10388217 -0.2779303
 -0.04739524  0.        ]","[ 0.         -1.4512074  14.38414955  0.19193593  1.91084266 -2.17036867
 -1.62956977 -0.70549375]"
1749855097.973291,"[ 0.          0.3988898   1.27584018  3.07011581 -2.14023157  0.73683422
  1.71182748  1.78079816]","[ 0.         -0.12413039 -0.05115677 -0.10398753  0.10209685 -0.27684838
 -0.0464097   0.        ]","[ 0.         -1.37186098 14.97578144  0.18515342  1.97448218 -2.15244055
 -1.73711598 -0.68564379]"
1749855097.9761767,"[ 0.          0.39852108  1.27569464  3.06979117 -2.13991252  0.73601703
  1.71167049  1.78079816]","[ 0.         -0.12586542 -0.04861755 -0.10911938  0.10557352 -0.27225825
 -0.05509988  0.        ]","[ 0.         -1.30425012 15.38228703  0.27058259  2.02925611 -2.20593953
 -1.71695554 -0.70545554]"
1749855097.9829228,"[ 0.          0.39801275  1.27552979  3.06933816 -2.13948322  0.73494777
  1.71142601  1.78079816]","[ 0.         -0.12586542 -0.03457248 -0.11398113  0.10632582 -0.26334504
 -0.06637666  0.        ]","[ 0.         -1.21115506 15.64021111  0.46433854  2.1219933  -2.23827553
 -1.77055037 -0.73005563]"
1749855097.9845915,"[ 0.          0.39752233  1.27542926  3.06899275 -2.13904113  0.73388331
  1.71110737  1.78079816]","[ 0.         -0.12100367 -0.02052741 -0.11409965  0.11263065 -0.26496698
 -0.08778168  0.        ]","[ 0.         -1.17942894 15.44253159  0.63028771  2.32799554 -2.2645309
 -1.80457926 -0.70226067]"
1749855097.9893343,"[ 0.          0.3970402   1.27535895  3.06854454 -2.13857455  0.73279687
  1.71068113  1.78079816]","[ 0.         -0.11884289 -0.01618943 -0.10983659  0.11710354 -0.27684991
 -0.11560172  0.        ]","[ 0.         -1.25017369 14.92500877  0.82545775  2.47327614 -2.24648166
 -1.68420458 -0.71112949]"
1749855097.997197,"[ 0.          0.39645887  1.27526947  3.0680412  -2.13798066  0.73133093
  1.70999057  1.78079816]","[ 0.         -0.1169522  -0.01890682 -0.09426402  0.11965318 -0.29013912
 -0.14747323  0.        ]","[ 0.         -1.42698395 14.19324684  0.97275996  2.4717145  -2.26990867
 -1.66212976 -0.70968604]"
1749855097.9972687,"[ 0.          0.39597487  1.27518132  3.06768221 -2.13748851  0.73015894
  1.7093626   1.78079816]","[ 0.         -0.12100367 -0.02376858 -0.08661345  0.12397474 -0.29390063
 -0.15773336  0.        ]","[ 0.         -1.53641856 13.7720108   0.89671057  2.30276418 -2.36022782
 -1.61054289 -0.71768522]"
1749855098.0006585,"[ 0.          0.39560016  1.27510142  3.06742282 -2.13711247  0.72928656
  1.70888988  1.78079816]","[ 0.         -0.12451468 -0.0283315  -0.08508071  0.12424484 -0.29224548
 -0.1609781   0.        ]","[ 0.         -1.58207142 13.57178497  0.73781294  2.10717344 -2.33145952
 -1.60578585 -0.73692971]"
1749855098.004142,"[ 0.          0.39509     1.27495814  3.06707794 -2.13661606  0.72810984
  1.70840559  1.78079816]","[ 0.         -0.12789191 -0.04051462 -0.08805178  0.12397474 -0.29413616
 -0.15719673  0.        ]","[ 0.         -1.52840579 13.57646656  0.50029939  1.90686882 -2.07619739
 -1.59747183 -0.69636601]"
1749855098.007059,"[ 0.          0.39471256  1.27482685  3.06679644 -2.1362584   0.72721462
  1.7079414   1.78079816]","[ 0.         -0.12735684 -0.0432156  -0.09554278  0.11911298 -0.29224548
 -0.15132166  0.        ]","[ 0.         -1.47046721 13.77690697  0.36051178  1.78355503 -2.04191971
 -1.59426939 -0.70128959]"
1749855098.0102217,"[ 0.          0.39433237  1.27470741  3.06649764 -2.13590926  0.72635082
  1.70749812  1.78079816]","[ 0.         -0.12424484 -0.03862394 -0.10182675  0.11371104 -0.28090138
 -0.14243649  0.        ]","[ 0.         -1.45615172 14.06561279  0.26132023  1.76554704 -2.01471376
 -1.71137071 -0.67342532]"
1749855098.0136673,"[ 0.          0.39395536  1.27459862  3.06617752 -2.13556731  0.72550986
  1.70709478  1.78079816]","[ 0.         -0.1246586  -0.03534692 -0.10604076  0.11263065 -0.2758453
 -0.13396835  0.        ]","[ 0.         -1.42169011 14.19650269  0.21582845  1.8121171  -1.94326532
 -1.69556618 -0.71277106]"
1749855098.0165603,"[ 0.          0.39346401  1.27446586  3.06573491 -2.13512735  0.7244197
  1.70654484  1.78079816]","[ 0.         -0.11965318 -0.02808254 -0.11155026  0.10857918 -0.26782071
 -0.1388301   0.        ]","[ 0.         -1.37621605 14.26840782  0.21122149  2.04660892 -2.02581716
 -1.68035913 -0.70207804]"
1749855098.0201662,"[ 0.          0.39311091  1.27440301  3.06539189 -2.13480831  0.72361203
  1.70609676  1.78079816]","[ 0.         -0.11953195 -0.01674604 -0.11223858  0.10927865 -0.27684991
 -0.15233498  0.        ]","[ 0.         -1.41846299 14.10667419  0.25177741  2.28007936 -2.0134902
 -1.64927435 -0.71123523]"
1749855098.0249708,"[ 0.          0.39262095  1.27435707  3.06494421 -2.13435131  0.72249137
  1.70545081  1.78079816]","[ 0.         -0.12154387 -0.00864312 -0.11073996  0.1169522  -0.2779303
 -0.16502955  0.        ]","[ 0.         -1.54113662 13.69161129  0.29106393  2.41373253 -2.03119659
 -1.6513468  -0.71299762]"
1749855098.0314794,"[ 0.          0.39213925  1.27432951  3.06448801 -2.13386768  0.7213803
  1.70479354  1.78079723]","[ 0.00000000e+00 -1.20733576e-01 -6.48233955e-03 -1.15855031e-01
  1.22084056e-01 -2.75238381e-01 -1.60978101e-01 -1.05979587e-05]","[ 0.         -1.72781813 13.35482693  0.39900795  2.51732969 -2.23082638
 -1.63637233 -0.69711417]"
1749855098.0349085,"[ 0.          0.39140365  1.27429462  3.06377455 -2.13295954  0.71944724
  1.703689    1.78079723]","[ 0.00000000e+00 -1.22354159e-01 -7.42391576e-03 -1.17762503e-01
  1.32347763e-01 -2.73601353e-01 -1.49634000e-01 -1.06059783e-05]","[ 0.         -1.77671599 13.13727283  0.57169443  2.33456469 -2.27249193
 -1.55602312 -0.695351  ]"
1749855098.0383155,"[ 0.          0.39077591  1.27423496  3.06319505 -2.13244155  0.71835228
  1.70311642  1.78079723]","[ 0.00000000e+00 -1.27486012e-01 -1.45445703e-02 -1.14521328e-01
  1.27020009e-01 -2.68206787e-01 -1.33408824e-01 -1.05979587e-05]","[ 0.         -1.69821489 13.13247299  0.58291954  2.10002685 -2.24911046
 -1.6416204  -0.64487982]"
1749855098.042046,"[ 0.          0.39037551  1.2741825   3.06285843 -2.1320554   0.7175313
  1.70275103  1.78079723]","[ 0.00000000e+00 -1.33910356e-01 -1.91769216e-02 -1.08579183e-01
  1.27139610e-01 -2.52811236e-01 -1.14851951e-01 -1.06059783e-05]","[ 0.         -1.59424305 13.33104897  0.51874584  2.03999662 -2.18130398
 -1.72976601 -0.70014328]"
1749855098.0475457,"[ 0.          0.38984744  1.274105    3.0624451  -2.13155632  0.71654193
  1.70234104  1.78079723]","[ 0.00000000e+00 -1.32887960e-01 -1.68014870e-02 -1.01993402e-01
  1.24785034e-01 -2.44978413e-01 -9.48798243e-02 -1.06059783e-05]","[ 0.         -1.4363935  13.85437298  0.49992532  1.98599207 -2.2244432
 -1.72151983 -0.69104213]"
1749855098.0511456,"[ 0.          0.3893203   1.27406093  3.06202033 -2.13104925  0.71558586
  1.70198524  1.78079723]","[ 0.00000000e+00 -1.28566399e-01 -7.02151680e-03 -1.08579183e-01
  1.28026201e-01 -2.34444612e-01 -9.07527485e-02 -1.06059783e-05]","[ 0.         -1.2663964  14.27323151  0.40941152  2.15742159 -2.2344048
 -1.7668618  -0.70472354]"
1749855098.055952,"[ 0.          0.38869305  1.27406039  3.06143364 -2.13039039  0.71463551
  1.70149149  1.78079723]","[ 0.00000000e+00 -1.21121166e-01  1.40397288e-03 -1.22084056e-01
  1.29145753e-01 -2.36335290e-01 -1.00476258e-01 -1.06059783e-05]","[ 0.         -1.14712846 14.30190659  0.42695621  2.24844909 -2.13161492
 -1.70230722 -0.69649231]"
1749855098.0609825,"[ 0.          0.38820583  1.2740576   3.06093163 -2.12988066  0.71369941
  1.70105486  1.78079723]","[ 0.00000000e+00 -1.20118094e-01 -3.14299107e-04 -1.25737897e-01
  1.29376690e-01 -2.26881884e-01 -1.13981131e-01 -1.06059783e-05]","[ 0.         -1.16311133 14.30545902  0.53953177  2.41786885 -2.10072994
 -1.73255444 -0.67988658]"
1749855098.065573,"[ 0.          0.38760063  1.27405813  3.06030898 -2.12922366  0.71257496
  1.70045938  1.78079723]","[ 0.00000000e+00 -1.21543868e-01 -1.88742797e-04 -1.20611245e-01
  1.32617857e-01 -2.19422403e-01 -1.22624254e-01 -1.06059783e-05]","[ 0.         -1.29610193 14.33278847  0.74138153  2.44351625 -2.32530975
 -1.75506783 -0.71206367]"
1749855098.071418,"[ 0.          0.38700138  1.2740568   3.05972575 -2.12852431  0.71145623
  1.69982102  1.78079723]","[ 0.00000000e+00 -1.17643185e-01 -7.97911037e-05 -1.11988054e-01
  1.40038564e-01 -2.21795180e-01 -1.30186982e-01 -1.05819570e-05]","[ 0.         -1.28332007 13.99301052  0.82441527  2.15706491 -2.3033247
 -1.76742887 -0.70546472]"
1749855098.0753791,"[ 0.          0.38630663  1.274054    3.05905996 -2.1276966   0.71014722
  1.69895443  1.78079723]","[ 0.00000000e+00 -1.14637600e-01 -2.48230735e-04 -1.10897590e-01
  1.36530848e-01 -2.18238761e-01 -1.53415373e-01 -1.05899522e-05]","[ 0.         -1.36943316 13.57279015  0.78262973  1.8689785  -2.14273453
 -1.73345852 -0.68547875]"
1749855098.0789301,"[ 0.          0.38582723  1.27405214  3.05860909 -2.1271645   0.70928249
  1.69833325  1.78079723]","[ 0.00000000e+00 -1.21543868e-01 -3.54006442e-04 -1.09929672e-01
  1.29916888e-01 -2.08515244e-01 -1.52334978e-01 -1.05819570e-05]","[ 0.         -1.37161875 13.53787041  0.6791361   2.00279212 -2.18667269
 -1.70512271 -0.66507471]"
1749855098.082308,"[ 0.          0.38545805  1.27405081  3.05827992 -2.12677701  0.70867462
  1.69788983  1.78079723]","[ 0.00000000e+00 -1.22084056e-01 -3.66217809e-04 -1.06688505e-01
  1.28026201e-01 -1.94812797e-01 -1.47743322e-01 -1.05819570e-05]","[ 0.         -1.35537767 13.44173622  0.57730013  2.22513795 -2.18324757
 -1.75598645 -0.69322354]"
1749855098.0860825,"[ 0.          0.38495065  1.27404615  3.05786021 -2.12625077  0.70790404
  1.69731725  1.78079723]","[ 0.00000000e+00 -1.28566399e-01 -5.29894416e-04 -1.03316602e-01
  1.31402673e-01 -1.91229014e-01 -1.40990877e-01 -1.05819570e-05]","[ 0.         -1.22601449 13.21936607  0.48312265  2.33911777 -2.15326309
 -1.74342644 -0.69615644]"
1749855098.089543,"[ 0.          0.38456998  1.27403922  3.05755661 -2.12585955  0.70732853
  1.69690246  1.78079723]","[ 0.00000000e+00 -1.22769837e-01 -7.55188221e-04 -1.01453754e-01
  1.31807566e-01 -1.88076348e-01 -1.35048741e-01 -1.05819570e-05]","[ 0.         -1.11433363 13.0338974   0.34869102  2.44481683 -2.13770962
 -1.74215531 -0.68595129]"
1749855098.093542,"[ 0.          0.38408782  1.27402511  3.05715207 -2.12532213  0.70658364
  1.69637822  1.78079723]","[ 0.00000000e+00 -1.17762503e-01 -2.45464780e-03 -1.00206163e-01
  1.35181732e-01 -1.84739540e-01 -1.26405618e-01 -1.05819570e-05]","[ 0.         -1.07537472 13.00995064  0.32556921  2.53496718 -2.10828805
 -1.78326011 -0.68274736]"
1749855098.0972,"[ 0.          0.38360981  1.27400993  3.05673422 -2.1247823   0.70582544
  1.69591217  1.78079723]","[ 0.00000000e+00 -1.12360547e-01 -3.77518481e-03 -1.06688505e-01
  1.32617857e-01 -1.96901065e-01 -1.09929672e-01 -1.05820616e-05]","[ 0.         -1.21295106 13.18192863  0.3144969   2.6354084  -2.10062671
 -1.76313508 -0.6847623 ]"
1749855098.1017528,"[ 0.          0.38315521  1.27399661  3.0562687  -2.12424355  0.70501118
  1.69550404  1.78079816]","[ 0.         -0.11359582 -0.00331239 -0.1161058   0.13639922 -0.20446379
 -0.09551763  0.        ]","[ 0.         -1.39156497 13.38553047  0.41804841  2.5756402  -2.10171437
 -1.82672632 -0.6972726 ]"
1749855098.1046488,"[ 0.          0.38269189  1.27398596  3.05580771 -2.12368615  0.7042073
  1.69512827  1.78079816]","[ 0.         -0.11830269 -0.00264925 -0.11309658  0.13774971 -0.19751103
 -0.09075275  0.        ]","[ 0.         -1.55841959 13.49289894  0.56051987  2.32462645 -2.13552213
 -1.79988563 -0.67180246]"
1749855098.1087837,"[ 0.          0.38232224  1.27397917  3.05547748 -2.12327149  0.70362034
  1.69485995  1.78079816]","[ 0.         -0.12362885 -0.00238492 -0.11182036  0.13612913 -0.1920393
 -0.08668426  0.        ]","[ 0.         -1.6042372  13.55828381  0.62485725  2.1051681  -2.14405417
 -1.84458375 -0.68439478]"
1749855098.1122854,"[ 0.          0.38182263  1.27397131  3.05504445 -2.1227338   0.7028393
  1.69450509  1.78079816]","[ 0.         -0.12463193 -0.00204414 -0.10361235  0.13086455 -0.1948128
 -0.09052741  0.        ]","[ 0.         -1.6076777  13.71109581  0.70665175  2.05177832 -2.15943885
 -1.88043547 -0.68496692]"
1749855098.115718,"[ 0.          0.3814406   1.27396678  3.0547523  -2.1223503   0.70225141
  1.69424356  1.78079816]","[ 0.         -0.12991689 -0.00166749 -0.09426402  0.12478503 -0.19690106
 -0.08697138  0.        ]","[ 0.         -1.55816829 13.86092377  0.71498454  2.19095349 -2.16150379
 -1.84278238 -0.67605788]"
1749855098.119107,"[ 0.          0.38104892  1.27396172  3.05438505 -2.12183978  0.70143615
  1.69390201  1.78079816]","[ 0.         -0.1280262  -0.00127277 -0.0917401   0.12229024 -0.21195054
 -0.0848106   0.        ]","[ 0.         -1.6186024  13.93513966  0.71972692  2.49229574 -2.1666081
 -1.91956174 -0.70221573]"
1749855098.1224902,"[ 0.          0.38051762  1.27395387  3.05401433 -2.1213415   0.70055145
  1.69355767  1.78079816]","[ 0.         -0.13437226 -0.00158955 -0.09372382  0.12451494 -0.22202013
 -0.085891    0.        ]","[ 0.         -1.44862735 13.88886929  0.6080423   2.60700512 -2.15394115
 -1.8466047  -0.6814903 ]"
1749855098.1282284,"[ 0.          0.38011308  1.27394468  3.05372618 -2.120958    0.69989405
  1.6933008   1.78079816]","[ 0.         -0.13315805 -0.00212416 -0.09495184  0.12676947 -0.21315319
 -0.0848106   0.        ]","[ 0.         -1.34349406 13.75154018  0.59717607  2.58485293 -2.12723708
 -1.86798453 -0.68359661]"
1749855098.1311572,"[ 0.          0.37944589  1.27390886  3.05323696 -2.12030473  0.69883051
  1.69285752  1.78079816]","[ 0.00000000e+00 -1.32347763e-01 -8.58245273e-03 -9.96659659e-02
  1.30148832e-01 -2.12150109e-01 -9.07527485e-02  1.05819570e-05]","[ 0.         -1.1108439  13.81105232  0.60772115  2.43731761 -2.13677216
 -1.90099192 -0.68700981]"
1749855098.1340466,"[ 0.          0.37904868  1.27386984  3.05293496 -2.11991937  0.69819502
  1.69258828  1.78079816]","[ 0.00000000e+00 -1.30324901e-01 -1.53955564e-02 -9.99360687e-02
  1.30997274e-01 -2.14187294e-01 -8.85919761e-02  1.05820616e-05]","[ 0.         -1.06329262 13.97101879  0.69739056  2.31184912 -2.0995791
 -1.87588322 -0.71111035]"
1749855098.1377468,"[ 0.          0.37866203  1.27380833  3.05264148 -2.11952176  0.69753768
  1.69231623  1.78079816]","[ 0.00000000e+00 -1.25885769e-01 -2.26881871e-02 -9.71365704e-02
  1.30457085e-01 -2.19636588e-01 -9.15630403e-02  1.05819570e-05]","[ 0.         -1.04837847 14.04235458  0.79119736  2.20905542 -2.10657406
 -1.97573817 -0.69570839]"
1749855098.1423483,"[ 0.          0.37816015  1.27369487  3.05226118 -2.1191356   0.69662728
  1.69194712  1.78079816]","[ 0.00000000e+00 -1.25767341e-01 -3.02509176e-02 -9.18331430e-02
  1.25595326e-01 -2.33364218e-01 -9.02766419e-02  1.05819570e-05]","[ 0.         -1.07178831 14.21663857  0.88363093  2.04125309 -2.00180054
 -1.93571055 -0.7109952 ]"
1749855098.1457906,"[ 0.          0.37765365  1.27356904  3.05187475 -2.11863413  0.695676
  1.6915856   1.78079816]","[ 0.00000000e+00 -1.24765211e-01 -3.29518914e-02 -9.00161598e-02
  1.24749398e-01 -2.35525007e-01 -9.25495667e-02  1.05899522e-05]","[ 0.         -1.09139144 14.39062881  0.99317241  1.89946926 -1.91174161
 -2.03334379 -0.69739825]"
1749855098.1486948,"[ 0.          0.37714489  1.27341431  3.05151602 -2.11814384  0.6947608
  1.69118319  1.78079816]","[ 0.00000000e+00 -1.32617857e-01 -4.10548170e-02 -8.77689595e-02
  1.20463473e-01 -2.25572707e-01 -1.05338016e-01  1.05899522e-05]","[ 0.         -1.11816144 14.6167202   1.07701814  1.92226338 -2.03561044
 -2.03129792 -0.7141853 ]"
1749855098.1522632,"[ 0.          0.37673896  1.27329127  3.05125157 -2.11778192  0.6940797
  1.69084457  1.78079816]","[ 0.00000000e+00 -1.33698252e-01 -3.91641349e-02 -8.93116788e-02
  1.19754564e-01 -2.25801489e-01 -1.19653181e-01  1.05820616e-05]","[ 0.         -1.10726607 14.74503708  1.16534328  2.0793643  -2.14501786
 -2.03290772 -0.70751846]"
1749855098.1556873,"[ 0.          0.37633532  1.27318475  3.05097327 -2.11742426  0.69340046
  1.6904459   1.78079816]","[ 0.00000000e+00 -1.33698252e-01 -3.36029739e-02 -9.26434348e-02
  1.22354159e-01 -2.21177776e-01 -1.38830105e-01  1.05819570e-05]","[ 0.         -1.12742627 14.74279118  1.14689386  2.26023793 -2.18831658
 -2.12989902 -0.750049  ]"
1749855098.1585112,"[ 0.          0.37580725  1.2730424   3.05061774 -2.11693503  0.69252149
  1.6898066   1.78079816]","[ 0.00000000e+00 -1.28975785e-01 -3.71137339e-02 -8.61610926e-02
  1.19801769e-01 -2.19422403e-01 -1.68720010e-01  1.05819570e-05]","[ 0.         -1.07427502 14.44210148  1.24746358  2.31787491 -2.15783095
 -2.01227617 -0.71387768]"
1749855098.1620445,"[ 0.          0.3754174   1.27292988  3.05045582 -2.11657231  0.69185936
  1.689252    1.78079816]","[ 0.00000000e+00 -1.27641150e-01 -3.83538432e-02 -8.04890505e-02
  1.19383087e-01 -2.24493411e-01 -1.78534425e-01  1.05899522e-05]","[ 0.         -1.07330585 14.3086338   1.20210326  2.4731729  -2.16016221
 -1.99812376 -0.71966863]"
1749855098.1660268,"[ 0.          0.37490863  1.27276543  3.0501421  -2.11607323  0.69094323
  1.68848914  1.78079816]","[ 0.00000000e+00 -1.26638070e-01 -4.42959881e-02 -7.34751581e-02
  1.25865421e-01 -2.20425482e-01 -1.96630970e-01  1.05979587e-05]","[ 0.         -1.04423344 14.15372276  1.16408169  2.54554319 -2.19935536
 -2.01880908 -0.73874813]"
1749855098.1700883,"[ 0.          0.3745284   1.27261629  3.0499373  -2.11569134  0.69030301
  1.68787168  1.78079816]","[ 0.00000000e+00 -1.29376690e-01 -5.15886178e-02 -6.80645635e-02
  1.25634999e-01 -2.15215873e-01 -2.04733888e-01  1.06059783e-05]","[ 0.         -1.01920581 14.07625961  1.08315969  2.451653   -2.17609644
 -1.95864344 -0.75583035]"
1749855098.173589,"[ 0.          0.37401964  1.27241003  3.04969202 -2.11517175  0.68946398
  1.6870754   1.78079816]","[ 0.00000000e+00 -1.24785034e-01 -5.07783261e-02 -5.63931768e-02
  1.31151904e-01 -2.07434866e-01 -1.90148620e-01  1.06059783e-05]","[ 0.         -0.99112201 13.98876953  0.90878481  2.20490599 -2.17673492
 -2.13119483 -0.74432707]"
1749855098.176529,"[ 0.          0.37352372  1.27220071  3.04948137 -2.11466549  0.68865817
  1.68653504  1.78079816]","[ 0.00000000e+00 -1.21543868e-01 -5.12665251e-02 -5.07268771e-02
  1.26263580e-01 -1.97711348e-01 -1.71024094e-01  1.06058726e-05]","[ 0.         -0.99647593 13.8616457   0.70849031  1.9931109  -2.1073997
 -2.13641191 -0.72850639]"
1749855098.1799905,"[ 0.          0.3731637   1.27205463  3.04933676 -2.11429344  0.68806362
  1.6860614   1.78079816]","[ 0.00000000e+00 -1.15871817e-01 -4.66429321e-02 -4.59165715e-02
  1.20733576e-01 -1.97100968e-01 -1.55148691e-01  1.05979587e-05]","[ 0.         -1.12845027 13.79875851  0.57053447  1.95532274 -2.09312487
 -1.99307084 -0.71797603]"
1749855098.184117,"[ 0.          0.37280737  1.27191189  3.04919108 -2.11393445  0.68745955
  1.68561612  1.78079816]","[ 0.00000000e+00 -1.18000831e-01 -4.91079332e-02 -5.01536899e-02
  1.17103537e-01 -2.01492721e-01 -1.44625560e-01  1.05980643e-05]","[ 0.         -1.23046672 13.67101288  0.46767008  2.14146852 -2.09632325
 -2.04925799 -0.7427091 ]"
1749855098.1874995,"[ 0.          0.37231834  1.27171814  3.04897217 -2.1134668   0.68664236
  1.68506152  1.78079816]","[ 0.00000000e+00 -1.22624254e-01 -4.64567646e-02 -5.75307627e-02
  1.15061525e-01 -2.01428172e-01 -1.32347763e-01  1.05979587e-05]","[ 0.         -1.45386279 13.50043583  0.36646473  2.40053344 -2.1420362
 -2.08795786 -0.74473751]"
1749855098.1909826,"[ 0.          0.37180678  1.27152427  3.04869707 -2.11298929  0.68587277
  1.68454406  1.78079816]","[ 0.00000000e+00 -1.30148832e-01 -5.02381288e-02 -7.47411999e-02
  1.20506158e-01 -1.92039298e-01 -1.27356841e-01  1.05979587e-05]","[ 0.         -1.56542659 13.29447079  0.38470641  2.63123298 -2.24429154
 -2.06254482 -0.72033089]"
1749855098.1939628,"[ 0.          0.37142109  1.27137087  3.04844966 -2.11261645  0.6852944
  1.68415777  1.78079816]","[ 0.00000000e+00 -1.30457085e-01 -4.96979357e-02 -8.45089674e-02
  1.23628848e-01 -1.89068225e-01 -1.29106596e-01  1.05979587e-05]","[ 0.         -1.56319916 13.22008705  0.48368672  2.65401149 -2.31699228
 -2.0945797  -0.73938912]"
1749855098.1983654,"[ 0.          0.37102894  1.27121108  3.04819293 -2.11225133  0.68473314
  1.68373833  1.78079816]","[ 0.00000000e+00 -1.29376690e-01 -5.46675233e-02 -8.63436190e-02
  1.23974743e-01 -1.82315797e-01 -1.42436491e-01  1.06058726e-05]","[ 0.         -1.54709041 13.21491051  0.64619297  2.64818716 -2.34934402
 -2.07607293 -0.72646379]"
1749855098.201573,"[ 0.          0.3705261   1.27097139  3.04784059 -2.1117464   0.68403293
  1.68312274  1.78079816]","[ 0.         -0.12289435 -0.05791388 -0.08724149  0.12572283 -0.171782
 -0.16049181  0.        ]","[ 0.         -1.47789598 13.42834759  0.84425414  2.60280633 -2.39639854
 -1.99233377 -0.7566402 ]"
1749855098.2050753,"[ 0.          0.37002193  1.27072159  3.0474848  -2.11124119  0.68333278
  1.68245215  1.78079816]","[ 0.         -0.12613552 -0.06520683 -0.08697138  0.12586542 -0.17664375
 -0.16851641  0.        ]","[ 0.         -1.40621495 13.78395081  1.05003357  2.49838471 -2.4221549
 -2.08338976 -0.77836013]"
1749855098.208459,"[ 0.          0.36965365  1.27052505  3.04723579 -2.11084571  0.68278956
  1.68195547  1.78079816]","[ 0.         -0.12424484 -0.06806456 -0.07878856  0.13342815 -0.18105482
 -0.16692025  0.        ]","[ 0.         -1.31045961 14.08346653  1.1329211   2.43320131 -2.43259811
 -2.15671015 -0.73338765]"
1749855098.2118993,"[ 0.          0.36927115  1.27031066  3.04702567 -2.11043479  0.68226259
  1.68144175  1.78079816]","[ 0.         -0.12748601 -0.07069384 -0.06779446  0.13616728 -0.17448297
 -0.16989132  0.        ]","[ 0.         -1.17228162 14.43879795  1.13466144  2.18858814 -2.34001708
 -2.22138023 -0.76008439]"
1749855098.215338,"[ 0.          0.36876878  1.27004794  3.0467708  -2.10989523  0.68158242
  1.68071497  1.78079816]","[ 0.         -0.12196036 -0.06266262 -0.06104203  0.13221366 -0.16502955
 -0.18717755  0.        ]","[ 0.         -1.03586006 14.77989674  1.09347165  1.82895994 -2.25295067
 -2.24614573 -0.76413447]"
1749855098.21948,"[ 0.          0.36828389  1.26982757  3.0465218  -2.10937006  0.68085937
  1.67991589  1.78079816]","[ 0.         -0.12019338 -0.04942784 -0.06374301  0.12991689 -0.176541
 -0.20851524  0.        ]","[ 0.         -0.96407616 14.89452267  1.00521588  1.85984743 -2.2449348
 -2.24449253 -0.74890596]"
1749855098.2230937,"[ 0.          0.36780129  1.26969254  3.04625974 -2.10886086  0.68010789
  1.6789979   1.78079816]","[ 0.         -0.11965318 -0.0429891  -0.06644398  0.12559533 -0.19663097
 -0.2390639   0.        ]","[ 0.         -0.94255078 14.71590805  0.88547355  2.13376451 -2.1971097
 -2.11455941 -0.76962322]"
1749855098.2271235,"[ 0.          0.36743624  1.2695755   3.04604616 -2.10832903  0.67927739
  1.67799149  1.78079816]","[ 0.         -0.12112117 -0.03636143 -0.07076554  0.13585903 -0.21229662
 -0.25281124  0.        ]","[ 0.         -0.92783517 14.25211811  0.81485337  2.37427878 -2.1773262
 -2.04446054 -0.75486231]"
1749855098.235694,"[ 0.          0.36694718  1.26945059  3.04574868 -2.10790345  0.67859528
  1.67721798  1.78079816]","[ 0.         -0.12337808 -0.02956284 -0.0753572   0.14168418 -0.23147354
 -0.2555229   0.        ]","[ 0.         -0.88556522 13.4511528   0.79855913  2.38279986 -2.2020092
 -2.01096177 -0.75692141]"
1749855098.2391353,"[ 0.          0.36585019  1.26910026  3.04508502 -2.10652953  0.67667934
  1.67516028  1.78079816]","[ 0.         -0.11965318 -0.04510628 -0.07184593  0.15568835 -0.24095266
 -0.20613168  0.        ]","[ 0.         -0.83446878 12.59609985  0.8257215   2.11633635 -2.28607774
 -1.98031056 -0.75684601]"
1749855098.2425902,"[ 0.          0.3654911   1.26895232  3.04487836 -2.10605922  0.67592593
  1.6745411   1.78079816]","[ 0.         -0.11710887 -0.05072688 -0.06563369  0.15989771 -0.25281124
 -0.20217977  0.        ]","[ 0.         -0.86414289 12.62695503  0.83745229  1.99805379 -2.30714869
 -1.9121089  -0.74822259]"
1749855098.2469637,"[ 0.          0.36491895  1.2686888   3.04457529 -2.10524322  0.67464169
  1.67354401  1.78079816]","[ 0.         -0.11506153 -0.05212881 -0.05699057  0.16034084 -0.25930068
 -0.19691859  0.        ]","[ 0.         -0.95543224 12.83889961  0.72792011  1.74459517 -2.07945824
 -1.89665532 -0.74621594]"
1749855098.251907,"[ 0.          0.36456445  1.26852621  3.04440671 -2.10476838  0.6738454
  1.67294573  1.78079816]","[ 0.         -0.11635656 -0.05726066 -0.05591018  0.15989771 -0.26334504
 -0.20527408  0.        ]","[ 0.         -0.93883133 13.06900024  0.64523709  1.55692101 -2.06217074
 -2.01225376 -0.71839505]"
1749855098.25401,"[ 0.          0.36421684  1.26834352  3.04422961 -2.10429194  0.67305584
  1.67229978  1.78079816]","[ 0.         -0.11830269 -0.06185232 -0.05912568  0.15676764 -0.25767299
 -0.21715837  0.        ]","[ 0.         -0.99836302 13.47553062  0.560287    1.61635363 -2.06760597
 -1.92232168 -0.75366253]"
1749855098.260351,"[ 0.          0.36373331  1.26806988  3.04397715 -2.10365625  0.67204271
  1.67140549  1.78079816]","[ 0.         -0.12073358 -0.07022534 -0.06645364  0.15827712 -0.24984016
 -0.22391081  0.        ]","[ 0.         -1.07711685 14.1664772   0.53355145  1.8506546  -2.11103654
 -2.00135493 -0.76538247]"
1749855098.2638588,"[ 0.          0.36287328  1.26761435  3.0434525  -2.10251375  0.67028755
  1.66977218  1.78079816]","[ 0.         -0.12100367 -0.05780086 -0.08454051  0.16583985 -0.25389163
 -0.24416811  0.        ]","[ 0.         -1.05779469 14.87134457  0.72648072  1.89553916 -2.05773973
 -2.04070759 -0.77718461]"
1749855098.2673538,"[ 0.          0.36250682  1.26744763  3.04318033 -2.10200881  0.66948747
  1.66901677  1.78079816]","[ 0.         -0.12262425 -0.05455969 -0.09308921  0.16676102 -0.27009748
 -0.24978096  0.        ]","[ 0.         -1.04729235 14.76179409  0.84667438  1.80105507 -2.03822565
 -2.03366661 -0.76075673]"
1749855098.2707467,"[ 0.          0.362145    1.26729477  3.04289803 -2.10150947  0.66867128
  1.66826909  1.78079816]","[ 0.         -0.12235416 -0.04888764 -0.09291353  0.16810024 -0.26874451
 -0.24449924  0.        ]","[ 0.         -0.99596465 14.64822388  1.03091514  1.74258113 -2.07876825
 -2.14387798 -0.75570053]"
1749855098.2742877,"[ 0.          0.36166054  1.26711886  3.04253984 -2.10084235  0.6675963
  1.66729584  1.78079816]","[ 0.         -0.12019338 -0.04236234 -0.08697138  0.16583985 -0.27009748
 -0.24098848  0.        ]","[ 0.         -0.96557754 14.53622246  1.19960988  1.91461027 -2.33199859
 -2.09793377 -0.76754433]"
1749855098.2784913,"[ 0.          0.36128996  1.26699343  3.04228817 -2.10033129  0.66676958
  1.66661859  1.78079816]","[ 0.         -0.12276984 -0.04105482 -0.07999514  0.16908102 -0.27225825
 -0.22364072  0.        ]","[ 0.         -0.90982026 14.32448864  1.26979196  2.08123851 -2.29241276
 -2.12957001 -0.77440423]"
1749855098.2813838,"[ 0.          0.3608069   1.26684336  3.0419891  -2.09964526  0.66566797
  1.66576332  1.78079816]","[ 0.         -0.1169522  -0.03619306 -0.07046594  0.17367267 -0.27603963
 -0.20851524  0.        ]","[ 0.         -0.84426337 13.85727596  1.25294471  2.22818208 -2.17188954
 -2.19125223 -0.76278573]"
1749855098.285909,"[ 0.          0.36034038  1.26668304  3.04173743 -2.09894538  0.66453879
  1.6649404   1.78079816]","[ 0.         -0.11506153 -0.04234    -0.05963106  0.17475307 -0.28279205
 -0.19810708  0.        ]","[ 0.         -0.77199131 13.4240694   1.04988778  2.12495899 -2.04357219
 -2.00745845 -0.753591  ]"
1749855098.2899923,"[ 0.          0.35989313  1.2665054   3.04152091 -2.0982471   0.66343717
  1.66416329  1.78079816]","[ 0.         -0.11046987 -0.04429599 -0.05190907  0.17484583 -0.2673965
 -0.19158711  0.        ]","[ 0.         -0.72502702 13.39745426  0.77458233  2.1818738  -1.98627865
 -2.0647068  -0.74816632]"
1749855098.29428,"[ 0.          0.35943713  1.26632631  3.04130626 -2.09752938  0.66236318
  1.6633718   1.78079816]","[ 0.         -0.10905388 -0.04564647 -0.05466752  0.18105482 -0.26712641
 -0.1996117   0.        ]","[ 0.         -0.74461776 13.52956963  0.56350452  2.23831105 -2.03636551
 -2.05578589 -0.78126985]"
1749855098.2989228,"[ 0.          0.35888243  1.2660797   3.04101491 -2.09660127  0.66104179
  1.66232718  1.78079816]","[ 0.         -0.11305617 -0.05010651 -0.06413633  0.18528687 -0.26631611
 -0.21397028  0.        ]","[ 0.         -0.76793212 13.60717583  0.30587193  2.05203319 -1.99661303
 -1.98931086 -0.76795453]"
1749855098.3029528,"[ 0.          0.358426    1.2658524   3.04072916 -2.09586144  0.65995828
  1.66142636  1.78079816]","[ 0.         -0.11236055 -0.06018443 -0.074729    0.1823158  -0.26874451
 -0.22958286  0.        ]","[ 0.         -0.83000356 13.77499771  0.25875562  1.964504   -1.83536482
 -2.01372218 -0.73193765]"
1749855098.3115404,"[ 0.          0.35797922  1.26560299  3.04041703 -2.0951304   0.65890041
  1.66050637  1.78079816]","[ 0.         -0.11236055 -0.06319365 -0.07723668  0.18420648 -0.26145436
 -0.22603074  0.        ]","[ 0.         -0.95358044 14.07846165  0.31918666  2.01741576 -1.97027707
 -2.01357841 -0.7615217 ]"
1749855098.31497,"[ 0.          0.35712191  1.26505438  3.03967774 -2.09345048  0.65659251
  1.65858956  1.78079723]","[ 0.00000000e+00 -1.06148308e-01 -5.71752099e-02 -8.61610926e-02
  1.80612739e-01 -2.54443853e-01 -2.07434866e-01 -1.05819570e-05]","[ 0.         -1.29440498 14.3431263   0.5712657   2.22650957 -2.15968752
 -1.97482169 -0.76181966]"
1749855098.3178828,"[ 0.          0.35679128  1.26489779  3.03942314 -2.09291305  0.65582386
  1.65796172  1.78079723]","[ 0.00000000e+00 -1.09278646e-01 -5.21288109e-02 -8.53508009e-02
  1.83666286e-01 -2.53891630e-01 -2.04463793e-01 -1.05900569e-05]","[ 0.         -1.38847184 14.19469452  0.67897242  2.32813668 -2.10128498
 -2.00579262 -0.76199865]"
1749855098.320728,"[ 0.          0.35645333  1.2647388   3.03917121 -2.09235139  0.65507997
  1.65734613  1.78079723]","[ 0.00000000e+00 -1.12344269e-01 -5.13185192e-02 -8.28359113e-02
  1.84829305e-01 -2.39759649e-01 -2.01617839e-01 -1.05899522e-05]","[ 0.         -1.44767082 14.15767479  0.77268231  2.4430728  -2.16115475
 -2.08965039 -0.78146702]"
1749855098.3235993,"[ 0.          0.35611354  1.26458966  3.03891687 -2.09178867  0.6543741
  1.65674879  1.78079723]","[ 0.00000000e+00 -1.16412014e-01 -4.75371550e-02 -8.42704147e-02
  1.86097153e-01 -2.31208522e-01 -2.03653493e-01 -1.05820616e-05]","[ 0.         -1.40666223 14.14293003  0.83006698  2.59852147 -2.18010664
 -2.04690361 -0.759821  ]"
1749855098.3287778,"[ 0.          0.35575628  1.26445051  3.03865588 -2.09122887  0.65369672
  1.65610377  1.78079723]","[ 0.00000000e+00 -1.18302692e-01 -4.53890909e-02 -8.93116788e-02
  1.83813276e-01 -2.30663240e-01 -2.02194297e-01 -1.05819570e-05]","[ 0.         -1.37766671 14.16510201  0.89712179  2.77140832 -2.22581196
 -1.9890964  -0.80287558]"
1749855098.3323486,"[ 0.          0.35516622  1.26425077  3.03817066 -2.09048825  0.65255423
  1.6551429   1.78079723]","[ 0.00000000e+00 -1.16412014e-01 -3.40322817e-02 -9.45341127e-02
  1.85819435e-01 -2.23936228e-01 -1.84206475e-01 -1.05819570e-05]","[ 0.         -1.08648145 13.98619461  0.9374634   3.03689933 -2.23629022
 -2.18903756 -0.82823426]"
1749855098.3352413,"[ 0.          0.35481861  1.26415703  3.03788224 -2.08993111  0.65188451
  1.65459602  1.78079723]","[ 0.00000000e+00 -1.13711036e-01 -3.02509176e-02 -9.45397053e-02
  1.90148620e-01 -2.27461471e-01 -1.78264330e-01 -1.05819570e-05]","[ 0.         -0.91053677 13.78991795  0.94337982  3.02760339 -2.22650194
 -2.13214326 -0.79800779]"
1749855098.338181,"[ 0.          0.35446365  1.26406382  3.0376066  -2.08934708  0.65119861
  1.65404608  1.78079723]","[ 0.00000000e+00 -1.18111943e-01 -3.21415997e-02 -9.33744558e-02
  1.93659898e-01 -2.22830417e-01 -1.84019837e-01 -1.05899522e-05]","[ 0.         -0.74014294 13.67600441  0.91201252  2.84744501 -2.08887362
 -2.07275677 -0.78855062]"
1749855098.3416045,"[ 0.          0.35411377  1.26395916  3.0373307  -2.08875692  0.65053935
  1.65347816  1.78079723]","[ 0.00000000e+00 -1.17070939e-01 -3.50770939e-02 -8.99424568e-02
  1.94542969e-01 -2.13970280e-01 -1.88076348e-01 -1.06059783e-05]","[ 0.         -0.58637768 13.67861748  0.90176868  2.74174142 -2.15033007
 -2.11734653 -0.79488605]"
1749855098.3574357,"[ 0.          0.35363986  1.26382054  3.03699034 -2.08797262  0.64970032
  1.65290451  1.78079723]","[ 0.00000000e+00 -1.19383087e-01 -3.53827707e-02 -8.07591450e-02
  1.94200087e-01 -2.07434866e-01 -1.97711348e-01 -1.06059783e-05]","[ 0.         -0.41459024 13.96302891  0.87455761  2.66138196 -2.23018909
 -2.07303452 -0.81189531]"
1749855098.3620484,"[ 0.          0.35195188  1.26322119  3.03596556 -2.0848498   0.64648016
  1.64939899  1.78079723]","[ 0.00000000e+00 -9.58846017e-02 -3.59229638e-02 -6.31387724e-02
  1.94200087e-01 -1.86367264e-01 -2.06354471e-01 -1.05979587e-05]","[ 0.         -0.89196807 14.09064484  0.50705105  2.46776724 -2.1156919
 -2.00310802 -0.81330514]"
1749855098.3665054,"[ 0.          0.35156985  1.26307792  3.03569605 -2.0840655   0.64578001
  1.64859126  1.78079723]","[ 0.00000000e+00 -9.53444128e-02 -3.63614283e-02 -6.96851469e-02
  1.96901065e-01 -1.67355739e-01 -1.95348625e-01 -1.05979587e-05]","[ 0.         -1.20558941 14.16038227  0.50176549  2.61418009 -2.13412404
 -2.04401398 -0.79248822]"
1749855098.3703165,"[ 0.          0.35116852  1.262914    3.03539112 -2.08327055  0.64511216
  1.64778845  1.78079723]","[ 0.00000000e+00 -1.02366944e-01 -4.37557908e-02 -7.94936025e-02
  1.96701561e-01 -1.64754880e-01 -2.04125522e-01 -1.05979587e-05]","[ 0.         -1.42782843 14.0990591   0.53237844  2.53343964 -2.08762217
 -2.09010673 -0.81562465]"
1749855098.3779829,"[ 0.          0.35062576  1.26269455  3.03497327 -2.08228331  0.64429883
  1.64675341  1.78079723]","[ 0.00000000e+00 -1.10469869e-01 -4.26754004e-02 -8.56209037e-02
  1.93593252e-01 -1.58277123e-01 -2.07636284e-01 -1.06060839e-05]","[ 0.         -1.44230163 14.23071575  0.56033242  2.5034914  -2.00420094
 -1.97281361 -0.79987311]"
1749855098.381412,"[ 0.          0.34979968  1.26238004  3.03435009 -2.08092217  0.64313629
  1.64528747  1.78079723]","[ 0.00000000e+00 -1.20463473e-01 -4.18783330e-02 -9.04826541e-02
  1.95820670e-01 -1.68639882e-01 -2.03122459e-01 -1.05979587e-05]","[ 0.         -1.17276251 14.71072102  0.6943664   2.50281739 -2.07602215
 -1.96365535 -0.81399071]"
1749855098.3842614,"[ 0.          0.34943277  1.26225966  3.0340875  -2.08033121  0.64261311
  1.64469092  1.78079723]","[ 0.00000000e+00 -1.22769837e-01 -4.10548170e-02 -8.75115816e-02
  1.94003329e-01 -1.73782546e-01 -2.00479088e-01 -1.06059783e-05]","[ 0.         -1.02539158 14.84860611  0.76426733  2.4784677  -2.04934716
 -2.0772531  -0.80932939]"
1749855098.3882794,"[ 0.          0.34893089  1.26209947  3.03373703 -2.07954612  0.64190724
  1.64389943  1.78079723]","[ 0.00000000e+00 -1.24785034e-01 -3.72734528e-02 -8.35058960e-02
  1.97981443e-01 -1.71024094e-01 -1.97711348e-01 -1.06059783e-05]","[ 0.         -0.76615465 15.01470184  0.79687661  2.47221875 -1.95705247
 -2.1152842  -0.79823703]"
1749855098.3923085,"[ 0.          0.34843222  1.26198096  3.03341106 -2.0787461   0.64124705
  1.64308038  1.78079723]","[ 0.00000000e+00 -1.23628848e-01 -2.45753093e-02 -8.18395312e-02
  1.98860153e-01 -1.59338709e-01 -2.07434866e-01 -1.06059783e-05]","[ 0.         -0.63700116 14.94154644  0.85291797  2.31594896 -2.00394273
 -1.97975171 -0.78883541]"
1749855098.3958545,"[ 0.          0.34794639  1.26189787  3.03306484 -2.07795541  0.64078465
  1.64221658  1.78079723]","[ 0.00000000e+00 -1.18864253e-01 -1.99872133e-02 -8.85919761e-02
  1.95550576e-01 -1.54495751e-01 -2.14997594e-01 -1.06059783e-05]","[ 0.         -0.53769737 14.6825676   0.92411971  2.36145949 -2.04384279
 -2.0694387  -0.81076849]"
1749855098.3988328,"[ 0.          0.34760244  1.26183169  3.0327924  -2.07737457  0.64030901
  1.6415717   1.78079723]","[ 0.00000000e+00 -1.15601723e-01 -2.10462568e-02 -8.98513268e-02
  1.91406880e-01 -1.59196047e-01 -2.12296616e-01 -1.06058726e-05]","[ 0.         -0.54300702 14.53341961  0.96944034  2.51967502 -2.09508395
 -2.0657568  -0.81874168]"
1749855098.4017158,"[ 0.          0.34726585  1.26176698  3.03253168 -2.07679427  0.63983051
  1.64092761  1.78079723]","[ 0.00000000e+00 -1.09119380e-01 -2.16077989e-02 -8.42704147e-02
  1.97711348e-01 -1.56386445e-01 -2.12512149e-01 -1.06059783e-05]","[ 0.         -0.54382211 14.28992558  0.97036064  2.71246457 -2.05189514
 -1.99127662 -0.83413827]"
1749855098.4052258,"[ 0.          0.34694444  1.2617004   3.03228827 -2.0761884   0.63935394
  1.64029884  1.78079723]","[ 0.00000000e+00 -1.06148308e-01 -2.20468647e-02 -8.10292395e-02
  2.01018745e-01 -1.60241038e-01 -2.02370149e-01 -1.05979587e-05]","[ 0.         -0.74215269 14.0970211   1.01011682  2.67602229 -2.02882814
 -1.99363983 -0.81219649]"
1749855098.408165,"[ 0.          0.34651141  1.26160719  3.03196975 -2.07537294  0.63868801
  1.63953678  1.78079723]","[ 0.         -0.10846917 -0.02511906 -0.07805817  0.2025731  -0.17259228
 -0.18439196  0.        ]","[ 0.         -0.88403839 13.86495781  0.98383719  2.48366308 -1.97849524
 -2.14172339 -0.79952669]"
1749855098.4122603,"[ 0.          0.3461918   1.26151997  3.03174525 -2.07475775  0.63814193
  1.63900601  1.78079723]","[ 0.         -0.10803899 -0.03133131 -0.07150331  0.20284321 -0.18180713
 -0.17934472  0.        ]","[ 0.         -0.93111533 13.9684      0.86468029  2.36139703 -1.94515777
 -2.13617539 -0.83041364]"
1749855098.4280913,"[ 0.          0.34585295  1.26141104  3.03154178 -2.07414043  0.63760444
  1.63846472  1.78079723]","[ 0.         -0.11398113 -0.03727345 -0.06374301  0.20392359 -0.17853442
 -0.17745405  0.        ]","[ 0.         -1.04312706 14.2933569   0.76129282  2.21609187 -1.87659907
 -2.09146452 -0.80345941]"
1749855098.4281158,"[ 0.          0.34537814  1.26130319  3.03130023 -2.07332577  0.63692906
  1.63773781  1.7807963 ]","[ 0.00000000e+00 -1.18842890e-01 -3.41045096e-02 -5.93612407e-02
  2.02119379e-01 -1.62973591e-01 -1.82585892e-01 -1.06059783e-05]","[ 0.         -1.12622249 14.55906391  0.61553079  2.07098913 -1.84832609
 -2.15443683 -0.82637978]"
1749855098.4281409,"[ 0.          0.34501858  1.2612173   3.03111781 -2.07273402  0.6364467
  1.63718427  1.7807963 ]","[ 0.00000000e+00 -1.19531949e-01 -2.55783827e-02 -6.13804744e-02
  1.99669621e-01 -1.57196729e-01 -1.83126081e-01 -1.06059783e-05]","[ 0.         -1.12794375 14.71108818  0.46869063  1.94863796 -1.7652148
 -2.15790868 -0.80685717]"
1749855098.4281738,"[ 0.          0.34453918  1.26113514  3.03083738 -2.07193773  0.63582552
  1.63642314  1.7807963 ]","[ 0.00000000e+00 -1.18842890e-01 -1.80723464e-02 -7.45469056e-02
  1.97441254e-01 -1.53415373e-01 -1.93929992e-01 -1.05820616e-05]","[ 0.         -1.12376821 14.66631603  0.3260943   2.03718138 -1.62546468
 -2.12960482 -0.81651121]"
1749855098.430399,"[ 0.          0.3440621   1.26107589  3.03050208 -2.07113745  0.63522338
  1.63559836  1.7807963 ]","[ 0.00000000e+00 -1.19112984e-01 -1.29515433e-02 -8.93116788e-02
  2.00682421e-01 -1.47323808e-01 -2.07434866e-01 -1.05819570e-05]","[ 0.         -1.13154531 14.44717693  0.33197331  2.23771763 -1.58761716
 -2.16009212 -0.80792731]"
1749855098.433903,"[ 0.          0.34358134  1.261041    3.0301114  -2.07032146  0.63460878
  1.63476785  1.7807963 ]","[ 0.00000000e+00 -1.20585779e-01 -5.94214437e-03 -1.01016455e-01
  2.05274077e-01 -1.55306051e-01 -2.04526444e-01 -1.05899522e-05]","[ 0.         -1.12991583 14.17815781  0.50023919  2.42216945 -1.6560663
 -2.14123321 -0.82838637]"
1749855098.4414673,"[ 0.          0.34308309  1.26102768  3.02968982 -2.06949481  0.63394572
  1.63393841  1.7807963 ]","[ 0.00000000e+00 -1.25885769e-01 -1.89068235e-03 -1.06827364e-01
  2.05003982e-01 -1.70701602e-01 -2.06354471e-01 -1.05820616e-05]","[ 0.         -1.0891366  13.8377409   0.69669002  2.49878693 -1.66215408
 -2.1731689  -0.81796056]"
1749855098.4425347,"[ 0.          0.34258718  1.26102449  3.02926318 -2.06865858  0.63322754
  1.6331364   1.7807963 ]","[ 0.00000000e+00 -1.22084056e-01 -1.08038990e-03 -1.03219413e-01
  2.08245149e-01 -1.81505497e-01 -1.93929992e-01 -1.05819570e-05]","[ 0.         -1.01411402 13.45919037  0.91765976  2.5461545  -1.56091917
 -2.14725757 -0.80824292]"
1749855098.4466658,"[ 0.          0.34209399  1.26101943  3.02887196 -2.06780956  0.63252832
  1.63239338  1.7807963 ]","[ 0.00000000e+00 -1.21758826e-01 -1.25839498e-03 -9.21032375e-02
  2.12566711e-01 -1.68000624e-01 -1.81689771e-01 -1.05819570e-05]","[ 0.         -1.00321996 13.35171795  1.05706108  2.43884873 -1.59356546
 -2.11645436 -0.82926548]"
1749855098.4562004,"[ 0.          0.34161782  1.26101437  3.02851483 -2.06695868  0.63188237
  1.63169616  1.7807963 ]","[ 0.00000000e+00 -1.18362713e-01 -1.28345106e-03 -8.59326683e-02
  2.10946127e-01 -1.58277123e-01 -1.68000624e-01 -1.05820616e-05]","[ 0.         -0.92050672 13.49557877  1.09954786  2.35470343 -1.70973647
 -2.05191636 -0.85887134]"
1749855098.4596138,"[ 0.          0.34053232  1.26101437  3.02776036 -2.06500712  0.63052769
  1.63028722  1.7807963 ]","[ 0.00000000e+00 -1.21543868e-01  0.00000000e+00 -8.45405092e-02
  2.16938339e-01 -1.36939419e-01 -1.46662928e-01 -1.05819570e-05]","[ 0.         -0.74215299 14.12901402  0.91267186  2.0569675  -1.63552129
 -2.08144855 -0.8196556 ]"
1749855098.4632545,"[ 0.          0.34005611  1.2610157   3.02741415 -2.06414665  0.63000351
  1.62971357  1.7807963 ]","[ 0.00000000e+00 -1.17222306e-01  1.10394675e-04 -8.45405092e-02
  2.11486316e-01 -1.27486012e-01 -1.38830105e-01 -1.05818513e-05]","[ 0.         -0.6320551  14.50861931  0.8430568   2.05284262 -1.64637995
 -2.15025663 -0.82275617]"
1749855098.467352,"[ 0.          0.3396107   1.26101623  3.02708285 -2.06329018  0.62947461
  1.62917708  1.7807963 ]","[ 0.00000000e+00 -1.07389874e-01  1.41846130e-04 -8.07591450e-02
  2.14457388e-01 -1.33158055e-01 -1.30186982e-01 -1.05819570e-05]","[ 0.         -0.60863638 14.87076378  0.80309457  2.24462986 -1.66587615
 -2.17541885 -0.81833065]"
1749855098.4706488,"[ 0.          0.3393026   1.2610157   3.02684636 -2.0626409   0.62906362
  1.62879651  1.7807963 ]","[ 0.00000000e+00 -9.85520072e-02  8.86479267e-05 -7.79889914e-02
  2.13917199e-01 -1.36939419e-01 -1.22500009e-01 -1.05820616e-05]","[ 0.         -0.67342532 14.98892403  0.74779892  2.3625195  -1.69997203
 -2.175138   -0.79454762]"
1749855098.4741595,"[ 0.          0.33891458  1.2610157   3.02654196 -2.06178496  0.62852046
  1.62828479  1.7807963 ]","[ 0.00000000e+00 -9.88556741e-02  8.27994403e-05 -7.50110197e-02
  2.10676033e-01 -1.30186982e-01 -1.29106596e-01 -1.05819570e-05]","[ 0.         -0.89734447 14.87033081  0.67428493  2.40154338 -1.65932417
 -2.21476245 -0.80944824]"
1749855098.4782271,"[ 0.          0.33849993  1.2610153   3.02624209 -2.06093062  0.62801813
  1.6277206   1.7807963 ]","[ 0.00000000e+00 -9.60843887e-02  2.95005375e-05 -7.32243882e-02
  2.13704263e-01 -1.22624254e-01 -1.47473228e-01 -1.05819570e-05]","[ 0.         -1.13775718 14.74458885  0.63245463  2.44436288 -1.67898405
 -2.21844316 -0.81562304]"
1749855098.4825187,"[ 0.          0.33810318  1.2610153   3.02595048 -2.06007548  0.62754442
  1.6270556   1.7807963 ]","[ 0.00000000e+00 -1.00691175e-01  0.00000000e+00 -7.27228567e-02
  2.12296616e-01 -1.15601723e-01 -1.76643747e-01 -1.05820616e-05]","[ 0.         -1.39285421 14.51342583  0.62264293  2.52135801 -1.7233578
 -2.22993445 -0.8276993 ]"
1749855098.4864872,"[ 0.          0.33767661  1.26101437  3.02564794 -2.05922966  0.62710207
  1.62630513  1.7807963 ]","[ 0.00000000e+00 -1.06225806e-01 -4.41578693e-05 -7.81661582e-02
  2.09194683e-01 -1.06958600e-01 -1.92849598e-01 -1.05819570e-05]","[ 0.         -1.57487845 14.33375645  0.62470841  2.68969297 -1.74660313
 -2.14539337 -0.82279682]"
1749855098.4920242,"[ 0.          0.33724588  1.26101343  3.02531052 -2.05835161  0.62667969
  1.62547169  1.7807963 ]","[ 0.00000000e+00 -1.07579666e-01 -8.14048974e-05 -8.88620706e-02
  2.11087108e-01 -1.04821213e-01 -2.17158366e-01 -1.05819570e-05]","[ 0.         -1.60488093 14.0138588   0.6842984   2.78851247 -1.78163671
 -2.10601282 -0.82075071]"
1749855098.495867,"[ 0.          0.33669713  1.26101064  3.02484207 -2.05728928  0.62617455
  1.62433585  1.7807963 ]","[ 0.00000000e+00 -1.10338126e-01 -1.68011623e-04 -9.45341127e-02
  2.11216222e-01 -9.83154852e-02 -2.13377011e-01 -1.05819570e-05]","[ 0.         -1.47637308 13.57465935  0.7886849   2.80616522 -1.80243003
 -2.15313721 -0.80204189]"
1749855098.5005975,"[ 0.          0.33636101  1.26100837  3.02447482 -2.05643334  0.62576642
  1.62353584  1.7807963 ]","[ 0.00000000e+00 -1.11486989e-01 -2.18438961e-04 -9.02125596e-02
  2.12621172e-01 -1.03177236e-01 -1.90765441e-01 -1.05819570e-05]","[ 0.         -1.35413826 13.51900482  0.86307514  2.73527813 -1.88251913
 -2.23551393 -0.81869352]"
1749855098.5080643,"[ 0.          0.3358063   1.26100744  3.0240306  -2.05536195  0.62522607
  1.6226502   1.7807963 ]","[ 0.00000000e+00 -1.10469869e-01 -2.30316881e-04 -8.65367731e-02
  2.14727500e-01 -1.14791431e-01 -1.69621207e-01 -1.05819570e-05]","[ 0.         -1.10278475 13.65713882  0.96411699  2.58271146 -1.92210186
 -2.13547158 -0.82523036]"
1749855098.510754,"[ 0.          0.33503855  1.26100797  3.02348625 -2.05408177  0.62433091
  1.62169985  1.78079537]","[ 0.00000000e+00 -1.04319682e-01 -1.92089921e-04 -6.69551780e-02
  2.12081516e-01 -1.36939419e-01 -1.50461078e-01 -1.85184257e-05]","[ 0.         -0.77560645 13.99442577  0.85730308  2.46826744 -1.80819845
 -2.29492617 -0.79597801]"
1749855098.5148818,"[ 0.          0.33473458  1.26100797  3.0232969  -2.05344261  0.62392565
  1.62124885  1.78079537]","[ 0.00000000e+00 -9.85520072e-02 -1.87487370e-04 -6.23293004e-02
  2.10946127e-01 -1.31267377e-01 -1.49457999e-01 -1.85184257e-05]","[ 0.         -0.75447559 14.14134884  0.80039096  2.43315172 -1.84195435
 -2.19862676 -0.81785834]"
1749855098.5196822,"[ 0.          0.33435392  1.26100837  3.02303831 -2.05257522  0.62341572
  1.62061621  1.78079537]","[ 0.00000000e+00 -9.40893482e-02 -1.72448621e-04 -6.59037828e-02
  2.12150109e-01 -1.24264145e-01 -1.61894295e-01 -1.85324169e-05]","[ 0.         -0.79444772 14.27802753  0.69042027  2.4905014  -1.94183731
 -2.23486614 -0.82741177]"
1749855098.5238135,"[ 0.          0.33390664  1.26100797  3.02269716 -2.05151128  0.62282023
  1.61975348  1.78079537]","[ 0.00000000e+00 -8.52612771e-02 -1.64927141e-04 -7.18459277e-02
  2.09865733e-01 -1.15601723e-01 -1.73496706e-01 -1.05819570e-05]","[ 0.         -0.97975427 14.28888988  0.63052922  2.55133963 -2.03166509
 -2.14323187 -0.83335108]"
1749855098.528059,"[ 0.          0.33355677  1.26100744  3.02239915 -2.05067638  0.6223655
  1.61905321  1.78079537]","[ 0.00000000e+00 -8.85212692e-02 -1.72932538e-04 -7.56272918e-02
  2.06633204e-01 -1.11820358e-01 -1.75563352e-01 -1.05978530e-05]","[ 0.         -1.19078255 14.03297424  0.68712807  2.69685769 -2.00429392
 -2.34239864 -0.8070206 ]"
1749855098.5314846,"[ 0.          0.33319814  1.26100651  3.02216639 -2.04983696  0.62194405
  1.61833215  1.78079537]","[ 0.00000000e+00 -8.91067069e-02 -1.78506922e-04 -7.69777808e-02
  2.10645506e-01 -9.93958714e-02 -1.83396192e-01 -1.05979587e-05]","[ 0.         -1.35578418 13.82796097  0.73938423  2.75480318 -1.99358785
 -2.32154775 -0.81268114]"
1749855098.538156,"[ 0.          0.3328248   1.26100478  3.02184868 -2.04901031  0.62157594
  1.61754452  1.78079537]","[ 0.00000000e+00 -9.47904752e-02 -1.97633324e-04 -8.02189477e-02
  2.10135844e-01 -8.95243405e-02 -1.96100935e-01 -1.05979587e-05]","[ 0.         -1.45017791 13.63662624  0.85235411  2.71341562 -2.10407662
 -2.30603361 -0.83192939]"
1749855098.5431051,"[ 0.          0.33214842  1.26099879  3.02128755 -2.04751495  0.6209509
  1.61605755  1.78079537]","[ 0.00000000e+00 -9.64247990e-02 -2.74265216e-04 -7.64843803e-02
  2.15537783e-01 -9.25495667e-02 -2.24493411e-01 -1.06059783e-05]","[ 0.         -1.26348281 13.46208668  1.02384603  2.7304883  -2.11050487
 -2.17965221 -0.83981645]"
1749855098.5471878,"[ 0.          0.33185501  1.26099599  3.02106571 -2.04686327  0.62065788
  1.61536792  1.78079537]","[ 0.00000000e+00 -9.50743100e-02 -3.15405008e-04 -7.31964166e-02
  2.13430640e-01 -9.93958714e-02 -2.26881884e-01 -1.06058726e-05]","[ 0.         -1.16423941 13.38068485  1.06669044  2.63297272 -2.05140424
 -2.20658088 -0.82117069]"
1749855098.5506346,"[ 0.          0.33140223  1.26099319  3.02070485 -2.04580653  0.62014516
  1.61425579  1.78079537]","[ 0.00000000e+00 -8.69713844e-02 -3.00046319e-04 -6.99644043e-02
  2.10462580e-01 -1.05067922e-01 -2.18238761e-01 -1.06059783e-05]","[ 0.         -0.98116004 13.46613121  0.99041033  2.58557463 -2.05806136
 -2.18219304 -0.81376058]"
1749855098.5539691,"[ 0.          0.33105233  1.26099319  3.02042522 -2.04495165  0.61970853
  1.61344818  1.78079537]","[ 0.00000000e+00 -8.61610926e-02 -2.70041690e-04 -7.21160221e-02
  2.13377011e-01 -1.06040758e-01 -1.90958920e-01 -1.06059783e-05]","[ 0.         -0.89002907 13.74757576  0.95097125  2.63851023 -2.07246399
 -2.17671204 -0.8323248 ]"
1749855098.5578701,"[ 0.          0.3307984   1.26099319  3.0202103  -2.04430104  0.61937837
  1.61292301  1.78079537]","[ 0.00000000e+00 -8.22520548e-02 -2.64761856e-04 -7.12334838e-02
  2.14727500e-01 -1.01008390e-01 -1.65839851e-01 -1.06059783e-05]","[ 0.         -0.86850584 13.95078468  0.93913507  2.60878587 -2.07054853
 -2.30980992 -0.82471049]"
1749855098.5613208,"[ 0.          0.33049073  1.26099373  3.01991735 -2.0434451   0.618996
  1.61229996  1.78079537]","[ 0.00000000e+00 -7.52305391e-02 -2.46356510e-04 -7.40067084e-02
  2.13647105e-01 -9.15630403e-02 -1.50444300e-01 -1.06059783e-05]","[ 0.         -0.88263273 14.09254169  0.92827445  2.56498647 -2.01587892
 -2.35956073 -0.81712151]"
1749855098.563519,"[ 0.          0.33026986  1.26099373  3.01968273 -2.04279609  0.61872962
  1.61184243  1.78079537]","[ 0.00000000e+00 -7.50870946e-02 -2.46023875e-04 -7.89920627e-02
  2.13954800e-01 -8.70596848e-02 -1.51254584e-01 -1.05979587e-05]","[ 0.         -0.88070124 14.20887184  0.97274631  2.59838843 -2.00713658
 -2.2979002  -0.80756515]"
1749855098.5694804,"[ 0.          0.33003477  1.26099373  3.01945529 -2.04216013  0.61846989
  1.61136959  1.78079537]","[ 0.00000000e+00 -7.82489076e-02 -2.46517122e-04 -7.56272918e-02
  2.15807877e-01 -8.60135785e-02 -1.58485665e-01 -1.05979587e-05]","[ 0.         -0.91630656 14.27518368  1.00382054  2.54583812 -2.0165112
 -2.29749346 -0.81806594]"
1749855098.5732262,"[ 0.          0.32958935  1.26099319  3.0190204  -2.0408368   0.61801043
  1.61028315  1.78079537]","[ 0.00000000e+00 -7.21160221e-02 -2.47600202e-04 -6.84597891e-02
  2.22290228e-01 -1.01286549e-01 -2.04526444e-01 -1.06059783e-05]","[ 0.         -0.96888685 14.38467503  1.0658226   2.37524104 -1.98347175
 -2.25995588 -0.80461532]"
1749855098.5772657,"[ 0.          0.32929318  1.26099279  3.01875595 -2.03992494  0.61753479
  1.60934518  1.78079537]","[ 0.00000000e+00 -7.58973946e-02 -2.48006405e-04 -6.31936502e-02
  2.30933334e-01 -1.26405618e-01 -2.51730841e-01 -1.06059783e-05]","[ 0.         -0.99771619 14.29239082  1.01496005  2.21550846 -1.91999042
 -2.22774076 -0.82942665]"
1749855098.5814762,"[ 0.          0.32898322  1.26099186  3.01850854 -2.03897339  0.61699916
  1.60824929  1.78079537]","[ 0.00000000e+00 -7.74145559e-02 -2.56670261e-04 -6.01278150e-02
  2.40386757e-01 -1.38830105e-01 -2.81426253e-01 -1.06059783e-05]","[ 0.         -1.03155982 14.08944893  0.96197367  1.9233793  -1.85482776
 -2.31455016 -0.79727036]"
1749855098.5855093,"[ 0.          0.32868062  1.26099     3.01829176 -2.03800133  0.61642079
  1.60703449  1.78079537]","[ 0.00000000e+00 -7.85983643e-02 -2.90058229e-04 -5.15886178e-02
  2.42277435e-01 -1.46662928e-01 -3.16554246e-01 -1.06059783e-05]","[ 0.         -0.98516387 13.92892456  0.82187116  1.67280006 -1.8398217
 -2.26513267 -0.78846651]"
1749855098.59124,"[ 0.          0.32835505  1.2609864   3.01809069 -2.03701543  0.61578436
  1.6057141   1.78079537]","[ 0.00000000e+00 -8.21096340e-02 -3.30050963e-04 -4.76011874e-02
  2.46328902e-01 -1.65029551e-01 -3.30059103e-01 -1.06060839e-05]","[ 0.         -0.87578678 13.75636101  0.69896716  1.58019447 -1.82884741
 -2.15999055 -0.8202557 ]"
1749855098.5942504,"[ 0.          0.32801479  1.26097855  3.01790107 -2.03601408  0.61511178
  1.60438225  1.78079537]","[ 0.00000000e+00 -8.56209037e-02 -3.63165837e-04 -4.83474467e-02
  2.49823435e-01 -1.65839851e-01 -3.31679703e-01 -1.05979587e-05]","[ 0.         -0.83514851 13.44526577  0.62371647  1.57977951 -1.76536608
 -2.2516892  -0.76448172]"
1749855098.597638,"[ 0.          0.32764791  1.26096483  3.01768296 -2.03500688  0.61448015
  1.60308556  1.78079537]","[ 0.00000000e+00 -9.34537265e-02 -1.07549173e-03 -5.66736701e-02
  2.52541141e-01 -1.51371164e-01 -3.17634624e-01 -1.05979587e-05]","[ 0.         -0.72731793 13.20311356  0.63501626  1.70845723 -1.79200053
 -2.3202045  -0.78880405]"
1749855098.6029992,"[ 0.          0.32726218  1.2609418   3.01741877 -2.03397384  0.61387321
  1.60183467  1.78079537]","[ 0.00000000e+00 -9.39939238e-02 -5.96885141e-03 -7.26544384e-02
  2.59023475e-01 -1.52334978e-01 -3.06830745e-01 -1.05820616e-05]","[ 0.         -0.59880066 13.15171909  0.74818474  1.82736385 -1.89008582
 -2.29093599 -0.79065108]"
1749855098.6053395,"[ 0.          0.32689573  1.26091796  3.01710026 -2.03293334  0.6132491
  1.60060655  1.78079537]","[ 0.00000000e+00 -8.85022110e-02 -8.32237841e-03 -8.32551261e-02
  2.58753381e-01 -1.59357518e-01 -3.05440542e-01 -1.05819570e-05]","[ 0.         -0.40595675 13.25259113  0.91900909  2.02601528 -1.91915488
 -2.38246226 -0.81118238]"
1749855098.6082528,"[ 0.          0.32662802  1.26088574  3.01684939 -2.03214025  0.61276301
  1.5996618   1.78079537]","[ 0.00000000e+00 -8.69713844e-02 -1.21543863e-02 -8.47246751e-02
  2.64309950e-01 -1.60167801e-01 -3.13583157e-01 -1.05820616e-05]","[ 0.         -0.30144373 13.30875492  1.10378838  2.19237852 -1.96033931
 -2.38339257 -0.80609769]"
1749855098.6118262,"[ 0.          0.32630661  1.26082155  3.01650185 -2.03108644  0.61209615
  1.59838894  1.78079537]","[ 0.         -0.0761619  -0.0190584  -0.08616109  0.26874699 -0.16989132
 -0.3203356   0.        ]","[ 0.         -0.30380917 13.50374222  1.28181112  2.32142019 -1.99567664
 -2.30459428 -0.82872277]"
1749855098.6175077,"[ 0.          0.32610135  1.26074938  3.01623739 -2.03027364  0.61156059
  1.597433    1.78079537]","[ 0.         -0.06752437 -0.02754994 -0.08751158  0.2673965  -0.18005176
 -0.3117052   0.        ]","[ 0.         -0.34922534 13.81494808  1.40764844  2.31747842 -2.04956365
 -2.33481121 -0.82752216]"
1749855098.6209018,"[ 0.          0.32570324  1.26054685  3.01576495 -2.02861636  0.61044566
  1.59563017  1.78079537]","[ 0.         -0.06617388 -0.03457248 -0.06968515  0.27383916 -0.18509913
 -0.3000783   0.        ]","[ 0.         -0.38847029 14.85755348  1.46193016  2.14344192 -2.03324485
 -2.3185606  -0.81324083]"
1749855098.6282318,"[ 0.          0.32550164  1.26044778  3.01557054 -2.02781368  0.60989006
  1.59475306  1.78079537]","[ 0.         -0.06563953 -0.03349209 -0.06212242  0.27009748 -0.1815055
 -0.29548664  0.        ]","[ 0.         -0.43929684 15.2622118   1.42497432  1.99629354 -1.97339427
 -2.31023717 -0.84298587]"
1749855098.6316702,"[ 0.          0.3250475   1.26019198  3.01517107 -2.02590765  0.60862386
  1.59266874  1.78079444]","[ 0.00000000e+00 -6.56336883e-02 -3.34920866e-02 -5.90914167e-02
  2.69557276e-01 -1.84565586e-01 -2.91435178e-01 -1.05899522e-05]","[ 0.         -0.48252144 15.93359566  1.18762827  1.90153944 -1.84388173
 -2.43295717 -0.84701782]"
1749855098.635743,"[ 0.          0.3247697   1.26007627  3.01493005 -2.02482588  0.60788756
  1.59152438  1.78079444]","[ 0.00000000e+00 -6.99552497e-02 -2.75499417e-02 -6.05018351e-02
  2.68206787e-01 -1.84565586e-01 -2.84682733e-01 -1.05899522e-05]","[ 0.         -0.47582307 15.90533066  1.00097346  1.94536138 -1.81449747
 -2.67550278 -0.82966936]"
1749855098.639844,"[ 0.          0.32449233  1.25996561  3.01467012 -2.0237473   0.60711704
  1.59036377  1.78079444]","[ 0.00000000e+00 -6.88748552e-02 -2.83315004e-02 -6.56336883e-02
  2.67666598e-01 -1.96918592e-01 -2.88464088e-01 -1.05819570e-05]","[ 0.         -0.55133355 15.5876112   0.9036513   1.99134719 -1.8093785
 -2.53191948 -0.84975564]"
1749855098.6446471,"[ 0.          0.32422465  1.25985722  3.01439795 -2.02267085  0.60630078
  1.58915563  1.78079444]","[ 0.00000000e+00 -6.64439800e-02 -2.48489678e-02 -6.93447200e-02
  2.66856298e-01 -2.09325544e-01 -3.10297382e-01 -1.05819570e-05]","[ 0.         -0.64303607 15.1981144   0.85554713  2.20237255 -1.83635104
 -2.52196956 -0.84595233]"
1749855098.6496928,"[ 0.          0.32389036  1.2597475   3.01405174 -2.02131663  0.6052696
  1.58757358  1.78079444]","[ 0.00000000e+00 -6.48233924e-02 -2.13377002e-02 -7.02253442e-02
  2.73061696e-01 -1.99602043e-01 -3.09801801e-01 -1.05819570e-05]","[ 0.         -0.78933954 14.36739349  0.83980548  2.56854129 -1.96050584
 -2.37875748 -0.87656921]"
1749855098.653089,"[ 0.          0.32356615  1.25960782  3.01370766 -2.01993125  0.60426027
  1.58600963  1.78079444]","[ 0.00000000e+00 -6.48233924e-02 -3.46075765e-02 -6.80645635e-02
  2.76579815e-01 -2.03653493e-01 -2.92245478e-01 -1.05820616e-05]","[ 0.         -0.94763041 13.57815742  0.8095156   2.67442155 -2.01154876
 -2.54132509 -0.87043786]"
1749855098.6576312,"[ 0.          0.32327826  1.25943152  3.01344773 -2.01880633  0.60346212
  1.58485289  1.78079444]","[ 0.00000000e+00 -7.64375836e-02 -4.83983131e-02 -6.16447474e-02
  2.82251866e-01 -1.96901065e-01 -2.87383711e-01 -1.05819570e-05]","[ 0.         -0.99311882 13.52187824  0.76736075  2.61293864 -1.90310502
 -2.36772752 -0.8385213 ]"
1749855098.6618128,"[ 0.          0.32295269  1.25919463  3.01321124 -2.01766304  0.60266204
  1.58369228  1.78079444]","[ 0.00000000e+00 -8.37302174e-02 -6.59037828e-02 -5.69905654e-02
  2.84952844e-01 -2.01492721e-01 -2.89544500e-01 -1.05819570e-05]","[ 0.         -0.94715416 13.74713898  0.73290431  2.3765285  -1.83753407
 -2.43864036 -0.87817681]"
1749855098.6658025,"[ 0.          0.32261011  1.25891726  3.01299366 -2.01652054  0.60182873
  1.58252888  1.78079444]","[ 0.00000000e+00 -8.75115816e-02 -6.89447798e-02 -5.45596902e-02
  2.85763144e-01 -2.09113456e-01 -2.89544500e-01 -1.05820616e-05]","[ 0.         -0.79501599 14.36460495  0.66001976  2.06135726 -1.80579507
 -2.49331975 -0.84223974]"
1749855098.669283,"[ 0.          0.32223956  1.25864402  3.0127641  -2.01537565  0.60102293
  1.58165643  1.78079444]","[ 0.00000000e+00 -9.45341127e-02 -6.57013367e-02 -5.77422967e-02
  2.83062166e-01 -1.93929992e-01 -2.84682733e-01 -1.05819570e-05]","[ 0.         -0.63028061 14.99731159  0.59910828  1.75701213 -1.68495584
 -2.37839866 -0.88600391]"
1749855098.6741,"[ 0.          0.32186349  1.25840394  3.01250924 -2.01420945  0.60027997
  1.5804873   1.78079444]","[ 0.00000000e+00 -9.12929458e-02 -5.74259756e-02 -6.64439800e-02
  2.79280777e-01 -1.80425119e-01 -2.98187623e-01 -1.05819570e-05]","[ 0.         -0.44891429 15.36996269  0.63065487  1.64056385 -1.67601275
 -2.50862503 -0.84922099]"
1749855098.6774747,"[ 0.          0.32152507  1.25821738  3.01222268 -2.013088    0.59956172
  1.57925439  1.7807935 ]","[ 0.00000000e+00 -8.15694367e-02 -4.10873408e-02 -7.53571974e-02
  2.78728004e-01 -1.75563352e-01 -3.07599134e-01 -1.85186086e-05]","[ 0.         -0.38104209 15.4157238   0.78574449  1.83866632 -1.73822653
 -2.39165378 -0.86266142]"
1749855098.6798363,"[ 0.          0.3212748   1.2581054   3.01197474 -2.01224297  0.5990404
  1.57831643  1.7807935 ]","[ 0.00000000e+00 -7.61844085e-02 -3.72734528e-02 -8.42704147e-02
  2.78740588e-01 -1.69891318e-01 -3.11705196e-01 -1.85184257e-05]","[ 0.         -0.37222043 15.05904675  0.89398497  2.15416527 -1.79652071
 -2.36224246 -0.85230869]"
1749855098.6844754,"[ 0.          0.32105898  1.25799061  3.01170336 -2.01139263  0.59852009
  1.57738605  1.7807935 ]","[ 0.00000000e+00 -7.17731318e-02 -3.78136459e-02 -9.07781817e-02
  2.81426253e-01 -1.74534856e-01 -3.13265442e-01 -1.85186086e-05]","[ 0.         -0.42931324 14.73982334  1.05697167  2.41788673 -1.82123601
 -2.42310691 -0.90901792]"
1749855098.6891675,"[ 0.          0.32072422  1.25779221  3.01125755 -2.00997343  0.59758585
  1.57583929  1.7807935 ]","[ 0.00000000e+00 -6.51531167e-02 -4.42959881e-02 -8.56209037e-02
  2.83584811e-01 -1.95010370e-01 -3.04432902e-01 -1.85184257e-05]","[ 0.         -0.56937122 14.17770481  1.30738354  2.48468137 -1.83940363
 -2.367625   -0.88112813]"
1749855098.693243,"[ 0.          0.32040741  1.25753561  3.01085461 -2.0088272   0.59659369
  1.57430664  1.7807935 ]","[ 0.00000000e+00 -6.34444201e-02 -5.21288109e-02 -7.64375836e-02
  2.85493033e-01 -1.96630970e-01 -3.04129767e-01 -1.85184257e-05]","[ 0.         -0.67568851 14.08899689  1.31784952  2.25423646 -1.87387991
 -2.35545325 -0.85945237]"
1749855098.6977007,"[ 0.          0.32028157  1.25737249  3.01063011 -2.00795422  0.59599814
  1.57337733  1.7807935 ]","[ 0.00000000e+00 -6.32028089e-02 -5.51558264e-02 -7.23861249e-02
  2.88194011e-01 -1.97289787e-01 -3.09949806e-01 -1.85604623e-05]","[ 0.         -0.74790037 14.22293854  1.26216471  2.02709484 -1.89130783
 -2.37716055 -0.88594604]"
1749855098.7004263,"[ 0.          0.32002305  1.2571416   3.01037258 -2.00679441  0.59523428
  1.57210634  1.78079244]","[ 0.00000000e+00 -6.51998011e-02 -5.78008613e-02 -5.99616379e-02
  2.85876029e-01 -1.87073268e-01 -3.15466711e-01 -2.91667301e-05]","[ 0.         -0.77407718 14.57972336  1.08761036  1.60338438 -1.90292358
 -2.51682734 -0.87389165]"
1749855098.704464,"[ 0.          0.31975167  1.25690005  3.01015127 -2.00565431  0.59452075
  1.57083534  1.78079244]","[ 0.00000000e+00 -7.02253442e-02 -6.10420282e-02 -5.13185192e-02
  2.81171488e-01 -1.76643747e-01 -3.16219021e-01 -2.91443860e-05]","[ 0.         -0.6896925  15.13580704  0.85188228  1.46232808 -1.82256985
 -2.47408772 -0.87278616]"
1749855098.7075813,"[ 0.          0.31952667  1.25673014  3.00999734 -2.00482208  0.59400044
  1.5699079   1.78079244]","[ 0.00000000e+00 -7.50110197e-02 -5.26156451e-02 -5.16583011e-02
  2.79820999e-01 -1.68810924e-01 -3.11692479e-01 -2.91443860e-05]","[ 0.         -0.606426   15.43296814  0.68359095  1.40776849 -1.7950666
 -2.53529406 -0.86479551]"
1749855098.7109606,"[ 0.          0.31930396  1.25658966  3.00983942 -2.00397998  0.59332306
  1.56866833  1.78079244]","[ 0.00000000e+00 -7.31964166e-02 -4.51062798e-02 -5.40194971e-02
  2.76579815e-01 -1.66920246e-01 -3.06830745e-01 -2.91443860e-05]","[ 0.         -0.57306051 15.6374855   0.54127675  1.44207513 -1.76244795
 -2.43060756 -0.88754088]"
1749855098.7142804,"[ 0.          0.31901467  1.25645144  3.00960666 -2.00286598  0.59282652
  1.567755    1.78079244]","[ 0.00000000e+00 -7.20429600e-02 -2.75499417e-02 -6.18523200e-02
  2.79267661e-01 -1.60005515e-01 -2.98964799e-01 -2.91443860e-05]","[ 0.         -0.54607975 15.48720646  0.46830726  1.54055381 -1.73454034
 -2.52990627 -0.90271473]"
1749855098.7176983,"[ 0.          0.31878601  1.25639352  3.00939999 -2.00202256  0.59237464
  1.56686084  1.78079244]","[ 0.00000000e+00 -7.69859201e-02 -1.53955564e-02 -6.98843680e-02
  2.77390115e-01 -1.43439554e-01 -2.92245478e-01 -2.91443860e-05]","[ 0.         -0.58074534 15.14740086  0.49545732  1.7277168  -1.76489687
 -2.52644873 -0.8940981 ]"
1749855098.7217765,"[ 0.          0.31848154  1.25634851  3.00909133 -2.00091069  0.59184288
  1.56572966  1.78079244]","[ 0.00000000e+00 -7.47289993e-02 -9.73338045e-03 -7.58204875e-02
  2.77660210e-01 -1.26405618e-01 -2.75759945e-01 -2.91443860e-05]","[ 0.         -0.6039502  14.56119442  0.58993107  2.01959443 -1.84442472
 -2.45234323 -0.90911102]"
1749855098.7258022,"[ 0.          0.31819362  1.25630257  3.00879306 -1.99978018  0.59133961
  1.56461766  1.78079151]","[ 0.00000000e+00 -7.09674756e-02 -1.29646791e-02 -7.42499632e-02
  2.82251866e-01 -1.23309485e-01 -2.78740588e-01 -2.91443860e-05]","[ 0.         -0.72951728 13.98668861  0.7565124   2.2989881  -1.92374325
 -2.48088861 -0.90544546]"
1749855098.7293704,"[ 0.          0.31789515  1.25623186  3.00849212 -1.99864061  0.59081543
  1.56346464  1.78079151]","[ 0.00000000e+00 -7.52305391e-02 -2.05274085e-02 -7.58973946e-02
  2.83869903e-01 -1.26405618e-01 -2.89544500e-01 -2.91446766e-05]","[ 0.         -0.77947646 13.57670593  0.88439488  2.47645092 -1.89829218
 -2.34908223 -0.90077317]"
1749855098.7328002,"[ 0.          0.31758153  1.25613599  3.00817734 -1.99748107  0.59033693
  1.56226502  1.78079151]","[ 0.00000000e+00 -7.77092596e-02 -2.50936146e-02 -7.74394315e-02
  2.89544500e-01 -1.16682109e-01 -3.04146512e-01 -2.91443860e-05]","[ 0.         -0.72821707 13.46614552  0.96586764  2.3791008  -1.89753449
 -2.28164577 -0.87998503]"
1749855098.736357,"[ 0.          0.3173492   1.25606155  3.00801781 -1.99660303  0.5899802
  1.56135183  1.78079151]","[ 0.00000000e+00 -7.64843803e-02 -2.37685775e-02 -7.79889914e-02
  2.87631418e-01 -1.18251368e-01 -2.95405252e-01 -2.91667301e-05]","[ 0.         -0.61395741 13.58790302  0.94335037  2.08574557 -1.85011292
 -2.22352314 -0.90437776]"
1749855098.7398999,"[ 0.          0.3170475   1.25597247  3.0077254  -1.99547385  0.5894931
  1.56021119  1.78079151]","[ 0.00000000e+00 -7.58973946e-02 -2.10889922e-02 -7.13057304e-02
  2.86033222e-01 -1.24381158e-01 -2.78603751e-01 -2.91664395e-05]","[ 0.         -0.39237463 14.00287914  0.93954539  1.8324784  -1.83034635
 -2.29402161 -0.88436943]"
1749855098.7438183,"[ 0.          0.3168179   1.25591095  3.00750595 -1.99460752  0.5892401
  1.55940639  1.78079151]","[ 0.00000000e+00 -7.45469056e-02 -1.98107082e-02 -7.24720868e-02
  2.85493033e-01 -1.30186982e-01 -2.66316109e-01 -2.91443860e-05]","[ 0.         -0.28686935 14.30286121  0.89266729  1.79228187 -1.76379454
 -2.16660643 -0.88659805]"
1749855098.747549,"[ 0.          0.31652768  1.25583239  3.00719144 -1.99346503  0.58872259
  1.55836562  1.78079151]","[ 0.00000000e+00 -7.13057304e-02 -1.85568669e-02 -8.20012849e-02
  2.83602355e-01 -1.28296304e-01 -2.57672986e-01 -2.91440955e-05]","[ 0.         -0.19051372 14.71900558  0.87965548  1.7109313  -1.6773603
 -2.27684832 -0.86714697]"
1749855098.75223,"[ 0.          0.31625907  1.25578006  3.00684363 -1.99233212  0.5882269
  1.55730209  1.78079057]","[ 0.00000000e+00 -6.61068321e-02 -9.19263703e-03 -9.00258803e-02
  2.80345941e-01 -1.16682109e-01 -2.69017087e-01 -3.70928568e-05]","[ 0.         -0.23081096 15.11783409  0.8991043   1.53487396 -1.60389638
 -2.25190258 -0.91504616]"
1749855098.7556639,"[ 0.          0.3160056   1.2557686   3.00647398 -1.99121093  0.58778455
  1.55623762  1.78079057]","[ 0.00000000e+00 -5.99616379e-02  1.00307384e-03 -9.40381738e-02
  2.77600688e-01 -1.03162979e-01 -2.62534753e-01 -3.70928568e-05]","[ 0.         -0.30079159 15.26295471  0.95423055  1.49764812 -1.66072965
 -2.24835205 -0.85708636]"
1749855098.759592,"[ 0.          0.31577324  1.25577087  3.0061022  -1.99010039  0.58740119
  1.55515026  1.78079057]","[ 0.00000000e+00 -5.67204709e-02  5.40058023e-04 -9.26970475e-02
  2.76086881e-01 -9.12797215e-02 -2.76849910e-01 -3.70928568e-05]","[ 0.         -0.49895498 15.15144825  1.04155946  1.61643314 -1.72167897
 -2.40562224 -0.89579016]"
1749855098.7637458,"[ 0.          0.31554964  1.25576954  3.00573948 -1.98898426  0.58704446
  1.55401628  1.78079057]","[ 0.00000000e+00 -5.78008613e-02 -3.55502910e-04 -8.85212692e-02
  2.77930304e-01 -8.66842623e-02 -2.85763144e-01 -3.70928568e-05]","[ 0.         -0.7317552  15.12781143  1.12580121  1.83008993 -1.74401343
 -2.23764467 -0.88821685]"
1749855098.767168,"[ 0.          0.31529524  1.25576807  3.00541005 -1.98787745  0.58669059
  1.55280814  1.78079057]","[ 0.00000000e+00 -6.56336883e-02 -4.02855292e-04 -7.79889914e-02
  2.75093006e-01 -8.95243405e-02 -3.07911123e-01 -3.70924870e-05]","[ 0.         -0.93818939 14.95649052  1.14344108  1.94261575 -1.74989724
 -2.35318375 -0.89567375]"
1749855098.7706535,"[ 0.          0.31508172  1.2557686   3.00519513 -1.98706119  0.58642135
  1.55188442  1.78079057]","[ 0.00000000e+00 -7.26562194e-02 -1.04797291e-04 -6.94150525e-02
  2.77109052e-01 -9.26434348e-02 -3.02742327e-01 -3.70928568e-05]","[ 0.         -0.9585098  14.93766308  1.09304404  1.8341651  -1.71545136
 -2.18117118 -0.90514469]"
1749855098.7741184,"[ 0.          0.31478414  1.25576807  3.00492855 -1.98595438  0.58606369
  1.55069439  1.78078964]","[ 0.00000000e+00 -7.58973946e-02 -4.36083363e-05 -6.45532979e-02
  2.74419043e-01 -8.39152073e-02 -2.91165066e-01 -4.77273772e-05]","[ 0.         -0.89758152 14.94279575  0.9808374   1.58564997 -1.67156303
 -2.23701835 -0.89796704]"
1749855098.7776403,"[ 0.          0.31453893  1.255769    3.00473653 -1.98512667  0.58581821
  1.54986188  1.78078964]","[ 0.00000000e+00 -8.29262757e-02 -8.07018515e-05 -6.37430062e-02
  2.73608743e-01 -7.99488533e-02 -2.66046281e-01 -3.70648338e-05]","[ 0.         -0.86404216 15.10031319  0.86888188  1.47057009 -1.68816578
 -2.17651772 -0.88155979]"
1749855098.7811306,"[ 0.          0.31417388  1.255769    3.00447395 -1.98402945  0.58551953
  1.54881646  1.78078964]","[ 0.00000000e+00 -9.37238210e-02  3.52830036e-05 -6.50934910e-02
  2.71177859e-01 -6.94150525e-02 -2.59796125e-01 -3.70648338e-05]","[ 0.         -0.6807946  15.2767086   0.7341966   1.354756   -1.68003476
 -2.23775816 -0.87940413]"
1749855098.785321,"[ 0.          0.31379964  1.255769    3.00419272 -1.98296019  0.5852684
  1.5477709   1.78078964]","[ 0.00000000e+00 -9.17812530e-02  6.62395490e-05 -7.44713717e-02
  2.63348049e-01 -5.88215927e-02 -2.61802267e-01 -3.70651995e-05]","[ 0.         -0.45336732 15.3699379   0.64013654  1.16185236 -1.63723862
 -2.22171855 -0.88154584]"
1749855098.7887187,"[ 0.          0.31353009  1.255769    3.0039509  -1.98216284  0.58509143
  1.54698993  1.78078964]","[ 0.00000000e+00 -9.18331430e-02  3.10663292e-05 -8.31900202e-02
  2.61454359e-01 -5.78008613e-02 -2.68206787e-01 -3.70368514e-05]","[ 0.         -0.27704051 15.31424141  0.65913022  1.15477371 -1.61769891
 -2.25505757 -0.88526261]"
1749855098.7922966,"[ 0.          0.31317929  1.2557686   3.00359031 -1.98111541  0.58483936
  1.54588925  1.78078964]","[ 0.00000000e+00 -8.48106036e-02  2.78602487e-05 -9.23733403e-02
  2.59023475e-01 -6.37430062e-02 -2.73878837e-01 -3.70368514e-05]","[ 0.         -0.06145099 15.21356106  0.73216528  1.20672667 -1.60924971
 -2.21137619 -0.89230585]"
1749855098.7957826,"[ 0.          0.31286657  1.2557686   3.00321507 -1.98007785  0.58457871
  1.54479722  1.78078964]","[ 0.00000000e+00 -7.50870946e-02  2.52564009e-05 -9.42640182e-02
  2.58483286e-01 -6.64439800e-02 -2.72791868e-01 -3.70368514e-05]","[ 0.         -0.07020611 14.97159576  0.89531118  1.41022027 -1.67273211
 -2.29508591 -0.87608963]"
1749855098.8023815,"[ 0.          0.31264709  1.25576767  3.00292692 -1.97931272  0.58437131
  1.54394381  1.78078964]","[ 0.00000000e+00 -7.02253442e-02 -4.82544138e-05 -9.45397053e-02
  2.59563681e-01 -7.23861249e-02 -2.85763144e-01 -3.70372172e-05]","[ 0.         -0.17262873 14.70872784  1.01005673  1.44999111 -1.67270362
 -2.30286098 -0.88839233]"
1749855098.805167,"[ 0.          0.31224162  1.25576674  3.00237777 -1.97775664  0.58392324
  1.54226202  1.78078964]","[ 0.00000000e+00 -6.39459557e-02 -8.14017846e-05 -8.75115816e-02
  2.54701914e-01 -7.04954387e-02 -2.71331474e-01 -2.64748795e-05]","[ 0.         -0.38118538 14.45305634  1.20053971  1.3650229  -1.6665262
 -2.22371173 -0.89968234]"
1749855098.8086522,"[ 0.          0.31197115  1.25576581  3.00204248 -1.97672466  0.58368442
  1.54121367  1.78078964]","[ 0.00000000e+00 -6.82090192e-02 -1.09994941e-04 -8.18395312e-02
  2.57132797e-01 -5.40194971e-02 -2.59293570e-01 -2.64748795e-05]","[ 0.         -0.62026429 14.43754292  1.22646987  1.31831324 -1.684021
 -2.22904158 -0.90415668]"
1749855098.812874,"[ 0.          0.31176222  1.25576581  3.00179268 -1.97594143  0.58354746
  1.54046399  1.78078871]","[ 0.00000000e+00 -7.21160221e-02 -1.09704211e-04 -8.20012849e-02
  2.58542275e-01 -4.15950101e-02 -2.40386757e-01 -3.70372172e-05]","[ 0.         -0.66808343 14.48019695  1.20057023  1.22354925 -1.71077454
 -2.23737001 -0.92202729]"
1749855098.817353,"[ 0.          0.31139257  1.25576634  3.00135698 -1.97466764  0.58337529
  1.53923401  1.78078871]","[ 0.00000000e+00 -7.12182455e-02 -8.54152191e-05 -8.77816761e-02
  2.53891630e-01 -3.07911127e-02 -2.32533012e-01 -3.70648338e-05]","[ 0.         -0.64816296 14.71921539  1.18770027  1.11677945 -1.73033285
 -2.38781357 -0.9124521 ]"
1749855098.8233454,"[ 0.          0.31118684  1.25576674  3.0010896  -1.97389985  0.58329726
  1.5385557   1.78078871]","[ 0.00000000e+00 -6.85352481e-02 -6.63943664e-05 -8.64337337e-02
  2.54279220e-01 -2.32283823e-02 -2.28170654e-01 -3.70372172e-05]","[ 0.         -0.59403306 14.96930408  1.14626455  1.16437697 -1.661497
 -2.30151296 -0.91404521]"
1749855098.8266785,"[ 0.          0.31070378  1.25576767  3.00050956 -1.97213231  0.58318594
  1.53686419  1.78078871]","[ 0.00000000e+00 -6.55671883e-02 -3.21337047e-05 -8.26498312e-02
  2.49029364e-01 -1.15353491e-02 -2.50920558e-01 -2.64548924e-05]","[ 0.         -0.43732947 15.53215027  1.01683843  1.17853355 -1.67690229
 -2.32385397 -0.8745032 ]"
1749855098.8312945,"[ 0.          0.31051047  1.25576767  3.00026668 -1.97139035  0.58315551
  1.53608508  1.78078871]","[ 0.00000000e+00 -6.14382733e-02 -3.11353383e-05 -7.83282698e-02
  2.51460747e-01 -9.72350907e-03 -2.60373964e-01 -2.64548924e-05]","[ 0.         -0.41976956 15.66376495  0.936566    1.27718997 -1.67368031
 -2.25674701 -0.89926231]"
1749855098.8352938,"[ 0.          0.31022714  1.25576767  2.99990343 -1.97014639  0.58312602
  1.53477228  1.78078871]","[ 0.00000000e+00 -5.64503723e-02  0.00000000e+00 -6.66464801e-02
  2.45518602e-01 -5.07144934e-03 -2.58491209e-01 -2.64548924e-05]","[ 0.         -0.54023689 15.73662853  0.75727201  1.26279914 -1.68537307
 -2.33345675 -0.90898812]"
1749855098.8393993,"[ 0.          0.30998975  1.25576767  2.99964084 -1.96916155  0.58310698
  1.53378398  1.78078871]","[ 0.00000000e+00 -6.09801805e-02  0.00000000e+00 -6.55671883e-02
  2.45497496e-01 -5.00165319e-03 -2.39306363e-01 -2.64548924e-05]","[ 0.         -0.74033016 15.67910671  0.65044552  1.4093293  -1.67898715
 -2.38384962 -0.88372886]"
1749855098.8436086,"[ 0.          0.30972251  1.25576767  2.99935801 -1.96818204  0.58308414
  1.53307145  1.78078871]","[ 0.00000000e+00 -6.87105590e-02  0.00000000e+00 -7.50870946e-02
  2.42547529e-01 -5.48607700e-03 -2.32713125e-01 -2.64551545e-05]","[ 0.         -0.96459782 15.5025425   0.62323332  1.44476902 -1.6819545
 -2.26755095 -0.89551318]"
1749855098.8480198,"[ 0.          0.30944331  1.25576714  2.99902512 -1.9672209   0.58304992
  1.5321496   1.78078871]","[ 0.00000000e+00 -7.40067084e-02 -1.12700161e-05 -8.85919761e-02
  2.39846551e-01 -8.64092836e-03 -2.23936228e-01 -2.64548924e-05]","[ 0.         -1.01111078 15.26100349  0.67919052  1.50728846 -1.71056402
 -2.2367692  -0.87581956]"
1749855098.8515177,"[ 0.          0.30913198  1.25576674  2.99864082 -1.96625791  0.58299093
  1.53126103  1.78078778]","[ 0.00000000e+00 -8.04074995e-02 -1.08183818e-05 -1.00476258e-01
  2.39036268e-01 -1.62546453e-02 -2.22020133e-01 -2.64548924e-05]","[ 0.         -1.02683973 15.0382967   0.8029049   1.60914314 -1.72069836
 -2.33362842 -0.86372691]"
1749855098.8557103,"[ 0.          0.30880092  1.25576674  2.99822297 -1.96531435  0.5828882
  1.53038206  1.78078778]","[ 0.00000000e+00 -8.18395312e-02 -1.03863384e-05 -1.06148308e-01
  2.32013729e-01 -3.07911127e-02 -2.15859043e-01 -2.64551545e-05]","[ 0.         -0.9221859  14.82645702  0.9694581   1.62616062 -1.74312782
 -2.1105876  -0.86480469]"
1749855098.860308,"[ 0.          0.30847581  1.25576634  2.99779634 -1.96435641  0.58274172
  1.52956207  1.78078778]","[ 0.00000000e+00 -7.82343518e-02  0.00000000e+00 -1.05608111e-01
  2.29350235e-01 -4.05146197e-02 -1.97711348e-01 -2.64548924e-05]","[ 0.         -0.79361707 14.68788147  1.1365999   1.80831325 -1.77429891
 -2.38961363 -0.8868686 ]"
1749855098.8630893,"[ 0.          0.3081585   1.25576674  2.99739873 -1.96342989  0.58255337
  1.52879428  1.78078778]","[ 0.00000000e+00 -7.30146060e-02  9.29955892e-06 -9.48042155e-02
  2.31473540e-01 -4.91079332e-02 -1.87177547e-01 -2.64548924e-05]","[ 0.         -0.67068976 14.74571419  1.20812893  1.88268507 -1.78995705
 -2.2761519  -0.8941685 ]"
1749855098.866667,"[ 0.          0.30788988  1.25576674  2.99703733 -1.96250498  0.58233932
  1.52803515  1.78078778]","[ 0.00000000e+00 -6.29327103e-02  8.83157346e-06 -8.80517789e-02
  2.29080423e-01 -5.59101792e-02 -1.89955957e-01 -2.64551545e-05]","[ 0.         -0.61303687 14.8455019   1.19429123  1.78710902 -1.85075808
 -2.30870295 -0.87759548]"
1749855098.871359,"[ 0.          0.30771125  1.25576674  2.99677794 -1.96181309  0.58215763
  1.52746443  1.78078778]","[ 0.00000000e+00 -5.72606640e-02  1.70830430e-05 -8.50105072e-02
  2.28232373e-01 -6.15822255e-02 -1.96630970e-01 -2.64349338e-05]","[ 0.         -0.63086855 14.95703125  1.10126352  1.72424531 -1.80590057
 -2.35494471 -0.86489141]"
1749855098.8755157,"[ 0.          0.30741141  1.25576714  2.99635264 -1.96067699  0.58183512
  1.52641222  1.78078778]","[ 0.00000000e+00 -5.99616379e-02  2.06992160e-05 -8.67012899e-02
  2.26341678e-01 -6.56336883e-02 -2.18464381e-01 -1.85044548e-05]","[ 0.         -0.65016675 15.18381214  0.92139953  1.53814292 -1.77528918
 -2.17699671 -0.87590641]"
1749855098.8790743,"[ 0.          0.30722589  1.25576714  2.99599258 -1.95999468  0.58159157
  1.52549423  1.78078778]","[ 0.00000000e+00 -6.15822255e-02  2.00835652e-05 -9.23733403e-02
  2.23100511e-01 -5.69905654e-02 -2.30991008e-01 -1.85464284e-05]","[ 0.         -0.68219286 15.30110073  0.82068545  1.47914279 -1.78438556
 -2.25619125 -0.86192083]"
1749855098.8831952,"[ 0.          0.30698205  1.25576767  2.99562746 -1.95909933  0.58136134
  1.52459807  1.78078778]","[ 0.00000000e+00 -5.91513461e-02  2.69157645e-05 -9.04422489e-02
  2.24451000e-01 -5.88812517e-02 -2.17667030e-01 -1.85464284e-05]","[ 0.         -0.7300176  15.36946297  0.71867305  1.49808586 -1.82052827
 -2.31493878 -0.86247575]"
1749855098.8921442,"[ 0.          0.30673181  1.25576767  2.99527432 -1.95817867  0.58109689
  1.52369246  1.78078778]","[ 0.00000000e+00 -6.56336883e-02  1.89556919e-05 -8.77689595e-02
  2.32588123e-01 -6.95292313e-02 -2.32713125e-01 -1.85464284e-05]","[ 0.         -0.80414569 15.38289833  0.73996025  1.48059034 -1.77638555
 -2.30116296 -0.90525818]"
1749855098.8955517,"[ 0.          0.30615414  1.25576714  2.99458563 -1.9562596   0.58039581
  1.52166433  1.78078778]","[ 0.00000000e+00 -7.34665111e-02  7.36748352e-06 -8.54374535e-02
  2.43627924e-01 -1.03072698e-01 -2.82521944e-01 -1.85464284e-05]","[ 0.         -0.73702943 15.20129395  0.75441128  1.0706948  -1.70897579
 -2.20227361 -0.86023802]"
1749855098.899754,"[ 0.          0.30586255  1.25576714  2.99423116 -1.95525399  0.57993442
  1.52044088  1.78078778]","[ 0.00000000e+00 -7.02253442e-02  0.00000000e+00 -8.56209037e-02
  2.52271047e-01 -1.18362713e-01 -3.06439061e-01 -1.85464284e-05]","[ 0.         -0.71648079 15.18633938  0.81190836  0.94661647 -1.73063099
 -2.11607671 -0.85268885]"
1749855098.9038193,"[ 0.          0.30556961  1.25576714  2.99386391 -1.95422628  0.57942542
  1.51915284  1.78078778]","[ 0.00000000e+00 -7.34665111e-02  0.00000000e+00 -9.44383304e-02
  2.57672986e-01 -1.33968346e-01 -3.28005140e-01 -1.85464284e-05]","[ 0.         -0.73914653 15.16096687  0.87402302  0.94200528 -1.73341179
 -2.19449973 -0.87989819]"
1749855098.9078627,"[ 0.          0.30527386  1.25576714  2.99345698 -1.95316341  0.57902302
  1.51781433  1.78078778]","[ 0.00000000e+00 -7.34665111e-02  0.00000000e+00 -1.03447330e-01
  2.67126409e-01 -1.33158055e-01 -3.40543568e-01 -1.85464284e-05]","[ 0.         -0.7169351  15.07749557  0.98601896  0.77594829 -1.74695289
 -2.02400255 -0.8457312 ]"
1749855098.911877,"[ 0.          0.30498597  1.25576674  2.99304792 -1.95208936  0.57849505
  1.51639114  1.78078685]","[ 0.00000000e+00 -7.18459277e-02 -6.24100358e-06 -9.99360687e-02
  2.65235714e-01 -1.31267377e-01 -3.57595822e-01 -1.85464284e-05]","[ 0.         -0.63312936 14.91550541  1.07886851  0.61623466 -1.79279757
 -1.99645257 -0.87416297]"
1749855098.9204843,"[ 0.          0.30462778  1.25576674  2.99256056 -1.95074925  0.57782726
  1.51459324  1.78078685]","[ 0.00000000e+00 -7.07655415e-02 -1.20533661e-05 -9.69649962e-02
  2.69553997e-01 -1.32656515e-01 -3.58689449e-01 -1.85464284e-05]","[ 0.         -0.48305547 14.87884808  1.24030221  0.75567454 -1.85498822
 -2.01939392 -0.88452023]"
1749855098.924496,"[ 0.          0.30406665  1.25576674  2.99196188 -1.94854016  0.57667618
  1.51180691  1.78078685]","[ 0.00000000e+00 -6.94150525e-02 -1.16533149e-05 -7.53571974e-02
  2.78728004e-01 -1.48705689e-01 -3.41403204e-01 -1.85464284e-05]","[ 0.         -0.32720444 14.8017931   1.23516262  1.14909351 -1.82913303
 -2.06769586 -0.86189544]"
1749855098.9279974,"[ 0.          0.30379068  1.25576674  2.99167399 -1.94741284  0.57604068
  1.51043884  1.78078685]","[ 0.00000000e+00 -6.88748552e-02 -1.14073547e-05 -7.02253442e-02
  2.80616751e-01 -1.64599884e-01 -3.42483615e-01 -1.85464284e-05]","[ 0.         -0.25173777 14.82247448  1.16414797  1.13552058 -1.8293829
 -2.07053089 -0.8721509 ]"
1749855098.9307907,"[ 0.          0.3035983   1.25576674  2.99145668 -1.94655504  0.57551936
  1.50940008  1.78078685]","[ 0.00000000e+00 -6.05018351e-02 -1.11624327e-05 -7.21160221e-02
  2.83332244e-01 -1.81505497e-01 -3.41295878e-01 -1.85464284e-05]","[ 0.         -0.23755568 14.85011482  1.11669409  1.13484395 -1.82222903
 -2.16393423 -0.86335206]"
1749855098.9348598,"[ 0.          0.30342656  1.25576674  2.99123537 -1.94569005  0.57495238
  1.50839833  1.78078685]","[ 0.00000000e+00 -5.53699820e-02 -1.10569990e-05 -7.39071061e-02
  2.85625292e-01 -1.89068225e-01 -3.39782637e-01 -1.85604623e-05]","[ 0.         -0.271072   14.90163517  1.03221822  1.02086902 -1.81292117
 -2.23535156 -0.85315394]"
1749855098.9383817,"[ 0.          0.30322542  1.25576674  2.99092964 -1.94453051  0.57421988
  1.50705596  1.78078685]","[ 0.00000000e+00 -4.78967774e-02 -1.08267387e-05 -7.77880725e-02
  2.90084689e-01 -1.78534425e-01 -3.30059103e-01 -1.85606472e-05]","[ 0.         -0.38320509 15.02133751  1.00935018  0.92245978 -1.82028782
 -2.16419649 -0.88556725]"
1749855098.9417667,"[ 0.          0.30307253  1.25576674  2.9906825  -1.94368016  0.57368145
  1.50607619  1.78078685]","[ 0.00000000e+00 -5.14075353e-02 -1.06059783e-05 -8.20264352e-02
  2.87383711e-01 -1.78128642e-01 -3.18931750e-01 -1.85464284e-05]","[ 0.         -0.52601326 15.04339981  1.01155651  0.93504089 -1.80160367
 -2.03408957 -0.89839053]"
1749855098.9453332,"[ 0.          0.30287505  1.25576674  2.99034561 -1.94252328  0.57295754
  1.50481385  1.78078685]","[ 0.00000000e+00 -4.88876440e-02 -5.30298914e-06 -8.61610926e-02
  2.89274389e-01 -1.82810213e-01 -3.09531723e-01 -1.85186086e-05]","[ 0.         -0.65928668 14.98738289  1.00516808  1.01404297 -1.73304796
 -2.11372423 -0.88419569]"
1749855098.9488738,"[ 0.          0.30268544  1.25576674  2.98999594 -1.94136161  0.57221551
  1.50359705  1.78078685]","[ 0.00000000e+00 -4.64567646e-02 -5.30298914e-06 -8.80517789e-02
  2.86843522e-01 -1.87177547e-01 -2.97885487e-01 -1.85184257e-05]","[ 0.         -0.73955649 14.83566952  1.0787096   0.92961562 -1.67814934
 -2.03437185 -0.86359608]"
1749855098.9531145,"[ 0.          0.30255271  1.25576634  2.98973575 -1.94048676  0.57165139
  1.50271807  1.78078685]","[ 0.00000000e+00 -4.29454991e-02 -5.30298914e-06 -8.50807064e-02
  2.89274389e-01 -1.92234275e-01 -2.88464088e-01 -1.05820616e-05]","[ 0.         -0.84024101 14.88913631  1.10337818  0.95872021 -1.66612101
 -2.1104486  -0.87284338]"
1749855098.9564097,"[ 0.          0.30238373  1.25576674  2.98940551 -1.93930911  0.57082181
  1.50154136  1.78078685]","[ 0.00000000e+00 -4.42959881e-02  0.00000000e+00 -8.02189477e-02
  2.93866044e-01 -2.06883974e-01 -2.98392653e-01 -1.05819570e-05]","[ 0.         -0.8857674  15.01255226  1.14006639  1.06889904 -1.56508565
 -2.12209344 -0.85731047]"
1749855098.9597588,"[ 0.          0.30218306  1.25576714  2.98907954 -1.93812933  0.56999417
  1.50031697  1.78078685]","[ 0.00000000e+00 -5.26156451e-02  7.94254290e-06 -8.04890505e-02
  2.93568303e-01 -2.06354471e-01 -3.09218103e-01 -1.05899522e-05]","[ 0.         -0.90659541 15.15214825  1.06695831  1.2135576  -1.54308367
 -2.05543971 -0.84927279]"
1749855098.9632056,"[ 0.          0.30201272  1.25576714  2.98882921 -1.93723025  0.56938917
  1.49934664  1.78078685]","[ 0.00000000e+00 -5.86798210e-02  5.30700455e-06 -8.25028247e-02
  2.96659101e-01 -1.95010370e-01 -3.24243624e-01 -1.05900569e-05]","[ 0.         -0.8399508  15.20019531  1.07420123  1.24081624 -1.64305305
 -2.07653141 -0.87458777]"
1749855098.9667222,"[ 0.          0.3018249   1.25576714  2.98858499 -1.93632717  0.56880314
  1.49838964  1.78078685]","[ 0.00000000e+00 -6.21320725e-02  7.94846874e-06 -8.41850271e-02
  2.97912917e-01 -1.92039298e-01 -3.19255224e-01 -1.05820616e-05]","[ 0.         -0.63686591 15.19847679  1.0504626   1.25141108 -1.69740844
 -2.11471176 -0.89269334]"
1749855098.970171,"[ 0.          0.30158016  1.25576714  2.98823239 -1.93514606  0.56803835
  1.49713289  1.78078685]","[ 0.00000000e+00 -6.23925172e-02  5.29897933e-06 -9.02125596e-02
  3.01428789e-01 -1.86097153e-01 -3.11692479e-01 -1.05820616e-05]","[ 0.         -0.36452034 15.22315788  1.10155332  1.31007707 -1.69920862
 -2.07653809 -0.8935203 ]"
1749855098.9736655,"[ 0.          0.30138821  1.25576714  2.98795862 -1.93422807  0.56749133
  1.49620451  1.78078685]","[ 0.00000000e+00 -6.23293004e-02  0.00000000e+00 -8.85919761e-02
  3.02779278e-01 -1.78534425e-01 -3.03049356e-01 -1.05819570e-05]","[ 0.         -0.17519222 15.3044138   1.22953153  1.36901093 -1.72584939
 -2.07373571 -0.89679378]"
1749855098.9777362,"[ 0.          0.30113611  1.25576714  2.98761241 -1.9330126   0.5667778
  1.49499251  1.78078685]","[ 0.00000000e+00 -6.19151165e-02  0.00000000e+00 -8.23797284e-02
  3.03589578e-01 -1.80242310e-01 -3.06830745e-01 -1.05819570e-05]","[ 0.          0.03983001 15.37451553  1.34325063  1.45540714 -1.79770172
 -2.12654567 -0.86577088]"
1749855098.9812555,"[ 0.          0.30089962  1.25576714  2.98729469 -1.93178169  0.56603678
  1.49374255  1.78078685]","[ 0.00000000e+00 -5.72606640e-02  0.00000000e+00 -7.64375836e-02
  3.07329322e-01 -1.86367264e-01 -3.10297382e-01 -1.05819570e-05]","[ 0.          0.2228602  15.38325024  1.41409791  1.47350478 -1.83530915
 -2.06526518 -0.91114616]"
1749855098.9853337,"[ 0.          0.30073387  1.25576714  2.98707685 -1.93084798  0.56549449
  1.49280645  1.78078685]","[ 0.00000000e+00 -5.26690081e-02 -5.29097849e-06 -6.97136303e-02
  3.07911123e-01 -1.80425119e-01 -3.08721423e-01 -1.05900569e-05]","[ 0.          0.2360153  15.31973267  1.47348344  1.40329409 -1.77210462
 -2.13486958 -0.88938957]"
1749855098.9897428,"[ 0.          0.30049968  1.25576767  2.98677431 -1.92930468  0.56460027
  1.49119298  1.78078685]","[ 0.00000000e+00 -4.51062798e-02  0.00000000e+00 -5.50998833e-02
  3.08721423e-01 -1.73030237e-01 -3.27898347e-01 -1.05819570e-05]","[ 0.          0.17582551 15.2861042   1.43959367  1.26761651 -1.7763921
 -2.18262768 -0.90193838]"
1749855098.9933186,"[ 0.          0.3003284   1.25576714  2.98657244 -1.92805859  0.56391917
  1.48978217  1.78078685]","[ 0.00000000e+00 -3.93942778e-02  0.00000000e+00 -4.64096974e-02
  3.08991501e-01 -1.68810924e-01 -3.41403204e-01 -1.05819570e-05]","[ 0.          0.0168261  15.25021935  1.3524549   1.29354095 -1.77872443
 -2.08184671 -0.89362639]"
1749855098.9963844,"[ 0.          0.30022234  1.25576714  2.98643875 -1.9271161   0.56343114
  1.4887482   1.78078578]","[ 0.00000000e+00 -3.34581521e-02  0.00000000e+00 -4.41352496e-02
  3.10451346e-01 -1.61894295e-01 -3.40247824e-01 -2.11801137e-05]","[ 0.         -0.14288008 15.11682224  1.28388858  1.30258846 -1.79001486
 -2.04132485 -0.89491719]"
1749855098.9999523,"[ 0.          0.30009558  1.25576674  2.986251   -1.92585935  0.5627814
  1.48741342  1.78078578]","[ 0.00000000e+00 -3.05937517e-02 -5.29497611e-06 -4.78072536e-02
  3.12206736e-01 -1.59357518e-01 -3.22226280e-01 -2.11799045e-05]","[ 0.         -0.39451787 14.98800087  1.15763092  1.32507622 -1.73994529
 -1.9508642  -0.90087056]"
1749855099.0034857,"[ 0.          0.30001155  1.25576674  2.98609334 -1.92491659  0.56229244
  1.486466    1.78078578]","[ 0.00000000e+00 -2.75220284e-02 -5.29502843e-06 -5.44167575e-02
  3.10451346e-01 -1.62973591e-01 -3.09949806e-01 -2.11799045e-05]","[ 0.         -0.59413779 14.96696186  1.08845127  1.32431829 -1.68725753
 -2.04768729 -0.88640285]"
1749855099.0077097,"[ 0.          0.29990916  1.25576674  2.98583022 -1.92366171  0.56162179
  1.48520925  1.78078578]","[ 0.00000000e+00 -2.51190644e-02 -5.29497611e-06 -7.14690071e-02
  3.11705196e-01 -1.70528646e-01 -3.14463665e-01 -2.11799045e-05]","[ 0.         -0.86761791 14.90800381  0.98917997  1.2342211  -1.67336917
 -2.00727916 -0.87749422]"
1749855099.0117078,"[ 0.          0.29979621  1.25576674  2.9855149  -1.92243666  0.56095301
  1.48427222  1.78078578]","[ 0.00000000e+00 -3.16014045e-02  0.00000000e+00 -8.19241448e-02
  3.10612101e-01 -1.60978101e-01 -3.19255224e-01 -1.05899522e-05]","[ 0.         -0.99311292 14.96605873  0.97204614  1.00969779 -1.65371346
 -2.05285811 -0.87825012]"
1749855099.0196836,"[ 0.          0.29964191  1.25576714  2.98518334 -1.9211839   0.56034035
  1.48295475  1.78078578]","[ 0.00000000e+00 -4.18226896e-02  5.29497611e-06 -8.61610926e-02
  3.09801801e-01 -1.47323808e-01 -3.30059103e-01 -1.05820616e-05]","[ 0.         -0.97593671 15.12047386  1.0022893   0.85487783 -1.70214224
 -2.15235353 -0.87590265]"
1749855099.0232785,"[ 0.          0.29927226  1.25576767  2.98447254 -1.91871862  0.55924352
  1.48022448  1.78078578]","[ 0.00000000e+00 -4.75371550e-02  1.05899522e-05 -8.64311954e-02
  3.06830745e-01 -1.26405618e-01 -3.42048188e-01 -1.05899522e-05]","[ 0.         -0.64573467 15.39269924  1.14194989  0.83253342 -1.77621055
 -2.18152499 -0.87509286]"
1749855099.0277185,"[ 0.          0.2991391   1.25576767  2.98422726 -1.9177905   0.55889338
  1.4792246   1.78078578]","[ 0.00000000e+00 -4.15950101e-02  1.05899522e-05 -7.77880725e-02
  3.05480256e-01 -1.09119380e-01 -3.38702226e-01 -1.05899522e-05]","[ 0.         -0.4477208  15.44436932  1.13530993  0.8172968  -1.79046249
 -2.12806439 -0.89611763]"
1749855099.0308504,"[ 0.          0.29897745  1.25576807  2.98392872 -1.91656359  0.55847959
  1.47788609  1.78078578]","[ 0.00000000e+00 -4.05146197e-02  1.32375708e-05 -7.26562194e-02
  3.05480256e-01 -1.01286549e-01 -3.27898347e-01 -1.05899522e-05]","[ 0.         -0.22523685 15.61892128  1.21449721  0.94132465 -1.83109963
 -2.24915624 -0.88712347]"
1749855099.034888,"[ 0.          0.29882089  1.2557686   2.98363125 -1.91533986  0.55807626
  1.47661044  1.78078578]","[ 0.00000000e+00 -3.80451578e-02  1.85324169e-05 -7.45469056e-02
  3.04129767e-01 -1.00476258e-01 -3.15154222e-01 -1.05900569e-05]","[ 0.         -0.09107976 15.74980736  1.22523785  0.94275594 -1.84547448
 -2.21645761 -0.90756601]"
1749855099.038894,"[ 0.          0.29866659  1.2557686   2.98332765 -1.91411747  0.55764816
  1.47535662  1.78078578]","[ 0.00000000e+00 -3.99744266e-02  1.85324169e-05 -7.64375836e-02
  3.04940034e-01 -1.09119380e-01 -3.12772890e-01 -1.05899522e-05]","[ 0.         -0.02162481 15.79593182  1.26166832  0.8974793  -1.78980863
 -2.30090284 -0.88557434]"
1749855099.0434718,"[ 0.          0.29846043  1.2557686   2.98294202 -1.91254647  0.55708879
  1.47375646  1.78078578]","[ 0.00000000e+00 -3.72356859e-02  1.85324169e-05 -7.71696116e-02
  3.03086674e-01 -1.14791431e-01 -3.24116958e-01 -1.05819570e-05]","[ 0.          0.06166564 15.83372784  1.30466533  0.76276904 -1.7510035
 -2.23416281 -0.88250357]"
1749855099.0475106,"[ 0.          0.29833     1.255769    2.98264588 -1.91132754  0.55664834
  1.47240371  1.78078578]","[ 0.00000000e+00 -2.97107224e-02  2.11801137e-05 -7.20429600e-02
  3.03049356e-01 -1.06148308e-01 -3.31515918e-01 -1.06058726e-05]","[ 0.          0.04088889 15.87558746  1.34133136  0.81518465 -1.75547481
 -2.26620722 -0.88590831]"
1749855099.0509384,"[ 0.          0.29822348  1.255769    2.98236891 -1.91010595  0.55622976
  1.47111194  1.78078578]","[ 0.00000000e+00 -2.43087727e-02  2.64748795e-05 -6.67140745e-02
  3.02239089e-01 -9.68847685e-02 -3.14463665e-01 -1.06059783e-05]","[ 0.         -0.0642802  15.83517551  1.34327734  0.83392984 -1.77949739
 -2.27448773 -0.90140659]"
1749855099.05439,"[ 0.          0.29817847  1.255769    2.98217477 -1.9094865   0.55594913
  1.47019675  1.78078578]","[ 0.00000000e+00 -2.10645514e-02  2.11959173e-05 -6.17896524e-02
  3.03319467e-01 -8.94747142e-02 -3.07911123e-01 -1.06059783e-05]","[ 0.         -0.13786314 15.7694273   1.3581568   0.84078026 -1.76959157
 -2.18280387 -0.89290804]"
1749855099.0573547,"[ 0.          0.29812704  1.255769    2.98200512 -1.90856452  0.55568181
  1.46927489  1.78078578]","[ 0.00000000e+00 -1.50461080e-02  2.12280182e-05 -5.31629122e-02
  3.05185211e-01 -8.77816761e-02 -2.99268000e-01 -1.06059783e-05]","[ 0.         -0.32600737 15.69375324  1.25009978  0.76038802 -1.67812514
 -2.09239531 -0.89772874]"
1749855099.060923,"[ 0.          0.29808203  1.255769    2.98181178 -1.90734772  0.55533933
  1.46809432  1.78078578]","[ 0.00000000e+00 -8.91321630e-03  1.85745164e-05 -4.42959881e-02
  2.99919077e-01 -8.40003119e-02 -2.93325855e-01 -1.06060839e-05]","[ 0.         -0.56442112 15.63430595  1.15031576  0.73395199 -1.59217823
 -2.20493484 -0.85832596]"
1749855099.065572,"[ 0.          0.29805863  1.255769    2.98169247 -1.90643798  0.55508343
  1.46721534  1.78078578]","[ 0.00000000e+00 -7.67219259e-03  1.85324169e-05 -3.86239376e-02
  3.00420617e-01 -8.67658882e-02 -2.84394312e-01 -1.06059783e-05]","[ 0.         -0.77089077 15.64530849  1.00902534  0.85864866 -1.59473979
 -2.09071064 -0.86804676]"
1749855099.0705206,"[ 0.          0.29801685  1.255769    2.98148394 -1.90493782  0.55471718
  1.46585406  1.78078578]","[ 0.00000000e+00 -1.00307380e-02  1.85745164e-05 -4.48361812e-02
  2.98414457e-01 -9.32858641e-02 -2.69017087e-01 -1.06059783e-05]","[ 0.         -1.18795931 15.68629169  0.70858032  0.98069459 -1.59658802
 -2.29657078 -0.86385566]"
1749855099.0750024,"[ 0.          0.29793555  1.25576954  2.98123281 -1.90344672  0.55427576
  1.46449652  1.78078578]","[ 0.00000000e+00 -2.10462568e-02  2.38812822e-05 -5.41659876e-02
  2.97647434e-01 -8.58039710e-02 -2.72258254e-01 -1.06059783e-05]","[ 0.         -1.35577095 15.8582716   0.45345145  1.0148052  -1.48720372
 -2.12032986 -0.87754333]"
1749855099.0811741,"[ 0.          0.29782307  1.25576954  2.98098114 -1.90226161  0.55394187
  1.46337013  1.78078578]","[ 0.00000000e+00 -3.20983628e-02  2.38815200e-05 -6.61405960e-02
  2.93325855e-01 -7.99488533e-02 -2.89544500e-01 -1.05979587e-05]","[ 0.         -1.39994287 15.89456081  0.36589345  1.08284056 -1.4828341
 -2.23920417 -0.88720047]"
1749855099.0845714,"[ 0.          0.29760219  1.25576994  2.9805023  -1.90048502  0.55345574
  1.4616207   1.78078578]","[ 0.00000000e+00 -3.99744266e-02  2.65350217e-05 -9.06879838e-02
  2.91894473e-01 -8.32551261e-02 -2.78740588e-01 -1.05979587e-05]","[ 0.         -1.21766365 15.95078564  0.4556323   1.09548628 -1.510252
 -2.11599755 -0.87869608]"
1749855099.0875003,"[ 0.          0.29742862  1.25577047  2.98009777 -1.89931909  0.55309711
  1.46051722  1.78078578]","[ 0.00000000e+00 -4.42959881e-02  3.18420273e-05 -9.87569374e-02
  2.87861914e-01 -9.05274118e-02 -2.70097482e-01 -1.05979587e-05]","[ 0.         -0.97825909 16.02515602  0.66367441  1.00267744 -1.52470744
 -2.28822899 -0.88473165]"
1749855099.0914965,"[ 0.          0.29729959  1.25577087  2.97980056 -1.89846874  0.55281265
  1.45971521  1.78078578]","[ 0.00000000e+00 -4.18783330e-02  3.18420273e-05 -9.64247990e-02
  2.86843522e-01 -9.75051851e-02 -2.61551497e-01 -1.05978530e-05]","[ 0.         -0.74373835 16.14876175  0.84823507  0.91111296 -1.46814156
 -2.07739067 -0.89677376]"
1749855099.0949504,"[ 0.          0.29717559  1.25577087  2.97951054 -1.89760135  0.55251584
  1.45892372  1.78078578]","[ 0.00000000e+00 -4.31718095e-02  3.71490329e-05 -9.36991784e-02
  2.84952844e-01 -9.83154852e-02 -2.69017087e-01 -1.05979587e-05]","[ 0.         -0.61148226 16.11864471  1.00463724  0.79473937 -1.53161871
 -2.17205381 -0.90147907]"
1749855099.099187,"[ 0.          0.29699193  1.2557714   2.97915261 -1.89646977  0.55216198
  1.45782024  1.78078578]","[ 0.00000000e+00 -4.56464729e-02  4.77630399e-05 -8.52612771e-02
  2.79550888e-01 -8.21096340e-02 -2.73878837e-01  0.00000000e+00]","[ 0.         -0.44250357 16.1703701   1.11974859  0.69671059 -1.6215111
 -2.18442082 -0.89045429]"
1749855099.103049,"[ 0.          0.2968124   1.2557714   2.97892092 -1.89534671  0.55187183
  1.45672342  1.78078485]","[ 0.00000000e+00 -4.36337140e-02  4.77630399e-05 -7.64375836e-02
  2.79550888e-01 -6.75243704e-02 -2.71988159e-01 -1.05980643e-05]","[ 0.         -0.26621801 16.21927643  1.22178519  0.74712187 -1.66202903
 -2.15354824 -0.9212634 ]"
1749855099.1064599,"[ 0.          0.29663973  1.2557718   2.97864395 -1.89423724  0.55163494
  1.45564271  1.78078485]","[ 0.00000000e+00 -4.29454991e-02  5.04165417e-05 -6.55671883e-02
  2.73878837e-01 -5.29391068e-02 -2.66316109e-01 -1.05979587e-05]","[ 0.         -0.10670111 16.23258018  1.24511957  0.8511135  -1.6837256
 -2.1683948  -0.90218312]"
1749855099.1092775,"[ 0.          0.296479    1.2557718   2.97838589 -1.89313949  0.55144372
  1.45454202  1.78078485]","[ 0.00000000e+00 -3.97043280e-02  5.03783961e-05 -6.23925172e-02
  2.73608743e-01 -4.64096974e-02 -2.77930304e-01 -1.05979587e-05]","[ 0.         -0.06691857 16.24990273  1.19932592  0.95791531 -1.64534128
 -2.06961989 -0.9028036 ]"
1749855099.1135056,"[ 0.          0.29639498  1.2557718   2.97825779 -1.89259993  0.55135148
  1.45398169  1.78078485]","[ 0.00000000e+00 -4.18226896e-02  5.03783961e-05 -6.32028089e-02
  2.72798443e-01 -4.46367853e-02 -2.84682733e-01 -1.05979587e-05]","[ 0.         -0.06976909 16.2257843   1.18769276  0.91448528 -1.6384486
 -2.04867244 -0.91235512]"
1749855099.1175876,"[ 0.          0.29617321  1.2557722   2.97791877 -1.89121775  0.55110507
  1.4525605   1.78078485]","[ 0.00000000e+00 -4.42511055e-02  5.03789000e-05 -6.93447200e-02
  2.71833014e-01 -5.01872291e-02 -2.86573411e-01 -1.05820616e-05]","[ 0.         -0.0379402  16.21496391  1.09169221  0.75910908 -1.58902121
 -2.09514213 -0.89374125]"
1749855099.1216493,"[ 0.          0.29598722  1.25577273  2.97763647 -1.8901389   0.55091196
  1.45143797  1.78078485]","[ 0.00000000e+00 -4.75371550e-02  5.03783961e-05 -6.80645635e-02
  2.73068554e-01 -4.83474467e-02 -2.71988159e-01 -1.05820616e-05]","[ 0.          0.02189999 16.293293    1.08401394  0.61670864 -1.57382846
 -2.00625062 -0.90888095]"
1749855099.1251721,"[ 0.          0.29580769  1.25577313  2.97736882 -1.88905713  0.55070553
  1.45038203  1.78078485]","[ 0.00000000e+00 -4.15884063e-02  5.30298904e-05 -6.63766561e-02
  2.66046015e-01 -5.36139684e-02 -2.62268753e-01 -1.05819570e-05]","[ 0.         -0.04563874 16.32254982  1.10122383  0.47913712 -1.58325672
 -2.23768401 -0.89197743]"
1749855099.129236,"[ 0.          0.29569427  1.25577313  2.97716962 -1.88824726  0.55054191
  1.44932502  1.78078485]","[ 0.00000000e+00 -3.67332556e-02  5.30298904e-05 -6.64439800e-02
  2.67666598e-01 -5.59101792e-02 -2.59563681e-01 -1.05819570e-05]","[ 0.         -0.14110884 16.32166481  1.03353536  0.43018332 -1.52476311
 -2.10222459 -0.91203278]"
1749855099.1327477,"[ 0.          0.29555512  1.25577313  2.97688653 -1.88717853  0.55031358
  1.44854591  1.78078485]","[ 0.00000000e+00 -3.21415997e-02  4.50754075e-05 -7.13057304e-02
  2.64697157e-01 -5.69905654e-02 -2.56592608e-01 -1.05819570e-05]","[ 0.         -0.36894485 16.3263588   1.00402379  0.34665039 -1.45606756
 -2.11394739 -0.89733917]"
1749855099.1361542,"[ 0.          0.29544353  1.25577406  2.97660476 -1.88612658  0.5500967
  1.44748624  1.78078485]","[ 0.00000000e+00 -2.56592596e-02  5.30298904e-05 -6.92120946e-02
  2.60373964e-01 -5.02381288e-02 -2.70097482e-01 -1.05820616e-05]","[ 0.         -0.64097416 16.33632088  0.90659249  0.43032742 -1.44376957
 -2.26164103 -0.8807705 ]"
1749855099.1403136,"[ 0.          0.2953416   1.2557746   2.97633658 -1.88508049  0.54991024
  1.44640833  1.78078485]","[ 0.00000000e+00 -2.64695534e-02  5.83328791e-05 -6.75243704e-02
  2.60373964e-01 -4.61866702e-02 -2.65235714e-01 -1.05819570e-05]","[ 0.         -0.88938326 16.41342163  0.86579549  0.55752188 -1.46375942
 -2.11130476 -0.91072792]"
1749855099.143647,"[ 0.          0.29524929  1.25577406  2.97612726 -1.88429673  0.54977136
  1.44559979  1.78078485]","[ 0.00000000e+00 -3.26486822e-02  5.30298904e-05 -6.99644043e-02
  2.57943097e-01 -4.61866702e-02 -2.68206787e-01 -1.05740785e-05]","[ 0.         -1.05000138 16.3650589   0.79049611  0.62198412 -1.48906827
 -2.27590656 -0.90971309]"
1749855099.1466184,"[ 0.          0.29511384  1.2557746   2.97582419 -1.88326315  0.5495906
  1.4445296   1.78078485]","[ 0.00000000e+00 -3.29518914e-02  5.56813848e-05 -8.04890505e-02
  2.56052403e-01 -4.42959881e-02 -2.62303807e-01 -1.05740785e-05]","[ 0.         -1.17794406 16.36304283  0.7172038   0.57345575 -1.43090272
 -2.23590493 -0.91682607]"
1749855099.1502142,"[ 0.          0.29501969  1.255775    2.97556613 -1.88250282  0.54946313
  1.44377806  1.78078485]","[ 0.00000000e+00 -3.13313079e-02  5.83334602e-05 -8.76927431e-02
  2.56602445e-01 -4.05146197e-02 -2.51475794e-01 -1.05739739e-05]","[ 0.         -1.18953753 16.45140266  0.71948469  0.52641004 -1.3772862
 -2.11036134 -0.89382827]"
1749855099.154295,"[ 0.          0.29492465  1.25577593  2.9752897  -1.88172198  0.54934515
  1.44302172  1.78078485]","[ 0.00000000e+00 -3.13313079e-02  6.88867318e-05 -9.26434348e-02
  2.58213192e-01 -3.76152695e-02 -2.49029880e-01 -1.05820616e-05]","[ 0.         -1.20003223 16.57830048  0.73809671  0.40335748 -1.39920914
 -2.24790621 -0.90726191]"
1749855099.1613443,"[ 0.          0.29481123  1.25577779  2.97490993 -1.88069986  0.54919581
  1.44205526  1.78078485]","[ 0.00000000e+00 -2.64695534e-02  8.73011481e-05 -9.45341127e-02
  2.53351425e-01 -3.94342335e-02 -2.35286371e-01 -1.05820616e-05]","[ 0.         -1.18081748 16.85263824  0.78679842  0.35787022 -1.42686093
 -2.21260166 -0.90258741]"
1749855099.1647813,"[ 0.          0.29468174  1.25577872  2.97424813 -1.8789246   0.54888376
  1.44045989  1.78078485]","[ 0.00000000e+00 -1.40450684e-02  9.54538036e-05 -8.95243405e-02
  2.49587030e-01 -4.64096974e-02 -2.17158366e-01 -1.05819570e-05]","[ 0.         -1.27163374 17.01865959  0.80104405  0.25112483 -1.39486659
 -2.232692   -0.90065253]"
1749855099.1682732,"[ 0.          0.29462664  1.25577966  2.97390965 -1.8779347   0.54871255
  1.43960755  1.78078485]","[ 0.00000000e+00 -1.48403102e-02  1.05900567e-04 -8.21096340e-02
  2.44978413e-01 -3.93942778e-02 -2.12150109e-01 -1.05820616e-05]","[ 0.         -1.35347271 17.13831329  0.73117524  0.14324112 -1.3514533
 -2.28067827 -0.9055872 ]"
1749855099.1716456,"[ 0.          0.29457062  1.25578099  2.9736641  -1.87718768  0.54859933
  1.43891206  1.78078485]","[ 0.00000000e+00 -2.08137815e-02  1.19136960e-04 -8.04890505e-02
  2.47257696e-01 -3.48425735e-02 -2.22625337e-01 -1.05739739e-05]","[ 0.         -1.43685412 17.2434082   0.65351105  0.10973254 -1.35822105
 -2.27715087 -0.90803748]"
1749855099.1748216,"[ 0.          0.29446316  1.25578192  2.97334213 -1.87622415  0.54846997
  1.43797596  1.78078485]","[ 0.00000000e+00 -3.13313079e-02  1.21784452e-04 -8.10292395e-02
  2.42277435e-01 -3.18392102e-02 -2.35722347e-01 -1.05819570e-05]","[ 0.         -1.50554395 17.31531715  0.57984245  0.22248568 -1.38295937
 -2.23923969 -0.91007483]"
1749855099.178308,"[ 0.          0.2943525   1.25578232  2.97309472 -1.87549817  0.54837197
  1.43725584  1.78078485]","[ 0.00000000e+00 -3.86239376e-02  1.26983484e-04 -8.23797284e-02
  2.37955874e-01 -3.30702980e-02 -2.46618970e-01 -1.05819570e-05]","[ 0.         -1.49064791 17.31775093  0.55482799  0.40724704 -1.36612153
 -2.14903903 -0.89734477]"
1749855099.1818798,"[ 0.          0.29421705  1.25578232  2.97283106 -1.87477007  0.54828065
  1.4364758   1.78078485]","[ 0.00000000e+00 -4.74889892e-02  1.21784452e-04 -8.93116788e-02
  2.40413022e-01 -3.07599142e-02 -2.59563681e-01 -1.05820616e-05]","[ 0.         -1.42004526 17.27968597  0.54298347  0.59455216 -1.34652066
 -2.16690779 -0.88428837]"
1749855099.185344,"[ 0.          0.29399571  1.25578285  2.97243931 -1.87380281  0.54815888
  1.43545887  1.78078485]","[ 0.00000000e+00 -5.66630008e-02  1.27079427e-04 -1.00307380e-01
  2.40386757e-01 -2.99808189e-02 -2.43920722e-01 -1.05819570e-05]","[ 0.         -1.22273493 16.99670029  0.58805549  0.64858997 -1.36785316
 -2.27047086 -0.89685214]"
1749855099.189732,"[ 0.          0.29375922  1.25578285  2.97202652 -1.87284913  0.54806281
  1.43474635  1.78078485]","[ 0.00000000e+00 -6.15822255e-02  1.21784452e-04 -1.02802870e-01
  2.37145590e-01 -2.02573099e-02 -2.30663240e-01 -1.05819570e-05]","[ 0.         -0.92759466 16.88676453  0.79653627  0.69614303 -1.39531863
 -2.25654864 -0.91024262]"
1749855099.1927106,"[ 0.          0.29350485  1.25578378  2.97160468 -1.87189172  0.54799143
  1.43385112  1.78078392]","[ 0.00000000e+00 -6.32028089e-02  1.27079427e-04 -1.05071983e-01
  2.38230029e-01 -1.53799571e-02 -2.17158366e-01 -1.85186086e-05]","[ 0.         -0.66360021 16.94399643  0.99187082  0.76203042 -1.47650886
 -2.1319654  -0.90213495]"
1749855099.1956918,"[ 0.          0.29330921  1.25578418  2.97129842 -1.87117267  0.54795531
  1.43321663  1.78078392]","[ 0.00000000e+00 -6.67140745e-02  1.32274460e-04 -1.01016455e-01
  2.35973117e-01 -9.72350907e-03 -2.06131681e-01 -1.85184257e-05]","[ 0.         -0.48592609 16.90312576  1.15406001  0.80695307 -1.5332396
 -2.18123174 -0.91766721]"
1749855099.1996741,"[ 0.          0.29311224  1.25578418  2.97099934 -1.87047971  0.54793627
  1.43260783  1.78078392]","[ 0.00000000e+00 -6.37430062e-02  1.27079427e-04 -9.69649962e-02
  2.33904407e-01 -4.85682873e-03 -2.07434866e-01 -1.85186086e-05]","[ 0.         -0.32819185 16.8680439   1.28899574  0.85664082 -1.55007827
 -2.23232317 -0.92999834]"
1749855099.2032359,"[ 0.          0.29286609  1.25578472  2.97062464 -1.86952843  0.54792009
  1.43173165  1.78078392]","[ 0.00000000e+00 -5.86111530e-02  1.32374402e-04 -9.26434348e-02
  2.39306363e-01 -4.68133785e-03 -2.31473540e-01 -1.05899522e-05]","[ 0.         -0.11563503 16.8166008   1.3828119   0.82029647 -1.58185756
 -2.04910827 -0.93333346]"
1749855099.2072697,"[ 0.          0.29264432  1.25578472  2.97024221 -1.86854253  0.54788967
  1.4307327   1.78078392]","[ 0.00000000e+00 -5.45596902e-02  1.27079427e-04 -9.77752879e-02
  2.48489674e-01 -7.02091603e-03 -2.57672986e-01 -1.05899522e-05]","[ 0.          0.01765681 16.75641632  1.38221323  0.52598828 -1.5596869
 -2.02704978 -0.94464409]"
1749855099.2107792,"[ 0.          0.29248912  1.25578512  2.969941   -1.8677774   0.54785638
  1.4298966   1.78078392]","[ 0.00000000e+00 -4.88538468e-02  1.32374402e-04 -9.96659659e-02
  2.53891630e-01 -1.09721540e-02 -2.85203780e-01 -1.05819570e-05]","[ 0.          0.05144009 16.77978516  1.41650772  0.22911738 -1.50715101
 -2.07737374 -0.91858882]"
1749855099.2155623,"[ 0.          0.29232015  1.25578645  2.96955804 -1.86673451  0.54780215
  1.42864278  1.78078392]","[ 0.00000000e+00 -3.93706464e-02  1.45611844e-04 -9.42889438e-02
  2.62264642e-01 -1.40450684e-02 -3.26007669e-01 -1.05819570e-05]","[ 0.00000000e+00 -3.04163201e-03  1.68988323e+01  1.39875960e+00
 -1.07118599e-01 -1.48137856e+00 -1.97027791e+00 -9.14669156e-01]"
1749855099.2190073,"[ 0.          0.2921764   1.25578738  2.96918786 -1.86566871  0.54774792
  1.42723477  1.78078392]","[ 0.00000000e+00 -3.34920866e-02  1.50906827e-04 -9.19454452e-02
  2.67067703e-01 -1.24774746e-02 -3.64631594e-01 -1.05978530e-05]","[ 0.         -0.12377343 16.94864464  1.36774623 -0.33272049 -1.42617607
 -1.9391886  -0.89805263]"
1749855099.2224743,"[ 0.          0.29205473  1.25578738  2.96883659 -1.86455019  0.54770701
  1.42572036  1.78078392]","[ 0.00000000e+00 -2.90617766e-02  1.45611844e-04 -8.47597373e-02
  2.70045400e-01 -9.71858118e-03 -3.81530883e-01 -1.05979587e-05]","[ 0.         -0.28267822 16.90512276  1.26429534 -0.52910686 -1.37159908
 -1.84472239 -0.90341645]"
1749855099.2261164,"[ 0.          0.29191834  1.25578738  2.96852926 -1.86345563  0.54767848
  1.42419437  1.78078392]","[ 0.00000000e+00 -3.86183408e-02  1.42964352e-04 -7.56272918e-02
  2.72829951e-01 -6.75243714e-03 -3.75435506e-01 -1.05979587e-05]","[ 0.         -0.42774445 16.80938721  1.13320637 -0.6489796  -1.31665683
 -1.86166346 -0.88393116]"
1749855099.2296324,"[ 0.          0.29178795  1.25578791  2.96830129 -1.86265375  0.54766323
  1.4230528   1.78078392]","[ 0.00000000e+00 -4.64567646e-02  1.48259335e-04 -7.53571974e-02
  2.70097482e-01 -4.24116804e-03 -3.77753322e-01 -1.05979587e-05]","[ 0.         -0.54329681 16.7701416   1.02369797 -0.63895637 -1.30651748
 -1.78166234 -0.8941288 ]"
1749855099.2337205,"[ 0.          0.29158541  1.25578791  2.96797106 -1.86156691  0.54765088
  1.42152122  1.78078392]","[ 0.00000000e+00 -5.34792999e-02  1.48259335e-04 -8.61610926e-02
  2.70907765e-01 -2.42964529e-03 -3.85159007e-01 -1.05979587e-05]","[ 0.         -0.55848628 16.74198151  0.8981787  -0.41240308 -1.30807793
 -1.85704017 -0.89172256]"
1749855099.2383645,"[ 0.          0.29135585  1.25578831  2.9675913  -1.86046942  0.5476385
  1.41995728  1.78078392]","[ 0.00000000e+00 -5.72026487e-02  1.43073876e-04 -9.85855797e-02
  2.73338648e-01 -3.04739828e-03 -3.88940363e-01 -1.05979587e-05]","[ 0.         -0.45228878 16.60417366  0.87422061 -0.29477519 -1.32871985
 -1.90256488 -0.87816167]"
1749855099.2417483,"[ 0.          0.29112256  1.25578831  2.96716279 -1.85964091  0.54762328
  1.41840479  1.78078392]","[ 0.00000000e+00 -5.96915434e-02  1.37669385e-04 -1.09119380e-01
  2.73878837e-01 -3.54884629e-03 -3.90560963e-01 -1.05979587e-05]","[ 0.         -0.32540429 16.48996353  0.96842563 -0.32646531 -1.31092906
 -1.90034628 -0.88377249]"
1749855099.2455022,"[ 0.          0.2908636   1.25578884  2.96670686 -1.85852745  0.54760904
  1.41684844  1.78078392]","[ 0.00000000e+00 -6.34197401e-02  1.48147406e-04 -1.14405297e-01
  2.77120004e-01 -4.01229561e-03 -3.81107540e-01 -1.05979587e-05]","[ 0.         -0.11873608 16.50206184  1.13887537 -0.3441247  -1.33511245
 -1.77565777 -0.88556474]"
1749855099.2489283,"[ 0.          0.29060414  1.25578924  2.96625492 -1.85742277  0.5475881
  1.41534921  1.78078392]","[ 0.00000000e+00 -6.23925172e-02  1.45611844e-04 -1.09929672e-01
  2.72798443e-01 -4.98281029e-03 -3.66420739e-01 -1.05979587e-05]","[ 0.          0.05560805 16.55879021  1.36236286 -0.42181933 -1.38195312
 -1.89580333 -0.9045611 ]"
1749855099.2527668,"[ 0.          0.2904278   1.25578964  2.96594466 -1.85658653  0.54756906
  1.41426757  1.78078392]","[ 0.00000000e+00 -5.59101792e-02  1.40316860e-04 -1.03447330e-01
  2.75490116e-01 -5.79234260e-03 -3.53081997e-01 -1.06059783e-05]","[ 0.          0.10590594 16.58871651  1.47954631 -0.50892568 -1.44071639
 -1.98298323 -0.92538434]"
1749855099.2567477,"[ 0.          0.29023036  1.25579058  2.96554146 -1.85547946  0.5475396
  1.41288912  1.78078392]","[ 0.00000000e+00 -4.31718095e-02  1.37670734e-04 -9.84856945e-02
  2.74148932e-01 -7.23367139e-03 -3.38537409e-01 -1.06059783e-05]","[ 0.          0.091304   16.70413589  1.52453363 -0.69150728 -1.41874099
 -1.85205734 -0.91576409]"
1749855099.2620652,"[ 0.          0.29008159  1.25579204  2.96515424 -1.85438383  0.5475139
  1.41151732  1.78078392]","[ 0.00000000e+00 -3.46060473e-02  1.37877721e-04 -9.64247990e-02
  2.72836077e-01 -6.35820608e-03 -3.44732787e-01 -1.06059783e-05]","[ 0.         -0.03085917 16.79927826  1.50823641 -0.62028313 -1.35496736
 -1.99254751 -0.90238512]"
1749855099.2647772,"[ 0.          0.28995027  1.25579244  2.96466528 -1.85302269  0.54748916
  1.40977069  1.78078392]","[ 0.00000000e+00 -3.03429839e-02  1.37669385e-04 -9.83154852e-02
  2.70912442e-01 -4.70242312e-03 -3.52207115e-01 -1.05979587e-05]","[ 0.         -0.28882518 16.81361008  1.5355202  -0.57844448 -1.37721336
 -1.77605307 -0.88846409]"
1749855099.2684422,"[ 0.          0.28987034  1.25579297  2.96437606 -1.85220537  0.54747585
  1.40872899  1.78078392]","[ 0.00000000e+00 -2.43245415e-02  1.37876339e-04 -9.38986908e-02
  2.68573022e-01 -4.36147816e-03 -3.38537409e-01 -1.06058726e-05]","[ 0.         -0.42849702 16.81406403  1.48242342 -0.67715693 -1.37624085
 -1.84410763 -0.90573013]"
1749855099.2724562,"[ 0.          0.28978631  1.2557943   2.96401334 -1.85112492  0.54746156
  1.40741059  1.78078392]","[ 0.00000000e+00 -1.99872133e-02  1.32574732e-04 -8.88620706e-02
  2.69557276e-01 -3.82959080e-03 -3.23491315e-01 -1.06059783e-05]","[ 0.         -0.63020617 16.94777107  1.34087634 -0.68848652 -1.35101712
 -1.7805295  -0.90228724]"
1749855099.2800453,"[ 0.          0.28970459  1.25579617  2.9636634  -1.85003835  0.54744732
  1.40613001  1.78078392]","[ 0.00000000e+00 -2.10676037e-02  1.43180701e-04 -8.67012899e-02
  2.69826854e-01 -3.59768044e-03 -3.11955966e-01 -1.06060839e-05]","[ 0.         -0.88118315 17.07356071  1.19456172 -0.67347234 -1.34015965
 -1.6672076  -0.90866452]"
1749855099.2840552,"[ 0.          0.289548    1.25579976  2.96305487 -1.84816961  0.54743017
  1.40398684  1.78078392]","[ 0.00000000e+00 -2.24180906e-02  1.74998649e-04 -8.40003119e-02
  2.68206787e-01 -2.61613679e-03 -2.96026833e-01 -1.06059783e-05]","[ 0.         -1.13788772 17.31776619  0.95419788 -0.6880638  -1.25472617
 -1.72711468 -0.88441223]"
1749855099.2875013,"[ 0.          0.28946261  1.25580163  2.96269774 -1.84709769  0.54742827
  1.40282144  1.78078392]","[ 0.00000000e+00 -2.10462568e-02  1.92281791e-04 -9.12929458e-02
  2.65505826e-01 -1.19231191e-03 -2.90354800e-01 -1.05978530e-05]","[ 0.         -1.25005031 17.46116638  0.82302725 -0.69303858 -1.24192274
 -1.95168805 -0.88403261]"
1749855099.291073,"[ 0.          0.28936617  1.25580389  2.96229214 -1.8460287   0.54742731
  1.40164379  1.78078392]","[ 0.00000000e+00 -2.70097486e-02  2.31354724e-04 -1.05338016e-01
  2.66585921e-01 -3.64317511e-04 -2.94917427e-01  0.00000000e+00]","[ 0.         -1.32156384 17.62729454  0.73429286 -0.72131741 -1.19089437
 -1.8429327  -0.87861311]"
1749855099.2951746,"[ 0.          0.28926607  1.25580576  2.96207083 -1.8452215   0.54742731
  1.40072673  1.78078392]","[ 0.00000000e+00 -3.58598885e-02  2.57414789e-04 -1.08081205e-01
  2.64695526e-01 -2.06492334e-04 -3.08721423e-01  0.00000000e+00]","[ 0.         -1.27949214 17.66918945  0.73976821 -0.77869123 -1.19164741
 -1.81818914 -0.84616566]"
1749855099.2982576,"[ 0.          0.28910441  1.25580722  2.96163886 -1.84417514  0.54742638
  1.39945187  1.78078392]","[ 0.00000000e+00 -4.18783330e-02  3.35917232e-04 -1.07078134e-01
  2.57402892e-01 -1.86160649e-04 -3.15154222e-01  0.00000000e+00]","[ 0.         -1.12321174 17.63002968  0.87186837 -0.70370471 -1.18873
 -1.77492332 -0.87573236]"
1749855099.3016534,"[ 0.          0.28897402  1.25580762  2.96132062 -1.84338844  0.54742448
  1.39852349  1.78078392]","[ 0.         -0.04618667  0.00038045 -0.10846917  0.25902348 -0.00030913
 -0.29991908  0.        ]","[ 0.         -1.03285742 17.52789497  0.95385873 -0.57900345 -1.22552526
 -1.76269567 -0.87144589]"
1749855099.3054523,"[ 0.          0.28877335  1.25580802  2.96090277 -1.842353    0.54742162
  1.39733905  1.78078392]","[ 0.         -0.05023813  0.00035342 -0.10047626  0.2560524  -0.00044104
 -0.28838373  0.        ]","[ 0.         -0.78095257 17.32602882  1.13022196 -0.50457573 -1.29646468
 -1.85203087 -0.87484586]"
1749855099.3108926,"[ 0.          0.28861815  1.25580802  2.96061674 -1.84158601  0.54741875
  1.3964895   1.78078392]","[ 0.         -0.05266901  0.00033434 -0.09210324  0.25335142 -0.00052881
 -0.28925112  0.        ]","[ 0.         -0.62014449 17.19349098  1.18857431 -0.42258486 -1.31861734
 -1.69866621 -0.88306868]"
1749855099.3141332,"[ 0.          0.28827331  1.25580855  2.96007745 -1.84007121  0.54741592
  1.39472303  1.78078392]","[ 0.         -0.05969154  0.00032455 -0.08931168  0.25119065 -0.00051698
 -0.29224548  0.        ]","[ 0.         -0.21839303 16.86630821  1.43332863 -0.33325562 -1.29755235
 -1.67457831 -0.86569017]"
1749855099.317648,"[ 0.          0.28808502  1.25580855  2.95980155 -1.839321    0.54741306
  1.39384299  1.78078392]","[ 0.         -0.06185232  0.00030757 -0.09183314  0.2457887  -0.00059613
 -0.28838373  0.        ]","[ 0.         -0.04206258 16.74182892  1.57470191 -0.33696476 -1.34286249
 -1.71016669 -0.86902624]"
1749855099.3213692,"[ 0.          0.28785176  1.25580855  2.95943936 -1.83833696  0.5474102
  1.39270901  1.78078392]","[ 0.         -0.05645037  0.00029645 -0.08940227  0.24443822 -0.0006276
 -0.28035912  0.        ]","[ 0.          0.2084588  16.54886436  1.7467066  -0.42733833 -1.37496805
 -1.6786691  -0.88949293]"
1749855099.3267026,"[ 0.          0.28764284  1.25580855  2.95908489 -1.83736437  0.5474064
  1.39155613  1.78078392]","[ 0.00000000e+00 -4.88381092e-02  2.65331305e-04 -8.83218733e-02
  2.40386757e-01 -6.66238706e-04 -2.91894473e-01  0.00000000e+00]","[ 0.          0.41014543 16.40317726  1.88932788 -0.64800769 -1.40601408
 -1.62182605 -0.88665974]"
1749855099.3309503,"[ 0.          0.28740725  1.25580855  2.95865772 -1.83618139  0.54740258
  1.39009485  1.78078392]","[ 0.00000000e+00 -4.75371550e-02  2.19412794e-04 -8.23797284e-02
  2.33364218e-01 -6.74832277e-04 -2.90354800e-01  0.00000000e+00]","[ 0.          0.53242022 16.35132408  2.0523057  -0.87866026 -1.39464653
 -1.58857071 -0.86938006]"
1749855099.3350935,"[ 0.          0.28723095  1.25580855  2.95834773 -1.83525754  0.54739975
  1.38892946  1.78078392]","[ 0.00000000e+00 -3.99744266e-02  1.83427349e-04 -7.39317237e-02
  2.27112214e-01 -6.96524426e-04 -2.84394312e-01  0.00000000e+00]","[ 0.          0.58863175 16.29434395  2.16541624 -1.07286286 -1.39044869
 -1.53015184 -0.88476944]"
1749855099.3391652,"[ 0.          0.28709273  1.25580855  2.95807822 -1.83436219  0.54739785
  1.38784688  1.78078392]","[ 0.00000000e+00 -3.15693862e-02  1.42873456e-04 -6.42831993e-02
  2.18670093e-01 -7.08745578e-04 -2.62534753e-01  0.00000000e+00]","[ 0.          0.57972324 16.30966759  2.17478085 -1.18988585 -1.39632952
 -1.61428249 -0.90789723]"
1749855099.3420596,"[ 0.          0.28698434  1.25580895  2.95782788 -1.83351371  0.54739688
  1.38679573  1.78078392]","[ 0.00000000e+00 -2.25691605e-02  1.19509118e-04 -5.89305867e-02
  2.14997594e-01 -6.74377537e-04 -2.62169850e-01  0.00000000e+00]","[ 0.          0.50051922 16.34868431  2.12613511 -1.14495015 -1.37388945
 -1.67086196 -0.88135284]"
1749855099.3460646,"[ 0.          0.28693843  1.25580895  2.95765584 -1.83286922  0.54739592
  1.3859852   1.78078392]","[ 0.00000000e+00 -1.24118953e-02  8.47727542e-05 -5.86111530e-02
  2.11486316e-01 -6.58984908e-04 -2.52774601e-01  0.00000000e+00]","[ 0.          0.39351109 16.45332146  2.07003903 -1.1706568  -1.36214626
 -1.49998522 -0.85784757]"
1749855099.3496058,"[ 0.          0.28691226  1.25580948  2.95742947 -1.832025    0.54739592
  1.3849692   1.78078392]","[ 0.00000000e+00 -3.23788582e-03  4.98663260e-05 -5.48297889e-02
  2.07164771e-01 -5.72775795e-04 -2.57798005e-01  0.00000000e+00]","[ 0.          0.18451147 16.50792885  1.9443903  -1.16866946 -1.31770468
 -1.64662039 -0.86063743]"
1749855099.353532,"[ 0.          0.2869095   1.25581042  2.95720071 -1.83121353  0.54739499
  1.38393803  1.78078392]","[ 0.00000000e+00  0.00000000e+00  6.60588136e-05 -5.91513461e-02
  1.99331932e-01 -5.35919980e-04 -2.59563681e-01  0.00000000e+00]","[ 0.         -0.10740791 16.65154076  1.81143081 -1.2432555  -1.28870749
 -1.53057623 -0.85152507]"
1749855099.3571181,"[ 0.          0.28690904  1.25581175  2.95695516 -1.83041831  0.54739499
  1.38291058  1.78078392]","[ 0.00000000e+00 -1.06377519e-04  7.29470771e-05 -6.36784204e-02
  1.97711348e-01 -4.95750688e-04 -2.56592608e-01  0.00000000e+00]","[ 0.         -0.29676354 16.73201561  1.68611944 -1.3227632  -1.25218904
 -1.60674119 -0.87019187]"
1749855099.3610826,"[ 0.          0.28690214  1.25581308  2.95669284 -1.82963162  0.54739499
  1.3818842   1.78078392]","[ 0.00000000e+00 -7.44716979e-04  8.66815616e-05 -6.37430062e-02
  1.92924033e-01 -4.45873179e-04 -2.51730841e-01  0.00000000e+00]","[ 0.         -0.46609804 16.8419323   1.66065907 -1.6321404  -1.26098859
 -1.55528891 -0.83718544]"
1749855099.36449,"[ 0.          0.28689342  1.25581628  2.95644064 -1.82887315  0.54739499
  1.38114597  1.78078392]","[ 0.00000000e+00 -1.13858966e-03  1.30172231e-04 -6.10420282e-02
  1.85368961e-01 -3.60632876e-04 -2.40386757e-01  0.00000000e+00]","[ 0.         -0.49583831 17.09698296  1.61163449 -1.77390099 -1.21780407
 -1.48987269 -0.83321035]"
1749855099.368526,"[ 0.          0.2868847   1.25581814  2.9562694  -1.82832028  0.54739499
  1.38043344  1.78078392]","[ 0.00000000e+00 -2.20755404e-03  1.57957361e-04 -5.45596902e-02
  1.81505497e-01 -3.36703762e-04 -2.31473540e-01  0.00000000e+00]","[ 0.         -0.58744508 17.19801331  1.60026145 -1.82932818 -1.18440032
 -1.50118208 -0.82462698]"
1749855099.3753512,"[ 0.          0.28687138  1.25582187  2.95605635 -1.82759323  0.54739499
  1.37953063  1.78078392]","[ 0.00000000e+00 -3.19132549e-03  2.01243611e-04 -5.13185192e-02
  1.78804536e-01 -2.53907752e-04 -2.16077989e-01  0.00000000e+00]","[ 0.         -0.56824666 17.27955246  1.58212507 -1.9413619  -1.19291985
 -1.46925581 -0.81397724]"
1749855099.3783052,"[ 0.          0.28684842  1.25582733  2.95577964 -1.82656792  0.54739499
  1.37828826  1.78078392]","[ 0.00000000e+00 -3.90016275e-03  2.79911234e-04 -4.40258894e-02
  1.64322698e-01 -1.73094109e-04 -1.95097855e-01  0.00000000e+00]","[ 0.         -0.4941237  17.37727356  1.52442253 -1.91707027 -1.21689177
 -1.41539967 -0.82044166]"
1749855099.3812752,"[ 0.          0.28683237  1.25583012  2.95565634 -1.82608615  0.54739499
  1.37773739  1.78078392]","[ 0.00000000e+00 -5.40012347e-03  4.66161122e-04 -3.83538432e-02
  1.57466823e-01 -1.35229774e-04 -1.80425119e-01  0.00000000e+00]","[ 0.         -0.45924777 17.43229294  1.53995824 -1.76742756 -1.20598376
 -1.44468224 -0.81360823]"
1749855099.384865,"[ 0.          0.28679792  1.25583239  2.95553011 -1.82545205  0.54739499
  1.37705535  1.78078392]","[ 0.00000000e+00 -9.99360666e-03  8.46049283e-04 -2.75499417e-02
  1.56926634e-01 -9.54538036e-05 -1.66920246e-01  0.00000000e+00]","[ 0.         -0.45587009 17.39903069  1.5466342  -1.65402102 -1.24525309
 -1.43471611 -0.84437478]"
1749855099.3890302,"[ 0.          0.28675337  1.25583465  2.95545394 -1.82498094  0.54739499
  1.37654642  1.78078392]","[ 0.00000000e+00 -1.67290760e-02  8.21350024e-04 -2.43245415e-02
  1.55225673e-01 -7.27043709e-05 -1.68810924e-01  0.00000000e+00]","[ 0.         -0.39092034 17.38629341  1.56885159 -1.65232635 -1.25602496
 -1.42768419 -0.84060985]"
1749855099.39219,"[ 0.          0.28666382  1.25583745  2.95536765 -1.82435962  0.54739499
  1.3758291   1.78078392]","[ 0.00000000e+00 -2.51190644e-02  7.57692022e-04 -1.90584026e-02
  1.53325924e-01 -5.48529586e-05 -1.84206475e-01  0.00000000e+00]","[ 0.         -0.2607055  17.37050629  1.57396567 -1.68137181 -1.24000144
 -1.39527559 -0.81799155]"
1749855099.395943,"[ 0.          0.28657844  1.25583971  2.95532264 -1.82391461  0.54739402
  1.37525359  1.78078392]","[ 0.00000000e+00 -2.90891406e-02  7.69421764e-04 -1.35048743e-02
  1.49245179e-01 -5.37834558e-05 -1.90958920e-01  0.00000000e+00]","[ 0.         -0.15019938 17.37213516  1.6516937  -1.65207517 -1.26467109
 -1.33606339 -0.82979941]"
1749855099.3988829,"[ 0.          0.28646226  1.25584344  2.95528829 -1.82330714  0.54739402
  1.37445637  1.78078392]","[ 0.00000000e+00 -2.94406258e-02  7.72070621e-04 -5.40194971e-03
  1.48454936e-01 -3.36166749e-05 -2.02573099e-01  0.00000000e+00]","[ 0.00000000e+00 -2.40329164e-03  1.73238926e+01  1.73434973e+00
 -1.67044020e+00 -1.28129983e+00 -1.27343702e+00 -8.24585438e-01]"
1749855099.4023345,"[ 0.          0.28636905  1.2558453   2.95528323 -1.82287358  0.54739309
  1.37381615  1.78078392]","[ 0.00000000e+00 -3.13313079e-02  7.39061272e-04  0.00000000e+00
  1.46244512e-01 -5.19042725e-05 -2.12150109e-01  0.00000000e+00]","[ 0.          0.07627781 17.20941162  1.78094816 -1.7470547  -1.31635571
 -1.21522796 -0.81913328]"
1749855099.4058385,"[ 0.          0.28627307  1.25584624  2.95528669 -1.82243602  0.54739309
  1.3731959   1.78078392]","[ 0.00000000e+00 -3.12995622e-02  6.58226466e-04  8.61007067e-04
  1.43961950e-01 -5.10121932e-05 -2.05066100e-01  0.00000000e+00]","[ 0.          0.19320972 17.07211876  1.78826177 -1.79673874 -1.31733847
 -1.26483417 -0.84422797]"
1749855099.4098356,"[ 0.          0.28617067  1.25584717  2.95528509 -1.82187622  0.54739309
  1.37244249  1.78078392]","[ 0.00000000e+00 -2.13377002e-02  6.04540753e-04 -1.59566278e-04
  1.34274343e-01 -4.92556065e-05 -1.76643747e-01  0.00000000e+00]","[ 0.          0.26257846 16.94113159  1.8861444  -1.84874213 -1.30802977
 -1.30681992 -0.83016223]"
1749855099.4132986,"[ 0.          0.28610546  1.2558485   2.95528536 -1.82132575  0.54739309
  1.37179747  1.78078392]","[ 0.00000000e+00 -1.30522503e-02  5.61288573e-04 -1.65598881e-04
  1.30086864e-01 -3.08333087e-05 -1.52489641e-01  0.00000000e+00]","[ 0.          0.20624892 16.90522575  1.94305754 -1.83016276 -1.30536699
 -1.23411274 -0.82189709]"
1749855099.417696,"[ 0.          0.28606551  1.25585036  2.95528456 -1.82082348  0.54739212
  1.3712229   1.78078392]","[ 0.00000000e+00 -8.52612739e-03  5.50686903e-04 -2.40444305e-04
  1.22084056e-01 -4.61364051e-05 -1.38830105e-01  0.00000000e+00]","[ 0.          0.1027923  16.84952927  1.96433139 -1.78298855 -1.29412913
 -1.23633385 -0.82519346]"
1749855099.4203947,"[ 0.          0.28604347  1.2558513   2.95528509 -1.82045569  0.54739212
  1.37083754  1.78078392]","[ 0.00000000e+00 -7.27228515e-03  4.92056462e-04 -6.62422960e-05
  1.20870396e-01 -4.54309291e-05 -1.22624254e-01  0.00000000e+00]","[ 0.          0.0580209  16.81292343  1.9651053  -1.75562561 -1.28237772
 -1.26438522 -0.8242588 ]"
1749855099.4238567,"[ 0.          0.28601545  1.25585356  2.95528456 -1.81997393  0.54739212
  1.3703619   1.78078392]","[ 0.00000000e+00 -7.15204394e-03  4.93945675e-04 -3.52830036e-05
  1.21543868e-01 -4.40317617e-05 -1.14675117e-01  0.00000000e+00]","[ 0.         -0.05686505 16.84131813  1.93346012 -1.8489598  -1.24464083
 -1.2620554  -0.81771821]"
1749855099.4273539,"[ 0.          0.28599294  1.25585542  2.95528456 -1.81972599  0.54739212
  1.37002141  1.78078392]","[ 0.00000000e+00 -7.69777819e-03  4.79509404e-04  0.00000000e+00
  1.20193379e-01 -4.33893781e-05 -1.12900745e-01  0.00000000e+00]","[ 0.         -0.09315439 16.92733955  1.89473379 -1.87989783 -1.22702467
 -1.23876989 -0.80332816]"
1749855099.430768,"[ 0.          0.28595622  1.25586182  2.95528456 -1.81924422  0.54739212
  1.36952673  1.78078392]","[ 0.00000000e+00 -9.04826561e-03  5.72651415e-04  0.00000000e+00
  1.19383087e-01 -4.27642163e-05 -1.29106596e-01  0.00000000e+00]","[ 0.         -0.14327972 17.15961075  1.81658626 -2.00466466 -1.17330289
 -1.22358954 -0.8102234 ]"
1749855099.434387,"[ 0.          0.28592819  1.25587007  2.95528403 -1.8188839   0.54739212
  1.36911567  1.78078392]","[ 0.00000000e+00 -9.18331389e-03  9.77151905e-04 -2.20789347e-05
  1.17222306e-01 -4.15676103e-05 -1.38925729e-01  0.00000000e+00]","[ 0.         -0.10648534 17.38985825  1.79472625 -2.06871557 -1.16941905
 -1.12962008 -0.82051796]"
1749855099.4384422,"[ 0.          0.28589424  1.25588791  2.95528456 -1.81843968  0.54739212
  1.36852019  1.78078392]","[ 0.00000000e+00 -7.82489055e-03  4.14872332e-03  0.00000000e+00
  1.05878214e-01 -4.09505149e-05 -1.48705689e-01  0.00000000e+00]","[ 0.         -0.1046935  17.52117538  1.73711956 -2.134655   -1.09601164
 -1.17569852 -0.81079173]"
1749855099.4451272,"[ 0.          0.2858731   1.25591641  2.95528403 -1.81803515  0.54739309
  1.36793416  1.78078392]","[ 0.00000000e+00 -3.78136470e-03  8.05836916e-03 -4.57100904e-05
  9.96659659e-02 -2.53341407e-05 -1.42436491e-01  0.00000000e+00]","[ 0.         -0.07894299 17.54328728  1.71426284 -1.98976326 -1.09777212
 -1.22765148 -0.79404962]"
1749855099.4453688,"[ 0.          0.28586761  1.2559481   2.95528456 -1.81774007  0.54739309
  1.36752137  1.78078392]","[ 0.00000000e+00 -2.25691615e-03  1.18842887e-02 -2.64605003e-05
  9.66948934e-02 -2.50243333e-05 -1.38689440e-01  0.00000000e+00]","[ 0.         -0.09842841 17.36588478  1.70287693 -1.92882323 -1.11426234
 -1.2234112  -0.80647963]"
1749855099.4491754,"[ 0.          0.28586667  1.25599124  2.95528403 -1.8174671   0.54739309
  1.36710472  1.78078392]","[ 0.00000000e+00  0.00000000e+00  1.51254588e-02 -1.70830430e-05
  8.94022679e-02 -2.46729322e-05 -1.37749710e-01  0.00000000e+00]","[ 0.         -0.11814423 17.15386009  1.68983686 -1.8527987  -1.09555542
 -1.2266103  -0.79019606]"
1749855099.4521582,"[ 0.          0.28586621  1.25606288  2.95528403 -1.81711236  0.54739309
  1.36652814  1.78078392]","[ 0.00000000e+00 -8.88608951e-05  1.88876669e-02 -1.61032841e-05
  8.83218733e-02 -2.43547862e-05 -1.46662928e-01  0.00000000e+00]","[ 0.         -0.18920088 16.81124687  1.71274614 -1.66270888 -1.11990416
 -1.19777584 -0.78787917]"
1749855099.4559274,"[ 0.          0.28586578  1.2561268   2.95528403 -1.81683859  0.54739309
  1.36608766  1.78078392]","[ 0.00000000e+00 -9.93593235e-05  2.18778954e-02 -3.10672354e-05
  9.13856321e-02 -2.37204344e-05 -1.46662928e-01  0.00000000e+00]","[ 0.         -0.25400019 16.60875511  1.70090675 -1.57841265 -1.12506747
 -1.13146436 -0.80191386]"
1749855099.4587533,"[ 0.          0.28586531  1.25621349  2.95528403 -1.81647294  0.54739309
  1.36548645  1.78078392]","[ 0.00000000e+00 -1.20222153e-04  2.05274085e-02 -1.50994246e-05
  9.10228513e-02 -2.34262334e-05 -1.53415373e-01  0.00000000e+00]","[ 0.         -0.2871924  16.34766769  1.69269741 -1.56114042 -1.12219822
 -1.12481606 -0.78813392]"
1749855099.4616797,"[ 0.          0.28586484  1.25626315  2.95528403 -1.81620396  0.54739309
  1.36500508  1.78078392]","[ 0.00000000e+00 -1.54552549e-04  1.42938025e-02 -1.46581232e-05
  8.76863932e-02 -2.28594705e-05 -1.60340840e-01  0.00000000e+00]","[ 0.         -0.28019336 16.27231407  1.70646203 -1.58958304 -1.10559487
 -1.0473454  -0.80585539]"
1749855099.4645023,"[ 0.          0.28586484  1.25629338  2.95528403 -1.81595016  0.54739309
  1.36452478  1.78078392]","[ 0.00000000e+00 -1.02052466e-04  8.37302164e-03 -1.42705017e-05
  8.37302174e-02 -2.25863884e-05 -1.63949173e-01  0.00000000e+00]","[ 0.         -0.24261042 16.39577293  1.6403687  -1.67611253 -1.09245896
 -1.02734971 -0.79924262]"
1749855099.4679835,"[ 0.          0.28586438  1.25630723  2.9552835  -1.81569929  0.54739309
  1.36404142  1.78078392]","[ 0.00000000e+00 -1.32835457e-04  2.70097486e-03 -2.78064337e-05
  8.23797284e-02 -2.20395192e-05 -1.55463726e-01  0.00000000e+00]","[ 0.         -0.20679168 16.57580948  1.62705445 -1.79466724 -1.06533015
 -1.0901556  -0.7861796 ]"
1749855099.4708924,"[ 0.          0.28586438  1.25631003  2.9552835  -1.81545907  0.54739309
  1.36359148  1.78078392]","[ 0.00000000e+00 -8.82075071e-05  5.01536919e-04 -2.63953720e-05
  7.88684671e-02 -2.17855668e-05 -1.43691855e-01  0.00000000e+00]","[ 0.         -0.12783228 16.83776474  1.61777258 -1.89036024 -1.06434309
 -1.02624285 -0.78288645]"
1749855099.4738266,"[ 0.          0.28586438  1.25631082  2.9552835  -1.8152327   0.54739309
  1.36318055  1.78078392]","[ 0.00000000e+00 -6.62395490e-05  2.70006174e-04 -2.57185997e-05
  7.45469056e-02 -2.15371511e-05 -1.30901134e-01  0.00000000e+00]","[ 0.         -0.11048874 17.14991951  1.61308253 -2.01886177 -1.04330492
 -1.03843248 -0.79673499]"
1749855099.4767447,"[ 0.          0.28586438  1.25631588  2.95528323 -1.81501033  0.54739309
  1.36282382  1.78078392]","[ 0.00000000e+00 -6.21326584e-05  9.77469846e-04 -1.88404546e-05
  7.29263222e-02 -2.12763534e-05 -1.14791431e-01  0.00000000e+00]","[ 0.         -0.07055353 17.40573883  1.59635174 -2.13699937 -1.02847016
 -1.02904272 -0.78842032]"
1749855099.48101,"[ 0.          0.28586391  1.25632694  2.95528323 -1.81479408  0.54739402
  1.36252035  1.78078392]","[ 0.00000000e+00 -5.90010750e-05  1.88792985e-03 -3.07403687e-05
  7.06938358e-02 -1.19203767e-05 -9.26434348e-02  0.00000000e+00]","[ 0.         -0.08577276 17.66122246  1.60529172 -2.13040709 -1.00586379
 -1.08533704 -0.77541721]"
1749855099.4877741,"[ 0.          0.28586391  1.25635916  2.95528323 -1.81450593  0.54739402
  1.36220157  1.78078392]","[ 0.00000000e+00 -5.29903226e-05  9.35810568e-03 -2.93525959e-05
  7.12182455e-02 -1.17805105e-05 -6.96851469e-02  0.00000000e+00]","[ 0.         -0.17769071 17.94918442  1.6584878  -2.0604229  -1.02107894
 -1.08270836 -0.77183855]"
1749855099.4913044,"[ 0.          0.28586208  1.25650004  2.9552835  -1.81402496  0.54739402
  1.36191621  1.78078392]","[ 0.00000000e+00 -1.03589115e-04  2.97107224e-02 -1.10050258e-05
  6.26921145e-02  0.00000000e+00 -2.15660871e-02  0.00000000e+00]","[ 0.         -0.43439433 17.88673782  1.78627157 -1.91761601 -1.01348209
 -1.19058168 -0.79305905]"
1749855099.495353,"[ 0.          0.28586072  1.25664146  2.9552835  -1.81378794  0.54739402
  1.36188585  1.78078392]","[ 0.00000000e+00 -1.48483698e-04  3.67705481e-02 -2.11479478e-05
  5.83410544e-02  0.00000000e+00  0.00000000e+00  0.00000000e+00]","[ 0.         -0.57357252 17.48124695  1.80909646 -1.60960591 -0.99019027
 -1.11560202 -0.74454319]"
1749855099.498242,"[ 0.          0.28585932  1.25675038  2.9552835  -1.81361323  0.54739402
  1.36189717  1.78078392]","[ 0.00000000e+00 -1.79789869e-04  3.53827707e-02 -1.03556446e-05
  5.78008613e-02  0.00000000e+00  2.78240725e-03  0.00000000e+00]","[ 0.         -0.6677537  17.14976311  1.82615328 -1.36929715 -1.01371467
 -1.10633743 -0.78377712]"
1749855099.501529,"[ 0.          0.28585795  1.25685597  2.9552835  -1.81343853  0.54739402
  1.3619001   1.78078392]","[ 0.00000000e+00 -2.05504035e-04  3.45374480e-02 -1.01756122e-05
  5.66736701e-02  0.00000000e+00  2.40004520e-03  0.00000000e+00]","[ 0.         -0.69206178 16.98324776  1.82682252 -1.21559131 -1.03934062
 -1.07381999 -0.77100223]"
1749855099.505107,"[ 0.          0.28585659  1.25695371  2.9552835  -1.81328034  0.54739402
  1.36188199  1.78078485]","[ 0.00000000e+00 -2.26240362e-04  2.98414461e-02 -9.79229309e-06
  5.23989095e-02  1.06059783e-05 -1.50994238e-03  1.05819570e-05]","[ 0.         -0.70999467 16.86326408  1.79617727 -1.16354609 -1.07102561
 -1.02767575 -0.77205181]"
1749855099.5119393,"[ 0.          0.28585429  1.25705345  2.9552827  -1.81300231  0.54739402
  1.36174497  1.78078485]","[ 0.00000000e+00 -2.58532913e-04  1.24244839e-02 -2.35611267e-05
  5.46675233e-02  1.06059783e-05 -4.05146197e-02  1.05819570e-05]","[ 0.         -0.62688321 17.00271034  1.65818822 -1.30312729 -0.99422884
 -0.93335348 -0.77651936]"
1749855099.515445,"[ 0.          0.28585382  1.25708141  2.95528137 -1.81264704  0.54739499
  1.3613198   1.78078485]","[ 0.00000000e+00 -2.53019907e-04  1.08038990e-03 -4.40475856e-05
  6.37430062e-02  1.85604623e-05 -9.08194940e-02  1.05819570e-05]","[ 0.         -0.41093987 17.71728516  1.50153863 -1.8281225  -0.8991884
 -0.95536596 -0.75403214]"
1749855099.519512,"[ 0.          0.28585382  1.25708367  2.9552795  -1.812377    0.54739499
  1.36086879  1.78078485]","[ 0.00000000e+00 -2.41277535e-04  6.30227449e-04 -7.02114366e-05
  6.96851469e-02  2.91664395e-05 -1.26387300e-01  1.05820616e-05]","[ 0.         -0.3103615  18.2216301   1.43548965 -2.38874388 -0.86471277
 -0.93314224 -0.75580913]"
1749855099.5236712,"[ 0.          0.28585336  1.25709339  2.9552771  -1.81209736  0.54739592
  1.36025906  1.78078485]","[ 0.00000000e+00 -2.36735694e-04  1.67902398e-03 -1.01080536e-04
  6.91449538e-02  3.71205547e-05 -1.66510252e-01  1.05820616e-05]","[ 0.         -0.26428711 18.5742321   1.38386393 -2.76650739 -0.81008905
 -0.93259025 -0.75006628]"
1749855099.5277708,"[ 0.          0.28585289  1.25711723  2.95527577 -1.81182306  0.54739592
  1.35950472  1.78078485]","[ 0.00000000e+00 -2.31407454e-04  5.96081823e-03 -1.13836978e-04
  6.59037828e-02  3.71209245e-05 -1.97920723e-01  1.05739739e-05]","[ 0.         -0.42525044 18.56753349  1.41782069 -2.71837211 -0.77493054
 -0.86773324 -0.7315377 ]"
1749855099.5309212,"[ 0.          0.28585246  1.25714346  2.95527524 -1.81162332  0.54739592
  1.35888341  1.78078485]","[ 0.00000000e+00 -2.32595213e-04  8.91321630e-03 -1.19926196e-04
  6.61405960e-02  3.71209245e-05 -2.15267688e-01  1.05739739e-05]","[ 0.         -0.55192786 18.29875946  1.45390368 -2.53073931 -0.81568253
 -0.89405274 -0.73864597]"
1749855099.5371866,"[ 0.          0.28585106  1.25717329  2.95527524 -1.81143317  0.54739592
  1.35842015  1.78078485]","[ 0.00000000e+00 -2.49637217e-04  1.05223669e-02 -1.16665758e-04
  6.37430062e-02  3.71209245e-05 -2.28502467e-01  1.05739739e-05]","[ 0.         -0.63184434 17.85993195  1.52547753 -2.2431941  -0.85520595
 -0.92816991 -0.74839509]"
1749855099.537705,"[ 0.          0.28584787  1.25721963  2.95527497 -1.81116632  0.54739592
  1.35746514  1.78078485]","[ 0.00000000e+00 -2.94597469e-04  1.25384225e-02 -1.18648085e-04
  6.86047607e-02  3.71209245e-05 -2.36335290e-01  1.05820616e-05]","[ 0.         -0.79963976 17.08916664  1.59976351 -1.82673156 -0.90014547
 -0.90389991 -0.74846339]"
1749855099.5406694,"[ 0.          0.28584417  1.25727063  2.95527497 -1.81088509  0.54739592
  1.35654808  1.78078485]","[ 0.00000000e+00 -3.58328682e-04  1.24244839e-02 -1.15547284e-04
  7.01491195e-02  2.91664395e-05 -2.24493411e-01  1.05820616e-05]","[ 0.         -0.91395074 16.39779091  1.59127891 -1.48362267 -0.93492681
 -0.96486294 -0.75682247]"
1749855099.5449634,"[ 0.          0.28584141  1.25730325  2.95527497 -1.81068109  0.54739592
  1.35586591  1.78078485]","[ 0.00000000e+00 -3.88756858e-04  1.02637042e-02 -1.12603040e-04
  6.75243704e-02  2.91664395e-05 -2.26881884e-01  1.05819570e-05]","[ 0.         -0.92895943 16.07598495  1.61672378 -1.28665602 -0.9452436
 -0.89501697 -0.74335784]"
1749855099.5481827,"[ 0.          0.28583775  1.25733348  2.95527444 -1.81039773  0.54739592
  1.35496789  1.78078485]","[ 0.00000000e+00 -4.27484103e-04  4.82615660e-03 -1.16372882e-04
  7.17731318e-02  2.91664395e-05 -2.18238761e-01  1.05820616e-05]","[ 0.         -0.93688589 15.89800835  1.58975601 -1.15162766 -0.95180666
 -0.81044376 -0.74707657]"
1749855099.5539103,"[ 0.          0.28583545  1.25733854  2.95527311 -1.81008135  0.54739592
  1.35414404  1.78078485]","[ 0.00000000e+00 -4.81571631e-04  0.00000000e+00 -1.23012661e-04
  8.31900202e-02  2.91664395e-05 -1.95820670e-01  1.05819570e-05]","[ 0.         -0.76826948 16.03322983  1.47852373 -1.30586398 -0.94784272
 -0.86647552 -0.74198061]"
1749855099.5575783,"[ 0.          0.28583498  1.2573404   2.95527018 -1.80964193  0.54739688
  1.35323551  1.78078485]","[ 0.00000000e+00 -6.26224320e-04  3.72321299e-04 -1.48879743e-04
  8.96723623e-02  3.71209245e-05 -1.72862391e-01  1.05819570e-05]","[ 0.         -0.53165394 16.49513435  1.32123935 -1.98929453 -0.87669718
 -0.80191243 -0.73667657]"
1749855099.5620124,"[ 0.          0.28583455  1.25734773  2.95526565 -1.80929412  0.54739688
  1.35260673  1.78078485]","[ 0.00000000e+00 -5.88271284e-04  1.00296272e-03 -1.90915767e-04
  8.64311954e-02  3.71205547e-05 -1.45852644e-01  1.05979587e-05]","[ 0.         -0.41545933 16.99308586  1.24328351 -2.33062792 -0.81097913
 -0.91337335 -0.70375514]"
1749855099.5661745,"[ 0.          0.28583455  1.25736064  2.95526059 -1.80895004  0.54739688
  1.35208262  1.78078485]","[ 0.00000000e+00 -4.74412337e-04  2.03368656e-03 -3.82076231e-04
  8.58039710e-02  3.71209245e-05 -1.19531949e-01  1.05819570e-05]","[ 0.         -0.41284397 17.3114109   1.2357378  -2.38577724 -0.79700685
 -0.89784819 -0.71907842]"
1749855099.5758526,"[ 0.          0.28583362  1.25738861  2.95525607 -1.80862833  0.54739688
  1.35162123  1.78078485]","[ 0.00000000e+00 -3.79529876e-04  7.69777819e-03 -5.02509532e-04
  7.67076863e-02  3.70648338e-05 -1.11820358e-01  1.05978530e-05]","[ 0.         -0.48162338 17.56992912  1.25139916 -2.28998828 -0.84986424
 -0.91352594 -0.71084929]"
1749855099.5793865,"[ 0.          0.28582766  1.25749194  2.95525021 -1.80792685  0.54739688
  1.35051775  1.78078578]","[ 0.00000000e+00 -3.18337801e-04  1.21543863e-02 -8.27942908e-04
  6.81448536e-02  3.70368514e-05 -1.12786354e-01  1.85464284e-05]","[ 0.         -0.85101718 17.02625084  1.33408654 -1.32759964 -0.91108948
 -0.78072047 -0.71079153]"
1749855099.5832024,"[ 0.          0.28582443  1.25753282  2.95524914 -1.8077154   0.54739688
  1.35017234  1.78078578]","[ 0.00000000e+00 -3.86490505e-04  1.51254588e-02 -6.29236631e-04
  6.97136303e-02  2.91003827e-05 -1.14791431e-01  1.85604623e-05]","[ 0.         -0.94467694 16.70712662  1.41854143 -1.10781062 -0.95069754
 -0.8010245  -0.7031067 ]"
1749855099.5861468,"[ 0.          0.28581847  1.25760672  2.95524861 -1.80742139  0.54739688
  1.34969856  1.78078578]","[ 0.00000000e+00 -4.93096207e-04  2.00614760e-02 -3.97412587e-04
  7.67076863e-02  2.91226556e-05 -1.22624254e-01  1.85602774e-05]","[ 0.         -0.96773422 16.35860062  1.46699846 -1.03949142 -0.96818787
 -0.72506785 -0.70958078]"
1749855099.588891,"[ 0.          0.28581388  1.25766957  2.95524834 -1.80718064  0.54739688
  1.34930854  1.78078578]","[ 0.00000000e+00 -7.38058491e-04  2.10676037e-02 -3.14637854e-04
  8.10292395e-02  2.91003827e-05 -1.31267377e-01  1.85464284e-05]","[ 0.         -0.97842741 16.13245773  1.43534219 -1.13541496 -0.95717794
 -0.70055884 -0.71355051]"
1749855099.591805,"[ 0.          0.28580835  1.25772336  2.95524728 -1.8069271   0.54739688
  1.3488871   1.78078578]","[ 0.00000000e+00 -1.48016647e-03  1.53799571e-02 -2.65255087e-04
  8.42704147e-02  2.91003827e-05 -1.42881572e-01  1.85464284e-05]","[ 0.         -0.91986597 15.97464657  1.44076812 -1.34090531 -0.91170591
 -0.69621396 -0.68809462]"
1749855099.5958312,"[ 0.          0.28580376  1.25775546  2.95524595 -1.80665812  0.54739688
  1.3484305   1.78078578]","[ 0.00000000e+00 -1.63643200e-03  7.83282698e-03 -2.92547921e-04
  9.07781817e-02  2.91006692e-05 -1.52467221e-01  1.85464284e-05]","[ 0.         -0.80343872 16.03125954  1.41164672 -1.62306595 -0.89460713
 -0.60930407 -0.68695688]"
1749855099.5994434,"[ 0.          0.28579873  1.25776611  2.95524275 -1.80628102  0.54739785
  1.34779786  1.78078578]","[ 0.00000000e+00 -1.50461072e-03  5.40194952e-04 -3.79826784e-04
  8.96723623e-02  3.70368514e-05 -1.61244118e-01  1.85466133e-05]","[ 0.         -0.584391   16.35600471  1.34740603 -2.02827096 -0.84296274
 -0.58444548 -0.67302358]"
1749855099.6029103,"[ 0.          0.28579597  1.25776518  2.95523955 -1.80602802  0.54739785
  1.34731943  1.78078578]","[ 0.00000000e+00 -1.22334151e-03 -3.51108921e-04 -4.57902559e-04
  8.42704147e-02  3.70089097e-05 -1.60978101e-01  1.06059783e-05]","[ 0.         -0.45891279 16.64399338  1.28596258 -2.32686567 -0.77576005
 -0.59720874 -0.67033982]"
1749855099.6064088,"[ 0.          0.28579367  1.25776784  2.95523396 -1.80569459  0.54739878
  1.34668679  1.78078578]","[ 0.00000000e+00 -8.24425793e-04  3.51051055e-04 -5.82150239e-04
  8.25660831e-02  4.75833530e-05 -1.51524678e-01  1.06059783e-05]","[ 0.         -0.4010537  16.91797829  1.20487261 -2.37793136 -0.74847466
 -0.5941754  -0.68583935]"
1749855099.6099448,"[ 0.          0.28579274  1.25777064  2.95522677 -1.80544852  0.54739878
  1.34626255  1.78078578]","[ 0.00000000e+00 -5.85076336e-04  5.60541314e-04 -9.43852703e-04
  7.88684671e-02  4.76188043e-05 -1.32753312e-01  1.05979587e-05]","[ 0.         -0.31320742 16.99720764  1.21325028 -2.26544428 -0.77285564
 -0.62322491 -0.67992282]"
1749855099.6132598,"[ 0.          0.28579091  1.2577753   2.95521053 -1.80514278  0.54739878
  1.34581155  1.78078578]","[ 0.00000000e+00 -4.25552564e-04  7.34777718e-04 -3.55502903e-03
  7.40067084e-02  3.70372172e-05 -1.00476258e-01  1.06059783e-05]","[ 0.         -0.33025119 17.11776924  1.24516022 -1.9911958  -0.79449326
 -0.61728507 -0.67505223]"
1749855099.6178992,"[ 0.          0.28578771  1.25778116  2.9551807  -1.8048509   0.54739878
  1.3454644   1.78078578]","[ 0.00000000e+00 -5.29894416e-04  9.04987911e-04 -8.64311923e-03
  7.40067084e-02  3.70092754e-05 -7.88684671e-02  1.06059783e-05]","[ 0.         -0.43573049 17.0992794   1.38991725 -1.57925296 -0.86666858
 -0.60460591 -0.65352869]"
1749855099.6206734,"[ 0.          0.28578402  1.25778355  2.95514022 -1.80463146  0.54739878
  1.34525694  1.78078578]","[ 0.00000000e+00 -6.63694399e-04  1.01776856e-03 -1.53955564e-02
  7.50870946e-02  3.70368514e-05 -6.54505668e-02  1.05979587e-05]","[ 0.         -0.51604503 17.04784775  1.4941262  -1.44973171 -0.87636286
 -0.59263325 -0.66584724]"
1749855099.6247406,"[ 0.          0.28577896  1.25778448  2.95507843 -1.80439497  0.54739878
  1.34506866  1.78078578]","[ 0.00000000e+00 -8.33746272e-04  9.76972649e-04 -2.28199304e-02
  7.82489076e-02  2.91003827e-05 -6.06288804e-02  1.05979587e-05]","[ 0.         -0.5942257  16.85949135  1.67593706 -1.50782192 -0.89684045
 -0.58986533 -0.67980164]"
1749855099.6277354,"[ 0.          0.28577023  1.25778488  2.95492397 -1.80408658  0.54739878
  1.34476892  1.78078685]","[ 0.00000000e+00 -1.49298423e-03  6.95515272e-04 -3.45724769e-02
  7.67076863e-02  2.91003827e-05 -5.99616379e-02  2.11639139e-05]","[ 0.         -0.57903546 16.80195045  1.94614458 -1.69616246 -0.81960601
 -0.596457   -0.63881534]"
1749855099.6317194,"[ 0.          0.28576428  1.25778622  2.95480972 -1.80386287  0.54739878
  1.34458156  1.78078685]","[ 0.00000000e+00 -1.79884503e-03  4.82486865e-04 -3.93706464e-02
  7.28524278e-02  2.91006692e-05 -6.56336883e-02  2.11641232e-05]","[ 0.         -0.52232206 16.77356529  2.1532619  -1.8564446  -0.81895435
 -0.59494191 -0.64959526]"
1749855099.6363068,"[ 0.          0.28575832  1.25778808  2.95461637 -1.80357045  0.54739878
  1.34427717  1.78078685]","[ 0.00000000e+00 -1.68143747e-03  3.16131818e-04 -5.41659876e-02
  7.13057304e-02  2.90784288e-05 -7.77382215e-02  2.11639139e-05]","[ 0.         -0.35879138 16.84158707  2.30302095 -2.06888127 -0.85364306
 -0.57961732 -0.65808547]"
1749855099.6398952,"[ 0.          0.28575602  1.25778994  2.95432076 -1.80320986  0.54739878
  1.34388715  1.78078685]","[ 0.00000000e+00 -9.14465995e-04  2.95021748e-04 -6.26921145e-02
  7.07655415e-02  2.91003827e-05 -7.50870946e-02  2.11639139e-05]","[ 0.          0.03418495 16.85951996  2.39826965 -2.32002044 -0.84148479
 -0.62920219 -0.64995599]"
1749855099.6438386,"[ 0.          0.28575649  1.25779128  2.95413514 -1.80299894  0.54739878
  1.34366823  1.78078685]","[ 0.00000000e+00 -5.01481361e-04  3.45744173e-04 -6.23925172e-02
  6.96851469e-02  2.90784288e-05 -7.42768028e-02  2.11799045e-05]","[ 0.          0.17274721 16.87635422  2.36996913 -2.42988014 -0.82126558
 -0.63707083 -0.63380235]"
1749855099.64717,"[ 0.          0.28575649  1.25779221  2.95394126 -1.80280613  0.54739975
  1.34343907  1.78078685]","[ 0.00000000e+00 -8.77675914e-05  3.49860337e-04 -6.10420282e-02
  6.05018351e-02  3.70368514e-05 -7.50870946e-02  2.11639139e-05]","[ 0.          0.39070979 16.88150406  2.32084179 -2.37744117 -0.78901857
 -0.58618689 -0.61909509]"
1749855099.6521535,"[ 0.          0.28575649  1.25779447  2.95370398 -1.8025771   0.54739975
  1.34315265  1.78078685]","[ 0.00000000e+00  0.00000000e+00  4.03027169e-04 -5.67204709e-02
  5.55837048e-02  3.70092754e-05 -6.96851469e-02  2.11639139e-05]","[ 0.          0.60181254 16.83448982  2.24285674 -2.08986664 -0.80594188
 -0.58973688 -0.62773514]"
1749855099.6555998,"[ 0.          0.28575692  1.257795    2.95342062 -1.80229214  0.54739975
  1.34278646  1.78078685]","[ 0.00000000e+00  5.29210006e-05  3.59566961e-04 -5.58535288e-02
  5.94214448e-02  3.70089097e-05 -7.52305391e-02  2.11479478e-05]","[ 0.          0.78675532 16.69396591  2.11175323 -1.88424718 -0.8701213
 -0.45343578 -0.64229137]"
1749855099.659086,"[ 0.          0.28575738  1.257795    2.95321688 -1.8020402   0.54739975
  1.34248872  1.78078685]","[ 0.00000000e+00  7.80162021e-05  3.10828610e-04 -4.72670564e-02
  6.32028089e-02  2.91003827e-05 -7.50870946e-02  2.11479478e-05]","[ 0.          0.86413759 16.42448425  2.07920837 -1.92584038 -0.80968934
 -0.45818856 -0.63381582]"
1749855099.6626902,"[ 0.          0.28575738  1.257795    2.95308399 -1.80184526  0.54739975
  1.34226315  1.78078685]","[ 0.00000000e+00  4.42508053e-05  2.74977917e-04 -4.05146197e-02
  6.46373997e-02  2.90787152e-05 -7.45469056e-02  2.11639139e-05]","[ 0.          0.91901189 16.26768112  2.10125637 -2.0299201  -0.76869303
 -0.4825986  -0.62273252]"
1749855099.666351,"[ 0.          0.28575738  1.25779447  2.95298945 -1.80159599  0.54740068
  1.34197779  1.78078685]","[ 0.00000000e+00  3.98915695e-05  1.83318606e-04 -2.61994548e-02
  6.11875034e-02  3.70368514e-05 -6.74559521e-02  2.11639139e-05]","[ 0.          0.80765653 16.03968811  2.10536242 -2.20636892 -0.76420748
 -0.43349802 -0.62769902]"
1749855099.6699178,"[ 0.          0.28575692  1.25779447  2.95293885 -1.80141276  0.54740068
  1.34179324  1.78078685]","[ 0.00000000e+00  2.52564009e-05  1.55414305e-04 -1.32347767e-02
  6.21224186e-02  3.70928568e-05 -5.61802737e-02  2.11639139e-05]","[ 0.          0.67285502 15.89598846  2.04866123 -2.24293232 -0.76967442
 -0.48098102 -0.61811233]"
1749855099.6733081,"[ 0.          0.28575692  1.25779367  2.95291888 -1.80115976  0.54740164
  1.34163251  1.78078778]","[ 0.00000000e+00  2.30956648e-05  7.95844502e-05 -8.09471454e-04
  6.42831993e-02  4.76908124e-05 -3.07911127e-02  2.91003827e-05]","[ 0.          0.45974952 15.70657539  1.92520416 -2.31372595 -0.72768015
 -0.51495641 -0.60168266]"
1749855099.6814306,"[ 0.          0.28575649  1.25779367  2.95292527 -1.80091049  0.54740258
  1.34155541  1.78078778]","[ 0.00000000e+00 -2.04104928e-05  1.76860213e-05  1.58994696e-03
  5.99616379e-02  5.56392812e-05 -1.24244839e-02  2.91006692e-05]","[ 0.          0.20869049 15.50631714  1.76524365 -2.42165756 -0.66524798
 -0.49043286 -0.60752791]"
1749855099.6842742,"[ 0.          0.28575602  1.25779314  2.95291595 -1.80054351  0.54740451
  1.34154876  1.78078778]","[ 0.00000000e+00 -2.74269913e-05 -3.90069591e-05 -1.32119968e-03
  4.48361812e-02  7.68351964e-05  1.65578283e-03  2.11639139e-05]","[ 0.         -0.18576175 15.37167168  1.53833449 -2.1433115  -0.63659257
 -0.43247893 -0.57642037]"
1749855099.689768,"[ 0.          0.28575555  1.25779314  2.95291328 -1.80037626  0.54740451
  1.34154503  1.78078778]","[ 0.00000000e+00 -5.97906485e-05 -5.15175135e-05 -1.12095831e-03
  3.94342335e-02  7.68351964e-05 -5.31887593e-04  2.11641232e-05]","[ 0.         -0.33180621 15.37767315  1.39444292 -1.82967818 -0.65165514
 -0.38499811 -0.59218121]"
1749855099.6941247,"[ 0.          0.28575462  1.25779221  2.95291009 -1.80023405  0.54740451
  1.3415421   1.78078778]","[ 0.00000000e+00 -8.03318388e-05 -6.97929933e-05 -7.67056518e-04
  3.29518914e-02  7.68351964e-05 -8.27994338e-04  2.11639139e-05]","[ 0.         -0.4116388  15.28453159  1.31055498 -1.61934555 -0.65591383
 -0.42548469 -0.59046471]"
1749855099.6977918,"[ 0.          0.28575419  1.25779221  2.95290077 -1.80004283  0.54740544
  1.34154303  1.78078871]","[ 0.00000000e+00 -8.59731354e-05 -6.46508159e-05 -1.08157675e-03
  3.29518914e-02  7.42418490e-05 -2.12755037e-04  2.91003827e-05]","[ 0.         -0.4912414  15.29872417  1.28682816 -1.56170583 -0.63173425
 -0.38909259 -0.56891477]"
1749855099.70133,"[ 0.          0.28575372  1.25779274  2.95289491 -1.79994483  0.54740544
  1.3415421   1.78078871]","[ 0.00000000e+00 -9.75159736e-05 -4.92710362e-05 -1.40832406e-03
  3.13313079e-02  7.41857136e-05 -1.05576254e-04  2.91006692e-05]","[ 0.         -0.51115578 15.36617279  1.28559637 -1.66951144 -0.61640376
 -0.44109523 -0.57078421]"
1749855099.7047684,"[ 0.          0.28575326  1.25779274  2.95288905 -1.79985961  0.5474064
  1.3415421   1.78078871]","[ 0.00000000e+00 -1.05980645e-04 -4.81736729e-05 -1.85843092e-03
  2.70097486e-02  7.68933393e-05  0.00000000e+00  2.91223691e-05]","[ 0.         -0.54779595 15.54438019  1.33075023 -1.79708433 -0.58200717
 -0.46465749 -0.58208448]"
1749855099.7083528,"[ 0.          0.28575279  1.25779274  2.95288106 -1.79975734  0.54740734
  1.3415421   1.78078871]","[ 0.00000000e+00 -1.07339704e-04 -4.60406043e-05 -1.95406675e-03
  2.50532552e-02  8.47836692e-05  0.00000000e+00  2.91226556e-05]","[ 0.         -0.59868675 15.7746973   1.37628818 -2.01932883 -0.53894502
 -0.45734599 -0.5630638 ]"
1749855099.7130473,"[ 0.          0.28575189  1.25779274  2.95287387 -1.79965135  0.5474083
  1.34154117  1.78078871]","[ 0.00000000e+00 -1.23695364e-04 -4.41578693e-05 -1.88782712e-03
  2.59030865e-02  9.53816248e-05 -5.89978078e-05  2.91003827e-05]","[ 0.         -0.65118766 15.92619705  1.44958937 -2.32029796 -0.51937604
 -0.48675847 -0.56743431]"
1749855099.7166433,"[ 0.          0.28575096  1.25779314  2.95286828 -1.79955867  0.54740923
  1.34154117  1.78078871]","[ 0.00000000e+00 -1.32685369e-04 -2.64754058e-05 -1.62261958e-03
  2.05630137e-02  1.03408291e-04 -9.79051910e-05  2.91223691e-05]","[ 0.         -0.66862118 16.08606148  1.51752865 -2.49492764 -0.49100533
 -0.48620546 -0.55128717]"
1749855099.7194197,"[ 0.          0.28575003  1.25779367  2.95286561 -1.79950913  0.54740923
  1.34154023  1.78078871]","[ 0.00000000e+00 -1.40638962e-04 -1.56026309e-05 -1.29795176e-03
  1.45445703e-02  1.03408291e-04 -1.26276008e-04  2.91003827e-05]","[ 0.         -0.6728434  16.25730515  1.55118167 -2.40843463 -0.48732808
 -0.49659577 -0.55339795]"
1749855099.7234573,"[ 0.          0.28574866  1.25779367  2.95286268 -1.79945907  0.54740923
  1.34154023  1.78078871]","[ 0.00000000e+00 -1.61224040e-04 -1.50237562e-05 -8.85065178e-04
  1.15353491e-02  1.03408291e-04 -8.44490511e-05  2.91003827e-05]","[ 0.         -0.73620695 16.39832115  1.58023882 -2.19817185 -0.50252581
 -0.51025689 -0.56269568]"
1749855099.7325892,"[ 0.          0.28574683  1.25779314  2.95286002 -1.79941166  0.54740923
  1.34154023  1.78078964]","[ 0.00000000e+00 -1.83243932e-04 -1.92626751e-05 -7.18048242e-04
  1.29646791e-02  1.03408291e-04 -7.72762744e-05  3.71209245e-05]","[ 0.         -0.72720307 16.37778091  1.5860765  -2.10324168 -0.55180597
 -0.49268672 -0.56371713]"
1749855099.7374084,"[ 0.          0.285745    1.25779367  2.95284937 -1.7992817   0.54741116
  1.34154023  1.78078964]","[ 0.00000000e+00 -1.98964450e-04  0.00000000e+00 -9.88213256e-04
  1.85568669e-02  1.21968747e-04 -6.86432290e-05  2.64948971e-05]","[ 0.         -0.52559471 16.44150352  1.51148415 -2.25021291 -0.49756756
 -0.50108242 -0.55076665]"
1749855099.739784,"[ 0.          0.28574453  1.25779367  2.95284298 -1.79920607  0.54741116
  1.3415393   1.78078964]","[ 0.00000000e+00 -1.95513979e-04  0.00000000e+00 -1.34733104e-03
  1.78264326e-02  1.21968747e-04 -6.39941242e-05  2.64946330e-05]","[ 0.         -0.49057931 16.53654861  1.55594194 -2.35643268 -0.46693575
 -0.50238556 -0.56935257]"
1749855099.7436514,"[ 0.          0.28574453  1.25779367  2.95283579 -1.79915067  0.54741116
  1.3415393   1.78078964]","[ 0.00000000e+00 -1.81001344e-04  0.00000000e+00 -1.67544588e-03
  1.24370975e-02  1.21968747e-04 -5.97906485e-05  2.64948971e-05]","[ 0.         -0.46994492 16.52512169  1.56024742 -2.442734   -0.48471746
 -0.53281677 -0.52233469]"
1749855099.7471242,"[ 0.          0.28574453  1.25779367  2.9528278  -1.79910487  0.5474121
  1.3415393   1.78078964]","[ 0.00000000e+00 -1.75323303e-04  0.00000000e+00 -1.83501214e-03
  1.10338124e-02  1.21784452e-04 -5.62339817e-05  2.65149452e-05]","[ 0.         -0.42273679 16.39400864  1.61208475 -2.46377516 -0.4440695
 -0.50453216 -0.54011273]"
1749855099.7500443,"[ 0.          0.28574453  1.25779274  2.9528214  -1.79907291  0.5474121
  1.3415393   1.78078964]","[ 0.00000000e+00 -1.72716058e-04 -1.44914217e-05 -1.97642651e-03
  1.07929524e-02  1.21784452e-04 -5.44868431e-05  2.64948971e-05]","[ 0.         -0.41287044 16.22019196  1.56797981 -2.40517497 -0.44420654
 -0.49355838 -0.54373181]"
1749855099.7552335,"[ 0.          0.28574453  1.25779274  2.95281501 -1.79903669  0.5474121
  1.3415393   1.78078964]","[ 0.00000000e+00 -1.67540969e-04 -1.41128276e-05 -2.13989090e-03
  1.29646791e-02  1.21692507e-04 -3.02640548e-05  2.64951613e-05]","[ 0.         -0.34829772 16.0870266   1.60520077 -2.31801939 -0.48448014
 -0.48835069 -0.54737931]"
1749855099.758618,"[ 0.          0.28574407  1.25779274  2.95280356 -1.79895253  0.5474121
  1.34154023  1.78079057]","[ 0.00000000e+00 -1.62842775e-04 -6.95851055e-06 -2.18941646e-03
  1.94470181e-02  1.21693710e-04  0.00000000e+00  3.70928568e-05]","[ 0.         -0.27518606 15.98012829  1.6330893  -2.18055105 -0.5023948
 -0.45719272 -0.53449488]"
1749855099.7616365,"[ 0.          0.28574407  1.25779274  2.95279664 -1.79886305  0.54741306
  1.34154023  1.78079057]","[ 0.00000000e+00 -1.52956619e-04 -6.86992578e-06 -1.95382371e-03
  2.26652007e-02  1.32274460e-04  0.00000000e+00  3.70928568e-05]","[ 0.         -0.20556878 15.9742384   1.69062245 -2.21104884 -0.50451601
 -0.44734603 -0.53403944]"
1749855099.764897,"[ 0.          0.28574453  1.25779274  2.95279291 -1.79879434  0.54741306
  1.34154023  1.78079057]","[ 0.00000000e+00 -1.39833252e-04 -6.78374111e-06 -1.58974918e-03
  2.25691605e-02  1.32374402e-04  0.00000000e+00  3.70928568e-05]","[ 0.         -0.14753179 16.0744381   1.68736625 -2.27170062 -0.47686502
 -0.46318847 -0.52813023]"
1749855099.7683618,"[ 0.          0.28574453  1.25779274  2.95279104 -1.79873415  0.54741306
  1.34154023  1.78079057]","[ 0.00000000e+00 -1.30557775e-04 -6.61745355e-06 -1.09281671e-03
  1.89068230e-02  1.21784452e-04  0.00000000e+00  3.71209245e-05]","[ 0.         -0.04944908 16.16229439  1.73255646 -2.32224083 -0.45486724
 -0.44107208 -0.53510565]"
1749855099.7724686,"[ 0.          0.285745    1.25779274  2.95278971 -1.79866704  0.54741399
  1.34154117  1.78079057]","[ 0.00000000e+00 -1.20079941e-04  0.00000000e+00 -5.29916392e-04
  1.56656540e-02  1.32274460e-04  2.03808159e-05  2.65149452e-05]","[ 0.          0.0656507  16.23805428  1.7698648  -2.38597226 -0.44488412
 -0.43055978 -0.50771451]"
1749855099.7753775,"[ 0.          0.285745    1.25779314  2.95278891 -1.79861911  0.54741399
  1.34154117  1.78079057]","[ 0.00000000e+00 -1.18530052e-04  6.29700541e-06 -3.31156572e-04
  1.56656540e-02  1.21692507e-04  2.00030884e-05  2.65149452e-05]","[ 0.          0.16102587 16.28491211  1.81080067 -2.42544675 -0.45218807
 -0.46108958 -0.52366662]"
1749855099.7787685,"[ 0.          0.285745    1.25779274  2.95278838 -1.79857543  0.54741399
  1.34154117  1.78079151]","[ 0.00000000e+00 -1.15547284e-04  6.22444772e-06 -2.63302758e-04
  1.30399602e-02  1.13756038e-04  1.96123512e-05  3.70928568e-05]","[ 0.          0.26482043 16.32360268  1.8152405  -2.44050455 -0.44873634
 -0.45130062 -0.52277911]"
1749855099.782293,"[ 0.          0.28574547  1.25779274  2.95278705 -1.79853655  0.54741496
  1.34154117  1.78079151]","[ 0.00000000e+00 -1.03943288e-04  6.07888838e-06 -2.63940639e-04
  7.52305401e-03  1.03174077e-04  1.89249138e-05  3.71209245e-05]","[ 0.          0.38910705 16.32040977  1.83393347 -2.45586514 -0.45745662
 -0.43678567 -0.53882354]"
1749855099.7857091,"[ 0.          0.2857459   1.25779274  2.95278652 -1.79852589  0.54741496
  1.3415421   1.78079151]","[ 0.00000000e+00 -8.72606415e-05  6.01640350e-06 -2.20807653e-04
  2.70097486e-03  1.03253051e-04  3.19559236e-05  3.71209245e-05]","[ 0.          0.44867986 16.28564644  1.89140785 -2.34572268 -0.44700059
 -0.41236609 -0.51678044]"
1749855099.7904184,"[ 0.          0.2857459   1.25779274  2.95278652 -1.79852803  0.54741496
  1.3415421   1.78079151]","[ 0.00000000e+00 -7.95606778e-05  5.87544067e-06 -1.83694430e-04
 -8.09881722e-04  1.03253051e-04  3.14645680e-05  3.71209245e-05]","[ 0.          0.50671357 16.19705009  1.9604733  -2.16177368 -0.46604371
 -0.40765646 -0.53187209]"
1749855099.7932029,"[ 0.          0.28574637  1.25779221  2.95278652 -1.79852589  0.54741496
  1.3415421   1.78079151]","[ 0.00000000e+00 -6.87706817e-05  0.00000000e+00 -1.24115368e-04
  5.10673265e-04  1.03252035e-04  3.04137824e-05  3.71209245e-05]","[ 0.          0.56902522 16.05220985  2.01712418 -2.17175293 -0.51204306
 -0.39984569 -0.50697827]"
1749855099.7968156,"[ 0.          0.28574637  1.25779181  2.95278652 -1.79852696  0.54741496
  1.34154303  1.78079151]","[ 0.00000000e+00 -6.14190226e-05 -5.51544701e-06 -5.29245075e-05
  0.00000000e+00  9.52376087e-05  4.20428311e-05  3.70928568e-05]","[ 0.          0.61540186 15.90376091  2.07659125 -2.16940212 -0.49979758
 -0.39408776 -0.52147502]"
1749855099.7995336,"[ 0.          0.28574637  1.25779181  2.95278652 -1.79852643  0.54741496
  1.34154303  1.78079151]","[ 0.00000000e+00 -5.11095910e-05 -1.08017076e-05  0.00000000e+00
  0.00000000e+00  9.52376087e-05  4.13977858e-05  2.65149452e-05]","[ 0.          0.64124584 15.85762882  2.14628243 -2.25602102 -0.49645194
 -0.37673172 -0.51540059]"
1749855099.803439,"[ 0.          0.28574683  1.25779181  2.95278652 -1.79852749  0.54741592
  1.34154396  1.78079151]","[ 0.00000000e+00 -3.19431109e-05 -1.06948892e-05  0.00000000e+00
 -9.61777205e-05  9.52376087e-05  5.62331324e-05  2.65152094e-05]","[ 0.          0.64326674 15.85340023  2.13330698 -2.34557295 -0.47852767
 -0.38838944 -0.53014785]"
1749855099.8062103,"[ 0.          0.28574683  1.25779128  2.95278705 -1.79852696  0.54741592
  1.34154396  1.78079151]","[ 0.00000000e+00 -2.83872000e-05 -1.58729355e-05  2.40444301e-05
 -4.41615307e-05  9.52376087e-05  7.11599439e-05  2.65149452e-05]","[ 0.          0.59728211 15.89574814  2.16523886 -2.40016842 -0.47893679
 -0.37996346 -0.53621888]"
1749855099.8103752,"[ 0.          0.28574683  1.25779181  2.95278705 -1.79852749  0.54741592
  1.34154503  1.78079244]","[ 0.00000000e+00 -6.31402504e-06 -1.05899522e-05  2.30956648e-05
 -3.79529876e-05  8.47204549e-05  8.58140512e-05  3.70648338e-05]","[ 0.          0.56112111 15.9457159   2.1854322  -2.47325516 -0.46799099
 -0.36628628 -0.51398498]"
1749855099.8129036,"[ 0.          0.28574683  1.25779181  2.95278652 -1.79852749  0.54741686
  1.34154503  1.78079244]","[ 0.00000000e+00  0.00000000e+00 -1.05899522e-05  0.00000000e+00
 -3.52806670e-05  8.47196178e-05  8.33149076e-05  3.70648338e-05]","[ 0.          0.56854051 16.064888    2.12106752 -2.4877162  -0.44366345
 -0.36900011 -0.49221545]"
1749855099.815842,"[ 0.          0.2857473   1.25779181  2.95278652 -1.79852803  0.54741686
  1.34154596  1.78079244]","[ 0.00000000e+00  5.88037091e-06 -1.32274462e-05  0.00000000e+00
 -9.93531467e-05  7.67199429e-05  9.19968306e-05  3.70372172e-05]","[ 0.          0.5438844  16.13260841  2.12656307 -2.55587792 -0.41621801
 -0.34747222 -0.50334364]"
1749855099.819871,"[ 0.          0.2857473   1.25779181  2.95278652 -1.79852749  0.54741782
  1.34154503  1.78079244]","[ 0.00000000e+00  1.16243217e-05 -1.85184257e-05  0.00000000e+00
 -5.90010750e-05  8.46556558e-05  7.98679719e-05  3.70368514e-05]","[ 0.          0.5066759  16.18673515  2.05801511 -2.5318625  -0.41828033
 -0.33415991 -0.50641936]"
1749855099.822859,"[ 0.          0.2857473   1.25779181  2.95278652 -1.79852696  0.54741782
  1.3415421   1.78079244]","[ 0.00000000e+00  1.40760535e-05 -1.85186086e-05  0.00000000e+00
  0.00000000e+00  8.46556558e-05  3.63041164e-05  3.70651995e-05]","[ 0.          0.3967976  16.31299019  1.99057019 -2.46294451 -0.40874496
 -0.33001152 -0.50506735]"
1749855099.8257244,"[ 0.          0.28574683  1.25779181  2.95278652 -1.79852696  0.54741875
  1.34154303  1.7807935 ]","[ 0.00000000e+00  1.39308518e-05 -1.85324169e-05  0.00000000e+00
  0.00000000e+00  9.52376087e-05  4.94446805e-05  4.76547840e-05]","[ 0.          0.35508093 16.41583633  1.98164749 -2.41823435 -0.4000288
 -0.35047498 -0.50521016]"
1749855099.8292007,"[ 0.          0.2857473   1.25779221  2.95278652 -1.79852696  0.54741875
  1.34154303  1.7807935 ]","[ 0.00000000e+00  1.93040656e-05 -1.05899522e-05  0.00000000e+00
  0.00000000e+00  9.52376087e-05  4.88550961e-05  3.70372172e-05]","[ 0.          0.31628495 16.45148468  1.96347451 -2.43327022 -0.39240533
 -0.33181387 -0.50292248]"
1749855099.8326654,"[ 0.          0.2857473   1.25779181  2.95278652 -1.79852696  0.54741972
  1.34154303  1.7807935 ]","[ 0.00000000e+00  2.45492852e-05 -1.32274462e-05  0.00000000e+00
  0.00000000e+00  9.52376087e-05  3.44175494e-05  3.70648338e-05]","[ 0.          0.29171374 16.47552872  1.93342257 -2.4558022  -0.38322476
 -0.34268025 -0.49741632]"
1749855099.836086,"[ 0.          0.2857473   1.25779181  2.95278598 -1.79852749  0.54741972
  1.34154303  1.7807935 ]","[ 0.00000000e+00  2.40816350e-05 -1.85186086e-05 -1.05739739e-05
  0.00000000e+00  8.46556558e-05  3.35622056e-05  3.70368514e-05]","[ 0.          0.22896942 16.44128609  1.93894148 -2.53320146 -0.34612608
 -0.34443974 -0.4872711 ]"
1749855099.8395162,"[ 0.          0.2857473   1.25779181  2.95278598 -1.79852749  0.54742065
  1.34154303  1.7807935 ]","[ 0.00000000e+00  2.38273920e-05 -1.85324169e-05 -1.04017539e-05
  0.00000000e+00  9.52385514e-05  3.31185391e-05  3.70648338e-05]","[ 0.          0.21731041 16.38732719  1.92355919 -2.58811665 -0.33725709
 -0.33702758 -0.50297624]"
1749855099.8435578,"[ 0.          0.2857473   1.25779181  2.95278652 -1.79852803  0.54742065
  1.34154303  1.78079444]","[ 0.00000000e+00  2.64748795e-05 -1.85462435e-05  0.00000000e+00
 -1.36069952e-05  9.52376087e-05  3.23258001e-05  4.76547840e-05]","[ 0.          0.21775262 16.34772873  1.956797   -2.6190629  -0.33767703
 -0.38323167 -0.49452305]"
1749855099.8471324,"[ 0.          0.2857473   1.25779181  2.95278652 -1.79852803  0.54742162
  1.34154303  1.78079444]","[ 0.00000000e+00  2.64748795e-05 -1.85604623e-05  0.00000000e+00
 -2.64945009e-05  9.53816248e-05  3.15413346e-05  4.76547840e-05]","[ 0.          0.19166227 16.28468895  1.95943475 -2.64705658 -0.34465954
 -0.35476798 -0.48103341]"
1749855099.854294,"[ 0.          0.2857473   1.25779128  2.95278652 -1.79852803  0.54742162
  1.34154303  1.78079444]","[ 0.00000000e+00  2.64748795e-05 -1.59089679e-05  0.00000000e+00
 -1.26282004e-05  9.53806739e-05  3.08214855e-05  4.76547840e-05]","[ 0.          0.19661534 16.1591053   1.93517005 -2.62398005 -0.34502301
 -0.36602995 -0.48649719]"
1749855099.8571708,"[ 0.          0.28574776  1.25779088  2.95278598 -1.79852749  0.54742162
  1.34154303  1.78079537]","[ 0.00000000e+00  3.70648338e-05 -1.85464284e-05 -8.26016883e-06
  0.00000000e+00  9.53816248e-05  2.97254348e-05  5.82007654e-05]","[ 0.          0.18663621 16.13331223  1.89135385 -2.4119463  -0.39179528
 -0.37131572 -0.46524024]"
1749855099.8607607,"[ 0.          0.28574776  1.25779088  2.95278598 -1.79852696  0.54742162
  1.34154396  1.78079537]","[ 0.00000000e+00  3.70648338e-05 -1.85604623e-05 -8.01505132e-06
  1.10396959e-05  8.47836692e-05  2.90852415e-05  4.76188043e-05]","[ 0.          0.17424347 16.15032768  1.82764935 -2.26245761 -0.44175786
 -0.3137078  -0.48494169]"
1749855099.8641982,"[ 0.          0.28574776  1.25779088  2.95278572 -1.79852696  0.54742162
  1.34154396  1.78079537]","[ 0.00000000e+00  3.17698567e-05 -1.85604623e-05 -1.18334671e-05
  1.08351078e-05  8.47836692e-05  2.87517652e-05  4.76188043e-05]","[ 0.          0.15318123 16.13199043  1.80844724 -2.12755322 -0.42107314
 -0.33755288 -0.48627645]"
1749855099.8677435,"[ 0.          0.28574776  1.25779088  2.95278598 -1.79852696  0.54742162
  1.34154396  1.78079537]","[ 0.00000000e+00  3.17698567e-05 -1.85604623e-05 -7.65661201e-06
  2.08035078e-05  8.47836692e-05  2.84486242e-05  4.76547840e-05]","[ 0.          0.16713062 16.12909508  1.8013953  -2.07734203 -0.38720167
 -0.31835771 -0.45871383]"
1749855099.8717747,"[ 0.          0.28574776  1.25779088  2.95278572 -1.79852749  0.54742162
  1.34154396  1.7807963 ]","[ 0.00000000e+00  3.17698567e-05 -1.85604623e-05 -1.13244082e-05
  0.00000000e+00  7.68351964e-05  2.81521070e-05  5.82453112e-05]","[ 0.          0.15858673 16.17723083  1.79553163 -2.13796687 -0.38860899
 -0.30601272 -0.47259384]"
1749855099.8756423,"[ 0.          0.28574776  1.25779088  2.95278572 -1.79852749  0.54742162
  1.34154396  1.7807963 ]","[ 0.00000000e+00  2.64748795e-05 -2.12117453e-05 -1.10164822e-05
  0.00000000e+00  7.68351964e-05  2.75555473e-05  5.82447383e-05]","[ 0.          0.06057661 16.27165222  1.84433854 -2.18425012 -0.42698464
 -0.36463514 -0.48102039]"
1749855099.878535,"[ 0.          0.28574776  1.25779088  2.95278572 -1.79852749  0.54742162
  1.34154396  1.7807963 ]","[ 0.00000000e+00  2.64748795e-05 -1.85604623e-05 -1.08685660e-05
  0.00000000e+00  7.68359685e-05  2.72769833e-05  4.76547840e-05]","[ 0.          0.05483796 16.31402016  1.85157883 -2.21652031 -0.41365784
 -0.35785341 -0.47388503]"
1749855099.882101,"[ 0.          0.28574776  1.25779088  2.95278572 -1.79852749  0.54742258
  1.34154396  1.7807963 ]","[ 0.00000000e+00  2.38094022e-05 -1.85604623e-05 -1.76410345e-05
  0.00000000e+00  7.68351964e-05  2.67372234e-05  4.76188043e-05]","[ 0.          0.04435791 16.23730087  1.90631425 -2.29317093 -0.40160877
 -0.35325617 -0.46829641]"
1749855099.8855019,"[ 0.          0.28574776  1.25779034  2.95278598 -1.79852803  0.54742258
  1.34154396  1.7807963 ]","[ 0.00000000e+00  1.85324169e-05 -2.38454062e-05 -1.39170211e-05
 -8.03330478e-06  7.68351964e-05  1.85184257e-05  4.76192757e-05]","[ 0.00000000e+00  9.31637920e-03  1.61825943e+01  1.88588309e+00
 -2.36075854e+00 -4.01875108e-01 -3.59436333e-01 -4.67760473e-01]"
1749855099.888446,"[ 0.          0.28574776  1.25779034  2.95278572 -1.79852803  0.54742258
  1.34154503  1.7807963 ]","[ 0.00000000e+00  1.85324169e-05 -2.38634509e-05 -1.69429534e-05
 -1.58311824e-05  7.68351964e-05  2.91003827e-05  4.76188043e-05]","[ 0.         -0.02118604 16.14928627  1.88351762 -2.33469605 -0.38902071
 -0.35881093 -0.4818188 ]"
1749855099.8925884,"[ 0.          0.28574776  1.25779034  2.95278572 -1.79852749  0.54742258
  1.34154503  1.7807963 ]","[ 0.00000000e+00  1.85322320e-05 -1.85604623e-05 -1.00398138e-05
 -7.69021849e-06  7.68351964e-05  2.91003827e-05  4.76552554e-05]","[ 0.         -0.03458045 16.09244347  1.84806013 -2.2158556  -0.41370541
 -0.35859638 -0.47619519]"
1749855099.8966389,"[ 0.          0.28574776  1.25778994  2.95278572 -1.79852749  0.54742258
  1.34154503  1.78079723]","[ 0.00000000e+00  1.32374398e-05 -1.85604623e-05 -9.79691653e-06
 -7.57408260e-06  7.68351964e-05  2.11639139e-05  5.82453112e-05]","[ 0.         -0.04444102 15.98873711  1.81536222 -2.06701469 -0.42789853
 -0.34785065 -0.47978345]"
1749855099.9006872,"[ 0.          0.28574776  1.25778901  2.95278572 -1.79852696  0.54742258
  1.34154503  1.78079723]","[ 0.00000000e+00  1.32473165e-05 -2.65149452e-05 -9.67988105e-06
  0.00000000e+00  7.68351964e-05  2.11799045e-05  5.82007654e-05]","[ 0.         -0.03844389 15.87820625  1.76499212 -2.00039887 -0.41700903
 -0.34361506 -0.48570105]"
1749855099.9041517,"[ 0.          0.2857482   1.25778861  2.95278518 -1.79852696  0.54742351
  1.34154503  1.78079723]","[ 0.00000000e+00  1.32375708e-05 -3.18179359e-05 -1.55473102e-05
  0.00000000e+00  7.41864532e-05  1.05819570e-05  5.82001802e-05]","[ 0.00000000e+00  1.06016584e-02  1.57988758e+01  1.68210089e+00
 -1.91555476e+00 -3.81492764e-01 -3.33197594e-01 -4.91587192e-01]"
1749855099.9076564,"[ 0.          0.2857482   1.25778808  2.95278518 -1.79852749  0.54742351
  1.34154596  1.78079723]","[ 0.00000000e+00  1.32474486e-05 -3.18179359e-05 -1.52105881e-05
 -6.62997420e-06  7.41857136e-05  2.11801137e-05  5.82007654e-05]","[ 0.00000000e+00 -1.75083405e-04  1.57480621e+01  1.63694298e+00
 -1.90242565e+00 -3.94645125e-01 -3.51128340e-01 -4.65053439e-01]"
1749855099.911618,"[ 0.          0.2857482   1.25778808  2.95278465 -1.79852749  0.54742351
  1.34154596  1.78079723]","[ 0.00000000e+00  1.32374398e-05 -3.71205547e-05 -2.08078031e-05
 -6.38869888e-06  6.62372408e-05  1.05899522e-05  4.76908124e-05]","[ 0.         -0.02403292 15.74912548  1.63632131 -1.93883014 -0.41069496
 -0.29874024 -0.47076261]"
1749855099.9200444,"[ 0.          0.2857482   1.25778808  2.95278465 -1.79852749  0.54742351
  1.34154689  1.78079723]","[ 0.00000000e+00  1.32374398e-05 -3.71209245e-05 -2.05812987e-05
 -6.23545110e-06  6.61372301e-05  1.85324169e-05  4.76908124e-05]","[ 0.         -0.06381293 15.76122952  1.64553833 -2.02108335 -0.38756761
 -0.31060401 -0.4925856 ]"
1749855099.9241247,"[ 0.          0.2857482   1.25778768  2.95278465 -1.79852803  0.54742448
  1.34154689  1.78079816]","[ 0.00000000e+00  7.95448397e-06 -4.24560364e-05 -1.97064737e-05
 -6.02157298e-06  6.61378843e-05  4.76547840e-05  5.82887721e-05]","[ 0.         -0.04401658 15.8417387   1.70066249 -2.15795827 -0.36170945
 -0.33565784 -0.47243145]"
1749855099.9280746,"[ 0.          0.2857482   1.25778768  2.95278465 -1.79852803  0.54742448
  1.34154689  1.78079816]","[ 0.00000000e+00  1.32574726e-05 -4.24560364e-05 -1.92888837e-05
 -5.89025526e-06  5.82007654e-05  3.70651995e-05  4.77273772e-05]","[ 0.         -0.04185558 15.95995426  1.75776196 -2.18885446 -0.39829788
 -0.3459228  -0.49960962]"
1749855099.9321663,"[ 0.          0.28574866  1.25778808  2.95278465 -1.79852749  0.54742448
  1.34154689  1.78079816]","[ 0.00000000e+00  1.85604623e-05 -3.70651995e-05 -1.89031813e-05
  0.00000000e+00  5.82013384e-05  3.70368514e-05  4.77269018e-05]","[ 0.00000000e+00  8.64830986e-03  1.60206432e+01  1.80456269e+00
 -2.10247064e+00 -4.04283464e-01 -3.33129764e-01 -4.69470114e-01]"
1749855099.9351285,"[ 0.          0.28574866  1.25778808  2.95278465 -1.79852749  0.54742448
  1.34154689  1.78079816]","[ 0.00000000e+00  1.32576047e-05 -3.70648338e-05 -1.85184257e-05
  0.00000000e+00  4.75828816e-05  3.70648338e-05  4.77269018e-05]","[ 0.          0.09014066 16.03624725  1.84252477 -1.9712944  -0.41756365
 -0.35398179 -0.47229967]"
1749855099.9385927,"[ 0.          0.28574866  1.25778768  2.95278465 -1.79852749  0.54742448
  1.34154782  1.78079816]","[ 0.00000000e+00  1.32574726e-05 -4.23598089e-05 -1.32274462e-05
  0.00000000e+00  4.76188043e-05  4.76188043e-05  4.77269018e-05]","[ 0.          0.14739899 16.07063675  1.85132754 -1.93204677 -0.39602295
 -0.33649606 -0.4606809 ]"
1749855099.9421527,"[ 0.          0.28574913  1.25778768  2.95278465 -1.79852749  0.54742448
  1.34154782  1.78079816]","[ 0.00000000e+00  1.85604623e-05 -4.23598089e-05 -1.32474486e-05
  5.30298914e-06  3.70368514e-05  4.76188043e-05  3.71209245e-05]","[ 0.          0.20887977 16.07128143  1.84839475 -1.90624952 -0.40147382
 -0.33486664 -0.46615687]"
1749855099.9464154,"[ 0.          0.28574959  1.25778768  2.95278465 -1.79852749  0.54742448
  1.34154782  1.7807991 ]","[ 0.00000000e+00  2.38634509e-05 -4.23598089e-05 -1.85466133e-05
  5.30293632e-06  3.70368514e-05  4.76192757e-05  4.77269018e-05]","[ 0.          0.26123977 16.09921455  1.85426879 -1.88801765 -0.42574772
 -0.33136871 -0.46316218]"
1749855099.9507942,"[ 0.          0.28575003  1.25778768  2.95278518 -1.79852696  0.54742448
  1.34154876  1.7807991 ]","[ 0.00000000e+00  2.65152094e-05 -3.70648338e-05 -1.32473165e-05
  1.06059783e-05  2.91003827e-05  5.82007654e-05  4.77269018e-05]","[ 0.          0.3810243  16.03983307  1.92442691 -1.82763827 -0.40206143
 -0.32559153 -0.4647406 ]"
1749855099.954245,"[ 0.          0.28575049  1.25778675  2.95278518 -1.79852749  0.54742448
  1.34154876  1.7807991 ]","[ 0.00000000e+00  2.65149452e-05 -4.50072964e-05 -7.94846874e-06
  5.30298914e-06  2.91006692e-05  5.82007654e-05  4.77264263e-05]","[ 0.          0.44835657 15.9376812   1.94405961 -1.8447938  -0.40206704
 -0.34416035 -0.47072551]"
1749855099.9593244,"[ 0.          0.28575049  1.25778675  2.95278518 -1.79852749  0.54742448
  1.34154876  1.7807991 ]","[ 0.00000000e+00  2.65149452e-05 -4.23598089e-05 -7.94846874e-06
 -5.30304197e-06  2.91003827e-05  5.82887721e-05  3.71209245e-05]","[ 0.          0.46428189 15.86268902  1.96247935 -1.89075387 -0.41145495
 -0.3358818  -0.47149396]"
1749855099.9650426,"[ 0.          0.28575096  1.25778622  2.95278518 -1.79852749  0.54742448
  1.34154876  1.7807991 ]","[ 0.00000000e+00  3.18179359e-05 -4.76547840e-05 -5.29897933e-06
 -5.30298914e-06  2.91006692e-05  4.76908124e-05  3.71209245e-05]","[ 0.          0.43863249 15.83981133  2.03264284 -1.85151887 -0.4323408
 -0.3562344  -0.47304919]"
1749855099.9696393,"[ 0.          0.28575096  1.25778582  2.95278518 -1.79852696  0.54742448
  1.34154969  1.7807991 ]","[ 0.00000000e+00  3.17935580e-05 -5.02642966e-05 -5.30298914e-06
  0.00000000e+00  2.91006692e-05  5.83328791e-05  3.71490329e-05]","[ 0.          0.39446017 15.79638958  2.01923871 -1.75177646 -0.42276007
 -0.35490024 -0.46253985]"
1749855099.9743235,"[ 0.          0.28575096  1.25778582  2.95278518 -1.79852696  0.54742448
  1.34155062  1.7807991 ]","[ 0.00000000e+00  3.17938749e-05 -5.02642966e-05 -5.30298914e-06
  5.29497611e-06  2.91006692e-05  6.62372408e-05  2.65350217e-05]","[ 0.          0.31651321 15.8373251   1.98265564 -1.71854591 -0.45243824
 -0.33818239 -0.48106796]"
1749855099.9777346,"[ 0.          0.28575096  1.25778528  2.95278518 -1.79852696  0.54742448
  1.34155062  1.78080016]","[ 0.00000000e+00  3.17938749e-05 -5.55558217e-05 -5.29903215e-06
  5.29103081e-06  2.91003827e-05  6.62372408e-05  3.71490329e-05]","[ 0.          0.26395389 15.90574932  1.92107499 -1.71242011 -0.45908108
 -0.32689941 -0.47032532]"
1749855099.981863,"[ 0.          0.28575096  1.25778582  2.95278518 -1.79852696  0.54742541
  1.34155062  1.78080016]","[ 0.00000000e+00  3.17938749e-05 -5.02642966e-05 -5.30298914e-06
  5.29497611e-06  2.91003827e-05  6.62372408e-05  3.71490329e-05]","[ 0.          0.21797284 16.01193047  1.83876038 -1.67946625 -0.41057876
 -0.33815587 -0.47881603]"
1749855099.9859846,"[ 0.          0.28575096  1.25778528  2.95278518 -1.79852749  0.54742541
  1.34155062  1.78080016]","[ 0.00000000e+00  3.17938749e-05 -5.02642966e-05 -7.95448397e-06
  5.29097849e-06  2.91003827e-05  6.62873661e-05  3.71486631e-05]","[ 0.          0.12833109 16.07268333  1.78669608 -1.79092848 -0.3614707
 -0.33163211 -0.46936661]"
1749855099.9898894,"[ 0.          0.28575096  1.25778582  2.95278518 -1.79852749  0.54742541
  1.34155169  1.78080016]","[ 0.00000000e+00  3.17938749e-05 -4.49733161e-05 -5.30298914e-06
  5.29103081e-06  2.91003827e-05  6.62372408e-05  3.71490329e-05]","[ 0.          0.02850924 16.15038872  1.7618252  -1.87239492 -0.37574655
 -0.33851668 -0.47715691]"
1749855099.9928865,"[ 0.          0.28575096  1.25778582  2.95278465 -1.79852749  0.54742541
  1.34155169  1.78080016]","[ 0.00000000e+00  3.17458709e-05 -4.49733161e-05 -1.32574726e-05
  0.00000000e+00  2.91006692e-05  6.62372408e-05  2.91885255e-05]","[ 0.         -0.0388259  16.24603844  1.69856298 -1.9490664  -0.36810315
 -0.36092755 -0.47358158]"
1749855099.9962983,"[ 0.          0.28575096  1.25778528  2.95278465 -1.79852749  0.54742638
  1.34155169  1.78080109]","[ 0.00000000e+00  3.17458709e-05 -4.76188043e-05 -1.06059783e-05
  0.00000000e+00  3.70368514e-05  6.62880244e-05  3.71209245e-05]","[ 0.         -0.0513389  16.24448776  1.69007242 -1.9732554  -0.34186369
 -0.34257546 -0.44434956]"
1749855099.9997675,"[ 0.          0.28575096  1.25778528  2.95278465 -1.79852749  0.54742638
  1.34155169  1.78080109]","[ 0.00000000e+00  3.17461838e-05 -4.23602275e-05 -1.05979587e-05
  0.00000000e+00  3.70651995e-05  6.62372408e-05  3.71490329e-05]","[ 0.         -0.12061355 16.14396095  1.72720385 -1.96220982 -0.33118898
 -0.34470746 -0.43087137]"
1749855100.0031888,"[ 0.          0.28575049  1.25778488  2.95278465 -1.79852749  0.54742638
  1.34155169  1.78080109]","[ 0.00000000e+00  2.38094022e-05 -3.70368514e-05 -5.30298914e-06
 -5.29492328e-06  2.91003827e-05  6.62379032e-05  3.70648338e-05]","[ 0.         -0.1788771  16.0843029   1.73270631 -1.9633764  -0.34968725
 -0.33283192 -0.47092015]"
1749855100.0073457,"[ 0.          0.28575096  1.25778488  2.95278465 -1.79852749  0.54742638
  1.34155262  1.78080109]","[ 0.00000000e+00  2.64551545e-05 -3.70372172e-05 -5.29897933e-06
  0.00000000e+00  2.91223691e-05  6.62372408e-05  3.70648338e-05]","[ 0.         -0.17659853 16.04487991  1.73361516 -1.91169572 -0.3849135
 -0.34645808 -0.46293861]"
1749855100.01207,"[ 0.          0.28575049  1.25778488  2.95278465 -1.79852749  0.54742638
  1.34155355  1.78080109]","[ 0.00000000e+00  2.38096379e-05 -3.17458709e-05  0.00000000e+00
 -5.29103081e-06  2.91006692e-05  7.41857136e-05  3.70932266e-05]","[ 0.         -0.18962882 16.03332138  1.7357173  -1.85512614 -0.37941694
 -0.33411273 -0.46455398]"
1749855100.0162501,"[ 0.          0.28575096  1.25778395  2.95278518 -1.79852749  0.54742638
  1.34155355  1.78080109]","[ 0.00000000e+00  2.64548924e-05 -4.23278279e-05  5.29103081e-06
  0.00000000e+00  2.91664395e-05  6.62379032e-05  3.70928568e-05]","[ 0.         -0.15457691 15.95530128  1.74377918 -1.75073051 -0.38844782
 -0.33915088 -0.44684273]"
1749855100.0189583,"[ 0.          0.28575096  1.25778395  2.95278518 -1.79852749  0.54742638
  1.34155355  1.78080203]","[ 0.00000000e+00  2.64551545e-05 -4.22963142e-05  5.29097849e-06
  0.00000000e+00  1.85604623e-05  6.62372408e-05  4.76908124e-05]","[ 0.         -0.09798677 15.93087196  1.75723982 -1.76986265 -0.39435881
 -0.32807836 -0.46770167]"
1749855100.0224884,"[ 0.          0.28575096  1.25778395  2.95278518 -1.79852749  0.54742638
  1.34155355  1.78080203]","[ 0.00000000e+00  2.64748795e-05 -4.23278279e-05  5.29097849e-06
  5.29103081e-06  1.85464284e-05  6.62372408e-05  4.76547840e-05]","[ 0.         -0.05663928 15.98125744  1.76757669 -1.76548755 -0.37259784
 -0.33913264 -0.48020017]"
1749855100.0258884,"[ 0.          0.28575096  1.25778395  2.95278518 -1.79852749  0.54742638
  1.34155355  1.78080203]","[ 0.00000000e+00  2.64751417e-05 -3.70372172e-05  5.29497611e-06
  5.29097849e-06  1.85462435e-05  6.62372408e-05  3.70648338e-05]","[ 0.          0.02854651 16.05541229  1.7682457  -1.80508578 -0.41086754
 -0.33419472 -0.45329165]"
1749855100.0293746,"[ 0.          0.28575143  1.25778355  2.95278518 -1.79852749  0.54742731
  1.34155448  1.78080203]","[ 0.00000000e+00  3.17698567e-05 -4.23918346e-05  5.29497611e-06
  5.29103081e-06  2.91443860e-05  7.40744343e-05  3.70648338e-05]","[ 0.          0.10630599 16.10147095  1.81150985 -1.88108182 -0.38996947
 -0.34699973 -0.44155771]"
1749855100.0333667,"[ 0.          0.28575189  1.25778355  2.95278518 -1.79852803  0.54742731
  1.34155448  1.78080203]","[ 0.00000000e+00  3.17698567e-05 -4.50408745e-05  5.29497611e-06
 -5.29103081e-06  2.91664395e-05  7.40744343e-05  3.70368514e-05]","[ 0.          0.17899628 16.09775162  1.88969314 -1.95803106 -0.37634668
 -0.35610038 -0.45587826]"
1749855100.0374393,"[ 0.          0.28575189  1.25778355  2.95278572 -1.79852803  0.54742731
  1.34155448  1.78080203]","[ 0.00000000e+00  3.17698567e-05 -4.50413255e-05  1.05819570e-05
 -5.29097849e-06  2.91664395e-05  7.40737029e-05  3.70372172e-05]","[ 0.          0.28611442 16.13770866  1.90485418 -1.97983658 -0.38956571
 -0.36155176 -0.47090718]"
1749855100.0415041,"[ 0.          0.28575279  1.25778355  2.95278572 -1.79852803  0.54742731
  1.34155448  1.78080203]","[ 0.00000000e+00  3.70648338e-05 -4.23918346e-05  1.05819570e-05
 -5.29103081e-06  2.91443860e-05  6.61378843e-05  3.70648338e-05]","[ 0.          0.32447577 16.16271973  1.92776    -1.93987596 -0.43012133
 -0.36391196 -0.47765067]"
1749855100.0455859,"[ 0.          0.28575279  1.25778302  2.95278572 -1.79852803  0.54742731
  1.34155541  1.78080203]","[ 0.00000000e+00  3.17698567e-05 -4.76908124e-05  1.05819570e-05
 -5.29497611e-06  2.91667301e-05  7.40178194e-05  2.91003827e-05]","[ 0.          0.36382902 16.10668945  2.02162457 -1.89955282 -0.41426235
 -0.35955301 -0.46898767]"
1749855100.049105,"[ 0.          0.28575326  1.25778262  2.95278572 -1.79852749  0.54742731
  1.34155541  1.78080203]","[ 0.00000000e+00  3.70648338e-05 -5.03403034e-05  5.29097849e-06
  0.00000000e+00  2.91667301e-05  6.60879907e-05  2.91226556e-05]","[ 0.          0.38584507 16.00719261  2.02102542 -1.82452154 -0.41862956
 -0.36574954 -0.4678835 ]"
1749855100.0527022,"[ 0.          0.28575326  1.25778262  2.95278572 -1.79852803  0.54742731
  1.34155541  1.78080296]","[ 0.00000000e+00  3.17698567e-05 -4.50754075e-05  5.29103081e-06
 -5.29497611e-06  2.91664395e-05  6.60873364e-05  3.70648338e-05]","[ 0.          0.42437315 15.99053955  2.02826548 -1.74786234 -0.41625157
 -0.3538458  -0.47576302]"
1749855100.0556014,"[ 0.          0.28575372  1.25778209  2.95278598 -1.79852749  0.54742731
  1.34155635  1.78080296]","[ 0.00000000e+00  3.17698567e-05 -4.76908124e-05  7.93646773e-06
  0.00000000e+00  2.91667301e-05  7.40178194e-05  3.70648338e-05]","[ 0.          0.47471827 16.00099373  2.01278901 -1.70253134 -0.44411975
 -0.33963808 -0.45566231]"
1749855100.0596988,"[ 0.          0.28575419  1.25778209  2.95278598 -1.79852749  0.54742731
  1.34155635  1.78080296]","[ 0.00000000e+00  3.70648338e-05 -4.76908124e-05  7.93654595e-06
  0.00000000e+00  2.91443860e-05  7.40737029e-05  3.70648338e-05]","[ 0.          0.46451184 16.01028442  2.04771209 -1.71234941 -0.45872349
 -0.33424041 -0.465312  ]"
1749855100.063833,"[ 0.          0.28575462  1.25778169  2.95278598 -1.79852749  0.54742731
  1.34155635  1.78080296]","[ 0.00000000e+00  3.70648338e-05 -4.24234905e-05  7.93646773e-06
  0.00000000e+00  2.91664395e-05  7.40737029e-05  3.70648338e-05]","[ 0.          0.48205209 16.01584053  2.02780771 -1.71410704 -0.43841735
 -0.33331528 -0.46283439]"
1749855100.0672977,"[ 0.          0.28575462  1.25778169  2.95278598 -1.79852749  0.54742731
  1.34155728  1.78080296]","[ 0.00000000e+00  3.70648338e-05 -4.24239132e-05  7.93654595e-06
  0.00000000e+00  2.91440955e-05  7.40737029e-05  3.70651995e-05]","[ 0.          0.43466958 16.06289101  2.02028608 -1.75408208 -0.41254017
 -0.33897689 -0.46384236]"
1749855100.0707016,"[ 0.          0.28575462  1.25778169  2.95278598 -1.79852803  0.54742731
  1.34155728  1.78080296]","[ 0.00000000e+00  3.70651995e-05 -4.23922572e-05  2.64548924e-06
 -1.05819570e-05  2.91664395e-05  7.40737029e-05  3.70368514e-05]","[ 0.          0.43023425 16.10541534  2.0215559  -1.75466633 -0.41041064
 -0.3675451  -0.45199576]"
1749855100.074966,"[ 0.          0.28575509  1.25778169  2.95278598 -1.79852803  0.54742731
  1.34155728  1.78080389]","[ 0.00000000e+00  4.23598089e-05 -4.23918346e-05  7.93654595e-06
 -1.05979587e-05  2.91443860e-05  6.61372301e-05  4.76183330e-05]","[ 0.          0.42022187 16.19652748  2.001688   -1.87297547 -0.41900706
 -0.34699437 -0.45414734]"
1749855100.0816948,"[ 0.          0.28575509  1.25778169  2.95278598 -1.79852803  0.54742731
  1.34155834  1.78080389]","[ 0.00000000e+00  4.23598089e-05 -3.70928568e-05  7.93646773e-06
 -1.05979587e-05  1.85604623e-05  7.67199429e-05  3.70368514e-05]","[ 0.          0.39596829 16.24321365  1.99323094 -1.92108738 -0.40453199
 -0.35435313 -0.46679395]"
1749855100.088217,"[ 0.          0.28575509  1.25778116  2.95278598 -1.79852856  0.54742731
  1.34155834  1.78080389]","[ 0.00000000e+00  4.23598089e-05 -4.23918346e-05  7.93654595e-06
 -1.06059783e-05  1.85462435e-05  7.66620682e-05  3.70372172e-05]","[ 0.          0.27980718 16.27049255  1.97335291 -1.92255211 -0.39566109
 -0.34490275 -0.45985013]"
1749855100.091789,"[ 0.          0.28575509  1.25778116  2.95278598 -1.79852856  0.54742731
  1.34155834  1.78080389]","[ 0.00000000e+00  4.23598089e-05 -4.76908124e-05  7.93646773e-06
 -1.05979587e-05  1.85324169e-05  6.61372301e-05  3.70648338e-05]","[ 0.          0.23544957 16.24002266  1.94579685 -1.92440748 -0.42200255
 -0.37349305 -0.46272424]"
1749855100.0958123,"[ 0.          0.28575555  1.25778116  2.95278598 -1.79852856  0.54742731
  1.34155928  1.78080389]","[ 0.00000000e+00  4.50758585e-05 -4.76908124e-05  1.32274462e-05
 -1.06059783e-05  1.05819570e-05  7.40737029e-05  3.70368514e-05]","[ 0.          0.20708422 16.20858192  1.93285072 -1.90081418 -0.41024616
 -0.36146733 -0.44858479]"
1749855100.101388,"[ 0.          0.28575555  1.25778076  2.95278598 -1.79852856  0.54742731
  1.34155928  1.78080389]","[ 0.00000000e+00  4.50754075e-05 -4.49733161e-05  1.32274462e-05
 -1.06059783e-05  1.05819570e-05  7.40744343e-05  2.64551545e-05]","[ 0.          0.15543404 16.11538696  1.92932236 -1.91341949 -0.36735129
 -0.36447498 -0.45857611]"
1749855100.1037009,"[ 0.          0.28575555  1.25778036  2.95278598 -1.79852856  0.54742731
  1.34155928  1.78080482]","[ 0.00000000e+00  5.03789000e-05 -4.76188043e-05  1.32275773e-05
 -1.06059783e-05  1.05819570e-05  7.40178194e-05  3.70928568e-05]","[ 0.          0.18704873 16.09525681  1.93718874 -1.91481078 -0.38393447
 -0.37079522 -0.47053289]"
1749855100.1075623,"[ 0.          0.28575555  1.25778036  2.95278598 -1.79852856  0.54742731
  1.34155928  1.78080482]","[ 0.00000000e+00  5.03789000e-05 -4.50072964e-05  1.32274462e-05
 -1.05979587e-05  1.05819570e-05  6.61372301e-05  3.70928568e-05]","[ 0.          0.17160286 16.05491447  1.9078393  -1.93956888 -0.40623286
 -0.38191032 -0.4471409 ]"
1749855100.1116347,"[ 0.          0.28575602  1.25777982  2.95278598 -1.79852856  0.54742731
  1.34155928  1.78080482]","[ 0.00000000e+00  5.56813848e-05 -5.02642966e-05  1.32474486e-05
 -1.06059783e-05  1.05819570e-05  5.82007654e-05  3.70924870e-05]","[ 0.          0.18668981 16.01478958  1.88492405 -1.9102838  -0.39087245
 -0.366685   -0.48215088]"
1749855100.1151507,"[ 0.          0.28575602  1.25777942  2.95278598 -1.79852856  0.54742731
  1.34155928  1.78080482]","[ 0.00000000e+00  5.03783961e-05 -5.02647924e-05  7.95448397e-06
 -1.06060839e-05  1.05818513e-05  5.82013384e-05  3.70928568e-05]","[ 0.          0.21710518 15.98087978  1.91368783 -1.86197281 -0.38036513
 -0.35936898 -0.46052393]"
1749855100.1191082,"[ 0.          0.28575602  1.25777942  2.95278598 -1.79852856  0.54742731
  1.34156021  1.78080482]","[ 0.00000000e+00  5.03789000e-05 -4.49733161e-05  7.95448397e-06
 -1.06059783e-05  1.05819570e-05  6.61378843e-05  2.64948971e-05]","[ 0.          0.19085599 16.00108337  1.90849471 -1.88121462 -0.39965001
 -0.36029941 -0.44770363]"
1749855100.1238706,"[ 0.          0.28575602  1.25777889  2.95278652 -1.79852856  0.54742731
  1.34156021  1.78080482]","[ 0.00000000e+00  5.03783961e-05 -5.02647924e-05  1.32474486e-05
 -1.05979587e-05  1.05819570e-05  6.61378843e-05  2.64948971e-05]","[ 0.          0.19494039 16.06204605  1.87661314 -1.84829402 -0.39779544
 -0.35651508 -0.47000512]"
1749855100.1313424,"[ 0.          0.28575649  1.25777889  2.95278652 -1.79852856  0.54742827
  1.34156114  1.78080575]","[ 0.00000000e+00  5.03783961e-05 -4.76188043e-05  1.32474486e-05
 -5.29897933e-06  1.05819570e-05  6.62372408e-05  3.70928568e-05]","[ 0.          0.17819689 16.1231041   1.93299842 -1.83412373 -0.39885905
 -0.36160883 -0.47494134]"
1749855100.1359003,"[ 0.          0.28575649  1.25777889  2.95278652 -1.79852856  0.54742827
  1.34156114  1.78080575]","[ 0.00000000e+00  4.50754075e-05 -4.76188043e-05  1.32576047e-05
 -5.30298914e-06  1.05819570e-05  6.62372408e-05  3.70928568e-05]","[ 0.          0.17336951 16.1717968   1.95200157 -1.83417189 -0.38430482
 -0.36817926 -0.47253078]"
1749855100.140066,"[ 0.          0.28575692  1.25777889  2.95278652 -1.79852909  0.54742827
  1.34156207  1.78080575]","[ 0.00000000e+00  4.50754075e-05 -4.76192757e-05  7.95448397e-06
 -1.06059783e-05  1.05819570e-05  7.41857136e-05  3.70928568e-05]","[ 0.          0.18895978 16.25849342  1.9473021  -1.89070523 -0.40813705
 -0.34659833 -0.45122108]"
1749855100.1430993,"[ 0.          0.28575692  1.25777889  2.95278652 -1.79852909  0.54742827
  1.34156207  1.78080575]","[ 0.00000000e+00  4.23918346e-05 -4.76188043e-05  7.95448397e-06
 -1.06059783e-05  1.05819570e-05  7.41864532e-05  3.70924870e-05]","[ 0.          0.21463633 16.26749611  1.98801506 -1.90360999 -0.38386098
 -0.37535861 -0.46691582]"
1749855100.14653,"[ 0.          0.28575738  1.25777889  2.95278705 -1.79852909  0.54742827
  1.34156207  1.78080575]","[ 0.00000000e+00  4.23918346e-05 -4.23602275e-05  1.32473165e-05
 -1.06059783e-05  1.05819570e-05  6.62372408e-05  3.70928568e-05]","[ 0.          0.22572812 16.27395248  1.96601903 -1.89439118 -0.38721356
 -0.36172244 -0.46711954]"
1749855100.1507978,"[ 0.          0.28575738  1.25777849  2.95278705 -1.79852909  0.54742827
  1.34156207  1.78080575]","[ 0.00000000e+00  4.24239132e-05 -4.23598089e-05  1.32474486e-05
 -1.59089679e-05  1.05819570e-05  6.62379032e-05  2.65149452e-05]","[ 0.          0.25160834 16.25885201  1.96475172 -1.90104091 -0.39549375
 -0.37783352 -0.46572787]"
1749855100.1553533,"[ 0.          0.28575785  1.25777849  2.95278705 -1.79852909  0.54742827
  1.34156207  1.78080682]","[ 0.00000000e+00  4.24239132e-05 -4.23598089e-05  1.32474486e-05
 -1.59089679e-05  1.05819570e-05  5.82893532e-05  3.70928568e-05]","[ 0.          0.26416013 16.22286034  1.96932673 -1.85768723 -0.40001872
 -0.36185423 -0.45397636]"
1749855100.1599977,"[ 0.          0.28575785  1.25777796  2.95278705 -1.79852909  0.54742827
  1.341563    1.78080682]","[ 0.00000000e+00  3.70928568e-05 -4.23278279e-05  1.06059783e-05
 -1.58849283e-05  1.05819570e-05  6.62372408e-05  3.70928568e-05]","[ 0.          0.32046914 16.15400314  1.98208165 -1.76540315 -0.41085956
 -0.36031523 -0.44896251]"
1749855100.1641054,"[ 0.          0.28575832  1.25777756  2.95278732 -1.79852909  0.54742827
  1.341563    1.78080682]","[ 0.00000000e+00  3.70932266e-05 -4.23278279e-05  1.32574726e-05
 -1.58849283e-05  1.05740785e-05  6.62372408e-05  3.70928568e-05]","[ 0.          0.33367914 16.09281158  1.95176053 -1.77847087 -0.41599405
 -0.35723788 -0.46399534]"
1749855100.1680984,"[ 0.          0.28575878  1.25777756  2.95278705 -1.79852909  0.54742827
  1.341563    1.78080682]","[ 0.00000000e+00  4.23918346e-05 -4.23598089e-05  1.06058726e-05
 -1.58849283e-05  1.05739739e-05  5.82893532e-05  3.70928568e-05]","[ 0.          0.36786518 16.07418251  1.96284795 -1.74632311 -0.40574798
 -0.36978316 -0.47392544]"
1749855100.1727004,"[ 0.          0.28575922  1.25777703  2.95278732 -1.79852909  0.54742827
  1.34156394  1.78080682]","[ 0.00000000e+00  4.50413255e-05 -4.76192757e-05  1.32473165e-05
 -1.05899522e-05  1.05819570e-05  6.62372408e-05  3.70928568e-05]","[ 0.          0.3589679  16.07168388  2.00749087 -1.77126288 -0.41472432
 -0.35741568 -0.45804492]"
1749855100.1757677,"[ 0.          0.28575922  1.25777703  2.95278732 -1.79852909  0.54742827
  1.34156394  1.78080682]","[ 0.00000000e+00  4.23914120e-05 -4.76188043e-05  1.32474486e-05
 -1.05899522e-05  1.05820616e-05  5.55972507e-05  2.91006692e-05]","[ 0.          0.35412621 16.06451797  2.016397   -1.7954874  -0.42972004
 -0.37463948 -0.44580236]"
1749855100.1787012,"[ 0.          0.28575968  1.25777703  2.95278732 -1.79852909  0.54742827
  1.341565    1.78080682]","[ 0.00000000e+00  4.50754075e-05 -4.76552554e-05  1.32574726e-05
 -1.05899522e-05  1.05819570e-05  6.62372408e-05  2.91003827e-05]","[ 0.          0.3422845  16.06017303  1.99864781 -1.81224108 -0.41292563
 -0.37318662 -0.47223362]"
1749855100.1833863,"[ 0.          0.28575968  1.25777663  2.95278732 -1.79852909  0.54742827
  1.341565    1.78080682]","[ 0.00000000e+00  4.50754075e-05 -5.03022715e-05  1.32374398e-05
 -1.05899522e-05  1.05820616e-05  6.62372408e-05  2.91006692e-05]","[ 0.          0.36569268 16.12345123  2.00016499 -1.90839183 -0.39000955
 -0.373862   -0.47881648]"
1749855100.1875014,"[ 0.          0.28576015  1.25777663  2.95278732 -1.79852962  0.54742827
  1.341565    1.78080682]","[ 0.00000000e+00  5.02642966e-05 -4.50072964e-05  1.32274462e-05
 -1.05820616e-05  1.05900569e-05  6.62379032e-05  2.91006692e-05]","[ 0.          0.33703473 16.19098854  2.00631905 -1.91441095 -0.40639439
 -0.37859628 -0.46641305]"
1749855100.191409,"[ 0.          0.28576015  1.25777663  2.95278732 -1.79852962  0.54742827
  1.341565    1.78080775]","[ 0.00000000e+00  5.02647924e-05 -4.50077435e-05  1.32275773e-05
 -1.05819570e-05  1.05819570e-05  6.62372408e-05  3.70368514e-05]","[ 0.          0.31965247 16.22609138  2.01675653 -1.94507945 -0.40817392
 -0.38253596 -0.45384774]"
1749855100.194793,"[ 0.          0.28576015  1.25777663  2.95278785 -1.79852962  0.54742827
  1.34156593  1.78080775]","[ 0.00000000e+00  4.50077435e-05 -4.50072964e-05  1.85184257e-05
 -1.05899522e-05  1.05979587e-05  6.61372301e-05  3.70368514e-05]","[ 0.          0.30059814 16.26951218  2.01062417 -1.93393171 -0.39583486
 -0.38574365 -0.45971787]"
1749855100.198223,"[ 0.          0.28576015  1.25777663  2.95278785 -1.79852962  0.54742827
  1.34156593  1.78080775]","[ 0.00000000e+00  4.50072964e-05 -4.23602275e-05  1.85325998e-05
 -1.05900569e-05  1.05979587e-05  6.61378843e-05  3.70368514e-05]","[ 0.          0.26217136 16.26407814  1.98363459 -1.93741763 -0.37573305
 -0.39313787 -0.48200464]"
1749855100.2018015,"[ 0.          0.28576015  1.2577761   2.95278785 -1.79852962  0.54742827
  1.34156593  1.78080775]","[ 0.00000000e+00  4.49737631e-05 -4.77269018e-05  1.85184257e-05
 -1.05899522e-05  1.05979587e-05  6.61372301e-05  3.70372172e-05]","[ 0.          0.28175744 16.25380516  1.97321296 -1.92870736 -0.37899688
 -0.3962642  -0.46725103]"
1749855100.2059412,"[ 0.          0.28576015  1.2577761   2.95278785 -1.79852962  0.54742827
  1.34156687  1.78080775]","[ 0.00000000e+00  4.49733161e-05 -4.24239132e-05  1.85186086e-05
 -1.05900569e-05  1.05979587e-05  7.41296676e-05  2.91003827e-05]","[ 0.          0.23494677 16.25649261  1.93683517 -1.89379811 -0.41330937
 -0.36880353 -0.47096735]"
1749855100.2121947,"[ 0.          0.28576061  1.2577761   2.95278785 -1.79852962  0.54742827
  1.3415678   1.78080775]","[ 0.00000000e+00  5.02647924e-05 -3.71486631e-05  1.85184257e-05
 -1.05899522e-05  1.05980643e-05  8.47196178e-05  2.91003827e-05]","[ 0.          0.21367043 16.16068649  1.88946033 -1.82952797 -0.40034562
 -0.36988938 -0.48254773]"
1749855100.2158034,"[ 0.          0.28576061  1.2577753   2.95278785 -1.79852962  0.54742827
  1.3415678   1.78080775]","[ 0.00000000e+00  4.50072964e-05 -4.24239132e-05  1.85184257e-05
 -1.05819570e-05  1.05979587e-05  8.46556558e-05  2.91006692e-05]","[ 0.          0.18218657 16.10321426  1.88153076 -1.78494895 -0.39803964
 -0.37818059 -0.47312331]"
1749855100.2192929,"[ 0.          0.28576108  1.2577753   2.95278785 -1.79852962  0.54742827
  1.3415678   1.78080775]","[ 0.00000000e+00  5.03022715e-05 -4.24239132e-05  1.85184257e-05
 -1.05819570e-05  1.05979587e-05  7.40737029e-05  2.91006692e-05]","[ 0.          0.19101548 16.09383965  1.90538824 -1.79793918 -0.40423417
 -0.38230813 -0.47508445]"
1749855100.2236862,"[ 0.          0.28576108  1.2577753   2.95278785 -1.79852962  0.54742827
  1.34156873  1.78080775]","[ 0.00000000e+00  5.03022715e-05 -3.71205547e-05  1.32274462e-05
 -1.05820616e-05  1.05979587e-05  8.46556558e-05  2.91003827e-05]","[ 0.          0.16381025 16.06952667  1.90878379 -1.7774266  -0.39976761
 -0.39136529 -0.45864174]"
1749855100.2271862,"[ 0.          0.28576108  1.25777476  2.95278785 -1.79852962  0.54742827
  1.34156966  1.78080775]","[ 0.00000000e+00  4.50072964e-05 -4.24239132e-05  1.32274462e-05
 -1.05899522e-05  0.00000000e+00  8.46556558e-05  2.91003827e-05]","[ 0.          0.19945738 16.0630455   1.91325092 -1.77999783 -0.39616457
 -0.38206977 -0.4766233 ]"
1749855100.2334359,"[ 0.          0.28576108  1.25777476  2.95278785 -1.79852962  0.54742827
  1.34156966  1.78080775]","[ 0.00000000e+00  4.50072964e-05 -4.24239132e-05  1.32275773e-05
 -1.05899522e-05  0.00000000e+00  8.47196178e-05  2.11639139e-05]","[ 0.          0.17451811 16.08744049  1.91395879 -1.77133489 -0.4044559
 -0.36147368 -0.46102446]"
1749855100.2363467,"[ 0.          0.28576151  1.25777436  2.95278785 -1.79853016  0.54742827
  1.34157059  1.78080775]","[ 0.00000000e+00  5.03022715e-05 -4.50754075e-05  1.32274462e-05
 -1.58730919e-05  0.00000000e+00  9.52376087e-05  2.11639139e-05]","[ 0.          0.20181818 16.14651299  1.91202974 -1.7884289  -0.40478173
 -0.35312822 -0.4630098 ]"
1749855100.2403905,"[ 0.          0.28576151  1.25777436  2.95278838 -1.79853016  0.54742827
  1.34157059  1.78080868]","[ 0.00000000e+00  4.50077435e-05 -4.50749605e-05  1.85184257e-05
 -1.05899522e-05  0.00000000e+00  8.46556558e-05  2.91223691e-05]","[ 0.          0.21356717 16.1659832   1.93415165 -1.80784416 -0.40721422
 -0.35896787 -0.4715533 ]"
1749855100.2444806,"[ 0.          0.28576198  1.25777383  2.95278838 -1.79853016  0.54742827
  1.34157059  1.78080868]","[ 0.00000000e+00  5.03022715e-05 -5.03783961e-05  1.85186086e-05
 -1.05900569e-05  0.00000000e+00  8.46556558e-05  2.91006692e-05]","[ 0.          0.26738238 16.20630455  1.91215611 -1.81054318 -0.39618289
 -0.36860722 -0.45590881]"
1749855100.2479174,"[ 0.          0.28576244  1.25777383  2.95278838 -1.79853016  0.54742827
  1.34157166  1.78080868]","[ 0.00000000e+00  5.03022715e-05 -5.04160419e-05  1.32275773e-05
 -1.05899522e-05  0.00000000e+00  9.53095680e-05  2.91223691e-05]","[ 0.          0.31254923 16.20680237  1.94313395 -1.84145987 -0.4009251
 -0.3634336  -0.47323796]"
1749855100.2520924,"[ 0.          0.28576244  1.25777383  2.95278838 -1.79853016  0.54742827
  1.34157166  1.78080868]","[ 0.00000000e+00  5.02642966e-05 -4.76908124e-05  1.32274462e-05
 -1.05899522e-05  0.00000000e+00  9.53086171e-05  2.91006692e-05]","[ 0.          0.29153761 16.24777985  1.94179773 -1.84836125 -0.4183349
 -0.38628614 -0.46613076]"
1749855100.2556453,"[ 0.          0.28576244  1.25777383  2.95278891 -1.79853069  0.54742827
  1.34157259  1.78080868]","[ 0.00000000e+00  4.49733161e-05 -4.76908124e-05  1.85186086e-05
 -1.58850858e-05  0.00000000e+00  1.05899518e-04  1.85324169e-05]","[ 0.          0.3135232  16.24930954  1.94928908 -1.87190688 -0.39700606
 -0.37244883 -0.46091181]"
1749855100.2596138,"[ 0.          0.28576291  1.25777343  2.95278891 -1.79853069  0.54742924
  1.34157259  1.78080868]","[ 0.00000000e+00  5.02647924e-05 -4.50754075e-05  1.85184257e-05
 -1.59089679e-05  1.05820616e-05  9.53095680e-05  1.85324169e-05]","[ 0.          0.35987508 16.21997643  1.98039949 -1.85318863 -0.42649961
 -0.38322854 -0.45140788]"
1749855100.2636225,"[ 0.          0.28576338  1.25777343  2.95278918 -1.79853069  0.54742924
  1.34157352  1.78080868]","[ 0.00000000e+00  5.02642966e-05 -4.24239132e-05  1.85184257e-05
 -1.59089679e-05  1.05819570e-05  1.05900567e-04  1.85184257e-05]","[ 0.          0.34192491 16.15738297  2.00913382 -1.86131191 -0.38670865
 -0.39684018 -0.45458445]"
1749855100.266981,"[ 0.          0.28576338  1.2577729   2.95278918 -1.79853069  0.54742924
  1.34157352  1.78080868]","[ 0.00000000e+00  4.49733161e-05 -4.77269018e-05  2.11639139e-05
 -1.59089679e-05  1.05740785e-05  1.05899518e-04  1.85184257e-05]","[ 0.          0.33352739 16.15851974  2.02519274 -1.86195397 -0.41188884
 -0.38272393 -0.47174555]"
1749855100.2698574,"[ 0.          0.28576338  1.2577729   2.95278918 -1.79853069  0.54742924
  1.34157352  1.78080868]","[ 0.00000000e+00  4.50072964e-05 -4.24239132e-05  1.85324169e-05
 -1.59089679e-05  1.05739739e-05  9.53095680e-05  1.85186086e-05]","[ 0.          0.29108053 16.0913868   2.00449276 -1.83179188 -0.43421751
 -0.37835836 -0.47099406]"
1749855100.2734323,"[ 0.          0.28576381  1.2577729   2.95278918 -1.79853069  0.54742924
  1.34157446  1.78080868]","[ 0.00000000e+00  4.50072964e-05 -4.24239132e-05  1.85325998e-05
 -1.59089679e-05  1.05820616e-05  1.05899518e-04  1.85184257e-05]","[ 0.          0.28276899 16.09269142  2.00971627 -1.8251009  -0.42812908
 -0.40158466 -0.46605086]"
1749855100.276327,"[ 0.          0.28576381  1.2577725   2.95278918 -1.79853122  0.54742924
  1.34157539  1.78080868]","[ 0.00000000e+00  4.50077435e-05 -4.50754075e-05  1.85324169e-05
 -2.12119566e-05  1.05819570e-05  1.13756038e-04  1.85604623e-05]","[ 0.          0.29164818 16.10971642  1.99700963 -1.84300613 -0.40845916
 -0.40708089 -0.46595648]"
1749855100.279294,"[ 0.          0.28576381  1.2577725   2.95278918 -1.79853122  0.54742924
  1.34157539  1.78080868]","[ 0.00000000e+00  4.23278279e-05 -4.50754075e-05  1.85324169e-05
 -2.12119566e-05  1.05740785e-05  1.03252035e-04  1.85604623e-05]","[ 0.          0.28459421 16.1269474   1.97012269 -1.82958889 -0.38668561
 -0.37973255 -0.47189289]"
1749855100.2823417,"[ 0.          0.28576428  1.25777197  2.95278918 -1.79853122  0.54742924
  1.34157539  1.78080868]","[ 0.00000000e+00  4.49733161e-05 -4.77269018e-05  1.85604623e-05
 -2.11959173e-05  1.05739739e-05  1.03253051e-04  1.85464284e-05]","[ 0.          0.27682382 16.16017151  1.98057985 -1.84637249 -0.40721798
 -0.37593508 -0.47651726]"
1749855100.2869236,"[ 0.          0.28576428  1.25777197  2.95278918 -1.79853122  0.54742924
  1.34157632  1.78080868]","[ 0.00000000e+00  4.50072964e-05 -4.77269018e-05  1.85604623e-05
 -1.58970960e-05  1.05820616e-05  1.11110546e-04  1.85602774e-05]","[ 0.          0.27047753 16.19674301  1.95807505 -1.85550261 -0.40416288
 -0.37959668 -0.4771089 ]"
1749855100.2905245,"[ 0.          0.28576474  1.25777197  2.95278971 -1.79853122  0.54742924
  1.34157725  1.78080868]","[ 0.00000000e+00  4.50754075e-05 -4.77269018e-05  2.38634509e-05
 -1.58969375e-05  1.05740785e-05  1.21784452e-04  1.85462435e-05]","[ 0.          0.2248663  16.24451447  1.91635096 -1.88059127 -0.38783333
 -0.39642131 -0.44838235]"
1749855100.2939866,"[ 0.          0.28576474  1.25777197  2.95278971 -1.79853175  0.54742924
  1.34157725  1.78080868]","[ 0.00000000e+00  4.50754075e-05 -4.76547840e-05  2.38632132e-05
 -2.11957060e-05  1.05820616e-05  1.11110546e-04  1.06059783e-05]","[ 0.          0.22599503 16.24339104  1.90248251 -1.86616635 -0.40142605
 -0.38947013 -0.45793998]"
1749855100.296887,"[ 0.          0.28576474  1.25777157  2.95278971 -1.79853175  0.54742924
  1.34157832  1.78080868]","[ 0.00000000e+00  4.50754075e-05 -5.03027714e-05  1.85604623e-05
 -2.12119566e-05  1.05819570e-05  1.21968747e-04  1.06059783e-05]","[ 0.          0.1816617  16.24864388  1.89687049 -1.85928297 -0.38384235
 -0.40206793 -0.46882749]"
1749855100.3003292,"[ 0.          0.28576474  1.25777157  2.95278971 -1.79853175  0.54742924
  1.34157832  1.78080868]","[ 0.00000000e+00  4.50413255e-05 -5.02642966e-05  1.85464284e-05
 -2.12119566e-05  1.05819570e-05  1.21876526e-04  1.06059783e-05]","[ 0.          0.15821946 16.22912216  1.90060616 -1.8666445  -0.39517576
 -0.38758254 -0.48633701]"
1749855100.3060732,"[ 0.          0.28576521  1.25777117  2.95278971 -1.79853175  0.54742924
  1.34157925  1.78080868]","[ 0.00000000e+00  5.03789000e-05 -4.76543085e-05  1.85604623e-05
 -2.11959173e-05  1.05739739e-05  1.21968747e-04  1.05979587e-05]","[ 0.          0.1644154  16.23162079  1.9105773  -1.86689091 -0.39422011
 -0.38496846 -0.45937085]"
1749855100.3106246,"[ 0.          0.28576521  1.25777117  2.95278971 -1.79853175  0.54742924
  1.34158018  1.78080962]","[ 0.00000000e+00  4.50758585e-05 -4.76192757e-05  1.85604623e-05
 -2.11959173e-05  1.05739739e-05  1.21876526e-04  1.85464284e-05]","[ 0.          0.18017772 16.15002632  1.93480432 -1.781394   -0.40048146
 -0.38287911 -0.45873526]"
1749855100.3146374,"[ 0.          0.28576564  1.25777064  2.95279024 -1.79853175  0.54742924
  1.34158111  1.78080962]","[ 0.00000000e+00  5.03783961e-05 -5.02642966e-05  2.38634509e-05
 -2.12119566e-05  1.05739739e-05  1.32474482e-04  1.85464284e-05]","[ 0.          0.20129833 16.12255096  1.91853487 -1.77602649 -0.38145962
 -0.3798213  -0.47628078]"
1749855100.3198369,"[ 0.          0.28576564  1.25777024  2.95279024 -1.79853229  0.54742924
  1.34158111  1.78080962]","[ 0.00000000e+00  4.50754075e-05 -5.03022715e-05  2.38636886e-05
 -2.65149452e-05  1.05739739e-05  1.32573407e-04  1.85604623e-05]","[ 0.          0.20978525 16.10372543  1.92188394 -1.71872818 -0.4134852
 -0.36516485 -0.47276771]"
1749855100.3234332,"[ 0.          0.28576611  1.25777024  2.95279024 -1.79853229  0.54742924
  1.34158205  1.78080962]","[ 0.00000000e+00  5.03403034e-05 -5.03027714e-05  2.38634509e-05
 -2.65149452e-05  1.05739739e-05  1.32574732e-04  1.85604623e-05]","[ 0.          0.21844864 16.08064842  1.93118668 -1.74054122 -0.40001991
 -0.36381695 -0.46237296]"
1749855100.3255656,"[ 0.          0.28576611  1.25777024  2.95279024 -1.79853229  0.54742924
  1.34158205  1.78080962]","[ 0.00000000e+00  5.03783961e-05 -4.49733161e-05  2.38634509e-05
 -2.64948971e-05  1.05820616e-05  1.21876526e-04  1.85464284e-05]","[ 0.          0.2511709  16.09123611  1.95102966 -1.73878276 -0.40489796
 -0.36351728 -0.45556119]"
1749855100.330669,"[ 0.          0.28576611  1.2577697   2.95279024 -1.79853229  0.54742924
  1.34158298  1.78080962]","[ 0.00000000e+00  5.03783961e-05 -5.02647924e-05  2.38454062e-05
 -2.65149452e-05  1.05820616e-05  1.32474482e-04  1.85604623e-05]","[ 0.          0.25814441 16.12689781  1.96218431 -1.75715268 -0.40539885
 -0.38107467 -0.43649858]"
1749855100.3352048,"[ 0.          0.28576657  1.2577697   2.95279078 -1.79853229  0.54742924
  1.34158298  1.78080962]","[ 0.00000000e+00  5.03789000e-05 -4.76188043e-05  2.91443860e-05
 -2.12119566e-05  1.05819570e-05  1.21876526e-04  1.85464284e-05]","[ 0.          0.27331752 16.15085411  1.98069465 -1.79580772 -0.39884666
 -0.38374373 -0.46202943]"
1749855100.3387005,"[ 0.          0.28576704  1.2577697   2.95279078 -1.79853229  0.54742924
  1.34158391  1.78080962]","[ 0.00000000e+00  5.56813848e-05 -4.76188043e-05  2.38451685e-05
 -2.11959173e-05  1.05739739e-05  1.32473165e-04  1.05979587e-05]","[ 0.          0.31702977 16.22543144  1.96840656 -1.80611384 -0.39994049
 -0.38070741 -0.46752879]"
1749855100.3422325,"[ 0.          0.28576704  1.2577697   2.95279078 -1.79853229  0.54742924
  1.34158498  1.78080962]","[ 0.00000000e+00  5.56813848e-05 -4.76192757e-05  2.38454062e-05
 -2.11961286e-05  1.05740785e-05  1.43072445e-04  1.06059783e-05]","[ 0.          0.30997434 16.25434685  1.99332857 -1.85279119 -0.40483451
 -0.38107055 -0.46940243]"
1749855100.3456116,"[ 0.          0.2857675   1.2577697   2.95279104 -1.79853229  0.54742924
  1.34158498  1.78080962]","[ 0.00000000e+00  5.56392812e-05 -4.23278279e-05  2.64948971e-05
 -2.11799045e-05  1.05819570e-05  1.32474482e-04  1.06058726e-05]","[ 0.          0.30550975 16.23919678  1.99414849 -1.88650894 -0.41023657
 -0.39378926 -0.4741784 ]"
1749855100.3495033,"[ 0.          0.2857675   1.2577693   2.95279104 -1.79853282  0.54742924
  1.34158498  1.78080962]","[ 0.00000000e+00  5.03403034e-05 -4.49737631e-05  2.64948971e-05
 -2.64751417e-05  1.05819570e-05  1.32474482e-04  1.06059783e-05]","[ 0.          0.30804899 16.28504181  2.01636887 -1.88120174 -0.39494833
 -0.38478485 -0.45033047]"
1749855100.3526773,"[ 0.          0.2857675   1.2577693   2.95279104 -1.79853282  0.54742924
  1.34158591  1.78080962]","[ 0.00000000e+00  5.03778963e-05 -4.50072964e-05  2.64948971e-05
 -2.64548924e-05  1.05819570e-05  1.32474482e-04  1.05978530e-05]","[ 0.          0.30333889 16.26391602  2.00227499 -1.89822721 -0.40536416
 -0.38764662 -0.44781229]"
1749855100.3577275,"[ 0.          0.28576794  1.2577693   2.95279104 -1.79853282  0.54742924
  1.34158684  1.78080962]","[ 0.00000000e+00  5.56813848e-05 -4.50077435e-05  2.11959173e-05
 -2.11639139e-05  1.05979587e-05  1.43180701e-04  1.05820616e-05]","[ 0.          0.27845886 16.24931908  1.98240316 -1.85783255 -0.40011451
 -0.40188813 -0.45671004]"
1749855100.362019,"[ 0.          0.28576794  1.25776877  2.95279158 -1.79853282  0.54742924
  1.34158684  1.78080962]","[ 0.00000000e+00  5.03403034e-05 -4.76547840e-05  2.64548924e-05
 -2.11639139e-05  0.00000000e+00  1.43072445e-04  1.05819570e-05]","[ 0.          0.27899525 16.20619965  1.94272172 -1.87272298 -0.39831725
 -0.38693342 -0.45800665]"
1749855100.3666112,"[ 0.          0.2857684   1.25776877  2.95279158 -1.79853282  0.54742924
  1.34158684  1.78080962]","[ 0.00000000e+00  5.03783961e-05 -4.23598089e-05  2.38094022e-05
 -2.11639139e-05  0.00000000e+00  1.32474482e-04  1.05820616e-05]","[ 0.          0.29138291 16.19911957  1.99372566 -1.8387773  -0.40030515
 -0.40743297 -0.44822502]"
1749855100.37067,"[ 0.          0.2857684   1.25776837  2.95279158 -1.79853335  0.54742924
  1.34158777  1.78080962]","[ 0.00000000e+00  5.03398035e-05 -4.50072964e-05  2.38096379e-05
 -2.64351959e-05  0.00000000e+00  1.43072445e-04  1.05819570e-05]","[ 0.          0.24232055 16.12713814  1.94541299 -1.83011484 -0.41583613
 -0.39855447 -0.44665292]"
1749855100.3755572,"[ 0.          0.2857684   1.25776837  2.95279158 -1.79853335  0.54742924
  1.3415887   1.78080962]","[ 0.00000000e+00  4.50754075e-05 -4.49737631e-05  2.38094022e-05
 -2.64349338e-05  0.00000000e+00  1.42857835e-04  1.05819570e-05]","[ 0.          0.23998378 16.1380024   1.93503928 -1.77582049 -0.40301889
 -0.3773675  -0.46618852]"
1749855100.3795695,"[ 0.          0.28576887  1.25776784  2.95279211 -1.79853335  0.54742924
  1.3415887   1.78080962]","[ 0.00000000e+00  5.04165417e-05 -4.76188043e-05  2.91003827e-05
 -2.11639139e-05  0.00000000e+00  1.32275769e-04  1.05820616e-05]","[ 0.          0.21490772 16.11611557  1.91684878 -1.78151131 -0.39544109
 -0.3875823  -0.45158523]"
1749855100.3835042,"[ 0.          0.28576887  1.25776784  2.95279211 -1.79853335  0.54742924
  1.34159057  1.78080962]","[ 0.00000000e+00  4.50077435e-05 -4.23278279e-05  2.91006692e-05
 -2.11641232e-05  0.00000000e+00  1.50794377e-04  1.05819570e-05]","[ 0.          0.19150704 16.11512756  1.91063643 -1.78770304 -0.41890362
 -0.37573856 -0.4574354 ]"
1749855100.3880322,"[ 0.          0.28576887  1.25776784  2.95279211 -1.79853335  0.54742924
  1.34159057  1.78080962]","[ 0.00000000e+00  4.50072964e-05 -4.23282464e-05  2.91003827e-05
 -2.11639139e-05  0.00000000e+00  1.42856421e-04  1.05819570e-05]","[ 0.          0.19973193 16.14418983  1.88846898 -1.7752943  -0.38884053
 -0.39749891 -0.46701166]"
1749855100.391447,"[ 0.          0.28576887  1.25776744  2.95279211 -1.79853335  0.54742924
  1.34159163  1.78080962]","[ 0.00000000e+00  4.23602275e-05 -4.49733161e-05  2.38094022e-05
 -2.11639139e-05  0.00000000e+00  1.42857835e-04  1.05820616e-05]","[ 0.          0.16318627 16.17066574  1.89676034 -1.78856039 -0.38921243
 -0.36977851 -0.45129019]"
1749855100.396394,"[ 0.          0.28576887  1.25776744  2.95279211 -1.79853388  0.54742924
  1.34159163  1.78080962]","[ 0.00000000e+00  4.23922572e-05 -4.50413255e-05  2.38094022e-05
 -2.11641232e-05  0.00000000e+00  1.32274460e-04  1.05819570e-05]","[ 0.          0.1672668  16.20323944  1.94045508 -1.78715014 -0.3836416
 -0.37610924 -0.46195766]"
1749855100.400041,"[ 0.          0.28576934  1.25776704  2.95279238 -1.79853388  0.54742924
  1.34159257  1.78080962]","[ 0.00000000e+00  4.50072964e-05 -4.50408745e-05  2.64548924e-05
 -2.11639139e-05  0.00000000e+00  1.42856421e-04  1.05819570e-05]","[ 0.          0.16370472 16.2137394   1.90959966 -1.75860846 -0.39640465
 -0.37847418 -0.46411496]"
1749855100.403387,"[ 0.          0.28576934  1.25776704  2.95279238 -1.79853388  0.54742924
  1.3415935   1.78080962]","[ 0.00000000e+00  4.23598089e-05 -4.50413255e-05  2.64548924e-05
 -2.11639139e-05  0.00000000e+00  1.42857835e-04  1.05739739e-05]","[ 0.          0.16143183 16.20906448  1.94213963 -1.79413474 -0.40466416
 -0.38099232 -0.45007759]"
1749855100.4075599,"[ 0.          0.28576934  1.25776704  2.95279238 -1.79853388  0.54742924
  1.34159443  1.78080962]","[ 0.00000000e+00  4.23598089e-05 -4.23918346e-05  2.11641232e-05
 -2.11799045e-05  0.00000000e+00  1.50792882e-04  0.00000000e+00]","[ 0.          0.18965732 16.23144722  1.93728578 -1.78852057 -0.39317214
 -0.39035577 -0.47043058]"
1749855100.4105208,"[ 0.          0.28576934  1.25776651  2.95279238 -1.79853442  0.54742924
  1.34159443  1.78080962]","[ 0.00000000e+00  4.23602275e-05 -4.77269018e-05  2.64548924e-05
 -2.64548924e-05  0.00000000e+00  1.42856421e-04  0.00000000e+00]","[ 0.          0.20024991 16.22104263  1.9327879  -1.79862988 -0.38480583
 -0.38968831 -0.47592425]"
1749855100.414695,"[ 0.          0.2857698   1.25776651  2.95279238 -1.79853442  0.54742924
  1.34159443  1.78080962]","[ 0.00000000e+00  4.23598089e-05 -4.24239132e-05  2.11639139e-05
 -2.64551545e-05  0.00000000e+00  1.42856421e-04  0.00000000e+00]","[ 0.          0.22423616 16.21773529  1.95131862 -1.76767194 -0.39340007
 -0.3952511  -0.45548344]"
1749855100.4181206,"[ 0.          0.2857698   1.25776651  2.95279238 -1.79853442  0.54742924
  1.34159536  1.78080962]","[ 0.00000000e+00  4.23598089e-05 -3.71209245e-05  2.11639139e-05
 -2.11639139e-05  0.00000000e+00  1.42856421e-04  0.00000000e+00]","[ 0.          0.22177912 16.19103241  1.91500831 -1.78178453 -0.41829959
 -0.37289652 -0.45693064]"
1749855100.4217474,"[ 0.          0.2857698   1.25776611  2.95279291 -1.79853495  0.54742924
  1.34159629  1.78080962]","[ 0.00000000e+00  4.23918346e-05 -4.24239132e-05  2.64551545e-05
 -3.17458709e-05  0.00000000e+00  1.42857835e-04  0.00000000e+00]","[ 0.          0.22401446 16.18367004  1.9255476  -1.77347195 -0.39751115
 -0.39980531 -0.46599269]"
1749855100.425202,"[ 0.          0.28577023  1.25776611  2.95279291 -1.79853495  0.54742924
  1.34159629  1.78080962]","[ 0.00000000e+00  4.23918346e-05 -4.24239132e-05  2.64551545e-05
 -2.64551545e-05  0.00000000e+00  1.42964352e-04  0.00000000e+00]","[ 0.          0.23815383 16.13883018  1.95177543 -1.78281868 -0.41145965
 -0.38842225 -0.47171193]"
1749855100.4281764,"[ 0.          0.28577023  1.25776611  2.95279291 -1.79853495  0.54742924
  1.34159629  1.78080962]","[ 0.00000000e+00  4.23602275e-05 -3.71209245e-05  2.64351959e-05
 -2.64548924e-05  0.00000000e+00  1.42857835e-04  0.00000000e+00]","[ 0.          0.22986951 16.13254547  1.93503594 -1.79358196 -0.40814796
 -0.39366272 -0.46419045]"
1749855100.4345047,"[ 0.          0.2857707   1.25776558  2.95279291 -1.79853548  0.54742924
  1.34159723  1.78080962]","[ 0.00000000e+00  4.23598089e-05 -4.24560364e-05  2.64748795e-05
 -3.17461838e-05  0.00000000e+00  1.42856421e-04  0.00000000e+00]","[ 0.          0.22984853 16.1594162   1.95369053 -1.8051759  -0.41861039
 -0.38879821 -0.44762805]"
1749855100.438031,"[ 0.          0.2857707   1.25776558  2.95279344 -1.79853548  0.54742924
  1.34159829  1.78080962]","[ 0.00000000e+00  3.70648338e-05 -4.24239132e-05  2.64548924e-05
 -3.17461838e-05  0.00000000e+00  1.42856421e-04  0.00000000e+00]","[ 0.          0.25875571 16.14539528  1.95320904 -1.81762433 -0.39964277
 -0.404006   -0.45397699]"
1749855100.4414873,"[ 0.          0.2857707   1.25776518  2.95279344 -1.79853548  0.54742924
  1.34159829  1.78080962]","[ 0.00000000e+00  3.70368514e-05 -4.50754075e-05  2.64548924e-05
 -3.17458709e-05  0.00000000e+00  1.42962922e-04  0.00000000e+00]","[ 0.          0.24791285 16.16931915  1.95594716 -1.84112751 -0.39729041
 -0.41136846 -0.4717249 ]"
1749855100.444322,"[ 0.          0.2857707   1.25776518  2.95279344 -1.79853548  0.54742924
  1.34159829  1.78080962]","[ 0.00000000e+00  3.70648338e-05 -4.51095382e-05  2.64551545e-05
 -3.17938749e-05  0.00000000e+00  1.32374402e-04  0.00000000e+00]","[ 0.          0.25618836 16.19171715  1.96071577 -1.83702183 -0.39621142
 -0.38418028 -0.45842111]"
1749855100.448942,"[ 0.          0.28577117  1.25776518  2.95279344 -1.79853548  0.54742924
  1.34159922  1.78080962]","[ 0.00000000e+00  3.70648338e-05 -4.24239132e-05  2.38273920e-05
 -3.17938749e-05  0.00000000e+00  1.42857835e-04  0.00000000e+00]","[ 0.          0.27341831 16.2118206   1.93930876 -1.853881   -0.4056232
 -0.38676926 -0.44290638]"
1749855100.453125,"[ 0.          0.28577117  1.25776518  2.95279344 -1.79853548  0.54742924
  1.34159922  1.78080962]","[ 0.00000000e+00  3.70648338e-05 -4.24239132e-05  2.38096379e-05
 -2.64946330e-05  0.00000000e+00  1.32274460e-04  0.00000000e+00]","[ 0.          0.25643009 16.24221992  1.93140423 -1.8566184  -0.40170839
 -0.40616816 -0.46211898]"
1749855100.4574668,"[ 0.          0.28577117  1.25776464  2.95279397 -1.79853548  0.54742924
  1.34160016  1.78080962]","[ 0.00000000e+00  3.17698567e-05 -4.77269018e-05  2.91223691e-05
 -2.64951613e-05  0.00000000e+00  1.32274460e-04  0.00000000e+00]","[ 0.          0.2942259  16.23354149  1.9556663  -1.84228611 -0.39511526
 -0.39015758 -0.46910286]"
1749855100.4608328,"[ 0.          0.28577163  1.25776464  2.95279397 -1.79853601  0.54742924
  1.34160016  1.78080962]","[ 0.00000000e+00  3.70651995e-05 -4.24239132e-05  2.38094022e-05
 -3.17938749e-05  0.00000000e+00  1.32275769e-04  0.00000000e+00]","[ 0.          0.26482114 16.22198105  1.93578672 -1.82826245 -0.41032097
 -0.38833201 -0.46404484]"
1749855100.4652812,"[ 0.          0.28577163  1.25776464  2.95279424 -1.79853601  0.54742924
  1.34160016  1.78080962]","[ 0.00000000e+00  3.17698567e-05 -4.24239132e-05  2.64551545e-05
 -3.17941919e-05  0.00000000e+00  1.32275769e-04  0.00000000e+00]","[ 0.          0.2705628  16.21206093  1.96445978 -1.78797793 -0.41281146
 -0.40543073 -0.44050354]"
1749855100.4686675,"[ 0.          0.28577163  1.25776424  2.95279424 -1.79853601  0.54742924
  1.34160109  1.78080962]","[ 0.00000000e+00  3.17698567e-05 -4.24234905e-05  2.64948971e-05
 -2.64948971e-05  0.00000000e+00  1.42856421e-04  0.00000000e+00]","[ 0.          0.25279918 16.21225929  1.97198129 -1.77407002 -0.42011502
 -0.40324843 -0.46047381]"
1749855100.4724047,"[ 0.          0.2857721   1.25776424  2.95279424 -1.79853601  0.54742924
  1.34160109  1.78080962]","[ 0.00000000e+00  3.70651995e-05 -4.24239132e-05  2.64948971e-05
 -2.64948971e-05  0.00000000e+00  1.32275769e-04  0.00000000e+00]","[ 0.          0.29134107 16.17036438  1.9389677  -1.73733115 -0.399064
 -0.39721316 -0.44979244]"
1749855100.4763937,"[ 0.          0.2857721   1.25776371  2.95279477 -1.79853601  0.54742924
  1.34160202  1.78080962]","[ 0.00000000e+00  3.71209245e-05 -4.77269018e-05  3.17938749e-05
 -2.64951613e-05  0.00000000e+00  1.32474482e-04  0.00000000e+00]","[ 0.          0.30663759 16.13860512  1.93568969 -1.77628064 -0.41555619
 -0.39514458 -0.4572266 ]"
1749855100.480451,"[ 0.          0.2857721   1.25776331  2.95279477 -1.79853655  0.54742924
  1.34160202  1.78080962]","[ 0.00000000e+00  3.17458709e-05 -4.50077435e-05  2.64948971e-05
 -3.17938749e-05  0.00000000e+00  1.32474482e-04  0.00000000e+00]","[ 0.          0.2652815  16.13895988  1.99315441 -1.76697791 -0.40914679
 -0.37809768 -0.45306057]"
1749855100.4845603,"[ 0.          0.28577253  1.25776331  2.95279477 -1.79853655  0.54742924
  1.34160295  1.78080962]","[ 0.00000000e+00  3.71209245e-05 -4.50072964e-05  2.64948971e-05
 -3.17938749e-05  0.00000000e+00  1.21876526e-04  0.00000000e+00]","[ 0.          0.27495652 16.14123344  1.97285128 -1.74429798 -0.41097373
 -0.40995422 -0.45232093]"
1749855100.4896722,"[ 0.          0.28577253  1.25776331  2.95279477 -1.79853655  0.54742924
  1.34160295  1.78080962]","[ 0.00000000e+00  3.71209245e-05 -4.23598089e-05  2.64948971e-05
 -3.17938749e-05  0.00000000e+00  1.21876526e-04  0.00000000e+00]","[ 0.          0.25456622 16.12914848  1.96829057 -1.75701249 -0.41391847
 -0.38975894 -0.46931997]"
1749855100.4941955,"[ 0.          0.28577253  1.25776331  2.95279477 -1.79853655  0.54742924
  1.34160495  1.78080962]","[ 0.00000000e+00  3.71209245e-05 -4.23602275e-05  2.65149452e-05
 -2.64948971e-05  0.00000000e+00  1.32474482e-04  0.00000000e+00]","[ 0.          0.25222453 16.19891548  1.95316362 -1.77646327 -0.39910322
 -0.40361041 -0.46916676]"
1749855100.4981067,"[ 0.          0.285773    1.25776278  2.9527953  -1.79853708  0.54742924
  1.34160495  1.78080962]","[ 0.00000000e+00  4.24239132e-05 -4.76547840e-05  3.18176189e-05
 -3.17938749e-05  0.00000000e+00  1.21877737e-04  0.00000000e+00]","[ 0.          0.22289294 16.20856285  1.94293857 -1.80629897 -0.41792423
 -0.38087061 -0.46418494]"
1749855100.5014954,"[ 0.          0.285773    1.25776278  2.9527953  -1.79853708  0.54742924
  1.34160588  1.78080962]","[ 0.00000000e+00  3.71209245e-05 -4.23598089e-05  2.91664395e-05
 -3.17935580e-05  0.00000000e+00  1.32574732e-04  0.00000000e+00]","[ 0.          0.18660027 16.24321938  1.92212665 -1.77930796 -0.40992576
 -0.3675333  -0.44950691]"
1749855100.504432,"[ 0.          0.285773    1.25776278  2.9527953  -1.79853761  0.54742924
  1.34160588  1.78080962]","[ 0.00000000e+00  3.71209245e-05 -4.23598089e-05  2.91443860e-05
 -3.71209245e-05  0.00000000e+00  1.21877737e-04  0.00000000e+00]","[ 0.          0.16729493 16.24362755  1.93412423 -1.80368435 -0.39477402
 -0.36455473 -0.46001422]"
1749855100.5107117,"[ 0.          0.285773    1.25776278  2.9527953  -1.79853761  0.54742924
  1.34160681  1.78080962]","[ 0.00000000e+00  3.70928568e-05 -4.23598089e-05  2.91664395e-05
 -3.18179359e-05  0.00000000e+00  1.21876526e-04  0.00000000e+00]","[ 0.          0.14172836 16.24274826  1.91661036 -1.84267342 -0.39211795
 -0.37659606 -0.46558818]"
1749855100.514779,"[ 0.          0.285773    1.25776238  2.95279584 -1.79853815  0.54742924
  1.34160775  1.78080962]","[ 0.00000000e+00  3.18179359e-05 -4.23602275e-05  3.44694302e-05
 -3.70924870e-05  0.00000000e+00  1.32474482e-04  0.00000000e+00]","[ 0.          0.14542016 16.22242355  1.87711561 -1.82707894 -0.40587178
 -0.38686484 -0.45067847]"
1749855100.5190747,"[ 0.          0.285773    1.25776238  2.95279584 -1.79853815  0.54742924
  1.34160775  1.78080962]","[ 0.00000000e+00  3.18182529e-05 -4.23598089e-05  3.44694302e-05
 -3.70368514e-05  0.00000000e+00  1.21876526e-04  0.00000000e+00]","[ 0.          0.12395703 16.19826317  1.8750304  -1.83072782 -0.40077773
 -0.39594012 -0.47164589]"
1749855100.5223365,"[ 0.          0.285773    1.25776198  2.95279584 -1.79853868  0.54742924
  1.34160868  1.78080962]","[ 0.00000000e+00  3.18182529e-05 -4.23598089e-05  2.91661490e-05
 -3.70372172e-05  0.00000000e+00  1.21967536e-04  0.00000000e+00]","[ 0.          0.09005792 16.19898224  1.87207806 -1.84879589 -0.39184248
 -0.38810202 -0.46061131]"
1749855100.5266461,"[ 0.          0.28577346  1.25776198  2.95279584 -1.79853868  0.54742924
  1.34160961  1.78080962]","[ 0.00000000e+00  3.18179359e-05 -4.23602275e-05  2.91664395e-05
 -3.70368514e-05  0.00000000e+00  1.32474482e-04  0.00000000e+00]","[ 0.          0.09430636 16.16745758  1.89327049 -1.82838738 -0.39118069
 -0.40410557 -0.43940067]"
1749855100.530049,"[ 0.          0.28577346  1.25776198  2.95279584 -1.79853868  0.54742924
  1.34160961  1.78080962]","[ 0.00000000e+00  3.18182529e-05 -4.23598089e-05  2.91664395e-05
 -3.70368514e-05  0.00000000e+00  1.32474482e-04  0.00000000e+00]","[ 0.          0.11942244 16.14822578  1.86730146 -1.80288541 -0.39013043
 -0.38985831 -0.45440647]"
1749855100.5337992,"[ 0.          0.28577346  1.25776145  2.95279584 -1.79853868  0.54742924
  1.34161054  1.78080962]","[ 0.00000000e+00  2.65149452e-05 -4.23282464e-05  2.91664395e-05
 -3.17458709e-05  0.00000000e+00  1.32474482e-04  0.00000000e+00]","[ 0.          0.14445142 16.15753746  1.87624538 -1.78994811 -0.39305288
 -0.4139784  -0.46237934]"
1749855100.5390193,"[ 0.          0.28577346  1.25776145  2.95279584 -1.79853868  0.54742924
  1.34161054  1.78080962]","[ 0.00000000e+00  2.65149452e-05 -4.23282464e-05  2.91664395e-05
 -3.17698567e-05  0.00000000e+00  1.32474482e-04  0.00000000e+00]","[ 0.          0.1826155  16.17498398  1.87467587 -1.79793608 -0.38516113
 -0.39550686 -0.45040554]"
1749855100.541917,"[ 0.          0.28577393  1.25776105  2.9527961  -1.79853868  0.54742924
  1.34161254  1.78080962]","[ 0.00000000e+00  3.18179359e-05 -4.23598089e-05  2.65149452e-05
 -3.17458709e-05  0.00000000e+00  1.42750067e-04  0.00000000e+00]","[ 0.          0.2224765  16.18284798  1.89539444 -1.76563823 -0.39329544
 -0.38730109 -0.45464402]"
1749855100.5454824,"[ 0.          0.28577393  1.25776105  2.9527961  -1.79853868  0.54742924
  1.34161254  1.78080962]","[ 0.00000000e+00  3.18179359e-05 -4.23282464e-05  2.64748795e-05
 -3.17698567e-05  0.00000000e+00  1.42856421e-04  0.00000000e+00]","[ 0.          0.2425964  16.17787743  1.92819142 -1.77126002 -0.39963803
 -0.39241099 -0.44781196]"
1749855100.5490558,"[ 0.          0.28577393  1.25776105  2.95279664 -1.79853868  0.54742924
  1.34161347  1.78080962]","[ 0.00000000e+00  2.65149452e-05 -4.23278279e-05  3.17458709e-05
 -3.17458709e-05  0.00000000e+00  1.42857835e-04  0.00000000e+00]","[ 0.          0.26694566 16.22284317  1.9352659  -1.78378308 -0.40245315
 -0.3990353  -0.45615646]"
1749855100.5528011,"[ 0.          0.2857744   1.25776052  2.95279664 -1.79853921  0.54742924
  1.34161347  1.78080962]","[ 0.00000000e+00  3.18179359e-05 -4.76192757e-05  3.17458709e-05
 -3.70372172e-05  0.00000000e+00  1.42856421e-04  0.00000000e+00]","[ 0.          0.29289433 16.2087574   1.93329942 -1.76990414 -0.39578155
 -0.39100352 -0.45358208]"
1749855100.5557435,"[ 0.          0.2857744   1.25776052  2.95279664 -1.79853921  0.54743017
  1.34161347  1.78080962]","[ 0.00000000e+00  3.18179359e-05 -4.23282464e-05  2.64548924e-05
 -3.70368514e-05  1.05979587e-05  1.42856421e-04  0.00000000e+00]","[ 0.          0.33464912 16.25714493  1.97165871 -1.80177903 -0.4049333
 -0.40360162 -0.47094905]"
1749855100.5592299,"[ 0.          0.2857744   1.25776052  2.95279664 -1.79853921  0.54743017
  1.3416144   1.78080962]","[ 0.00000000e+00  2.65149452e-05 -4.22958956e-05  2.64748795e-05
 -3.70372172e-05  1.06059783e-05  1.42964352e-04  0.00000000e+00]","[ 0.          0.3626658  16.2364769   1.99454749 -1.76991701 -0.42672712
 -0.40612918 -0.4606843 ]"
1749855100.5628054,"[ 0.          0.28577483  1.25776052  2.95279717 -1.79853921  0.54743017
  1.3416144   1.78080962]","[ 0.00000000e+00  3.18179359e-05 -4.23278279e-05  3.17461838e-05
 -3.17458709e-05  1.05979587e-05  1.42856421e-04  0.00000000e+00]","[ 0.          0.36111146 16.2092514   2.01933026 -1.78132296 -0.43356061
 -0.40858504 -0.45896801]"
1749855100.568959,"[ 0.          0.28577483  1.25776052  2.95279744 -1.79853921  0.54743017
  1.34161534  1.78080962]","[ 0.00000000e+00  3.18417103e-05 -3.70368514e-05  3.17461838e-05
 -3.17701716e-05  1.05980643e-05  1.42856421e-04  0.00000000e+00]","[ 0.          0.37927386 16.19513702  2.00190187 -1.75780296 -0.4145332
 -0.39076123 -0.4490031 ]"
1749855100.5720534,"[ 0.          0.28577529  1.25776012  2.95279744 -1.79853974  0.54743017
  1.34161627  1.78080962]","[ 0.00000000e+00  3.18179359e-05 -4.23278279e-05  3.17458709e-05
 -3.70364776e-05  1.06060839e-05  1.50792882e-04  0.00000000e+00]","[ 0.          0.35701302 16.20368385  2.0187602  -1.74054027 -0.42583379
 -0.42487845 -0.45177379]"
1749855100.5755847,"[ 0.          0.28577529  1.25775958  2.95279744 -1.79853974  0.54743017
  1.34161733  1.78080962]","[ 0.00000000e+00  3.17701716e-05 -4.76188043e-05  3.17698567e-05
 -3.70368514e-05  1.06059783e-05  1.53439886e-04  0.00000000e+00]","[ 0.          0.37081027 16.2136879   2.00947475 -1.73666966 -0.4341374
 -0.39701739 -0.45455632]"
1749855100.5790663,"[ 0.          0.28577529  1.25775958  2.95279744 -1.79853974  0.54743017
  1.34161733  1.78080962]","[ 0.00000000e+00  3.17698567e-05 -4.23278279e-05  2.64548924e-05
 -3.70651995e-05  1.05980643e-05  1.53438374e-04  0.00000000e+00]","[ 0.          0.36687383 16.2147541   2.00378609 -1.74401307 -0.41823283
 -0.39667815 -0.44897243]"
1749855100.585589,"[ 0.          0.28577576  1.25775958  2.95279797 -1.79854028  0.54743017
  1.34161827  1.78080962]","[ 0.00000000e+00  3.17698567e-05 -3.70928568e-05  3.17458709e-05
 -3.70648338e-05  1.05979587e-05  1.53438374e-04  0.00000000e+00]","[ 0.          0.32747391 16.21225739  1.98431993 -1.75427568 -0.40496823
 -0.39715359 -0.46723279]"
1749855100.589554,"[ 0.          0.28577576  1.25775918  2.9527985  -1.79854028  0.54743017
  1.3416192   1.78080962]","[ 0.00000000e+00  3.17701716e-05 -4.23918346e-05  3.70372172e-05
 -3.70648338e-05  1.05979587e-05  1.61376444e-04  0.00000000e+00]","[ 0.          0.2973209  16.17605591  1.98816299 -1.74654055 -0.40947872
 -0.39871365 -0.46080959]"
1749855100.5904217,"[ 0.          0.28577576  1.25775918  2.9527985  -1.79854081  0.54743017
  1.3416192   1.78080962]","[ 0.00000000e+00  3.17698567e-05 -4.23918346e-05  3.70368514e-05
 -4.23602275e-05  1.05979587e-05  1.53438374e-04  0.00000000e+00]","[ 0.          0.25063863 16.20184135  1.96973622 -1.7497611  -0.40630662
 -0.40311274 -0.46242422]"
1749855100.5967863,"[ 0.          0.28577576  1.25775865  2.9527985  -1.79854081  0.54743017
  1.34162013  1.78080962]","[ 0.00000000e+00  3.17698567e-05 -4.76908124e-05  3.70368514e-05
 -4.23598089e-05  1.05819570e-05  1.50794377e-04  0.00000000e+00]","[ 0.          0.22504112 16.23229599  1.93450153 -1.80075538 -0.385654
 -0.38892651 -0.45711803]"
1749855100.6002154,"[ 0.          0.28577623  1.25775865  2.9527985  -1.79854134  0.54743017
  1.34162199  1.78080962]","[ 0.00000000e+00  3.17461838e-05 -4.23918346e-05  3.17698567e-05
 -4.23278279e-05  1.05819570e-05  1.58730919e-04  0.00000000e+00]","[ 0.          0.17892312 16.25564766  1.91041529 -1.80793858 -0.39781886
 -0.4088527  -0.47407067]"
1749855100.6041327,"[ 0.          0.28577623  1.25775865  2.9527985  -1.79854134  0.54743017
  1.34162199  1.78080962]","[ 0.00000000e+00  3.17458709e-05 -4.24239132e-05  3.17461838e-05
 -4.23278279e-05  1.05900569e-05  1.58849285e-04  0.00000000e+00]","[ 0.          0.15375578 16.23358536  1.89079964 -1.84189665 -0.40212777
 -0.40843156 -0.45605439]"
1749855100.6080284,"[ 0.          0.28577623  1.25775865  2.9527985  -1.79854187  0.54743017
  1.34162293  1.78080962]","[ 0.00000000e+00  3.17701716e-05 -4.24234905e-05  3.17458709e-05
 -4.23598089e-05  1.05819570e-05  1.58729359e-04  0.00000000e+00]","[ 0.          0.12853807 16.23435974  1.90529191 -1.80818391 -0.39002863
 -0.40319556 -0.44395083]"
1749855100.6122136,"[ 0.          0.28577623  1.25775865  2.9527985  -1.79854187  0.54743017
  1.34162293  1.78080962]","[ 0.00000000e+00  3.17458709e-05 -3.71209245e-05  3.17461838e-05
 -3.70651995e-05  1.05820616e-05  1.58729359e-04  0.00000000e+00]","[ 0.          0.10517376 16.21584892  1.88519502 -1.81971169 -0.38518575
 -0.39839852 -0.45551649]"
1749855100.6156,"[ 0.          0.28577623  1.25775865  2.9527985  -1.79854241  0.54743017
  1.34162399  1.78080962]","[ 0.00000000e+00  3.17698567e-05 -3.71209245e-05  2.64548924e-05
 -4.23602275e-05  1.05819570e-05  1.61496777e-04  0.00000000e+00]","[ 0.          0.09728736 16.19725609  1.8804121  -1.83587873 -0.3861903
 -0.40654773 -0.45481139]"
1749855100.619165,"[ 0.          0.28577623  1.25775825  2.9527985  -1.79854241  0.54743017
  1.34162492  1.78080962]","[ 0.00000000e+00  3.17701716e-05 -4.23918346e-05  2.64751417e-05
 -4.23278279e-05  1.05819570e-05  1.69312986e-04  0.00000000e+00]","[ 0.          0.10751826 16.18595695  1.85589874 -1.82939994 -0.39956781
 -0.40203726 -0.45713234]"
1749855100.622442,"[ 0.          0.28577623  1.25775825  2.95279903 -1.79854241  0.54743017
  1.34162492  1.78080962]","[ 0.00000000e+00  3.17698567e-05 -3.70928568e-05  3.17698567e-05
 -4.24239132e-05  1.05819570e-05  1.61374851e-04  0.00000000e+00]","[ 0.          0.08379145 16.18848419  1.86524713 -1.78948748 -0.39009637
 -0.39643687 -0.4595117 ]"
1749855100.625896,"[ 0.          0.28577623  1.25775785  2.95279903 -1.79854241  0.54743017
  1.34162586  1.78080962]","[ 0.00000000e+00  3.17698567e-05 -4.23914120e-05  3.17698567e-05
 -3.71209245e-05  1.05819570e-05  1.69312986e-04  0.00000000e+00]","[ 0.          0.11368898 16.1770401   1.86838865 -1.77563858 -0.40411288
 -0.41285327 -0.44687942]"
1749855100.6293008,"[ 0.          0.28577623  1.25775785  2.95279903 -1.79854241  0.54743017
  1.34162679  1.78080962]","[ 0.00000000e+00  2.64551545e-05 -4.23918346e-05  3.17698567e-05
 -3.70924870e-05  1.05819570e-05  1.69311312e-04  0.00000000e+00]","[ 0.          0.12237544 16.22020721  1.8610146  -1.76145077 -0.40099722
 -0.3884908  -0.468283  ]"
1749855100.632551,"[ 0.          0.28577623  1.25775785  2.9527993  -1.79854241  0.54743017
  1.34162679  1.78080962]","[ 0.00000000e+00  2.64748795e-05 -4.24239132e-05  3.43913591e-05
 -3.70928568e-05  1.05739739e-05  1.61496777e-04  0.00000000e+00]","[ 0.          0.13634183 16.15774536  1.88625026 -1.7534095  -0.3985287
 -0.41479078 -0.47538358]"
1749855100.6369822,"[ 0.          0.28577669  1.25775785  2.9527993  -1.79854241  0.54743017
  1.34162772  1.78080962]","[ 0.00000000e+00  3.17698567e-05 -3.70928568e-05  3.43917005e-05
 -3.71205547e-05  1.05819570e-05  1.69439236e-04  0.00000000e+00]","[ 0.          0.16816361 16.17030334  1.88438463 -1.76590288 -0.40474096
 -0.40821505 -0.47060677]"
1749855100.640421,"[ 0.          0.28577669  1.25775732  2.9527993  -1.79854241  0.54743017
  1.34162865  1.78080962]","[ 0.00000000e+00  3.17698567e-05 -3.71209245e-05  3.43913591e-05
 -3.71209245e-05  1.05819570e-05  1.69439236e-04  0.00000000e+00]","[ 0.          0.19336237 16.18174934  1.93610179 -1.75416684 -0.39273408
 -0.38146868 -0.46564156]"
1749855100.643942,"[ 0.          0.28577669  1.25775692  2.9527993  -1.79854241  0.54743017
  1.34162865  1.78080962]","[ 0.00000000e+00  2.64751417e-05 -4.23918346e-05  3.17461838e-05
 -3.71209245e-05  1.05819570e-05  1.59089675e-04  0.00000000e+00]","[ 0.          0.21002901 16.19374466  1.92579484 -1.72930229 -0.40802157
 -0.39293912 -0.4644914 ]"
1749855100.648007,"[ 0.          0.28577669  1.25775692  2.9527993  -1.79854294  0.54743017
  1.34162958  1.78080962]","[ 0.00000000e+00  2.64548924e-05 -4.23918346e-05  3.17938749e-05
 -4.24234905e-05  1.05820616e-05  1.69695653e-04  0.00000000e+00]","[ 0.          0.22248329 16.18157387  1.93490601 -1.77973759 -0.39682966
 -0.38967621 -0.46620193]"
1749855100.6515763,"[ 0.          0.28577669  1.25775692  2.95280036 -1.79854294  0.54743017
  1.34162958  1.78080962]","[ 0.00000000e+00  2.64748795e-05 -4.24239132e-05  3.70928568e-05
 -4.24239132e-05  1.05819570e-05  1.59089675e-04  0.00000000e+00]","[ 0.          0.25251678 16.21099663  1.95547199 -1.76420498 -0.4159674
 -0.3826434  -0.45391279]"
1749855100.6549838,"[ 0.          0.28577669  1.25775692  2.95280036 -1.79854294  0.54743017
  1.34163065  1.78080962]","[ 0.00000000e+00  2.38091665e-05 -3.71209245e-05  3.71212943e-05
 -3.71205547e-05  1.05820616e-05  1.69695653e-04  0.00000000e+00]","[ 0.          0.27515346 16.23026657  1.96655297 -1.76957786 -0.41555846
 -0.39802837 -0.45456085]"
1749855100.6583636,"[ 0.          0.28577713  1.25775692  2.95280036 -1.79854347  0.54743017
  1.34163158  1.78080868]","[ 0.00000000e+00  2.64748795e-05 -3.71209245e-05  3.71209245e-05
 -4.24239132e-05  0.00000000e+00  1.69567338e-04 -1.05978530e-05]","[ 0.          0.28427956 16.23565865  1.97562015 -1.747787   -0.41776913
 -0.38737866 -0.45382443]"
1749855100.6632416,"[ 0.          0.28577713  1.25775692  2.95280036 -1.79854347  0.54743017
  1.34163251  1.78080868]","[ 0.00000000e+00  2.38276277e-05 -3.71205547e-05  3.18176189e-05
 -4.24239132e-05  0.00000000e+00  1.80165302e-04 -1.05979587e-05]","[ 0.          0.30506682 16.25035667  2.0027585  -1.74421382 -0.41417331
 -0.4043054  -0.4449003 ]"
1749855100.6673467,"[ 0.          0.28577759  1.25775692  2.95280063 -1.798544    0.54743017
  1.34163251  1.78080868]","[ 0.00000000e+00  2.64748795e-05 -3.70648338e-05  3.18176189e-05
 -4.76908124e-05  0.00000000e+00  1.69567338e-04 -1.05979587e-05]","[ 0.          0.32833996 16.25039482  1.96315181 -1.79456282 -0.41268095
 -0.39127451 -0.4514398 ]"
1749855100.6711607,"[ 0.          0.28577759  1.25775639  2.95280063 -1.798544    0.54743017
  1.34163345  1.78080868]","[ 0.00000000e+00  2.38094022e-05 -3.70651995e-05  3.18179359e-05
 -4.24239132e-05  0.00000000e+00  1.69695653e-04 -1.05979587e-05]","[ 0.          0.32052392 16.24564934  1.96953571 -1.77126074 -0.42395934
 -0.42203316 -0.47075656]"
1749855100.67462,"[ 0.          0.28577759  1.25775639  2.95280116 -1.79854454  0.54743017
  1.34163345  1.78080868]","[ 0.00000000e+00  2.38634509e-05 -3.17698567e-05  3.71205547e-05
 -4.76908124e-05  0.00000000e+00  1.59089675e-04 -1.05979587e-05]","[ 0.          0.29992062 16.22875786  1.99431872 -1.77677488 -0.41383305
 -0.41621199 -0.45738336]"
1749855100.679936,"[ 0.          0.28577759  1.25775639  2.95280116 -1.79854454  0.54743017
  1.34163438  1.78080868]","[ 0.00000000e+00  2.38634509e-05 -3.17698567e-05  3.71209245e-05
 -4.76908124e-05  0.00000000e+00  1.69693962e-04 -1.05979587e-05]","[ 0.          0.31701615 16.22143173  1.99520612 -1.77856374 -0.40916774
 -0.41972861 -0.45654106]"
1749855100.684436,"[ 0.          0.28577759  1.25775599  2.95280116 -1.79854454  0.54743017
  1.34163531  1.78080868]","[ 0.00000000e+00  1.85604623e-05 -3.70648338e-05  3.18179359e-05
 -4.24239132e-05  0.00000000e+00  1.69693962e-04 -1.05979587e-05]","[ 0.          0.24682815 16.21421242  1.97227323 -1.78263199 -0.42706087
 -0.41529456 -0.43906724]"
1749855100.687467,"[ 0.          0.28577759  1.25775599  2.95280116 -1.79854507  0.54743017
  1.34163531  1.78080868]","[ 0.00000000e+00  1.85604623e-05 -3.17698567e-05  2.65149452e-05
 -4.76912879e-05  0.00000000e+00  1.58969375e-04 -1.05979587e-05]","[ 0.          0.24355689 16.20238686  1.94610095 -1.78315496 -0.40590051
 -0.40883017 -0.46870628]"
1749855100.691015,"[ 0.          0.28577806  1.25775599  2.95280116 -1.7985456   0.54743017
  1.34163624  1.78080868]","[ 0.00000000e+00  2.38634509e-05 -3.17701716e-05  2.65149452e-05
 -4.77269018e-05  0.00000000e+00  1.69567338e-04 -1.05740785e-05]","[ 0.          0.23018043 16.17503357  1.9213022  -1.74189961 -0.40207872
 -0.41866511 -0.45194864]"
1749855100.6942964,"[ 0.          0.28577806  1.25775546  2.9528017  -1.7985456   0.54743017
  1.34163624  1.78080868]","[ 0.00000000e+00  2.38636886e-05 -3.70648338e-05  3.18179359e-05
 -4.77269018e-05  0.00000000e+00  1.58967798e-04 -1.05819570e-05]","[ 0.          0.2145462  16.2059269   1.92954743 -1.77797437 -0.40583017
 -0.40911493 -0.46191829]"
1749855100.6971524,"[ 0.          0.28577806  1.25775546  2.9528017  -1.7985456   0.54743017
  1.34163731  1.78080868]","[ 0.00000000e+00  1.85604623e-05 -3.17461838e-05  3.18179359e-05
 -4.24234905e-05  0.00000000e+00  1.61741166e-04 -1.05820616e-05]","[ 0.          0.21249036 16.19330788  1.91438937 -1.78206611 -0.40080658
 -0.40729487 -0.46172914]"
1749855100.7007353,"[ 0.          0.28577806  1.25775546  2.9528017  -1.7985456   0.54743017
  1.34163824  1.78080868]","[ 0.00000000e+00  1.85602774e-05 -3.17698567e-05  3.17938749e-05
 -4.24239132e-05  0.00000000e+00  1.61741166e-04 -1.05819570e-05]","[ 0.          0.2023119  16.2057476   1.90151668 -1.76646447 -0.38528258
 -0.40644595 -0.45424816]"
1749855100.7047951,"[ 0.          0.28577806  1.25775546  2.9528017  -1.7985456   0.54743017
  1.34163917  1.78080868]","[ 0.00000000e+00  1.85745164e-05 -3.17698567e-05  3.17938749e-05
 -4.23602275e-05  0.00000000e+00  1.69695653e-04 -1.05819570e-05]","[ 0.          0.1819957  16.22993088  1.91785169 -1.79623997 -0.39553168
 -0.41582114 -0.45992959]"
1749855100.7081728,"[ 0.          0.28577806  1.25775546  2.9528017  -1.7985456   0.54743017
  1.3416401   1.78080868]","[ 0.00000000e+00  1.85745164e-05 -3.17701716e-05  3.17938749e-05
 -3.70648338e-05  0.00000000e+00  1.69695653e-04 -1.05819570e-05]","[ 0.          0.20080194 16.2204361   1.91404641 -1.76178396 -0.40576437
 -0.41511664 -0.44256517]"
1749855100.7122886,"[ 0.          0.28577806  1.25775506  2.9528017  -1.79854613  0.54743017
  1.34164104  1.78080868]","[ 0.00000000e+00  1.85745164e-05 -3.70648338e-05  3.17935580e-05
 -3.70648338e-05  0.00000000e+00  1.80301630e-04 -1.05819570e-05]","[ 0.          0.18168381 16.23884201  1.87805462 -1.76571953 -0.38265529
 -0.39345878 -0.45807141]"
1749855100.7156634,"[ 0.          0.28577806  1.25775506  2.95280223 -1.79854613  0.54743017
  1.34164104  1.78080868]","[ 0.00000000e+00  1.85745164e-05 -3.70648338e-05  3.70928568e-05
 -3.70368514e-05  0.00000000e+00  1.59089675e-04 -1.05820616e-05]","[ 0.          0.17088856 16.24963951  1.88073134 -1.75943863 -0.38006935
 -0.3918792  -0.45684227]"
1749855100.7185893,"[ 0.          0.28577806  1.25775506  2.95280223 -1.79854667  0.54743017
  1.34164104  1.78080868]","[ 0.00000000e+00  1.85743315e-05 -3.17698567e-05  3.70368514e-05
 -4.23278279e-05  0.00000000e+00  1.58969375e-04 -1.05819570e-05]","[ 0.          0.15795916 16.22115326  1.89628136 -1.78625357 -0.38654453
 -0.40610728 -0.44840285]"
1749855100.7223742,"[ 0.          0.28577806  1.25775506  2.95280223 -1.79854667  0.54743017
  1.34164197  1.78080868]","[ 0.00000000e+00  1.85604623e-05 -3.17701716e-05  3.17458709e-05
 -4.23282464e-05  0.00000000e+00  1.69311312e-04 -1.05819570e-05]","[ 0.          0.15327422 16.21703339  1.91475236 -1.79365134 -0.41105101
 -0.40261298 -0.460417  ]"
1749855100.7278476,"[ 0.          0.28577852  1.25775506  2.95280223 -1.7985472   0.54743017
  1.3416429   1.78080868]","[ 0.00000000e+00  2.38636886e-05 -2.64748795e-05  3.17458709e-05
 -4.76188043e-05  0.00000000e+00  1.69311312e-04 -1.05819570e-05]","[ 0.          0.16304949 16.18496895  1.90872669 -1.75946653 -0.40127102
 -0.40183437 -0.46316445]"
1749855100.7303755,"[ 0.          0.28577852  1.25775452  2.9528025  -1.7985472   0.54743017
  1.34164397  1.78080868]","[ 0.00000000e+00  2.38634509e-05 -3.17938749e-05  3.17458709e-05
 -4.76552554e-05  0.00000000e+00  1.69439236e-04 -1.05819570e-05]","[ 0.          0.18233155 16.20132637  1.90090775 -1.77278507 -0.40853998
 -0.39284813 -0.46624061]"
1749855100.7351046,"[ 0.          0.28577852  1.25775452  2.9528025  -1.7985472   0.54743017
  1.34164397  1.78080868]","[ 0.00000000e+00  2.38634509e-05 -3.17698567e-05  3.17458709e-05
 -4.76547840e-05  0.00000000e+00  1.61496777e-04 -1.05819570e-05]","[ 0.          0.17070243 16.20483398  1.91197193 -1.75152397 -0.39218059
 -0.39242524 -0.45656821]"
1749855100.7412448,"[ 0.          0.28577852  1.25775452  2.9528025  -1.7985472   0.54743017
  1.3416449   1.78080868]","[ 0.00000000e+00  1.85464284e-05 -3.17698567e-05  3.17458709e-05
 -4.76547840e-05  0.00000000e+00  1.69439236e-04 -1.05899522e-05]","[ 0.          0.17782997 16.19694328  1.91519284 -1.76715648 -0.41357028
 -0.3980937  -0.45256266]"
1749855100.7433546,"[ 0.          0.28577852  1.25775452  2.9528025  -1.79854773  0.54743017
  1.34164583  1.78080868]","[ 0.00000000e+00  1.85604623e-05 -2.64748795e-05  3.17458709e-05
 -5.29502833e-05  0.00000000e+00  1.69439236e-04 -1.05819570e-05]","[ 0.          0.20356885 16.19307518  1.9081316  -1.73729312 -0.40894678
 -0.37987489 -0.46815798]"
1749855100.746892,"[ 0.          0.28577852  1.25775412  2.9528025  -1.79854773  0.54743017
  1.34164583  1.78080868]","[ 0.00000000e+00  1.85604623e-05 -2.64751417e-05  3.17458709e-05
 -4.76547840e-05  0.00000000e+00  1.69309621e-04 -1.05819570e-05]","[ 0.          0.19042592 16.19624138  1.87213707 -1.73544514 -0.41464922
 -0.40027484 -0.47390822]"
1749855100.7511263,"[ 0.          0.28577852  1.25775412  2.95280303 -1.79854827  0.54743017
  1.34164676  1.78080868]","[ 0.00000000e+00  1.85602774e-05 -2.64748795e-05  3.17461838e-05
 -5.29502833e-05  0.00000000e+00  1.69311312e-04 -1.05819570e-05]","[ 0.          0.17679574 16.23735046  1.91425431 -1.77863002 -0.40334734
 -0.40633714 -0.45194831]"
1749855100.7579765,"[ 0.          0.28577896  1.25775412  2.95280303 -1.79854827  0.54743017
  1.34164769  1.78080868]","[ 0.00000000e+00  2.12121679e-05 -2.64548924e-05  2.64551545e-05
 -5.29497591e-05  0.00000000e+00  1.69439236e-04 -1.05819570e-05]","[ 0.          0.23070182 16.2440567   1.93449187 -1.77906954 -0.3822943
 -0.39056164 -0.45761421]"
1749855100.7619584,"[ 0.          0.28577896  1.25775412  2.95280303 -1.7985488   0.54743017
  1.34164863  1.78080868]","[ 0.00000000e+00  1.85184257e-05 -2.65146811e-05  2.64548924e-05
 -5.29092566e-05  0.00000000e+00  1.69311312e-04  0.00000000e+00]","[ 0.          0.2257147  16.26149559  1.9041779  -1.74652672 -0.41104054
 -0.41456485 -0.47497255]"
1749855100.76486,"[ 0.          0.28577896  1.25775412  2.95280303 -1.7985488   0.54743017
  1.34164956  1.78080868]","[ 0.00000000e+00  1.85184257e-05 -2.65149452e-05  2.38094022e-05
 -5.29097849e-05  0.00000000e+00  1.69311312e-04  0.00000000e+00]","[ 0.          0.21343271 16.24237061  1.91535401 -1.77937472 -0.41849193
 -0.41661885 -0.45843738]"
1749855100.7684355,"[ 0.          0.28577896  1.25775412  2.95280356 -1.7985488   0.54743017
  1.34164956  1.78080868]","[ 0.00000000e+00  1.32374398e-05 -2.11959173e-05  2.90784288e-05
 -4.76552554e-05  0.00000000e+00  1.69311312e-04  0.00000000e+00]","[ 0.          0.24151278 16.25830269  1.93884718 -1.78658462 -0.38765821
 -0.40334603 -0.46354684]"
1749855100.7759383,"[ 0.          0.28577896  1.25775372  2.95280356 -1.7985488   0.54743017
  1.34165062  1.78080868]","[ 0.00000000e+00  1.32374398e-05 -2.64948971e-05  2.90784288e-05
 -4.76547840e-05  0.00000000e+00  1.80030974e-04  0.00000000e+00]","[ 0.          0.23841667 16.21981049  1.91533065 -1.78131247 -0.38872889
 -0.39488497 -0.4471401 ]"
1749855100.7793508,"[ 0.          0.28577942  1.25775372  2.95280409 -1.79854933  0.54743017
  1.34165156  1.78080868]","[ 0.00000000e+00  1.85184257e-05 -2.65146811e-05  2.91003827e-05
 -4.76547840e-05  0.00000000e+00  1.69439236e-04  0.00000000e+00]","[ 0.          0.24683782 16.19602966  1.94722569 -1.74740434 -0.4111304
 -0.40312037 -0.4300423 ]"
1749855100.7829394,"[ 0.          0.28577942  1.25775372  2.95280409 -1.79854933  0.54743017
  1.34165249  1.78080868]","[ 0.00000000e+00  1.85186086e-05 -2.12119566e-05  2.91003827e-05
 -4.76188043e-05  0.00000000e+00  1.69312986e-04  0.00000000e+00]","[ 0.          0.24959335 16.19317245  1.92512059 -1.74987543 -0.41980904
 -0.42077595 -0.44828773]"
1749855100.7868383,"[ 0.          0.28577942  1.25775372  2.95280409 -1.79854986  0.54743017
  1.34165342  1.78080868]","[ 0.00000000e+00  1.85184257e-05 -2.12119566e-05  2.91003827e-05
 -4.76547840e-05  0.00000000e+00  1.79893264e-04  0.00000000e+00]","[ 0.          0.27278236 16.18774605  1.98756075 -1.77155817 -0.40431327
 -0.39866552 -0.47804722]"
1749855100.790469,"[ 0.          0.28577942  1.25775319  2.95280409 -1.79854986  0.54743017
  1.34165435  1.78080868]","[ 0.00000000e+00  1.85186086e-05 -2.65149452e-05  2.91003827e-05
 -4.76188043e-05  0.00000000e+00  1.79895052e-04  0.00000000e+00]","[ 0.          0.27729595 16.21109962  1.95185709 -1.76299167 -0.42111415
 -0.39985868 -0.45442811]"
1749855100.7945747,"[ 0.          0.28577942  1.25775319  2.95280409 -1.7985504   0.54743017
  1.34165622  1.78080775]","[ 0.00000000e+00  1.32274462e-05 -2.12119566e-05  2.91006692e-05
 -4.76192757e-05  0.00000000e+00  1.98411694e-04 -1.05979587e-05]","[ 0.          0.25474748 16.21664047  1.94385409 -1.76117742 -0.40724164
 -0.40223518 -0.48231176]"
1749855100.7974927,"[ 0.          0.28577942  1.25775319  2.95280436 -1.7985504   0.54743017
  1.34165728  1.78080775]","[ 0.00000000e+00  1.32274462e-05 -2.12117453e-05  2.64548924e-05
 -4.76547840e-05  0.00000000e+00  1.98411694e-04 -1.05979587e-05]","[ 0.          0.26332808 16.22133255  1.92942035 -1.73838627 -0.40489608
 -0.38018155 -0.44012824]"
1749855100.8008926,"[ 0.          0.28577942  1.25775319  2.95280436 -1.7985504   0.54743017
  1.34165728  1.78080775]","[ 0.00000000e+00  1.32274462e-05 -2.12119566e-05  2.64351959e-05
 -4.76552554e-05  0.00000000e+00  1.90619136e-04 -1.05979587e-05]","[ 0.          0.25665337 16.22899246  1.96715689 -1.73812473 -0.41167328
 -0.41030166 -0.44263932]"
1749855100.806261,"[ 0.          0.28577989  1.25775319  2.95280489 -1.7985504   0.54743017
  1.34165915  1.78080775]","[ 0.00000000e+00  1.85184257e-05 -2.12119566e-05  3.17219217e-05
 -4.77269018e-05  0.00000000e+00  1.98413661e-04 -1.05980643e-05]","[ 0.          0.2484069  16.23791695  1.95916998 -1.78032494 -0.40772822
 -0.39048293 -0.46348417]"
1749855100.809776,"[ 0.          0.28577989  1.25775279  2.95280489 -1.79855093  0.54743017
  1.34166101  1.78080775]","[ 0.00000000e+00  1.85044548e-05 -2.12117453e-05  3.17458709e-05
 -5.30298904e-05  0.00000000e+00  2.06350203e-04 -1.05979587e-05]","[ 0.          0.26584294 16.23758316  1.9719981  -1.74924898 -0.40261781
 -0.39885956 -0.48045072]"
1749855100.8183057,"[ 0.          0.28577989  1.25775279  2.95280489 -1.79855093  0.54743017
  1.34166287  1.78080775]","[ 0.00000000e+00  1.85046377e-05 -2.12119566e-05  3.17458709e-05
 -4.77269018e-05  0.00000000e+00  2.16930124e-04 -1.05979587e-05]","[ 0.          0.21930055 16.24246788  1.92662251 -1.76723444 -0.41736227
 -0.40522212 -0.45671445]"
1749855100.8217556,"[ 0.          0.28577989  1.25775279  2.95280489 -1.79855146  0.54743017
  1.34166767  1.78080775]","[ 0.00000000e+00  1.85046377e-05 -2.12278069e-05  2.64951613e-05
 -4.77630399e-05  0.00000000e+00  2.54351000e-04 -1.05899522e-05]","[ 0.          0.21562472 16.21915627  1.89609265 -1.76602328 -0.39566234
 -0.40166008 -0.45075816]"
1749855100.8260853,"[ 0.          0.28577989  1.25775279  2.95280489 -1.79855146  0.54743017
  1.34167153  1.78080775]","[ 0.00000000e+00  1.32174669e-05 -2.12119566e-05  2.64948971e-05
 -4.77269018e-05  0.00000000e+00  2.86144891e-04 -1.05979587e-05]","[ 0.          0.19724452 16.22184944  1.92326462 -1.78134966 -0.42265251
 -0.39939705 -0.44566563]"
1749855100.8301122,"[ 0.          0.28577989  1.25775279  2.95280542 -1.79855199  0.54743017
  1.34167526  1.78080775]","[ 0.00000000e+00  1.32174669e-05 -2.12119566e-05  3.17938749e-05
 -4.77269018e-05  0.00000000e+00  3.12639768e-04 -1.06059783e-05]","[ 0.          0.17642027 16.24123001  1.89788568 -1.77068925 -0.39482325
 -0.4112801  -0.4637818 ]"
1749855100.8341737,"[ 0.          0.28577989  1.25775226  2.95280542 -1.79855199  0.54743017
  1.34168098  1.78080775]","[ 0.00000000e+00  1.32175979e-05 -2.12119566e-05  2.91446766e-05
 -4.77269018e-05  0.00000000e+00  3.71931187e-04 -1.05979587e-05]","[ 0.          0.15760982 16.23065758  1.91728258 -1.75818062 -0.40104142
 -0.4220489  -0.44751668]"
1749855100.8371408,"[ 0.          0.28577989  1.25775226  2.95280542 -1.79855199  0.54743017
  1.34168951  1.78080775]","[ 0.00000000e+00  1.32274462e-05 -2.12119566e-05  2.91443860e-05
 -4.77264263e-05  0.00000000e+00  5.59605176e-04 -1.05980643e-05]","[ 0.          0.16067898 16.21386337  1.87853742 -1.7263031  -0.37955722
 -0.41943991 -0.45023361]"
1749855100.8399777,"[ 0.          0.28577989  1.25775226  2.95280542 -1.79855199  0.54743017
  1.34170002  1.78080775]","[ 0.00000000e+00  1.32274462e-05 -2.12119566e-05  2.91443860e-05
 -4.24560364e-05  0.00000000e+00  9.65980477e-04 -1.05979587e-05]","[ 0.          0.16856623 16.21339035  1.8776232  -1.76127267 -0.40255025
 -0.40517724 -0.45206806]"
1749855100.8458035,"[ 0.          0.28577989  1.25775226  2.95280542 -1.79855199  0.54743017
  1.34172386  1.78080775]","[ 0.00000000e+00  1.32274462e-05 -1.85604623e-05  2.91443860e-05
 -4.24239132e-05  0.00000000e+00  2.78617052e-03 -1.05979587e-05]","[ 0.          0.15732175 16.22927094  1.88843191 -1.74433887 -0.37981045
 -0.41984937 -0.43892679]"
1749855100.849905,"[ 0.          0.28577989  1.25775226  2.95280569 -1.79855199  0.54743017
  1.34190362  1.78080775]","[ 0.00000000e+00  1.32375708e-05 -1.85604623e-05  2.64948971e-05
 -3.71209245e-05  0.00000000e+00  3.76152695e-02 -1.06060839e-05]","[ 0.          0.1438684  16.23932457  1.89844203 -1.77622581 -0.41563544
 -0.5413512  -0.46825397]"
1749855100.8539705,"[ 0.          0.28577989  1.25775226  2.95280569 -1.79855253  0.54743017
  1.34202919  1.78080775]","[ 0.00000000e+00  1.32274462e-05 -1.85602774e-05  2.64951613e-05
 -4.24239132e-05  0.00000000e+00  2.68069842e-02 -1.06059783e-05]","[ 0.          0.12808274 16.33261108  1.93396115 -1.8311789  -0.38891789
 -0.41964555 -0.43735906]"
1749855100.8579936,"[ 0.          0.28577989  1.25775226  2.95280569 -1.79855253  0.54743017
  1.34209963  1.78080775]","[ 0.00000000e+00  1.05820616e-05 -1.85324169e-05  2.64948971e-05
 -3.71209245e-05  0.00000000e+00  1.15353491e-02 -1.06059783e-05]","[ 0.          0.14080018 16.39281845  1.93822455 -1.80972207 -0.40236571
 -0.46302745 -0.46247452]"
1749855100.8614302,"[ 0.          0.28577989  1.25775226  2.95280569 -1.79855253  0.54743017
  1.34209963  1.78080775]","[ 0.00000000e+00  1.05979587e-05 -1.85324169e-05  2.64948971e-05
 -3.71212943e-05  0.00000000e+00 -2.73078041e-03 -1.05900569e-05]","[ 0.          0.16204317 16.37514687  1.94076204 -1.78045797 -0.40028739
 -0.43886945 -0.44212866]"
