Time,Position,Velocity,Effort
1749227811.356515,"[ 0.00000000e+00  7.61698893e-01  8.58216977e-01  3.06393914e+00
 -2.26897623e+00  1.86936601e-03  9.58904041e-01  1.57321088e+00]","[ 0.          1.12219723  0.68982896  0.24119704  0.42806177  0.6752437
 -0.49697935  0.80407498]","[ 0.          2.51525903 13.43210697  1.37129939 -7.31209421 -0.35800028
  0.66551435 -1.17162502]"
1749227811.35829,"[ 0.00000000e+00  7.61698893e-01  8.58216977e-01  3.06393914e+00
 -2.26897623e+00  1.86936601e-03  9.58904041e-01  1.57321088e+00]","[ 0.          1.12219723  0.68982896  0.24119704  0.42806177  0.6752437
 -0.49697935  0.80407498]","[ 0.          2.51525903 13.43210697  1.37129939 -7.31209421 -0.35800028
  0.66551435 -1.17162502]"
1749227811.3600495,"[ 0.00000000e+00  7.61698893e-01  8.58216977e-01  3.06393914e+00
 -2.26897623e+00  1.86936601e-03  9.58904041e-01  1.57321088e+00]","[ 0.          1.12219723  0.68982896  0.24119704  0.42806177  0.6752437
 -0.49697935  0.80407498]","[ 0.          2.51525903 13.43210697  1.37129939 -7.31209421 -0.35800028
  0.66551435 -1.17162502]"
1749227811.36123,"[ 0.00000000e+00  7.61698893e-01  8.58216977e-01  3.06393914e+00
 -2.26897623e+00  1.86936601e-03  9.58904041e-01  1.57321088e+00]","[ 0.          1.12219723  0.68982896  0.24119704  0.42806177  0.6752437
 -0.49697935  0.80407498]","[ 0.          2.51525903 13.43210697  1.37129939 -7.31209421 -0.35800028
  0.66551435 -1.17162502]"
1749227811.363053,"[ 0.00000000e+00  7.61698893e-01  8.58216977e-01  3.06393914e+00
 -2.26897623e+00  1.86936601e-03  9.58904041e-01  1.57321088e+00]","[ 0.          1.12219723  0.68982896  0.24119704  0.42806177  0.6752437
 -0.49697935  0.80407498]","[ 0.          2.51525903 13.43210697  1.37129939 -7.31209421 -0.35800028
  0.66551435 -1.17162502]"
1749227811.3641784,"[ 0.00000000e+00  7.61698893e-01  8.58216977e-01  3.06393914e+00
 -2.26897623e+00  1.86936601e-03  9.58904041e-01  1.57321088e+00]","[ 0.          1.12219723  0.68982896  0.24119704  0.42806177  0.6752437
 -0.49697935  0.80407498]","[ 0.          2.51525903 13.43210697  1.37129939 -7.31209421 -0.35800028
  0.66551435 -1.17162502]"
1749227811.3661153,"[ 0.00000000e+00  7.61698893e-01  8.58216977e-01  3.06393914e+00
 -2.26897623e+00  1.86936601e-03  9.58904041e-01  1.57321088e+00]","[ 0.          1.12219723  0.68982896  0.24119704  0.42806177  0.6752437
 -0.49697935  0.80407498]","[ 0.          2.51525903 13.43210697  1.37129939 -7.31209421 -0.35800028
  0.66551435 -1.17162502]"
1749227811.3676207,"[ 0.00000000e+00  7.61698893e-01  8.58216977e-01  3.06393914e+00
 -2.26897623e+00  1.86936601e-03  9.58904041e-01  1.57321088e+00]","[ 0.          1.12219723  0.68982896  0.24119704  0.42806177  0.6752437
 -0.49697935  0.80407498]","[ 0.          2.51525903 13.43210697  1.37129939 -7.31209421 -0.35800028
  0.66551435 -1.17162502]"
1749227811.3688042,"[ 0.00000000e+00  7.61698893e-01  8.58216977e-01  3.06393914e+00
 -2.26897623e+00  1.86936601e-03  9.58904041e-01  1.57321088e+00]","[ 0.          1.12219723  0.68982896  0.24119704  0.42806177  0.6752437
 -0.49697935  0.80407498]","[ 0.          2.51525903 13.43210697  1.37129939 -7.31209421 -0.35800028
  0.66551435 -1.17162502]"
1749227811.370548,"[ 0.00000000e+00  7.61698893e-01  8.58216977e-01  3.06393914e+00
 -2.26897623e+00  1.86936601e-03  9.58904041e-01  1.57321088e+00]","[ 0.          1.12219723  0.68982896  0.24119704  0.42806177  0.6752437
 -0.49697935  0.80407498]","[ 0.          2.51525903 13.43210697  1.37129939 -7.31209421 -0.35800028
  0.66551435 -1.17162502]"
1749227811.3717334,"[ 0.00000000e+00  7.61698893e-01  8.58216977e-01  3.06393914e+00
 -2.26897623e+00  1.86936601e-03  9.58904041e-01  1.57321088e+00]","[ 0.          1.12219723  0.68982896  0.24119704  0.42806177  0.6752437
 -0.49697935  0.80407498]","[ 0.          2.51525903 13.43210697  1.37129939 -7.31209421 -0.35800028
  0.66551435 -1.17162502]"
1749227811.37354,"[ 0.00000000e+00  7.61698893e-01  8.58216977e-01  3.06393914e+00
 -2.26897623e+00  1.86936601e-03  9.58904041e-01  1.57321088e+00]","[ 0.          1.12219723  0.68982896  0.24119704  0.42806177  0.6752437
 -0.49697935  0.80407498]","[ 0.          2.51525903 13.43210697  1.37129939 -7.31209421 -0.35800028
  0.66551435 -1.17162502]"
1749227811.3751173,"[ 0.00000000e+00  7.61698893e-01  8.58216977e-01  3.06393914e+00
 -2.26897623e+00  1.86936601e-03  9.58904041e-01  1.57321088e+00]","[ 0.          1.12219723  0.68982896  0.24119704  0.42806177  0.6752437
 -0.49697935  0.80407498]","[ 0.          2.51525903 13.43210697  1.37129939 -7.31209421 -0.35800028
  0.66551435 -1.17162502]"
1749227811.376294,"[ 0.00000000e+00  7.61698893e-01  8.58216977e-01  3.06393914e+00
 -2.26897623e+00  1.86936601e-03  9.58904041e-01  1.57321088e+00]","[ 0.          1.12219723  0.68982896  0.24119704  0.42806177  0.6752437
 -0.49697935  0.80407498]","[ 0.          2.51525903 13.43210697  1.37129939 -7.31209421 -0.35800028
  0.66551435 -1.17162502]"
1749227811.378079,"[ 0.00000000e+00  7.61698893e-01  8.58216977e-01  3.06393914e+00
 -2.26897623e+00  1.86936601e-03  9.58904041e-01  1.57321088e+00]","[ 0.          1.12219723  0.68982896  0.24119704  0.42806177  0.6752437
 -0.49697935  0.80407498]","[ 0.          2.51525903 13.43210697  1.37129939 -7.31209421 -0.35800028
  0.66551435 -1.17162502]"
1749227811.3792622,"[ 0.00000000e+00  7.61698893e-01  8.58216977e-01  3.06393914e+00
 -2.26897623e+00  1.86936601e-03  9.58904041e-01  1.57321088e+00]","[ 0.          1.12219723  0.68982896  0.24119704  0.42806177  0.6752437
 -0.49697935  0.80407498]","[ 0.          2.51525903 13.43210697  1.37129939 -7.31209421 -0.35800028
  0.66551435 -1.17162502]"
1749227811.3810186,"[ 0.00000000e+00  7.61698893e-01  8.58216977e-01  3.06393914e+00
 -2.26897623e+00  1.86936601e-03  9.58904041e-01  1.57321088e+00]","[ 0.          1.12219723  0.68982896  0.24119704  0.42806177  0.6752437
 -0.49697935  0.80407498]","[ 0.          2.51525903 13.43210697  1.37129939 -7.31209421 -0.35800028
  0.66551435 -1.17162502]"
1749227811.3828042,"[ 0.00000000e+00  7.61698893e-01  8.58216977e-01  3.06393914e+00
 -2.26897623e+00  1.86936601e-03  9.58904041e-01  1.57321088e+00]","[ 0.          1.12219723  0.68982896  0.24119704  0.42806177  0.6752437
 -0.49697935  0.80407498]","[ 0.          2.51525903 13.43210697  1.37129939 -7.31209421 -0.35800028
  0.66551435 -1.17162502]"
1749227811.3839917,"[ 0.00000000e+00  7.61698893e-01  8.58216977e-01  3.06393914e+00
 -2.26897623e+00  1.86936601e-03  9.58904041e-01  1.57321088e+00]","[ 0.          1.12219723  0.68982896  0.24119704  0.42806177  0.6752437
 -0.49697935  0.80407498]","[ 0.          2.51525903 13.43210697  1.37129939 -7.31209421 -0.35800028
  0.66551435 -1.17162502]"
1749227811.3857949,"[ 0.00000000e+00  7.61698893e-01  8.58216977e-01  3.06393914e+00
 -2.26897623e+00  1.86936601e-03  9.58904041e-01  1.57321088e+00]","[ 0.          1.12219723  0.68982896  0.24119704  0.42806177  0.6752437
 -0.49697935  0.80407498]","[ 0.          2.51525903 13.43210697  1.37129939 -7.31209421 -0.35800028
  0.66551435 -1.17162502]"
1749227811.3869193,"[ 0.00000000e+00  7.61698893e-01  8.58216977e-01  3.06393914e+00
 -2.26897623e+00  1.86936601e-03  9.58904041e-01  1.57321088e+00]","[ 0.          1.12219723  0.68982896  0.24119704  0.42806177  0.6752437
 -0.49697935  0.80407498]","[ 0.          2.51525903 13.43210697  1.37129939 -7.31209421 -0.35800028
  0.66551435 -1.17162502]"
1749227811.388667,"[ 0.00000000e+00  7.61698893e-01  8.58216977e-01  3.06393914e+00
 -2.26897623e+00  1.86936601e-03  9.58904041e-01  1.57321088e+00]","[ 0.          1.12219723  0.68982896  0.24119704  0.42806177  0.6752437
 -0.49697935  0.80407498]","[ 0.          2.51525903 13.43210697  1.37129939 -7.31209421 -0.35800028
  0.66551435 -1.17162502]"
1749227811.3903975,"[ 0.00000000e+00  7.61698893e-01  8.58216977e-01  3.06393914e+00
 -2.26897623e+00  1.86936601e-03  9.58904041e-01  1.57321088e+00]","[ 0.          1.12219723  0.68982896  0.24119704  0.42806177  0.6752437
 -0.49697935  0.80407498]","[ 0.          2.51525903 13.43210697  1.37129939 -7.31209421 -0.35800028
  0.66551435 -1.17162502]"
1749227811.3915093,"[ 0.00000000e+00  7.61698893e-01  8.58216977e-01  3.06393914e+00
 -2.26897623e+00  1.86936601e-03  9.58904041e-01  1.57321088e+00]","[ 0.          1.12219723  0.68982896  0.24119704  0.42806177  0.6752437
 -0.49697935  0.80407498]","[ 0.          2.51525903 13.43210697  1.37129939 -7.31209421 -0.35800028
  0.66551435 -1.17162502]"
1749227811.3939083,"[ 0.00000000e+00  7.61698893e-01  8.58216977e-01  3.06393914e+00
 -2.26897623e+00  1.86936601e-03  9.58904041e-01  1.57321088e+00]","[ 0.          1.12219723  0.68982896  0.24119704  0.42806177  0.6752437
 -0.49697935  0.80407498]","[ 0.          2.51525903 13.43210697  1.37129939 -7.31209421 -0.35800028
  0.66551435 -1.17162502]"
1749227811.3950644,"[ 0.00000000e+00  7.61698893e-01  8.58216977e-01  3.06393914e+00
 -2.26897623e+00  1.86936601e-03  9.58904041e-01  1.57321088e+00]","[ 0.          1.12219723  0.68982896  0.24119704  0.42806177  0.6752437
 -0.49697935  0.80407498]","[ 0.          2.51525903 13.43210697  1.37129939 -7.31209421 -0.35800028
  0.66551435 -1.17162502]"
1749227811.3968077,"[ 0.00000000e+00  7.61698893e-01  8.58216977e-01  3.06393914e+00
 -2.26897623e+00  1.86936601e-03  9.58904041e-01  1.57321088e+00]","[ 0.          1.12219723  0.68982896  0.24119704  0.42806177  0.6752437
 -0.49697935  0.80407498]","[ 0.          2.51525903 13.43210697  1.37129939 -7.31209421 -0.35800028
  0.66551435 -1.17162502]"
1749227811.3980072,"[ 0.00000000e+00  7.61698893e-01  8.58216977e-01  3.06393914e+00
 -2.26897623e+00  1.86936601e-03  9.58904041e-01  1.57321088e+00]","[ 0.          1.12219723  0.68982896  0.24119704  0.42806177  0.6752437
 -0.49697935  0.80407498]","[ 0.          2.51525903 13.43210697  1.37129939 -7.31209421 -0.35800028
  0.66551435 -1.17162502]"
1749227811.3997145,"[ 0.00000000e+00  7.61698893e-01  8.58216977e-01  3.06393914e+00
 -2.26897623e+00  1.86936601e-03  9.58904041e-01  1.57321088e+00]","[ 0.          1.12219723  0.68982896  0.24119704  0.42806177  0.6752437
 -0.49697935  0.80407498]","[ 0.          2.51525903 13.43210697  1.37129939 -7.31209421 -0.35800028
  0.66551435 -1.17162502]"
1749227811.4015362,"[ 0.00000000e+00  7.61698893e-01  8.58216977e-01  3.06393914e+00
 -2.26897623e+00  1.86936601e-03  9.58904041e-01  1.57321088e+00]","[ 0.          1.12219723  0.68982896  0.24119704  0.42806177  0.6752437
 -0.49697935  0.80407498]","[ 0.          2.51525903 13.43210697  1.37129939 -7.31209421 -0.35800028
  0.66551435 -1.17162502]"
1749227811.4025948,"[ 0.00000000e+00  7.61698893e-01  8.58216977e-01  3.06393914e+00
 -2.26897623e+00  1.86936601e-03  9.58904041e-01  1.57321088e+00]","[ 0.          1.12219723  0.68982896  0.24119704  0.42806177  0.6752437
 -0.49697935  0.80407498]","[ 0.          2.51525903 13.43210697  1.37129939 -7.31209421 -0.35800028
  0.66551435 -1.17162502]"
1749227811.4042623,"[ 0.00000000e+00  7.61698893e-01  8.58216977e-01  3.06393914e+00
 -2.26897623e+00  1.86936601e-03  9.58904041e-01  1.57321088e+00]","[ 0.          1.12219723  0.68982896  0.24119704  0.42806177  0.6752437
 -0.49697935  0.80407498]","[ 0.          2.51525903 13.43210697  1.37129939 -7.31209421 -0.35800028
  0.66551435 -1.17162502]"
1749227811.40595,"[ 0.00000000e+00  7.61698893e-01  8.58216977e-01  3.06393914e+00
 -2.26897623e+00  1.86936601e-03  9.58904041e-01  1.57321088e+00]","[ 0.          1.12219723  0.68982896  0.24119704  0.42806177  0.6752437
 -0.49697935  0.80407498]","[ 0.          2.51525903 13.43210697  1.37129939 -7.31209421 -0.35800028
  0.66551435 -1.17162502]"
1749227811.4070683,"[ 0.00000000e+00  8.16449889e-01  8.89970845e-01  3.07117441e+00
 -2.26897623e+00  1.86936601e-03  9.58904041e-01  1.57321088e+00]","[ 0.          1.04905857  0.6090698   0.03102974  0.42806177  0.6752437
 -0.49697935  0.80407498]","[ 0.         -0.28067103 13.59150219  0.59212452 -7.31209421 -0.35800028
  0.66551435 -1.17162502]"
1749227811.408771,"[ 0.00000000e+00  8.16449889e-01  8.89970845e-01  3.07117441e+00
 -2.26897623e+00  1.86936601e-03  9.58904041e-01  1.57321088e+00]","[ 0.          1.04905857  0.6090698   0.03102974  0.42806177  0.6752437
 -0.49697935  0.80407498]","[ 0.         -0.28067103 13.59150219  0.59212452 -7.31209421 -0.35800028
  0.66551435 -1.17162502]"
1749227811.409961,"[ 0.00000000e+00  8.16449889e-01  8.89970845e-01  3.07117441e+00
 -2.26897623e+00  1.86936601e-03  9.58904041e-01  1.57321088e+00]","[ 0.          1.04905857  0.6090698   0.03102974  0.42806177  0.6752437
 -0.49697935  0.80407498]","[ 0.         -0.28067103 13.59150219  0.59212452 -7.31209421 -0.35800028
  0.66551435 -1.17162502]"
1749227811.411679,"[ 0.00000000e+00  8.16449889e-01  8.89970845e-01  3.07117441e+00
 -2.26897623e+00  1.86936601e-03  9.58904041e-01  1.57321088e+00]","[ 0.          1.04905857  0.6090698   0.03102974  0.42806177  0.6752437
 -0.49697935  0.80407498]","[ 0.         -0.28067103 13.59150219  0.59212452 -7.31209421 -0.35800028
  0.66551435 -1.17162502]"
1749227811.413444,"[ 0.00000000e+00  8.16449889e-01  8.89970845e-01  3.07117441e+00
 -2.26897623e+00  1.86936601e-03  9.58904041e-01  1.57321088e+00]","[ 0.          1.04905857  0.6090698   0.03102974  0.42806177  0.6752437
 -0.49697935  0.80407498]","[ 0.         -0.28067103 13.59150219  0.59212452 -7.31209421 -0.35800028
  0.66551435 -1.17162502]"
1749227811.414622,"[ 0.00000000e+00  8.16449889e-01  8.89970845e-01  3.07117441e+00
 -2.26897623e+00  1.86936601e-03  9.58904041e-01  1.57321088e+00]","[ 0.          1.04905857  0.6090698   0.03102974  0.42806177  0.6752437
 -0.49697935  0.80407498]","[ 0.         -0.28067103 13.59150219  0.59212452 -7.31209421 -0.35800028
  0.66551435 -1.17162502]"
1749227811.4164355,"[ 0.00000000e+00  8.16449889e-01  8.89970845e-01  3.07117441e+00
 -2.26897623e+00  1.86936601e-03  9.58904041e-01  1.57321088e+00]","[ 0.          1.04905857  0.6090698   0.03102974  0.42806177  0.6752437
 -0.49697935  0.80407498]","[ 0.         -0.28067103 13.59150219  0.59212452 -7.31209421 -0.35800028
  0.66551435 -1.17162502]"
1749227811.4181666,"[ 0.00000000e+00  8.16449889e-01  8.89970845e-01  3.07117441e+00
 -2.26897623e+00  1.86936601e-03  9.58904041e-01  1.57321088e+00]","[ 0.          1.04905857  0.6090698   0.03102974  0.42806177  0.6752437
 -0.49697935  0.80407498]","[ 0.         -0.28067103 13.59150219  0.59212452 -7.31209421 -0.35800028
  0.66551435 -1.17162502]"
1749227811.4193864,"[ 0.00000000e+00  8.16449889e-01  8.89970845e-01  3.07117441e+00
 -2.26897623e+00  1.86936601e-03  9.58904041e-01  1.57321088e+00]","[ 0.          1.04905857  0.6090698   0.03102974  0.42806177  0.6752437
 -0.49697935  0.80407498]","[ 0.         -0.28067103 13.59150219  0.59212452 -7.31209421 -0.35800028
  0.66551435 -1.17162502]"
1749227811.4210842,"[ 0.00000000e+00  8.16449889e-01  8.89970845e-01  3.07117441e+00
 -2.26897623e+00  1.86936601e-03  9.58904041e-01  1.57321088e+00]","[ 0.          1.04905857  0.6090698   0.03102974  0.42806177  0.6752437
 -0.49697935  0.80407498]","[ 0.         -0.28067103 13.59150219  0.59212452 -7.31209421 -0.35800028
  0.66551435 -1.17162502]"
1749227811.4229677,"[ 0.00000000e+00  8.16449889e-01  8.89970845e-01  3.07117441e+00
 -2.26897623e+00  1.86936601e-03  9.58904041e-01  1.57321088e+00]","[ 0.          1.04905857  0.6090698   0.03102974  0.42806177  0.6752437
 -0.49697935  0.80407498]","[ 0.         -0.28067103 13.59150219  0.59212452 -7.31209421 -0.35800028
  0.66551435 -1.17162502]"
1749227811.424096,"[ 0.00000000e+00  8.16449889e-01  8.89970845e-01  3.07117441e+00
 -2.26897623e+00  1.86936601e-03  9.58904041e-01  1.57321088e+00]","[ 0.          1.04905857  0.6090698   0.03102974  0.42806177  0.6752437
 -0.49697935  0.80407498]","[ 0.         -0.28067103 13.59150219  0.59212452 -7.31209421 -0.35800028
  0.66551435 -1.17162502]"
1749227811.4258513,"[ 0.00000000e+00  8.16449889e-01  8.89970845e-01  3.07117441e+00
 -2.26897623e+00  1.86936601e-03  9.58904041e-01  1.57321088e+00]","[ 0.          1.04905857  0.6090698   0.03102974  0.42806177  0.6752437
 -0.49697935  0.80407498]","[ 0.         -0.28067103 13.59150219  0.59212452 -7.31209421 -0.35800028
  0.66551435 -1.17162502]"
1749227811.4275868,"[ 0.00000000e+00  8.16449889e-01  8.89970845e-01  3.07117441e+00
 -2.26897623e+00  1.86936601e-03  9.58904041e-01  1.57321088e+00]","[ 0.          1.04905857  0.6090698   0.03102974  0.42806177  0.6752437
 -0.49697935  0.80407498]","[ 0.         -0.28067103 13.59150219  0.59212452 -7.31209421 -0.35800028
  0.66551435 -1.17162502]"
1749227811.42873,"[ 0.00000000e+00  8.16449889e-01  8.89970845e-01  3.07117441e+00
 -2.26897623e+00  1.86936601e-03  9.58904041e-01  1.57321088e+00]","[ 0.          1.04905857  0.6090698   0.03102974  0.42806177  0.6752437
 -0.49697935  0.80407498]","[ 0.         -0.28067103 13.59150219  0.59212452 -7.31209421 -0.35800028
  0.66551435 -1.17162502]"
1749227811.4305043,"[ 0.00000000e+00  8.16449889e-01  8.89970845e-01  3.07117441e+00
 -2.26897623e+00  1.86936601e-03  9.58904041e-01  1.57321088e+00]","[ 0.          1.04905857  0.6090698   0.03102974  0.42806177  0.6752437
 -0.49697935  0.80407498]","[ 0.         -0.28067103 13.59150219  0.59212452 -7.31209421 -0.35800028
  0.66551435 -1.17162502]"
1749227811.431718,"[ 0.00000000e+00  8.16449889e-01  8.89970845e-01  3.07117441e+00
 -2.26897623e+00  1.86936601e-03  9.58904041e-01  1.57321088e+00]","[ 0.          1.04905857  0.6090698   0.03102974  0.42806177  0.6752437
 -0.49697935  0.80407498]","[ 0.         -0.28067103 13.59150219  0.59212452 -7.31209421 -0.35800028
  0.66551435 -1.17162502]"
1749227811.4333935,"[ 0.00000000e+00  8.16449889e-01  8.89970845e-01  3.07117441e+00
 -2.26897623e+00  1.86936601e-03  9.58904041e-01  1.57321088e+00]","[ 0.          1.04905857  0.6090698   0.03102974  0.42806177  0.6752437
 -0.49697935  0.80407498]","[ 0.         -0.28067103 13.59150219  0.59212452 -7.31209421 -0.35800028
  0.66551435 -1.17162502]"
1749227811.4345462,"[ 0.00000000e+00  8.16449889e-01  8.89970845e-01  3.07117441e+00
 -2.26897623e+00  1.86936601e-03  9.58904041e-01  1.57321088e+00]","[ 0.          1.04905857  0.6090698   0.03102974  0.42806177  0.6752437
 -0.49697935  0.80407498]","[ 0.         -0.28067103 13.59150219  0.59212452 -7.31209421 -0.35800028
  0.66551435 -1.17162502]"
1749227811.4363263,"[ 0.00000000e+00  8.16449889e-01  8.89970845e-01  3.07117441e+00
 -2.26897623e+00  1.86936601e-03  9.58904041e-01  1.57321088e+00]","[ 0.          1.04905857  0.6090698   0.03102974  0.42806177  0.6752437
 -0.49697935  0.80407498]","[ 0.         -0.28067103 13.59150219  0.59212452 -7.31209421 -0.35800028
  0.66551435 -1.17162502]"
1749227811.4379945,"[ 0.00000000e+00  8.16449889e-01  8.89970845e-01  3.07117441e+00
 -2.26897623e+00  1.86936601e-03  9.58904041e-01  1.57321088e+00]","[ 0.          1.04905857  0.6090698   0.03102974  0.42806177  0.6752437
 -0.49697935  0.80407498]","[ 0.         -0.28067103 13.59150219  0.59212452 -7.31209421 -0.35800028
  0.66551435 -1.17162502]"
1749227811.4397502,"[ 0.00000000e+00  8.16449889e-01  8.89970845e-01  3.07117441e+00
 -2.26897623e+00  1.86936601e-03  9.58904041e-01  1.57321088e+00]","[ 0.          1.04905857  0.6090698   0.03102974  0.42806177  0.6752437
 -0.49697935  0.80407498]","[ 0.         -0.28067103 13.59150219  0.59212452 -7.31209421 -0.35800028
  0.66551435 -1.17162502]"
1749227811.4408793,"[ 0.00000000e+00  8.16449889e-01  8.89970845e-01  3.07117441e+00
 -2.26897623e+00  1.86936601e-03  9.58904041e-01  1.57321088e+00]","[ 0.          1.04905857  0.6090698   0.03102974  0.42806177  0.6752437
 -0.49697935  0.80407498]","[ 0.         -0.28067103 13.59150219  0.59212452 -7.31209421 -0.35800028
  0.66551435 -1.17162502]"
1749227811.4426687,"[ 0.00000000e+00  8.16449889e-01  8.89970845e-01  3.07117441e+00
 -2.26897623e+00  1.86936601e-03  9.58904041e-01  1.57321088e+00]","[ 0.          1.04905857  0.6090698   0.03102974  0.42806177  0.6752437
 -0.49697935  0.80407498]","[ 0.         -0.28067103 13.59150219  0.59212452 -7.31209421 -0.35800028
  0.66551435 -1.17162502]"
1749227811.4438443,"[ 0.00000000e+00  8.16449889e-01  8.89970845e-01  3.07117441e+00
 -2.26897623e+00  1.86936601e-03  9.58904041e-01  1.57321088e+00]","[ 0.          1.04905857  0.6090698   0.03102974  0.42806177  0.6752437
 -0.49697935  0.80407498]","[ 0.         -0.28067103 13.59150219  0.59212452 -7.31209421 -0.35800028
  0.66551435 -1.17162502]"
1749227811.4455724,"[ 0.00000000e+00  8.16449889e-01  8.89970845e-01  3.07117441e+00
 -2.26897623e+00  1.86936601e-03  9.58904041e-01  1.57321088e+00]","[ 0.          1.04905857  0.6090698   0.03102974  0.42806177  0.6752437
 -0.49697935  0.80407498]","[ 0.         -0.28067103 13.59150219  0.59212452 -7.31209421 -0.35800028
  0.66551435 -1.17162502]"
1749227811.4467633,"[ 0.00000000e+00  8.16449889e-01  8.89970845e-01  3.07117441e+00
 -2.26897623e+00  1.86936601e-03  9.58904041e-01  1.57321088e+00]","[ 0.          1.04905857  0.6090698   0.03102974  0.42806177  0.6752437
 -0.49697935  0.80407498]","[ 0.         -0.28067103 13.59150219  0.59212452 -7.31209421 -0.35800028
  0.66551435 -1.17162502]"
1749227811.4484835,"[ 0.00000000e+00  8.16449889e-01  8.89970845e-01  3.07117441e+00
 -2.26897623e+00  1.86936601e-03  9.58904041e-01  1.57321088e+00]","[ 0.          1.04905857  0.6090698   0.03102974  0.42806177  0.6752437
 -0.49697935  0.80407498]","[ 0.         -0.28067103 13.59150219  0.59212452 -7.31209421 -0.35800028
  0.66551435 -1.17162502]"
1749227811.4502273,"[ 0.00000000e+00  8.16449889e-01  8.89970845e-01  3.07117441e+00
 -2.26897623e+00  1.86936601e-03  9.58904041e-01  1.57321088e+00]","[ 0.          1.04905857  0.6090698   0.03102974  0.42806177  0.6752437
 -0.49697935  0.80407498]","[ 0.         -0.28067103 13.59150219  0.59212452 -7.31209421 -0.35800028
  0.66551435 -1.17162502]"
1749227811.451421,"[ 0.00000000e+00  8.16449889e-01  8.89970845e-01  3.07117441e+00
 -2.26897623e+00  1.86936601e-03  9.58904041e-01  1.57321088e+00]","[ 0.          1.04905857  0.6090698   0.03102974  0.42806177  0.6752437
 -0.49697935  0.80407498]","[ 0.         -0.28067103 13.59150219  0.59212452 -7.31209421 -0.35800028
  0.66551435 -1.17162502]"
1749227811.4531724,"[ 0.00000000e+00  8.16449889e-01  8.89970845e-01  3.07117441e+00
 -2.26897623e+00  1.86936601e-03  9.58904041e-01  1.57321088e+00]","[ 0.          1.04905857  0.6090698   0.03102974  0.42806177  0.6752437
 -0.49697935  0.80407498]","[ 0.         -0.28067103 13.59150219  0.59212452 -7.31209421 -0.35800028
  0.66551435 -1.17162502]"
1749227811.4548826,"[ 0.00000000e+00  8.16449889e-01  8.89970845e-01  3.07117441e+00
 -2.26897623e+00  1.86936601e-03  9.58904041e-01  1.57321088e+00]","[ 0.          1.04905857  0.6090698   0.03102974  0.42806177  0.6752437
 -0.49697935  0.80407498]","[ 0.         -0.28067103 13.59150219  0.59212452 -7.31209421 -0.35800028
  0.66551435 -1.17162502]"
1749227811.4561107,"[ 0.00000000e+00  8.66988364e-01  9.17915728e-01  3.07129213e+00
 -2.26897623e+00  1.86936601e-03  9.58904041e-01  1.57321088e+00]","[ 0.00000000e+00  9.68299473e-01  5.12104805e-01  3.12064808e-05
  4.28061766e-01  6.75243695e-01 -4.96979349e-01  8.04074979e-01]","[ 0.         -1.20705831 11.85751724 -0.25010568 -7.31209421 -0.35800028
  0.66551435 -1.17162502]"
1749227811.4577725,"[ 0.00000000e+00  8.66988364e-01  9.17915728e-01  3.07129213e+00
 -2.26897623e+00  1.86936601e-03  9.58904041e-01  1.57321088e+00]","[ 0.00000000e+00  9.68299473e-01  5.12104805e-01  3.12064808e-05
  4.28061766e-01  6.75243695e-01 -4.96979349e-01  8.04074979e-01]","[ 0.         -1.20705831 11.85751724 -0.25010568 -7.31209421 -0.35800028
  0.66551435 -1.17162502]"
1749227811.4601357,"[ 0.00000000e+00  8.66988364e-01  9.17915728e-01  3.07129213e+00
 -2.26897623e+00  1.86936601e-03  9.58904041e-01  1.57321088e+00]","[ 0.00000000e+00  9.68299473e-01  5.12104805e-01  3.12064808e-05
  4.28061766e-01  6.75243695e-01 -4.96979349e-01  8.04074979e-01]","[ 0.         -1.20705831 11.85751724 -0.25010568 -7.31209421 -0.35800028
  0.66551435 -1.17162502]"
1749227811.4620016,"[ 0.00000000e+00  8.66988364e-01  9.17915728e-01  3.07129213e+00
 -2.26897623e+00  1.86936601e-03  9.58904041e-01  1.57321088e+00]","[ 0.00000000e+00  9.68299473e-01  5.12104805e-01  3.12064808e-05
  4.28061766e-01  6.75243695e-01 -4.96979349e-01  8.04074979e-01]","[ 0.         -1.20705831 11.85751724 -0.25010568 -7.31209421 -0.35800028
  0.66551435 -1.17162502]"
1749227811.463146,"[ 0.00000000e+00  8.66988364e-01  9.17915728e-01  3.07129213e+00
 -2.26897623e+00  1.86936601e-03  9.58904041e-01  1.57321088e+00]","[ 0.00000000e+00  9.68299473e-01  5.12104805e-01  3.12064808e-05
  4.28061766e-01  6.75243695e-01 -4.96979349e-01  8.04074979e-01]","[ 0.         -1.20705831 11.85751724 -0.25010568 -7.31209421 -0.35800028
  0.66551435 -1.17162502]"
1749227811.464852,"[ 0.00000000e+00  8.66988364e-01  9.17915728e-01  3.07129213e+00
 -2.26897623e+00  1.86936601e-03  9.58904041e-01  1.57321088e+00]","[ 0.00000000e+00  9.68299473e-01  5.12104805e-01  3.12064808e-05
  4.28061766e-01  6.75243695e-01 -4.96979349e-01  8.04074979e-01]","[ 0.         -1.20705831 11.85751724 -0.25010568 -7.31209421 -0.35800028
  0.66551435 -1.17162502]"
1749227811.4660397,"[ 0.00000000e+00  8.66988364e-01  9.17915728e-01  3.07129213e+00
 -2.26897623e+00  1.86936601e-03  9.58904041e-01  1.57321088e+00]","[ 0.00000000e+00  9.68299473e-01  5.12104805e-01  3.12064808e-05
  4.28061766e-01  6.75243695e-01 -4.96979349e-01  8.04074979e-01]","[ 0.         -1.20705831 11.85751724 -0.25010568 -7.31209421 -0.35800028
  0.66551435 -1.17162502]"
1749227811.467912,"[ 0.00000000e+00  8.66988364e-01  9.17915728e-01  3.07129213e+00
 -2.26897623e+00  1.86936601e-03  9.58904041e-01  1.57321088e+00]","[ 0.00000000e+00  9.68299473e-01  5.12104805e-01  3.12064808e-05
  4.28061766e-01  6.75243695e-01 -4.96979349e-01  8.04074979e-01]","[ 0.         -1.20705831 11.85751724 -0.25010568 -7.31209421 -0.35800028
  0.66551435 -1.17162502]"
1749227811.468955,"[ 0.00000000e+00  8.66988364e-01  9.17915728e-01  3.07129213e+00
 -2.26897623e+00  1.86936601e-03  9.58904041e-01  1.57321088e+00]","[ 0.00000000e+00  9.68299473e-01  5.12104805e-01  3.12064808e-05
  4.28061766e-01  6.75243695e-01 -4.96979349e-01  8.04074979e-01]","[ 0.         -1.20705831 11.85751724 -0.25010568 -7.31209421 -0.35800028
  0.66551435 -1.17162502]"
1749227811.4707725,"[ 0.00000000e+00  8.66988364e-01  9.17915728e-01  3.07129213e+00
 -2.26897623e+00  1.86936601e-03  9.58904041e-01  1.57321088e+00]","[ 0.00000000e+00  9.68299473e-01  5.12104805e-01  3.12064808e-05
  4.28061766e-01  6.75243695e-01 -4.96979349e-01  8.04074979e-01]","[ 0.         -1.20705831 11.85751724 -0.25010568 -7.31209421 -0.35800028
  0.66551435 -1.17162502]"
1749227811.472492,"[ 0.00000000e+00  8.66988364e-01  9.17915728e-01  3.07129213e+00
 -2.26897623e+00  1.86936601e-03  9.58904041e-01  1.57321088e+00]","[ 0.00000000e+00  9.68299473e-01  5.12104805e-01  3.12064808e-05
  4.28061766e-01  6.75243695e-01 -4.96979349e-01  8.04074979e-01]","[ 0.         -1.20705831 11.85751724 -0.25010568 -7.31209421 -0.35800028
  0.66551435 -1.17162502]"
1749227811.4741967,"[ 0.00000000e+00  8.66988364e-01  9.17915728e-01  3.07129213e+00
 -2.26897623e+00  1.86936601e-03  9.58904041e-01  1.57321088e+00]","[ 0.00000000e+00  9.68299473e-01  5.12104805e-01  3.12064808e-05
  4.28061766e-01  6.75243695e-01 -4.96979349e-01  8.04074979e-01]","[ 0.         -1.20705831 11.85751724 -0.25010568 -7.31209421 -0.35800028
  0.66551435 -1.17162502]"
1749227811.4753048,"[ 0.00000000e+00  8.66988364e-01  9.17915728e-01  3.07129213e+00
 -2.26897623e+00  1.86936601e-03  9.58904041e-01  1.57321088e+00]","[ 0.00000000e+00  9.68299473e-01  5.12104805e-01  3.12064808e-05
  4.28061766e-01  6.75243695e-01 -4.96979349e-01  8.04074979e-01]","[ 0.         -1.20705831 11.85751724 -0.25010568 -7.31209421 -0.35800028
  0.66551435 -1.17162502]"
1749227811.4770522,"[ 0.00000000e+00  8.66988364e-01  9.17915728e-01  3.07129213e+00
 -2.26897623e+00  1.86936601e-03  9.58904041e-01  1.57321088e+00]","[ 0.00000000e+00  9.68299473e-01  5.12104805e-01  3.12064808e-05
  4.28061766e-01  6.75243695e-01 -4.96979349e-01  8.04074979e-01]","[ 0.         -1.20705831 11.85751724 -0.25010568 -7.31209421 -0.35800028
  0.66551435 -1.17162502]"
1749227811.4788165,"[ 0.00000000e+00  8.66988364e-01  9.17915728e-01  3.07129213e+00
 -2.26897623e+00  1.86936601e-03  9.58904041e-01  1.57321088e+00]","[ 0.00000000e+00  9.68299473e-01  5.12104805e-01  3.12064808e-05
  4.28061766e-01  6.75243695e-01 -4.96979349e-01  8.04074979e-01]","[ 0.         -1.20705831 11.85751724 -0.25010568 -7.31209421 -0.35800028
  0.66551435 -1.17162502]"
1749227811.4799883,"[ 0.00000000e+00  8.66988364e-01  9.17915728e-01  3.07129213e+00
 -2.26897623e+00  1.86936601e-03  9.58904041e-01  1.57321088e+00]","[ 0.00000000e+00  9.68299473e-01  5.12104805e-01  3.12064808e-05
  4.28061766e-01  6.75243695e-01 -4.96979349e-01  8.04074979e-01]","[ 0.         -1.20705831 11.85751724 -0.25010568 -7.31209421 -0.35800028
  0.66551435 -1.17162502]"
1749227811.4817162,"[ 0.00000000e+00  8.66988364e-01  9.17915728e-01  3.07129213e+00
 -2.26897623e+00  1.86936601e-03  9.58904041e-01  1.57321088e+00]","[ 0.00000000e+00  9.68299473e-01  5.12104805e-01  3.12064808e-05
  4.28061766e-01  6.75243695e-01 -4.96979349e-01  8.04074979e-01]","[ 0.         -1.20705831 11.85751724 -0.25010568 -7.31209421 -0.35800028
  0.66551435 -1.17162502]"
1749227811.482981,"[ 0.00000000e+00  8.66988364e-01  9.17915728e-01  3.07129213e+00
 -2.26897623e+00  1.86936601e-03  9.58904041e-01  1.57321088e+00]","[ 0.00000000e+00  9.68299473e-01  5.12104805e-01  3.12064808e-05
  4.28061766e-01  6.75243695e-01 -4.96979349e-01  8.04074979e-01]","[ 0.         -1.20705831 11.85751724 -0.25010568 -7.31209421 -0.35800028
  0.66551435 -1.17162502]"
1749227811.484729,"[ 0.00000000e+00  8.66988364e-01  9.17915728e-01  3.07129213e+00
 -2.26897623e+00  1.86936601e-03  9.58904041e-01  1.57321088e+00]","[ 0.00000000e+00  9.68299473e-01  5.12104805e-01  3.12064808e-05
  4.28061766e-01  6.75243695e-01 -4.96979349e-01  8.04074979e-01]","[ 0.         -1.20705831 11.85751724 -0.25010568 -7.31209421 -0.35800028
  0.66551435 -1.17162502]"
1749227811.4858627,"[ 0.00000000e+00  8.66988364e-01  9.17915728e-01  3.07129213e+00
 -2.26897623e+00  1.86936601e-03  9.58904041e-01  1.57321088e+00]","[ 0.00000000e+00  9.68299473e-01  5.12104805e-01  3.12064808e-05
  4.28061766e-01  6.75243695e-01 -4.96979349e-01  8.04074979e-01]","[ 0.         -1.20705831 11.85751724 -0.25010568 -7.31209421 -0.35800028
  0.66551435 -1.17162502]"
1749227811.4875205,"[ 0.00000000e+00  8.66988364e-01  9.17915728e-01  3.07129213e+00
 -2.26897623e+00  1.86936601e-03  9.58904041e-01  1.57321088e+00]","[ 0.00000000e+00  9.68299473e-01  5.12104805e-01  3.12064808e-05
  4.28061766e-01  6.75243695e-01 -4.96979349e-01  8.04074979e-01]","[ 0.         -1.20705831 11.85751724 -0.25010568 -7.31209421 -0.35800028
  0.66551435 -1.17162502]"
1749227811.4887006,"[ 0.00000000e+00  8.66988364e-01  9.17915728e-01  3.07129213e+00
 -2.26897623e+00  1.86936601e-03  9.58904041e-01  1.57321088e+00]","[ 0.00000000e+00  9.68299473e-01  5.12104805e-01  3.12064808e-05
  4.28061766e-01  6.75243695e-01 -4.96979349e-01  8.04074979e-01]","[ 0.         -1.20705831 11.85751724 -0.25010568 -7.31209421 -0.35800028
  0.66551435 -1.17162502]"
1749227811.4904573,"[ 0.00000000e+00  8.66988364e-01  9.17915728e-01  3.07129213e+00
 -2.26897623e+00  1.86936601e-03  9.58904041e-01  1.57321088e+00]","[ 0.00000000e+00  9.68299473e-01  5.12104805e-01  3.12064808e-05
  4.28061766e-01  6.75243695e-01 -4.96979349e-01  8.04074979e-01]","[ 0.         -1.20705831 11.85751724 -0.25010568 -7.31209421 -0.35800028
  0.66551435 -1.17162502]"
1749227811.4916348,"[ 0.00000000e+00  8.66988364e-01  9.17915728e-01  3.07129213e+00
 -2.26897623e+00  1.86936601e-03  9.58904041e-01  1.57321088e+00]","[ 0.00000000e+00  9.68299473e-01  5.12104805e-01  3.12064808e-05
  4.28061766e-01  6.75243695e-01 -4.96979349e-01  8.04074979e-01]","[ 0.         -1.20705831 11.85751724 -0.25010568 -7.31209421 -0.35800028
  0.66551435 -1.17162502]"
1749227811.493377,"[ 0.00000000e+00  8.66988364e-01  9.17915728e-01  3.07129213e+00
 -2.26897623e+00  1.86936601e-03  9.58904041e-01  1.57321088e+00]","[ 0.00000000e+00  9.68299473e-01  5.12104805e-01  3.12064808e-05
  4.28061766e-01  6.75243695e-01 -4.96979349e-01  8.04074979e-01]","[ 0.         -1.20705831 11.85751724 -0.25010568 -7.31209421 -0.35800028
  0.66551435 -1.17162502]"
1749227811.4951224,"[ 0.00000000e+00  8.66988364e-01  9.17915728e-01  3.07129213e+00
 -2.26897623e+00  1.86936601e-03  9.58904041e-01  1.57321088e+00]","[ 0.00000000e+00  9.68299473e-01  5.12104805e-01  3.12064808e-05
  4.28061766e-01  6.75243695e-01 -4.96979349e-01  8.04074979e-01]","[ 0.         -1.20705831 11.85751724 -0.25010568 -7.31209421 -0.35800028
  0.66551435 -1.17162502]"
1749227811.4962764,"[ 0.00000000e+00  8.66988364e-01  9.17915728e-01  3.07129213e+00
 -2.26897623e+00  1.86936601e-03  9.58904041e-01  1.57321088e+00]","[ 0.00000000e+00  9.68299473e-01  5.12104805e-01  3.12064808e-05
  4.28061766e-01  6.75243695e-01 -4.96979349e-01  8.04074979e-01]","[ 0.         -1.20705831 11.85751724 -0.25010568 -7.31209421 -0.35800028
  0.66551435 -1.17162502]"
1749227811.4980211,"[ 0.00000000e+00  8.66988364e-01  9.17915728e-01  3.07129213e+00
 -2.26897623e+00  1.86936601e-03  9.58904041e-01  1.57321088e+00]","[ 0.00000000e+00  9.68299473e-01  5.12104805e-01  3.12064808e-05
  4.28061766e-01  6.75243695e-01 -4.96979349e-01  8.04074979e-01]","[ 0.         -1.20705831 11.85751724 -0.25010568 -7.31209421 -0.35800028
  0.66551435 -1.17162502]"
1749227811.499748,"[ 0.00000000e+00  8.66988364e-01  9.17915728e-01  3.07129213e+00
 -2.26897623e+00  1.86936601e-03  9.58904041e-01  1.57321088e+00]","[ 0.00000000e+00  9.68299473e-01  5.12104805e-01  3.12064808e-05
  4.28061766e-01  6.75243695e-01 -4.96979349e-01  8.04074979e-01]","[ 0.         -1.20705831 11.85751724 -0.25010568 -7.31209421 -0.35800028
  0.66551435 -1.17162502]"
1749227811.500905,"[ 0.00000000e+00  8.66988364e-01  9.17915728e-01  3.07129213e+00
 -2.26897623e+00  1.86936601e-03  9.58904041e-01  1.57321088e+00]","[ 0.00000000e+00  9.68299473e-01  5.12104805e-01  3.12064808e-05
  4.28061766e-01  6.75243695e-01 -4.96979349e-01  8.04074979e-01]","[ 0.         -1.20705831 11.85751724 -0.25010568 -7.31209421 -0.35800028
  0.66551435 -1.17162502]"
1749227811.502578,"[ 0.00000000e+00  8.66988364e-01  9.17915728e-01  3.07129213e+00
 -2.26897623e+00  1.86936601e-03  9.58904041e-01  1.57321088e+00]","[ 0.00000000e+00  9.68299473e-01  5.12104805e-01  3.12064808e-05
  4.28061766e-01  6.75243695e-01 -4.96979349e-01  8.04074979e-01]","[ 0.         -1.20705831 11.85751724 -0.25010568 -7.31209421 -0.35800028
  0.66551435 -1.17162502]"
1749227811.5037458,"[ 0.00000000e+00  8.66988364e-01  9.17915728e-01  3.07129213e+00
 -2.26897623e+00  1.86936601e-03  9.58904041e-01  1.57321088e+00]","[ 0.00000000e+00  9.68299473e-01  5.12104805e-01  3.12064808e-05
  4.28061766e-01  6.75243695e-01 -4.96979349e-01  8.04074979e-01]","[ 0.         -1.20705831 11.85751724 -0.25010568 -7.31209421 -0.35800028
  0.66551435 -1.17162502]"
1749227811.5054915,"[ 0.00000000e+00  8.66988364e-01  9.17915728e-01  3.07129213e+00
 -2.26897623e+00  1.86936601e-03  9.58904041e-01  1.57321088e+00]","[ 0.00000000e+00  9.68299473e-01  5.12104805e-01  3.12064808e-05
  4.28061766e-01  6.75243695e-01 -4.96979349e-01  8.04074979e-01]","[ 0.         -1.20705831 11.85751724 -0.25010568 -7.31209421 -0.35800028
  0.66551435 -1.17162502]"
1749227811.5066051,"[ 0.00000000e+00  9.13260922e-01  9.41592961e-01  3.07191024e+00
 -2.26897623e+00  1.86936601e-03  9.58904041e-01  1.57321088e+00]","[ 0.          0.86983821  0.42324274  0.03457248  0.42806177  0.6752437
 -0.49697935  0.80407498]","[ 0.          0.41852537 12.96849155  0.53189147 -7.31209421 -0.35800028
  0.66551435 -1.17162502]"
1749227811.508406,"[ 0.00000000e+00  9.13260922e-01  9.41592961e-01  3.07191024e+00
 -2.26897623e+00  1.86936601e-03  9.58904041e-01  1.57321088e+00]","[ 0.          0.86983821  0.42324274  0.03457248  0.42806177  0.6752437
 -0.49697935  0.80407498]","[ 0.          0.41852537 12.96849155  0.53189147 -7.31209421 -0.35800028
  0.66551435 -1.17162502]"
1749227811.5095708,"[ 0.00000000e+00  9.13260922e-01  9.41592961e-01  3.07191024e+00
 -2.26897623e+00  1.86936601e-03  9.58904041e-01  1.57321088e+00]","[ 0.          0.86983821  0.42324274  0.03457248  0.42806177  0.6752437
 -0.49697935  0.80407498]","[ 0.          0.41852537 12.96849155  0.53189147 -7.31209421 -0.35800028
  0.66551435 -1.17162502]"
1749227811.5113297,"[ 0.00000000e+00  9.13260922e-01  9.41592961e-01  3.07191024e+00
 -2.26897623e+00  1.86936601e-03  9.58904041e-01  1.57321088e+00]","[ 0.          0.86983821  0.42324274  0.03457248  0.42806177  0.6752437
 -0.49697935  0.80407498]","[ 0.          0.41852537 12.96849155  0.53189147 -7.31209421 -0.35800028
  0.66551435 -1.17162502]"
1749227811.5130544,"[ 0.00000000e+00  9.13260922e-01  9.41592961e-01  3.07191024e+00
 -2.26897623e+00  1.86936601e-03  9.58904041e-01  1.57321088e+00]","[ 0.          0.86983821  0.42324274  0.03457248  0.42806177  0.6752437
 -0.49697935  0.80407498]","[ 0.          0.41852537 12.96849155  0.53189147 -7.31209421 -0.35800028
  0.66551435 -1.17162502]"
1749227811.5142014,"[ 0.00000000e+00  9.13260922e-01  9.41592961e-01  3.07191024e+00
 -2.26897623e+00  1.86936601e-03  9.58904041e-01  1.57321088e+00]","[ 0.          0.86983821  0.42324274  0.03457248  0.42806177  0.6752437
 -0.49697935  0.80407498]","[ 0.          0.41852537 12.96849155  0.53189147 -7.31209421 -0.35800028
  0.66551435 -1.17162502]"
1749227811.5158591,"[ 0.00000000e+00  9.13260922e-01  9.41592961e-01  3.07191024e+00
 -2.26897623e+00  1.86936601e-03  9.58904041e-01  1.57321088e+00]","[ 0.          0.86983821  0.42324274  0.03457248  0.42806177  0.6752437
 -0.49697935  0.80407498]","[ 0.          0.41852537 12.96849155  0.53189147 -7.31209421 -0.35800028
  0.66551435 -1.17162502]"
1749227811.5176294,"[ 0.00000000e+00  9.13260922e-01  9.41592961e-01  3.07191024e+00
 -2.26897623e+00  1.86936601e-03  9.58904041e-01  1.57321088e+00]","[ 0.          0.86983821  0.42324274  0.03457248  0.42806177  0.6752437
 -0.49697935  0.80407498]","[ 0.          0.41852537 12.96849155  0.53189147 -7.31209421 -0.35800028
  0.66551435 -1.17162502]"
1749227811.518763,"[ 0.00000000e+00  9.13260922e-01  9.41592961e-01  3.07191024e+00
 -2.26897623e+00  1.86936601e-03  9.58904041e-01  1.57321088e+00]","[ 0.          0.86983821  0.42324274  0.03457248  0.42806177  0.6752437
 -0.49697935  0.80407498]","[ 0.          0.41852537 12.96849155  0.53189147 -7.31209421 -0.35800028
  0.66551435 -1.17162502]"
1749227811.5204654,"[ 0.00000000e+00  9.13260922e-01  9.41592961e-01  3.07191024e+00
 -2.26897623e+00  1.86936601e-03  9.58904041e-01  1.57321088e+00]","[ 0.          0.86983821  0.42324274  0.03457248  0.42806177  0.6752437
 -0.49697935  0.80407498]","[ 0.          0.41852537 12.96849155  0.53189147 -7.31209421 -0.35800028
  0.66551435 -1.17162502]"
1749227811.5215883,"[ 0.00000000e+00  9.13260922e-01  9.41592961e-01  3.07191024e+00
 -2.26897623e+00  1.86936601e-03  9.58904041e-01  1.57321088e+00]","[ 0.          0.86983821  0.42324274  0.03457248  0.42806177  0.6752437
 -0.49697935  0.80407498]","[ 0.          0.41852537 12.96849155  0.53189147 -7.31209421 -0.35800028
  0.66551435 -1.17162502]"
1749227811.5233116,"[ 0.00000000e+00  9.13260922e-01  9.41592961e-01  3.07191024e+00
 -2.26897623e+00  1.86936601e-03  9.58904041e-01  1.57321088e+00]","[ 0.          0.86983821  0.42324274  0.03457248  0.42806177  0.6752437
 -0.49697935  0.80407498]","[ 0.          0.41852537 12.96849155  0.53189147 -7.31209421 -0.35800028
  0.66551435 -1.17162502]"
1749227811.52499,"[ 0.00000000e+00  9.13260922e-01  9.41592961e-01  3.07191024e+00
 -2.26897623e+00  1.86936601e-03  9.58904041e-01  1.57321088e+00]","[ 0.          0.86983821  0.42324274  0.03457248  0.42806177  0.6752437
 -0.49697935  0.80407498]","[ 0.          0.41852537 12.96849155  0.53189147 -7.31209421 -0.35800028
  0.66551435 -1.17162502]"
1749227811.5261598,"[ 0.00000000e+00  9.13260922e-01  9.41592961e-01  3.07191024e+00
 -2.26897623e+00  1.86936601e-03  9.58904041e-01  1.57321088e+00]","[ 0.          0.86983821  0.42324274  0.03457248  0.42806177  0.6752437
 -0.49697935  0.80407498]","[ 0.          0.41852537 12.96849155  0.53189147 -7.31209421 -0.35800028
  0.66551435 -1.17162502]"
1749227811.527905,"[ 0.00000000e+00  9.13260922e-01  9.41592961e-01  3.07191024e+00
 -2.26897623e+00  1.86936601e-03  9.58904041e-01  1.57321088e+00]","[ 0.          0.86983821  0.42324274  0.03457248  0.42806177  0.6752437
 -0.49697935  0.80407498]","[ 0.          0.41852537 12.96849155  0.53189147 -7.31209421 -0.35800028
  0.66551435 -1.17162502]"
1749227811.5296202,"[ 0.00000000e+00  9.13260922e-01  9.41592961e-01  3.07191024e+00
 -2.26897623e+00  1.86936601e-03  9.58904041e-01  1.57321088e+00]","[ 0.          0.86983821  0.42324274  0.03457248  0.42806177  0.6752437
 -0.49697935  0.80407498]","[ 0.          0.41852537 12.96849155  0.53189147 -7.31209421 -0.35800028
  0.66551435 -1.17162502]"
1749227811.5309558,"[ 0.00000000e+00  9.13260922e-01  9.41592961e-01  3.07191024e+00
 -2.26897623e+00  1.86936601e-03  9.58904041e-01  1.57321088e+00]","[ 0.          0.86983821  0.42324274  0.03457248  0.42806177  0.6752437
 -0.49697935  0.80407498]","[ 0.          0.41852537 12.96849155  0.53189147 -7.31209421 -0.35800028
  0.66551435 -1.17162502]"
1749227811.5335658,"[ 0.00000000e+00  9.13260922e-01  9.41592961e-01  3.07191024e+00
 -2.26897623e+00  1.86936601e-03  9.58904041e-01  1.57321088e+00]","[ 0.          0.86983821  0.42324274  0.03457248  0.42806177  0.6752437
 -0.49697935  0.80407498]","[ 0.          0.41852537 12.96849155  0.53189147 -7.31209421 -0.35800028
  0.66551435 -1.17162502]"
1749227811.5361753,"[ 0.00000000e+00  9.13260922e-01  9.41592961e-01  3.07191024e+00
 -2.26897623e+00  1.86936601e-03  9.58904041e-01  1.57321088e+00]","[ 0.          0.86983821  0.42324274  0.03457248  0.42806177  0.6752437
 -0.49697935  0.80407498]","[ 0.          0.41852537 12.96849155  0.53189147 -7.31209421 -0.35800028
  0.66551435 -1.17162502]"
1749227811.5379715,"[ 0.00000000e+00  9.13260922e-01  9.41592961e-01  3.07191024e+00
 -2.26897623e+00  1.86936601e-03  9.58904041e-01  1.57321088e+00]","[ 0.          0.86983821  0.42324274  0.03457248  0.42806177  0.6752437
 -0.49697935  0.80407498]","[ 0.          0.41852537 12.96849155  0.53189147 -7.31209421 -0.35800028
  0.66551435 -1.17162502]"
1749227811.5396385,"[ 0.00000000e+00  9.13260922e-01  9.41592961e-01  3.07191024e+00
 -2.26897623e+00  1.86936601e-03  9.58904041e-01  1.57321088e+00]","[ 0.          0.86983821  0.42324274  0.03457248  0.42806177  0.6752437
 -0.49697935  0.80407498]","[ 0.          0.41852537 12.96849155  0.53189147 -7.31209421 -0.35800028
  0.66551435 -1.17162502]"
1749227811.5407987,"[ 0.00000000e+00  9.13260922e-01  9.41592961e-01  3.07191024e+00
 -2.26897623e+00  1.86936601e-03  9.58904041e-01  1.57321088e+00]","[ 0.          0.86983821  0.42324274  0.03457248  0.42806177  0.6752437
 -0.49697935  0.80407498]","[ 0.          0.41852537 12.96849155  0.53189147 -7.31209421 -0.35800028
  0.66551435 -1.17162502]"
1749227811.5425613,"[ 0.00000000e+00  9.13260922e-01  9.41592961e-01  3.07191024e+00
 -2.26897623e+00  1.86936601e-03  9.58904041e-01  1.57321088e+00]","[ 0.          0.86983821  0.42324274  0.03457248  0.42806177  0.6752437
 -0.49697935  0.80407498]","[ 0.          0.41852537 12.96849155  0.53189147 -7.31209421 -0.35800028
  0.66551435 -1.17162502]"
1749227811.543717,"[ 0.00000000e+00  9.13260922e-01  9.41592961e-01  3.07191024e+00
 -2.26897623e+00  1.86936601e-03  9.58904041e-01  1.57321088e+00]","[ 0.          0.86983821  0.42324274  0.03457248  0.42806177  0.6752437
 -0.49697935  0.80407498]","[ 0.          0.41852537 12.96849155  0.53189147 -7.31209421 -0.35800028
  0.66551435 -1.17162502]"
1749227811.545529,"[ 0.00000000e+00  9.13260922e-01  9.41592961e-01  3.07191024e+00
 -2.26897623e+00  1.86936601e-03  9.58904041e-01  1.57321088e+00]","[ 0.          0.86983821  0.42324274  0.03457248  0.42806177  0.6752437
 -0.49697935  0.80407498]","[ 0.          0.41852537 12.96849155  0.53189147 -7.31209421 -0.35800028
  0.66551435 -1.17162502]"
1749227811.5474155,"[ 0.00000000e+00  9.13260922e-01  9.41592961e-01  3.07191024e+00
 -2.26897623e+00  1.86936601e-03  9.58904041e-01  1.57321088e+00]","[ 0.          0.86983821  0.42324274  0.03457248  0.42806177  0.6752437
 -0.49697935  0.80407498]","[ 0.          0.41852537 12.96849155  0.53189147 -7.31209421 -0.35800028
  0.66551435 -1.17162502]"
1749227811.54903,"[ 0.00000000e+00  9.13260922e-01  9.41592961e-01  3.07191024e+00
 -2.26897623e+00  1.86936601e-03  9.58904041e-01  1.57321088e+00]","[ 0.          0.86983821  0.42324274  0.03457248  0.42806177  0.6752437
 -0.49697935  0.80407498]","[ 0.          0.41852537 12.96849155  0.53189147 -7.31209421 -0.35800028
  0.66551435 -1.17162502]"
1749227811.550219,"[ 0.00000000e+00  9.13260922e-01  9.41592961e-01  3.07191024e+00
 -2.26897623e+00  1.86936601e-03  9.58904041e-01  1.57321088e+00]","[ 0.          0.86983821  0.42324274  0.03457248  0.42806177  0.6752437
 -0.49697935  0.80407498]","[ 0.          0.41852537 12.96849155  0.53189147 -7.31209421 -0.35800028
  0.66551435 -1.17162502]"
1749227811.5519648,"[ 0.00000000e+00  9.13260922e-01  9.41592961e-01  3.07191024e+00
 -2.26897623e+00  1.86936601e-03  9.58904041e-01  1.57321088e+00]","[ 0.          0.86983821  0.42324274  0.03457248  0.42806177  0.6752437
 -0.49697935  0.80407498]","[ 0.          0.41852537 12.96849155  0.53189147 -7.31209421 -0.35800028
  0.66551435 -1.17162502]"
1749227811.5535529,"[ 0.00000000e+00  9.13260922e-01  9.41592961e-01  3.07191024e+00
 -2.26897623e+00  1.86936601e-03  9.58904041e-01  1.57321088e+00]","[ 0.          0.86983821  0.42324274  0.03457248  0.42806177  0.6752437
 -0.49697935  0.80407498]","[ 0.          0.41852537 12.96849155  0.53189147 -7.31209421 -0.35800028
  0.66551435 -1.17162502]"
1749227811.5548244,"[ 0.00000000e+00  9.13260922e-01  9.41592961e-01  3.07191024e+00
 -2.26897623e+00  1.86936601e-03  9.58904041e-01  1.57321088e+00]","[ 0.          0.86983821  0.42324274  0.03457248  0.42806177  0.6752437
 -0.49697935  0.80407498]","[ 0.          0.41852537 12.96849155  0.53189147 -7.31209421 -0.35800028
  0.66551435 -1.17162502]"
1749227811.5565886,"[ 0.00000000e+00  9.54126463e-01  9.60421110e-01  3.07221331e+00
 -2.26897623e+00  1.86936601e-03  9.58904041e-01  1.57321088e+00]","[ 0.00000000e+00  7.90305237e-01  3.41943393e-01  3.12046522e-05
  4.28061766e-01  6.75243695e-01 -4.96979349e-01  8.04074979e-01]","[ 0.         -0.59195435 13.42301273  0.57369697 -7.31209421 -0.35800028
  0.66551435 -1.17162502]"
1749227811.5577066,"[ 0.00000000e+00  9.54126463e-01  9.60421110e-01  3.07221331e+00
 -2.26897623e+00  1.86936601e-03  9.58904041e-01  1.57321088e+00]","[ 0.00000000e+00  7.90305237e-01  3.41943393e-01  3.12046522e-05
  4.28061766e-01  6.75243695e-01 -4.96979349e-01  8.04074979e-01]","[ 0.         -0.59195435 13.42301273  0.57369697 -7.31209421 -0.35800028
  0.66551435 -1.17162502]"
1749227811.559457,"[ 0.00000000e+00  9.54126463e-01  9.60421110e-01  3.07221331e+00
 -2.26897623e+00  1.86936601e-03  9.58904041e-01  1.57321088e+00]","[ 0.00000000e+00  7.90305237e-01  3.41943393e-01  3.12046522e-05
  4.28061766e-01  6.75243695e-01 -4.96979349e-01  8.04074979e-01]","[ 0.         -0.59195435 13.42301273  0.57369697 -7.31209421 -0.35800028
  0.66551435 -1.17162502]"
1749227811.5607195,"[ 0.00000000e+00  9.54126463e-01  9.60421110e-01  3.07221331e+00
 -2.26897623e+00  1.86936601e-03  9.58904041e-01  1.57321088e+00]","[ 0.00000000e+00  7.90305237e-01  3.41943393e-01  3.12046522e-05
  4.28061766e-01  6.75243695e-01 -4.96979349e-01  8.04074979e-01]","[ 0.         -0.59195435 13.42301273  0.57369697 -7.31209421 -0.35800028
  0.66551435 -1.17162502]"
1749227811.562483,"[ 0.00000000e+00  9.54126463e-01  9.60421110e-01  3.07221331e+00
 -2.26897623e+00  1.86936601e-03  9.58904041e-01  1.57321088e+00]","[ 0.00000000e+00  7.90305237e-01  3.41943393e-01  3.12046522e-05
  4.28061766e-01  6.75243695e-01 -4.96979349e-01  8.04074979e-01]","[ 0.         -0.59195435 13.42301273  0.57369697 -7.31209421 -0.35800028
  0.66551435 -1.17162502]"
1749227811.563676,"[ 0.00000000e+00  9.54126463e-01  9.60421110e-01  3.07221331e+00
 -2.26897623e+00  1.86936601e-03  9.58904041e-01  1.57321088e+00]","[ 0.00000000e+00  7.90305237e-01  3.41943393e-01  3.12046522e-05
  4.28061766e-01  6.75243695e-01 -4.96979349e-01  8.04074979e-01]","[ 0.         -0.59195435 13.42301273  0.57369697 -7.31209421 -0.35800028
  0.66551435 -1.17162502]"
1749227811.5654366,"[ 0.00000000e+00  9.54126463e-01  9.60421110e-01  3.07221331e+00
 -2.26897623e+00  1.86936601e-03  9.58904041e-01  1.57321088e+00]","[ 0.00000000e+00  7.90305237e-01  3.41943393e-01  3.12046522e-05
  4.28061766e-01  6.75243695e-01 -4.96979349e-01  8.04074979e-01]","[ 0.         -0.59195435 13.42301273  0.57369697 -7.31209421 -0.35800028
  0.66551435 -1.17162502]"
1749227811.5670886,"[ 0.00000000e+00  9.54126463e-01  9.60421110e-01  3.07221331e+00
 -2.26897623e+00  1.86936601e-03  9.58904041e-01  1.57321088e+00]","[ 0.00000000e+00  7.90305237e-01  3.41943393e-01  3.12046522e-05
  4.28061766e-01  6.75243695e-01 -4.96979349e-01  8.04074979e-01]","[ 0.         -0.59195435 13.42301273  0.57369697 -7.31209421 -0.35800028
  0.66551435 -1.17162502]"
1749227811.568237,"[ 0.00000000e+00  9.54126463e-01  9.60421110e-01  3.07221331e+00
 -2.26897623e+00  1.86936601e-03  9.58904041e-01  1.57321088e+00]","[ 0.00000000e+00  7.90305237e-01  3.41943393e-01  3.12046522e-05
  4.28061766e-01  6.75243695e-01 -4.96979349e-01  8.04074979e-01]","[ 0.         -0.59195435 13.42301273  0.57369697 -7.31209421 -0.35800028
  0.66551435 -1.17162502]"
1749227811.570031,"[ 0.00000000e+00  9.54126463e-01  9.60421110e-01  3.07221331e+00
 -2.26897623e+00  1.86936601e-03  9.58904041e-01  1.57321088e+00]","[ 0.00000000e+00  7.90305237e-01  3.41943393e-01  3.12046522e-05
  4.28061766e-01  6.75243695e-01 -4.96979349e-01  8.04074979e-01]","[ 0.         -0.59195435 13.42301273  0.57369697 -7.31209421 -0.35800028
  0.66551435 -1.17162502]"
1749227811.5717957,"[ 0.00000000e+00  9.54126463e-01  9.60421110e-01  3.07221331e+00
 -2.26897623e+00  1.86936601e-03  9.58904041e-01  1.57321088e+00]","[ 0.00000000e+00  7.90305237e-01  3.41943393e-01  3.12046522e-05
  4.28061766e-01  6.75243695e-01 -4.96979349e-01  8.04074979e-01]","[ 0.         -0.59195435 13.42301273  0.57369697 -7.31209421 -0.35800028
  0.66551435 -1.17162502]"
1749227811.5730648,"[ 0.00000000e+00  9.54126463e-01  9.60421110e-01  3.07221331e+00
 -2.26897623e+00  1.86936601e-03  9.58904041e-01  1.57321088e+00]","[ 0.00000000e+00  7.90305237e-01  3.41943393e-01  3.12046522e-05
  4.28061766e-01  6.75243695e-01 -4.96979349e-01  8.04074979e-01]","[ 0.         -0.59195435 13.42301273  0.57369697 -7.31209421 -0.35800028
  0.66551435 -1.17162502]"
1749227811.5748005,"[ 0.00000000e+00  9.54126463e-01  9.60421110e-01  3.07221331e+00
 -2.26897623e+00  1.86936601e-03  9.58904041e-01  1.57321088e+00]","[ 0.00000000e+00  7.90305237e-01  3.41943393e-01  3.12046522e-05
  4.28061766e-01  6.75243695e-01 -4.96979349e-01  8.04074979e-01]","[ 0.         -0.59195435 13.42301273  0.57369697 -7.31209421 -0.35800028
  0.66551435 -1.17162502]"
1749227811.5765073,"[ 0.00000000e+00  9.54126463e-01  9.60421110e-01  3.07221331e+00
 -2.26897623e+00  1.86936601e-03  9.58904041e-01  1.57321088e+00]","[ 0.00000000e+00  7.90305237e-01  3.41943393e-01  3.12046522e-05
  4.28061766e-01  6.75243695e-01 -4.96979349e-01  8.04074979e-01]","[ 0.         -0.59195435 13.42301273  0.57369697 -7.31209421 -0.35800028
  0.66551435 -1.17162502]"
1749227811.577693,"[ 0.00000000e+00  9.54126463e-01  9.60421110e-01  3.07221331e+00
 -2.26897623e+00  1.86936601e-03  9.58904041e-01  1.57321088e+00]","[ 0.00000000e+00  7.90305237e-01  3.41943393e-01  3.12046522e-05
  4.28061766e-01  6.75243695e-01 -4.96979349e-01  8.04074979e-01]","[ 0.         -0.59195435 13.42301273  0.57369697 -7.31209421 -0.35800028
  0.66551435 -1.17162502]"
1749227811.5794303,"[ 0.00000000e+00  9.54126463e-01  9.60421110e-01  3.07221331e+00
 -2.26897623e+00  1.86936601e-03  9.58904041e-01  1.57321088e+00]","[ 0.00000000e+00  7.90305237e-01  3.41943393e-01  3.12046522e-05
  4.28061766e-01  6.75243695e-01 -4.96979349e-01  8.04074979e-01]","[ 0.         -0.59195435 13.42301273  0.57369697 -7.31209421 -0.35800028
  0.66551435 -1.17162502]"
1749227811.5806918,"[ 0.00000000e+00  9.54126463e-01  9.60421110e-01  3.07221331e+00
 -2.26897623e+00  1.86936601e-03  9.58904041e-01  1.57321088e+00]","[ 0.00000000e+00  7.90305237e-01  3.41943393e-01  3.12046522e-05
  4.28061766e-01  6.75243695e-01 -4.96979349e-01  8.04074979e-01]","[ 0.         -0.59195435 13.42301273  0.57369697 -7.31209421 -0.35800028
  0.66551435 -1.17162502]"
1749227811.5824323,"[ 0.00000000e+00  9.54126463e-01  9.60421110e-01  3.07221331e+00
 -2.26897623e+00  1.86936601e-03  9.58904041e-01  1.57321088e+00]","[ 0.00000000e+00  7.90305237e-01  3.41943393e-01  3.12046522e-05
  4.28061766e-01  6.75243695e-01 -4.96979349e-01  8.04074979e-01]","[ 0.         -0.59195435 13.42301273  0.57369697 -7.31209421 -0.35800028
  0.66551435 -1.17162502]"
1749227811.5841615,"[ 0.00000000e+00  9.54126463e-01  9.60421110e-01  3.07221331e+00
 -2.26897623e+00  1.86936601e-03  9.58904041e-01  1.57321088e+00]","[ 0.00000000e+00  7.90305237e-01  3.41943393e-01  3.12046522e-05
  4.28061766e-01  6.75243695e-01 -4.96979349e-01  8.04074979e-01]","[ 0.         -0.59195435 13.42301273  0.57369697 -7.31209421 -0.35800028
  0.66551435 -1.17162502]"
1749227811.5853245,"[ 0.00000000e+00  9.54126463e-01  9.60421110e-01  3.07221331e+00
 -2.26897623e+00  1.86936601e-03  9.58904041e-01  1.57321088e+00]","[ 0.00000000e+00  7.90305237e-01  3.41943393e-01  3.12046522e-05
  4.28061766e-01  6.75243695e-01 -4.96979349e-01  8.04074979e-01]","[ 0.         -0.59195435 13.42301273  0.57369697 -7.31209421 -0.35800028
  0.66551435 -1.17162502]"
1749227811.587102,"[ 0.00000000e+00  9.54126463e-01  9.60421110e-01  3.07221331e+00
 -2.26897623e+00  1.86936601e-03  9.58904041e-01  1.57321088e+00]","[ 0.00000000e+00  7.90305237e-01  3.41943393e-01  3.12046522e-05
  4.28061766e-01  6.75243695e-01 -4.96979349e-01  8.04074979e-01]","[ 0.         -0.59195435 13.42301273  0.57369697 -7.31209421 -0.35800028
  0.66551435 -1.17162502]"
1749227811.5888228,"[ 0.00000000e+00  9.54126463e-01  9.60421110e-01  3.07221331e+00
 -2.26897623e+00  1.86936601e-03  9.58904041e-01  1.57321088e+00]","[ 0.00000000e+00  7.90305237e-01  3.41943393e-01  3.12046522e-05
  4.28061766e-01  6.75243695e-01 -4.96979349e-01  8.04074979e-01]","[ 0.         -0.59195435 13.42301273  0.57369697 -7.31209421 -0.35800028
  0.66551435 -1.17162502]"
1749227811.590537,"[ 0.00000000e+00  9.54126463e-01  9.60421110e-01  3.07221331e+00
 -2.26897623e+00  1.86936601e-03  9.58904041e-01  1.57321088e+00]","[ 0.00000000e+00  7.90305237e-01  3.41943393e-01  3.12046522e-05
  4.28061766e-01  6.75243695e-01 -4.96979349e-01  8.04074979e-01]","[ 0.         -0.59195435 13.42301273  0.57369697 -7.31209421 -0.35800028
  0.66551435 -1.17162502]"
1749227811.5919485,"[ 0.00000000e+00  9.54126463e-01  9.60421110e-01  3.07221331e+00
 -2.26897623e+00  1.86936601e-03  9.58904041e-01  1.57321088e+00]","[ 0.00000000e+00  7.90305237e-01  3.41943393e-01  3.12046522e-05
  4.28061766e-01  6.75243695e-01 -4.96979349e-01  8.04074979e-01]","[ 0.         -0.59195435 13.42301273  0.57369697 -7.31209421 -0.35800028
  0.66551435 -1.17162502]"
1749227811.5934527,"[ 0.00000000e+00  9.54126463e-01  9.60421110e-01  3.07221331e+00
 -2.26897623e+00  1.86936601e-03  9.58904041e-01  1.57321088e+00]","[ 0.00000000e+00  7.90305237e-01  3.41943393e-01  3.12046522e-05
  4.28061766e-01  6.75243695e-01 -4.96979349e-01  8.04074979e-01]","[ 0.         -0.59195435 13.42301273  0.57369697 -7.31209421 -0.35800028
  0.66551435 -1.17162502]"
1749227811.5950587,"[ 0.00000000e+00  9.54126463e-01  9.60421110e-01  3.07221331e+00
 -2.26897623e+00  1.86936601e-03  9.58904041e-01  1.57321088e+00]","[ 0.00000000e+00  7.90305237e-01  3.41943393e-01  3.12046522e-05
  4.28061766e-01  6.75243695e-01 -4.96979349e-01  8.04074979e-01]","[ 0.         -0.59195435 13.42301273  0.57369697 -7.31209421 -0.35800028
  0.66551435 -1.17162502]"
1749227811.596318,"[ 0.00000000e+00  9.54126463e-01  9.60421110e-01  3.07221331e+00
 -2.26897623e+00  1.86936601e-03  9.58904041e-01  1.57321088e+00]","[ 0.00000000e+00  7.90305237e-01  3.41943393e-01  3.12046522e-05
  4.28061766e-01  6.75243695e-01 -4.96979349e-01  8.04074979e-01]","[ 0.         -0.59195435 13.42301273  0.57369697 -7.31209421 -0.35800028
  0.66551435 -1.17162502]"
1749227811.5979729,"[ 0.00000000e+00  9.54126463e-01  9.60421110e-01  3.07221331e+00
 -2.26897623e+00  1.86936601e-03  9.58904041e-01  1.57321088e+00]","[ 0.00000000e+00  7.90305237e-01  3.41943393e-01  3.12046522e-05
  4.28061766e-01  6.75243695e-01 -4.96979349e-01  8.04074979e-01]","[ 0.         -0.59195435 13.42301273  0.57369697 -7.31209421 -0.35800028
  0.66551435 -1.17162502]"
1749227811.599687,"[ 0.00000000e+00  9.54126463e-01  9.60421110e-01  3.07221331e+00
 -2.26897623e+00  1.86936601e-03  9.58904041e-01  1.57321088e+00]","[ 0.00000000e+00  7.90305237e-01  3.41943393e-01  3.12046522e-05
  4.28061766e-01  6.75243695e-01 -4.96979349e-01  8.04074979e-01]","[ 0.         -0.59195435 13.42301273  0.57369697 -7.31209421 -0.35800028
  0.66551435 -1.17162502]"
1749227811.6014457,"[ 0.00000000e+00  9.54126463e-01  9.60421110e-01  3.07221331e+00
 -2.26897623e+00  1.86936601e-03  9.58904041e-01  1.57321088e+00]","[ 0.00000000e+00  7.90305237e-01  3.41943393e-01  3.12046522e-05
  4.28061766e-01  6.75243695e-01 -4.96979349e-01  8.04074979e-01]","[ 0.         -0.59195435 13.42301273  0.57369697 -7.31209421 -0.35800028
  0.66551435 -1.17162502]"
1749227811.6032972,"[ 0.00000000e+00  9.54126463e-01  9.60421110e-01  3.07221331e+00
 -2.26897623e+00  1.86936601e-03  9.58904041e-01  1.57321088e+00]","[ 0.00000000e+00  7.90305237e-01  3.41943393e-01  3.12046522e-05
  4.28061766e-01  6.75243695e-01 -4.96979349e-01  8.04074979e-01]","[ 0.         -0.59195435 13.42301273  0.57369697 -7.31209421 -0.35800028
  0.66551435 -1.17162502]"
1749227811.6045494,"[ 0.00000000e+00  9.54126463e-01  9.60421110e-01  3.07221331e+00
 -2.26897623e+00  1.86936601e-03  9.58904041e-01  1.57321088e+00]","[ 0.00000000e+00  7.90305237e-01  3.41943393e-01  3.12046522e-05
  4.28061766e-01  6.75243695e-01 -4.96979349e-01  8.04074979e-01]","[ 0.         -0.59195435 13.42301273  0.57369697 -7.31209421 -0.35800028
  0.66551435 -1.17162502]"
1749227811.6062257,"[ 0.00000000e+00  9.54126463e-01  9.60421110e-01  3.07221331e+00
 -2.26897623e+00  1.86936601e-03  9.58904041e-01  1.57321088e+00]","[ 0.00000000e+00  7.90305237e-01  3.41943393e-01  3.12046522e-05
  4.28061766e-01  6.75243695e-01 -4.96979349e-01  8.04074979e-01]","[ 0.         -0.59195435 13.42301273  0.57369697 -7.31209421 -0.35800028
  0.66551435 -1.17162502]"
1749227811.6079566,"[ 0.00000000e+00  9.91644610e-01  9.75276356e-01  3.07221598e+00
 -2.26897623e+00  1.86936601e-03  9.58904041e-01  1.57321088e+00]","[ 0.          0.70242565  0.25227105  0.          0.42806177  0.6752437
 -0.49697935  0.80407498]","[ 0.         -0.42858768 13.06723976  0.43589041 -7.31209421 -0.35800028
  0.66551435 -1.17162502]"
1749227811.609168,"[ 0.00000000e+00  9.91644610e-01  9.75276356e-01  3.07221598e+00
 -2.26897623e+00  1.86936601e-03  9.58904041e-01  1.57321088e+00]","[ 0.          0.70242565  0.25227105  0.          0.42806177  0.6752437
 -0.49697935  0.80407498]","[ 0.         -0.42858768 13.06723976  0.43589041 -7.31209421 -0.35800028
  0.66551435 -1.17162502]"
1749227811.610896,"[ 0.00000000e+00  9.91644610e-01  9.75276356e-01  3.07221598e+00
 -2.26897623e+00  1.86936601e-03  9.58904041e-01  1.57321088e+00]","[ 0.          0.70242565  0.25227105  0.          0.42806177  0.6752437
 -0.49697935  0.80407498]","[ 0.         -0.42858768 13.06723976  0.43589041 -7.31209421 -0.35800028
  0.66551435 -1.17162502]"
1749227811.612068,"[ 0.00000000e+00  9.91644610e-01  9.75276356e-01  3.07221598e+00
 -2.26897623e+00  1.86936601e-03  9.58904041e-01  1.57321088e+00]","[ 0.          0.70242565  0.25227105  0.          0.42806177  0.6752437
 -0.49697935  0.80407498]","[ 0.         -0.42858768 13.06723976  0.43589041 -7.31209421 -0.35800028
  0.66551435 -1.17162502]"
1749227811.6138318,"[ 0.00000000e+00  9.91644610e-01  9.75276356e-01  3.07221598e+00
 -2.26897623e+00  1.86936601e-03  9.58904041e-01  1.57321088e+00]","[ 0.          0.70242565  0.25227105  0.          0.42806177  0.6752437
 -0.49697935  0.80407498]","[ 0.         -0.42858768 13.06723976  0.43589041 -7.31209421 -0.35800028
  0.66551435 -1.17162502]"
1749227811.615682,"[ 0.00000000e+00  9.91644610e-01  9.75276356e-01  3.07221598e+00
 -2.26897623e+00  1.86936601e-03  9.58904041e-01  1.57321088e+00]","[ 0.          0.70242565  0.25227105  0.          0.42806177  0.6752437
 -0.49697935  0.80407498]","[ 0.         -0.42858768 13.06723976  0.43589041 -7.31209421 -0.35800028
  0.66551435 -1.17162502]"
1749227811.6167989,"[ 0.00000000e+00  9.91644610e-01  9.75276356e-01  3.07221598e+00
 -2.26897623e+00  1.86936601e-03  9.58904041e-01  1.57321088e+00]","[ 0.          0.70242565  0.25227105  0.          0.42806177  0.6752437
 -0.49697935  0.80407498]","[ 0.         -0.42858768 13.06723976  0.43589041 -7.31209421 -0.35800028
  0.66551435 -1.17162502]"
1749227811.618507,"[ 0.00000000e+00  9.91644610e-01  9.75276356e-01  3.07221598e+00
 -2.26897623e+00  1.86936601e-03  9.58904041e-01  1.57321088e+00]","[ 0.          0.70242565  0.25227105  0.          0.42806177  0.6752437
 -0.49697935  0.80407498]","[ 0.         -0.42858768 13.06723976  0.43589041 -7.31209421 -0.35800028
  0.66551435 -1.17162502]"
1749227811.620381,"[ 0.00000000e+00  9.91644610e-01  9.75276356e-01  3.07221598e+00
 -2.26897623e+00  1.86936601e-03  9.58904041e-01  1.57321088e+00]","[ 0.          0.70242565  0.25227105  0.          0.42806177  0.6752437
 -0.49697935  0.80407498]","[ 0.         -0.42858768 13.06723976  0.43589041 -7.31209421 -0.35800028
  0.66551435 -1.17162502]"
1749227811.6220708,"[ 0.00000000e+00  9.91644610e-01  9.75276356e-01  3.07221598e+00
 -2.26897623e+00  1.86936601e-03  9.58904041e-01  1.57321088e+00]","[ 0.          0.70242565  0.25227105  0.          0.42806177  0.6752437
 -0.49697935  0.80407498]","[ 0.         -0.42858768 13.06723976  0.43589041 -7.31209421 -0.35800028
  0.66551435 -1.17162502]"
1749227811.623794,"[ 0.00000000e+00  9.91644610e-01  9.75276356e-01  3.07221598e+00
 -2.26897623e+00  1.86936601e-03  9.58904041e-01  1.57321088e+00]","[ 0.          0.70242565  0.25227105  0.          0.42806177  0.6752437
 -0.49697935  0.80407498]","[ 0.         -0.42858768 13.06723976  0.43589041 -7.31209421 -0.35800028
  0.66551435 -1.17162502]"
1749227811.6249,"[ 0.00000000e+00  9.91644610e-01  9.75276356e-01  3.07221598e+00
 -2.26897623e+00  1.86936601e-03  9.58904041e-01  1.57321088e+00]","[ 0.          0.70242565  0.25227105  0.          0.42806177  0.6752437
 -0.49697935  0.80407498]","[ 0.         -0.42858768 13.06723976  0.43589041 -7.31209421 -0.35800028
  0.66551435 -1.17162502]"
1749227811.6266658,"[ 0.00000000e+00  9.91644610e-01  9.75276356e-01  3.07221598e+00
 -2.26897623e+00  1.86936601e-03  9.58904041e-01  1.57321088e+00]","[ 0.          0.70242565  0.25227105  0.          0.42806177  0.6752437
 -0.49697935  0.80407498]","[ 0.         -0.42858768 13.06723976  0.43589041 -7.31209421 -0.35800028
  0.66551435 -1.17162502]"
1749227811.6284475,"[ 0.00000000e+00  9.91644610e-01  9.75276356e-01  3.07221598e+00
 -2.26897623e+00  1.86936601e-03  9.58904041e-01  1.57321088e+00]","[ 0.          0.70242565  0.25227105  0.          0.42806177  0.6752437
 -0.49697935  0.80407498]","[ 0.         -0.42858768 13.06723976  0.43589041 -7.31209421 -0.35800028
  0.66551435 -1.17162502]"
1749227811.6302834,"[ 0.00000000e+00  9.91644610e-01  9.75276356e-01  3.07221598e+00
 -2.26897623e+00  1.86936601e-03  9.58904041e-01  1.57321088e+00]","[ 0.          0.70242565  0.25227105  0.          0.42806177  0.6752437
 -0.49697935  0.80407498]","[ 0.         -0.42858768 13.06723976  0.43589041 -7.31209421 -0.35800028
  0.66551435 -1.17162502]"
1749227811.6319685,"[ 0.00000000e+00  9.91644610e-01  9.75276356e-01  3.07221598e+00
 -2.26897623e+00  1.86936601e-03  9.58904041e-01  1.57321088e+00]","[ 0.          0.70242565  0.25227105  0.          0.42806177  0.6752437
 -0.49697935  0.80407498]","[ 0.         -0.42858768 13.06723976  0.43589041 -7.31209421 -0.35800028
  0.66551435 -1.17162502]"
1749227811.633723,"[ 0.00000000e+00  9.91644610e-01  9.75276356e-01  3.07221598e+00
 -2.26897623e+00  1.86936601e-03  9.58904041e-01  1.57321088e+00]","[ 0.          0.70242565  0.25227105  0.          0.42806177  0.6752437
 -0.49697935  0.80407498]","[ 0.         -0.42858768 13.06723976  0.43589041 -7.31209421 -0.35800028
  0.66551435 -1.17162502]"
1749227811.6354508,"[ 0.00000000e+00  9.91644610e-01  9.75276356e-01  3.07221598e+00
 -2.26897623e+00  1.86936601e-03  9.58904041e-01  1.57321088e+00]","[ 0.          0.70242565  0.25227105  0.          0.42806177  0.6752437
 -0.49697935  0.80407498]","[ 0.         -0.42858768 13.06723976  0.43589041 -7.31209421 -0.35800028
  0.66551435 -1.17162502]"
1749227811.6371737,"[ 0.00000000e+00  9.91644610e-01  9.75276356e-01  3.07221598e+00
 -2.26897623e+00  1.86936601e-03  9.58904041e-01  1.57321088e+00]","[ 0.          0.70242565  0.25227105  0.          0.42806177  0.6752437
 -0.49697935  0.80407498]","[ 0.         -0.42858768 13.06723976  0.43589041 -7.31209421 -0.35800028
  0.66551435 -1.17162502]"
1749227811.6389453,"[ 0.00000000e+00  9.91644610e-01  9.75276356e-01  3.07221598e+00
 -2.26897623e+00  1.86936601e-03  9.58904041e-01  1.57321088e+00]","[ 0.          0.70242565  0.25227105  0.          0.42806177  0.6752437
 -0.49697935  0.80407498]","[ 0.         -0.42858768 13.06723976  0.43589041 -7.31209421 -0.35800028
  0.66551435 -1.17162502]"
1749227811.6401181,"[ 0.00000000e+00  9.91644610e-01  9.75276356e-01  3.07221598e+00
 -2.26897623e+00  1.86936601e-03  9.58904041e-01  1.57321088e+00]","[ 0.          0.70242565  0.25227105  0.          0.42806177  0.6752437
 -0.49697935  0.80407498]","[ 0.         -0.42858768 13.06723976  0.43589041 -7.31209421 -0.35800028
  0.66551435 -1.17162502]"
1749227811.64243,"[ 0.00000000e+00  9.91644610e-01  9.75276356e-01  3.07221598e+00
 -2.26897623e+00  1.86936601e-03  9.58904041e-01  1.57321088e+00]","[ 0.          0.70242565  0.25227105  0.          0.42806177  0.6752437
 -0.49697935  0.80407498]","[ 0.         -0.42858768 13.06723976  0.43589041 -7.31209421 -0.35800028
  0.66551435 -1.17162502]"
1749227811.643557,"[ 0.00000000e+00  9.91644610e-01  9.75276356e-01  3.07221598e+00
 -2.26897623e+00  1.86936601e-03  9.58904041e-01  1.57321088e+00]","[ 0.          0.70242565  0.25227105  0.          0.42806177  0.6752437
 -0.49697935  0.80407498]","[ 0.         -0.42858768 13.06723976  0.43589041 -7.31209421 -0.35800028
  0.66551435 -1.17162502]"
1749227811.6452615,"[ 0.00000000e+00  9.91644610e-01  9.75276356e-01  3.07221598e+00
 -2.26897623e+00  1.86936601e-03  9.58904041e-01  1.57321088e+00]","[ 0.          0.70242565  0.25227105  0.          0.42806177  0.6752437
 -0.49697935  0.80407498]","[ 0.         -0.42858768 13.06723976  0.43589041 -7.31209421 -0.35800028
  0.66551435 -1.17162502]"
1749227811.647005,"[ 0.00000000e+00  9.91644610e-01  9.75276356e-01  3.07221598e+00
 -2.26897623e+00  1.86936601e-03  9.58904041e-01  1.57321088e+00]","[ 0.          0.70242565  0.25227105  0.          0.42806177  0.6752437
 -0.49697935  0.80407498]","[ 0.         -0.42858768 13.06723976  0.43589041 -7.31209421 -0.35800028
  0.66551435 -1.17162502]"
1749227811.6487134,"[ 0.00000000e+00  9.91644610e-01  9.75276356e-01  3.07221598e+00
 -2.26897623e+00  1.86936601e-03  9.58904041e-01  1.57321088e+00]","[ 0.          0.70242565  0.25227105  0.          0.42806177  0.6752437
 -0.49697935  0.80407498]","[ 0.         -0.42858768 13.06723976  0.43589041 -7.31209421 -0.35800028
  0.66551435 -1.17162502]"
1749227811.6504781,"[ 0.00000000e+00  9.91644610e-01  9.75276356e-01  3.07221598e+00
 -2.26897623e+00  1.86936601e-03  9.58904041e-01  1.57321088e+00]","[ 0.          0.70242565  0.25227105  0.          0.42806177  0.6752437
 -0.49697935  0.80407498]","[ 0.         -0.42858768 13.06723976  0.43589041 -7.31209421 -0.35800028
  0.66551435 -1.17162502]"
1749227811.6516263,"[ 0.00000000e+00  9.91644610e-01  9.75276356e-01  3.07221598e+00
 -2.26897623e+00  1.86936601e-03  9.58904041e-01  1.57321088e+00]","[ 0.          0.70242565  0.25227105  0.          0.42806177  0.6752437
 -0.49697935  0.80407498]","[ 0.         -0.42858768 13.06723976  0.43589041 -7.31209421 -0.35800028
  0.66551435 -1.17162502]"
1749227811.6533575,"[ 0.00000000e+00  9.91644610e-01  9.75276356e-01  3.07221598e+00
 -2.26897623e+00  1.86936601e-03  9.58904041e-01  1.57321088e+00]","[ 0.          0.70242565  0.25227105  0.          0.42806177  0.6752437
 -0.49697935  0.80407498]","[ 0.         -0.42858768 13.06723976  0.43589041 -7.31209421 -0.35800028
  0.66551435 -1.17162502]"
1749227811.6551764,"[ 0.00000000e+00  9.91644610e-01  9.75276356e-01  3.07221598e+00
 -2.26897623e+00  1.86936601e-03  9.58904041e-01  1.57321088e+00]","[ 0.          0.70242565  0.25227105  0.          0.42806177  0.6752437
 -0.49697935  0.80407498]","[ 0.         -0.42858768 13.06723976  0.43589041 -7.31209421 -0.35800028
  0.66551435 -1.17162502]"
1749227811.6569903,"[ 0.00000000e+00  1.02476914e+00  9.85724270e-01  3.07221464e+00
 -2.26897623e+00  1.86936601e-03  9.58904041e-01  1.57321088e+00]","[ 0.00000000e+00  6.15057453e-01  1.61518290e-01 -1.14849178e-05
  4.28061766e-01  6.75243695e-01 -4.96979349e-01  8.04074979e-01]","[ 0.         -0.0156879  12.247715    0.47415468 -7.31209421 -0.35800028
  0.66551435 -1.17162502]"
1749227811.6581798,"[ 0.00000000e+00  1.02476914e+00  9.85724270e-01  3.07221464e+00
 -2.26897623e+00  1.86936601e-03  9.58904041e-01  1.57321088e+00]","[ 0.00000000e+00  6.15057453e-01  1.61518290e-01 -1.14849178e-05
  4.28061766e-01  6.75243695e-01 -4.96979349e-01  8.04074979e-01]","[ 0.         -0.0156879  12.247715    0.47415468 -7.31209421 -0.35800028
  0.66551435 -1.17162502]"
1749227811.6599262,"[ 0.00000000e+00  1.02476914e+00  9.85724270e-01  3.07221464e+00
 -2.26897623e+00  1.86936601e-03  9.58904041e-01  1.57321088e+00]","[ 0.00000000e+00  6.15057453e-01  1.61518290e-01 -1.14849178e-05
  4.28061766e-01  6.75243695e-01 -4.96979349e-01  8.04074979e-01]","[ 0.         -0.0156879  12.247715    0.47415468 -7.31209421 -0.35800028
  0.66551435 -1.17162502]"
1749227811.6616797,"[ 0.00000000e+00  1.02476914e+00  9.85724270e-01  3.07221464e+00
 -2.26897623e+00  1.86936601e-03  9.58904041e-01  1.57321088e+00]","[ 0.00000000e+00  6.15057453e-01  1.61518290e-01 -1.14849178e-05
  4.28061766e-01  6.75243695e-01 -4.96979349e-01  8.04074979e-01]","[ 0.         -0.0156879  12.247715    0.47415468 -7.31209421 -0.35800028
  0.66551435 -1.17162502]"
1749227811.663448,"[ 0.00000000e+00  1.02476914e+00  9.85724270e-01  3.07221464e+00
 -2.26897623e+00  1.86936601e-03  9.58904041e-01  1.57321088e+00]","[ 0.00000000e+00  6.15057453e-01  1.61518290e-01 -1.14849178e-05
  4.28061766e-01  6.75243695e-01 -4.96979349e-01  8.04074979e-01]","[ 0.         -0.0156879  12.247715    0.47415468 -7.31209421 -0.35800028
  0.66551435 -1.17162502]"
1749227811.6651602,"[ 0.00000000e+00  1.02476914e+00  9.85724270e-01  3.07221464e+00
 -2.26897623e+00  1.86936601e-03  9.58904041e-01  1.57321088e+00]","[ 0.00000000e+00  6.15057453e-01  1.61518290e-01 -1.14849178e-05
  4.28061766e-01  6.75243695e-01 -4.96979349e-01  8.04074979e-01]","[ 0.         -0.0156879  12.247715    0.47415468 -7.31209421 -0.35800028
  0.66551435 -1.17162502]"
1749227811.6669512,"[ 0.00000000e+00  1.02476914e+00  9.85724270e-01  3.07221464e+00
 -2.26897623e+00  1.86936601e-03  9.58904041e-01  1.57321088e+00]","[ 0.00000000e+00  6.15057453e-01  1.61518290e-01 -1.14849178e-05
  4.28061766e-01  6.75243695e-01 -4.96979349e-01  8.04074979e-01]","[ 0.         -0.0156879  12.247715    0.47415468 -7.31209421 -0.35800028
  0.66551435 -1.17162502]"
1749227811.668751,"[ 0.00000000e+00  1.02476914e+00  9.85724270e-01  3.07221464e+00
 -2.26897623e+00  1.86936601e-03  9.58904041e-01  1.57321088e+00]","[ 0.00000000e+00  6.15057453e-01  1.61518290e-01 -1.14849178e-05
  4.28061766e-01  6.75243695e-01 -4.96979349e-01  8.04074979e-01]","[ 0.         -0.0156879  12.247715    0.47415468 -7.31209421 -0.35800028
  0.66551435 -1.17162502]"
1749227811.670467,"[ 0.00000000e+00  1.02476914e+00  9.85724270e-01  3.07221464e+00
 -2.26897623e+00  1.86936601e-03  9.58904041e-01  1.57321088e+00]","[ 0.00000000e+00  6.15057453e-01  1.61518290e-01 -1.14849178e-05
  4.28061766e-01  6.75243695e-01 -4.96979349e-01  8.04074979e-01]","[ 0.         -0.0156879  12.247715    0.47415468 -7.31209421 -0.35800028
  0.66551435 -1.17162502]"
1749227811.6716173,"[ 0.00000000e+00  1.02476914e+00  9.85724270e-01  3.07221464e+00
 -2.26897623e+00  1.86936601e-03  9.58904041e-01  1.57321088e+00]","[ 0.00000000e+00  6.15057453e-01  1.61518290e-01 -1.14849178e-05
  4.28061766e-01  6.75243695e-01 -4.96979349e-01  8.04074979e-01]","[ 0.         -0.0156879  12.247715    0.47415468 -7.31209421 -0.35800028
  0.66551435 -1.17162502]"
1749227811.6733167,"[ 0.00000000e+00  1.02476914e+00  9.85724270e-01  3.07221464e+00
 -2.26897623e+00  1.86936601e-03  9.58904041e-01  1.57321088e+00]","[ 0.00000000e+00  6.15057453e-01  1.61518290e-01 -1.14849178e-05
  4.28061766e-01  6.75243695e-01 -4.96979349e-01  8.04074979e-01]","[ 0.         -0.0156879  12.247715    0.47415468 -7.31209421 -0.35800028
  0.66551435 -1.17162502]"
1749227811.6749632,"[ 0.00000000e+00  1.02476914e+00  9.85724270e-01  3.07221464e+00
 -2.26897623e+00  1.86936601e-03  9.58904041e-01  1.57321088e+00]","[ 0.00000000e+00  6.15057453e-01  1.61518290e-01 -1.14849178e-05
  4.28061766e-01  6.75243695e-01 -4.96979349e-01  8.04074979e-01]","[ 0.         -0.0156879  12.247715    0.47415468 -7.31209421 -0.35800028
  0.66551435 -1.17162502]"
1749227811.6767228,"[ 0.00000000e+00  1.02476914e+00  9.85724270e-01  3.07221464e+00
 -2.26897623e+00  1.86936601e-03  9.58904041e-01  1.57321088e+00]","[ 0.00000000e+00  6.15057453e-01  1.61518290e-01 -1.14849178e-05
  4.28061766e-01  6.75243695e-01 -4.96979349e-01  8.04074979e-01]","[ 0.         -0.0156879  12.247715    0.47415468 -7.31209421 -0.35800028
  0.66551435 -1.17162502]"
1749227811.67851,"[ 0.00000000e+00  1.02476914e+00  9.85724270e-01  3.07221464e+00
 -2.26897623e+00  1.86936601e-03  9.58904041e-01  1.57321088e+00]","[ 0.00000000e+00  6.15057453e-01  1.61518290e-01 -1.14849178e-05
  4.28061766e-01  6.75243695e-01 -4.96979349e-01  8.04074979e-01]","[ 0.         -0.0156879  12.247715    0.47415468 -7.31209421 -0.35800028
  0.66551435 -1.17162502]"
1749227811.6796987,"[ 0.00000000e+00  1.02476914e+00  9.85724270e-01  3.07221464e+00
 -2.26897623e+00  1.86936601e-03  9.58904041e-01  1.57321088e+00]","[ 0.00000000e+00  6.15057453e-01  1.61518290e-01 -1.14849178e-05
  4.28061766e-01  6.75243695e-01 -4.96979349e-01  8.04074979e-01]","[ 0.         -0.0156879  12.247715    0.47415468 -7.31209421 -0.35800028
  0.66551435 -1.17162502]"
1749227811.6815085,"[ 0.00000000e+00  1.02476914e+00  9.85724270e-01  3.07221464e+00
 -2.26897623e+00  1.86936601e-03  9.58904041e-01  1.57321088e+00]","[ 0.00000000e+00  6.15057453e-01  1.61518290e-01 -1.14849178e-05
  4.28061766e-01  6.75243695e-01 -4.96979349e-01  8.04074979e-01]","[ 0.         -0.0156879  12.247715    0.47415468 -7.31209421 -0.35800028
  0.66551435 -1.17162502]"
1749227811.6833448,"[ 0.00000000e+00  1.02476914e+00  9.85724270e-01  3.07221464e+00
 -2.26897623e+00  1.86936601e-03  9.58904041e-01  1.57321088e+00]","[ 0.00000000e+00  6.15057453e-01  1.61518290e-01 -1.14849178e-05
  4.28061766e-01  6.75243695e-01 -4.96979349e-01  8.04074979e-01]","[ 0.         -0.0156879  12.247715    0.47415468 -7.31209421 -0.35800028
  0.66551435 -1.17162502]"
1749227811.6849506,"[ 0.00000000e+00  1.02476914e+00  9.85724270e-01  3.07221464e+00
 -2.26897623e+00  1.86936601e-03  9.58904041e-01  1.57321088e+00]","[ 0.00000000e+00  6.15057453e-01  1.61518290e-01 -1.14849178e-05
  4.28061766e-01  6.75243695e-01 -4.96979349e-01  8.04074979e-01]","[ 0.         -0.0156879  12.247715    0.47415468 -7.31209421 -0.35800028
  0.66551435 -1.17162502]"
1749227811.6861517,"[ 0.00000000e+00  1.02476914e+00  9.85724270e-01  3.07221464e+00
 -2.26897623e+00  1.86936601e-03  9.58904041e-01  1.57321088e+00]","[ 0.00000000e+00  6.15057453e-01  1.61518290e-01 -1.14849178e-05
  4.28061766e-01  6.75243695e-01 -4.96979349e-01  8.04074979e-01]","[ 0.         -0.0156879  12.247715    0.47415468 -7.31209421 -0.35800028
  0.66551435 -1.17162502]"
1749227811.6880102,"[ 0.00000000e+00  1.02476914e+00  9.85724270e-01  3.07221464e+00
 -2.26897623e+00  1.86936601e-03  9.58904041e-01  1.57321088e+00]","[ 0.00000000e+00  6.15057453e-01  1.61518290e-01 -1.14849178e-05
  4.28061766e-01  6.75243695e-01 -4.96979349e-01  8.04074979e-01]","[ 0.         -0.0156879  12.247715    0.47415468 -7.31209421 -0.35800028
  0.66551435 -1.17162502]"
1749227811.6892147,"[ 0.00000000e+00  1.02476914e+00  9.85724270e-01  3.07221464e+00
 -2.26897623e+00  1.86936601e-03  9.58904041e-01  1.57321088e+00]","[ 0.00000000e+00  6.15057453e-01  1.61518290e-01 -1.14849178e-05
  4.28061766e-01  6.75243695e-01 -4.96979349e-01  8.04074979e-01]","[ 0.         -0.0156879  12.247715    0.47415468 -7.31209421 -0.35800028
  0.66551435 -1.17162502]"
1749227811.6909614,"[ 0.00000000e+00  1.02476914e+00  9.85724270e-01  3.07221464e+00
 -2.26897623e+00  1.86936601e-03  9.58904041e-01  1.57321088e+00]","[ 0.00000000e+00  6.15057453e-01  1.61518290e-01 -1.14849178e-05
  4.28061766e-01  6.75243695e-01 -4.96979349e-01  8.04074979e-01]","[ 0.         -0.0156879  12.247715    0.47415468 -7.31209421 -0.35800028
  0.66551435 -1.17162502]"
1749227811.692732,"[ 0.00000000e+00  1.02476914e+00  9.85724270e-01  3.07221464e+00
 -2.26897623e+00  1.86936601e-03  9.58904041e-01  1.57321088e+00]","[ 0.00000000e+00  6.15057453e-01  1.61518290e-01 -1.14849178e-05
  4.28061766e-01  6.75243695e-01 -4.96979349e-01  8.04074979e-01]","[ 0.         -0.0156879  12.247715    0.47415468 -7.31209421 -0.35800028
  0.66551435 -1.17162502]"
1749227811.6945393,"[ 0.00000000e+00  1.02476914e+00  9.85724270e-01  3.07221464e+00
 -2.26897623e+00  1.86936601e-03  9.58904041e-01  1.57321088e+00]","[ 0.00000000e+00  6.15057453e-01  1.61518290e-01 -1.14849178e-05
  4.28061766e-01  6.75243695e-01 -4.96979349e-01  8.04074979e-01]","[ 0.         -0.0156879  12.247715    0.47415468 -7.31209421 -0.35800028
  0.66551435 -1.17162502]"
1749227811.6957035,"[ 0.00000000e+00  1.02476914e+00  9.85724270e-01  3.07221464e+00
 -2.26897623e+00  1.86936601e-03  9.58904041e-01  1.57321088e+00]","[ 0.00000000e+00  6.15057453e-01  1.61518290e-01 -1.14849178e-05
  4.28061766e-01  6.75243695e-01 -4.96979349e-01  8.04074979e-01]","[ 0.         -0.0156879  12.247715    0.47415468 -7.31209421 -0.35800028
  0.66551435 -1.17162502]"
1749227811.6974616,"[ 0.00000000e+00  1.02476914e+00  9.85724270e-01  3.07221464e+00
 -2.26897623e+00  1.86936601e-03  9.58904041e-01  1.57321088e+00]","[ 0.00000000e+00  6.15057453e-01  1.61518290e-01 -1.14849178e-05
  4.28061766e-01  6.75243695e-01 -4.96979349e-01  8.04074979e-01]","[ 0.         -0.0156879  12.247715    0.47415468 -7.31209421 -0.35800028
  0.66551435 -1.17162502]"
1749227811.6986756,"[ 0.00000000e+00  1.02476914e+00  9.85724270e-01  3.07221464e+00
 -2.26897623e+00  1.86936601e-03  9.58904041e-01  1.57321088e+00]","[ 0.00000000e+00  6.15057453e-01  1.61518290e-01 -1.14849178e-05
  4.28061766e-01  6.75243695e-01 -4.96979349e-01  8.04074979e-01]","[ 0.         -0.0156879  12.247715    0.47415468 -7.31209421 -0.35800028
  0.66551435 -1.17162502]"
1749227811.7005126,"[ 0.00000000e+00  1.02476914e+00  9.85724270e-01  3.07221464e+00
 -2.26897623e+00  1.86936601e-03  9.58904041e-01  1.57321088e+00]","[ 0.00000000e+00  6.15057453e-01  1.61518290e-01 -1.14849178e-05
  4.28061766e-01  6.75243695e-01 -4.96979349e-01  8.04074979e-01]","[ 0.         -0.0156879  12.247715    0.47415468 -7.31209421 -0.35800028
  0.66551435 -1.17162502]"
1749227811.7022488,"[ 0.00000000e+00  1.02476914e+00  9.85724270e-01  3.07221464e+00
 -2.26897623e+00  1.86936601e-03  9.58904041e-01  1.57321088e+00]","[ 0.00000000e+00  6.15057453e-01  1.61518290e-01 -1.14849178e-05
  4.28061766e-01  6.75243695e-01 -4.96979349e-01  8.04074979e-01]","[ 0.         -0.0156879  12.247715    0.47415468 -7.31209421 -0.35800028
  0.66551435 -1.17162502]"
1749227811.703367,"[ 0.00000000e+00  1.02476914e+00  9.85724270e-01  3.07221464e+00
 -2.26897623e+00  1.86936601e-03  9.58904041e-01  1.57321088e+00]","[ 0.00000000e+00  6.15057453e-01  1.61518290e-01 -1.14849178e-05
  4.28061766e-01  6.75243695e-01 -4.96979349e-01  8.04074979e-01]","[ 0.         -0.0156879  12.247715    0.47415468 -7.31209421 -0.35800028
  0.66551435 -1.17162502]"
1749227811.705154,"[ 0.00000000e+00  1.02476914e+00  9.85724270e-01  3.07221464e+00
 -2.26897623e+00  1.86936601e-03  9.58904041e-01  1.57321088e+00]","[ 0.00000000e+00  6.15057453e-01  1.61518290e-01 -1.14849178e-05
  4.28061766e-01  6.75243695e-01 -4.96979349e-01  8.04074979e-01]","[ 0.         -0.0156879  12.247715    0.47415468 -7.31209421 -0.35800028
  0.66551435 -1.17162502]"
1749227811.7069774,"[ 0.00000000e+00  1.05284445e+00  9.91828768e-01  3.07221145e+00
 -2.26897623e+00  1.86936601e-03  9.58904041e-01  1.57321088e+00]","[ 0.00000000e+00  5.31281729e-01  8.23797284e-02 -4.93629684e-05
  4.28061766e-01  6.75243695e-01 -4.96979349e-01  8.04074979e-01]","[ 0.         -0.64033914 13.46749783  0.20487189 -7.31209421 -0.35800028
  0.66551435 -1.17162502]"
1749227811.7085924,"[ 0.00000000e+00  1.05284445e+00  9.91828768e-01  3.07221145e+00
 -2.26897623e+00  1.86936601e-03  9.58904041e-01  1.57321088e+00]","[ 0.00000000e+00  5.31281729e-01  8.23797284e-02 -4.93629684e-05
  4.28061766e-01  6.75243695e-01 -4.96979349e-01  8.04074979e-01]","[ 0.         -0.64033914 13.46749783  0.20487189 -7.31209421 -0.35800028
  0.66551435 -1.17162502]"
1749227811.7103512,"[ 0.00000000e+00  1.05284445e+00  9.91828768e-01  3.07221145e+00
 -2.26897623e+00  1.86936601e-03  9.58904041e-01  1.57321088e+00]","[ 0.00000000e+00  5.31281729e-01  8.23797284e-02 -4.93629684e-05
  4.28061766e-01  6.75243695e-01 -4.96979349e-01  8.04074979e-01]","[ 0.         -0.64033914 13.46749783  0.20487189 -7.31209421 -0.35800028
  0.66551435 -1.17162502]"
1749227811.712724,"[ 0.00000000e+00  1.05284445e+00  9.91828768e-01  3.07221145e+00
 -2.26897623e+00  1.86936601e-03  9.58904041e-01  1.57321088e+00]","[ 0.00000000e+00  5.31281729e-01  8.23797284e-02 -4.93629684e-05
  4.28061766e-01  6.75243695e-01 -4.96979349e-01  8.04074979e-01]","[ 0.         -0.64033914 13.46749783  0.20487189 -7.31209421 -0.35800028
  0.66551435 -1.17162502]"
1749227811.7150135,"[ 0.00000000e+00  1.05284445e+00  9.91828768e-01  3.07221145e+00
 -2.26897623e+00  1.86936601e-03  9.58904041e-01  1.57321088e+00]","[ 0.00000000e+00  5.31281729e-01  8.23797284e-02 -4.93629684e-05
  4.28061766e-01  6.75243695e-01 -4.96979349e-01  8.04074979e-01]","[ 0.         -0.64033914 13.46749783  0.20487189 -7.31209421 -0.35800028
  0.66551435 -1.17162502]"
1749227811.7167964,"[ 0.00000000e+00  1.05284445e+00  9.91828768e-01  3.07221145e+00
 -2.26897623e+00  1.86936601e-03  9.58904041e-01  1.57321088e+00]","[ 0.00000000e+00  5.31281729e-01  8.23797284e-02 -4.93629684e-05
  4.28061766e-01  6.75243695e-01 -4.96979349e-01  8.04074979e-01]","[ 0.         -0.64033914 13.46749783  0.20487189 -7.31209421 -0.35800028
  0.66551435 -1.17162502]"
1749227811.7185006,"[ 0.00000000e+00  1.05284445e+00  9.91828768e-01  3.07221145e+00
 -2.26897623e+00  1.86936601e-03  9.58904041e-01  1.57321088e+00]","[ 0.00000000e+00  5.31281729e-01  8.23797284e-02 -4.93629684e-05
  4.28061766e-01  6.75243695e-01 -4.96979349e-01  8.04074979e-01]","[ 0.         -0.64033914 13.46749783  0.20487189 -7.31209421 -0.35800028
  0.66551435 -1.17162502]"
1749227811.7197273,"[ 0.00000000e+00  1.05284445e+00  9.91828768e-01  3.07221145e+00
 -2.26897623e+00  1.86936601e-03  9.58904041e-01  1.57321088e+00]","[ 0.00000000e+00  5.31281729e-01  8.23797284e-02 -4.93629684e-05
  4.28061766e-01  6.75243695e-01 -4.96979349e-01  8.04074979e-01]","[ 0.         -0.64033914 13.46749783  0.20487189 -7.31209421 -0.35800028
  0.66551435 -1.17162502]"
1749227811.7214494,"[ 0.00000000e+00  1.05284445e+00  9.91828768e-01  3.07221145e+00
 -2.26897623e+00  1.86936601e-03  9.58904041e-01  1.57321088e+00]","[ 0.00000000e+00  5.31281729e-01  8.23797284e-02 -4.93629684e-05
  4.28061766e-01  6.75243695e-01 -4.96979349e-01  8.04074979e-01]","[ 0.         -0.64033914 13.46749783  0.20487189 -7.31209421 -0.35800028
  0.66551435 -1.17162502]"
1749227811.7232237,"[ 0.00000000e+00  1.05284445e+00  9.91828768e-01  3.07221145e+00
 -2.26897623e+00  1.86936601e-03  9.58904041e-01  1.57321088e+00]","[ 0.00000000e+00  5.31281729e-01  8.23797284e-02 -4.93629684e-05
  4.28061766e-01  6.75243695e-01 -4.96979349e-01  8.04074979e-01]","[ 0.         -0.64033914 13.46749783  0.20487189 -7.31209421 -0.35800028
  0.66551435 -1.17162502]"
1749227811.7243357,"[ 0.00000000e+00  1.05284445e+00  9.91828768e-01  3.07221145e+00
 -2.26897623e+00  1.86936601e-03  9.58904041e-01  1.57321088e+00]","[ 0.00000000e+00  5.31281729e-01  8.23797284e-02 -4.93629684e-05
  4.28061766e-01  6.75243695e-01 -4.96979349e-01  8.04074979e-01]","[ 0.         -0.64033914 13.46749783  0.20487189 -7.31209421 -0.35800028
  0.66551435 -1.17162502]"
1749227811.7260745,"[ 0.00000000e+00  1.05284445e+00  9.91828768e-01  3.07221145e+00
 -2.26897623e+00  1.86936601e-03  9.58904041e-01  1.57321088e+00]","[ 0.00000000e+00  5.31281729e-01  8.23797284e-02 -4.93629684e-05
  4.28061766e-01  6.75243695e-01 -4.96979349e-01  8.04074979e-01]","[ 0.         -0.64033914 13.46749783  0.20487189 -7.31209421 -0.35800028
  0.66551435 -1.17162502]"
1749227811.7277687,"[ 0.00000000e+00  1.05284445e+00  9.91828768e-01  3.07221145e+00
 -2.26897623e+00  1.86936601e-03  9.58904041e-01  1.57321088e+00]","[ 0.00000000e+00  5.31281729e-01  8.23797284e-02 -4.93629684e-05
  4.28061766e-01  6.75243695e-01 -4.96979349e-01  8.04074979e-01]","[ 0.         -0.64033914 13.46749783  0.20487189 -7.31209421 -0.35800028
  0.66551435 -1.17162502]"
1749227811.7301576,"[ 0.00000000e+00  1.05284445e+00  9.91828768e-01  3.07221145e+00
 -2.26897623e+00  1.86936601e-03  9.58904041e-01  1.57321088e+00]","[ 0.00000000e+00  5.31281729e-01  8.23797284e-02 -4.93629684e-05
  4.28061766e-01  6.75243695e-01 -4.96979349e-01  8.04074979e-01]","[ 0.         -0.64033914 13.46749783  0.20487189 -7.31209421 -0.35800028
  0.66551435 -1.17162502]"
1749227811.731907,"[ 0.00000000e+00  1.05284445e+00  9.91828768e-01  3.07221145e+00
 -2.26897623e+00  1.86936601e-03  9.58904041e-01  1.57321088e+00]","[ 0.00000000e+00  5.31281729e-01  8.23797284e-02 -4.93629684e-05
  4.28061766e-01  6.75243695e-01 -4.96979349e-01  8.04074979e-01]","[ 0.         -0.64033914 13.46749783  0.20487189 -7.31209421 -0.35800028
  0.66551435 -1.17162502]"
1749227811.7330525,"[ 0.00000000e+00  1.05284445e+00  9.91828768e-01  3.07221145e+00
 -2.26897623e+00  1.86936601e-03  9.58904041e-01  1.57321088e+00]","[ 0.00000000e+00  5.31281729e-01  8.23797284e-02 -4.93629684e-05
  4.28061766e-01  6.75243695e-01 -4.96979349e-01  8.04074979e-01]","[ 0.         -0.64033914 13.46749783  0.20487189 -7.31209421 -0.35800028
  0.66551435 -1.17162502]"
1749227811.7347736,"[ 0.00000000e+00  1.05284445e+00  9.91828768e-01  3.07221145e+00
 -2.26897623e+00  1.86936601e-03  9.58904041e-01  1.57321088e+00]","[ 0.00000000e+00  5.31281729e-01  8.23797284e-02 -4.93629684e-05
  4.28061766e-01  6.75243695e-01 -4.96979349e-01  8.04074979e-01]","[ 0.         -0.64033914 13.46749783  0.20487189 -7.31209421 -0.35800028
  0.66551435 -1.17162502]"
1749227811.7365253,"[ 0.00000000e+00  1.05284445e+00  9.91828768e-01  3.07221145e+00
 -2.26897623e+00  1.86936601e-03  9.58904041e-01  1.57321088e+00]","[ 0.00000000e+00  5.31281729e-01  8.23797284e-02 -4.93629684e-05
  4.28061766e-01  6.75243695e-01 -4.96979349e-01  8.04074979e-01]","[ 0.         -0.64033914 13.46749783  0.20487189 -7.31209421 -0.35800028
  0.66551435 -1.17162502]"
1749227811.7377088,"[ 0.00000000e+00  1.05284445e+00  9.91828768e-01  3.07221145e+00
 -2.26897623e+00  1.86936601e-03  9.58904041e-01  1.57321088e+00]","[ 0.00000000e+00  5.31281729e-01  8.23797284e-02 -4.93629684e-05
  4.28061766e-01  6.75243695e-01 -4.96979349e-01  8.04074979e-01]","[ 0.         -0.64033914 13.46749783  0.20487189 -7.31209421 -0.35800028
  0.66551435 -1.17162502]"
1749227811.7394557,"[ 0.00000000e+00  1.05284445e+00  9.91828768e-01  3.07221145e+00
 -2.26897623e+00  1.86936601e-03  9.58904041e-01  1.57321088e+00]","[ 0.00000000e+00  5.31281729e-01  8.23797284e-02 -4.93629684e-05
  4.28061766e-01  6.75243695e-01 -4.96979349e-01  8.04074979e-01]","[ 0.         -0.64033914 13.46749783  0.20487189 -7.31209421 -0.35800028
  0.66551435 -1.17162502]"
1749227811.7411618,"[ 0.00000000e+00  1.05284445e+00  9.91828768e-01  3.07221145e+00
 -2.26897623e+00  1.86936601e-03  9.58904041e-01  1.57321088e+00]","[ 0.00000000e+00  5.31281729e-01  8.23797284e-02 -4.93629684e-05
  4.28061766e-01  6.75243695e-01 -4.96979349e-01  8.04074979e-01]","[ 0.         -0.64033914 13.46749783  0.20487189 -7.31209421 -0.35800028
  0.66551435 -1.17162502]"
1749227811.7429514,"[ 0.00000000e+00  1.05284445e+00  9.91828768e-01  3.07221145e+00
 -2.26897623e+00  1.86936601e-03  9.58904041e-01  1.57321088e+00]","[ 0.00000000e+00  5.31281729e-01  8.23797284e-02 -4.93629684e-05
  4.28061766e-01  6.75243695e-01 -4.96979349e-01  8.04074979e-01]","[ 0.         -0.64033914 13.46749783  0.20487189 -7.31209421 -0.35800028
  0.66551435 -1.17162502]"
1749227811.7441669,"[ 0.00000000e+00  1.05284445e+00  9.91828768e-01  3.07221145e+00
 -2.26897623e+00  1.86936601e-03  9.58904041e-01  1.57321088e+00]","[ 0.00000000e+00  5.31281729e-01  8.23797284e-02 -4.93629684e-05
  4.28061766e-01  6.75243695e-01 -4.96979349e-01  8.04074979e-01]","[ 0.         -0.64033914 13.46749783  0.20487189 -7.31209421 -0.35800028
  0.66551435 -1.17162502]"
1749227811.7459316,"[ 0.00000000e+00  1.05284445e+00  9.91828768e-01  3.07221145e+00
 -2.26897623e+00  1.86936601e-03  9.58904041e-01  1.57321088e+00]","[ 0.00000000e+00  5.31281729e-01  8.23797284e-02 -4.93629684e-05
  4.28061766e-01  6.75243695e-01 -4.96979349e-01  8.04074979e-01]","[ 0.         -0.64033914 13.46749783  0.20487189 -7.31209421 -0.35800028
  0.66551435 -1.17162502]"
1749227811.7470977,"[ 0.00000000e+00  1.05284445e+00  9.91828768e-01  3.07221145e+00
 -2.26897623e+00  1.86936601e-03  9.58904041e-01  1.57321088e+00]","[ 0.00000000e+00  5.31281729e-01  8.23797284e-02 -4.93629684e-05
  4.28061766e-01  6.75243695e-01 -4.96979349e-01  8.04074979e-01]","[ 0.         -0.64033914 13.46749783  0.20487189 -7.31209421 -0.35800028
  0.66551435 -1.17162502]"
1749227811.748916,"[ 0.00000000e+00  1.05284445e+00  9.91828768e-01  3.07221145e+00
 -2.26897623e+00  1.86936601e-03  9.58904041e-01  1.57321088e+00]","[ 0.00000000e+00  5.31281729e-01  8.23797284e-02 -4.93629684e-05
  4.28061766e-01  6.75243695e-01 -4.96979349e-01  8.04074979e-01]","[ 0.         -0.64033914 13.46749783  0.20487189 -7.31209421 -0.35800028
  0.66551435 -1.17162502]"
1749227811.7506366,"[ 0.00000000e+00  1.05284445e+00  9.91828768e-01  3.07221145e+00
 -2.26897623e+00  1.86936601e-03  9.58904041e-01  1.57321088e+00]","[ 0.00000000e+00  5.31281729e-01  8.23797284e-02 -4.93629684e-05
  4.28061766e-01  6.75243695e-01 -4.96979349e-01  8.04074979e-01]","[ 0.         -0.64033914 13.46749783  0.20487189 -7.31209421 -0.35800028
  0.66551435 -1.17162502]"
1749227811.7523844,"[ 0.00000000e+00  1.05284445e+00  9.91828768e-01  3.07221145e+00
 -2.26897623e+00  1.86936601e-03  9.58904041e-01  1.57321088e+00]","[ 0.00000000e+00  5.31281729e-01  8.23797284e-02 -4.93629684e-05
  4.28061766e-01  6.75243695e-01 -4.96979349e-01  8.04074979e-01]","[ 0.         -0.64033914 13.46749783  0.20487189 -7.31209421 -0.35800028
  0.66551435 -1.17162502]"
1749227811.7541702,"[ 0.00000000e+00  1.05284445e+00  9.91828768e-01  3.07221145e+00
 -2.26897623e+00  1.86936601e-03  9.58904041e-01  1.57321088e+00]","[ 0.00000000e+00  5.31281729e-01  8.23797284e-02 -4.93629684e-05
  4.28061766e-01  6.75243695e-01 -4.96979349e-01  8.04074979e-01]","[ 0.         -0.64033914 13.46749783  0.20487189 -7.31209421 -0.35800028
  0.66551435 -1.17162502]"
1749227811.7553737,"[ 0.00000000e+00  1.05284445e+00  9.91828768e-01  3.07221145e+00
 -2.26897623e+00  1.86936601e-03  9.58904041e-01  1.57321088e+00]","[ 0.00000000e+00  5.31281729e-01  8.23797284e-02 -4.93629684e-05
  4.28061766e-01  6.75243695e-01 -4.96979349e-01  8.04074979e-01]","[ 0.         -0.64033914 13.46749783  0.20487189 -7.31209421 -0.35800028
  0.66551435 -1.17162502]"
1749227811.7571688,"[ 0.00000000e+00  1.07730872e+00  9.93608159e-01  3.07220985e+00
 -2.26897623e+00  1.86936601e-03  9.58904041e-01  1.57321088e+00]","[ 0.00000000e+00  4.42419667e-01  0.00000000e+00 -4.77269018e-05
  4.28061766e-01  6.75243695e-01 -4.96979349e-01  8.04074979e-01]","[ 0.          0.20914423 13.59545326  0.72072721 -7.31209421 -0.35800028
  0.66551435 -1.17162502]"
1749227811.7588866,"[ 0.00000000e+00  1.07730872e+00  9.93608159e-01  3.07220985e+00
 -2.26897623e+00  1.86936601e-03  9.58904041e-01  1.57321088e+00]","[ 0.00000000e+00  4.42419667e-01  0.00000000e+00 -4.77269018e-05
  4.28061766e-01  6.75243695e-01 -4.96979349e-01  8.04074979e-01]","[ 0.          0.20914423 13.59545326  0.72072721 -7.31209421 -0.35800028
  0.66551435 -1.17162502]"
1749227811.7606416,"[ 0.00000000e+00  1.07730872e+00  9.93608159e-01  3.07220985e+00
 -2.26897623e+00  1.86936601e-03  9.58904041e-01  1.57321088e+00]","[ 0.00000000e+00  4.42419667e-01  0.00000000e+00 -4.77269018e-05
  4.28061766e-01  6.75243695e-01 -4.96979349e-01  8.04074979e-01]","[ 0.          0.20914423 13.59545326  0.72072721 -7.31209421 -0.35800028
  0.66551435 -1.17162502]"
1749227811.7624016,"[ 0.00000000e+00  1.07730872e+00  9.93608159e-01  3.07220985e+00
 -2.26897623e+00  1.86936601e-03  9.58904041e-01  1.57321088e+00]","[ 0.00000000e+00  4.42419667e-01  0.00000000e+00 -4.77269018e-05
  4.28061766e-01  6.75243695e-01 -4.96979349e-01  8.04074979e-01]","[ 0.          0.20914423 13.59545326  0.72072721 -7.31209421 -0.35800028
  0.66551435 -1.17162502]"
1749227811.7635329,"[ 0.00000000e+00  1.07730872e+00  9.93608159e-01  3.07220985e+00
 -2.26897623e+00  1.86936601e-03  9.58904041e-01  1.57321088e+00]","[ 0.00000000e+00  4.42419667e-01  0.00000000e+00 -4.77269018e-05
  4.28061766e-01  6.75243695e-01 -4.96979349e-01  8.04074979e-01]","[ 0.          0.20914423 13.59545326  0.72072721 -7.31209421 -0.35800028
  0.66551435 -1.17162502]"
1749227811.7652957,"[ 0.00000000e+00  1.07730872e+00  9.93608159e-01  3.07220985e+00
 -2.26897623e+00  1.86936601e-03  9.58904041e-01  1.57321088e+00]","[ 0.00000000e+00  4.42419667e-01  0.00000000e+00 -4.77269018e-05
  4.28061766e-01  6.75243695e-01 -4.96979349e-01  8.04074979e-01]","[ 0.          0.20914423 13.59545326  0.72072721 -7.31209421 -0.35800028
  0.66551435 -1.17162502]"
1749227811.767006,"[ 0.00000000e+00  1.07730872e+00  9.93608159e-01  3.07220985e+00
 -2.26897623e+00  1.86936601e-03  9.58904041e-01  1.57321088e+00]","[ 0.00000000e+00  4.42419667e-01  0.00000000e+00 -4.77269018e-05
  4.28061766e-01  6.75243695e-01 -4.96979349e-01  8.04074979e-01]","[ 0.          0.20914423 13.59545326  0.72072721 -7.31209421 -0.35800028
  0.66551435 -1.17162502]"
1749227811.7683878,"[ 0.00000000e+00  1.07730872e+00  9.93608159e-01  3.07220985e+00
 -2.26897623e+00  1.86936601e-03  9.58904041e-01  1.57321088e+00]","[ 0.00000000e+00  4.42419667e-01  0.00000000e+00 -4.77269018e-05
  4.28061766e-01  6.75243695e-01 -4.96979349e-01  8.04074979e-01]","[ 0.          0.20914423 13.59545326  0.72072721 -7.31209421 -0.35800028
  0.66551435 -1.17162502]"
1749227811.7699764,"[ 0.00000000e+00  1.07730872e+00  9.93608159e-01  3.07220985e+00
 -2.26897623e+00  1.86936601e-03  9.58904041e-01  1.57321088e+00]","[ 0.00000000e+00  4.42419667e-01  0.00000000e+00 -4.77269018e-05
  4.28061766e-01  6.75243695e-01 -4.96979349e-01  8.04074979e-01]","[ 0.          0.20914423 13.59545326  0.72072721 -7.31209421 -0.35800028
  0.66551435 -1.17162502]"
1749227811.7717233,"[ 0.00000000e+00  1.07730872e+00  9.93608159e-01  3.07220985e+00
 -2.26897623e+00  1.86936601e-03  9.58904041e-01  1.57321088e+00]","[ 0.00000000e+00  4.42419667e-01  0.00000000e+00 -4.77269018e-05
  4.28061766e-01  6.75243695e-01 -4.96979349e-01  8.04074979e-01]","[ 0.          0.20914423 13.59545326  0.72072721 -7.31209421 -0.35800028
  0.66551435 -1.17162502]"
1749227811.7729678,"[ 0.00000000e+00  1.07730872e+00  9.93608159e-01  3.07220985e+00
 -2.26897623e+00  1.86936601e-03  9.58904041e-01  1.57321088e+00]","[ 0.00000000e+00  4.42419667e-01  0.00000000e+00 -4.77269018e-05
  4.28061766e-01  6.75243695e-01 -4.96979349e-01  8.04074979e-01]","[ 0.          0.20914423 13.59545326  0.72072721 -7.31209421 -0.35800028
  0.66551435 -1.17162502]"
1749227811.7747293,"[ 0.00000000e+00  1.07730872e+00  9.93608159e-01  3.07220985e+00
 -2.26897623e+00  1.86936601e-03  9.58904041e-01  1.57321088e+00]","[ 0.00000000e+00  4.42419667e-01  0.00000000e+00 -4.77269018e-05
  4.28061766e-01  6.75243695e-01 -4.96979349e-01  8.04074979e-01]","[ 0.          0.20914423 13.59545326  0.72072721 -7.31209421 -0.35800028
  0.66551435 -1.17162502]"
1749227811.7764146,"[ 0.00000000e+00  1.07730872e+00  9.93608159e-01  3.07220985e+00
 -2.26897623e+00  1.86936601e-03  9.58904041e-01  1.57321088e+00]","[ 0.00000000e+00  4.42419667e-01  0.00000000e+00 -4.77269018e-05
  4.28061766e-01  6.75243695e-01 -4.96979349e-01  8.04074979e-01]","[ 0.          0.20914423 13.59545326  0.72072721 -7.31209421 -0.35800028
  0.66551435 -1.17162502]"
1749227811.7782128,"[ 0.00000000e+00  1.07730872e+00  9.93608159e-01  3.07220985e+00
 -2.26897623e+00  1.86936601e-03  9.58904041e-01  1.57321088e+00]","[ 0.00000000e+00  4.42419667e-01  0.00000000e+00 -4.77269018e-05
  4.28061766e-01  6.75243695e-01 -4.96979349e-01  8.04074979e-01]","[ 0.          0.20914423 13.59545326  0.72072721 -7.31209421 -0.35800028
  0.66551435 -1.17162502]"
1749227811.7799637,"[ 0.00000000e+00  1.07730872e+00  9.93608159e-01  3.07220985e+00
 -2.26897623e+00  1.86936601e-03  9.58904041e-01  1.57321088e+00]","[ 0.00000000e+00  4.42419667e-01  0.00000000e+00 -4.77269018e-05
  4.28061766e-01  6.75243695e-01 -4.96979349e-01  8.04074979e-01]","[ 0.          0.20914423 13.59545326  0.72072721 -7.31209421 -0.35800028
  0.66551435 -1.17162502]"
1749227811.7816339,"[ 0.00000000e+00  1.07730872e+00  9.93608159e-01  3.07220985e+00
 -2.26897623e+00  1.86936601e-03  9.58904041e-01  1.57321088e+00]","[ 0.00000000e+00  4.42419667e-01  0.00000000e+00 -4.77269018e-05
  4.28061766e-01  6.75243695e-01 -4.96979349e-01  8.04074979e-01]","[ 0.          0.20914423 13.59545326  0.72072721 -7.31209421 -0.35800028
  0.66551435 -1.17162502]"
1749227811.7834198,"[ 0.00000000e+00  1.07730872e+00  9.93608159e-01  3.07220985e+00
 -2.26897623e+00  1.86936601e-03  9.58904041e-01  1.57321088e+00]","[ 0.00000000e+00  4.42419667e-01  0.00000000e+00 -4.77269018e-05
  4.28061766e-01  6.75243695e-01 -4.96979349e-01  8.04074979e-01]","[ 0.          0.20914423 13.59545326  0.72072721 -7.31209421 -0.35800028
  0.66551435 -1.17162502]"
1749227811.784577,"[ 0.00000000e+00  1.07730872e+00  9.93608159e-01  3.07220985e+00
 -2.26897623e+00  1.86936601e-03  9.58904041e-01  1.57321088e+00]","[ 0.00000000e+00  4.42419667e-01  0.00000000e+00 -4.77269018e-05
  4.28061766e-01  6.75243695e-01 -4.96979349e-01  8.04074979e-01]","[ 0.          0.20914423 13.59545326  0.72072721 -7.31209421 -0.35800028
  0.66551435 -1.17162502]"
1749227811.786339,"[ 0.00000000e+00  1.07730872e+00  9.93608159e-01  3.07220985e+00
 -2.26897623e+00  1.86936601e-03  9.58904041e-01  1.57321088e+00]","[ 0.00000000e+00  4.42419667e-01  0.00000000e+00 -4.77269018e-05
  4.28061766e-01  6.75243695e-01 -4.96979349e-01  8.04074979e-01]","[ 0.          0.20914423 13.59545326  0.72072721 -7.31209421 -0.35800028
  0.66551435 -1.17162502]"
1749227811.7880614,"[ 0.00000000e+00  1.07730872e+00  9.93608159e-01  3.07220985e+00
 -2.26897623e+00  1.86936601e-03  9.58904041e-01  1.57321088e+00]","[ 0.00000000e+00  4.42419667e-01  0.00000000e+00 -4.77269018e-05
  4.28061766e-01  6.75243695e-01 -4.96979349e-01  8.04074979e-01]","[ 0.          0.20914423 13.59545326  0.72072721 -7.31209421 -0.35800028
  0.66551435 -1.17162502]"
1749227811.7892,"[ 0.00000000e+00  1.07730872e+00  9.93608159e-01  3.07220985e+00
 -2.26897623e+00  1.86936601e-03  9.58904041e-01  1.57321088e+00]","[ 0.00000000e+00  4.42419667e-01  0.00000000e+00 -4.77269018e-05
  4.28061766e-01  6.75243695e-01 -4.96979349e-01  8.04074979e-01]","[ 0.          0.20914423 13.59545326  0.72072721 -7.31209421 -0.35800028
  0.66551435 -1.17162502]"
1749227811.7909021,"[ 0.00000000e+00  1.07730872e+00  9.93608159e-01  3.07220985e+00
 -2.26897623e+00  1.86936601e-03  9.58904041e-01  1.57321088e+00]","[ 0.00000000e+00  4.42419667e-01  0.00000000e+00 -4.77269018e-05
  4.28061766e-01  6.75243695e-01 -4.96979349e-01  8.04074979e-01]","[ 0.          0.20914423 13.59545326  0.72072721 -7.31209421 -0.35800028
  0.66551435 -1.17162502]"
1749227811.7926855,"[ 0.00000000e+00  1.07730872e+00  9.93608159e-01  3.07220985e+00
 -2.26897623e+00  1.86936601e-03  9.58904041e-01  1.57321088e+00]","[ 0.00000000e+00  4.42419667e-01  0.00000000e+00 -4.77269018e-05
  4.28061766e-01  6.75243695e-01 -4.96979349e-01  8.04074979e-01]","[ 0.          0.20914423 13.59545326  0.72072721 -7.31209421 -0.35800028
  0.66551435 -1.17162502]"
1749227811.7944093,"[ 0.00000000e+00  1.07730872e+00  9.93608159e-01  3.07220985e+00
 -2.26897623e+00  1.86936601e-03  9.58904041e-01  1.57321088e+00]","[ 0.00000000e+00  4.42419667e-01  0.00000000e+00 -4.77269018e-05
  4.28061766e-01  6.75243695e-01 -4.96979349e-01  8.04074979e-01]","[ 0.          0.20914423 13.59545326  0.72072721 -7.31209421 -0.35800028
  0.66551435 -1.17162502]"
1749227811.796098,"[ 0.00000000e+00  1.07730872e+00  9.93608159e-01  3.07220985e+00
 -2.26897623e+00  1.86936601e-03  9.58904041e-01  1.57321088e+00]","[ 0.00000000e+00  4.42419667e-01  0.00000000e+00 -4.77269018e-05
  4.28061766e-01  6.75243695e-01 -4.96979349e-01  8.04074979e-01]","[ 0.          0.20914423 13.59545326  0.72072721 -7.31209421 -0.35800028
  0.66551435 -1.17162502]"
1749227811.797786,"[ 0.00000000e+00  1.07730872e+00  9.93608159e-01  3.07220985e+00
 -2.26897623e+00  1.86936601e-03  9.58904041e-01  1.57321088e+00]","[ 0.00000000e+00  4.42419667e-01  0.00000000e+00 -4.77269018e-05
  4.28061766e-01  6.75243695e-01 -4.96979349e-01  8.04074979e-01]","[ 0.          0.20914423 13.59545326  0.72072721 -7.31209421 -0.35800028
  0.66551435 -1.17162502]"
1749227811.799631,"[ 0.00000000e+00  1.07730872e+00  9.93608159e-01  3.07220985e+00
 -2.26897623e+00  1.86936601e-03  9.58904041e-01  1.57321088e+00]","[ 0.00000000e+00  4.42419667e-01  0.00000000e+00 -4.77269018e-05
  4.28061766e-01  6.75243695e-01 -4.96979349e-01  8.04074979e-01]","[ 0.          0.20914423 13.59545326  0.72072721 -7.31209421 -0.35800028
  0.66551435 -1.17162502]"
1749227811.801346,"[ 0.00000000e+00  1.07730872e+00  9.93608159e-01  3.07220985e+00
 -2.26897623e+00  1.86936601e-03  9.58904041e-01  1.57321088e+00]","[ 0.00000000e+00  4.42419667e-01  0.00000000e+00 -4.77269018e-05
  4.28061766e-01  6.75243695e-01 -4.96979349e-01  8.04074979e-01]","[ 0.          0.20914423 13.59545326  0.72072721 -7.31209421 -0.35800028
  0.66551435 -1.17162502]"
1749227811.803095,"[ 0.00000000e+00  1.07730872e+00  9.93608159e-01  3.07220985e+00
 -2.26897623e+00  1.86936601e-03  9.58904041e-01  1.57321088e+00]","[ 0.00000000e+00  4.42419667e-01  0.00000000e+00 -4.77269018e-05
  4.28061766e-01  6.75243695e-01 -4.96979349e-01  8.04074979e-01]","[ 0.          0.20914423 13.59545326  0.72072721 -7.31209421 -0.35800028
  0.66551435 -1.17162502]"
1749227811.8049195,"[ 0.00000000e+00  1.07730872e+00  9.93608159e-01  3.07220985e+00
 -2.26897623e+00  1.86936601e-03  9.58904041e-01  1.57321088e+00]","[ 0.00000000e+00  4.42419667e-01  0.00000000e+00 -4.77269018e-05
  4.28061766e-01  6.75243695e-01 -4.96979349e-01  8.04074979e-01]","[ 0.          0.20914423 13.59545326  0.72072721 -7.31209421 -0.35800028
  0.66551435 -1.17162502]"
1749227811.8066752,"[ 0.00000000e+00  1.09731012e+00  9.93313347e-01  3.07220639e+00
 -2.26897623e+00  1.86936601e-03  9.58904041e-01  1.57321088e+00]","[ 0.00000000e+00  3.56258582e-01 -7.42768060e-03 -5.03783961e-05
  4.28061766e-01  6.75243695e-01 -4.96979349e-01  8.04074979e-01]","[ 0.         -0.33226356 13.31194305  0.44125971 -7.31209421 -0.35800028
  0.66551435 -1.17162502]"
1749227811.808426,"[ 0.00000000e+00  1.09731012e+00  9.93313347e-01  3.07220639e+00
 -2.26897623e+00  1.86936601e-03  9.58904041e-01  1.57321088e+00]","[ 0.00000000e+00  3.56258582e-01 -7.42768060e-03 -5.03783961e-05
  4.28061766e-01  6.75243695e-01 -4.96979349e-01  8.04074979e-01]","[ 0.         -0.33226356 13.31194305  0.44125971 -7.31209421 -0.35800028
  0.66551435 -1.17162502]"
1749227811.8096316,"[ 0.00000000e+00  1.09731012e+00  9.93313347e-01  3.07220639e+00
 -2.26897623e+00  1.86936601e-03  9.58904041e-01  1.57321088e+00]","[ 0.00000000e+00  3.56258582e-01 -7.42768060e-03 -5.03783961e-05
  4.28061766e-01  6.75243695e-01 -4.96979349e-01  8.04074979e-01]","[ 0.         -0.33226356 13.31194305  0.44125971 -7.31209421 -0.35800028
  0.66551435 -1.17162502]"
1749227811.8114572,"[ 0.00000000e+00  1.09731012e+00  9.93313347e-01  3.07220639e+00
 -2.26897623e+00  1.86936601e-03  9.58904041e-01  1.57321088e+00]","[ 0.00000000e+00  3.56258582e-01 -7.42768060e-03 -5.03783961e-05
  4.28061766e-01  6.75243695e-01 -4.96979349e-01  8.04074979e-01]","[ 0.         -0.33226356 13.31194305  0.44125971 -7.31209421 -0.35800028
  0.66551435 -1.17162502]"
1749227811.8131442,"[ 0.00000000e+00  1.09731012e+00  9.93313347e-01  3.07220639e+00
 -2.26897623e+00  1.86936601e-03  9.58904041e-01  1.57321088e+00]","[ 0.00000000e+00  3.56258582e-01 -7.42768060e-03 -5.03783961e-05
  4.28061766e-01  6.75243695e-01 -4.96979349e-01  8.04074979e-01]","[ 0.         -0.33226356 13.31194305  0.44125971 -7.31209421 -0.35800028
  0.66551435 -1.17162502]"
1749227811.8142931,"[ 0.00000000e+00  1.09731012e+00  9.93313347e-01  3.07220639e+00
 -2.26897623e+00  1.86936601e-03  9.58904041e-01  1.57321088e+00]","[ 0.00000000e+00  3.56258582e-01 -7.42768060e-03 -5.03783961e-05
  4.28061766e-01  6.75243695e-01 -4.96979349e-01  8.04074979e-01]","[ 0.         -0.33226356 13.31194305  0.44125971 -7.31209421 -0.35800028
  0.66551435 -1.17162502]"
1749227811.816064,"[ 0.00000000e+00  1.09731012e+00  9.93313347e-01  3.07220639e+00
 -2.26897623e+00  1.86936601e-03  9.58904041e-01  1.57321088e+00]","[ 0.00000000e+00  3.56258582e-01 -7.42768060e-03 -5.03783961e-05
  4.28061766e-01  6.75243695e-01 -4.96979349e-01  8.04074979e-01]","[ 0.         -0.33226356 13.31194305  0.44125971 -7.31209421 -0.35800028
  0.66551435 -1.17162502]"
1749227811.8178353,"[ 0.00000000e+00  1.09731012e+00  9.93313347e-01  3.07220639e+00
 -2.26897623e+00  1.86936601e-03  9.58904041e-01  1.57321088e+00]","[ 0.00000000e+00  3.56258582e-01 -7.42768060e-03 -5.03783961e-05
  4.28061766e-01  6.75243695e-01 -4.96979349e-01  8.04074979e-01]","[ 0.         -0.33226356 13.31194305  0.44125971 -7.31209421 -0.35800028
  0.66551435 -1.17162502]"
1749227811.819012,"[ 0.00000000e+00  1.09731012e+00  9.93313347e-01  3.07220639e+00
 -2.26897623e+00  1.86936601e-03  9.58904041e-01  1.57321088e+00]","[ 0.00000000e+00  3.56258582e-01 -7.42768060e-03 -5.03783961e-05
  4.28061766e-01  6.75243695e-01 -4.96979349e-01  8.04074979e-01]","[ 0.         -0.33226356 13.31194305  0.44125971 -7.31209421 -0.35800028
  0.66551435 -1.17162502]"
1749227811.820672,"[ 0.00000000e+00  1.09731012e+00  9.93313347e-01  3.07220639e+00
 -2.26897623e+00  1.86936601e-03  9.58904041e-01  1.57321088e+00]","[ 0.00000000e+00  3.56258582e-01 -7.42768060e-03 -5.03783961e-05
  4.28061766e-01  6.75243695e-01 -4.96979349e-01  8.04074979e-01]","[ 0.         -0.33226356 13.31194305  0.44125971 -7.31209421 -0.35800028
  0.66551435 -1.17162502]"
1749227811.8223732,"[ 0.00000000e+00  1.09731012e+00  9.93313347e-01  3.07220639e+00
 -2.26897623e+00  1.86936601e-03  9.58904041e-01  1.57321088e+00]","[ 0.00000000e+00  3.56258582e-01 -7.42768060e-03 -5.03783961e-05
  4.28061766e-01  6.75243695e-01 -4.96979349e-01  8.04074979e-01]","[ 0.         -0.33226356 13.31194305  0.44125971 -7.31209421 -0.35800028
  0.66551435 -1.17162502]"
1749227811.823554,"[ 0.00000000e+00  1.09731012e+00  9.93313347e-01  3.07220639e+00
 -2.26897623e+00  1.86936601e-03  9.58904041e-01  1.57321088e+00]","[ 0.00000000e+00  3.56258582e-01 -7.42768060e-03 -5.03783961e-05
  4.28061766e-01  6.75243695e-01 -4.96979349e-01  8.04074979e-01]","[ 0.         -0.33226356 13.31194305  0.44125971 -7.31209421 -0.35800028
  0.66551435 -1.17162502]"
1749227811.8252892,"[ 0.00000000e+00  1.09731012e+00  9.93313347e-01  3.07220639e+00
 -2.26897623e+00  1.86936601e-03  9.58904041e-01  1.57321088e+00]","[ 0.00000000e+00  3.56258582e-01 -7.42768060e-03 -5.03783961e-05
  4.28061766e-01  6.75243695e-01 -4.96979349e-01  8.04074979e-01]","[ 0.         -0.33226356 13.31194305  0.44125971 -7.31209421 -0.35800028
  0.66551435 -1.17162502]"
1749227811.8272252,"[ 0.00000000e+00  1.09731012e+00  9.93313347e-01  3.07220639e+00
 -2.26897623e+00  1.86936601e-03  9.58904041e-01  1.57321088e+00]","[ 0.00000000e+00  3.56258582e-01 -7.42768060e-03 -5.03783961e-05
  4.28061766e-01  6.75243695e-01 -4.96979349e-01  8.04074979e-01]","[ 0.         -0.33226356 13.31194305  0.44125971 -7.31209421 -0.35800028
  0.66551435 -1.17162502]"
1749227811.828746,"[ 0.00000000e+00  1.09731012e+00  9.93313347e-01  3.07220639e+00
 -2.26897623e+00  1.86936601e-03  9.58904041e-01  1.57321088e+00]","[ 0.00000000e+00  3.56258582e-01 -7.42768060e-03 -5.03783961e-05
  4.28061766e-01  6.75243695e-01 -4.96979349e-01  8.04074979e-01]","[ 0.         -0.33226356 13.31194305  0.44125971 -7.31209421 -0.35800028
  0.66551435 -1.17162502]"
1749227811.8298507,"[ 0.00000000e+00  1.09731012e+00  9.93313347e-01  3.07220639e+00
 -2.26897623e+00  1.86936601e-03  9.58904041e-01  1.57321088e+00]","[ 0.00000000e+00  3.56258582e-01 -7.42768060e-03 -5.03783961e-05
  4.28061766e-01  6.75243695e-01 -4.96979349e-01  8.04074979e-01]","[ 0.         -0.33226356 13.31194305  0.44125971 -7.31209421 -0.35800028
  0.66551435 -1.17162502]"
1749227811.8316152,"[ 0.00000000e+00  1.09731012e+00  9.93313347e-01  3.07220639e+00
 -2.26897623e+00  1.86936601e-03  9.58904041e-01  1.57321088e+00]","[ 0.00000000e+00  3.56258582e-01 -7.42768060e-03 -5.03783961e-05
  4.28061766e-01  6.75243695e-01 -4.96979349e-01  8.04074979e-01]","[ 0.         -0.33226356 13.31194305  0.44125971 -7.31209421 -0.35800028
  0.66551435 -1.17162502]"
1749227811.8327897,"[ 0.00000000e+00  1.09731012e+00  9.93313347e-01  3.07220639e+00
 -2.26897623e+00  1.86936601e-03  9.58904041e-01  1.57321088e+00]","[ 0.00000000e+00  3.56258582e-01 -7.42768060e-03 -5.03783961e-05
  4.28061766e-01  6.75243695e-01 -4.96979349e-01  8.04074979e-01]","[ 0.         -0.33226356 13.31194305  0.44125971 -7.31209421 -0.35800028
  0.66551435 -1.17162502]"
1749227811.8346145,"[ 0.00000000e+00  1.09731012e+00  9.93313347e-01  3.07220639e+00
 -2.26897623e+00  1.86936601e-03  9.58904041e-01  1.57321088e+00]","[ 0.00000000e+00  3.56258582e-01 -7.42768060e-03 -5.03783961e-05
  4.28061766e-01  6.75243695e-01 -4.96979349e-01  8.04074979e-01]","[ 0.         -0.33226356 13.31194305  0.44125971 -7.31209421 -0.35800028
  0.66551435 -1.17162502]"
1749227811.8362782,"[ 0.00000000e+00  1.09731012e+00  9.93313347e-01  3.07220639e+00
 -2.26897623e+00  1.86936601e-03  9.58904041e-01  1.57321088e+00]","[ 0.00000000e+00  3.56258582e-01 -7.42768060e-03 -5.03783961e-05
  4.28061766e-01  6.75243695e-01 -4.96979349e-01  8.04074979e-01]","[ 0.         -0.33226356 13.31194305  0.44125971 -7.31209421 -0.35800028
  0.66551435 -1.17162502]"
1749227811.8373885,"[ 0.00000000e+00  1.09731012e+00  9.93313347e-01  3.07220639e+00
 -2.26897623e+00  1.86936601e-03  9.58904041e-01  1.57321088e+00]","[ 0.00000000e+00  3.56258582e-01 -7.42768060e-03 -5.03783961e-05
  4.28061766e-01  6.75243695e-01 -4.96979349e-01  8.04074979e-01]","[ 0.         -0.33226356 13.31194305  0.44125971 -7.31209421 -0.35800028
  0.66551435 -1.17162502]"
1749227811.8392537,"[ 0.00000000e+00  1.09731012e+00  9.93313347e-01  3.07220639e+00
 -2.26897623e+00  1.86936601e-03  9.58904041e-01  1.57321088e+00]","[ 0.00000000e+00  3.56258582e-01 -7.42768060e-03 -5.03783961e-05
  4.28061766e-01  6.75243695e-01 -4.96979349e-01  8.04074979e-01]","[ 0.         -0.33226356 13.31194305  0.44125971 -7.31209421 -0.35800028
  0.66551435 -1.17162502]"
1749227811.8403516,"[ 0.00000000e+00  1.09731012e+00  9.93313347e-01  3.07220639e+00
 -2.26897623e+00  1.86936601e-03  9.58904041e-01  1.57321088e+00]","[ 0.00000000e+00  3.56258582e-01 -7.42768060e-03 -5.03783961e-05
  4.28061766e-01  6.75243695e-01 -4.96979349e-01  8.04074979e-01]","[ 0.         -0.33226356 13.31194305  0.44125971 -7.31209421 -0.35800028
  0.66551435 -1.17162502]"
1749227811.8421655,"[ 0.00000000e+00  1.09731012e+00  9.93313347e-01  3.07220639e+00
 -2.26897623e+00  1.86936601e-03  9.58904041e-01  1.57321088e+00]","[ 0.00000000e+00  3.56258582e-01 -7.42768060e-03 -5.03783961e-05
  4.28061766e-01  6.75243695e-01 -4.96979349e-01  8.04074979e-01]","[ 0.         -0.33226356 13.31194305  0.44125971 -7.31209421 -0.35800028
  0.66551435 -1.17162502]"
1749227811.843893,"[ 0.00000000e+00  1.09731012e+00  9.93313347e-01  3.07220639e+00
 -2.26897623e+00  1.86936601e-03  9.58904041e-01  1.57321088e+00]","[ 0.00000000e+00  3.56258582e-01 -7.42768060e-03 -5.03783961e-05
  4.28061766e-01  6.75243695e-01 -4.96979349e-01  8.04074979e-01]","[ 0.         -0.33226356 13.31194305  0.44125971 -7.31209421 -0.35800028
  0.66551435 -1.17162502]"
1749227811.8449628,"[ 0.00000000e+00  1.09731012e+00  9.93313347e-01  3.07220639e+00
 -2.26897623e+00  1.86936601e-03  9.58904041e-01  1.57321088e+00]","[ 0.00000000e+00  3.56258582e-01 -7.42768060e-03 -5.03783961e-05
  4.28061766e-01  6.75243695e-01 -4.96979349e-01  8.04074979e-01]","[ 0.         -0.33226356 13.31194305  0.44125971 -7.31209421 -0.35800028
  0.66551435 -1.17162502]"
1749227811.846784,"[ 0.00000000e+00  1.09731012e+00  9.93313347e-01  3.07220639e+00
 -2.26897623e+00  1.86936601e-03  9.58904041e-01  1.57321088e+00]","[ 0.00000000e+00  3.56258582e-01 -7.42768060e-03 -5.03783961e-05
  4.28061766e-01  6.75243695e-01 -4.96979349e-01  8.04074979e-01]","[ 0.         -0.33226356 13.31194305  0.44125971 -7.31209421 -0.35800028
  0.66551435 -1.17162502]"
1749227811.848389,"[ 0.00000000e+00  1.09731012e+00  9.93313347e-01  3.07220639e+00
 -2.26897623e+00  1.86936601e-03  9.58904041e-01  1.57321088e+00]","[ 0.00000000e+00  3.56258582e-01 -7.42768060e-03 -5.03783961e-05
  4.28061766e-01  6.75243695e-01 -4.96979349e-01  8.04074979e-01]","[ 0.         -0.33226356 13.31194305  0.44125971 -7.31209421 -0.35800028
  0.66551435 -1.17162502]"
1749227811.8500764,"[ 0.00000000e+00  1.09731012e+00  9.93313347e-01  3.07220639e+00
 -2.26897623e+00  1.86936601e-03  9.58904041e-01  1.57321088e+00]","[ 0.00000000e+00  3.56258582e-01 -7.42768060e-03 -5.03783961e-05
  4.28061766e-01  6.75243695e-01 -4.96979349e-01  8.04074979e-01]","[ 0.         -0.33226356 13.31194305  0.44125971 -7.31209421 -0.35800028
  0.66551435 -1.17162502]"
1749227811.851275,"[ 0.00000000e+00  1.09731012e+00  9.93313347e-01  3.07220639e+00
 -2.26897623e+00  1.86936601e-03  9.58904041e-01  1.57321088e+00]","[ 0.00000000e+00  3.56258582e-01 -7.42768060e-03 -5.03783961e-05
  4.28061766e-01  6.75243695e-01 -4.96979349e-01  8.04074979e-01]","[ 0.         -0.33226356 13.31194305  0.44125971 -7.31209421 -0.35800028
  0.66551435 -1.17162502]"
1749227811.8530126,"[ 0.00000000e+00  1.09731012e+00  9.93313347e-01  3.07220639e+00
 -2.26897623e+00  1.86936601e-03  9.58904041e-01  1.57321088e+00]","[ 0.00000000e+00  3.56258582e-01 -7.42768060e-03 -5.03783961e-05
  4.28061766e-01  6.75243695e-01 -4.96979349e-01  8.04074979e-01]","[ 0.         -0.33226356 13.31194305  0.44125971 -7.31209421 -0.35800028
  0.66551435 -1.17162502]"
1749227811.854838,"[ 0.00000000e+00  1.09731012e+00  9.93313347e-01  3.07220639e+00
 -2.26897623e+00  1.86936601e-03  9.58904041e-01  1.57321088e+00]","[ 0.00000000e+00  3.56258582e-01 -7.42768060e-03 -5.03783961e-05
  4.28061766e-01  6.75243695e-01 -4.96979349e-01  8.04074979e-01]","[ 0.         -0.33226356 13.31194305  0.44125971 -7.31209421 -0.35800028
  0.66551435 -1.17162502]"
1749227811.8560357,"[ 0.00000000e+00  1.11274121e+00  9.92770994e-01  3.07220319e+00
 -2.26897623e+00  1.86936601e-03  9.58904041e-01  1.57321088e+00]","[ 0.00000000e+00  2.73338648e-01 -1.16141912e-02 -7.13750335e-05
  4.28061766e-01  6.75243695e-01 -4.96979349e-01  8.04074979e-01]","[ 0.          0.15875436 12.55562878  0.32585239 -7.31209421 -0.35800028
  0.66551435 -1.17162502]"
1749227811.8577447,"[ 0.00000000e+00  1.11274121e+00  9.92770994e-01  3.07220319e+00
 -2.26897623e+00  1.86936601e-03  9.58904041e-01  1.57321088e+00]","[ 0.00000000e+00  2.73338648e-01 -1.16141912e-02 -7.13750335e-05
  4.28061766e-01  6.75243695e-01 -4.96979349e-01  8.04074979e-01]","[ 0.          0.15875436 12.55562878  0.32585239 -7.31209421 -0.35800028
  0.66551435 -1.17162502]"
1749227811.859461,"[ 0.00000000e+00  1.11274121e+00  9.92770994e-01  3.07220319e+00
 -2.26897623e+00  1.86936601e-03  9.58904041e-01  1.57321088e+00]","[ 0.00000000e+00  2.73338648e-01 -1.16141912e-02 -7.13750335e-05
  4.28061766e-01  6.75243695e-01 -4.96979349e-01  8.04074979e-01]","[ 0.          0.15875436 12.55562878  0.32585239 -7.31209421 -0.35800028
  0.66551435 -1.17162502]"
1749227811.8611348,"[ 0.00000000e+00  1.11274121e+00  9.92770994e-01  3.07220319e+00
 -2.26897623e+00  1.86936601e-03  9.58904041e-01  1.57321088e+00]","[ 0.00000000e+00  2.73338648e-01 -1.16141912e-02 -7.13750335e-05
  4.28061766e-01  6.75243695e-01 -4.96979349e-01  8.04074979e-01]","[ 0.          0.15875436 12.55562878  0.32585239 -7.31209421 -0.35800028
  0.66551435 -1.17162502]"
1749227811.8628242,"[ 0.00000000e+00  1.11274121e+00  9.92770994e-01  3.07220319e+00
 -2.26897623e+00  1.86936601e-03  9.58904041e-01  1.57321088e+00]","[ 0.00000000e+00  2.73338648e-01 -1.16141912e-02 -7.13750335e-05
  4.28061766e-01  6.75243695e-01 -4.96979349e-01  8.04074979e-01]","[ 0.          0.15875436 12.55562878  0.32585239 -7.31209421 -0.35800028
  0.66551435 -1.17162502]"
1749227811.8640838,"[ 0.00000000e+00  1.11274121e+00  9.92770994e-01  3.07220319e+00
 -2.26897623e+00  1.86936601e-03  9.58904041e-01  1.57321088e+00]","[ 0.00000000e+00  2.73338648e-01 -1.16141912e-02 -7.13750335e-05
  4.28061766e-01  6.75243695e-01 -4.96979349e-01  8.04074979e-01]","[ 0.          0.15875436 12.55562878  0.32585239 -7.31209421 -0.35800028
  0.66551435 -1.17162502]"
1749227811.8657835,"[ 0.00000000e+00  1.11274121e+00  9.92770994e-01  3.07220319e+00
 -2.26897623e+00  1.86936601e-03  9.58904041e-01  1.57321088e+00]","[ 0.00000000e+00  2.73338648e-01 -1.16141912e-02 -7.13750335e-05
  4.28061766e-01  6.75243695e-01 -4.96979349e-01  8.04074979e-01]","[ 0.          0.15875436 12.55562878  0.32585239 -7.31209421 -0.35800028
  0.66551435 -1.17162502]"
1749227811.867504,"[ 0.00000000e+00  1.11274121e+00  9.92770994e-01  3.07220319e+00
 -2.26897623e+00  1.86936601e-03  9.58904041e-01  1.57321088e+00]","[ 0.00000000e+00  2.73338648e-01 -1.16141912e-02 -7.13750335e-05
  4.28061766e-01  6.75243695e-01 -4.96979349e-01  8.04074979e-01]","[ 0.          0.15875436 12.55562878  0.32585239 -7.31209421 -0.35800028
  0.66551435 -1.17162502]"
1749227811.8692641,"[ 0.00000000e+00  1.11274121e+00  9.92770994e-01  3.07220319e+00
 -2.26897623e+00  1.86936601e-03  9.58904041e-01  1.57321088e+00]","[ 0.00000000e+00  2.73338648e-01 -1.16141912e-02 -7.13750335e-05
  4.28061766e-01  6.75243695e-01 -4.96979349e-01  8.04074979e-01]","[ 0.          0.15875436 12.55562878  0.32585239 -7.31209421 -0.35800028
  0.66551435 -1.17162502]"
1749227811.870995,"[ 0.00000000e+00  1.11274121e+00  9.92770994e-01  3.07220319e+00
 -2.26897623e+00  1.86936601e-03  9.58904041e-01  1.57321088e+00]","[ 0.00000000e+00  2.73338648e-01 -1.16141912e-02 -7.13750335e-05
  4.28061766e-01  6.75243695e-01 -4.96979349e-01  8.04074979e-01]","[ 0.          0.15875436 12.55562878  0.32585239 -7.31209421 -0.35800028
  0.66551435 -1.17162502]"
1749227811.8721604,"[ 0.00000000e+00  1.11274121e+00  9.92770994e-01  3.07220319e+00
 -2.26897623e+00  1.86936601e-03  9.58904041e-01  1.57321088e+00]","[ 0.00000000e+00  2.73338648e-01 -1.16141912e-02 -7.13750335e-05
  4.28061766e-01  6.75243695e-01 -4.96979349e-01  8.04074979e-01]","[ 0.          0.15875436 12.55562878  0.32585239 -7.31209421 -0.35800028
  0.66551435 -1.17162502]"
1749227811.8740005,"[ 0.00000000e+00  1.11274121e+00  9.92770994e-01  3.07220319e+00
 -2.26897623e+00  1.86936601e-03  9.58904041e-01  1.57321088e+00]","[ 0.00000000e+00  2.73338648e-01 -1.16141912e-02 -7.13750335e-05
  4.28061766e-01  6.75243695e-01 -4.96979349e-01  8.04074979e-01]","[ 0.          0.15875436 12.55562878  0.32585239 -7.31209421 -0.35800028
  0.66551435 -1.17162502]"
1749227811.8757157,"[ 0.00000000e+00  1.11274121e+00  9.92770994e-01  3.07220319e+00
 -2.26897623e+00  1.86936601e-03  9.58904041e-01  1.57321088e+00]","[ 0.00000000e+00  2.73338648e-01 -1.16141912e-02 -7.13750335e-05
  4.28061766e-01  6.75243695e-01 -4.96979349e-01  8.04074979e-01]","[ 0.          0.15875436 12.55562878  0.32585239 -7.31209421 -0.35800028
  0.66551435 -1.17162502]"
1749227811.87742,"[ 0.00000000e+00  1.11274121e+00  9.92770994e-01  3.07220319e+00
 -2.26897623e+00  1.86936601e-03  9.58904041e-01  1.57321088e+00]","[ 0.00000000e+00  2.73338648e-01 -1.16141912e-02 -7.13750335e-05
  4.28061766e-01  6.75243695e-01 -4.96979349e-01  8.04074979e-01]","[ 0.          0.15875436 12.55562878  0.32585239 -7.31209421 -0.35800028
  0.66551435 -1.17162502]"
1749227811.8786523,"[ 0.00000000e+00  1.11274121e+00  9.92770994e-01  3.07220319e+00
 -2.26897623e+00  1.86936601e-03  9.58904041e-01  1.57321088e+00]","[ 0.00000000e+00  2.73338648e-01 -1.16141912e-02 -7.13750335e-05
  4.28061766e-01  6.75243695e-01 -4.96979349e-01  8.04074979e-01]","[ 0.          0.15875436 12.55562878  0.32585239 -7.31209421 -0.35800028
  0.66551435 -1.17162502]"
1749227811.8803134,"[ 0.00000000e+00  1.11274121e+00  9.92770994e-01  3.07220319e+00
 -2.26897623e+00  1.86936601e-03  9.58904041e-01  1.57321088e+00]","[ 0.00000000e+00  2.73338648e-01 -1.16141912e-02 -7.13750335e-05
  4.28061766e-01  6.75243695e-01 -4.96979349e-01  8.04074979e-01]","[ 0.          0.15875436 12.55562878  0.32585239 -7.31209421 -0.35800028
  0.66551435 -1.17162502]"
1749227811.8820314,"[ 0.00000000e+00  1.11274121e+00  9.92770994e-01  3.07220319e+00
 -2.26897623e+00  1.86936601e-03  9.58904041e-01  1.57321088e+00]","[ 0.00000000e+00  2.73338648e-01 -1.16141912e-02 -7.13750335e-05
  4.28061766e-01  6.75243695e-01 -4.96979349e-01  8.04074979e-01]","[ 0.          0.15875436 12.55562878  0.32585239 -7.31209421 -0.35800028
  0.66551435 -1.17162502]"
1749227811.8837876,"[ 0.00000000e+00  1.11274121e+00  9.92770994e-01  3.07220319e+00
 -2.26897623e+00  1.86936601e-03  9.58904041e-01  1.57321088e+00]","[ 0.00000000e+00  2.73338648e-01 -1.16141912e-02 -7.13750335e-05
  4.28061766e-01  6.75243695e-01 -4.96979349e-01  8.04074979e-01]","[ 0.          0.15875436 12.55562878  0.32585239 -7.31209421 -0.35800028
  0.66551435 -1.17162502]"
1749227811.8855371,"[ 0.00000000e+00  1.11274121e+00  9.92770994e-01  3.07220319e+00
 -2.26897623e+00  1.86936601e-03  9.58904041e-01  1.57321088e+00]","[ 0.00000000e+00  2.73338648e-01 -1.16141912e-02 -7.13750335e-05
  4.28061766e-01  6.75243695e-01 -4.96979349e-01  8.04074979e-01]","[ 0.          0.15875436 12.55562878  0.32585239 -7.31209421 -0.35800028
  0.66551435 -1.17162502]"
1749227811.8866553,"[ 0.00000000e+00  1.11274121e+00  9.92770994e-01  3.07220319e+00
 -2.26897623e+00  1.86936601e-03  9.58904041e-01  1.57321088e+00]","[ 0.00000000e+00  2.73338648e-01 -1.16141912e-02 -7.13750335e-05
  4.28061766e-01  6.75243695e-01 -4.96979349e-01  8.04074979e-01]","[ 0.          0.15875436 12.55562878  0.32585239 -7.31209421 -0.35800028
  0.66551435 -1.17162502]"
1749227811.8884172,"[ 0.00000000e+00  1.11274121e+00  9.92770994e-01  3.07220319e+00
 -2.26897623e+00  1.86936601e-03  9.58904041e-01  1.57321088e+00]","[ 0.00000000e+00  2.73338648e-01 -1.16141912e-02 -7.13750335e-05
  4.28061766e-01  6.75243695e-01 -4.96979349e-01  8.04074979e-01]","[ 0.          0.15875436 12.55562878  0.32585239 -7.31209421 -0.35800028
  0.66551435 -1.17162502]"
1749227811.8901699,"[ 0.00000000e+00  1.11274121e+00  9.92770994e-01  3.07220319e+00
 -2.26897623e+00  1.86936601e-03  9.58904041e-01  1.57321088e+00]","[ 0.00000000e+00  2.73338648e-01 -1.16141912e-02 -7.13750335e-05
  4.28061766e-01  6.75243695e-01 -4.96979349e-01  8.04074979e-01]","[ 0.          0.15875436 12.55562878  0.32585239 -7.31209421 -0.35800028
  0.66551435 -1.17162502]"
1749227811.8912737,"[ 0.00000000e+00  1.11274121e+00  9.92770994e-01  3.07220319e+00
 -2.26897623e+00  1.86936601e-03  9.58904041e-01  1.57321088e+00]","[ 0.00000000e+00  2.73338648e-01 -1.16141912e-02 -7.13750335e-05
  4.28061766e-01  6.75243695e-01 -4.96979349e-01  8.04074979e-01]","[ 0.          0.15875436 12.55562878  0.32585239 -7.31209421 -0.35800028
  0.66551435 -1.17162502]"
1749227811.8931253,"[ 0.00000000e+00  1.11274121e+00  9.92770994e-01  3.07220319e+00
 -2.26897623e+00  1.86936601e-03  9.58904041e-01  1.57321088e+00]","[ 0.00000000e+00  2.73338648e-01 -1.16141912e-02 -7.13750335e-05
  4.28061766e-01  6.75243695e-01 -4.96979349e-01  8.04074979e-01]","[ 0.          0.15875436 12.55562878  0.32585239 -7.31209421 -0.35800028
  0.66551435 -1.17162502]"
1749227811.8947892,"[ 0.00000000e+00  1.11274121e+00  9.92770994e-01  3.07220319e+00
 -2.26897623e+00  1.86936601e-03  9.58904041e-01  1.57321088e+00]","[ 0.00000000e+00  2.73338648e-01 -1.16141912e-02 -7.13750335e-05
  4.28061766e-01  6.75243695e-01 -4.96979349e-01  8.04074979e-01]","[ 0.          0.15875436 12.55562878  0.32585239 -7.31209421 -0.35800028
  0.66551435 -1.17162502]"
1749227811.8965037,"[ 0.00000000e+00  1.11274121e+00  9.92770994e-01  3.07220319e+00
 -2.26897623e+00  1.86936601e-03  9.58904041e-01  1.57321088e+00]","[ 0.00000000e+00  2.73338648e-01 -1.16141912e-02 -7.13750335e-05
  4.28061766e-01  6.75243695e-01 -4.96979349e-01  8.04074979e-01]","[ 0.          0.15875436 12.55562878  0.32585239 -7.31209421 -0.35800028
  0.66551435 -1.17162502]"
1749227811.8983152,"[ 0.00000000e+00  1.11274121e+00  9.92770994e-01  3.07220319e+00
 -2.26897623e+00  1.86936601e-03  9.58904041e-01  1.57321088e+00]","[ 0.00000000e+00  2.73338648e-01 -1.16141912e-02 -7.13750335e-05
  4.28061766e-01  6.75243695e-01 -4.96979349e-01  8.04074979e-01]","[ 0.          0.15875436 12.55562878  0.32585239 -7.31209421 -0.35800028
  0.66551435 -1.17162502]"
1749227811.8994365,"[ 0.00000000e+00  1.11274121e+00  9.92770994e-01  3.07220319e+00
 -2.26897623e+00  1.86936601e-03  9.58904041e-01  1.57321088e+00]","[ 0.00000000e+00  2.73338648e-01 -1.16141912e-02 -7.13750335e-05
  4.28061766e-01  6.75243695e-01 -4.96979349e-01  8.04074979e-01]","[ 0.          0.15875436 12.55562878  0.32585239 -7.31209421 -0.35800028
  0.66551435 -1.17162502]"
1749227811.9012134,"[ 0.00000000e+00  1.11274121e+00  9.92770994e-01  3.07220319e+00
 -2.26897623e+00  1.86936601e-03  9.58904041e-01  1.57321088e+00]","[ 0.00000000e+00  2.73338648e-01 -1.16141912e-02 -7.13750335e-05
  4.28061766e-01  6.75243695e-01 -4.96979349e-01  8.04074979e-01]","[ 0.          0.15875436 12.55562878  0.32585239 -7.31209421 -0.35800028
  0.66551435 -1.17162502]"
1749227811.9028585,"[ 0.00000000e+00  1.11274121e+00  9.92770994e-01  3.07220319e+00
 -2.26897623e+00  1.86936601e-03  9.58904041e-01  1.57321088e+00]","[ 0.00000000e+00  2.73338648e-01 -1.16141912e-02 -7.13750335e-05
  4.28061766e-01  6.75243695e-01 -4.96979349e-01  8.04074979e-01]","[ 0.          0.15875436 12.55562878  0.32585239 -7.31209421 -0.35800028
  0.66551435 -1.17162502]"
1749227811.9039981,"[ 0.00000000e+00  1.11274121e+00  9.92770994e-01  3.07220319e+00
 -2.26897623e+00  1.86936601e-03  9.58904041e-01  1.57321088e+00]","[ 0.00000000e+00  2.73338648e-01 -1.16141912e-02 -7.13750335e-05
  4.28061766e-01  6.75243695e-01 -4.96979349e-01  8.04074979e-01]","[ 0.          0.15875436 12.55562878  0.32585239 -7.31209421 -0.35800028
  0.66551435 -1.17162502]"
1749227811.9057784,"[ 0.00000000e+00  1.11274121e+00  9.92770994e-01  3.07220319e+00
 -2.26897623e+00  1.86936601e-03  9.58904041e-01  1.57321088e+00]","[ 0.00000000e+00  2.73338648e-01 -1.16141912e-02 -7.13750335e-05
  4.28061766e-01  6.75243695e-01 -4.96979349e-01  8.04074979e-01]","[ 0.          0.15875436 12.55562878  0.32585239 -7.31209421 -0.35800028
  0.66551435 -1.17162502]"
1749227811.9074857,"[ 0.00000000e+00  1.12413321e+00  9.92287497e-01  3.07219840e+00
 -2.26897623e+00  1.86936601e-03  9.58904041e-01  1.57321088e+00]","[ 0.00000000e+00  1.83139296e-01 -1.07830435e-02 -7.40737029e-05
  4.28061766e-01  6.75243695e-01 -4.96979349e-01  8.04074979e-01]","[ 0.          0.13361606 13.03244781  0.43496698 -7.31209421 -0.35800028
  0.66551435 -1.17162502]"
1749227811.9092033,"[ 0.00000000e+00  1.12413321e+00  9.92287497e-01  3.07219840e+00
 -2.26897623e+00  1.86936601e-03  9.58904041e-01  1.57321088e+00]","[ 0.00000000e+00  1.83139296e-01 -1.07830435e-02 -7.40737029e-05
  4.28061766e-01  6.75243695e-01 -4.96979349e-01  8.04074979e-01]","[ 0.          0.13361606 13.03244781  0.43496698 -7.31209421 -0.35800028
  0.66551435 -1.17162502]"
1749227811.910347,"[ 0.00000000e+00  1.12413321e+00  9.92287497e-01  3.07219840e+00
 -2.26897623e+00  1.86936601e-03  9.58904041e-01  1.57321088e+00]","[ 0.00000000e+00  1.83139296e-01 -1.07830435e-02 -7.40737029e-05
  4.28061766e-01  6.75243695e-01 -4.96979349e-01  8.04074979e-01]","[ 0.          0.13361606 13.03244781  0.43496698 -7.31209421 -0.35800028
  0.66551435 -1.17162502]"
1749227811.9120307,"[ 0.00000000e+00  1.12413321e+00  9.92287497e-01  3.07219840e+00
 -2.26897623e+00  1.86936601e-03  9.58904041e-01  1.57321088e+00]","[ 0.00000000e+00  1.83139296e-01 -1.07830435e-02 -7.40737029e-05
  4.28061766e-01  6.75243695e-01 -4.96979349e-01  8.04074979e-01]","[ 0.          0.13361606 13.03244781  0.43496698 -7.31209421 -0.35800028
  0.66551435 -1.17162502]"
1749227811.9137688,"[ 0.00000000e+00  1.12413321e+00  9.92287497e-01  3.07219840e+00
 -2.26897623e+00  1.86936601e-03  9.58904041e-01  1.57321088e+00]","[ 0.00000000e+00  1.83139296e-01 -1.07830435e-02 -7.40737029e-05
  4.28061766e-01  6.75243695e-01 -4.96979349e-01  8.04074979e-01]","[ 0.          0.13361606 13.03244781  0.43496698 -7.31209421 -0.35800028
  0.66551435 -1.17162502]"
1749227811.9156425,"[ 0.00000000e+00  1.12413321e+00  9.92287497e-01  3.07219840e+00
 -2.26897623e+00  1.86936601e-03  9.58904041e-01  1.57321088e+00]","[ 0.00000000e+00  1.83139296e-01 -1.07830435e-02 -7.40737029e-05
  4.28061766e-01  6.75243695e-01 -4.96979349e-01  8.04074979e-01]","[ 0.          0.13361606 13.03244781  0.43496698 -7.31209421 -0.35800028
  0.66551435 -1.17162502]"
1749227811.9173236,"[ 0.00000000e+00  1.12413321e+00  9.92287497e-01  3.07219840e+00
 -2.26897623e+00  1.86936601e-03  9.58904041e-01  1.57321088e+00]","[ 0.00000000e+00  1.83139296e-01 -1.07830435e-02 -7.40737029e-05
  4.28061766e-01  6.75243695e-01 -4.96979349e-01  8.04074979e-01]","[ 0.          0.13361606 13.03244781  0.43496698 -7.31209421 -0.35800028
  0.66551435 -1.17162502]"
1749227811.918541,"[ 0.00000000e+00  1.12413321e+00  9.92287497e-01  3.07219840e+00
 -2.26897623e+00  1.86936601e-03  9.58904041e-01  1.57321088e+00]","[ 0.00000000e+00  1.83139296e-01 -1.07830435e-02 -7.40737029e-05
  4.28061766e-01  6.75243695e-01 -4.96979349e-01  8.04074979e-01]","[ 0.          0.13361606 13.03244781  0.43496698 -7.31209421 -0.35800028
  0.66551435 -1.17162502]"
1749227811.9203043,"[ 0.00000000e+00  1.12413321e+00  9.92287497e-01  3.07219840e+00
 -2.26897623e+00  1.86936601e-03  9.58904041e-01  1.57321088e+00]","[ 0.00000000e+00  1.83139296e-01 -1.07830435e-02 -7.40737029e-05
  4.28061766e-01  6.75243695e-01 -4.96979349e-01  8.04074979e-01]","[ 0.          0.13361606 13.03244781  0.43496698 -7.31209421 -0.35800028
  0.66551435 -1.17162502]"
1749227811.922067,"[ 0.00000000e+00  1.12413321e+00  9.92287497e-01  3.07219840e+00
 -2.26897623e+00  1.86936601e-03  9.58904041e-01  1.57321088e+00]","[ 0.00000000e+00  1.83139296e-01 -1.07830435e-02 -7.40737029e-05
  4.28061766e-01  6.75243695e-01 -4.96979349e-01  8.04074979e-01]","[ 0.          0.13361606 13.03244781  0.43496698 -7.31209421 -0.35800028
  0.66551435 -1.17162502]"
1749227811.923147,"[ 0.00000000e+00  1.12413321e+00  9.92287497e-01  3.07219840e+00
 -2.26897623e+00  1.86936601e-03  9.58904041e-01  1.57321088e+00]","[ 0.00000000e+00  1.83139296e-01 -1.07830435e-02 -7.40737029e-05
  4.28061766e-01  6.75243695e-01 -4.96979349e-01  8.04074979e-01]","[ 0.          0.13361606 13.03244781  0.43496698 -7.31209421 -0.35800028
  0.66551435 -1.17162502]"
1749227811.9248784,"[ 0.00000000e+00  1.12413321e+00  9.92287497e-01  3.07219840e+00
 -2.26897623e+00  1.86936601e-03  9.58904041e-01  1.57321088e+00]","[ 0.00000000e+00  1.83139296e-01 -1.07830435e-02 -7.40737029e-05
  4.28061766e-01  6.75243695e-01 -4.96979349e-01  8.04074979e-01]","[ 0.          0.13361606 13.03244781  0.43496698 -7.31209421 -0.35800028
  0.66551435 -1.17162502]"
1749227811.9265854,"[ 0.00000000e+00  1.12413321e+00  9.92287497e-01  3.07219840e+00
 -2.26897623e+00  1.86936601e-03  9.58904041e-01  1.57321088e+00]","[ 0.00000000e+00  1.83139296e-01 -1.07830435e-02 -7.40737029e-05
  4.28061766e-01  6.75243695e-01 -4.96979349e-01  8.04074979e-01]","[ 0.          0.13361606 13.03244781  0.43496698 -7.31209421 -0.35800028
  0.66551435 -1.17162502]"
1749227811.9284642,"[ 0.00000000e+00  1.12413321e+00  9.92287497e-01  3.07219840e+00
 -2.26897623e+00  1.86936601e-03  9.58904041e-01  1.57321088e+00]","[ 0.00000000e+00  1.83139296e-01 -1.07830435e-02 -7.40737029e-05
  4.28061766e-01  6.75243695e-01 -4.96979349e-01  8.04074979e-01]","[ 0.          0.13361606 13.03244781  0.43496698 -7.31209421 -0.35800028
  0.66551435 -1.17162502]"
1749227811.9295635,"[ 0.00000000e+00  1.12413321e+00  9.92287497e-01  3.07219840e+00
 -2.26897623e+00  1.86936601e-03  9.58904041e-01  1.57321088e+00]","[ 0.00000000e+00  1.83139296e-01 -1.07830435e-02 -7.40737029e-05
  4.28061766e-01  6.75243695e-01 -4.96979349e-01  8.04074979e-01]","[ 0.          0.13361606 13.03244781  0.43496698 -7.31209421 -0.35800028
  0.66551435 -1.17162502]"
1749227811.931334,"[ 0.00000000e+00  1.12413321e+00  9.92287497e-01  3.07219840e+00
 -2.26897623e+00  1.86936601e-03  9.58904041e-01  1.57321088e+00]","[ 0.00000000e+00  1.83139296e-01 -1.07830435e-02 -7.40737029e-05
  4.28061766e-01  6.75243695e-01 -4.96979349e-01  8.04074979e-01]","[ 0.          0.13361606 13.03244781  0.43496698 -7.31209421 -0.35800028
  0.66551435 -1.17162502]"
1749227811.9330444,"[ 0.00000000e+00  1.12413321e+00  9.92287497e-01  3.07219840e+00
 -2.26897623e+00  1.86936601e-03  9.58904041e-01  1.57321088e+00]","[ 0.00000000e+00  1.83139296e-01 -1.07830435e-02 -7.40737029e-05
  4.28061766e-01  6.75243695e-01 -4.96979349e-01  8.04074979e-01]","[ 0.          0.13361606 13.03244781  0.43496698 -7.31209421 -0.35800028
  0.66551435 -1.17162502]"
1749227811.9342988,"[ 0.00000000e+00  1.12413321e+00  9.92287497e-01  3.07219840e+00
 -2.26897623e+00  1.86936601e-03  9.58904041e-01  1.57321088e+00]","[ 0.00000000e+00  1.83139296e-01 -1.07830435e-02 -7.40737029e-05
  4.28061766e-01  6.75243695e-01 -4.96979349e-01  8.04074979e-01]","[ 0.          0.13361606 13.03244781  0.43496698 -7.31209421 -0.35800028
  0.66551435 -1.17162502]"
1749227811.936037,"[ 0.00000000e+00  1.12413321e+00  9.92287497e-01  3.07219840e+00
 -2.26897623e+00  1.86936601e-03  9.58904041e-01  1.57321088e+00]","[ 0.00000000e+00  1.83139296e-01 -1.07830435e-02 -7.40737029e-05
  4.28061766e-01  6.75243695e-01 -4.96979349e-01  8.04074979e-01]","[ 0.          0.13361606 13.03244781  0.43496698 -7.31209421 -0.35800028
  0.66551435 -1.17162502]"
1749227811.9378877,"[ 0.00000000e+00  1.12413321e+00  9.92287497e-01  3.07219840e+00
 -2.26897623e+00  1.86936601e-03  9.58904041e-01  1.57321088e+00]","[ 0.00000000e+00  1.83139296e-01 -1.07830435e-02 -7.40737029e-05
  4.28061766e-01  6.75243695e-01 -4.96979349e-01  8.04074979e-01]","[ 0.          0.13361606 13.03244781  0.43496698 -7.31209421 -0.35800028
  0.66551435 -1.17162502]"
1749227811.9389455,"[ 0.00000000e+00  1.12413321e+00  9.92287497e-01  3.07219840e+00
 -2.26897623e+00  1.86936601e-03  9.58904041e-01  1.57321088e+00]","[ 0.00000000e+00  1.83139296e-01 -1.07830435e-02 -7.40737029e-05
  4.28061766e-01  6.75243695e-01 -4.96979349e-01  8.04074979e-01]","[ 0.          0.13361606 13.03244781  0.43496698 -7.31209421 -0.35800028
  0.66551435 -1.17162502]"
1749227811.9406543,"[ 0.00000000e+00  1.12413321e+00  9.92287497e-01  3.07219840e+00
 -2.26897623e+00  1.86936601e-03  9.58904041e-01  1.57321088e+00]","[ 0.00000000e+00  1.83139296e-01 -1.07830435e-02 -7.40737029e-05
  4.28061766e-01  6.75243695e-01 -4.96979349e-01  8.04074979e-01]","[ 0.          0.13361606 13.03244781  0.43496698 -7.31209421 -0.35800028
  0.66551435 -1.17162502]"
1749227811.9423962,"[ 0.00000000e+00  1.12413321e+00  9.92287497e-01  3.07219840e+00
 -2.26897623e+00  1.86936601e-03  9.58904041e-01  1.57321088e+00]","[ 0.00000000e+00  1.83139296e-01 -1.07830435e-02 -7.40737029e-05
  4.28061766e-01  6.75243695e-01 -4.96979349e-01  8.04074979e-01]","[ 0.          0.13361606 13.03244781  0.43496698 -7.31209421 -0.35800028
  0.66551435 -1.17162502]"
1749227811.9441454,"[ 0.00000000e+00  1.12413321e+00  9.92287497e-01  3.07219840e+00
 -2.26897623e+00  1.86936601e-03  9.58904041e-01  1.57321088e+00]","[ 0.00000000e+00  1.83139296e-01 -1.07830435e-02 -7.40737029e-05
  4.28061766e-01  6.75243695e-01 -4.96979349e-01  8.04074979e-01]","[ 0.          0.13361606 13.03244781  0.43496698 -7.31209421 -0.35800028
  0.66551435 -1.17162502]"
1749227811.945942,"[ 0.00000000e+00  1.12413321e+00  9.92287497e-01  3.07219840e+00
 -2.26897623e+00  1.86936601e-03  9.58904041e-01  1.57321088e+00]","[ 0.00000000e+00  1.83139296e-01 -1.07830435e-02 -7.40737029e-05
  4.28061766e-01  6.75243695e-01 -4.96979349e-01  8.04074979e-01]","[ 0.          0.13361606 13.03244781  0.43496698 -7.31209421 -0.35800028
  0.66551435 -1.17162502]"
1749227811.947725,"[ 0.00000000e+00  1.12413321e+00  9.92287497e-01  3.07219840e+00
 -2.26897623e+00  1.86936601e-03  9.58904041e-01  1.57321088e+00]","[ 0.00000000e+00  1.83139296e-01 -1.07830435e-02 -7.40737029e-05
  4.28061766e-01  6.75243695e-01 -4.96979349e-01  8.04074979e-01]","[ 0.          0.13361606 13.03244781  0.43496698 -7.31209421 -0.35800028
  0.66551435 -1.17162502]"
1749227811.9494655,"[ 0.00000000e+00  1.12413321e+00  9.92287497e-01  3.07219840e+00
 -2.26897623e+00  1.86936601e-03  9.58904041e-01  1.57321088e+00]","[ 0.00000000e+00  1.83139296e-01 -1.07830435e-02 -7.40737029e-05
  4.28061766e-01  6.75243695e-01 -4.96979349e-01  8.04074979e-01]","[ 0.          0.13361606 13.03244781  0.43496698 -7.31209421 -0.35800028
  0.66551435 -1.17162502]"
1749227811.950673,"[ 0.00000000e+00  1.12413321e+00  9.92287497e-01  3.07219840e+00
 -2.26897623e+00  1.86936601e-03  9.58904041e-01  1.57321088e+00]","[ 0.00000000e+00  1.83139296e-01 -1.07830435e-02 -7.40737029e-05
  4.28061766e-01  6.75243695e-01 -4.96979349e-01  8.04074979e-01]","[ 0.          0.13361606 13.03244781  0.43496698 -7.31209421 -0.35800028
  0.66551435 -1.17162502]"
1749227811.9524205,"[ 0.00000000e+00  1.12413321e+00  9.92287497e-01  3.07219840e+00
 -2.26897623e+00  1.86936601e-03  9.58904041e-01  1.57321088e+00]","[ 0.00000000e+00  1.83139296e-01 -1.07830435e-02 -7.40737029e-05
  4.28061766e-01  6.75243695e-01 -4.96979349e-01  8.04074979e-01]","[ 0.          0.13361606 13.03244781  0.43496698 -7.31209421 -0.35800028
  0.66551435 -1.17162502]"
1749227811.954084,"[ 0.00000000e+00  1.12413321e+00  9.92287497e-01  3.07219840e+00
 -2.26897623e+00  1.86936601e-03  9.58904041e-01  1.57321088e+00]","[ 0.00000000e+00  1.83139296e-01 -1.07830435e-02 -7.40737029e-05
  4.28061766e-01  6.75243695e-01 -4.96979349e-01  8.04074979e-01]","[ 0.          0.13361606 13.03244781  0.43496698 -7.31209421 -0.35800028
  0.66551435 -1.17162502]"
1749227811.9557555,"[ 0.00000000e+00  1.12413321e+00  9.92287497e-01  3.07219840e+00
 -2.26897623e+00  1.86936601e-03  9.58904041e-01  1.57321088e+00]","[ 0.00000000e+00  1.83139296e-01 -1.07830435e-02 -7.40737029e-05
  4.28061766e-01  6.75243695e-01 -4.96979349e-01  8.04074979e-01]","[ 0.          0.13361606 13.03244781  0.43496698 -7.31209421 -0.35800028
  0.66551435 -1.17162502]"
1749227811.9574995,"[ 0.00000000e+00  1.13114279e+00  9.92075376e-01  3.07219121e+00
 -2.26897623e+00  1.86936601e-03  9.58904041e-01  1.57321088e+00]","[ 0.00000000e+00  9.67055627e-02 -3.03175923e-03 -1.19136960e-04
  4.28061766e-01  6.75243695e-01 -4.96979349e-01  8.04074979e-01]","[ 0.         -0.27536654 13.42048073  0.38761097 -7.31209421 -0.35800028
  0.66551435 -1.17162502]"
1749227811.9592485,"[ 0.00000000e+00  1.13114279e+00  9.92075376e-01  3.07219121e+00
 -2.26897623e+00  1.86936601e-03  9.58904041e-01  1.57321088e+00]","[ 0.00000000e+00  9.67055627e-02 -3.03175923e-03 -1.19136960e-04
  4.28061766e-01  6.75243695e-01 -4.96979349e-01  8.04074979e-01]","[ 0.         -0.27536654 13.42048073  0.38761097 -7.31209421 -0.35800028
  0.66551435 -1.17162502]"
1749227811.9609,"[ 0.00000000e+00  1.13114279e+00  9.92075376e-01  3.07219121e+00
 -2.26897623e+00  1.86936601e-03  9.58904041e-01  1.57321088e+00]","[ 0.00000000e+00  9.67055627e-02 -3.03175923e-03 -1.19136960e-04
  4.28061766e-01  6.75243695e-01 -4.96979349e-01  8.04074979e-01]","[ 0.         -0.27536654 13.42048073  0.38761097 -7.31209421 -0.35800028
  0.66551435 -1.17162502]"
1749227811.962602,"[ 0.00000000e+00  1.13114279e+00  9.92075376e-01  3.07219121e+00
 -2.26897623e+00  1.86936601e-03  9.58904041e-01  1.57321088e+00]","[ 0.00000000e+00  9.67055627e-02 -3.03175923e-03 -1.19136960e-04
  4.28061766e-01  6.75243695e-01 -4.96979349e-01  8.04074979e-01]","[ 0.         -0.27536654 13.42048073  0.38761097 -7.31209421 -0.35800028
  0.66551435 -1.17162502]"
1749227811.9643703,"[ 0.00000000e+00  1.13114279e+00  9.92075376e-01  3.07219121e+00
 -2.26897623e+00  1.86936601e-03  9.58904041e-01  1.57321088e+00]","[ 0.00000000e+00  9.67055627e-02 -3.03175923e-03 -1.19136960e-04
  4.28061766e-01  6.75243695e-01 -4.96979349e-01  8.04074979e-01]","[ 0.         -0.27536654 13.42048073  0.38761097 -7.31209421 -0.35800028
  0.66551435 -1.17162502]"
1749227811.9662213,"[ 0.00000000e+00  1.13114279e+00  9.92075376e-01  3.07219121e+00
 -2.26897623e+00  1.86936601e-03  9.58904041e-01  1.57321088e+00]","[ 0.00000000e+00  9.67055627e-02 -3.03175923e-03 -1.19136960e-04
  4.28061766e-01  6.75243695e-01 -4.96979349e-01  8.04074979e-01]","[ 0.         -0.27536654 13.42048073  0.38761097 -7.31209421 -0.35800028
  0.66551435 -1.17162502]"
1749227811.967311,"[ 0.00000000e+00  1.13114279e+00  9.92075376e-01  3.07219121e+00
 -2.26897623e+00  1.86936601e-03  9.58904041e-01  1.57321088e+00]","[ 0.00000000e+00  9.67055627e-02 -3.03175923e-03 -1.19136960e-04
  4.28061766e-01  6.75243695e-01 -4.96979349e-01  8.04074979e-01]","[ 0.         -0.27536654 13.42048073  0.38761097 -7.31209421 -0.35800028
  0.66551435 -1.17162502]"
1749227811.9689965,"[ 0.00000000e+00  1.13114279e+00  9.92075376e-01  3.07219121e+00
 -2.26897623e+00  1.86936601e-03  9.58904041e-01  1.57321088e+00]","[ 0.00000000e+00  9.67055627e-02 -3.03175923e-03 -1.19136960e-04
  4.28061766e-01  6.75243695e-01 -4.96979349e-01  8.04074979e-01]","[ 0.         -0.27536654 13.42048073  0.38761097 -7.31209421 -0.35800028
  0.66551435 -1.17162502]"
1749227811.9706717,"[ 0.00000000e+00  1.13114279e+00  9.92075376e-01  3.07219121e+00
 -2.26897623e+00  1.86936601e-03  9.58904041e-01  1.57321088e+00]","[ 0.00000000e+00  9.67055627e-02 -3.03175923e-03 -1.19136960e-04
  4.28061766e-01  6.75243695e-01 -4.96979349e-01  8.04074979e-01]","[ 0.         -0.27536654 13.42048073  0.38761097 -7.31209421 -0.35800028
  0.66551435 -1.17162502]"
1749227811.9724016,"[ 0.00000000e+00  1.13114279e+00  9.92075376e-01  3.07219121e+00
 -2.26897623e+00  1.86936601e-03  9.58904041e-01  1.57321088e+00]","[ 0.00000000e+00  9.67055627e-02 -3.03175923e-03 -1.19136960e-04
  4.28061766e-01  6.75243695e-01 -4.96979349e-01  8.04074979e-01]","[ 0.         -0.27536654 13.42048073  0.38761097 -7.31209421 -0.35800028
  0.66551435 -1.17162502]"
1749227811.9741724,"[ 0.00000000e+00  1.13114279e+00  9.92075376e-01  3.07219121e+00
 -2.26897623e+00  1.86936601e-03  9.58904041e-01  1.57321088e+00]","[ 0.00000000e+00  9.67055627e-02 -3.03175923e-03 -1.19136960e-04
  4.28061766e-01  6.75243695e-01 -4.96979349e-01  8.04074979e-01]","[ 0.         -0.27536654 13.42048073  0.38761097 -7.31209421 -0.35800028
  0.66551435 -1.17162502]"
1749227811.9759133,"[ 0.00000000e+00  1.13114279e+00  9.92075376e-01  3.07219121e+00
 -2.26897623e+00  1.86936601e-03  9.58904041e-01  1.57321088e+00]","[ 0.00000000e+00  9.67055627e-02 -3.03175923e-03 -1.19136960e-04
  4.28061766e-01  6.75243695e-01 -4.96979349e-01  8.04074979e-01]","[ 0.         -0.27536654 13.42048073  0.38761097 -7.31209421 -0.35800028
  0.66551435 -1.17162502]"
1749227811.977503,"[ 0.00000000e+00  1.13114279e+00  9.92075376e-01  3.07219121e+00
 -2.26897623e+00  1.86936601e-03  9.58904041e-01  1.57321088e+00]","[ 0.00000000e+00  9.67055627e-02 -3.03175923e-03 -1.19136960e-04
  4.28061766e-01  6.75243695e-01 -4.96979349e-01  8.04074979e-01]","[ 0.         -0.27536654 13.42048073  0.38761097 -7.31209421 -0.35800028
  0.66551435 -1.17162502]"
1749227811.97924,"[ 0.00000000e+00  1.13114279e+00  9.92075376e-01  3.07219121e+00
 -2.26897623e+00  1.86936601e-03  9.58904041e-01  1.57321088e+00]","[ 0.00000000e+00  9.67055627e-02 -3.03175923e-03 -1.19136960e-04
  4.28061766e-01  6.75243695e-01 -4.96979349e-01  8.04074979e-01]","[ 0.         -0.27536654 13.42048073  0.38761097 -7.31209421 -0.35800028
  0.66551435 -1.17162502]"
1749227811.980469,"[ 0.00000000e+00  1.13114279e+00  9.92075376e-01  3.07219121e+00
 -2.26897623e+00  1.86936601e-03  9.58904041e-01  1.57321088e+00]","[ 0.00000000e+00  9.67055627e-02 -3.03175923e-03 -1.19136960e-04
  4.28061766e-01  6.75243695e-01 -4.96979349e-01  8.04074979e-01]","[ 0.         -0.27536654 13.42048073  0.38761097 -7.31209421 -0.35800028
  0.66551435 -1.17162502]"
1749227811.9822297,"[ 0.00000000e+00  1.13114279e+00  9.92075376e-01  3.07219121e+00
 -2.26897623e+00  1.86936601e-03  9.58904041e-01  1.57321088e+00]","[ 0.00000000e+00  9.67055627e-02 -3.03175923e-03 -1.19136960e-04
  4.28061766e-01  6.75243695e-01 -4.96979349e-01  8.04074979e-01]","[ 0.         -0.27536654 13.42048073  0.38761097 -7.31209421 -0.35800028
  0.66551435 -1.17162502]"
1749227811.9840271,"[ 0.00000000e+00  1.13114279e+00  9.92075376e-01  3.07219121e+00
 -2.26897623e+00  1.86936601e-03  9.58904041e-01  1.57321088e+00]","[ 0.00000000e+00  9.67055627e-02 -3.03175923e-03 -1.19136960e-04
  4.28061766e-01  6.75243695e-01 -4.96979349e-01  8.04074979e-01]","[ 0.         -0.27536654 13.42048073  0.38761097 -7.31209421 -0.35800028
  0.66551435 -1.17162502]"
1749227811.9857655,"[ 0.00000000e+00  1.13114279e+00  9.92075376e-01  3.07219121e+00
 -2.26897623e+00  1.86936601e-03  9.58904041e-01  1.57321088e+00]","[ 0.00000000e+00  9.67055627e-02 -3.03175923e-03 -1.19136960e-04
  4.28061766e-01  6.75243695e-01 -4.96979349e-01  8.04074979e-01]","[ 0.         -0.27536654 13.42048073  0.38761097 -7.31209421 -0.35800028
  0.66551435 -1.17162502]"
1749227811.9869282,"[ 0.00000000e+00  1.13114279e+00  9.92075376e-01  3.07219121e+00
 -2.26897623e+00  1.86936601e-03  9.58904041e-01  1.57321088e+00]","[ 0.00000000e+00  9.67055627e-02 -3.03175923e-03 -1.19136960e-04
  4.28061766e-01  6.75243695e-01 -4.96979349e-01  8.04074979e-01]","[ 0.         -0.27536654 13.42048073  0.38761097 -7.31209421 -0.35800028
  0.66551435 -1.17162502]"
1749227811.9887538,"[ 0.00000000e+00  1.13114279e+00  9.92075376e-01  3.07219121e+00
 -2.26897623e+00  1.86936601e-03  9.58904041e-01  1.57321088e+00]","[ 0.00000000e+00  9.67055627e-02 -3.03175923e-03 -1.19136960e-04
  4.28061766e-01  6.75243695e-01 -4.96979349e-01  8.04074979e-01]","[ 0.         -0.27536654 13.42048073  0.38761097 -7.31209421 -0.35800028
  0.66551435 -1.17162502]"
1749227811.9904504,"[ 0.00000000e+00  1.13114279e+00  9.92075376e-01  3.07219121e+00
 -2.26897623e+00  1.86936601e-03  9.58904041e-01  1.57321088e+00]","[ 0.00000000e+00  9.67055627e-02 -3.03175923e-03 -1.19136960e-04
  4.28061766e-01  6.75243695e-01 -4.96979349e-01  8.04074979e-01]","[ 0.         -0.27536654 13.42048073  0.38761097 -7.31209421 -0.35800028
  0.66551435 -1.17162502]"
1749227811.991693,"[ 0.00000000e+00  1.13114279e+00  9.92075376e-01  3.07219121e+00
 -2.26897623e+00  1.86936601e-03  9.58904041e-01  1.57321088e+00]","[ 0.00000000e+00  9.67055627e-02 -3.03175923e-03 -1.19136960e-04
  4.28061766e-01  6.75243695e-01 -4.96979349e-01  8.04074979e-01]","[ 0.         -0.27536654 13.42048073  0.38761097 -7.31209421 -0.35800028
  0.66551435 -1.17162502]"
1749227811.9934645,"[ 0.00000000e+00  1.13114279e+00  9.92075376e-01  3.07219121e+00
 -2.26897623e+00  1.86936601e-03  9.58904041e-01  1.57321088e+00]","[ 0.00000000e+00  9.67055627e-02 -3.03175923e-03 -1.19136960e-04
  4.28061766e-01  6.75243695e-01 -4.96979349e-01  8.04074979e-01]","[ 0.         -0.27536654 13.42048073  0.38761097 -7.31209421 -0.35800028
  0.66551435 -1.17162502]"
1749227811.9951637,"[ 0.00000000e+00  1.13114279e+00  9.92075376e-01  3.07219121e+00
 -2.26897623e+00  1.86936601e-03  9.58904041e-01  1.57321088e+00]","[ 0.00000000e+00  9.67055627e-02 -3.03175923e-03 -1.19136960e-04
  4.28061766e-01  6.75243695e-01 -4.96979349e-01  8.04074979e-01]","[ 0.         -0.27536654 13.42048073  0.38761097 -7.31209421 -0.35800028
  0.66551435 -1.17162502]"
1749227811.9969406,"[ 0.00000000e+00  1.13114279e+00  9.92075376e-01  3.07219121e+00
 -2.26897623e+00  1.86936601e-03  9.58904041e-01  1.57321088e+00]","[ 0.00000000e+00  9.67055627e-02 -3.03175923e-03 -1.19136960e-04
  4.28061766e-01  6.75243695e-01 -4.96979349e-01  8.04074979e-01]","[ 0.         -0.27536654 13.42048073  0.38761097 -7.31209421 -0.35800028
  0.66551435 -1.17162502]"
1749227811.9986885,"[ 0.00000000e+00  1.13114279e+00  9.92075376e-01  3.07219121e+00
 -2.26897623e+00  1.86936601e-03  9.58904041e-01  1.57321088e+00]","[ 0.00000000e+00  9.67055627e-02 -3.03175923e-03 -1.19136960e-04
  4.28061766e-01  6.75243695e-01 -4.96979349e-01  8.04074979e-01]","[ 0.         -0.27536654 13.42048073  0.38761097 -7.31209421 -0.35800028
  0.66551435 -1.17162502]"
1749227812.0004041,"[ 0.00000000e+00  1.13114279e+00  9.92075376e-01  3.07219121e+00
 -2.26897623e+00  1.86936601e-03  9.58904041e-01  1.57321088e+00]","[ 0.00000000e+00  9.67055627e-02 -3.03175923e-03 -1.19136960e-04
  4.28061766e-01  6.75243695e-01 -4.96979349e-01  8.04074979e-01]","[ 0.         -0.27536654 13.42048073  0.38761097 -7.31209421 -0.35800028
  0.66551435 -1.17162502]"
1749227812.0015063,"[ 0.00000000e+00  1.13114279e+00  9.92075376e-01  3.07219121e+00
 -2.26897623e+00  1.86936601e-03  9.58904041e-01  1.57321088e+00]","[ 0.00000000e+00  9.67055627e-02 -3.03175923e-03 -1.19136960e-04
  4.28061766e-01  6.75243695e-01 -4.96979349e-01  8.04074979e-01]","[ 0.         -0.27536654 13.42048073  0.38761097 -7.31209421 -0.35800028
  0.66551435 -1.17162502]"
1749227812.0035646,"[ 0.00000000e+00  1.13114279e+00  9.92075376e-01  3.07219121e+00
 -2.26897623e+00  1.86936601e-03  9.58904041e-01  1.57321088e+00]","[ 0.00000000e+00  9.67055627e-02 -3.03175923e-03 -1.19136960e-04
  4.28061766e-01  6.75243695e-01 -4.96979349e-01  8.04074979e-01]","[ 0.         -0.27536654 13.42048073  0.38761097 -7.31209421 -0.35800028
  0.66551435 -1.17162502]"
1749227812.0050845,"[ 0.00000000e+00  1.13114279e+00  9.92075376e-01  3.07219121e+00
 -2.26897623e+00  1.86936601e-03  9.58904041e-01  1.57321088e+00]","[ 0.00000000e+00  9.67055627e-02 -3.03175923e-03 -1.19136960e-04
  4.28061766e-01  6.75243695e-01 -4.96979349e-01  8.04074979e-01]","[ 0.         -0.27536654 13.42048073  0.38761097 -7.31209421 -0.35800028
  0.66551435 -1.17162502]"
1749227812.0061545,"[ 0.00000000e+00  1.13382632e+00  9.91803068e-01  3.07218881e+00
 -2.26897623e+00  1.86936601e-03  9.58904041e-01  1.57321088e+00]","[ 0.00000000e+00  8.90418548e-03 -2.18563342e-03 -1.00452749e-04
  4.28061766e-01  6.75243695e-01 -4.96979349e-01  8.04074979e-01]","[ 0.          0.46597409 12.69452953  0.60227203 -7.31209421 -0.35800028
  0.66551435 -1.17162502]"
1749227812.0078652,"[ 0.00000000e+00  1.13382632e+00  9.91803068e-01  3.07218881e+00
 -2.26897623e+00  1.86936601e-03  9.58904041e-01  1.57321088e+00]","[ 0.00000000e+00  8.90418548e-03 -2.18563342e-03 -1.00452749e-04
  4.28061766e-01  6.75243695e-01 -4.96979349e-01  8.04074979e-01]","[ 0.          0.46597409 12.69452953  0.60227203 -7.31209421 -0.35800028
  0.66551435 -1.17162502]"
1749227812.009047,"[ 0.00000000e+00  1.13382632e+00  9.91803068e-01  3.07218881e+00
 -2.26897623e+00  1.86936601e-03  9.58904041e-01  1.57321088e+00]","[ 0.00000000e+00  8.90418548e-03 -2.18563342e-03 -1.00452749e-04
  4.28061766e-01  6.75243695e-01 -4.96979349e-01  8.04074979e-01]","[ 0.          0.46597409 12.69452953  0.60227203 -7.31209421 -0.35800028
  0.66551435 -1.17162502]"
1749227812.0110807,"[ 0.00000000e+00  1.13382632e+00  9.91803068e-01  3.07218881e+00
 -2.26897623e+00  1.86936601e-03  9.58904041e-01  1.57321088e+00]","[ 0.00000000e+00  8.90418548e-03 -2.18563342e-03 -1.00452749e-04
  4.28061766e-01  6.75243695e-01 -4.96979349e-01  8.04074979e-01]","[ 0.          0.46597409 12.69452953  0.60227203 -7.31209421 -0.35800028
  0.66551435 -1.17162502]"
1749227812.012529,"[ 0.00000000e+00  1.13382632e+00  9.91803068e-01  3.07218881e+00
 -2.26897623e+00  1.86936601e-03  9.58904041e-01  1.57321088e+00]","[ 0.00000000e+00  8.90418548e-03 -2.18563342e-03 -1.00452749e-04
  4.28061766e-01  6.75243695e-01 -4.96979349e-01  8.04074979e-01]","[ 0.          0.46597409 12.69452953  0.60227203 -7.31209421 -0.35800028
  0.66551435 -1.17162502]"
1749227812.0137227,"[ 0.00000000e+00  1.13382632e+00  9.91803068e-01  3.07218881e+00
 -2.26897623e+00  1.86936601e-03  9.58904041e-01  1.57321088e+00]","[ 0.00000000e+00  8.90418548e-03 -2.18563342e-03 -1.00452749e-04
  4.28061766e-01  6.75243695e-01 -4.96979349e-01  8.04074979e-01]","[ 0.          0.46597409 12.69452953  0.60227203 -7.31209421 -0.35800028
  0.66551435 -1.17162502]"
1749227812.0154545,"[ 0.00000000e+00  1.13382632e+00  9.91803068e-01  3.07218881e+00
 -2.26897623e+00  1.86936601e-03  9.58904041e-01  1.57321088e+00]","[ 0.00000000e+00  8.90418548e-03 -2.18563342e-03 -1.00452749e-04
  4.28061766e-01  6.75243695e-01 -4.96979349e-01  8.04074979e-01]","[ 0.          0.46597409 12.69452953  0.60227203 -7.31209421 -0.35800028
  0.66551435 -1.17162502]"
1749227812.0166454,"[ 0.00000000e+00  1.13382632e+00  9.91803068e-01  3.07218881e+00
 -2.26897623e+00  1.86936601e-03  9.58904041e-01  1.57321088e+00]","[ 0.00000000e+00  8.90418548e-03 -2.18563342e-03 -1.00452749e-04
  4.28061766e-01  6.75243695e-01 -4.96979349e-01  8.04074979e-01]","[ 0.          0.46597409 12.69452953  0.60227203 -7.31209421 -0.35800028
  0.66551435 -1.17162502]"
1749227812.0189364,"[ 0.00000000e+00  1.13382632e+00  9.91803068e-01  3.07218881e+00
 -2.26897623e+00  1.86936601e-03  9.58904041e-01  1.57321088e+00]","[ 0.00000000e+00  8.90418548e-03 -2.18563342e-03 -1.00452749e-04
  4.28061766e-01  6.75243695e-01 -4.96979349e-01  8.04074979e-01]","[ 0.          0.46597409 12.69452953  0.60227203 -7.31209421 -0.35800028
  0.66551435 -1.17162502]"
1749227812.0206892,"[ 0.00000000e+00  1.13382632e+00  9.91803068e-01  3.07218881e+00
 -2.26897623e+00  1.86936601e-03  9.58904041e-01  1.57321088e+00]","[ 0.00000000e+00  8.90418548e-03 -2.18563342e-03 -1.00452749e-04
  4.28061766e-01  6.75243695e-01 -4.96979349e-01  8.04074979e-01]","[ 0.          0.46597409 12.69452953  0.60227203 -7.31209421 -0.35800028
  0.66551435 -1.17162502]"
1749227812.022475,"[ 0.00000000e+00  1.13382632e+00  9.91803068e-01  3.07218881e+00
 -2.26897623e+00  1.86936601e-03  9.58904041e-01  1.57321088e+00]","[ 0.00000000e+00  8.90418548e-03 -2.18563342e-03 -1.00452749e-04
  4.28061766e-01  6.75243695e-01 -4.96979349e-01  8.04074979e-01]","[ 0.          0.46597409 12.69452953  0.60227203 -7.31209421 -0.35800028
  0.66551435 -1.17162502]"
1749227812.023707,"[ 0.00000000e+00  1.13382632e+00  9.91803068e-01  3.07218881e+00
 -2.26897623e+00  1.86936601e-03  9.58904041e-01  1.57321088e+00]","[ 0.00000000e+00  8.90418548e-03 -2.18563342e-03 -1.00452749e-04
  4.28061766e-01  6.75243695e-01 -4.96979349e-01  8.04074979e-01]","[ 0.          0.46597409 12.69452953  0.60227203 -7.31209421 -0.35800028
  0.66551435 -1.17162502]"
1749227812.025909,"[ 0.00000000e+00  1.13382632e+00  9.91803068e-01  3.07218881e+00
 -2.26897623e+00  1.86936601e-03  9.58904041e-01  1.57321088e+00]","[ 0.00000000e+00  8.90418548e-03 -2.18563342e-03 -1.00452749e-04
  4.28061766e-01  6.75243695e-01 -4.96979349e-01  8.04074979e-01]","[ 0.          0.46597409 12.69452953  0.60227203 -7.31209421 -0.35800028
  0.66551435 -1.17162502]"
1749227812.027455,"[ 0.00000000e+00  1.13382632e+00  9.91803068e-01  3.07218881e+00
 -2.26897623e+00  1.86936601e-03  9.58904041e-01  1.57321088e+00]","[ 0.00000000e+00  8.90418548e-03 -2.18563342e-03 -1.00452749e-04
  4.28061766e-01  6.75243695e-01 -4.96979349e-01  8.04074979e-01]","[ 0.          0.46597409 12.69452953  0.60227203 -7.31209421 -0.35800028
  0.66551435 -1.17162502]"
1749227812.0284188,"[ 0.00000000e+00  1.13382632e+00  9.91803068e-01  3.07218881e+00
 -2.26897623e+00  1.86936601e-03  9.58904041e-01  1.57321088e+00]","[ 0.00000000e+00  8.90418548e-03 -2.18563342e-03 -1.00452749e-04
  4.28061766e-01  6.75243695e-01 -4.96979349e-01  8.04074979e-01]","[ 0.          0.46597409 12.69452953  0.60227203 -7.31209421 -0.35800028
  0.66551435 -1.17162502]"
1749227812.0301886,"[ 0.00000000e+00  1.13382632e+00  9.91803068e-01  3.07218881e+00
 -2.26897623e+00  1.86936601e-03  9.58904041e-01  1.57321088e+00]","[ 0.00000000e+00  8.90418548e-03 -2.18563342e-03 -1.00452749e-04
  4.28061766e-01  6.75243695e-01 -4.96979349e-01  8.04074979e-01]","[ 0.          0.46597409 12.69452953  0.60227203 -7.31209421 -0.35800028
  0.66551435 -1.17162502]"
1749227812.0319586,"[ 0.00000000e+00  1.13382632e+00  9.91803068e-01  3.07218881e+00
 -2.26897623e+00  1.86936601e-03  9.58904041e-01  1.57321088e+00]","[ 0.00000000e+00  8.90418548e-03 -2.18563342e-03 -1.00452749e-04
  4.28061766e-01  6.75243695e-01 -4.96979349e-01  8.04074979e-01]","[ 0.          0.46597409 12.69452953  0.60227203 -7.31209421 -0.35800028
  0.66551435 -1.17162502]"
1749227812.0337381,"[ 0.00000000e+00  1.13382632e+00  9.91803068e-01  3.07218881e+00
 -2.26897623e+00  1.86936601e-03  9.58904041e-01  1.57321088e+00]","[ 0.00000000e+00  8.90418548e-03 -2.18563342e-03 -1.00452749e-04
  4.28061766e-01  6.75243695e-01 -4.96979349e-01  8.04074979e-01]","[ 0.          0.46597409 12.69452953  0.60227203 -7.31209421 -0.35800028
  0.66551435 -1.17162502]"
1749227812.0349233,"[ 0.00000000e+00  1.13382632e+00  9.91803068e-01  3.07218881e+00
 -2.26897623e+00  1.86936601e-03  9.58904041e-01  1.57321088e+00]","[ 0.00000000e+00  8.90418548e-03 -2.18563342e-03 -1.00452749e-04
  4.28061766e-01  6.75243695e-01 -4.96979349e-01  8.04074979e-01]","[ 0.          0.46597409 12.69452953  0.60227203 -7.31209421 -0.35800028
  0.66551435 -1.17162502]"
1749227812.0366075,"[ 0.00000000e+00  1.13382632e+00  9.91803068e-01  3.07218881e+00
 -2.26897623e+00  1.86936601e-03  9.58904041e-01  1.57321088e+00]","[ 0.00000000e+00  8.90418548e-03 -2.18563342e-03 -1.00452749e-04
  4.28061766e-01  6.75243695e-01 -4.96979349e-01  8.04074979e-01]","[ 0.          0.46597409 12.69452953  0.60227203 -7.31209421 -0.35800028
  0.66551435 -1.17162502]"
1749227812.0378146,"[ 0.00000000e+00  1.13382632e+00  9.91803068e-01  3.07218881e+00
 -2.26897623e+00  1.86936601e-03  9.58904041e-01  1.57321088e+00]","[ 0.00000000e+00  8.90418548e-03 -2.18563342e-03 -1.00452749e-04
  4.28061766e-01  6.75243695e-01 -4.96979349e-01  8.04074979e-01]","[ 0.          0.46597409 12.69452953  0.60227203 -7.31209421 -0.35800028
  0.66551435 -1.17162502]"
1749227812.0395765,"[ 0.00000000e+00  1.13382632e+00  9.91803068e-01  3.07218881e+00
 -2.26897623e+00  1.86936601e-03  9.58904041e-01  1.57321088e+00]","[ 0.00000000e+00  8.90418548e-03 -2.18563342e-03 -1.00452749e-04
  4.28061766e-01  6.75243695e-01 -4.96979349e-01  8.04074979e-01]","[ 0.          0.46597409 12.69452953  0.60227203 -7.31209421 -0.35800028
  0.66551435 -1.17162502]"
1749227812.0413263,"[ 0.00000000e+00  1.13382632e+00  9.91803068e-01  3.07218881e+00
 -2.26897623e+00  1.86936601e-03  9.58904041e-01  1.57321088e+00]","[ 0.00000000e+00  8.90418548e-03 -2.18563342e-03 -1.00452749e-04
  4.28061766e-01  6.75243695e-01 -4.96979349e-01  8.04074979e-01]","[ 0.          0.46597409 12.69452953  0.60227203 -7.31209421 -0.35800028
  0.66551435 -1.17162502]"
1749227812.0430956,"[ 0.00000000e+00  1.13382632e+00  9.91803068e-01  3.07218881e+00
 -2.26897623e+00  1.86936601e-03  9.58904041e-01  1.57321088e+00]","[ 0.00000000e+00  8.90418548e-03 -2.18563342e-03 -1.00452749e-04
  4.28061766e-01  6.75243695e-01 -4.96979349e-01  8.04074979e-01]","[ 0.          0.46597409 12.69452953  0.60227203 -7.31209421 -0.35800028
  0.66551435 -1.17162502]"
1749227812.044263,"[ 0.00000000e+00  1.13382632e+00  9.91803068e-01  3.07218881e+00
 -2.26897623e+00  1.86936601e-03  9.58904041e-01  1.57321088e+00]","[ 0.00000000e+00  8.90418548e-03 -2.18563342e-03 -1.00452749e-04
  4.28061766e-01  6.75243695e-01 -4.96979349e-01  8.04074979e-01]","[ 0.          0.46597409 12.69452953  0.60227203 -7.31209421 -0.35800028
  0.66551435 -1.17162502]"
1749227812.046006,"[ 0.00000000e+00  1.13382632e+00  9.91803068e-01  3.07218881e+00
 -2.26897623e+00  1.86936601e-03  9.58904041e-01  1.57321088e+00]","[ 0.00000000e+00  8.90418548e-03 -2.18563342e-03 -1.00452749e-04
  4.28061766e-01  6.75243695e-01 -4.96979349e-01  8.04074979e-01]","[ 0.          0.46597409 12.69452953  0.60227203 -7.31209421 -0.35800028
  0.66551435 -1.17162502]"
1749227812.0478861,"[ 0.00000000e+00  1.13382632e+00  9.91803068e-01  3.07218881e+00
 -2.26897623e+00  1.86936601e-03  9.58904041e-01  1.57321088e+00]","[ 0.00000000e+00  8.90418548e-03 -2.18563342e-03 -1.00452749e-04
  4.28061766e-01  6.75243695e-01 -4.96979349e-01  8.04074979e-01]","[ 0.          0.46597409 12.69452953  0.60227203 -7.31209421 -0.35800028
  0.66551435 -1.17162502]"
1749227812.0497377,"[ 0.00000000e+00  1.13382632e+00  9.91803068e-01  3.07218881e+00
 -2.26897623e+00  1.86936601e-03  9.58904041e-01  1.57321088e+00]","[ 0.00000000e+00  8.90418548e-03 -2.18563342e-03 -1.00452749e-04
  4.28061766e-01  6.75243695e-01 -4.96979349e-01  8.04074979e-01]","[ 0.          0.46597409 12.69452953  0.60227203 -7.31209421 -0.35800028
  0.66551435 -1.17162502]"
1749227812.0513725,"[ 0.00000000e+00  1.13382632e+00  9.91803068e-01  3.07218881e+00
 -2.26897623e+00  1.86936601e-03  9.58904041e-01  1.57321088e+00]","[ 0.00000000e+00  8.90418548e-03 -2.18563342e-03 -1.00452749e-04
  4.28061766e-01  6.75243695e-01 -4.96979349e-01  8.04074979e-01]","[ 0.          0.46597409 12.69452953  0.60227203 -7.31209421 -0.35800028
  0.66551435 -1.17162502]"
1749227812.0525062,"[ 0.00000000e+00  1.13382632e+00  9.91803068e-01  3.07218881e+00
 -2.26897623e+00  1.86936601e-03  9.58904041e-01  1.57321088e+00]","[ 0.00000000e+00  8.90418548e-03 -2.18563342e-03 -1.00452749e-04
  4.28061766e-01  6.75243695e-01 -4.96979349e-01  8.04074979e-01]","[ 0.          0.46597409 12.69452953  0.60227203 -7.31209421 -0.35800028
  0.66551435 -1.17162502]"
1749227812.0542684,"[ 0.00000000e+00  1.13382632e+00  9.91803068e-01  3.07218881e+00
 -2.26897623e+00  1.86936601e-03  9.58904041e-01  1.57321088e+00]","[ 0.00000000e+00  8.90418548e-03 -2.18563342e-03 -1.00452749e-04
  4.28061766e-01  6.75243695e-01 -4.96979349e-01  8.04074979e-01]","[ 0.          0.46597409 12.69452953  0.60227203 -7.31209421 -0.35800028
  0.66551435 -1.17162502]"
1749227812.0560184,"[ 0.00000000e+00  1.13382632e+00  9.91803068e-01  3.07218881e+00
 -2.26897623e+00  1.86936601e-03  9.58904041e-01  1.57321088e+00]","[ 0.00000000e+00  8.90418548e-03 -2.18563342e-03 -1.00452749e-04
  4.28061766e-01  6.75243695e-01 -4.96979349e-01  8.04074979e-01]","[ 0.          0.46597409 12.69452953  0.60227203 -7.31209421 -0.35800028
  0.66551435 -1.17162502]"
1749227812.0577211,"[ 0.00000000e+00  1.13366973e+00  9.91695610e-01  3.07217816e+00
 -2.26897623e+00  1.86936601e-03  9.58904041e-01  1.57321088e+00]","[ 0.00000000e+00 -1.00307380e-02 -5.22188413e-03 -1.32474482e-04
  4.28061766e-01  6.75243695e-01 -4.96979349e-01  8.04074979e-01]","[ 0.         -1.01239276 13.09212685 -0.12700966 -7.31209421 -0.35800028
  0.66551435 -1.17162502]"
1749227812.0594335,"[ 0.00000000e+00  1.13366973e+00  9.91695610e-01  3.07217816e+00
 -2.26897623e+00  1.86936601e-03  9.58904041e-01  1.57321088e+00]","[ 0.00000000e+00 -1.00307380e-02 -5.22188413e-03 -1.32474482e-04
  4.28061766e-01  6.75243695e-01 -4.96979349e-01  8.04074979e-01]","[ 0.         -1.01239276 13.09212685 -0.12700966 -7.31209421 -0.35800028
  0.66551435 -1.17162502]"
1749227812.0612261,"[ 0.00000000e+00  1.13366973e+00  9.91695610e-01  3.07217816e+00
 -2.26897623e+00  1.86936601e-03  9.58904041e-01  1.57321088e+00]","[ 0.00000000e+00 -1.00307380e-02 -5.22188413e-03 -1.32474482e-04
  4.28061766e-01  6.75243695e-01 -4.96979349e-01  8.04074979e-01]","[ 0.         -1.01239276 13.09212685 -0.12700966 -7.31209421 -0.35800028
  0.66551435 -1.17162502]"
1749227812.0623395,"[ 0.00000000e+00  1.13366973e+00  9.91695610e-01  3.07217816e+00
 -2.26897623e+00  1.86936601e-03  9.58904041e-01  1.57321088e+00]","[ 0.00000000e+00 -1.00307380e-02 -5.22188413e-03 -1.32474482e-04
  4.28061766e-01  6.75243695e-01 -4.96979349e-01  8.04074979e-01]","[ 0.         -1.01239276 13.09212685 -0.12700966 -7.31209421 -0.35800028
  0.66551435 -1.17162502]"
1749227812.0641134,"[ 0.00000000e+00  1.13366973e+00  9.91695610e-01  3.07217816e+00
 -2.26897623e+00  1.86936601e-03  9.58904041e-01  1.57321088e+00]","[ 0.00000000e+00 -1.00307380e-02 -5.22188413e-03 -1.32474482e-04
  4.28061766e-01  6.75243695e-01 -4.96979349e-01  8.04074979e-01]","[ 0.         -1.01239276 13.09212685 -0.12700966 -7.31209421 -0.35800028
  0.66551435 -1.17162502]"
1749227812.065924,"[ 0.00000000e+00  1.13366973e+00  9.91695610e-01  3.07217816e+00
 -2.26897623e+00  1.86936601e-03  9.58904041e-01  1.57321088e+00]","[ 0.00000000e+00 -1.00307380e-02 -5.22188413e-03 -1.32474482e-04
  4.28061766e-01  6.75243695e-01 -4.96979349e-01  8.04074979e-01]","[ 0.         -1.01239276 13.09212685 -0.12700966 -7.31209421 -0.35800028
  0.66551435 -1.17162502]"
1749227812.067117,"[ 0.00000000e+00  1.13366973e+00  9.91695610e-01  3.07217816e+00
 -2.26897623e+00  1.86936601e-03  9.58904041e-01  1.57321088e+00]","[ 0.00000000e+00 -1.00307380e-02 -5.22188413e-03 -1.32474482e-04
  4.28061766e-01  6.75243695e-01 -4.96979349e-01  8.04074979e-01]","[ 0.         -1.01239276 13.09212685 -0.12700966 -7.31209421 -0.35800028
  0.66551435 -1.17162502]"
1749227812.0689216,"[ 0.00000000e+00  1.13366973e+00  9.91695610e-01  3.07217816e+00
 -2.26897623e+00  1.86936601e-03  9.58904041e-01  1.57321088e+00]","[ 0.00000000e+00 -1.00307380e-02 -5.22188413e-03 -1.32474482e-04
  4.28061766e-01  6.75243695e-01 -4.96979349e-01  8.04074979e-01]","[ 0.         -1.01239276 13.09212685 -0.12700966 -7.31209421 -0.35800028
  0.66551435 -1.17162502]"
1749227812.0712922,"[ 0.00000000e+00  1.13366973e+00  9.91695610e-01  3.07217816e+00
 -2.26897623e+00  1.86936601e-03  9.58904041e-01  1.57321088e+00]","[ 0.00000000e+00 -1.00307380e-02 -5.22188413e-03 -1.32474482e-04
  4.28061766e-01  6.75243695e-01 -4.96979349e-01  8.04074979e-01]","[ 0.         -1.01239276 13.09212685 -0.12700966 -7.31209421 -0.35800028
  0.66551435 -1.17162502]"
1749227812.0724978,"[ 0.00000000e+00  1.13366973e+00  9.91695610e-01  3.07217816e+00
 -2.26897623e+00  1.86936601e-03  9.58904041e-01  1.57321088e+00]","[ 0.00000000e+00 -1.00307380e-02 -5.22188413e-03 -1.32474482e-04
  4.28061766e-01  6.75243695e-01 -4.96979349e-01  8.04074979e-01]","[ 0.         -1.01239276 13.09212685 -0.12700966 -7.31209421 -0.35800028
  0.66551435 -1.17162502]"
1749227812.0742621,"[ 0.00000000e+00  1.13366973e+00  9.91695610e-01  3.07217816e+00
 -2.26897623e+00  1.86936601e-03  9.58904041e-01  1.57321088e+00]","[ 0.00000000e+00 -1.00307380e-02 -5.22188413e-03 -1.32474482e-04
  4.28061766e-01  6.75243695e-01 -4.96979349e-01  8.04074979e-01]","[ 0.         -1.01239276 13.09212685 -0.12700966 -7.31209421 -0.35800028
  0.66551435 -1.17162502]"
1749227812.07542,"[ 0.00000000e+00  1.13366973e+00  9.91695610e-01  3.07217816e+00
 -2.26897623e+00  1.86936601e-03  9.58904041e-01  1.57321088e+00]","[ 0.00000000e+00 -1.00307380e-02 -5.22188413e-03 -1.32474482e-04
  4.28061766e-01  6.75243695e-01 -4.96979349e-01  8.04074979e-01]","[ 0.         -1.01239276 13.09212685 -0.12700966 -7.31209421 -0.35800028
  0.66551435 -1.17162502]"
1749227812.0778801,"[ 0.00000000e+00  1.13366973e+00  9.91695610e-01  3.07217816e+00
 -2.26897623e+00  1.86936601e-03  9.58904041e-01  1.57321088e+00]","[ 0.00000000e+00 -1.00307380e-02 -5.22188413e-03 -1.32474482e-04
  4.28061766e-01  6.75243695e-01 -4.96979349e-01  8.04074979e-01]","[ 0.         -1.01239276 13.09212685 -0.12700966 -7.31209421 -0.35800028
  0.66551435 -1.17162502]"
1749227812.0789492,"[ 0.00000000e+00  1.13366973e+00  9.91695610e-01  3.07217816e+00
 -2.26897623e+00  1.86936601e-03  9.58904041e-01  1.57321088e+00]","[ 0.00000000e+00 -1.00307380e-02 -5.22188413e-03 -1.32474482e-04
  4.28061766e-01  6.75243695e-01 -4.96979349e-01  8.04074979e-01]","[ 0.         -1.01239276 13.09212685 -0.12700966 -7.31209421 -0.35800028
  0.66551435 -1.17162502]"
1749227812.080692,"[ 0.00000000e+00  1.13366973e+00  9.91695610e-01  3.07217816e+00
 -2.26897623e+00  1.86936601e-03  9.58904041e-01  1.57321088e+00]","[ 0.00000000e+00 -1.00307380e-02 -5.22188413e-03 -1.32474482e-04
  4.28061766e-01  6.75243695e-01 -4.96979349e-01  8.04074979e-01]","[ 0.         -1.01239276 13.09212685 -0.12700966 -7.31209421 -0.35800028
  0.66551435 -1.17162502]"
1749227812.082435,"[ 0.00000000e+00  1.13366973e+00  9.91695610e-01  3.07217816e+00
 -2.26897623e+00  1.86936601e-03  9.58904041e-01  1.57321088e+00]","[ 0.00000000e+00 -1.00307380e-02 -5.22188413e-03 -1.32474482e-04
  4.28061766e-01  6.75243695e-01 -4.96979349e-01  8.04074979e-01]","[ 0.         -1.01239276 13.09212685 -0.12700966 -7.31209421 -0.35800028
  0.66551435 -1.17162502]"
1749227812.0842,"[ 0.00000000e+00  1.13366973e+00  9.91695610e-01  3.07217816e+00
 -2.26897623e+00  1.86936601e-03  9.58904041e-01  1.57321088e+00]","[ 0.00000000e+00 -1.00307380e-02 -5.22188413e-03 -1.32474482e-04
  4.28061766e-01  6.75243695e-01 -4.96979349e-01  8.04074979e-01]","[ 0.         -1.01239276 13.09212685 -0.12700966 -7.31209421 -0.35800028
  0.66551435 -1.17162502]"
1749227812.0854497,"[ 0.00000000e+00  1.13366973e+00  9.91695610e-01  3.07217816e+00
 -2.26897623e+00  1.86936601e-03  9.58904041e-01  1.57321088e+00]","[ 0.00000000e+00 -1.00307380e-02 -5.22188413e-03 -1.32474482e-04
  4.28061766e-01  6.75243695e-01 -4.96979349e-01  8.04074979e-01]","[ 0.         -1.01239276 13.09212685 -0.12700966 -7.31209421 -0.35800028
  0.66551435 -1.17162502]"
1749227812.086997,"[ 0.00000000e+00  1.13366973e+00  9.91695610e-01  3.07217816e+00
 -2.26897623e+00  1.86936601e-03  9.58904041e-01  1.57321088e+00]","[ 0.00000000e+00 -1.00307380e-02 -5.22188413e-03 -1.32474482e-04
  4.28061766e-01  6.75243695e-01 -4.96979349e-01  8.04074979e-01]","[ 0.         -1.01239276 13.09212685 -0.12700966 -7.31209421 -0.35800028
  0.66551435 -1.17162502]"
1749227812.0888448,"[ 0.00000000e+00  1.13366973e+00  9.91695610e-01  3.07217816e+00
 -2.26897623e+00  1.86936601e-03  9.58904041e-01  1.57321088e+00]","[ 0.00000000e+00 -1.00307380e-02 -5.22188413e-03 -1.32474482e-04
  4.28061766e-01  6.75243695e-01 -4.96979349e-01  8.04074979e-01]","[ 0.         -1.01239276 13.09212685 -0.12700966 -7.31209421 -0.35800028
  0.66551435 -1.17162502]"
1749227812.0905461,"[ 0.00000000e+00  1.13366973e+00  9.91695610e-01  3.07217816e+00
 -2.26897623e+00  1.86936601e-03  9.58904041e-01  1.57321088e+00]","[ 0.00000000e+00 -1.00307380e-02 -5.22188413e-03 -1.32474482e-04
  4.28061766e-01  6.75243695e-01 -4.96979349e-01  8.04074979e-01]","[ 0.         -1.01239276 13.09212685 -0.12700966 -7.31209421 -0.35800028
  0.66551435 -1.17162502]"
1749227812.0924573,"[ 0.00000000e+00  1.13366973e+00  9.91695610e-01  3.07217816e+00
 -2.26897623e+00  1.86936601e-03  9.58904041e-01  1.57321088e+00]","[ 0.00000000e+00 -1.00307380e-02 -5.22188413e-03 -1.32474482e-04
  4.28061766e-01  6.75243695e-01 -4.96979349e-01  8.04074979e-01]","[ 0.         -1.01239276 13.09212685 -0.12700966 -7.31209421 -0.35800028
  0.66551435 -1.17162502]"
1749227812.0934184,"[ 0.00000000e+00  1.13366973e+00  9.91695610e-01  3.07217816e+00
 -2.26897623e+00  1.86936601e-03  9.58904041e-01  1.57321088e+00]","[ 0.00000000e+00 -1.00307380e-02 -5.22188413e-03 -1.32474482e-04
  4.28061766e-01  6.75243695e-01 -4.96979349e-01  8.04074979e-01]","[ 0.         -1.01239276 13.09212685 -0.12700966 -7.31209421 -0.35800028
  0.66551435 -1.17162502]"
1749227812.0951567,"[ 0.00000000e+00  1.13366973e+00  9.91695610e-01  3.07217816e+00
 -2.26897623e+00  1.86936601e-03  9.58904041e-01  1.57321088e+00]","[ 0.00000000e+00 -1.00307380e-02 -5.22188413e-03 -1.32474482e-04
  4.28061766e-01  6.75243695e-01 -4.96979349e-01  8.04074979e-01]","[ 0.         -1.01239276 13.09212685 -0.12700966 -7.31209421 -0.35800028
  0.66551435 -1.17162502]"
1749227812.096831,"[ 0.00000000e+00  1.13366973e+00  9.91695610e-01  3.07217816e+00
 -2.26897623e+00  1.86936601e-03  9.58904041e-01  1.57321088e+00]","[ 0.00000000e+00 -1.00307380e-02 -5.22188413e-03 -1.32474482e-04
  4.28061766e-01  6.75243695e-01 -4.96979349e-01  8.04074979e-01]","[ 0.         -1.01239276 13.09212685 -0.12700966 -7.31209421 -0.35800028
  0.66551435 -1.17162502]"
1749227812.0985768,"[ 0.00000000e+00  1.13366973e+00  9.91695610e-01  3.07217816e+00
 -2.26897623e+00  1.86936601e-03  9.58904041e-01  1.57321088e+00]","[ 0.00000000e+00 -1.00307380e-02 -5.22188413e-03 -1.32474482e-04
  4.28061766e-01  6.75243695e-01 -4.96979349e-01  8.04074979e-01]","[ 0.         -1.01239276 13.09212685 -0.12700966 -7.31209421 -0.35800028
  0.66551435 -1.17162502]"
1749227812.1004267,"[ 0.00000000e+00  1.13366973e+00  9.91695610e-01  3.07217816e+00
 -2.26897623e+00  1.86936601e-03  9.58904041e-01  1.57321088e+00]","[ 0.00000000e+00 -1.00307380e-02 -5.22188413e-03 -1.32474482e-04
  4.28061766e-01  6.75243695e-01 -4.96979349e-01  8.04074979e-01]","[ 0.         -1.01239276 13.09212685 -0.12700966 -7.31209421 -0.35800028
  0.66551435 -1.17162502]"
1749227812.1013854,"[ 0.00000000e+00  1.13366973e+00  9.91695610e-01  3.07217816e+00
 -2.26897623e+00  1.86936601e-03  9.58904041e-01  1.57321088e+00]","[ 0.00000000e+00 -1.00307380e-02 -5.22188413e-03 -1.32474482e-04
  4.28061766e-01  6.75243695e-01 -4.96979349e-01  8.04074979e-01]","[ 0.         -1.01239276 13.09212685 -0.12700966 -7.31209421 -0.35800028
  0.66551435 -1.17162502]"
1749227812.1030593,"[ 0.00000000e+00  1.13366973e+00  9.91695610e-01  3.07217816e+00
 -2.26897623e+00  1.86936601e-03  9.58904041e-01  1.57321088e+00]","[ 0.00000000e+00 -1.00307380e-02 -5.22188413e-03 -1.32474482e-04
  4.28061766e-01  6.75243695e-01 -4.96979349e-01  8.04074979e-01]","[ 0.         -1.01239276 13.09212685 -0.12700966 -7.31209421 -0.35800028
  0.66551435 -1.17162502]"
1749227812.1047525,"[ 0.00000000e+00  1.13366973e+00  9.91695610e-01  3.07217816e+00
 -2.26897623e+00  1.86936601e-03  9.58904041e-01  1.57321088e+00]","[ 0.00000000e+00 -1.00307380e-02 -5.22188413e-03 -1.32474482e-04
  4.28061766e-01  6.75243695e-01 -4.96979349e-01  8.04074979e-01]","[ 0.         -1.01239276 13.09212685 -0.12700966 -7.31209421 -0.35800028
  0.66551435 -1.17162502]"
1749227812.1059487,"[ 0.00000000e+00  1.13366973e+00  9.91695610e-01  3.07217816e+00
 -2.26897623e+00  1.86936601e-03  9.58904041e-01  1.57321088e+00]","[ 0.00000000e+00 -1.00307380e-02 -5.22188413e-03 -1.32474482e-04
  4.28061766e-01  6.75243695e-01 -4.96979349e-01  8.04074979e-01]","[ 0.         -1.01239276 13.09212685 -0.12700966 -7.31209421 -0.35800028
  0.66551435 -1.17162502]"
1749227812.1077278,"[ 0.00000000e+00  1.13304375e+00  9.91525234e-01  3.07215765e+00
 -2.26897623e+00  1.86936601e-03  9.58904041e-01  1.57321088e+00]","[ 0.00000000e+00 -1.08038994e-02 -1.36196282e-03 -4.04092823e-04
  4.28061766e-01  6.75243695e-01 -4.96979349e-01  8.04074979e-01]","[ 0.         -0.23565358 13.17084885  0.23532324 -7.31209421 -0.35800028
  0.66551435 -1.17162502]"
1749227812.1094131,"[ 0.00000000e+00  1.13304375e+00  9.91525234e-01  3.07215765e+00
 -2.26897623e+00  1.86936601e-03  9.58904041e-01  1.57321088e+00]","[ 0.00000000e+00 -1.08038994e-02 -1.36196282e-03 -4.04092823e-04
  4.28061766e-01  6.75243695e-01 -4.96979349e-01  8.04074979e-01]","[ 0.         -0.23565358 13.17084885  0.23532324 -7.31209421 -0.35800028
  0.66551435 -1.17162502]"
1749227812.1111379,"[ 0.00000000e+00  1.13304375e+00  9.91525234e-01  3.07215765e+00
 -2.26897623e+00  1.86936601e-03  9.58904041e-01  1.57321088e+00]","[ 0.00000000e+00 -1.08038994e-02 -1.36196282e-03 -4.04092823e-04
  4.28061766e-01  6.75243695e-01 -4.96979349e-01  8.04074979e-01]","[ 0.         -0.23565358 13.17084885  0.23532324 -7.31209421 -0.35800028
  0.66551435 -1.17162502]"
1749227812.1129177,"[ 0.00000000e+00  1.13304375e+00  9.91525234e-01  3.07215765e+00
 -2.26897623e+00  1.86936601e-03  9.58904041e-01  1.57321088e+00]","[ 0.00000000e+00 -1.08038994e-02 -1.36196282e-03 -4.04092823e-04
  4.28061766e-01  6.75243695e-01 -4.96979349e-01  8.04074979e-01]","[ 0.         -0.23565358 13.17084885  0.23532324 -7.31209421 -0.35800028
  0.66551435 -1.17162502]"
1749227812.1140823,"[ 0.00000000e+00  1.13304375e+00  9.91525234e-01  3.07215765e+00
 -2.26897623e+00  1.86936601e-03  9.58904041e-01  1.57321088e+00]","[ 0.00000000e+00 -1.08038994e-02 -1.36196282e-03 -4.04092823e-04
  4.28061766e-01  6.75243695e-01 -4.96979349e-01  8.04074979e-01]","[ 0.         -0.23565358 13.17084885  0.23532324 -7.31209421 -0.35800028
  0.66551435 -1.17162502]"
1749227812.115821,"[ 0.00000000e+00  1.13304375e+00  9.91525234e-01  3.07215765e+00
 -2.26897623e+00  1.86936601e-03  9.58904041e-01  1.57321088e+00]","[ 0.00000000e+00 -1.08038994e-02 -1.36196282e-03 -4.04092823e-04
  4.28061766e-01  6.75243695e-01 -4.96979349e-01  8.04074979e-01]","[ 0.         -0.23565358 13.17084885  0.23532324 -7.31209421 -0.35800028
  0.66551435 -1.17162502]"
1749227812.1175015,"[ 0.00000000e+00  1.13304375e+00  9.91525234e-01  3.07215765e+00
 -2.26897623e+00  1.86936601e-03  9.58904041e-01  1.57321088e+00]","[ 0.00000000e+00 -1.08038994e-02 -1.36196282e-03 -4.04092823e-04
  4.28061766e-01  6.75243695e-01 -4.96979349e-01  8.04074979e-01]","[ 0.         -0.23565358 13.17084885  0.23532324 -7.31209421 -0.35800028
  0.66551435 -1.17162502]"
1749227812.119184,"[ 0.00000000e+00  1.13304375e+00  9.91525234e-01  3.07215765e+00
 -2.26897623e+00  1.86936601e-03  9.58904041e-01  1.57321088e+00]","[ 0.00000000e+00 -1.08038994e-02 -1.36196282e-03 -4.04092823e-04
  4.28061766e-01  6.75243695e-01 -4.96979349e-01  8.04074979e-01]","[ 0.         -0.23565358 13.17084885  0.23532324 -7.31209421 -0.35800028
  0.66551435 -1.17162502]"
1749227812.1209126,"[ 0.00000000e+00  1.13304375e+00  9.91525234e-01  3.07215765e+00
 -2.26897623e+00  1.86936601e-03  9.58904041e-01  1.57321088e+00]","[ 0.00000000e+00 -1.08038994e-02 -1.36196282e-03 -4.04092823e-04
  4.28061766e-01  6.75243695e-01 -4.96979349e-01  8.04074979e-01]","[ 0.         -0.23565358 13.17084885  0.23532324 -7.31209421 -0.35800028
  0.66551435 -1.17162502]"
1749227812.122638,"[ 0.00000000e+00  1.13304375e+00  9.91525234e-01  3.07215765e+00
 -2.26897623e+00  1.86936601e-03  9.58904041e-01  1.57321088e+00]","[ 0.00000000e+00 -1.08038994e-02 -1.36196282e-03 -4.04092823e-04
  4.28061766e-01  6.75243695e-01 -4.96979349e-01  8.04074979e-01]","[ 0.         -0.23565358 13.17084885  0.23532324 -7.31209421 -0.35800028
  0.66551435 -1.17162502]"
1749227812.1238546,"[ 0.00000000e+00  1.13304375e+00  9.91525234e-01  3.07215765e+00
 -2.26897623e+00  1.86936601e-03  9.58904041e-01  1.57321088e+00]","[ 0.00000000e+00 -1.08038994e-02 -1.36196282e-03 -4.04092823e-04
  4.28061766e-01  6.75243695e-01 -4.96979349e-01  8.04074979e-01]","[ 0.         -0.23565358 13.17084885  0.23532324 -7.31209421 -0.35800028
  0.66551435 -1.17162502]"
1749227812.1256635,"[ 0.00000000e+00  1.13304375e+00  9.91525234e-01  3.07215765e+00
 -2.26897623e+00  1.86936601e-03  9.58904041e-01  1.57321088e+00]","[ 0.00000000e+00 -1.08038994e-02 -1.36196282e-03 -4.04092823e-04
  4.28061766e-01  6.75243695e-01 -4.96979349e-01  8.04074979e-01]","[ 0.         -0.23565358 13.17084885  0.23532324 -7.31209421 -0.35800028
  0.66551435 -1.17162502]"
1749227812.127399,"[ 0.00000000e+00  1.13304375e+00  9.91525234e-01  3.07215765e+00
 -2.26897623e+00  1.86936601e-03  9.58904041e-01  1.57321088e+00]","[ 0.00000000e+00 -1.08038994e-02 -1.36196282e-03 -4.04092823e-04
  4.28061766e-01  6.75243695e-01 -4.96979349e-01  8.04074979e-01]","[ 0.         -0.23565358 13.17084885  0.23532324 -7.31209421 -0.35800028
  0.66551435 -1.17162502]"
1749227812.12858,"[ 0.00000000e+00  1.13304375e+00  9.91525234e-01  3.07215765e+00
 -2.26897623e+00  1.86936601e-03  9.58904041e-01  1.57321088e+00]","[ 0.00000000e+00 -1.08038994e-02 -1.36196282e-03 -4.04092823e-04
  4.28061766e-01  6.75243695e-01 -4.96979349e-01  8.04074979e-01]","[ 0.         -0.23565358 13.17084885  0.23532324 -7.31209421 -0.35800028
  0.66551435 -1.17162502]"
1749227812.1302845,"[ 0.00000000e+00  1.13304375e+00  9.91525234e-01  3.07215765e+00
 -2.26897623e+00  1.86936601e-03  9.58904041e-01  1.57321088e+00]","[ 0.00000000e+00 -1.08038994e-02 -1.36196282e-03 -4.04092823e-04
  4.28061766e-01  6.75243695e-01 -4.96979349e-01  8.04074979e-01]","[ 0.         -0.23565358 13.17084885  0.23532324 -7.31209421 -0.35800028
  0.66551435 -1.17162502]"
1749227812.1319885,"[ 0.00000000e+00  1.13304375e+00  9.91525234e-01  3.07215765e+00
 -2.26897623e+00  1.86936601e-03  9.58904041e-01  1.57321088e+00]","[ 0.00000000e+00 -1.08038994e-02 -1.36196282e-03 -4.04092823e-04
  4.28061766e-01  6.75243695e-01 -4.96979349e-01  8.04074979e-01]","[ 0.         -0.23565358 13.17084885  0.23532324 -7.31209421 -0.35800028
  0.66551435 -1.17162502]"
1749227812.1332097,"[ 0.00000000e+00  1.13304375e+00  9.91525234e-01  3.07215765e+00
 -2.26897623e+00  1.86936601e-03  9.58904041e-01  1.57321088e+00]","[ 0.00000000e+00 -1.08038994e-02 -1.36196282e-03 -4.04092823e-04
  4.28061766e-01  6.75243695e-01 -4.96979349e-01  8.04074979e-01]","[ 0.         -0.23565358 13.17084885  0.23532324 -7.31209421 -0.35800028
  0.66551435 -1.17162502]"
1749227812.134791,"[ 0.00000000e+00  1.13304375e+00  9.91525234e-01  3.07215765e+00
 -2.26897623e+00  1.86936601e-03  9.58904041e-01  1.57321088e+00]","[ 0.00000000e+00 -1.08038994e-02 -1.36196282e-03 -4.04092823e-04
  4.28061766e-01  6.75243695e-01 -4.96979349e-01  8.04074979e-01]","[ 0.         -0.23565358 13.17084885  0.23532324 -7.31209421 -0.35800028
  0.66551435 -1.17162502]"
1749227812.136,"[ 0.00000000e+00  1.13304375e+00  9.91525234e-01  3.07215765e+00
 -2.26897623e+00  1.86936601e-03  9.58904041e-01  1.57321088e+00]","[ 0.00000000e+00 -1.08038994e-02 -1.36196282e-03 -4.04092823e-04
  4.28061766e-01  6.75243695e-01 -4.96979349e-01  8.04074979e-01]","[ 0.         -0.23565358 13.17084885  0.23532324 -7.31209421 -0.35800028
  0.66551435 -1.17162502]"
1749227812.13771,"[ 0.00000000e+00  1.13304375e+00  9.91525234e-01  3.07215765e+00
 -2.26897623e+00  1.86936601e-03  9.58904041e-01  1.57321088e+00]","[ 0.00000000e+00 -1.08038994e-02 -1.36196282e-03 -4.04092823e-04
  4.28061766e-01  6.75243695e-01 -4.96979349e-01  8.04074979e-01]","[ 0.         -0.23565358 13.17084885  0.23532324 -7.31209421 -0.35800028
  0.66551435 -1.17162502]"
1749227812.1394105,"[ 0.00000000e+00  1.13304375e+00  9.91525234e-01  3.07215765e+00
 -2.26897623e+00  1.86936601e-03  9.58904041e-01  1.57321088e+00]","[ 0.00000000e+00 -1.08038994e-02 -1.36196282e-03 -4.04092823e-04
  4.28061766e-01  6.75243695e-01 -4.96979349e-01  8.04074979e-01]","[ 0.         -0.23565358 13.17084885  0.23532324 -7.31209421 -0.35800028
  0.66551435 -1.17162502]"
1749227812.1406112,"[ 0.00000000e+00  1.13304375e+00  9.91525234e-01  3.07215765e+00
 -2.26897623e+00  1.86936601e-03  9.58904041e-01  1.57321088e+00]","[ 0.00000000e+00 -1.08038994e-02 -1.36196282e-03 -4.04092823e-04
  4.28061766e-01  6.75243695e-01 -4.96979349e-01  8.04074979e-01]","[ 0.         -0.23565358 13.17084885  0.23532324 -7.31209421 -0.35800028
  0.66551435 -1.17162502]"
1749227812.142311,"[ 0.00000000e+00  1.13304375e+00  9.91525234e-01  3.07215765e+00
 -2.26897623e+00  1.86936601e-03  9.58904041e-01  1.57321088e+00]","[ 0.00000000e+00 -1.08038994e-02 -1.36196282e-03 -4.04092823e-04
  4.28061766e-01  6.75243695e-01 -4.96979349e-01  8.04074979e-01]","[ 0.         -0.23565358 13.17084885  0.23532324 -7.31209421 -0.35800028
  0.66551435 -1.17162502]"
1749227812.1440692,"[ 0.00000000e+00  1.13304375e+00  9.91525234e-01  3.07215765e+00
 -2.26897623e+00  1.86936601e-03  9.58904041e-01  1.57321088e+00]","[ 0.00000000e+00 -1.08038994e-02 -1.36196282e-03 -4.04092823e-04
  4.28061766e-01  6.75243695e-01 -4.96979349e-01  8.04074979e-01]","[ 0.         -0.23565358 13.17084885  0.23532324 -7.31209421 -0.35800028
  0.66551435 -1.17162502]"
1749227812.1458714,"[ 0.00000000e+00  1.13304375e+00  9.91525234e-01  3.07215765e+00
 -2.26897623e+00  1.86936601e-03  9.58904041e-01  1.57321088e+00]","[ 0.00000000e+00 -1.08038994e-02 -1.36196282e-03 -4.04092823e-04
  4.28061766e-01  6.75243695e-01 -4.96979349e-01  8.04074979e-01]","[ 0.         -0.23565358 13.17084885  0.23532324 -7.31209421 -0.35800028
  0.66551435 -1.17162502]"
1749227812.1471412,"[ 0.00000000e+00  1.13304375e+00  9.91525234e-01  3.07215765e+00
 -2.26897623e+00  1.86936601e-03  9.58904041e-01  1.57321088e+00]","[ 0.00000000e+00 -1.08038994e-02 -1.36196282e-03 -4.04092823e-04
  4.28061766e-01  6.75243695e-01 -4.96979349e-01  8.04074979e-01]","[ 0.         -0.23565358 13.17084885  0.23532324 -7.31209421 -0.35800028
  0.66551435 -1.17162502]"
1749227812.1487954,"[ 0.00000000e+00  1.13304375e+00  9.91525234e-01  3.07215765e+00
 -2.26897623e+00  1.86936601e-03  9.58904041e-01  1.57321088e+00]","[ 0.00000000e+00 -1.08038994e-02 -1.36196282e-03 -4.04092823e-04
  4.28061766e-01  6.75243695e-01 -4.96979349e-01  8.04074979e-01]","[ 0.         -0.23565358 13.17084885  0.23532324 -7.31209421 -0.35800028
  0.66551435 -1.17162502]"
1749227812.1500127,"[ 0.00000000e+00  1.13304375e+00  9.91525234e-01  3.07215765e+00
 -2.26897623e+00  1.86936601e-03  9.58904041e-01  1.57321088e+00]","[ 0.00000000e+00 -1.08038994e-02 -1.36196282e-03 -4.04092823e-04
  4.28061766e-01  6.75243695e-01 -4.96979349e-01  8.04074979e-01]","[ 0.         -0.23565358 13.17084885  0.23532324 -7.31209421 -0.35800028
  0.66551435 -1.17162502]"
1749227812.1517754,"[ 0.00000000e+00  1.13304375e+00  9.91525234e-01  3.07215765e+00
 -2.26897623e+00  1.86936601e-03  9.58904041e-01  1.57321088e+00]","[ 0.00000000e+00 -1.08038994e-02 -1.36196282e-03 -4.04092823e-04
  4.28061766e-01  6.75243695e-01 -4.96979349e-01  8.04074979e-01]","[ 0.         -0.23565358 13.17084885  0.23532324 -7.31209421 -0.35800028
  0.66551435 -1.17162502]"
1749227812.153631,"[ 0.00000000e+00  1.13304375e+00  9.91525234e-01  3.07215765e+00
 -2.26897623e+00  1.86936601e-03  9.58904041e-01  1.57321088e+00]","[ 0.00000000e+00 -1.08038994e-02 -1.36196282e-03 -4.04092823e-04
  4.28061766e-01  6.75243695e-01 -4.96979349e-01  8.04074979e-01]","[ 0.         -0.23565358 13.17084885  0.23532324 -7.31209421 -0.35800028
  0.66551435 -1.17162502]"
1749227812.1547854,"[ 0.00000000e+00  1.13304375e+00  9.91525234e-01  3.07215765e+00
 -2.26897623e+00  1.86936601e-03  9.58904041e-01  1.57321088e+00]","[ 0.00000000e+00 -1.08038994e-02 -1.36196282e-03 -4.04092823e-04
  4.28061766e-01  6.75243695e-01 -4.96979349e-01  8.04074979e-01]","[ 0.         -0.23565358 13.17084885  0.23532324 -7.31209421 -0.35800028
  0.66551435 -1.17162502]"
1749227812.156531,"[ 0.00000000e+00  1.13259567e+00  9.91475632e-01  3.07199840e+00
 -2.26897623e+00  1.86936601e-03  9.58904041e-01  1.57321088e+00]","[ 0.00000000e+00 -8.32237841e-03 -5.87689433e-04 -1.84787749e-04
  4.28061766e-01  6.75243695e-01 -4.96979349e-01  8.04074979e-01]","[ 0.         -0.26896781 13.2913866   0.174786   -7.31209421 -0.35800028
  0.66551435 -1.17162502]"
1749227812.1577327,"[ 0.00000000e+00  1.13259567e+00  9.91475632e-01  3.07199840e+00
 -2.26897623e+00  1.86936601e-03  9.58904041e-01  1.57321088e+00]","[ 0.00000000e+00 -8.32237841e-03 -5.87689433e-04 -1.84787749e-04
  4.28061766e-01  6.75243695e-01 -4.96979349e-01  8.04074979e-01]","[ 0.         -0.26896781 13.2913866   0.174786   -7.31209421 -0.35800028
  0.66551435 -1.17162502]"
1749227812.1594627,"[ 0.00000000e+00  1.13259567e+00  9.91475632e-01  3.07199840e+00
 -2.26897623e+00  1.86936601e-03  9.58904041e-01  1.57321088e+00]","[ 0.00000000e+00 -8.32237841e-03 -5.87689433e-04 -1.84787749e-04
  4.28061766e-01  6.75243695e-01 -4.96979349e-01  8.04074979e-01]","[ 0.         -0.26896781 13.2913866   0.174786   -7.31209421 -0.35800028
  0.66551435 -1.17162502]"
1749227812.1606927,"[ 0.00000000e+00  1.13259567e+00  9.91475632e-01  3.07199840e+00
 -2.26897623e+00  1.86936601e-03  9.58904041e-01  1.57321088e+00]","[ 0.00000000e+00 -8.32237841e-03 -5.87689433e-04 -1.84787749e-04
  4.28061766e-01  6.75243695e-01 -4.96979349e-01  8.04074979e-01]","[ 0.         -0.26896781 13.2913866   0.174786   -7.31209421 -0.35800028
  0.66551435 -1.17162502]"
1749227812.162427,"[ 0.00000000e+00  1.13259567e+00  9.91475632e-01  3.07199840e+00
 -2.26897623e+00  1.86936601e-03  9.58904041e-01  1.57321088e+00]","[ 0.00000000e+00 -8.32237841e-03 -5.87689433e-04 -1.84787749e-04
  4.28061766e-01  6.75243695e-01 -4.96979349e-01  8.04074979e-01]","[ 0.         -0.26896781 13.2913866   0.174786   -7.31209421 -0.35800028
  0.66551435 -1.17162502]"
1749227812.1641748,"[ 0.00000000e+00  1.13259567e+00  9.91475632e-01  3.07199840e+00
 -2.26897623e+00  1.86936601e-03  9.58904041e-01  1.57321088e+00]","[ 0.00000000e+00 -8.32237841e-03 -5.87689433e-04 -1.84787749e-04
  4.28061766e-01  6.75243695e-01 -4.96979349e-01  8.04074979e-01]","[ 0.         -0.26896781 13.2913866   0.174786   -7.31209421 -0.35800028
  0.66551435 -1.17162502]"
1749227812.1659582,"[ 0.00000000e+00  1.13259567e+00  9.91475632e-01  3.07199840e+00
 -2.26897623e+00  1.86936601e-03  9.58904041e-01  1.57321088e+00]","[ 0.00000000e+00 -8.32237841e-03 -5.87689433e-04 -1.84787749e-04
  4.28061766e-01  6.75243695e-01 -4.96979349e-01  8.04074979e-01]","[ 0.         -0.26896781 13.2913866   0.174786   -7.31209421 -0.35800028
  0.66551435 -1.17162502]"
1749227812.1677494,"[ 0.00000000e+00  1.13259567e+00  9.91475632e-01  3.07199840e+00
 -2.26897623e+00  1.86936601e-03  9.58904041e-01  1.57321088e+00]","[ 0.00000000e+00 -8.32237841e-03 -5.87689433e-04 -1.84787749e-04
  4.28061766e-01  6.75243695e-01 -4.96979349e-01  8.04074979e-01]","[ 0.         -0.26896781 13.2913866   0.174786   -7.31209421 -0.35800028
  0.66551435 -1.17162502]"
1749227812.1694984,"[ 0.00000000e+00  1.13259567e+00  9.91475632e-01  3.07199840e+00
 -2.26897623e+00  1.86936601e-03  9.58904041e-01  1.57321088e+00]","[ 0.00000000e+00 -8.32237841e-03 -5.87689433e-04 -1.84787749e-04
  4.28061766e-01  6.75243695e-01 -4.96979349e-01  8.04074979e-01]","[ 0.         -0.26896781 13.2913866   0.174786   -7.31209421 -0.35800028
  0.66551435 -1.17162502]"
1749227812.1713173,"[ 0.00000000e+00  1.13259567e+00  9.91475632e-01  3.07199840e+00
 -2.26897623e+00  1.86936601e-03  9.58904041e-01  1.57321088e+00]","[ 0.00000000e+00 -8.32237841e-03 -5.87689433e-04 -1.84787749e-04
  4.28061766e-01  6.75243695e-01 -4.96979349e-01  8.04074979e-01]","[ 0.         -0.26896781 13.2913866   0.174786   -7.31209421 -0.35800028
  0.66551435 -1.17162502]"
1749227812.1730504,"[ 0.00000000e+00  1.13259567e+00  9.91475632e-01  3.07199840e+00
 -2.26897623e+00  1.86936601e-03  9.58904041e-01  1.57321088e+00]","[ 0.00000000e+00 -8.32237841e-03 -5.87689433e-04 -1.84787749e-04
  4.28061766e-01  6.75243695e-01 -4.96979349e-01  8.04074979e-01]","[ 0.         -0.26896781 13.2913866   0.174786   -7.31209421 -0.35800028
  0.66551435 -1.17162502]"
1749227812.1741893,"[ 0.00000000e+00  1.13259567e+00  9.91475632e-01  3.07199840e+00
 -2.26897623e+00  1.86936601e-03  9.58904041e-01  1.57321088e+00]","[ 0.00000000e+00 -8.32237841e-03 -5.87689433e-04 -1.84787749e-04
  4.28061766e-01  6.75243695e-01 -4.96979349e-01  8.04074979e-01]","[ 0.         -0.26896781 13.2913866   0.174786   -7.31209421 -0.35800028
  0.66551435 -1.17162502]"
1749227812.1759865,"[ 0.00000000e+00  1.13259567e+00  9.91475632e-01  3.07199840e+00
 -2.26897623e+00  1.86936601e-03  9.58904041e-01  1.57321088e+00]","[ 0.00000000e+00 -8.32237841e-03 -5.87689433e-04 -1.84787749e-04
  4.28061766e-01  6.75243695e-01 -4.96979349e-01  8.04074979e-01]","[ 0.         -0.26896781 13.2913866   0.174786   -7.31209421 -0.35800028
  0.66551435 -1.17162502]"
1749227812.1777186,"[ 0.00000000e+00  1.13259567e+00  9.91475632e-01  3.07199840e+00
 -2.26897623e+00  1.86936601e-03  9.58904041e-01  1.57321088e+00]","[ 0.00000000e+00 -8.32237841e-03 -5.87689433e-04 -1.84787749e-04
  4.28061766e-01  6.75243695e-01 -4.96979349e-01  8.04074979e-01]","[ 0.         -0.26896781 13.2913866   0.174786   -7.31209421 -0.35800028
  0.66551435 -1.17162502]"
1749227812.1788692,"[ 0.00000000e+00  1.13259567e+00  9.91475632e-01  3.07199840e+00
 -2.26897623e+00  1.86936601e-03  9.58904041e-01  1.57321088e+00]","[ 0.00000000e+00 -8.32237841e-03 -5.87689433e-04 -1.84787749e-04
  4.28061766e-01  6.75243695e-01 -4.96979349e-01  8.04074979e-01]","[ 0.         -0.26896781 13.2913866   0.174786   -7.31209421 -0.35800028
  0.66551435 -1.17162502]"
1749227812.1806712,"[ 0.00000000e+00  1.13259567e+00  9.91475632e-01  3.07199840e+00
 -2.26897623e+00  1.86936601e-03  9.58904041e-01  1.57321088e+00]","[ 0.00000000e+00 -8.32237841e-03 -5.87689433e-04 -1.84787749e-04
  4.28061766e-01  6.75243695e-01 -4.96979349e-01  8.04074979e-01]","[ 0.         -0.26896781 13.2913866   0.174786   -7.31209421 -0.35800028
  0.66551435 -1.17162502]"
1749227812.182415,"[ 0.00000000e+00  1.13259567e+00  9.91475632e-01  3.07199840e+00
 -2.26897623e+00  1.86936601e-03  9.58904041e-01  1.57321088e+00]","[ 0.00000000e+00 -8.32237841e-03 -5.87689433e-04 -1.84787749e-04
  4.28061766e-01  6.75243695e-01 -4.96979349e-01  8.04074979e-01]","[ 0.         -0.26896781 13.2913866   0.174786   -7.31209421 -0.35800028
  0.66551435 -1.17162502]"
1749227812.1836684,"[ 0.00000000e+00  1.13259567e+00  9.91475632e-01  3.07199840e+00
 -2.26897623e+00  1.86936601e-03  9.58904041e-01  1.57321088e+00]","[ 0.00000000e+00 -8.32237841e-03 -5.87689433e-04 -1.84787749e-04
  4.28061766e-01  6.75243695e-01 -4.96979349e-01  8.04074979e-01]","[ 0.         -0.26896781 13.2913866   0.174786   -7.31209421 -0.35800028
  0.66551435 -1.17162502]"
1749227812.185395,"[ 0.00000000e+00  1.13259567e+00  9.91475632e-01  3.07199840e+00
 -2.26897623e+00  1.86936601e-03  9.58904041e-01  1.57321088e+00]","[ 0.00000000e+00 -8.32237841e-03 -5.87689433e-04 -1.84787749e-04
  4.28061766e-01  6.75243695e-01 -4.96979349e-01  8.04074979e-01]","[ 0.         -0.26896781 13.2913866   0.174786   -7.31209421 -0.35800028
  0.66551435 -1.17162502]"
1749227812.1872473,"[ 0.00000000e+00  1.13259567e+00  9.91475632e-01  3.07199840e+00
 -2.26897623e+00  1.86936601e-03  9.58904041e-01  1.57321088e+00]","[ 0.00000000e+00 -8.32237841e-03 -5.87689433e-04 -1.84787749e-04
  4.28061766e-01  6.75243695e-01 -4.96979349e-01  8.04074979e-01]","[ 0.         -0.26896781 13.2913866   0.174786   -7.31209421 -0.35800028
  0.66551435 -1.17162502]"
1749227812.1884086,"[ 0.00000000e+00  1.13259567e+00  9.91475632e-01  3.07199840e+00
 -2.26897623e+00  1.86936601e-03  9.58904041e-01  1.57321088e+00]","[ 0.00000000e+00 -8.32237841e-03 -5.87689433e-04 -1.84787749e-04
  4.28061766e-01  6.75243695e-01 -4.96979349e-01  8.04074979e-01]","[ 0.         -0.26896781 13.2913866   0.174786   -7.31209421 -0.35800028
  0.66551435 -1.17162502]"
1749227812.1901824,"[ 0.00000000e+00  1.13259567e+00  9.91475632e-01  3.07199840e+00
 -2.26897623e+00  1.86936601e-03  9.58904041e-01  1.57321088e+00]","[ 0.00000000e+00 -8.32237841e-03 -5.87689433e-04 -1.84787749e-04
  4.28061766e-01  6.75243695e-01 -4.96979349e-01  8.04074979e-01]","[ 0.         -0.26896781 13.2913866   0.174786   -7.31209421 -0.35800028
  0.66551435 -1.17162502]"
1749227812.1920006,"[ 0.00000000e+00  1.13259567e+00  9.91475632e-01  3.07199840e+00
 -2.26897623e+00  1.86936601e-03  9.58904041e-01  1.57321088e+00]","[ 0.00000000e+00 -8.32237841e-03 -5.87689433e-04 -1.84787749e-04
  4.28061766e-01  6.75243695e-01 -4.96979349e-01  8.04074979e-01]","[ 0.         -0.26896781 13.2913866   0.174786   -7.31209421 -0.35800028
  0.66551435 -1.17162502]"
1749227812.193114,"[ 0.00000000e+00  1.13259567e+00  9.91475632e-01  3.07199840e+00
 -2.26897623e+00  1.86936601e-03  9.58904041e-01  1.57321088e+00]","[ 0.00000000e+00 -8.32237841e-03 -5.87689433e-04 -1.84787749e-04
  4.28061766e-01  6.75243695e-01 -4.96979349e-01  8.04074979e-01]","[ 0.         -0.26896781 13.2913866   0.174786   -7.31209421 -0.35800028
  0.66551435 -1.17162502]"
1749227812.1949508,"[ 0.00000000e+00  1.13259567e+00  9.91475632e-01  3.07199840e+00
 -2.26897623e+00  1.86936601e-03  9.58904041e-01  1.57321088e+00]","[ 0.00000000e+00 -8.32237841e-03 -5.87689433e-04 -1.84787749e-04
  4.28061766e-01  6.75243695e-01 -4.96979349e-01  8.04074979e-01]","[ 0.         -0.26896781 13.2913866   0.174786   -7.31209421 -0.35800028
  0.66551435 -1.17162502]"
1749227812.197027,"[ 0.00000000e+00  1.13259567e+00  9.91475632e-01  3.07199840e+00
 -2.26897623e+00  1.86936601e-03  9.58904041e-01  1.57321088e+00]","[ 0.00000000e+00 -8.32237841e-03 -5.87689433e-04 -1.84787749e-04
  4.28061766e-01  6.75243695e-01 -4.96979349e-01  8.04074979e-01]","[ 0.         -0.26896781 13.2913866   0.174786   -7.31209421 -0.35800028
  0.66551435 -1.17162502]"
1749227812.1985676,"[ 0.00000000e+00  1.13259567e+00  9.91475632e-01  3.07199840e+00
 -2.26897623e+00  1.86936601e-03  9.58904041e-01  1.57321088e+00]","[ 0.00000000e+00 -8.32237841e-03 -5.87689433e-04 -1.84787749e-04
  4.28061766e-01  6.75243695e-01 -4.96979349e-01  8.04074979e-01]","[ 0.         -0.26896781 13.2913866   0.174786   -7.31209421 -0.35800028
  0.66551435 -1.17162502]"
1749227812.2002215,"[ 0.00000000e+00  1.13259567e+00  9.91475632e-01  3.07199840e+00
 -2.26897623e+00  1.86936601e-03  9.58904041e-01  1.57321088e+00]","[ 0.00000000e+00 -8.32237841e-03 -5.87689433e-04 -1.84787749e-04
  4.28061766e-01  6.75243695e-01 -4.96979349e-01  8.04074979e-01]","[ 0.         -0.26896781 13.2913866   0.174786   -7.31209421 -0.35800028
  0.66551435 -1.17162502]"
1749227812.2013693,"[ 0.00000000e+00  1.13259567e+00  9.91475632e-01  3.07199840e+00
 -2.26897623e+00  1.86936601e-03  9.58904041e-01  1.57321088e+00]","[ 0.00000000e+00 -8.32237841e-03 -5.87689433e-04 -1.84787749e-04
  4.28061766e-01  6.75243695e-01 -4.96979349e-01  8.04074979e-01]","[ 0.         -0.26896781 13.2913866   0.174786   -7.31209421 -0.35800028
  0.66551435 -1.17162502]"
1749227812.2031698,"[ 0.00000000e+00  1.13259567e+00  9.91475632e-01  3.07199840e+00
 -2.26897623e+00  1.86936601e-03  9.58904041e-01  1.57321088e+00]","[ 0.00000000e+00 -8.32237841e-03 -5.87689433e-04 -1.84787749e-04
  4.28061766e-01  6.75243695e-01 -4.96979349e-01  8.04074979e-01]","[ 0.         -0.26896781 13.2913866   0.174786   -7.31209421 -0.35800028
  0.66551435 -1.17162502]"
1749227812.204934,"[ 0.00000000e+00  1.13259567e+00  9.91475632e-01  3.07199840e+00
 -2.26897623e+00  1.86936601e-03  9.58904041e-01  1.57321088e+00]","[ 0.00000000e+00 -8.32237841e-03 -5.87689433e-04 -1.84787749e-04
  4.28061766e-01  6.75243695e-01 -4.96979349e-01  8.04074979e-01]","[ 0.         -0.26896781 13.2913866   0.174786   -7.31209421 -0.35800028
  0.66551435 -1.17162502]"
1749227812.2065907,"[ 0.00000000e+00  1.13217915e+00  9.91440279e-01  3.07198721e+00
 -2.26897623e+00  1.86936601e-03  9.58904041e-01  1.57321088e+00]","[ 0.00000000e+00 -4.23880396e-03 -5.96141133e-04 -2.56670261e-04
  4.28061766e-01  6.75243695e-01 -4.96979349e-01  8.04074979e-01]","[ 0.00000000e+00 -7.65250146e-01  1.29545288e+01  2.59461417e-03
 -7.31209421e+00 -3.58000278e-01  6.65514350e-01 -1.17162502e+00]"
1749227812.2083898,"[ 0.00000000e+00  1.13217915e+00  9.91440279e-01  3.07198721e+00
 -2.26897623e+00  1.86936601e-03  9.58904041e-01  1.57321088e+00]","[ 0.00000000e+00 -4.23880396e-03 -5.96141133e-04 -2.56670261e-04
  4.28061766e-01  6.75243695e-01 -4.96979349e-01  8.04074979e-01]","[ 0.00000000e+00 -7.65250146e-01  1.29545288e+01  2.59461417e-03
 -7.31209421e+00 -3.58000278e-01  6.65514350e-01 -1.17162502e+00]"
1749227812.2095392,"[ 0.00000000e+00  1.13217915e+00  9.91440279e-01  3.07198721e+00
 -2.26897623e+00  1.86936601e-03  9.58904041e-01  1.57321088e+00]","[ 0.00000000e+00 -4.23880396e-03 -5.96141133e-04 -2.56670261e-04
  4.28061766e-01  6.75243695e-01 -4.96979349e-01  8.04074979e-01]","[ 0.00000000e+00 -7.65250146e-01  1.29545288e+01  2.59461417e-03
 -7.31209421e+00 -3.58000278e-01  6.65514350e-01 -1.17162502e+00]"
1749227812.2117639,"[ 0.00000000e+00  1.13217915e+00  9.91440279e-01  3.07198721e+00
 -2.26897623e+00  1.86936601e-03  9.58904041e-01  1.57321088e+00]","[ 0.00000000e+00 -4.23880396e-03 -5.96141133e-04 -2.56670261e-04
  4.28061766e-01  6.75243695e-01 -4.96979349e-01  8.04074979e-01]","[ 0.00000000e+00 -7.65250146e-01  1.29545288e+01  2.59461417e-03
 -7.31209421e+00 -3.58000278e-01  6.65514350e-01 -1.17162502e+00]"
1749227812.2135441,"[ 0.00000000e+00  1.13217915e+00  9.91440279e-01  3.07198721e+00
 -2.26897623e+00  1.86936601e-03  9.58904041e-01  1.57321088e+00]","[ 0.00000000e+00 -4.23880396e-03 -5.96141133e-04 -2.56670261e-04
  4.28061766e-01  6.75243695e-01 -4.96979349e-01  8.04074979e-01]","[ 0.00000000e+00 -7.65250146e-01  1.29545288e+01  2.59461417e-03
 -7.31209421e+00 -3.58000278e-01  6.65514350e-01 -1.17162502e+00]"
1749227812.21495,"[ 0.00000000e+00  1.13217915e+00  9.91440279e-01  3.07198721e+00
 -2.26897623e+00  1.86936601e-03  9.58904041e-01  1.57321088e+00]","[ 0.00000000e+00 -4.23880396e-03 -5.96141133e-04 -2.56670261e-04
  4.28061766e-01  6.75243695e-01 -4.96979349e-01  8.04074979e-01]","[ 0.00000000e+00 -7.65250146e-01  1.29545288e+01  2.59461417e-03
 -7.31209421e+00 -3.58000278e-01  6.65514350e-01 -1.17162502e+00]"
1749227812.2164044,"[ 0.00000000e+00  1.13217915e+00  9.91440279e-01  3.07198721e+00
 -2.26897623e+00  1.86936601e-03  9.58904041e-01  1.57321088e+00]","[ 0.00000000e+00 -4.23880396e-03 -5.96141133e-04 -2.56670261e-04
  4.28061766e-01  6.75243695e-01 -4.96979349e-01  8.04074979e-01]","[ 0.00000000e+00 -7.65250146e-01  1.29545288e+01  2.59461417e-03
 -7.31209421e+00 -3.58000278e-01  6.65514350e-01 -1.17162502e+00]"
1749227812.218158,"[ 0.00000000e+00  1.13217915e+00  9.91440279e-01  3.07198721e+00
 -2.26897623e+00  1.86936601e-03  9.58904041e-01  1.57321088e+00]","[ 0.00000000e+00 -4.23880396e-03 -5.96141133e-04 -2.56670261e-04
  4.28061766e-01  6.75243695e-01 -4.96979349e-01  8.04074979e-01]","[ 0.00000000e+00 -7.65250146e-01  1.29545288e+01  2.59461417e-03
 -7.31209421e+00 -3.58000278e-01  6.65514350e-01 -1.17162502e+00]"
1749227812.2192857,"[ 0.00000000e+00  1.13217915e+00  9.91440279e-01  3.07198721e+00
 -2.26897623e+00  1.86936601e-03  9.58904041e-01  1.57321088e+00]","[ 0.00000000e+00 -4.23880396e-03 -5.96141133e-04 -2.56670261e-04
  4.28061766e-01  6.75243695e-01 -4.96979349e-01  8.04074979e-01]","[ 0.00000000e+00 -7.65250146e-01  1.29545288e+01  2.59461417e-03
 -7.31209421e+00 -3.58000278e-01  6.65514350e-01 -1.17162502e+00]"
1749227812.2211044,"[ 0.00000000e+00  1.13217915e+00  9.91440279e-01  3.07198721e+00
 -2.26897623e+00  1.86936601e-03  9.58904041e-01  1.57321088e+00]","[ 0.00000000e+00 -4.23880396e-03 -5.96141133e-04 -2.56670261e-04
  4.28061766e-01  6.75243695e-01 -4.96979349e-01  8.04074979e-01]","[ 0.00000000e+00 -7.65250146e-01  1.29545288e+01  2.59461417e-03
 -7.31209421e+00 -3.58000278e-01  6.65514350e-01 -1.17162502e+00]"
1749227812.222731,"[ 0.00000000e+00  1.13217915e+00  9.91440279e-01  3.07198721e+00
 -2.26897623e+00  1.86936601e-03  9.58904041e-01  1.57321088e+00]","[ 0.00000000e+00 -4.23880396e-03 -5.96141133e-04 -2.56670261e-04
  4.28061766e-01  6.75243695e-01 -4.96979349e-01  8.04074979e-01]","[ 0.00000000e+00 -7.65250146e-01  1.29545288e+01  2.59461417e-03
 -7.31209421e+00 -3.58000278e-01  6.65514350e-01 -1.17162502e+00]"
1749227812.2251413,"[ 0.00000000e+00  1.13217915e+00  9.91440279e-01  3.07198721e+00
 -2.26897623e+00  1.86936601e-03  9.58904041e-01  1.57321088e+00]","[ 0.00000000e+00 -4.23880396e-03 -5.96141133e-04 -2.56670261e-04
  4.28061766e-01  6.75243695e-01 -4.96979349e-01  8.04074979e-01]","[ 0.00000000e+00 -7.65250146e-01  1.29545288e+01  2.59461417e-03
 -7.31209421e+00 -3.58000278e-01  6.65514350e-01 -1.17162502e+00]"
1749227812.2268972,"[ 0.00000000e+00  1.13217915e+00  9.91440279e-01  3.07198721e+00
 -2.26897623e+00  1.86936601e-03  9.58904041e-01  1.57321088e+00]","[ 0.00000000e+00 -4.23880396e-03 -5.96141133e-04 -2.56670261e-04
  4.28061766e-01  6.75243695e-01 -4.96979349e-01  8.04074979e-01]","[ 0.00000000e+00 -7.65250146e-01  1.29545288e+01  2.59461417e-03
 -7.31209421e+00 -3.58000278e-01  6.65514350e-01 -1.17162502e+00]"
1749227812.2285895,"[ 0.00000000e+00  1.13217915e+00  9.91440279e-01  3.07198721e+00
 -2.26897623e+00  1.86936601e-03  9.58904041e-01  1.57321088e+00]","[ 0.00000000e+00 -4.23880396e-03 -5.96141133e-04 -2.56670261e-04
  4.28061766e-01  6.75243695e-01 -4.96979349e-01  8.04074979e-01]","[ 0.00000000e+00 -7.65250146e-01  1.29545288e+01  2.59461417e-03
 -7.31209421e+00 -3.58000278e-01  6.65514350e-01 -1.17162502e+00]"
1749227812.2303267,"[ 0.00000000e+00  1.13217915e+00  9.91440279e-01  3.07198721e+00
 -2.26897623e+00  1.86936601e-03  9.58904041e-01  1.57321088e+00]","[ 0.00000000e+00 -4.23880396e-03 -5.96141133e-04 -2.56670261e-04
  4.28061766e-01  6.75243695e-01 -4.96979349e-01  8.04074979e-01]","[ 0.00000000e+00 -7.65250146e-01  1.29545288e+01  2.59461417e-03
 -7.31209421e+00 -3.58000278e-01  6.65514350e-01 -1.17162502e+00]"
1749227812.232118,"[ 0.00000000e+00  1.13217915e+00  9.91440279e-01  3.07198721e+00
 -2.26897623e+00  1.86936601e-03  9.58904041e-01  1.57321088e+00]","[ 0.00000000e+00 -4.23880396e-03 -5.96141133e-04 -2.56670261e-04
  4.28061766e-01  6.75243695e-01 -4.96979349e-01  8.04074979e-01]","[ 0.00000000e+00 -7.65250146e-01  1.29545288e+01  2.59461417e-03
 -7.31209421e+00 -3.58000278e-01  6.65514350e-01 -1.17162502e+00]"
1749227812.2333353,"[ 0.00000000e+00  1.13217915e+00  9.91440279e-01  3.07198721e+00
 -2.26897623e+00  1.86936601e-03  9.58904041e-01  1.57321088e+00]","[ 0.00000000e+00 -4.23880396e-03 -5.96141133e-04 -2.56670261e-04
  4.28061766e-01  6.75243695e-01 -4.96979349e-01  8.04074979e-01]","[ 0.00000000e+00 -7.65250146e-01  1.29545288e+01  2.59461417e-03
 -7.31209421e+00 -3.58000278e-01  6.65514350e-01 -1.17162502e+00]"
1749227812.23514,"[ 0.00000000e+00  1.13217915e+00  9.91440279e-01  3.07198721e+00
 -2.26897623e+00  1.86936601e-03  9.58904041e-01  1.57321088e+00]","[ 0.00000000e+00 -4.23880396e-03 -5.96141133e-04 -2.56670261e-04
  4.28061766e-01  6.75243695e-01 -4.96979349e-01  8.04074979e-01]","[ 0.00000000e+00 -7.65250146e-01  1.29545288e+01  2.59461417e-03
 -7.31209421e+00 -3.58000278e-01  6.65514350e-01 -1.17162502e+00]"
1749227812.2363498,"[ 0.00000000e+00  1.13217915e+00  9.91440279e-01  3.07198721e+00
 -2.26897623e+00  1.86936601e-03  9.58904041e-01  1.57321088e+00]","[ 0.00000000e+00 -4.23880396e-03 -5.96141133e-04 -2.56670261e-04
  4.28061766e-01  6.75243695e-01 -4.96979349e-01  8.04074979e-01]","[ 0.00000000e+00 -7.65250146e-01  1.29545288e+01  2.59461417e-03
 -7.31209421e+00 -3.58000278e-01  6.65514350e-01 -1.17162502e+00]"
1749227812.2381194,"[ 0.00000000e+00  1.13217915e+00  9.91440279e-01  3.07198721e+00
 -2.26897623e+00  1.86936601e-03  9.58904041e-01  1.57321088e+00]","[ 0.00000000e+00 -4.23880396e-03 -5.96141133e-04 -2.56670261e-04
  4.28061766e-01  6.75243695e-01 -4.96979349e-01  8.04074979e-01]","[ 0.00000000e+00 -7.65250146e-01  1.29545288e+01  2.59461417e-03
 -7.31209421e+00 -3.58000278e-01  6.65514350e-01 -1.17162502e+00]"
1749227812.2392998,"[ 0.00000000e+00  1.13217915e+00  9.91440279e-01  3.07198721e+00
 -2.26897623e+00  1.86936601e-03  9.58904041e-01  1.57321088e+00]","[ 0.00000000e+00 -4.23880396e-03 -5.96141133e-04 -2.56670261e-04
  4.28061766e-01  6.75243695e-01 -4.96979349e-01  8.04074979e-01]","[ 0.00000000e+00 -7.65250146e-01  1.29545288e+01  2.59461417e-03
 -7.31209421e+00 -3.58000278e-01  6.65514350e-01 -1.17162502e+00]"
1749227812.2411184,"[ 0.00000000e+00  1.13217915e+00  9.91440279e-01  3.07198721e+00
 -2.26897623e+00  1.86936601e-03  9.58904041e-01  1.57321088e+00]","[ 0.00000000e+00 -4.23880396e-03 -5.96141133e-04 -2.56670261e-04
  4.28061766e-01  6.75243695e-01 -4.96979349e-01  8.04074979e-01]","[ 0.00000000e+00 -7.65250146e-01  1.29545288e+01  2.59461417e-03
 -7.31209421e+00 -3.58000278e-01  6.65514350e-01 -1.17162502e+00]"
1749227812.2430015,"[ 0.00000000e+00  1.13217915e+00  9.91440279e-01  3.07198721e+00
 -2.26897623e+00  1.86936601e-03  9.58904041e-01  1.57321088e+00]","[ 0.00000000e+00 -4.23880396e-03 -5.96141133e-04 -2.56670261e-04
  4.28061766e-01  6.75243695e-01 -4.96979349e-01  8.04074979e-01]","[ 0.00000000e+00 -7.65250146e-01  1.29545288e+01  2.59461417e-03
 -7.31209421e+00 -3.58000278e-01  6.65514350e-01 -1.17162502e+00]"
1749227812.2441423,"[ 0.00000000e+00  1.13217915e+00  9.91440279e-01  3.07198721e+00
 -2.26897623e+00  1.86936601e-03  9.58904041e-01  1.57321088e+00]","[ 0.00000000e+00 -4.23880396e-03 -5.96141133e-04 -2.56670261e-04
  4.28061766e-01  6.75243695e-01 -4.96979349e-01  8.04074979e-01]","[ 0.00000000e+00 -7.65250146e-01  1.29545288e+01  2.59461417e-03
 -7.31209421e+00 -3.58000278e-01  6.65514350e-01 -1.17162502e+00]"
1749227812.2458837,"[ 0.00000000e+00  1.13217915e+00  9.91440279e-01  3.07198721e+00
 -2.26897623e+00  1.86936601e-03  9.58904041e-01  1.57321088e+00]","[ 0.00000000e+00 -4.23880396e-03 -5.96141133e-04 -2.56670261e-04
  4.28061766e-01  6.75243695e-01 -4.96979349e-01  8.04074979e-01]","[ 0.00000000e+00 -7.65250146e-01  1.29545288e+01  2.59461417e-03
 -7.31209421e+00 -3.58000278e-01  6.65514350e-01 -1.17162502e+00]"
1749227812.2475517,"[ 0.00000000e+00  1.13217915e+00  9.91440279e-01  3.07198721e+00
 -2.26897623e+00  1.86936601e-03  9.58904041e-01  1.57321088e+00]","[ 0.00000000e+00 -4.23880396e-03 -5.96141133e-04 -2.56670261e-04
  4.28061766e-01  6.75243695e-01 -4.96979349e-01  8.04074979e-01]","[ 0.00000000e+00 -7.65250146e-01  1.29545288e+01  2.59461417e-03
 -7.31209421e+00 -3.58000278e-01  6.65514350e-01 -1.17162502e+00]"
1749227812.2493489,"[ 0.00000000e+00  1.13217915e+00  9.91440279e-01  3.07198721e+00
 -2.26897623e+00  1.86936601e-03  9.58904041e-01  1.57321088e+00]","[ 0.00000000e+00 -4.23880396e-03 -5.96141133e-04 -2.56670261e-04
  4.28061766e-01  6.75243695e-01 -4.96979349e-01  8.04074979e-01]","[ 0.00000000e+00 -7.65250146e-01  1.29545288e+01  2.59461417e-03
 -7.31209421e+00 -3.58000278e-01  6.65514350e-01 -1.17162502e+00]"
1749227812.2505152,"[ 0.00000000e+00  1.13217915e+00  9.91440279e-01  3.07198721e+00
 -2.26897623e+00  1.86936601e-03  9.58904041e-01  1.57321088e+00]","[ 0.00000000e+00 -4.23880396e-03 -5.96141133e-04 -2.56670261e-04
  4.28061766e-01  6.75243695e-01 -4.96979349e-01  8.04074979e-01]","[ 0.00000000e+00 -7.65250146e-01  1.29545288e+01  2.59461417e-03
 -7.31209421e+00 -3.58000278e-01  6.65514350e-01 -1.17162502e+00]"
1749227812.252339,"[ 0.00000000e+00  1.13217915e+00  9.91440279e-01  3.07198721e+00
 -2.26897623e+00  1.86936601e-03  9.58904041e-01  1.57321088e+00]","[ 0.00000000e+00 -4.23880396e-03 -5.96141133e-04 -2.56670261e-04
  4.28061766e-01  6.75243695e-01 -4.96979349e-01  8.04074979e-01]","[ 0.00000000e+00 -7.65250146e-01  1.29545288e+01  2.59461417e-03
 -7.31209421e+00 -3.58000278e-01  6.65514350e-01 -1.17162502e+00]"
1749227812.254097,"[ 0.00000000e+00  1.13217915e+00  9.91440279e-01  3.07198721e+00
 -2.26897623e+00  1.86936601e-03  9.58904041e-01  1.57321088e+00]","[ 0.00000000e+00 -4.23880396e-03 -5.96141133e-04 -2.56670261e-04
  4.28061766e-01  6.75243695e-01 -4.96979349e-01  8.04074979e-01]","[ 0.00000000e+00 -7.65250146e-01  1.29545288e+01  2.59461417e-03
 -7.31209421e+00 -3.58000278e-01  6.65514350e-01 -1.17162502e+00]"
1749227812.2553105,"[ 0.00000000e+00  1.13217915e+00  9.91440279e-01  3.07198721e+00
 -2.26897623e+00  1.86936601e-03  9.58904041e-01  1.57321088e+00]","[ 0.00000000e+00 -4.23880396e-03 -5.96141133e-04 -2.56670261e-04
  4.28061766e-01  6.75243695e-01 -4.96979349e-01  8.04074979e-01]","[ 0.00000000e+00 -7.65250146e-01  1.29545288e+01  2.59461417e-03
 -7.31209421e+00 -3.58000278e-01  6.65514350e-01 -1.17162502e+00]"
1749227812.2570775,"[ 0.00000000e+00  1.13195691e+00  9.91422369e-01  3.07197336e+00
 -2.26897623e+00  1.86936601e-03  9.58904041e-01  1.57321088e+00]","[ 0.00000000e+00 -2.78240725e-03 -3.61294375e-04 -2.78064316e-04
  4.28061766e-01  6.75243695e-01 -4.96979349e-01  8.04074979e-01]","[ 0.         -0.02571359 13.111063    0.3366493  -7.31209421 -0.35800028
  0.66551435 -1.17162502]"
1749227812.2588456,"[ 0.00000000e+00  1.13195691e+00  9.91422369e-01  3.07197336e+00
 -2.26897623e+00  1.86936601e-03  9.58904041e-01  1.57321088e+00]","[ 0.00000000e+00 -2.78240725e-03 -3.61294375e-04 -2.78064316e-04
  4.28061766e-01  6.75243695e-01 -4.96979349e-01  8.04074979e-01]","[ 0.         -0.02571359 13.111063    0.3366493  -7.31209421 -0.35800028
  0.66551435 -1.17162502]"
1749227812.2606077,"[ 0.00000000e+00  1.13195691e+00  9.91422369e-01  3.07197336e+00
 -2.26897623e+00  1.86936601e-03  9.58904041e-01  1.57321088e+00]","[ 0.00000000e+00 -2.78240725e-03 -3.61294375e-04 -2.78064316e-04
  4.28061766e-01  6.75243695e-01 -4.96979349e-01  8.04074979e-01]","[ 0.         -0.02571359 13.111063    0.3366493  -7.31209421 -0.35800028
  0.66551435 -1.17162502]"
1749227812.2623756,"[ 0.00000000e+00  1.13195691e+00  9.91422369e-01  3.07197336e+00
 -2.26897623e+00  1.86936601e-03  9.58904041e-01  1.57321088e+00]","[ 0.00000000e+00 -2.78240725e-03 -3.61294375e-04 -2.78064316e-04
  4.28061766e-01  6.75243695e-01 -4.96979349e-01  8.04074979e-01]","[ 0.         -0.02571359 13.111063    0.3366493  -7.31209421 -0.35800028
  0.66551435 -1.17162502]"
1749227812.2641294,"[ 0.00000000e+00  1.13195691e+00  9.91422369e-01  3.07197336e+00
 -2.26897623e+00  1.86936601e-03  9.58904041e-01  1.57321088e+00]","[ 0.00000000e+00 -2.78240725e-03 -3.61294375e-04 -2.78064316e-04
  4.28061766e-01  6.75243695e-01 -4.96979349e-01  8.04074979e-01]","[ 0.         -0.02571359 13.111063    0.3366493  -7.31209421 -0.35800028
  0.66551435 -1.17162502]"
1749227812.2660596,"[ 0.00000000e+00  1.13195691e+00  9.91422369e-01  3.07197336e+00
 -2.26897623e+00  1.86936601e-03  9.58904041e-01  1.57321088e+00]","[ 0.00000000e+00 -2.78240725e-03 -3.61294375e-04 -2.78064316e-04
  4.28061766e-01  6.75243695e-01 -4.96979349e-01  8.04074979e-01]","[ 0.         -0.02571359 13.111063    0.3366493  -7.31209421 -0.35800028
  0.66551435 -1.17162502]"
1749227812.267718,"[ 0.00000000e+00  1.13195691e+00  9.91422369e-01  3.07197336e+00
 -2.26897623e+00  1.86936601e-03  9.58904041e-01  1.57321088e+00]","[ 0.00000000e+00 -2.78240725e-03 -3.61294375e-04 -2.78064316e-04
  4.28061766e-01  6.75243695e-01 -4.96979349e-01  8.04074979e-01]","[ 0.         -0.02571359 13.111063    0.3366493  -7.31209421 -0.35800028
  0.66551435 -1.17162502]"
1749227812.2694607,"[ 0.00000000e+00  1.13195691e+00  9.91422369e-01  3.07197336e+00
 -2.26897623e+00  1.86936601e-03  9.58904041e-01  1.57321088e+00]","[ 0.00000000e+00 -2.78240725e-03 -3.61294375e-04 -2.78064316e-04
  4.28061766e-01  6.75243695e-01 -4.96979349e-01  8.04074979e-01]","[ 0.         -0.02571359 13.111063    0.3366493  -7.31209421 -0.35800028
  0.66551435 -1.17162502]"
1749227812.2712488,"[ 0.00000000e+00  1.13195691e+00  9.91422369e-01  3.07197336e+00
 -2.26897623e+00  1.86936601e-03  9.58904041e-01  1.57321088e+00]","[ 0.00000000e+00 -2.78240725e-03 -3.61294375e-04 -2.78064316e-04
  4.28061766e-01  6.75243695e-01 -4.96979349e-01  8.04074979e-01]","[ 0.         -0.02571359 13.111063    0.3366493  -7.31209421 -0.35800028
  0.66551435 -1.17162502]"
1749227812.2729695,"[ 0.00000000e+00  1.13195691e+00  9.91422369e-01  3.07197336e+00
 -2.26897623e+00  1.86936601e-03  9.58904041e-01  1.57321088e+00]","[ 0.00000000e+00 -2.78240725e-03 -3.61294375e-04 -2.78064316e-04
  4.28061766e-01  6.75243695e-01 -4.96979349e-01  8.04074979e-01]","[ 0.         -0.02571359 13.111063    0.3366493  -7.31209421 -0.35800028
  0.66551435 -1.17162502]"
1749227812.274814,"[ 0.00000000e+00  1.13195691e+00  9.91422369e-01  3.07197336e+00
 -2.26897623e+00  1.86936601e-03  9.58904041e-01  1.57321088e+00]","[ 0.00000000e+00 -2.78240725e-03 -3.61294375e-04 -2.78064316e-04
  4.28061766e-01  6.75243695e-01 -4.96979349e-01  8.04074979e-01]","[ 0.         -0.02571359 13.111063    0.3366493  -7.31209421 -0.35800028
  0.66551435 -1.17162502]"
1749227812.2759929,"[ 0.00000000e+00  1.13195691e+00  9.91422369e-01  3.07197336e+00
 -2.26897623e+00  1.86936601e-03  9.58904041e-01  1.57321088e+00]","[ 0.00000000e+00 -2.78240725e-03 -3.61294375e-04 -2.78064316e-04
  4.28061766e-01  6.75243695e-01 -4.96979349e-01  8.04074979e-01]","[ 0.         -0.02571359 13.111063    0.3366493  -7.31209421 -0.35800028
  0.66551435 -1.17162502]"
1749227812.2777455,"[ 0.00000000e+00  1.13195691e+00  9.91422369e-01  3.07197336e+00
 -2.26897623e+00  1.86936601e-03  9.58904041e-01  1.57321088e+00]","[ 0.00000000e+00 -2.78240725e-03 -3.61294375e-04 -2.78064316e-04
  4.28061766e-01  6.75243695e-01 -4.96979349e-01  8.04074979e-01]","[ 0.         -0.02571359 13.111063    0.3366493  -7.31209421 -0.35800028
  0.66551435 -1.17162502]"
1749227812.2794862,"[ 0.00000000e+00  1.13195691e+00  9.91422369e-01  3.07197336e+00
 -2.26897623e+00  1.86936601e-03  9.58904041e-01  1.57321088e+00]","[ 0.00000000e+00 -2.78240725e-03 -3.61294375e-04 -2.78064316e-04
  4.28061766e-01  6.75243695e-01 -4.96979349e-01  8.04074979e-01]","[ 0.         -0.02571359 13.111063    0.3366493  -7.31209421 -0.35800028
  0.66551435 -1.17162502]"
1749227812.2806664,"[ 0.00000000e+00  1.13195691e+00  9.91422369e-01  3.07197336e+00
 -2.26897623e+00  1.86936601e-03  9.58904041e-01  1.57321088e+00]","[ 0.00000000e+00 -2.78240725e-03 -3.61294375e-04 -2.78064316e-04
  4.28061766e-01  6.75243695e-01 -4.96979349e-01  8.04074979e-01]","[ 0.         -0.02571359 13.111063    0.3366493  -7.31209421 -0.35800028
  0.66551435 -1.17162502]"
1749227812.2823465,"[ 0.00000000e+00  1.13195691e+00  9.91422369e-01  3.07197336e+00
 -2.26897623e+00  1.86936601e-03  9.58904041e-01  1.57321088e+00]","[ 0.00000000e+00 -2.78240725e-03 -3.61294375e-04 -2.78064316e-04
  4.28061766e-01  6.75243695e-01 -4.96979349e-01  8.04074979e-01]","[ 0.         -0.02571359 13.111063    0.3366493  -7.31209421 -0.35800028
  0.66551435 -1.17162502]"
1749227812.2840865,"[ 0.00000000e+00  1.13195691e+00  9.91422369e-01  3.07197336e+00
 -2.26897623e+00  1.86936601e-03  9.58904041e-01  1.57321088e+00]","[ 0.00000000e+00 -2.78240725e-03 -3.61294375e-04 -2.78064316e-04
  4.28061766e-01  6.75243695e-01 -4.96979349e-01  8.04074979e-01]","[ 0.         -0.02571359 13.111063    0.3366493  -7.31209421 -0.35800028
  0.66551435 -1.17162502]"
1749227812.2852712,"[ 0.00000000e+00  1.13195691e+00  9.91422369e-01  3.07197336e+00
 -2.26897623e+00  1.86936601e-03  9.58904041e-01  1.57321088e+00]","[ 0.00000000e+00 -2.78240725e-03 -3.61294375e-04 -2.78064316e-04
  4.28061766e-01  6.75243695e-01 -4.96979349e-01  8.04074979e-01]","[ 0.         -0.02571359 13.111063    0.3366493  -7.31209421 -0.35800028
  0.66551435 -1.17162502]"
1749227812.2870693,"[ 0.00000000e+00  1.13195691e+00  9.91422369e-01  3.07197336e+00
 -2.26897623e+00  1.86936601e-03  9.58904041e-01  1.57321088e+00]","[ 0.00000000e+00 -2.78240725e-03 -3.61294375e-04 -2.78064316e-04
  4.28061766e-01  6.75243695e-01 -4.96979349e-01  8.04074979e-01]","[ 0.         -0.02571359 13.111063    0.3366493  -7.31209421 -0.35800028
  0.66551435 -1.17162502]"
1749227812.2882037,"[ 0.00000000e+00  1.13195691e+00  9.91422369e-01  3.07197336e+00
 -2.26897623e+00  1.86936601e-03  9.58904041e-01  1.57321088e+00]","[ 0.00000000e+00 -2.78240725e-03 -3.61294375e-04 -2.78064316e-04
  4.28061766e-01  6.75243695e-01 -4.96979349e-01  8.04074979e-01]","[ 0.         -0.02571359 13.111063    0.3366493  -7.31209421 -0.35800028
  0.66551435 -1.17162502]"
1749227812.2899299,"[ 0.00000000e+00  1.13195691e+00  9.91422369e-01  3.07197336e+00
 -2.26897623e+00  1.86936601e-03  9.58904041e-01  1.57321088e+00]","[ 0.00000000e+00 -2.78240725e-03 -3.61294375e-04 -2.78064316e-04
  4.28061766e-01  6.75243695e-01 -4.96979349e-01  8.04074979e-01]","[ 0.         -0.02571359 13.111063    0.3366493  -7.31209421 -0.35800028
  0.66551435 -1.17162502]"
1749227812.2917001,"[ 0.00000000e+00  1.13195691e+00  9.91422369e-01  3.07197336e+00
 -2.26897623e+00  1.86936601e-03  9.58904041e-01  1.57321088e+00]","[ 0.00000000e+00 -2.78240725e-03 -3.61294375e-04 -2.78064316e-04
  4.28061766e-01  6.75243695e-01 -4.96979349e-01  8.04074979e-01]","[ 0.         -0.02571359 13.111063    0.3366493  -7.31209421 -0.35800028
  0.66551435 -1.17162502]"
1749227812.2928426,"[ 0.00000000e+00  1.13195691e+00  9.91422369e-01  3.07197336e+00
 -2.26897623e+00  1.86936601e-03  9.58904041e-01  1.57321088e+00]","[ 0.00000000e+00 -2.78240725e-03 -3.61294375e-04 -2.78064316e-04
  4.28061766e-01  6.75243695e-01 -4.96979349e-01  8.04074979e-01]","[ 0.         -0.02571359 13.111063    0.3366493  -7.31209421 -0.35800028
  0.66551435 -1.17162502]"
1749227812.294608,"[ 0.00000000e+00  1.13195691e+00  9.91422369e-01  3.07197336e+00
 -2.26897623e+00  1.86936601e-03  9.58904041e-01  1.57321088e+00]","[ 0.00000000e+00 -2.78240725e-03 -3.61294375e-04 -2.78064316e-04
  4.28061766e-01  6.75243695e-01 -4.96979349e-01  8.04074979e-01]","[ 0.         -0.02571359 13.111063    0.3366493  -7.31209421 -0.35800028
  0.66551435 -1.17162502]"
1749227812.2958274,"[ 0.00000000e+00  1.13195691e+00  9.91422369e-01  3.07197336e+00
 -2.26897623e+00  1.86936601e-03  9.58904041e-01  1.57321088e+00]","[ 0.00000000e+00 -2.78240725e-03 -3.61294375e-04 -2.78064316e-04
  4.28061766e-01  6.75243695e-01 -4.96979349e-01  8.04074979e-01]","[ 0.         -0.02571359 13.111063    0.3366493  -7.31209421 -0.35800028
  0.66551435 -1.17162502]"
1749227812.2975786,"[ 0.00000000e+00  1.13195691e+00  9.91422369e-01  3.07197336e+00
 -2.26897623e+00  1.86936601e-03  9.58904041e-01  1.57321088e+00]","[ 0.00000000e+00 -2.78240725e-03 -3.61294375e-04 -2.78064316e-04
  4.28061766e-01  6.75243695e-01 -4.96979349e-01  8.04074979e-01]","[ 0.         -0.02571359 13.111063    0.3366493  -7.31209421 -0.35800028
  0.66551435 -1.17162502]"
1749227812.299365,"[ 0.00000000e+00  1.13195691e+00  9.91422369e-01  3.07197336e+00
 -2.26897623e+00  1.86936601e-03  9.58904041e-01  1.57321088e+00]","[ 0.00000000e+00 -2.78240725e-03 -3.61294375e-04 -2.78064316e-04
  4.28061766e-01  6.75243695e-01 -4.96979349e-01  8.04074979e-01]","[ 0.         -0.02571359 13.111063    0.3366493  -7.31209421 -0.35800028
  0.66551435 -1.17162502]"
1749227812.301127,"[ 0.00000000e+00  1.13195691e+00  9.91422369e-01  3.07197336e+00
 -2.26897623e+00  1.86936601e-03  9.58904041e-01  1.57321088e+00]","[ 0.00000000e+00 -2.78240725e-03 -3.61294375e-04 -2.78064316e-04
  4.28061766e-01  6.75243695e-01 -4.96979349e-01  8.04074979e-01]","[ 0.         -0.02571359 13.111063    0.3366493  -7.31209421 -0.35800028
  0.66551435 -1.17162502]"
1749227812.3023582,"[ 0.00000000e+00  1.13195691e+00  9.91422369e-01  3.07197336e+00
 -2.26897623e+00  1.86936601e-03  9.58904041e-01  1.57321088e+00]","[ 0.00000000e+00 -2.78240725e-03 -3.61294375e-04 -2.78064316e-04
  4.28061766e-01  6.75243695e-01 -4.96979349e-01  8.04074979e-01]","[ 0.         -0.02571359 13.111063    0.3366493  -7.31209421 -0.35800028
  0.66551435 -1.17162502]"
1749227812.3040292,"[ 0.00000000e+00  1.13195691e+00  9.91422369e-01  3.07197336e+00
 -2.26897623e+00  1.86936601e-03  9.58904041e-01  1.57321088e+00]","[ 0.00000000e+00 -2.78240725e-03 -3.61294375e-04 -2.78064316e-04
  4.28061766e-01  6.75243695e-01 -4.96979349e-01  8.04074979e-01]","[ 0.         -0.02571359 13.111063    0.3366493  -7.31209421 -0.35800028
  0.66551435 -1.17162502]"
1749227812.3058765,"[ 0.00000000e+00  1.13195691e+00  9.91422369e-01  3.07197336e+00
 -2.26897623e+00  1.86936601e-03  9.58904041e-01  1.57321088e+00]","[ 0.00000000e+00 -2.78240725e-03 -3.61294375e-04 -2.78064316e-04
  4.28061766e-01  6.75243695e-01 -4.96979349e-01  8.04074979e-01]","[ 0.         -0.02571359 13.111063    0.3366493  -7.31209421 -0.35800028
  0.66551435 -1.17162502]"
1749227812.307047,"[ 0.00000000e+00  1.13183388e+00  9.91406324e-01  3.07195419e+00
 -2.26897623e+00  1.86936601e-03  9.58904041e-01  1.57321088e+00]","[ 0.00000000e+00 -2.84402328e-03 -3.30050963e-04 -3.72058819e-04
  4.28061766e-01  6.75243695e-01 -4.96979349e-01  8.04074979e-01]","[ 0.00000000e+00 -5.85415006e-01  1.30365305e+01 -8.29844177e-03
 -7.31209421e+00 -3.58000278e-01  6.65514350e-01 -1.17162502e+00]"
1749227812.3088048,"[ 0.00000000e+00  1.13183388e+00  9.91406324e-01  3.07195419e+00
 -2.26897623e+00  1.86936601e-03  9.58904041e-01  1.57321088e+00]","[ 0.00000000e+00 -2.84402328e-03 -3.30050963e-04 -3.72058819e-04
  4.28061766e-01  6.75243695e-01 -4.96979349e-01  8.04074979e-01]","[ 0.00000000e+00 -5.85415006e-01  1.30365305e+01 -8.29844177e-03
 -7.31209421e+00 -3.58000278e-01  6.65514350e-01 -1.17162502e+00]"
1749227812.3106027,"[ 0.00000000e+00  1.13183388e+00  9.91406324e-01  3.07195419e+00
 -2.26897623e+00  1.86936601e-03  9.58904041e-01  1.57321088e+00]","[ 0.00000000e+00 -2.84402328e-03 -3.30050963e-04 -3.72058819e-04
  4.28061766e-01  6.75243695e-01 -4.96979349e-01  8.04074979e-01]","[ 0.00000000e+00 -5.85415006e-01  1.30365305e+01 -8.29844177e-03
 -7.31209421e+00 -3.58000278e-01  6.65514350e-01 -1.17162502e+00]"
1749227812.3117168,"[ 0.00000000e+00  1.13183388e+00  9.91406324e-01  3.07195419e+00
 -2.26897623e+00  1.86936601e-03  9.58904041e-01  1.57321088e+00]","[ 0.00000000e+00 -2.84402328e-03 -3.30050963e-04 -3.72058819e-04
  4.28061766e-01  6.75243695e-01 -4.96979349e-01  8.04074979e-01]","[ 0.00000000e+00 -5.85415006e-01  1.30365305e+01 -8.29844177e-03
 -7.31209421e+00 -3.58000278e-01  6.65514350e-01 -1.17162502e+00]"
1749227812.3134801,"[ 0.00000000e+00  1.13183388e+00  9.91406324e-01  3.07195419e+00
 -2.26897623e+00  1.86936601e-03  9.58904041e-01  1.57321088e+00]","[ 0.00000000e+00 -2.84402328e-03 -3.30050963e-04 -3.72058819e-04
  4.28061766e-01  6.75243695e-01 -4.96979349e-01  8.04074979e-01]","[ 0.00000000e+00 -5.85415006e-01  1.30365305e+01 -8.29844177e-03
 -7.31209421e+00 -3.58000278e-01  6.65514350e-01 -1.17162502e+00]"
1749227812.3152323,"[ 0.00000000e+00  1.13183388e+00  9.91406324e-01  3.07195419e+00
 -2.26897623e+00  1.86936601e-03  9.58904041e-01  1.57321088e+00]","[ 0.00000000e+00 -2.84402328e-03 -3.30050963e-04 -3.72058819e-04
  4.28061766e-01  6.75243695e-01 -4.96979349e-01  8.04074979e-01]","[ 0.00000000e+00 -5.85415006e-01  1.30365305e+01 -8.29844177e-03
 -7.31209421e+00 -3.58000278e-01  6.65514350e-01 -1.17162502e+00]"
1749227812.3170362,"[ 0.00000000e+00  1.13183388e+00  9.91406324e-01  3.07195419e+00
 -2.26897623e+00  1.86936601e-03  9.58904041e-01  1.57321088e+00]","[ 0.00000000e+00 -2.84402328e-03 -3.30050963e-04 -3.72058819e-04
  4.28061766e-01  6.75243695e-01 -4.96979349e-01  8.04074979e-01]","[ 0.00000000e+00 -5.85415006e-01  1.30365305e+01 -8.29844177e-03
 -7.31209421e+00 -3.58000278e-01  6.65514350e-01 -1.17162502e+00]"
1749227812.3187675,"[ 0.00000000e+00  1.13183388e+00  9.91406324e-01  3.07195419e+00
 -2.26897623e+00  1.86936601e-03  9.58904041e-01  1.57321088e+00]","[ 0.00000000e+00 -2.84402328e-03 -3.30050963e-04 -3.72058819e-04
  4.28061766e-01  6.75243695e-01 -4.96979349e-01  8.04074979e-01]","[ 0.00000000e+00 -5.85415006e-01  1.30365305e+01 -8.29844177e-03
 -7.31209421e+00 -3.58000278e-01  6.65514350e-01 -1.17162502e+00]"
1749227812.3199182,"[ 0.00000000e+00  1.13183388e+00  9.91406324e-01  3.07195419e+00
 -2.26897623e+00  1.86936601e-03  9.58904041e-01  1.57321088e+00]","[ 0.00000000e+00 -2.84402328e-03 -3.30050963e-04 -3.72058819e-04
  4.28061766e-01  6.75243695e-01 -4.96979349e-01  8.04074979e-01]","[ 0.00000000e+00 -5.85415006e-01  1.30365305e+01 -8.29844177e-03
 -7.31209421e+00 -3.58000278e-01  6.65514350e-01 -1.17162502e+00]"
1749227812.321662,"[ 0.00000000e+00  1.13183388e+00  9.91406324e-01  3.07195419e+00
 -2.26897623e+00  1.86936601e-03  9.58904041e-01  1.57321088e+00]","[ 0.00000000e+00 -2.84402328e-03 -3.30050963e-04 -3.72058819e-04
  4.28061766e-01  6.75243695e-01 -4.96979349e-01  8.04074979e-01]","[ 0.00000000e+00 -5.85415006e-01  1.30365305e+01 -8.29844177e-03
 -7.31209421e+00 -3.58000278e-01  6.65514350e-01 -1.17162502e+00]"
1749227812.3239431,"[ 0.00000000e+00  1.13183388e+00  9.91406324e-01  3.07195419e+00
 -2.26897623e+00  1.86936601e-03  9.58904041e-01  1.57321088e+00]","[ 0.00000000e+00 -2.84402328e-03 -3.30050963e-04 -3.72058819e-04
  4.28061766e-01  6.75243695e-01 -4.96979349e-01  8.04074979e-01]","[ 0.00000000e+00 -5.85415006e-01  1.30365305e+01 -8.29844177e-03
 -7.31209421e+00 -3.58000278e-01  6.65514350e-01 -1.17162502e+00]"
1749227812.3250837,"[ 0.00000000e+00  1.13183388e+00  9.91406324e-01  3.07195419e+00
 -2.26897623e+00  1.86936601e-03  9.58904041e-01  1.57321088e+00]","[ 0.00000000e+00 -2.84402328e-03 -3.30050963e-04 -3.72058819e-04
  4.28061766e-01  6.75243695e-01 -4.96979349e-01  8.04074979e-01]","[ 0.00000000e+00 -5.85415006e-01  1.30365305e+01 -8.29844177e-03
 -7.31209421e+00 -3.58000278e-01  6.65514350e-01 -1.17162502e+00]"
1749227812.326738,"[ 0.00000000e+00  1.13183388e+00  9.91406324e-01  3.07195419e+00
 -2.26897623e+00  1.86936601e-03  9.58904041e-01  1.57321088e+00]","[ 0.00000000e+00 -2.84402328e-03 -3.30050963e-04 -3.72058819e-04
  4.28061766e-01  6.75243695e-01 -4.96979349e-01  8.04074979e-01]","[ 0.00000000e+00 -5.85415006e-01  1.30365305e+01 -8.29844177e-03
 -7.31209421e+00 -3.58000278e-01  6.65514350e-01 -1.17162502e+00]"
1749227812.32843,"[ 0.00000000e+00  1.13183388e+00  9.91406324e-01  3.07195419e+00
 -2.26897623e+00  1.86936601e-03  9.58904041e-01  1.57321088e+00]","[ 0.00000000e+00 -2.84402328e-03 -3.30050963e-04 -3.72058819e-04
  4.28061766e-01  6.75243695e-01 -4.96979349e-01  8.04074979e-01]","[ 0.00000000e+00 -5.85415006e-01  1.30365305e+01 -8.29844177e-03
 -7.31209421e+00 -3.58000278e-01  6.65514350e-01 -1.17162502e+00]"
1749227812.3301342,"[ 0.00000000e+00  1.13183388e+00  9.91406324e-01  3.07195419e+00
 -2.26897623e+00  1.86936601e-03  9.58904041e-01  1.57321088e+00]","[ 0.00000000e+00 -2.84402328e-03 -3.30050963e-04 -3.72058819e-04
  4.28061766e-01  6.75243695e-01 -4.96979349e-01  8.04074979e-01]","[ 0.00000000e+00 -5.85415006e-01  1.30365305e+01 -8.29844177e-03
 -7.31209421e+00 -3.58000278e-01  6.65514350e-01 -1.17162502e+00]"
1749227812.3318336,"[ 0.00000000e+00  1.13183388e+00  9.91406324e-01  3.07195419e+00
 -2.26897623e+00  1.86936601e-03  9.58904041e-01  1.57321088e+00]","[ 0.00000000e+00 -2.84402328e-03 -3.30050963e-04 -3.72058819e-04
  4.28061766e-01  6.75243695e-01 -4.96979349e-01  8.04074979e-01]","[ 0.00000000e+00 -5.85415006e-01  1.30365305e+01 -8.29844177e-03
 -7.31209421e+00 -3.58000278e-01  6.65514350e-01 -1.17162502e+00]"
1749227812.3335571,"[ 0.00000000e+00  1.13183388e+00  9.91406324e-01  3.07195419e+00
 -2.26897623e+00  1.86936601e-03  9.58904041e-01  1.57321088e+00]","[ 0.00000000e+00 -2.84402328e-03 -3.30050963e-04 -3.72058819e-04
  4.28061766e-01  6.75243695e-01 -4.96979349e-01  8.04074979e-01]","[ 0.00000000e+00 -5.85415006e-01  1.30365305e+01 -8.29844177e-03
 -7.31209421e+00 -3.58000278e-01  6.65514350e-01 -1.17162502e+00]"
1749227812.334779,"[ 0.00000000e+00  1.13183388e+00  9.91406324e-01  3.07195419e+00
 -2.26897623e+00  1.86936601e-03  9.58904041e-01  1.57321088e+00]","[ 0.00000000e+00 -2.84402328e-03 -3.30050963e-04 -3.72058819e-04
  4.28061766e-01  6.75243695e-01 -4.96979349e-01  8.04074979e-01]","[ 0.00000000e+00 -5.85415006e-01  1.30365305e+01 -8.29844177e-03
 -7.31209421e+00 -3.58000278e-01  6.65514350e-01 -1.17162502e+00]"
1749227812.3365045,"[ 0.00000000e+00  1.13183388e+00  9.91406324e-01  3.07195419e+00
 -2.26897623e+00  1.86936601e-03  9.58904041e-01  1.57321088e+00]","[ 0.00000000e+00 -2.84402328e-03 -3.30050963e-04 -3.72058819e-04
  4.28061766e-01  6.75243695e-01 -4.96979349e-01  8.04074979e-01]","[ 0.00000000e+00 -5.85415006e-01  1.30365305e+01 -8.29844177e-03
 -7.31209421e+00 -3.58000278e-01  6.65514350e-01 -1.17162502e+00]"
1749227812.3382468,"[ 0.00000000e+00  1.13183388e+00  9.91406324e-01  3.07195419e+00
 -2.26897623e+00  1.86936601e-03  9.58904041e-01  1.57321088e+00]","[ 0.00000000e+00 -2.84402328e-03 -3.30050963e-04 -3.72058819e-04
  4.28061766e-01  6.75243695e-01 -4.96979349e-01  8.04074979e-01]","[ 0.00000000e+00 -5.85415006e-01  1.30365305e+01 -8.29844177e-03
 -7.31209421e+00 -3.58000278e-01  6.65514350e-01 -1.17162502e+00]"
1749227812.3400412,"[ 0.00000000e+00  1.13183388e+00  9.91406324e-01  3.07195419e+00
 -2.26897623e+00  1.86936601e-03  9.58904041e-01  1.57321088e+00]","[ 0.00000000e+00 -2.84402328e-03 -3.30050963e-04 -3.72058819e-04
  4.28061766e-01  6.75243695e-01 -4.96979349e-01  8.04074979e-01]","[ 0.00000000e+00 -5.85415006e-01  1.30365305e+01 -8.29844177e-03
 -7.31209421e+00 -3.58000278e-01  6.65514350e-01 -1.17162502e+00]"
1749227812.341722,"[ 0.00000000e+00  1.13183388e+00  9.91406324e-01  3.07195419e+00
 -2.26897623e+00  1.86936601e-03  9.58904041e-01  1.57321088e+00]","[ 0.00000000e+00 -2.84402328e-03 -3.30050963e-04 -3.72058819e-04
  4.28061766e-01  6.75243695e-01 -4.96979349e-01  8.04074979e-01]","[ 0.00000000e+00 -5.85415006e-01  1.30365305e+01 -8.29844177e-03
 -7.31209421e+00 -3.58000278e-01  6.65514350e-01 -1.17162502e+00]"
1749227812.3435285,"[ 0.00000000e+00  1.13183388e+00  9.91406324e-01  3.07195419e+00
 -2.26897623e+00  1.86936601e-03  9.58904041e-01  1.57321088e+00]","[ 0.00000000e+00 -2.84402328e-03 -3.30050963e-04 -3.72058819e-04
  4.28061766e-01  6.75243695e-01 -4.96979349e-01  8.04074979e-01]","[ 0.00000000e+00 -5.85415006e-01  1.30365305e+01 -8.29844177e-03
 -7.31209421e+00 -3.58000278e-01  6.65514350e-01 -1.17162502e+00]"
1749227812.3458312,"[ 0.00000000e+00  1.13183388e+00  9.91406324e-01  3.07195419e+00
 -2.26897623e+00  1.86936601e-03  9.58904041e-01  1.57321088e+00]","[ 0.00000000e+00 -2.84402328e-03 -3.30050963e-04 -3.72058819e-04
  4.28061766e-01  6.75243695e-01 -4.96979349e-01  8.04074979e-01]","[ 0.00000000e+00 -5.85415006e-01  1.30365305e+01 -8.29844177e-03
 -7.31209421e+00 -3.58000278e-01  6.65514350e-01 -1.17162502e+00]"
1749227812.347613,"[ 0.00000000e+00  1.13183388e+00  9.91406324e-01  3.07195419e+00
 -2.26897623e+00  1.86936601e-03  9.58904041e-01  1.57321088e+00]","[ 0.00000000e+00 -2.84402328e-03 -3.30050963e-04 -3.72058819e-04
  4.28061766e-01  6.75243695e-01 -4.96979349e-01  8.04074979e-01]","[ 0.00000000e+00 -5.85415006e-01  1.30365305e+01 -8.29844177e-03
 -7.31209421e+00 -3.58000278e-01  6.65514350e-01 -1.17162502e+00]"
1749227812.349434,"[ 0.00000000e+00  1.13183388e+00  9.91406324e-01  3.07195419e+00
 -2.26897623e+00  1.86936601e-03  9.58904041e-01  1.57321088e+00]","[ 0.00000000e+00 -2.84402328e-03 -3.30050963e-04 -3.72058819e-04
  4.28061766e-01  6.75243695e-01 -4.96979349e-01  8.04074979e-01]","[ 0.00000000e+00 -5.85415006e-01  1.30365305e+01 -8.29844177e-03
 -7.31209421e+00 -3.58000278e-01  6.65514350e-01 -1.17162502e+00]"
1749227812.3512487,"[ 0.00000000e+00  1.13183388e+00  9.91406324e-01  3.07195419e+00
 -2.26897623e+00  1.86936601e-03  9.58904041e-01  1.57321088e+00]","[ 0.00000000e+00 -2.84402328e-03 -3.30050963e-04 -3.72058819e-04
  4.28061766e-01  6.75243695e-01 -4.96979349e-01  8.04074979e-01]","[ 0.00000000e+00 -5.85415006e-01  1.30365305e+01 -8.29844177e-03
 -7.31209421e+00 -3.58000278e-01  6.65514350e-01 -1.17162502e+00]"
1749227812.3529377,"[ 0.00000000e+00  1.13183388e+00  9.91406324e-01  3.07195419e+00
 -2.26897623e+00  1.86936601e-03  9.58904041e-01  1.57321088e+00]","[ 0.00000000e+00 -2.84402328e-03 -3.30050963e-04 -3.72058819e-04
  4.28061766e-01  6.75243695e-01 -4.96979349e-01  8.04074979e-01]","[ 0.00000000e+00 -5.85415006e-01  1.30365305e+01 -8.29844177e-03
 -7.31209421e+00 -3.58000278e-01  6.65514350e-01 -1.17162502e+00]"
1749227812.3547251,"[ 0.00000000e+00  1.13183388e+00  9.91406324e-01  3.07195419e+00
 -2.26897623e+00  1.86936601e-03  9.58904041e-01  1.57321088e+00]","[ 0.00000000e+00 -2.84402328e-03 -3.30050963e-04 -3.72058819e-04
  4.28061766e-01  6.75243695e-01 -4.96979349e-01  8.04074979e-01]","[ 0.00000000e+00 -5.85415006e-01  1.30365305e+01 -8.29844177e-03
 -7.31209421e+00 -3.58000278e-01  6.65514350e-01 -1.17162502e+00]"
1749227812.3564477,"[ 0.00000000e+00  1.13172322e+00  9.91393940e-01  3.07193315e+00
 -2.26897623e+00  1.86936601e-03  9.58904041e-01  1.57321088e+00]","[ 0.00000000e+00 -2.08059460e-03 -2.72410203e-04 -4.34569016e-04
  4.28061766e-01  6.75243695e-01 -4.96979349e-01  8.04074979e-01]","[ 0.         -0.19515106 13.14385891  0.20829406 -7.31209421 -0.35800028
  0.66551435 -1.17162502]"
1749227812.3582847,"[ 0.00000000e+00  1.13172322e+00  9.91393940e-01  3.07193315e+00
 -2.26897623e+00  1.86936601e-03  9.58904041e-01  1.57321088e+00]","[ 0.00000000e+00 -2.08059460e-03 -2.72410203e-04 -4.34569016e-04
  4.28061766e-01  6.75243695e-01 -4.96979349e-01  8.04074979e-01]","[ 0.         -0.19515106 13.14385891  0.20829406 -7.31209421 -0.35800028
  0.66551435 -1.17162502]"
1749227812.3594708,"[ 0.00000000e+00  1.13172322e+00  9.91393940e-01  3.07193315e+00
 -2.26897623e+00  1.86936601e-03  9.58904041e-01  1.57321088e+00]","[ 0.00000000e+00 -2.08059460e-03 -2.72410203e-04 -4.34569016e-04
  4.28061766e-01  6.75243695e-01 -4.96979349e-01  8.04074979e-01]","[ 0.         -0.19515106 13.14385891  0.20829406 -7.31209421 -0.35800028
  0.66551435 -1.17162502]"
1749227812.3612258,"[ 0.00000000e+00  1.13172322e+00  9.91393940e-01  3.07193315e+00
 -2.26897623e+00  1.86936601e-03  9.58904041e-01  1.57321088e+00]","[ 0.00000000e+00 -2.08059460e-03 -2.72410203e-04 -4.34569016e-04
  4.28061766e-01  6.75243695e-01 -4.96979349e-01  8.04074979e-01]","[ 0.         -0.19515106 13.14385891  0.20829406 -7.31209421 -0.35800028
  0.66551435 -1.17162502]"
1749227812.3629017,"[ 0.00000000e+00  1.13172322e+00  9.91393940e-01  3.07193315e+00
 -2.26897623e+00  1.86936601e-03  9.58904041e-01  1.57321088e+00]","[ 0.00000000e+00 -2.08059460e-03 -2.72410203e-04 -4.34569016e-04
  4.28061766e-01  6.75243695e-01 -4.96979349e-01  8.04074979e-01]","[ 0.         -0.19515106 13.14385891  0.20829406 -7.31209421 -0.35800028
  0.66551435 -1.17162502]"
1749227812.364672,"[ 0.00000000e+00  1.13172322e+00  9.91393940e-01  3.07193315e+00
 -2.26897623e+00  1.86936601e-03  9.58904041e-01  1.57321088e+00]","[ 0.00000000e+00 -2.08059460e-03 -2.72410203e-04 -4.34569016e-04
  4.28061766e-01  6.75243695e-01 -4.96979349e-01  8.04074979e-01]","[ 0.         -0.19515106 13.14385891  0.20829406 -7.31209421 -0.35800028
  0.66551435 -1.17162502]"
1749227812.3658075,"[ 0.00000000e+00  1.13172322e+00  9.91393940e-01  3.07193315e+00
 -2.26897623e+00  1.86936601e-03  9.58904041e-01  1.57321088e+00]","[ 0.00000000e+00 -2.08059460e-03 -2.72410203e-04 -4.34569016e-04
  4.28061766e-01  6.75243695e-01 -4.96979349e-01  8.04074979e-01]","[ 0.         -0.19515106 13.14385891  0.20829406 -7.31209421 -0.35800028
  0.66551435 -1.17162502]"
1749227812.3675344,"[ 0.00000000e+00  1.13172322e+00  9.91393940e-01  3.07193315e+00
 -2.26897623e+00  1.86936601e-03  9.58904041e-01  1.57321088e+00]","[ 0.00000000e+00 -2.08059460e-03 -2.72410203e-04 -4.34569016e-04
  4.28061766e-01  6.75243695e-01 -4.96979349e-01  8.04074979e-01]","[ 0.         -0.19515106 13.14385891  0.20829406 -7.31209421 -0.35800028
  0.66551435 -1.17162502]"
1749227812.3692768,"[ 0.00000000e+00  1.13172322e+00  9.91393940e-01  3.07193315e+00
 -2.26897623e+00  1.86936601e-03  9.58904041e-01  1.57321088e+00]","[ 0.00000000e+00 -2.08059460e-03 -2.72410203e-04 -4.34569016e-04
  4.28061766e-01  6.75243695e-01 -4.96979349e-01  8.04074979e-01]","[ 0.         -0.19515106 13.14385891  0.20829406 -7.31209421 -0.35800028
  0.66551435 -1.17162502]"
1749227812.3710158,"[ 0.00000000e+00  1.13172322e+00  9.91393940e-01  3.07193315e+00
 -2.26897623e+00  1.86936601e-03  9.58904041e-01  1.57321088e+00]","[ 0.00000000e+00 -2.08059460e-03 -2.72410203e-04 -4.34569016e-04
  4.28061766e-01  6.75243695e-01 -4.96979349e-01  8.04074979e-01]","[ 0.         -0.19515106 13.14385891  0.20829406 -7.31209421 -0.35800028
  0.66551435 -1.17162502]"
1749227812.372782,"[ 0.00000000e+00  1.13172322e+00  9.91393940e-01  3.07193315e+00
 -2.26897623e+00  1.86936601e-03  9.58904041e-01  1.57321088e+00]","[ 0.00000000e+00 -2.08059460e-03 -2.72410203e-04 -4.34569016e-04
  4.28061766e-01  6.75243695e-01 -4.96979349e-01  8.04074979e-01]","[ 0.         -0.19515106 13.14385891  0.20829406 -7.31209421 -0.35800028
  0.66551435 -1.17162502]"
1749227812.3745089,"[ 0.00000000e+00  1.13172322e+00  9.91393940e-01  3.07193315e+00
 -2.26897623e+00  1.86936601e-03  9.58904041e-01  1.57321088e+00]","[ 0.00000000e+00 -2.08059460e-03 -2.72410203e-04 -4.34569016e-04
  4.28061766e-01  6.75243695e-01 -4.96979349e-01  8.04074979e-01]","[ 0.         -0.19515106 13.14385891  0.20829406 -7.31209421 -0.35800028
  0.66551435 -1.17162502]"
1749227812.3762643,"[ 0.00000000e+00  1.13172322e+00  9.91393940e-01  3.07193315e+00
 -2.26897623e+00  1.86936601e-03  9.58904041e-01  1.57321088e+00]","[ 0.00000000e+00 -2.08059460e-03 -2.72410203e-04 -4.34569016e-04
  4.28061766e-01  6.75243695e-01 -4.96979349e-01  8.04074979e-01]","[ 0.         -0.19515106 13.14385891  0.20829406 -7.31209421 -0.35800028
  0.66551435 -1.17162502]"
1749227812.378515,"[ 0.00000000e+00  1.13172322e+00  9.91393940e-01  3.07193315e+00
 -2.26897623e+00  1.86936601e-03  9.58904041e-01  1.57321088e+00]","[ 0.00000000e+00 -2.08059460e-03 -2.72410203e-04 -4.34569016e-04
  4.28061766e-01  6.75243695e-01 -4.96979349e-01  8.04074979e-01]","[ 0.         -0.19515106 13.14385891  0.20829406 -7.31209421 -0.35800028
  0.66551435 -1.17162502]"
1749227812.3808637,"[ 0.00000000e+00  1.13172322e+00  9.91393940e-01  3.07193315e+00
 -2.26897623e+00  1.86936601e-03  9.58904041e-01  1.57321088e+00]","[ 0.00000000e+00 -2.08059460e-03 -2.72410203e-04 -4.34569016e-04
  4.28061766e-01  6.75243695e-01 -4.96979349e-01  8.04074979e-01]","[ 0.         -0.19515106 13.14385891  0.20829406 -7.31209421 -0.35800028
  0.66551435 -1.17162502]"
1749227812.382554,"[ 0.00000000e+00  1.13172322e+00  9.91393940e-01  3.07193315e+00
 -2.26897623e+00  1.86936601e-03  9.58904041e-01  1.57321088e+00]","[ 0.00000000e+00 -2.08059460e-03 -2.72410203e-04 -4.34569016e-04
  4.28061766e-01  6.75243695e-01 -4.96979349e-01  8.04074979e-01]","[ 0.         -0.19515106 13.14385891  0.20829406 -7.31209421 -0.35800028
  0.66551435 -1.17162502]"
1749227812.384278,"[ 0.00000000e+00  1.13172322e+00  9.91393940e-01  3.07193315e+00
 -2.26897623e+00  1.86936601e-03  9.58904041e-01  1.57321088e+00]","[ 0.00000000e+00 -2.08059460e-03 -2.72410203e-04 -4.34569016e-04
  4.28061766e-01  6.75243695e-01 -4.96979349e-01  8.04074979e-01]","[ 0.         -0.19515106 13.14385891  0.20829406 -7.31209421 -0.35800028
  0.66551435 -1.17162502]"
1749227812.386603,"[ 0.00000000e+00  1.13172322e+00  9.91393940e-01  3.07193315e+00
 -2.26897623e+00  1.86936601e-03  9.58904041e-01  1.57321088e+00]","[ 0.00000000e+00 -2.08059460e-03 -2.72410203e-04 -4.34569016e-04
  4.28061766e-01  6.75243695e-01 -4.96979349e-01  8.04074979e-01]","[ 0.         -0.19515106 13.14385891  0.20829406 -7.31209421 -0.35800028
  0.66551435 -1.17162502]"
1749227812.3883617,"[ 0.00000000e+00  1.13172322e+00  9.91393940e-01  3.07193315e+00
 -2.26897623e+00  1.86936601e-03  9.58904041e-01  1.57321088e+00]","[ 0.00000000e+00 -2.08059460e-03 -2.72410203e-04 -4.34569016e-04
  4.28061766e-01  6.75243695e-01 -4.96979349e-01  8.04074979e-01]","[ 0.         -0.19515106 13.14385891  0.20829406 -7.31209421 -0.35800028
  0.66551435 -1.17162502]"
1749227812.3900821,"[ 0.00000000e+00  1.13172322e+00  9.91393940e-01  3.07193315e+00
 -2.26897623e+00  1.86936601e-03  9.58904041e-01  1.57321088e+00]","[ 0.00000000e+00 -2.08059460e-03 -2.72410203e-04 -4.34569016e-04
  4.28061766e-01  6.75243695e-01 -4.96979349e-01  8.04074979e-01]","[ 0.         -0.19515106 13.14385891  0.20829406 -7.31209421 -0.35800028
  0.66551435 -1.17162502]"
1749227812.3924081,"[ 0.00000000e+00  1.13172322e+00  9.91393940e-01  3.07193315e+00
 -2.26897623e+00  1.86936601e-03  9.58904041e-01  1.57321088e+00]","[ 0.00000000e+00 -2.08059460e-03 -2.72410203e-04 -4.34569016e-04
  4.28061766e-01  6.75243695e-01 -4.96979349e-01  8.04074979e-01]","[ 0.         -0.19515106 13.14385891  0.20829406 -7.31209421 -0.35800028
  0.66551435 -1.17162502]"
1749227812.3935995,"[ 0.00000000e+00  1.13172322e+00  9.91393940e-01  3.07193315e+00
 -2.26897623e+00  1.86936601e-03  9.58904041e-01  1.57321088e+00]","[ 0.00000000e+00 -2.08059460e-03 -2.72410203e-04 -4.34569016e-04
  4.28061766e-01  6.75243695e-01 -4.96979349e-01  8.04074979e-01]","[ 0.         -0.19515106 13.14385891  0.20829406 -7.31209421 -0.35800028
  0.66551435 -1.17162502]"
1749227812.3953054,"[ 0.00000000e+00  1.13172322e+00  9.91393940e-01  3.07193315e+00
 -2.26897623e+00  1.86936601e-03  9.58904041e-01  1.57321088e+00]","[ 0.00000000e+00 -2.08059460e-03 -2.72410203e-04 -4.34569016e-04
  4.28061766e-01  6.75243695e-01 -4.96979349e-01  8.04074979e-01]","[ 0.         -0.19515106 13.14385891  0.20829406 -7.31209421 -0.35800028
  0.66551435 -1.17162502]"
1749227812.3970342,"[ 0.00000000e+00  1.13172322e+00  9.91393940e-01  3.07193315e+00
 -2.26897623e+00  1.86936601e-03  9.58904041e-01  1.57321088e+00]","[ 0.00000000e+00 -2.08059460e-03 -2.72410203e-04 -4.34569016e-04
  4.28061766e-01  6.75243695e-01 -4.96979349e-01  8.04074979e-01]","[ 0.         -0.19515106 13.14385891  0.20829406 -7.31209421 -0.35800028
  0.66551435 -1.17162502]"
1749227812.3987663,"[ 0.00000000e+00  1.13172322e+00  9.91393940e-01  3.07193315e+00
 -2.26897623e+00  1.86936601e-03  9.58904041e-01  1.57321088e+00]","[ 0.00000000e+00 -2.08059460e-03 -2.72410203e-04 -4.34569016e-04
  4.28061766e-01  6.75243695e-01 -4.96979349e-01  8.04074979e-01]","[ 0.         -0.19515106 13.14385891  0.20829406 -7.31209421 -0.35800028
  0.66551435 -1.17162502]"
1749227812.4004362,"[ 0.00000000e+00  1.13172322e+00  9.91393940e-01  3.07193315e+00
 -2.26897623e+00  1.86936601e-03  9.58904041e-01  1.57321088e+00]","[ 0.00000000e+00 -2.08059460e-03 -2.72410203e-04 -4.34569016e-04
  4.28061766e-01  6.75243695e-01 -4.96979349e-01  8.04074979e-01]","[ 0.         -0.19515106 13.14385891  0.20829406 -7.31209421 -0.35800028
  0.66551435 -1.17162502]"
1749227812.4021916,"[ 0.00000000e+00  1.13172322e+00  9.91393940e-01  3.07193315e+00
 -2.26897623e+00  1.86936601e-03  9.58904041e-01  1.57321088e+00]","[ 0.00000000e+00 -2.08059460e-03 -2.72410203e-04 -4.34569016e-04
  4.28061766e-01  6.75243695e-01 -4.96979349e-01  8.04074979e-01]","[ 0.         -0.19515106 13.14385891  0.20829406 -7.31209421 -0.35800028
  0.66551435 -1.17162502]"
1749227812.4039452,"[ 0.00000000e+00  1.13172322e+00  9.91393940e-01  3.07193315e+00
 -2.26897623e+00  1.86936601e-03  9.58904041e-01  1.57321088e+00]","[ 0.00000000e+00 -2.08059460e-03 -2.72410203e-04 -4.34569016e-04
  4.28061766e-01  6.75243695e-01 -4.96979349e-01  8.04074979e-01]","[ 0.         -0.19515106 13.14385891  0.20829406 -7.31209421 -0.35800028
  0.66551435 -1.17162502]"
1749227812.405133,"[ 0.00000000e+00  1.13172322e+00  9.91393940e-01  3.07193315e+00
 -2.26897623e+00  1.86936601e-03  9.58904041e-01  1.57321088e+00]","[ 0.00000000e+00 -2.08059460e-03 -2.72410203e-04 -4.34569016e-04
  4.28061766e-01  6.75243695e-01 -4.96979349e-01  8.04074979e-01]","[ 0.         -0.19515106 13.14385891  0.20829406 -7.31209421 -0.35800028
  0.66551435 -1.17162502]"
1749227812.4068875,"[ 0.00000000e+00  1.13156610e+00  9.91378760e-01  3.07191664e+00
 -2.26897623e+00  1.86936601e-03  9.58904041e-01  1.57321088e+00]","[ 0.00000000e+00 -2.03842225e-03 -2.82610351e-04 -3.27655256e-04
  4.28061766e-01  6.75243695e-01 -4.96979349e-01  8.04074979e-01]","[ 0.         -0.29612941 13.15259171  0.15580249 -7.31209421 -0.35800028
  0.66551435 -1.17162502]"
1749227812.4086554,"[ 0.00000000e+00  1.13156610e+00  9.91378760e-01  3.07191664e+00
 -2.26897623e+00  1.86936601e-03  9.58904041e-01  1.57321088e+00]","[ 0.00000000e+00 -2.03842225e-03 -2.82610351e-04 -3.27655256e-04
  4.28061766e-01  6.75243695e-01 -4.96979349e-01  8.04074979e-01]","[ 0.         -0.29612941 13.15259171  0.15580249 -7.31209421 -0.35800028
  0.66551435 -1.17162502]"
1749227812.4104426,"[ 0.00000000e+00  1.13156610e+00  9.91378760e-01  3.07191664e+00
 -2.26897623e+00  1.86936601e-03  9.58904041e-01  1.57321088e+00]","[ 0.00000000e+00 -2.03842225e-03 -2.82610351e-04 -3.27655256e-04
  4.28061766e-01  6.75243695e-01 -4.96979349e-01  8.04074979e-01]","[ 0.         -0.29612941 13.15259171  0.15580249 -7.31209421 -0.35800028
  0.66551435 -1.17162502]"
1749227812.4121335,"[ 0.00000000e+00  1.13156610e+00  9.91378760e-01  3.07191664e+00
 -2.26897623e+00  1.86936601e-03  9.58904041e-01  1.57321088e+00]","[ 0.00000000e+00 -2.03842225e-03 -2.82610351e-04 -3.27655256e-04
  4.28061766e-01  6.75243695e-01 -4.96979349e-01  8.04074979e-01]","[ 0.         -0.29612941 13.15259171  0.15580249 -7.31209421 -0.35800028
  0.66551435 -1.17162502]"
1749227812.4133112,"[ 0.00000000e+00  1.13156610e+00  9.91378760e-01  3.07191664e+00
 -2.26897623e+00  1.86936601e-03  9.58904041e-01  1.57321088e+00]","[ 0.00000000e+00 -2.03842225e-03 -2.82610351e-04 -3.27655256e-04
  4.28061766e-01  6.75243695e-01 -4.96979349e-01  8.04074979e-01]","[ 0.         -0.29612941 13.15259171  0.15580249 -7.31209421 -0.35800028
  0.66551435 -1.17162502]"
1749227812.415109,"[ 0.00000000e+00  1.13156610e+00  9.91378760e-01  3.07191664e+00
 -2.26897623e+00  1.86936601e-03  9.58904041e-01  1.57321088e+00]","[ 0.00000000e+00 -2.03842225e-03 -2.82610351e-04 -3.27655256e-04
  4.28061766e-01  6.75243695e-01 -4.96979349e-01  8.04074979e-01]","[ 0.         -0.29612941 13.15259171  0.15580249 -7.31209421 -0.35800028
  0.66551435 -1.17162502]"
1749227812.4168632,"[ 0.00000000e+00  1.13156610e+00  9.91378760e-01  3.07191664e+00
 -2.26897623e+00  1.86936601e-03  9.58904041e-01  1.57321088e+00]","[ 0.00000000e+00 -2.03842225e-03 -2.82610351e-04 -3.27655256e-04
  4.28061766e-01  6.75243695e-01 -4.96979349e-01  8.04074979e-01]","[ 0.         -0.29612941 13.15259171  0.15580249 -7.31209421 -0.35800028
  0.66551435 -1.17162502]"
1749227812.418556,"[ 0.00000000e+00  1.13156610e+00  9.91378760e-01  3.07191664e+00
 -2.26897623e+00  1.86936601e-03  9.58904041e-01  1.57321088e+00]","[ 0.00000000e+00 -2.03842225e-03 -2.82610351e-04 -3.27655256e-04
  4.28061766e-01  6.75243695e-01 -4.96979349e-01  8.04074979e-01]","[ 0.         -0.29612941 13.15259171  0.15580249 -7.31209421 -0.35800028
  0.66551435 -1.17162502]"
1749227812.4208183,"[ 0.00000000e+00  1.13156610e+00  9.91378760e-01  3.07191664e+00
 -2.26897623e+00  1.86936601e-03  9.58904041e-01  1.57321088e+00]","[ 0.00000000e+00 -2.03842225e-03 -2.82610351e-04 -3.27655256e-04
  4.28061766e-01  6.75243695e-01 -4.96979349e-01  8.04074979e-01]","[ 0.         -0.29612941 13.15259171  0.15580249 -7.31209421 -0.35800028
  0.66551435 -1.17162502]"
1749227812.4225826,"[ 0.00000000e+00  1.13156610e+00  9.91378760e-01  3.07191664e+00
 -2.26897623e+00  1.86936601e-03  9.58904041e-01  1.57321088e+00]","[ 0.00000000e+00 -2.03842225e-03 -2.82610351e-04 -3.27655256e-04
  4.28061766e-01  6.75243695e-01 -4.96979349e-01  8.04074979e-01]","[ 0.         -0.29612941 13.15259171  0.15580249 -7.31209421 -0.35800028
  0.66551435 -1.17162502]"
1749227812.42428,"[ 0.00000000e+00  1.13156610e+00  9.91378760e-01  3.07191664e+00
 -2.26897623e+00  1.86936601e-03  9.58904041e-01  1.57321088e+00]","[ 0.00000000e+00 -2.03842225e-03 -2.82610351e-04 -3.27655256e-04
  4.28061766e-01  6.75243695e-01 -4.96979349e-01  8.04074979e-01]","[ 0.         -0.29612941 13.15259171  0.15580249 -7.31209421 -0.35800028
  0.66551435 -1.17162502]"
1749227812.4260755,"[ 0.00000000e+00  1.13156610e+00  9.91378760e-01  3.07191664e+00
 -2.26897623e+00  1.86936601e-03  9.58904041e-01  1.57321088e+00]","[ 0.00000000e+00 -2.03842225e-03 -2.82610351e-04 -3.27655256e-04
  4.28061766e-01  6.75243695e-01 -4.96979349e-01  8.04074979e-01]","[ 0.         -0.29612941 13.15259171  0.15580249 -7.31209421 -0.35800028
  0.66551435 -1.17162502]"
1749227812.427748,"[ 0.00000000e+00  1.13156610e+00  9.91378760e-01  3.07191664e+00
 -2.26897623e+00  1.86936601e-03  9.58904041e-01  1.57321088e+00]","[ 0.00000000e+00 -2.03842225e-03 -2.82610351e-04 -3.27655256e-04
  4.28061766e-01  6.75243695e-01 -4.96979349e-01  8.04074979e-01]","[ 0.         -0.29612941 13.15259171  0.15580249 -7.31209421 -0.35800028
  0.66551435 -1.17162502]"
1749227812.4288864,"[ 0.00000000e+00  1.13156610e+00  9.91378760e-01  3.07191664e+00
 -2.26897623e+00  1.86936601e-03  9.58904041e-01  1.57321088e+00]","[ 0.00000000e+00 -2.03842225e-03 -2.82610351e-04 -3.27655256e-04
  4.28061766e-01  6.75243695e-01 -4.96979349e-01  8.04074979e-01]","[ 0.         -0.29612941 13.15259171  0.15580249 -7.31209421 -0.35800028
  0.66551435 -1.17162502]"
1749227812.4306204,"[ 0.00000000e+00  1.13156610e+00  9.91378760e-01  3.07191664e+00
 -2.26897623e+00  1.86936601e-03  9.58904041e-01  1.57321088e+00]","[ 0.00000000e+00 -2.03842225e-03 -2.82610351e-04 -3.27655256e-04
  4.28061766e-01  6.75243695e-01 -4.96979349e-01  8.04074979e-01]","[ 0.         -0.29612941 13.15259171  0.15580249 -7.31209421 -0.35800028
  0.66551435 -1.17162502]"
1749227812.4323118,"[ 0.00000000e+00  1.13156610e+00  9.91378760e-01  3.07191664e+00
 -2.26897623e+00  1.86936601e-03  9.58904041e-01  1.57321088e+00]","[ 0.00000000e+00 -2.03842225e-03 -2.82610351e-04 -3.27655256e-04
  4.28061766e-01  6.75243695e-01 -4.96979349e-01  8.04074979e-01]","[ 0.         -0.29612941 13.15259171  0.15580249 -7.31209421 -0.35800028
  0.66551435 -1.17162502]"
1749227812.4346814,"[ 0.00000000e+00  1.13156610e+00  9.91378760e-01  3.07191664e+00
 -2.26897623e+00  1.86936601e-03  9.58904041e-01  1.57321088e+00]","[ 0.00000000e+00 -2.03842225e-03 -2.82610351e-04 -3.27655256e-04
  4.28061766e-01  6.75243695e-01 -4.96979349e-01  8.04074979e-01]","[ 0.         -0.29612941 13.15259171  0.15580249 -7.31209421 -0.35800028
  0.66551435 -1.17162502]"
1749227812.436406,"[ 0.00000000e+00  1.13156610e+00  9.91378760e-01  3.07191664e+00
 -2.26897623e+00  1.86936601e-03  9.58904041e-01  1.57321088e+00]","[ 0.00000000e+00 -2.03842225e-03 -2.82610351e-04 -3.27655256e-04
  4.28061766e-01  6.75243695e-01 -4.96979349e-01  8.04074979e-01]","[ 0.         -0.29612941 13.15259171  0.15580249 -7.31209421 -0.35800028
  0.66551435 -1.17162502]"
1749227812.438766,"[ 0.00000000e+00  1.13156610e+00  9.91378760e-01  3.07191664e+00
 -2.26897623e+00  1.86936601e-03  9.58904041e-01  1.57321088e+00]","[ 0.00000000e+00 -2.03842225e-03 -2.82610351e-04 -3.27655256e-04
  4.28061766e-01  6.75243695e-01 -4.96979349e-01  8.04074979e-01]","[ 0.         -0.29612941 13.15259171  0.15580249 -7.31209421 -0.35800028
  0.66551435 -1.17162502]"
1749227812.4404018,"[ 0.00000000e+00  1.13156610e+00  9.91378760e-01  3.07191664e+00
 -2.26897623e+00  1.86936601e-03  9.58904041e-01  1.57321088e+00]","[ 0.00000000e+00 -2.03842225e-03 -2.82610351e-04 -3.27655256e-04
  4.28061766e-01  6.75243695e-01 -4.96979349e-01  8.04074979e-01]","[ 0.         -0.29612941 13.15259171  0.15580249 -7.31209421 -0.35800028
  0.66551435 -1.17162502]"
1749227812.4421682,"[ 0.00000000e+00  1.13156610e+00  9.91378760e-01  3.07191664e+00
 -2.26897623e+00  1.86936601e-03  9.58904041e-01  1.57321088e+00]","[ 0.00000000e+00 -2.03842225e-03 -2.82610351e-04 -3.27655256e-04
  4.28061766e-01  6.75243695e-01 -4.96979349e-01  8.04074979e-01]","[ 0.         -0.29612941 13.15259171  0.15580249 -7.31209421 -0.35800028
  0.66551435 -1.17162502]"
1749227812.443903,"[ 0.00000000e+00  1.13156610e+00  9.91378760e-01  3.07191664e+00
 -2.26897623e+00  1.86936601e-03  9.58904041e-01  1.57321088e+00]","[ 0.00000000e+00 -2.03842225e-03 -2.82610351e-04 -3.27655256e-04
  4.28061766e-01  6.75243695e-01 -4.96979349e-01  8.04074979e-01]","[ 0.         -0.29612941 13.15259171  0.15580249 -7.31209421 -0.35800028
  0.66551435 -1.17162502]"
1749227812.4450324,"[ 0.00000000e+00  1.13156610e+00  9.91378760e-01  3.07191664e+00
 -2.26897623e+00  1.86936601e-03  9.58904041e-01  1.57321088e+00]","[ 0.00000000e+00 -2.03842225e-03 -2.82610351e-04 -3.27655256e-04
  4.28061766e-01  6.75243695e-01 -4.96979349e-01  8.04074979e-01]","[ 0.         -0.29612941 13.15259171  0.15580249 -7.31209421 -0.35800028
  0.66551435 -1.17162502]"
1749227812.4467916,"[ 0.00000000e+00  1.13156610e+00  9.91378760e-01  3.07191664e+00
 -2.26897623e+00  1.86936601e-03  9.58904041e-01  1.57321088e+00]","[ 0.00000000e+00 -2.03842225e-03 -2.82610351e-04 -3.27655256e-04
  4.28061766e-01  6.75243695e-01 -4.96979349e-01  8.04074979e-01]","[ 0.         -0.29612941 13.15259171  0.15580249 -7.31209421 -0.35800028
  0.66551435 -1.17162502]"
1749227812.4485302,"[ 0.00000000e+00  1.13156610e+00  9.91378760e-01  3.07191664e+00
 -2.26897623e+00  1.86936601e-03  9.58904041e-01  1.57321088e+00]","[ 0.00000000e+00 -2.03842225e-03 -2.82610351e-04 -3.27655256e-04
  4.28061766e-01  6.75243695e-01 -4.96979349e-01  8.04074979e-01]","[ 0.         -0.29612941 13.15259171  0.15580249 -7.31209421 -0.35800028
  0.66551435 -1.17162502]"
1749227812.4497278,"[ 0.00000000e+00  1.13156610e+00  9.91378760e-01  3.07191664e+00
 -2.26897623e+00  1.86936601e-03  9.58904041e-01  1.57321088e+00]","[ 0.00000000e+00 -2.03842225e-03 -2.82610351e-04 -3.27655256e-04
  4.28061766e-01  6.75243695e-01 -4.96979349e-01  8.04074979e-01]","[ 0.         -0.29612941 13.15259171  0.15580249 -7.31209421 -0.35800028
  0.66551435 -1.17162502]"
1749227812.4514434,"[ 0.00000000e+00  1.13156610e+00  9.91378760e-01  3.07191664e+00
 -2.26897623e+00  1.86936601e-03  9.58904041e-01  1.57321088e+00]","[ 0.00000000e+00 -2.03842225e-03 -2.82610351e-04 -3.27655256e-04
  4.28061766e-01  6.75243695e-01 -4.96979349e-01  8.04074979e-01]","[ 0.         -0.29612941 13.15259171  0.15580249 -7.31209421 -0.35800028
  0.66551435 -1.17162502]"
1749227812.4531326,"[ 0.00000000e+00  1.13156610e+00  9.91378760e-01  3.07191664e+00
 -2.26897623e+00  1.86936601e-03  9.58904041e-01  1.57321088e+00]","[ 0.00000000e+00 -2.03842225e-03 -2.82610351e-04 -3.27655256e-04
  4.28061766e-01  6.75243695e-01 -4.96979349e-01  8.04074979e-01]","[ 0.         -0.29612941 13.15259171  0.15580249 -7.31209421 -0.35800028
  0.66551435 -1.17162502]"
1749227812.4543145,"[ 0.00000000e+00  1.13156610e+00  9.91378760e-01  3.07191664e+00
 -2.26897623e+00  1.86936601e-03  9.58904041e-01  1.57321088e+00]","[ 0.00000000e+00 -2.03842225e-03 -2.82610351e-04 -3.27655256e-04
  4.28061766e-01  6.75243695e-01 -4.96979349e-01  8.04074979e-01]","[ 0.         -0.29612941 13.15259171  0.15580249 -7.31209421 -0.35800028
  0.66551435 -1.17162502]"
1749227812.4560776,"[ 0.00000000e+00  1.13156610e+00  9.91378760e-01  3.07191664e+00
 -2.26897623e+00  1.86936601e-03  9.58904041e-01  1.57321088e+00]","[ 0.00000000e+00 -2.03842225e-03 -2.82610351e-04 -3.27655256e-04
  4.28061766e-01  6.75243695e-01 -4.96979349e-01  8.04074979e-01]","[ 0.         -0.29612941 13.15259171  0.15580249 -7.31209421 -0.35800028
  0.66551435 -1.17162502]"
1749227812.4572153,"[ 0.00000000e+00  1.13151017e+00  9.91363580e-01  3.07151210e+00
 -2.26897623e+00  1.86936601e-03  9.58904041e-01  1.57321088e+00]","[ 0.00000000e+00 -4.60999914e-04 -3.03213374e-04 -3.85848058e-02
  4.28061766e-01  6.75243695e-01 -4.96979349e-01  8.04074979e-01]","[ 0.         -0.33638901 13.09723377  0.34965742 -7.31209421 -0.35800028
  0.66551435 -1.17162502]"
1749227812.4589632,"[ 0.00000000e+00  1.13151017e+00  9.91363580e-01  3.07151210e+00
 -2.26897623e+00  1.86936601e-03  9.58904041e-01  1.57321088e+00]","[ 0.00000000e+00 -4.60999914e-04 -3.03213374e-04 -3.85848058e-02
  4.28061766e-01  6.75243695e-01 -4.96979349e-01  8.04074979e-01]","[ 0.         -0.33638901 13.09723377  0.34965742 -7.31209421 -0.35800028
  0.66551435 -1.17162502]"
1749227812.4606345,"[ 0.00000000e+00  1.13151017e+00  9.91363580e-01  3.07151210e+00
 -2.26897623e+00  1.86936601e-03  9.58904041e-01  1.57321088e+00]","[ 0.00000000e+00 -4.60999914e-04 -3.03213374e-04 -3.85848058e-02
  4.28061766e-01  6.75243695e-01 -4.96979349e-01  8.04074979e-01]","[ 0.         -0.33638901 13.09723377  0.34965742 -7.31209421 -0.35800028
  0.66551435 -1.17162502]"
1749227812.4617753,"[ 0.00000000e+00  1.13151017e+00  9.91363580e-01  3.07151210e+00
 -2.26897623e+00  1.86936601e-03  9.58904041e-01  1.57321088e+00]","[ 0.00000000e+00 -4.60999914e-04 -3.03213374e-04 -3.85848058e-02
  4.28061766e-01  6.75243695e-01 -4.96979349e-01  8.04074979e-01]","[ 0.         -0.33638901 13.09723377  0.34965742 -7.31209421 -0.35800028
  0.66551435 -1.17162502]"
1749227812.46346,"[ 0.00000000e+00  1.13151017e+00  9.91363580e-01  3.07151210e+00
 -2.26897623e+00  1.86936601e-03  9.58904041e-01  1.57321088e+00]","[ 0.00000000e+00 -4.60999914e-04 -3.03213374e-04 -3.85848058e-02
  4.28061766e-01  6.75243695e-01 -4.96979349e-01  8.04074979e-01]","[ 0.         -0.33638901 13.09723377  0.34965742 -7.31209421 -0.35800028
  0.66551435 -1.17162502]"
1749227812.465686,"[ 0.00000000e+00  1.13151017e+00  9.91363580e-01  3.07151210e+00
 -2.26897623e+00  1.86936601e-03  9.58904041e-01  1.57321088e+00]","[ 0.00000000e+00 -4.60999914e-04 -3.03213374e-04 -3.85848058e-02
  4.28061766e-01  6.75243695e-01 -4.96979349e-01  8.04074979e-01]","[ 0.         -0.33638901 13.09723377  0.34965742 -7.31209421 -0.35800028
  0.66551435 -1.17162502]"
1749227812.4679253,"[ 0.00000000e+00  1.13151017e+00  9.91363580e-01  3.07151210e+00
 -2.26897623e+00  1.86936601e-03  9.58904041e-01  1.57321088e+00]","[ 0.00000000e+00 -4.60999914e-04 -3.03213374e-04 -3.85848058e-02
  4.28061766e-01  6.75243695e-01 -4.96979349e-01  8.04074979e-01]","[ 0.         -0.33638901 13.09723377  0.34965742 -7.31209421 -0.35800028
  0.66551435 -1.17162502]"
1749227812.4696488,"[ 0.00000000e+00  1.13151017e+00  9.91363580e-01  3.07151210e+00
 -2.26897623e+00  1.86936601e-03  9.58904041e-01  1.57321088e+00]","[ 0.00000000e+00 -4.60999914e-04 -3.03213374e-04 -3.85848058e-02
  4.28061766e-01  6.75243695e-01 -4.96979349e-01  8.04074979e-01]","[ 0.         -0.33638901 13.09723377  0.34965742 -7.31209421 -0.35800028
  0.66551435 -1.17162502]"
1749227812.4714425,"[ 0.00000000e+00  1.13151017e+00  9.91363580e-01  3.07151210e+00
 -2.26897623e+00  1.86936601e-03  9.58904041e-01  1.57321088e+00]","[ 0.00000000e+00 -4.60999914e-04 -3.03213374e-04 -3.85848058e-02
  4.28061766e-01  6.75243695e-01 -4.96979349e-01  8.04074979e-01]","[ 0.         -0.33638901 13.09723377  0.34965742 -7.31209421 -0.35800028
  0.66551435 -1.17162502]"
1749227812.472613,"[ 0.00000000e+00  1.13151017e+00  9.91363580e-01  3.07151210e+00
 -2.26897623e+00  1.86936601e-03  9.58904041e-01  1.57321088e+00]","[ 0.00000000e+00 -4.60999914e-04 -3.03213374e-04 -3.85848058e-02
  4.28061766e-01  6.75243695e-01 -4.96979349e-01  8.04074979e-01]","[ 0.         -0.33638901 13.09723377  0.34965742 -7.31209421 -0.35800028
  0.66551435 -1.17162502]"
1749227812.4743795,"[ 0.00000000e+00  1.13151017e+00  9.91363580e-01  3.07151210e+00
 -2.26897623e+00  1.86936601e-03  9.58904041e-01  1.57321088e+00]","[ 0.00000000e+00 -4.60999914e-04 -3.03213374e-04 -3.85848058e-02
  4.28061766e-01  6.75243695e-01 -4.96979349e-01  8.04074979e-01]","[ 0.         -0.33638901 13.09723377  0.34965742 -7.31209421 -0.35800028
  0.66551435 -1.17162502]"
1749227812.4761317,"[ 0.00000000e+00  1.13151017e+00  9.91363580e-01  3.07151210e+00
 -2.26897623e+00  1.86936601e-03  9.58904041e-01  1.57321088e+00]","[ 0.00000000e+00 -4.60999914e-04 -3.03213374e-04 -3.85848058e-02
  4.28061766e-01  6.75243695e-01 -4.96979349e-01  8.04074979e-01]","[ 0.         -0.33638901 13.09723377  0.34965742 -7.31209421 -0.35800028
  0.66551435 -1.17162502]"
1749227812.4778519,"[ 0.00000000e+00  1.13151017e+00  9.91363580e-01  3.07151210e+00
 -2.26897623e+00  1.86936601e-03  9.58904041e-01  1.57321088e+00]","[ 0.00000000e+00 -4.60999914e-04 -3.03213374e-04 -3.85848058e-02
  4.28061766e-01  6.75243695e-01 -4.96979349e-01  8.04074979e-01]","[ 0.         -0.33638901 13.09723377  0.34965742 -7.31209421 -0.35800028
  0.66551435 -1.17162502]"
1749227812.4796412,"[ 0.00000000e+00  1.13151017e+00  9.91363580e-01  3.07151210e+00
 -2.26897623e+00  1.86936601e-03  9.58904041e-01  1.57321088e+00]","[ 0.00000000e+00 -4.60999914e-04 -3.03213374e-04 -3.85848058e-02
  4.28061766e-01  6.75243695e-01 -4.96979349e-01  8.04074979e-01]","[ 0.         -0.33638901 13.09723377  0.34965742 -7.31209421 -0.35800028
  0.66551435 -1.17162502]"
1749227812.4813836,"[ 0.00000000e+00  1.13151017e+00  9.91363580e-01  3.07151210e+00
 -2.26897623e+00  1.86936601e-03  9.58904041e-01  1.57321088e+00]","[ 0.00000000e+00 -4.60999914e-04 -3.03213374e-04 -3.85848058e-02
  4.28061766e-01  6.75243695e-01 -4.96979349e-01  8.04074979e-01]","[ 0.         -0.33638901 13.09723377  0.34965742 -7.31209421 -0.35800028
  0.66551435 -1.17162502]"
1749227812.4831192,"[ 0.00000000e+00  1.13151017e+00  9.91363580e-01  3.07151210e+00
 -2.26897623e+00  1.86936601e-03  9.58904041e-01  1.57321088e+00]","[ 0.00000000e+00 -4.60999914e-04 -3.03213374e-04 -3.85848058e-02
  4.28061766e-01  6.75243695e-01 -4.96979349e-01  8.04074979e-01]","[ 0.         -0.33638901 13.09723377  0.34965742 -7.31209421 -0.35800028
  0.66551435 -1.17162502]"
1749227812.48434,"[ 0.00000000e+00  1.13151017e+00  9.91363580e-01  3.07151210e+00
 -2.26897623e+00  1.86936601e-03  9.58904041e-01  1.57321088e+00]","[ 0.00000000e+00 -4.60999914e-04 -3.03213374e-04 -3.85848058e-02
  4.28061766e-01  6.75243695e-01 -4.96979349e-01  8.04074979e-01]","[ 0.         -0.33638901 13.09723377  0.34965742 -7.31209421 -0.35800028
  0.66551435 -1.17162502]"
1749227812.4860315,"[ 0.00000000e+00  1.13151017e+00  9.91363580e-01  3.07151210e+00
 -2.26897623e+00  1.86936601e-03  9.58904041e-01  1.57321088e+00]","[ 0.00000000e+00 -4.60999914e-04 -3.03213374e-04 -3.85848058e-02
  4.28061766e-01  6.75243695e-01 -4.96979349e-01  8.04074979e-01]","[ 0.         -0.33638901 13.09723377  0.34965742 -7.31209421 -0.35800028
  0.66551435 -1.17162502]"
1749227812.487807,"[ 0.00000000e+00  1.13151017e+00  9.91363580e-01  3.07151210e+00
 -2.26897623e+00  1.86936601e-03  9.58904041e-01  1.57321088e+00]","[ 0.00000000e+00 -4.60999914e-04 -3.03213374e-04 -3.85848058e-02
  4.28061766e-01  6.75243695e-01 -4.96979349e-01  8.04074979e-01]","[ 0.         -0.33638901 13.09723377  0.34965742 -7.31209421 -0.35800028
  0.66551435 -1.17162502]"
1749227812.4890027,"[ 0.00000000e+00  1.13151017e+00  9.91363580e-01  3.07151210e+00
 -2.26897623e+00  1.86936601e-03  9.58904041e-01  1.57321088e+00]","[ 0.00000000e+00 -4.60999914e-04 -3.03213374e-04 -3.85848058e-02
  4.28061766e-01  6.75243695e-01 -4.96979349e-01  8.04074979e-01]","[ 0.         -0.33638901 13.09723377  0.34965742 -7.31209421 -0.35800028
  0.66551435 -1.17162502]"
1749227812.4907956,"[ 0.00000000e+00  1.13151017e+00  9.91363580e-01  3.07151210e+00
 -2.26897623e+00  1.86936601e-03  9.58904041e-01  1.57321088e+00]","[ 0.00000000e+00 -4.60999914e-04 -3.03213374e-04 -3.85848058e-02
  4.28061766e-01  6.75243695e-01 -4.96979349e-01  8.04074979e-01]","[ 0.         -0.33638901 13.09723377  0.34965742 -7.31209421 -0.35800028
  0.66551435 -1.17162502]"
1749227812.4925072,"[ 0.00000000e+00  1.13151017e+00  9.91363580e-01  3.07151210e+00
 -2.26897623e+00  1.86936601e-03  9.58904041e-01  1.57321088e+00]","[ 0.00000000e+00 -4.60999914e-04 -3.03213374e-04 -3.85848058e-02
  4.28061766e-01  6.75243695e-01 -4.96979349e-01  8.04074979e-01]","[ 0.         -0.33638901 13.09723377  0.34965742 -7.31209421 -0.35800028
  0.66551435 -1.17162502]"
1749227812.4936888,"[ 0.00000000e+00  1.13151017e+00  9.91363580e-01  3.07151210e+00
 -2.26897623e+00  1.86936601e-03  9.58904041e-01  1.57321088e+00]","[ 0.00000000e+00 -4.60999914e-04 -3.03213374e-04 -3.85848058e-02
  4.28061766e-01  6.75243695e-01 -4.96979349e-01  8.04074979e-01]","[ 0.         -0.33638901 13.09723377  0.34965742 -7.31209421 -0.35800028
  0.66551435 -1.17162502]"
1749227812.4954607,"[ 0.00000000e+00  1.13151017e+00  9.91363580e-01  3.07151210e+00
 -2.26897623e+00  1.86936601e-03  9.58904041e-01  1.57321088e+00]","[ 0.00000000e+00 -4.60999914e-04 -3.03213374e-04 -3.85848058e-02
  4.28061766e-01  6.75243695e-01 -4.96979349e-01  8.04074979e-01]","[ 0.         -0.33638901 13.09723377  0.34965742 -7.31209421 -0.35800028
  0.66551435 -1.17162502]"
1749227812.4971833,"[ 0.00000000e+00  1.13151017e+00  9.91363580e-01  3.07151210e+00
 -2.26897623e+00  1.86936601e-03  9.58904041e-01  1.57321088e+00]","[ 0.00000000e+00 -4.60999914e-04 -3.03213374e-04 -3.85848058e-02
  4.28061766e-01  6.75243695e-01 -4.96979349e-01  8.04074979e-01]","[ 0.         -0.33638901 13.09723377  0.34965742 -7.31209421 -0.35800028
  0.66551435 -1.17162502]"
1749227812.4990072,"[ 0.00000000e+00  1.13151017e+00  9.91363580e-01  3.07151210e+00
 -2.26897623e+00  1.86936601e-03  9.58904041e-01  1.57321088e+00]","[ 0.00000000e+00 -4.60999914e-04 -3.03213374e-04 -3.85848058e-02
  4.28061766e-01  6.75243695e-01 -4.96979349e-01  8.04074979e-01]","[ 0.         -0.33638901 13.09723377  0.34965742 -7.31209421 -0.35800028
  0.66551435 -1.17162502]"
1749227812.5001411,"[ 0.00000000e+00  1.13151017e+00  9.91363580e-01  3.07151210e+00
 -2.26897623e+00  1.86936601e-03  9.58904041e-01  1.57321088e+00]","[ 0.00000000e+00 -4.60999914e-04 -3.03213374e-04 -3.85848058e-02
  4.28061766e-01  6.75243695e-01 -4.96979349e-01  8.04074979e-01]","[ 0.         -0.33638901 13.09723377  0.34965742 -7.31209421 -0.35800028
  0.66551435 -1.17162502]"
1749227812.5019834,"[ 0.00000000e+00  1.13151017e+00  9.91363580e-01  3.07151210e+00
 -2.26897623e+00  1.86936601e-03  9.58904041e-01  1.57321088e+00]","[ 0.00000000e+00 -4.60999914e-04 -3.03213374e-04 -3.85848058e-02
  4.28061766e-01  6.75243695e-01 -4.96979349e-01  8.04074979e-01]","[ 0.         -0.33638901 13.09723377  0.34965742 -7.31209421 -0.35800028
  0.66551435 -1.17162502]"
1749227812.5031536,"[ 0.00000000e+00  1.13151017e+00  9.91363580e-01  3.07151210e+00
 -2.26897623e+00  1.86936601e-03  9.58904041e-01  1.57321088e+00]","[ 0.00000000e+00 -4.60999914e-04 -3.03213374e-04 -3.85848058e-02
  4.28061766e-01  6.75243695e-01 -4.96979349e-01  8.04074979e-01]","[ 0.         -0.33638901 13.09723377  0.34965742 -7.31209421 -0.35800028
  0.66551435 -1.17162502]"
1749227812.5048933,"[ 0.00000000e+00  1.13151017e+00  9.91363580e-01  3.07151210e+00
 -2.26897623e+00  1.86936601e-03  9.58904041e-01  1.57321088e+00]","[ 0.00000000e+00 -4.60999914e-04 -3.03213374e-04 -3.85848058e-02
  4.28061766e-01  6.75243695e-01 -4.96979349e-01  8.04074979e-01]","[ 0.         -0.33638901 13.09723377  0.34965742 -7.31209421 -0.35800028
  0.66551435 -1.17162502]"
1749227812.5066676,"[ 0.00000000e+00  1.13150737e+00  9.91348933e-01  3.06792056e+00
 -2.26897623e+00  1.86936601e-03  9.58904041e-01  1.57321088e+00]","[ 0.00000000e+00 -4.63665302e-05 -2.86578077e-04 -7.10356359e-02
  4.28061766e-01  6.75243695e-01 -4.96979349e-01  8.04074979e-01]","[ 0.          0.28663394 13.10261154  0.96203977 -7.31209421 -0.35800028
  0.66551435 -1.17162502]"
1749227812.5084615,"[ 0.00000000e+00  1.13150737e+00  9.91348933e-01  3.06792056e+00
 -2.26897623e+00  1.86936601e-03  9.58904041e-01  1.57321088e+00]","[ 0.00000000e+00 -4.63665302e-05 -2.86578077e-04 -7.10356359e-02
  4.28061766e-01  6.75243695e-01 -4.96979349e-01  8.04074979e-01]","[ 0.          0.28663394 13.10261154  0.96203977 -7.31209421 -0.35800028
  0.66551435 -1.17162502]"
1749227812.5104444,"[ 0.00000000e+00  1.13150737e+00  9.91348933e-01  3.06792056e+00
 -2.26897623e+00  1.86936601e-03  9.58904041e-01  1.57321088e+00]","[ 0.00000000e+00 -4.63665302e-05 -2.86578077e-04 -7.10356359e-02
  4.28061766e-01  6.75243695e-01 -4.96979349e-01  8.04074979e-01]","[ 0.          0.28663394 13.10261154  0.96203977 -7.31209421 -0.35800028
  0.66551435 -1.17162502]"
1749227812.513735,"[ 0.00000000e+00  1.13150737e+00  9.91348933e-01  3.06792056e+00
 -2.26897623e+00  1.86936601e-03  9.58904041e-01  1.57321088e+00]","[ 0.00000000e+00 -4.63665302e-05 -2.86578077e-04 -7.10356359e-02
  4.28061766e-01  6.75243695e-01 -4.96979349e-01  8.04074979e-01]","[ 0.          0.28663394 13.10261154  0.96203977 -7.31209421 -0.35800028
  0.66551435 -1.17162502]"
1749227812.514064,"[ 0.00000000e+00  1.13150737e+00  9.91348933e-01  3.06792056e+00
 -2.26897623e+00  1.86936601e-03  9.58904041e-01  1.57321088e+00]","[ 0.00000000e+00 -4.63665302e-05 -2.86578077e-04 -7.10356359e-02
  4.28061766e-01  6.75243695e-01 -4.96979349e-01  8.04074979e-01]","[ 0.          0.28663394 13.10261154  0.96203977 -7.31209421 -0.35800028
  0.66551435 -1.17162502]"
1749227812.5163987,"[ 0.00000000e+00  1.13150737e+00  9.91348933e-01  3.06792056e+00
 -2.26897623e+00  1.86936601e-03  9.58904041e-01  1.57321088e+00]","[ 0.00000000e+00 -4.63665302e-05 -2.86578077e-04 -7.10356359e-02
  4.28061766e-01  6.75243695e-01 -4.96979349e-01  8.04074979e-01]","[ 0.          0.28663394 13.10261154  0.96203977 -7.31209421 -0.35800028
  0.66551435 -1.17162502]"
1749227812.5186768,"[ 0.00000000e+00  1.13150737e+00  9.91348933e-01  3.06792056e+00
 -2.26897623e+00  1.86936601e-03  9.58904041e-01  1.57321088e+00]","[ 0.00000000e+00 -4.63665302e-05 -2.86578077e-04 -7.10356359e-02
  4.28061766e-01  6.75243695e-01 -4.96979349e-01  8.04074979e-01]","[ 0.          0.28663394 13.10261154  0.96203977 -7.31209421 -0.35800028
  0.66551435 -1.17162502]"
1749227812.5209432,"[ 0.00000000e+00  1.13150737e+00  9.91348933e-01  3.06792056e+00
 -2.26897623e+00  1.86936601e-03  9.58904041e-01  1.57321088e+00]","[ 0.00000000e+00 -4.63665302e-05 -2.86578077e-04 -7.10356359e-02
  4.28061766e-01  6.75243695e-01 -4.96979349e-01  8.04074979e-01]","[ 0.          0.28663394 13.10261154  0.96203977 -7.31209421 -0.35800028
  0.66551435 -1.17162502]"
1749227812.5220275,"[ 0.00000000e+00  1.13150737e+00  9.91348933e-01  3.06792056e+00
 -2.26897623e+00  1.86936601e-03  9.58904041e-01  1.57321088e+00]","[ 0.00000000e+00 -4.63665302e-05 -2.86578077e-04 -7.10356359e-02
  4.28061766e-01  6.75243695e-01 -4.96979349e-01  8.04074979e-01]","[ 0.          0.28663394 13.10261154  0.96203977 -7.31209421 -0.35800028
  0.66551435 -1.17162502]"
1749227812.5238574,"[ 0.00000000e+00  1.13150737e+00  9.91348933e-01  3.06792056e+00
 -2.26897623e+00  1.86936601e-03  9.58904041e-01  1.57321088e+00]","[ 0.00000000e+00 -4.63665302e-05 -2.86578077e-04 -7.10356359e-02
  4.28061766e-01  6.75243695e-01 -4.96979349e-01  8.04074979e-01]","[ 0.          0.28663394 13.10261154  0.96203977 -7.31209421 -0.35800028
  0.66551435 -1.17162502]"
1749227812.5255837,"[ 0.00000000e+00  1.13150737e+00  9.91348933e-01  3.06792056e+00
 -2.26897623e+00  1.86936601e-03  9.58904041e-01  1.57321088e+00]","[ 0.00000000e+00 -4.63665302e-05 -2.86578077e-04 -7.10356359e-02
  4.28061766e-01  6.75243695e-01 -4.96979349e-01  8.04074979e-01]","[ 0.          0.28663394 13.10261154  0.96203977 -7.31209421 -0.35800028
  0.66551435 -1.17162502]"
1749227812.5272152,"[ 0.00000000e+00  1.13150737e+00  9.91348933e-01  3.06792056e+00
 -2.26897623e+00  1.86936601e-03  9.58904041e-01  1.57321088e+00]","[ 0.00000000e+00 -4.63665302e-05 -2.86578077e-04 -7.10356359e-02
  4.28061766e-01  6.75243695e-01 -4.96979349e-01  8.04074979e-01]","[ 0.          0.28663394 13.10261154  0.96203977 -7.31209421 -0.35800028
  0.66551435 -1.17162502]"
1749227812.5283518,"[ 0.00000000e+00  1.13150737e+00  9.91348933e-01  3.06792056e+00
 -2.26897623e+00  1.86936601e-03  9.58904041e-01  1.57321088e+00]","[ 0.00000000e+00 -4.63665302e-05 -2.86578077e-04 -7.10356359e-02
  4.28061766e-01  6.75243695e-01 -4.96979349e-01  8.04074979e-01]","[ 0.          0.28663394 13.10261154  0.96203977 -7.31209421 -0.35800028
  0.66551435 -1.17162502]"
1749227812.5307095,"[ 0.00000000e+00  1.13150737e+00  9.91348933e-01  3.06792056e+00
 -2.26897623e+00  1.86936601e-03  9.58904041e-01  1.57321088e+00]","[ 0.00000000e+00 -4.63665302e-05 -2.86578077e-04 -7.10356359e-02
  4.28061766e-01  6.75243695e-01 -4.96979349e-01  8.04074979e-01]","[ 0.          0.28663394 13.10261154  0.96203977 -7.31209421 -0.35800028
  0.66551435 -1.17162502]"
1749227812.5324745,"[ 0.00000000e+00  1.13150737e+00  9.91348933e-01  3.06792056e+00
 -2.26897623e+00  1.86936601e-03  9.58904041e-01  1.57321088e+00]","[ 0.00000000e+00 -4.63665302e-05 -2.86578077e-04 -7.10356359e-02
  4.28061766e-01  6.75243695e-01 -4.96979349e-01  8.04074979e-01]","[ 0.          0.28663394 13.10261154  0.96203977 -7.31209421 -0.35800028
  0.66551435 -1.17162502]"
1749227812.5342631,"[ 0.00000000e+00  1.13150737e+00  9.91348933e-01  3.06792056e+00
 -2.26897623e+00  1.86936601e-03  9.58904041e-01  1.57321088e+00]","[ 0.00000000e+00 -4.63665302e-05 -2.86578077e-04 -7.10356359e-02
  4.28061766e-01  6.75243695e-01 -4.96979349e-01  8.04074979e-01]","[ 0.          0.28663394 13.10261154  0.96203977 -7.31209421 -0.35800028
  0.66551435 -1.17162502]"
1749227812.5360405,"[ 0.00000000e+00  1.13150737e+00  9.91348933e-01  3.06792056e+00
 -2.26897623e+00  1.86936601e-03  9.58904041e-01  1.57321088e+00]","[ 0.00000000e+00 -4.63665302e-05 -2.86578077e-04 -7.10356359e-02
  4.28061766e-01  6.75243695e-01 -4.96979349e-01  8.04074979e-01]","[ 0.          0.28663394 13.10261154  0.96203977 -7.31209421 -0.35800028
  0.66551435 -1.17162502]"
1749227812.53857,"[ 0.00000000e+00  1.13150737e+00  9.91348933e-01  3.06792056e+00
 -2.26897623e+00  1.86936601e-03  9.58904041e-01  1.57321088e+00]","[ 0.00000000e+00 -4.63665302e-05 -2.86578077e-04 -7.10356359e-02
  4.28061766e-01  6.75243695e-01 -4.96979349e-01  8.04074979e-01]","[ 0.          0.28663394 13.10261154  0.96203977 -7.31209421 -0.35800028
  0.66551435 -1.17162502]"
1749227812.5415187,"[ 0.00000000e+00  1.13150737e+00  9.91348933e-01  3.06792056e+00
 -2.26897623e+00  1.86936601e-03  9.58904041e-01  1.57321088e+00]","[ 0.00000000e+00 -4.63665302e-05 -2.86578077e-04 -7.10356359e-02
  4.28061766e-01  6.75243695e-01 -4.96979349e-01  8.04074979e-01]","[ 0.          0.28663394 13.10261154  0.96203977 -7.31209421 -0.35800028
  0.66551435 -1.17162502]"
1749227812.5438862,"[ 0.00000000e+00  1.13150737e+00  9.91348933e-01  3.06792056e+00
 -2.26897623e+00  1.86936601e-03  9.58904041e-01  1.57321088e+00]","[ 0.00000000e+00 -4.63665302e-05 -2.86578077e-04 -7.10356359e-02
  4.28061766e-01  6.75243695e-01 -4.96979349e-01  8.04074979e-01]","[ 0.          0.28663394 13.10261154  0.96203977 -7.31209421 -0.35800028
  0.66551435 -1.17162502]"
1749227812.54565,"[ 0.00000000e+00  1.13150737e+00  9.91348933e-01  3.06792056e+00
 -2.26897623e+00  1.86936601e-03  9.58904041e-01  1.57321088e+00]","[ 0.00000000e+00 -4.63665302e-05 -2.86578077e-04 -7.10356359e-02
  4.28061766e-01  6.75243695e-01 -4.96979349e-01  8.04074979e-01]","[ 0.          0.28663394 13.10261154  0.96203977 -7.31209421 -0.35800028
  0.66551435 -1.17162502]"
1749227812.5474017,"[ 0.00000000e+00  1.13150737e+00  9.91348933e-01  3.06792056e+00
 -2.26897623e+00  1.86936601e-03  9.58904041e-01  1.57321088e+00]","[ 0.00000000e+00 -4.63665302e-05 -2.86578077e-04 -7.10356359e-02
  4.28061766e-01  6.75243695e-01 -4.96979349e-01  8.04074979e-01]","[ 0.          0.28663394 13.10261154  0.96203977 -7.31209421 -0.35800028
  0.66551435 -1.17162502]"
1749227812.5485818,"[ 0.00000000e+00  1.13150737e+00  9.91348933e-01  3.06792056e+00
 -2.26897623e+00  1.86936601e-03  9.58904041e-01  1.57321088e+00]","[ 0.00000000e+00 -4.63665302e-05 -2.86578077e-04 -7.10356359e-02
  4.28061766e-01  6.75243695e-01 -4.96979349e-01  8.04074979e-01]","[ 0.          0.28663394 13.10261154  0.96203977 -7.31209421 -0.35800028
  0.66551435 -1.17162502]"
1749227812.55037,"[ 0.00000000e+00  1.13150737e+00  9.91348933e-01  3.06792056e+00
 -2.26897623e+00  1.86936601e-03  9.58904041e-01  1.57321088e+00]","[ 0.00000000e+00 -4.63665302e-05 -2.86578077e-04 -7.10356359e-02
  4.28061766e-01  6.75243695e-01 -4.96979349e-01  8.04074979e-01]","[ 0.          0.28663394 13.10261154  0.96203977 -7.31209421 -0.35800028
  0.66551435 -1.17162502]"
1749227812.5524993,"[ 0.00000000e+00  1.13150737e+00  9.91348933e-01  3.06792056e+00
 -2.26897623e+00  1.86936601e-03  9.58904041e-01  1.57321088e+00]","[ 0.00000000e+00 -4.63665302e-05 -2.86578077e-04 -7.10356359e-02
  4.28061766e-01  6.75243695e-01 -4.96979349e-01  8.04074979e-01]","[ 0.          0.28663394 13.10261154  0.96203977 -7.31209421 -0.35800028
  0.66551435 -1.17162502]"
1749227812.5542607,"[ 0.00000000e+00  1.13150737e+00  9.91348933e-01  3.06792056e+00
 -2.26897623e+00  1.86936601e-03  9.58904041e-01  1.57321088e+00]","[ 0.00000000e+00 -4.63665302e-05 -2.86578077e-04 -7.10356359e-02
  4.28061766e-01  6.75243695e-01 -4.96979349e-01  8.04074979e-01]","[ 0.          0.28663394 13.10261154  0.96203977 -7.31209421 -0.35800028
  0.66551435 -1.17162502]"
1749227812.5554645,"[ 0.00000000e+00  1.13150737e+00  9.91348933e-01  3.06792056e+00
 -2.26897623e+00  1.86936601e-03  9.58904041e-01  1.57321088e+00]","[ 0.00000000e+00 -4.63665302e-05 -2.86578077e-04 -7.10356359e-02
  4.28061766e-01  6.75243695e-01 -4.96979349e-01  8.04074979e-01]","[ 0.          0.28663394 13.10261154  0.96203977 -7.31209421 -0.35800028
  0.66551435 -1.17162502]"
1749227812.5571127,"[ 0.00000000e+00  1.13144852e+00  9.91330557e-01  3.06500174e+00
 -2.26897623e+00  1.86936601e-03  9.58904041e-01  1.57321088e+00]","[ 0.00000000e+00 -7.69421764e-04 -3.61213719e-04 -2.45788713e-02
  4.28061766e-01  6.75243695e-01 -4.96979349e-01  8.04074979e-01]","[ 0.         -1.16119981 13.0401144   0.26917154 -7.31209421 -0.35800028
  0.66551435 -1.17162502]"
1749227812.558301,"[ 0.00000000e+00  1.13144852e+00  9.91330557e-01  3.06500174e+00
 -2.26897623e+00  1.86936601e-03  9.58904041e-01  1.57321088e+00]","[ 0.00000000e+00 -7.69421764e-04 -3.61213719e-04 -2.45788713e-02
  4.28061766e-01  6.75243695e-01 -4.96979349e-01  8.04074979e-01]","[ 0.         -1.16119981 13.0401144   0.26917154 -7.31209421 -0.35800028
  0.66551435 -1.17162502]"
1749227812.560034,"[ 0.00000000e+00  1.13144852e+00  9.91330557e-01  3.06500174e+00
 -2.26897623e+00  1.86936601e-03  9.58904041e-01  1.57321088e+00]","[ 0.00000000e+00 -7.69421764e-04 -3.61213719e-04 -2.45788713e-02
  4.28061766e-01  6.75243695e-01 -4.96979349e-01  8.04074979e-01]","[ 0.         -1.16119981 13.0401144   0.26917154 -7.31209421 -0.35800028
  0.66551435 -1.17162502]"
1749227812.5618067,"[ 0.00000000e+00  1.13144852e+00  9.91330557e-01  3.06500174e+00
 -2.26897623e+00  1.86936601e-03  9.58904041e-01  1.57321088e+00]","[ 0.00000000e+00 -7.69421764e-04 -3.61213719e-04 -2.45788713e-02
  4.28061766e-01  6.75243695e-01 -4.96979349e-01  8.04074979e-01]","[ 0.         -1.16119981 13.0401144   0.26917154 -7.31209421 -0.35800028
  0.66551435 -1.17162502]"
1749227812.5640402,"[ 0.00000000e+00  1.13144852e+00  9.91330557e-01  3.06500174e+00
 -2.26897623e+00  1.86936601e-03  9.58904041e-01  1.57321088e+00]","[ 0.00000000e+00 -7.69421764e-04 -3.61213719e-04 -2.45788713e-02
  4.28061766e-01  6.75243695e-01 -4.96979349e-01  8.04074979e-01]","[ 0.         -1.16119981 13.0401144   0.26917154 -7.31209421 -0.35800028
  0.66551435 -1.17162502]"
1749227812.5658326,"[ 0.00000000e+00  1.13144852e+00  9.91330557e-01  3.06500174e+00
 -2.26897623e+00  1.86936601e-03  9.58904041e-01  1.57321088e+00]","[ 0.00000000e+00 -7.69421764e-04 -3.61213719e-04 -2.45788713e-02
  4.28061766e-01  6.75243695e-01 -4.96979349e-01  8.04074979e-01]","[ 0.         -1.16119981 13.0401144   0.26917154 -7.31209421 -0.35800028
  0.66551435 -1.17162502]"
1749227812.5670469,"[ 0.00000000e+00  1.13144852e+00  9.91330557e-01  3.06500174e+00
 -2.26897623e+00  1.86936601e-03  9.58904041e-01  1.57321088e+00]","[ 0.00000000e+00 -7.69421764e-04 -3.61213719e-04 -2.45788713e-02
  4.28061766e-01  6.75243695e-01 -4.96979349e-01  8.04074979e-01]","[ 0.         -1.16119981 13.0401144   0.26917154 -7.31209421 -0.35800028
  0.66551435 -1.17162502]"
1749227812.5687668,"[ 0.00000000e+00  1.13144852e+00  9.91330557e-01  3.06500174e+00
 -2.26897623e+00  1.86936601e-03  9.58904041e-01  1.57321088e+00]","[ 0.00000000e+00 -7.69421764e-04 -3.61213719e-04 -2.45788713e-02
  4.28061766e-01  6.75243695e-01 -4.96979349e-01  8.04074979e-01]","[ 0.         -1.16119981 13.0401144   0.26917154 -7.31209421 -0.35800028
  0.66551435 -1.17162502]"
1749227812.5704892,"[ 0.00000000e+00  1.13144852e+00  9.91330557e-01  3.06500174e+00
 -2.26897623e+00  1.86936601e-03  9.58904041e-01  1.57321088e+00]","[ 0.00000000e+00 -7.69421764e-04 -3.61213719e-04 -2.45788713e-02
  4.28061766e-01  6.75243695e-01 -4.96979349e-01  8.04074979e-01]","[ 0.         -1.16119981 13.0401144   0.26917154 -7.31209421 -0.35800028
  0.66551435 -1.17162502]"
1749227812.571719,"[ 0.00000000e+00  1.13144852e+00  9.91330557e-01  3.06500174e+00
 -2.26897623e+00  1.86936601e-03  9.58904041e-01  1.57321088e+00]","[ 0.00000000e+00 -7.69421764e-04 -3.61213719e-04 -2.45788713e-02
  4.28061766e-01  6.75243695e-01 -4.96979349e-01  8.04074979e-01]","[ 0.         -1.16119981 13.0401144   0.26917154 -7.31209421 -0.35800028
  0.66551435 -1.17162502]"
1749227812.5734332,"[ 0.00000000e+00  1.13144852e+00  9.91330557e-01  3.06500174e+00
 -2.26897623e+00  1.86936601e-03  9.58904041e-01  1.57321088e+00]","[ 0.00000000e+00 -7.69421764e-04 -3.61213719e-04 -2.45788713e-02
  4.28061766e-01  6.75243695e-01 -4.96979349e-01  8.04074979e-01]","[ 0.         -1.16119981 13.0401144   0.26917154 -7.31209421 -0.35800028
  0.66551435 -1.17162502]"
1749227812.5752118,"[ 0.00000000e+00  1.13144852e+00  9.91330557e-01  3.06500174e+00
 -2.26897623e+00  1.86936601e-03  9.58904041e-01  1.57321088e+00]","[ 0.00000000e+00 -7.69421764e-04 -3.61213719e-04 -2.45788713e-02
  4.28061766e-01  6.75243695e-01 -4.96979349e-01  8.04074979e-01]","[ 0.         -1.16119981 13.0401144   0.26917154 -7.31209421 -0.35800028
  0.66551435 -1.17162502]"
1749227812.576359,"[ 0.00000000e+00  1.13144852e+00  9.91330557e-01  3.06500174e+00
 -2.26897623e+00  1.86936601e-03  9.58904041e-01  1.57321088e+00]","[ 0.00000000e+00 -7.69421764e-04 -3.61213719e-04 -2.45788713e-02
  4.28061766e-01  6.75243695e-01 -4.96979349e-01  8.04074979e-01]","[ 0.         -1.16119981 13.0401144   0.26917154 -7.31209421 -0.35800028
  0.66551435 -1.17162502]"
1749227812.5785952,"[ 0.00000000e+00  1.13144852e+00  9.91330557e-01  3.06500174e+00
 -2.26897623e+00  1.86936601e-03  9.58904041e-01  1.57321088e+00]","[ 0.00000000e+00 -7.69421764e-04 -3.61213719e-04 -2.45788713e-02
  4.28061766e-01  6.75243695e-01 -4.96979349e-01  8.04074979e-01]","[ 0.         -1.16119981 13.0401144   0.26917154 -7.31209421 -0.35800028
  0.66551435 -1.17162502]"
1749227812.58041,"[ 0.00000000e+00  1.13144852e+00  9.91330557e-01  3.06500174e+00
 -2.26897623e+00  1.86936601e-03  9.58904041e-01  1.57321088e+00]","[ 0.00000000e+00 -7.69421764e-04 -3.61213719e-04 -2.45788713e-02
  4.28061766e-01  6.75243695e-01 -4.96979349e-01  8.04074979e-01]","[ 0.         -1.16119981 13.0401144   0.26917154 -7.31209421 -0.35800028
  0.66551435 -1.17162502]"
1749227812.582132,"[ 0.00000000e+00  1.13144852e+00  9.91330557e-01  3.06500174e+00
 -2.26897623e+00  1.86936601e-03  9.58904041e-01  1.57321088e+00]","[ 0.00000000e+00 -7.69421764e-04 -3.61213719e-04 -2.45788713e-02
  4.28061766e-01  6.75243695e-01 -4.96979349e-01  8.04074979e-01]","[ 0.         -1.16119981 13.0401144   0.26917154 -7.31209421 -0.35800028
  0.66551435 -1.17162502]"
1749227812.5838807,"[ 0.00000000e+00  1.13144852e+00  9.91330557e-01  3.06500174e+00
 -2.26897623e+00  1.86936601e-03  9.58904041e-01  1.57321088e+00]","[ 0.00000000e+00 -7.69421764e-04 -3.61213719e-04 -2.45788713e-02
  4.28061766e-01  6.75243695e-01 -4.96979349e-01  8.04074979e-01]","[ 0.         -1.16119981 13.0401144   0.26917154 -7.31209421 -0.35800028
  0.66551435 -1.17162502]"
1749227812.5856783,"[ 0.00000000e+00  1.13144852e+00  9.91330557e-01  3.06500174e+00
 -2.26897623e+00  1.86936601e-03  9.58904041e-01  1.57321088e+00]","[ 0.00000000e+00 -7.69421764e-04 -3.61213719e-04 -2.45788713e-02
  4.28061766e-01  6.75243695e-01 -4.96979349e-01  8.04074979e-01]","[ 0.         -1.16119981 13.0401144   0.26917154 -7.31209421 -0.35800028
  0.66551435 -1.17162502]"
1749227812.5868566,"[ 0.00000000e+00  1.13144852e+00  9.91330557e-01  3.06500174e+00
 -2.26897623e+00  1.86936601e-03  9.58904041e-01  1.57321088e+00]","[ 0.00000000e+00 -7.69421764e-04 -3.61213719e-04 -2.45788713e-02
  4.28061766e-01  6.75243695e-01 -4.96979349e-01  8.04074979e-01]","[ 0.         -1.16119981 13.0401144   0.26917154 -7.31209421 -0.35800028
  0.66551435 -1.17162502]"
1749227812.5884948,"[ 0.00000000e+00  1.13144852e+00  9.91330557e-01  3.06500174e+00
 -2.26897623e+00  1.86936601e-03  9.58904041e-01  1.57321088e+00]","[ 0.00000000e+00 -7.69421764e-04 -3.61213719e-04 -2.45788713e-02
  4.28061766e-01  6.75243695e-01 -4.96979349e-01  8.04074979e-01]","[ 0.         -1.16119981 13.0401144   0.26917154 -7.31209421 -0.35800028
  0.66551435 -1.17162502]"
1749227812.5902803,"[ 0.00000000e+00  1.13144852e+00  9.91330557e-01  3.06500174e+00
 -2.26897623e+00  1.86936601e-03  9.58904041e-01  1.57321088e+00]","[ 0.00000000e+00 -7.69421764e-04 -3.61213719e-04 -2.45788713e-02
  4.28061766e-01  6.75243695e-01 -4.96979349e-01  8.04074979e-01]","[ 0.         -1.16119981 13.0401144   0.26917154 -7.31209421 -0.35800028
  0.66551435 -1.17162502]"
1749227812.5920346,"[ 0.00000000e+00  1.13144852e+00  9.91330557e-01  3.06500174e+00
 -2.26897623e+00  1.86936601e-03  9.58904041e-01  1.57321088e+00]","[ 0.00000000e+00 -7.69421764e-04 -3.61213719e-04 -2.45788713e-02
  4.28061766e-01  6.75243695e-01 -4.96979349e-01  8.04074979e-01]","[ 0.         -1.16119981 13.0401144   0.26917154 -7.31209421 -0.35800028
  0.66551435 -1.17162502]"
1749227812.5937881,"[ 0.00000000e+00  1.13144852e+00  9.91330557e-01  3.06500174e+00
 -2.26897623e+00  1.86936601e-03  9.58904041e-01  1.57321088e+00]","[ 0.00000000e+00 -7.69421764e-04 -3.61213719e-04 -2.45788713e-02
  4.28061766e-01  6.75243695e-01 -4.96979349e-01  8.04074979e-01]","[ 0.         -1.16119981 13.0401144   0.26917154 -7.31209421 -0.35800028
  0.66551435 -1.17162502]"
1749227812.5949779,"[ 0.00000000e+00  1.13144852e+00  9.91330557e-01  3.06500174e+00
 -2.26897623e+00  1.86936601e-03  9.58904041e-01  1.57321088e+00]","[ 0.00000000e+00 -7.69421764e-04 -3.61213719e-04 -2.45788713e-02
  4.28061766e-01  6.75243695e-01 -4.96979349e-01  8.04074979e-01]","[ 0.         -1.16119981 13.0401144   0.26917154 -7.31209421 -0.35800028
  0.66551435 -1.17162502]"
1749227812.596792,"[ 0.00000000e+00  1.13144852e+00  9.91330557e-01  3.06500174e+00
 -2.26897623e+00  1.86936601e-03  9.58904041e-01  1.57321088e+00]","[ 0.00000000e+00 -7.69421764e-04 -3.61213719e-04 -2.45788713e-02
  4.28061766e-01  6.75243695e-01 -4.96979349e-01  8.04074979e-01]","[ 0.         -1.16119981 13.0401144   0.26917154 -7.31209421 -0.35800028
  0.66551435 -1.17162502]"
1749227812.5979595,"[ 0.00000000e+00  1.13144852e+00  9.91330557e-01  3.06500174e+00
 -2.26897623e+00  1.86936601e-03  9.58904041e-01  1.57321088e+00]","[ 0.00000000e+00 -7.69421764e-04 -3.61213719e-04 -2.45788713e-02
  4.28061766e-01  6.75243695e-01 -4.96979349e-01  8.04074979e-01]","[ 0.         -1.16119981 13.0401144   0.26917154 -7.31209421 -0.35800028
  0.66551435 -1.17162502]"
1749227812.5997076,"[ 0.00000000e+00  1.13144852e+00  9.91330557e-01  3.06500174e+00
 -2.26897623e+00  1.86936601e-03  9.58904041e-01  1.57321088e+00]","[ 0.00000000e+00 -7.69421764e-04 -3.61213719e-04 -2.45788713e-02
  4.28061766e-01  6.75243695e-01 -4.96979349e-01  8.04074979e-01]","[ 0.         -1.16119981 13.0401144   0.26917154 -7.31209421 -0.35800028
  0.66551435 -1.17162502]"
1749227812.60147,"[ 0.00000000e+00  1.13144852e+00  9.91330557e-01  3.06500174e+00
 -2.26897623e+00  1.86936601e-03  9.58904041e-01  1.57321088e+00]","[ 0.00000000e+00 -7.69421764e-04 -3.61213719e-04 -2.45788713e-02
  4.28061766e-01  6.75243695e-01 -4.96979349e-01  8.04074979e-01]","[ 0.         -1.16119981 13.0401144   0.26917154 -7.31209421 -0.35800028
  0.66551435 -1.17162502]"
1749227812.612206,"[ 0.00000000e+00  1.13144852e+00  9.91330557e-01  3.06500174e+00
 -2.26897623e+00  1.86936601e-03  9.58904041e-01  1.57321088e+00]","[ 0.00000000e+00 -7.69421764e-04 -3.61213719e-04 -2.45788713e-02
  4.28061766e-01  6.75243695e-01 -4.96979349e-01  8.04074979e-01]","[ 0.         -1.16119981 13.0401144   0.26917154 -7.31209421 -0.35800028
  0.66551435 -1.17162502]"
1749227812.6138406,"[ 0.00000000e+00  1.13144266e+00  9.91300263e-01  3.06410985e+00
 -2.26897623e+00  1.86936601e-03  9.58904041e-01  1.57321088e+00]","[ 0.00000000e+00  0.00000000e+00 -3.37780893e-04  1.82007594e-03
  4.28061766e-01  6.75243695e-01 -4.96979349e-01  8.04074979e-01]","[ 0.          0.05534555 13.29857254  0.84929276 -7.31209421 -0.35800028
  0.66551435 -1.17162502]"
