Time,Position,Velocity,Effort
1747421922.6884146,"[ 0.00000000e+00 -1.27299100e-04  2.98173441e-01  3.13982485e+00
 -2.27023111e+00 -7.40358783e-05  9.60026630e-01  1.57077169e+00]","[ 0.00000000e+00 -2.66627184e-03  1.27079427e-04 -3.45724769e-02
  1.32275773e-05  2.38454070e-04 -5.56392812e-05 -1.85184257e-05]","[ 0.         -3.39439583 11.04576874 -3.24450183 -4.07771015  0.85291421
 -1.02980518 -0.18057376]"
1747421922.6901758,"[ 0.00000000e+00 -1.31027526e-04  2.98174373e-01  3.13978410e+00
 -2.27023164e+00 -7.40358783e-05  9.60027562e-01  1.57077169e+00]","[ 0.00000000e+00 -2.80840844e-03  1.37565437e-04 -4.13249156e-02
  7.94246417e-06  2.38454070e-04 -4.76908124e-05 -1.85186086e-05]","[ 0.         -3.43192077 11.17379093 -3.29365373 -4.09279823  0.84952909
 -0.99925846 -0.17958818]"
1747421922.6913016,"[ 0.00000000e+00 -1.37951744e-04  2.98176204e-01  3.13968530e+00
 -2.27023111e+00 -7.40358783e-05  9.60024699e-01  1.57077169e+00]","[ 0.00000000e+00 -3.15508830e-03  1.56083866e-04 -5.21288109e-02
  1.32374398e-05  2.38454070e-04 -7.42418490e-05 -1.85184257e-05]","[ 0.         -3.53165984 11.35211849 -3.32807755 -4.04979753  0.85592085
 -1.06093431 -0.17808148]"
1747421922.6947422,"[ 0.00000000e+00 -1.42212802e-04  2.98177136e-01  3.13962564e+00
 -2.27023058e+00 -7.40358783e-05  9.60022834e-01  1.57077169e+00]","[ 0.00000000e+00 -3.51105436e-03  1.64144252e-04 -5.61721344e-02
  1.85184257e-05  2.38271547e-04 -9.53816248e-05 -1.85184257e-05]","[ 0.         -3.53215194 11.39342499 -3.27862453 -4.02728605  0.86635756
 -1.09994173 -0.16722538]"
1747421922.6965373,"[ 0.00000000e+00 -1.64583355e-04  2.98181730e-01  3.13936891e+00
 -2.27023058e+00 -7.24379817e-05  9.60024699e-01  1.57077169e+00]","[ 0.00000000e+00 -5.94013608e-03  2.39985404e-04 -7.17731318e-02
  1.85184257e-05  2.54351000e-04 -7.42418490e-05 -1.85184257e-05]","[ 0.         -3.60833645 11.73935223 -3.21720862 -3.97098303  0.85563511
 -1.03991473 -0.1523332 ]"
1747421922.6976323,"[ 0.00000000e+00 -1.72572839e-04  2.98183095e-01  3.13928822e+00
 -2.27023058e+00 -7.24379817e-05  9.60025631e-01  1.57077169e+00]","[ 0.00000000e+00 -7.41211827e-03  3.05109088e-04 -7.59828405e-02
  1.85184257e-05  2.54351000e-04 -6.62372408e-05 -1.85186086e-05]","[ 0.         -3.59088612 11.81394672 -3.18520927 -3.97744107  0.8677724
 -1.03534758 -0.15895689]"
1747421922.700024,"[ 0.00000000e+00 -1.92280231e-04  2.98186324e-01  3.13913376e+00
 -2.27023031e+00 -7.13727172e-05  9.60023767e-01  1.57077169e+00]","[ 0.00000000e+00 -9.71858118e-03  6.11939608e-04 -7.94086560e-02
  2.11799045e-05  2.64948963e-04 -8.48478263e-05 -1.85184257e-05]","[ 0.         -3.56128097 11.94900417 -3.11537218 -3.95260882  0.86035824
 -1.08580267 -0.15752295]"
1747421922.7018082,"[ 0.00000000e+00 -2.18911842e-04  2.98189054e-01  3.13896252e+00
 -2.27023031e+00 -7.13727172e-05  9.60022834e-01  1.57077169e+00]","[ 0.00000000e+00 -1.37792901e-02  1.04655885e-03 -8.52612771e-02
  2.11641232e-05  2.65149464e-04 -9.53816248e-05 -1.85184257e-05]","[ 0.         -3.53083205 12.05006313 -3.02024889 -3.93138289  0.84111154
 -1.08402896 -0.15504336]"
1747421922.702935,"[ 0.00000000e+00 -2.33825544e-04  2.98189986e-01  3.13887623e+00
 -2.27023031e+00 -7.13727172e-05  9.60023767e-01  1.57077169e+00]","[ 0.00000000e+00 -1.53955564e-02  1.17567899e-03 -8.74229150e-02
  2.11799045e-05  2.64948963e-04 -8.46556558e-05 -1.85325998e-05]","[ 0.         -3.52904487 12.10394001 -2.9951973  -3.94800091  0.81999123
 -1.04276991 -0.14471446]"
1747421922.7046378,"[ 0.00000000e+00 -2.67914006e-04  2.98192283e-01  3.13869753e+00
 -2.27023031e+00 -7.13727172e-05  9.60023767e-01  1.57077169e+00]","[ 0.00000000e+00 -1.80965312e-02  1.21449560e-03 -9.23733403e-02
  2.11639139e-05  2.65149464e-04 -8.47204549e-05 -1.85186086e-05]","[ 0.         -3.4668653  12.22095299 -2.96843648 -3.97827148  0.79124784
 -1.03882778 -0.13594785]"
1747421922.706412,"[ 0.00000000e+00 -3.08926686e-04  2.98195945e-01  3.13849646e+00
 -2.27022978e+00 -7.13727172e-05  9.60022834e-01  1.57077169e+00]","[ 0.00000000e+00 -2.10462568e-02  1.36750305e-03 -1.00307380e-01
  2.64548924e-05  2.64948963e-04 -9.52376087e-05 -1.85324169e-05]","[ 0.         -3.42297626 12.27621937 -2.8809886  -3.94483161  0.77182859
 -1.0971359  -0.15224029]"
1747421922.7082005,"[ 0.00000000e+00 -3.31297240e-04  2.98197776e-01  3.13839446e+00
 -2.27022978e+00 -7.13727172e-05  9.60022834e-01  1.57077169e+00]","[ 0.00000000e+00 -2.24180906e-02  1.47928859e-03 -1.03447330e-01
  2.64548924e-05  2.64948963e-04 -9.52376087e-05 -1.85184257e-05]","[ 0.         -3.37917089 12.31042767 -2.82584167 -3.91112876  0.77344781
 -1.11530519 -0.15570492]"
1747421922.7099283,"[ 0.00000000e+00 -3.84560461e-04  2.98202836e-01  3.13817502e+00
 -2.27022925e+00 -7.13727172e-05  9.60022834e-01  1.57077169e+00]","[ 0.00000000e+00 -2.70097486e-02  1.61097683e-03 -1.13711036e-01
  3.17461838e-05  2.65149464e-04 -9.52376087e-05 -1.85186086e-05]","[ 0.         -3.33799672 12.36654091 -2.73578238 -3.90182161  0.79670197
 -1.10353541 -0.1577003 ]"
1747421922.7110395,"[ 0.00000000e+00 -4.14387866e-04  2.98205599e-01  3.13805012e+00
 -2.27022925e+00 -7.13727172e-05  9.60023767e-01  1.57077169e+00]","[ 0.00000000e+00 -3.02509176e-02  1.76840229e-03 -1.17610404e-01
  3.17458709e-05  2.64946330e-04 -8.46556558e-05 -1.85324169e-05]","[ 0.         -3.29081702 12.37784672 -2.71920681 -3.91091156  0.78609896
 -1.0938226  -0.16440587]"
1747421922.712836,"[ 0.00000000e+00 -4.88956376e-04  2.98212024e-01  3.13780324e+00
 -2.27022925e+00 -7.13727172e-05  9.60023767e-01  1.57077076e+00]","[ 0.00000000e+00 -3.88691107e-02  2.45086320e-03 -1.28296304e-01
  3.17458709e-05  2.64948963e-04 -8.47187726e-05 -2.64548924e-05]","[ 0.         -3.20479751 12.34932041 -2.66660976 -3.9308424   0.7746067
 -1.10976684 -0.16334414]"
1747421922.7145858,"[ 0.00000000e+00 -5.78438589e-04  2.98220280e-01  3.13752388e+00
 -2.27022925e+00 -7.13727172e-05  9.60022834e-01  1.57077076e+00]","[ 0.00000000e+00 -4.75371550e-02  3.33443555e-03 -1.38795034e-01
  3.17222367e-05  2.65149464e-04 -9.52376087e-05 -2.64748795e-05]","[ 0.         -3.10960841 12.28496265 -2.56229877 -3.91276073  0.75199336
 -1.14202178 -0.17403312]"
1747421922.7164412,"[ 0.00000000e+00 -6.28506017e-04  2.98224407e-01  3.13738193e+00
 -2.27022925e+00 -7.13727172e-05  9.60022834e-01  1.57077076e+00]","[ 0.00000000e+00 -5.07783261e-02  3.77715617e-03 -1.43961950e-01
  3.17461838e-05  2.64948963e-04 -9.53095680e-05 -2.64548924e-05]","[ 0.         -3.03569531 12.24017906 -2.49295902 -3.89579558  0.75590557
 -1.13676941 -0.18356752]"
1747421922.717501,"[ 0.00000000e+00 -7.39293519e-04  2.98234993e-01  3.13709138e+00
 -2.27022872e+00 -7.13727172e-05  9.60022834e-01  1.57077076e+00]","[ 0.00000000e+00 -5.44167575e-02  4.95178706e-03 -1.48553606e-01
  3.70368514e-05  2.65149464e-04 -9.53095680e-05 -2.64548924e-05]","[ 0.         -2.90045619 12.19433498 -2.41488528 -3.88670206  0.75141048
 -1.11193311 -0.18250795]"
1747421922.7198434,"[ 0.00000000e+00 -8.55407342e-04  2.98249674e-01  3.13678432e+00
 -2.27022872e+00 -7.03074528e-05  9.60022834e-01  1.57077076e+00]","[ 0.00000000e+00 -6.10420282e-02  7.15204394e-03 -1.50174189e-01
  3.70368514e-05  2.75546927e-04 -9.53095680e-05 -2.64548924e-05]","[ 0.         -2.76998591 12.06099892 -2.29109788 -3.93818665  0.69905651
 -1.07779479 -0.17927524]"
1747421922.7215636,"[ 0.00000000e+00 -9.17725312e-04  2.98258396e-01  3.13663438e+00
 -2.27022872e+00 -7.03074528e-05  9.60022834e-01  1.57077076e+00]","[ 0.00000000e+00 -6.29327103e-02  8.09881748e-03 -1.51910803e-01
  3.70368514e-05  2.75546927e-04 -9.53095680e-05 -2.64548924e-05]","[ 0.         -2.69313455 11.98948956 -2.24981093 -3.92968583  0.68599206
 -1.09414947 -0.17456269]"
1747421922.722588,"[ 0.00000000e+00 -1.05194863e-03  2.98281832e-01  3.13633424e+00
 -2.27022872e+00 -7.03074528e-05  9.60022834e-01  1.57077076e+00]","[ 0.00000000e+00 -6.61738814e-02  1.20255622e-02 -1.52605073e-01
  3.70928568e-05  2.75752678e-04 -9.53095680e-05 -2.64751417e-05]","[ 0.         -2.56036663 11.7989521  -2.17208028 -3.93400717  0.67584771
 -1.09782994 -0.19145527]"
1747421922.7249982,"[ 0.00000000e+00 -1.18563932e-03  2.98314422e-01  3.13602239e+00
 -2.27022872e+00 -7.03074528e-05  9.60022834e-01  1.57077076e+00]","[ 0.00000000e+00 -6.83346621e-02  1.80965312e-02 -1.51254584e-01
  3.70928568e-05  2.75755442e-04 -9.52385514e-05 -2.64548924e-05]","[ 0.         -2.47561789 11.54453945 -2.14506888 -3.99473739  0.66825038
 -1.11039507 -0.19010097]"
1747421922.7261615,"[ 0.00000000e+00 -1.25647940e-03  2.98335095e-01  3.13587272e+00
 -2.27022872e+00 -7.03074528e-05  9.60022834e-01  1.57077076e+00]","[ 0.00000000e+00 -7.17731318e-02  2.10676037e-02 -1.51794789e-01
  3.70928568e-05  2.75755442e-04 -9.53105108e-05 -2.64548924e-05]","[ 0.         -2.46815515 11.41284561 -2.16487885 -3.99888444  0.68309993
 -1.09391177 -0.19783539]"
1747421922.7279458,"[ 0.00000000e+00 -1.41307327e-03  2.98386960e-01  3.13555900e+00
 -2.27022872e+00 -7.03074528e-05  9.60022834e-01  1.57077076e+00]","[ 0.00000000e+00 -7.77880725e-02  2.69823804e-02 -1.54473363e-01
  3.70928568e-05  2.75546927e-04 -9.52376087e-05 -2.64548924e-05]","[ 0.         -2.42895198 11.09982014 -2.16224647 -4.03025913  0.6754483
 -1.03191388 -0.19675902]"
1747421922.7290366,"[ 0.00000000e+00 -1.57179768e-03  2.98448978e-01  3.13524741e+00
 -2.27022845e+00 -7.03074528e-05  9.60022834e-01  1.57077076e+00]","[ 0.00000000e+00 -8.15694367e-02  3.10952894e-02 -1.60005515e-01
  3.97423437e-05  2.75755442e-04 -9.52376087e-05 -2.64551545e-05]","[ 0.         -2.4223032  10.75885296 -2.19993043 -3.99899817  0.65602428
 -1.02762723 -0.21648677]"
1747421922.7316942,"[ 0.00000000e+00 -1.66287778e-03  2.98481103e-01  3.13508469e+00
 -2.27022845e+00 -7.03074528e-05  9.60022834e-01  1.57077076e+00]","[ 0.00000000e+00 -8.55120470e-02  3.26817948e-02 -1.65029551e-01
  3.97423437e-05  2.75755442e-04 -9.52385514e-05 -2.64548924e-05]","[ 0.         -2.3706131  10.58200645 -2.20524073 -3.98439217  0.66311783
 -1.03885198 -0.21737756]"
1747421922.7333817,"[ 0.00000000e+00 -1.83971168e-03  2.98543088e-01  3.13473661e+00
 -2.27022792e+00 -7.03074528e-05  9.60023767e-01  1.57077076e+00]","[ 0.00000000e+00 -9.12929458e-02  3.12995622e-02 -1.72322185e-01
  4.50413255e-05  2.75755442e-04 -8.46556558e-05 -2.64548924e-05]","[ 0.         -2.38161874 10.18112564 -2.2584722  -3.94993114  0.68725079
 -1.0054208  -0.23231594]"
1747421922.7350566,"[ 0.00000000e+00 -2.03572034e-03  2.98601411e-01  3.13439173e+00
 -2.27022738e+00 -6.92421883e-05  9.60023767e-01  1.57077076e+00]","[ 0.00000000e+00 -9.77996975e-02  2.75499417e-02 -1.76464766e-01
  5.03403034e-05  2.86358574e-04 -8.46556558e-05 -2.64548924e-05]","[ 0.         -2.39599228  9.86674213 -2.30584979 -3.87889147  0.7221384
 -0.95158976 -0.22714522]"
1747421922.7367527,"[ 0.00000000e+00 -2.24451217e-03  2.98651479e-01  3.13401756e+00
 -2.27022685e+00 -6.92421883e-05  9.60023767e-01  1.57077076e+00]","[ 0.00000000e+00 -1.07389874e-01  2.45788713e-02 -1.85286870e-01
  5.56392812e-05  2.75755442e-04 -8.46564929e-05 -2.64551545e-05]","[ 0.         -2.43378353  9.54291344 -2.36744308 -3.82042909  0.72936404
 -0.91134059 -0.21895553]"
1747421922.737849,"[ 0.00000000e+00 -2.35476704e-03  2.98674881e-01  3.13383114e+00
 -2.27022685e+00 -6.92421883e-05  9.60023767e-01  1.57076983e+00]","[ 0.00000000e+00 -1.11820358e-01  2.37685775e-02 -1.89068225e-01
  5.56392812e-05  2.75755442e-04 -8.47196178e-05 -3.70368514e-05]","[ 0.         -2.49911904  9.42435837 -2.39955664 -3.7900815   0.71108413
 -0.90837979 -0.21442817]"
1747421922.739544,"[ 0.00000000e+00 -2.59764733e-03  2.98719422e-01  3.13344871e+00
 -2.27022685e+00 -6.92421883e-05  9.60023767e-01  1.57076983e+00]","[ 0.00000000e+00 -1.20463473e-01  2.10676037e-02 -1.94470181e-01
  5.56819415e-05  2.75546927e-04 -8.46556558e-05 -3.70089097e-05]","[ 0.         -2.48775983  9.11406136 -2.43374944 -3.75909305  0.72387135
 -0.88773519 -0.20456363]"
1747421922.741281,"[ 0.00000000e+00 -2.71802221e-03  2.98738730e-01  3.13323885e+00
 -2.27022685e+00 -6.92421883e-05  9.60023767e-01  1.57076983e+00]","[ 0.00000000e+00 -1.22084056e-01  1.94273149e-02 -1.97419649e-01
  5.56398379e-05  2.75546927e-04 -8.46556558e-05 -3.70368514e-05]","[ 0.         -2.47097182  8.97078323 -2.46804023 -3.75380778  0.71183664
 -0.87617326 -0.20802332]"
1747421922.7429898,"[ 0.00000000e+00 -2.97634883e-03  2.98773618e-01  3.13283432e+00
 -2.27022658e+00 -6.81769239e-05  9.60023767e-01  1.57076983e+00]","[ 0.00000000e+00 -1.27486012e-01  1.62058481e-02 -2.07975055e-01
  5.82887721e-05  2.86361403e-04 -8.46556558e-05 -3.70368514e-05]","[ 0.         -2.47889042  8.74106026 -2.50851011 -3.77075863  0.71306926
 -0.84911931 -0.22612049]"
1747421922.7447095,"[ 0.00000000e+00 -3.23893652e-03  2.98797952e-01  3.13239516e+00
 -2.27022658e+00 -6.81769239e-05  9.60023767e-01  1.57076983e+00]","[ 0.00000000e+00 -1.35048741e-01  1.10739970e-02 -2.17698572e-01
  5.82887721e-05  2.86361403e-04 -8.46564929e-05 -3.70368514e-05]","[ 0.         -2.51865292  8.56531048 -2.5131259  -3.84265804  0.73477358
 -0.88600773 -0.24809645]"
1747421922.7458088,"[ 0.00000000e+00 -3.37529037e-03  2.98806674e-01  3.13217758e+00
 -2.27022658e+00 -6.81769239e-05  9.60023767e-01  1.57076983e+00]","[ 0.00000000e+00 -1.38289908e-01  8.26757450e-03 -2.20446055e-01
  5.82893532e-05  2.86361403e-04 -8.45917913e-05 -3.70368514e-05]","[ 0.         -2.52816415  8.53830624 -2.52922535 -3.86757731  0.73058909
 -0.90269589 -0.23794977]"
1747421922.747467,"[ 0.00000000e+00 -3.66450966e-03  2.98813565e-01  3.13171659e+00
 -2.27022658e+00 -6.81769239e-05  9.60023767e-01  1.57076983e+00]","[ 0.00000000e+00 -1.42611461e-01  2.43334511e-03 -2.26945450e-01
  5.83328791e-05  2.86142030e-04 -8.46556558e-05 -3.70089097e-05]","[ 0.         -2.48654056  8.49701786 -2.54755712 -3.99774504  0.72335428
 -0.91229725 -0.24833077]"
1747421922.7491531,"[ 0.00000000e+00 -3.80565720e-03  2.98813565e-01  3.13149155e+00
 -2.27022685e+00 -6.81769239e-05  9.60023767e-01  1.57076983e+00]","[ 0.00000000e+00 -1.43151666e-01  0.00000000e+00 -2.28232373e-01
  5.56392812e-05  2.86144891e-04 -8.46556558e-05 -3.70368514e-05]","[ 0.         -2.47403693  8.52203369 -2.5505383  -4.06547976  0.71314979
 -0.92408729 -0.2481315 ]"
1747421922.7509546,"[ 0.00000000e+00 -4.11032283e-03  2.98810336e-01  3.13103642e+00
 -2.27022738e+00 -6.76442917e-05  9.60023767e-01  1.57076890e+00]","[ 0.00000000e+00 -1.50820605e-01 -1.05297970e-03 -2.31203445e-01
  5.03403034e-05  2.91664416e-04 -8.46556558e-05 -4.76188043e-05]","[ 0.         -2.45562816  8.63184071 -2.56853771 -4.25830269  0.72933871
 -0.93538159 -0.26654586]"
1747421922.7526062,"[ 0.00000000e+00 -4.42138004e-03  2.98811734e-01  3.13055998e+00
 -2.27022792e+00 -6.76442917e-05  9.60023767e-01  1.57076890e+00]","[ 0.00000000e+00 -1.59897707e-01 -4.63619188e-04 -2.33397590e-01
  4.50408745e-05  2.81058422e-04 -7.40737029e-05 -4.76192757e-05]","[ 0.         -2.50315332  8.75102997 -2.58503199 -4.40633249  0.71724278
 -0.99330693 -0.26367781]"
1747421922.7537549,"[ 0.00000000e+00 -4.59501814e-03  2.98813099e-01  3.13032668e+00
 -2.27022792e+00 -6.76442917e-05  9.60023767e-01  1.57076890e+00]","[ 0.00000000e+00 -1.63501030e-01  1.98693940e-04 -2.36605385e-01
  4.50413255e-05  2.81055626e-04 -7.40737029e-05 -4.76192757e-05]","[ 0.         -2.49363708  8.77247906 -2.61596966 -4.5010829   0.73243332
 -1.00401545 -0.26574904]"
1747421922.7560802,"[ 0.00000000e+00 -4.92951118e-03  2.98814031e-01  3.12983080e+00
 -2.27022845e+00 -6.76442917e-05  9.60023767e-01  1.57076890e+00]","[ 0.00000000e+00 -1.71241807e-01  3.07169689e-04 -2.44248474e-01
  3.97724188e-05  2.80424621e-04 -7.40744343e-05 -4.76188043e-05]","[ 0.         -2.48215389  8.94915295 -2.62692451 -4.7644577   0.73256147
 -1.03495657 -0.27693763]"
1747421922.7571647,"[ 0.00000000e+00 -5.28158107e-03  2.98814031e-01  3.12933332e+00
 -2.27022872e+00 -6.76442917e-05  9.60022834e-01  1.57076890e+00]","[ 0.00000000e+00 -1.79884914e-01  5.34234926e-04 -2.54701914e-01
  3.70928568e-05  2.70043787e-04 -7.40744343e-05 -4.76188043e-05]","[ 0.         -2.45282817  9.12546635 -2.62429881 -4.96116543  0.7242555
 -1.06550145 -0.26867208]"
1747421922.7595444,"[ 0.00000000e+00 -5.50368871e-03  2.98814031e-01  3.12907766e+00
 -2.27022872e+00 -6.76442917e-05  9.60022834e-01  1.57076890e+00]","[ 0.00000000e+00 -1.83106040e-01  5.34158399e-04 -2.59030865e-01
  3.70928568e-05  2.70043787e-04 -7.40737029e-05 -4.76192757e-05]","[ 0.         -2.40479255  9.25589275 -2.59597945 -5.02742624  0.72226626
 -1.08480418 -0.26953554]"
1747421922.7612545,"[ 0.00000000e+00 -5.87227020e-03  2.98815862e-01  3.12853677e+00
 -2.27022925e+00 -6.76442917e-05  9.60021836e-01  1.57076796e+00]","[ 0.00000000e+00 -1.87987848e-01  3.77485595e-04 -2.65775920e-01
  3.18179359e-05  2.64751421e-04 -8.46556558e-05 -5.55558217e-05]","[ 0.         -2.36880684  9.50993538 -2.53395677 -5.11638451  0.70033526
 -1.15991592 -0.27370092]"
1747421922.762963,"[ 0.00000000e+00 -6.26162435e-03  2.98818625e-01  3.12800547e+00
 -2.27022925e+00 -6.76442917e-05  9.60021836e-01  1.57076796e+00]","[ 0.00000000e+00 -1.91229014e-01  5.63036142e-04 -2.70097482e-01
  3.17938749e-05  2.64751421e-04 -8.46564929e-05 -4.76188043e-05]","[ 0.         -2.29377556  9.77266502 -2.4715097  -5.2321353   0.67140627
 -1.16206038 -0.27429923]"
1747421922.7647054,"[ 0.00000000e+00 -6.64245639e-03  2.98823219e-01  3.12744701e+00
 -2.27022978e+00 -6.76442917e-05  9.60021836e-01  1.57076796e+00]","[ 0.00000000e+00 -1.94812797e-01  8.97398162e-04 -2.74089926e-01
  2.65152094e-05  2.54158853e-04 -7.67191870e-05 -4.76192757e-05]","[ 0.         -2.21239948 10.07041073 -2.37833738 -5.32184362  0.64379835
 -1.18204546 -0.26072156]"
1747421922.765823,"[ 0.00000000e+00 -6.85284612e-03  2.98825949e-01  3.12717297e+00
 -2.27022978e+00 -6.76442917e-05  9.60020904e-01  1.57076796e+00]","[ 0.00000000e+00 -1.98107077e-01  1.08199937e-03 -2.77648708e-01
  2.64948971e-05  2.54158853e-04 -8.47196178e-05 -4.76188043e-05]","[ 0.         -2.21607924 10.15877056 -2.34295416 -5.36935282  0.65224284
 -1.20878756 -0.28359318]"
1747421922.768159,"[ 0.00000000e+00 -7.25018975e-03  2.98833306e-01  3.12661637e+00
 -2.27023031e+00 -6.76442917e-05  9.60018973e-01  1.57076796e+00]","[ 0.00000000e+00 -2.01492721e-01  1.46104541e-03 -2.82792055e-01
  2.11959173e-05  2.43382576e-04 -1.05820618e-04 -4.75828816e-05]","[ 0.         -2.12693429 10.43116283 -2.25934362 -5.44895411  0.63288438
 -1.27950454 -0.28268141]"
1747421922.7693157,"[ 0.00000000e+00 -7.67363236e-03  2.98842960e-01  3.12603100e+00
 -2.27023058e+00 -6.76442917e-05  9.60017109e-01  1.57076796e+00]","[ 0.00000000e+00 -2.07942015e-01  3.21261804e-03 -2.87113633e-01
  1.85464284e-05  2.22389003e-04 -1.13757160e-04 -4.76908124e-05]","[ 0.         -2.02088857 10.71577072 -2.16208434 -5.50519466  0.64023602
 -1.31582761 -0.28304651]"
1747421922.771098,"[ 0.00000000e+00 -7.88242419e-03  2.98849385e-01  3.12574764e+00
 -2.27023058e+00 -6.76442917e-05  9.60016177e-01  1.57076796e+00]","[ 0.00000000e+00 -2.11756427e-01  4.68061069e-03 -2.87092527e-01
  1.85466133e-05  2.17094020e-04 -1.21693710e-04 -4.76908124e-05]","[ 0.         -2.02565908 10.87674809 -2.12965393 -5.55223179  0.6300931
 -1.32441151 -0.28542924]"
1747421922.772856,"[ 0.00000000e+00 -8.30480154e-03  2.98866362e-01  3.12515669e+00
 -2.27023058e+00 -6.76442917e-05  9.60016177e-01  1.57076796e+00]","[ 0.00000000e+00 -2.14457388e-01  8.32237841e-03 -2.89136037e-01
  1.85604623e-05  2.06348155e-04 -1.13756038e-04 -4.76908124e-05]","[ 0.         -1.96092856 11.22594166 -2.06141567 -5.60312176  0.62782669
 -1.34113979 -0.25516543]"
1747421922.7746878,"[ 0.00000000e+00 -8.74901681e-03  2.98889798e-01  3.12457292e+00
 -2.27023111e+00 -6.76442917e-05  9.60015178e-01  1.57076796e+00]","[ 0.00000000e+00 -2.17698572e-01  1.26945815e-02 -2.98457700e-01
  1.32474486e-05  1.95916054e-04 -1.32275769e-04 -4.76908124e-05]","[ 0.         -1.94388068 11.5018692  -2.02158642 -5.67286587  0.59590691
 -1.3511306  -0.24221812]"
1747421922.7764735,"[ 0.00000000e+00 -8.96473286e-03  2.98905411e-01  3.12427358e+00
 -2.27023164e+00 -6.76442917e-05  9.60015178e-01  1.57076796e+00]","[ 0.00000000e+00 -2.18778950e-01  1.47953392e-02 -3.03589578e-01
  7.95448397e-06  1.95766202e-04 -1.32275769e-04 -4.76547840e-05]","[ 0.         -1.87531149 11.64661598 -1.98625207 -5.70574188  0.56910217
 -1.37253368 -0.26003909]"
1747421922.7776093,"[ 0.00000000e+00 -9.18204681e-03  2.98943527e-01  3.12364348e+00
 -2.27023191e+00 -6.76442917e-05  9.60013314e-01  1.57076690e+00]","[ 0.00000000e+00 -2.20176227e-01  2.05066088e-02 -3.08948258e-01
  0.00000000e+00  1.80029186e-04 -1.32274460e-04 -5.82887721e-05]","[ 0.         -1.84237826 11.9077301  -1.87859881 -5.77034807  0.54633439
 -1.427688   -0.25676575]"
1747421922.7793124,"[ 0.00000000e+00 -9.41747025e-03  2.98967396e-01  3.12333722e+00
 -2.27023191e+00 -6.76442917e-05  9.60011383e-01  1.57076690e+00]","[ 0.00000000e+00 -2.21679315e-01  2.43087727e-02 -3.10612101e-01
 -2.64948966e-06  1.69439236e-04 -1.42856421e-04 -5.82887721e-05]","[ 0.         -1.80481327 12.03072262 -1.85089815 -5.80507612  0.5626713
 -1.44385767 -0.2628046 ]"
1747421922.7810483,"[ 0.00000000e+00 -9.85955499e-03  2.99028915e-01  3.12270259e+00
 -2.27023244e+00 -6.76442917e-05  9.60009519e-01  1.57076690e+00]","[ 0.00000000e+00 -2.24721095e-01  3.26817948e-02 -3.10200576e-01
 -7.95448397e-06  1.37566802e-04 -1.58730919e-04 -5.82887721e-05]","[ 0.         -1.74086905 12.31788254 -1.76967442 -5.8563714   0.56163138
 -1.48675108 -0.28389615]"
1747421922.7821484,"[ 0.00000000e+00 -1.03256082e-02  2.99110208e-01  3.12208793e+00
 -2.27023351e+00 -6.76442917e-05  9.60007588e-01  1.57076690e+00]","[ 0.00000000e+00 -2.28700839e-01  4.48361812e-02 -3.12772890e-01
 -1.58969375e-05  1.21784452e-04 -1.98411694e-04 -4.76908124e-05]","[ 0.         -1.66524053 12.47837448 -1.7265631  -5.945961    0.58870155
 -1.50400841 -0.27979502]"
1747421922.7839272,"[ 0.00000000e+00 -1.05519769e-02  2.99160708e-01  3.12177687e+00
 -2.27023378e+00 -6.76442917e-05  9.60006656e-01  1.57076690e+00]","[ 0.00000000e+00 -2.29350235e-01  5.12665251e-02 -3.15154222e-01
 -2.12119566e-05  1.11110546e-04 -2.06348155e-04 -4.76908124e-05]","[ 0.         -1.67376578 12.54159927 -1.66938508 -6.03000307  0.57178241
 -1.52022433 -0.29124093]"
1747421922.7861838,"[ 0.00000000e+00 -1.10057795e-02  2.99288840e-01  3.12112493e+00
 -2.27023537e+00 -6.76442917e-05  9.60005657e-01  1.57076690e+00]","[ 0.00000000e+00 -2.29582862e-01  6.56336883e-02 -3.18985113e-01
 -4.23918346e-05  8.99466322e-05 -1.79757554e-04 -4.76903370e-05]","[ 0.         -1.62146568 12.70127964 -1.6393795  -6.11180449  0.53660941
 -1.55174303 -0.27519634]"
1747421922.7885551,"[ 0.00000000e+00 -1.14787569e-02  2.99438509e-01  3.12049483e+00
 -2.27023617e+00 -6.76442917e-05  9.60003793e-01  1.57076690e+00]","[ 0.00000000e+00 -2.31208522e-01  7.90583754e-02 -3.20065524e-01
 -5.03783961e-05  7.40737029e-05 -1.90475217e-04 -4.76912879e-05]","[ 0.         -1.610268   12.75618839 -1.6601814  -6.22686338  0.49591523
 -1.58395207 -0.2839725 ]"
1747421922.7902863,"[ 0.00000000e+00 -1.19341575e-02  2.99629092e-01  3.11983649e+00
 -2.27023697e+00 -6.76442917e-05  9.60001862e-01  1.57076597e+00]","[ 0.00000000e+00 -2.31508827e-01  9.67055627e-02 -3.21683794e-01
 -5.29897943e-05  6.34917418e-05 -2.46030507e-04 -5.82887721e-05]","[ 0.         -1.59595692 12.83297157 -1.66750443 -6.29256821  0.46709165
 -1.61202919 -0.30034158]"
1747421922.792014,"[ 0.00000000e+00 -1.24156570e-02  2.99840780e-01  3.11919174e+00
 -2.27023804e+00 -6.76442917e-05  9.60000930e-01  1.57076597e+00]","[ 0.00000000e+00 -2.35722347e-01  1.10739964e-01 -3.29248836e-01
 -6.88867318e-05  6.34917418e-05 -2.64548920e-04 -5.83334602e-05]","[ 0.         -1.61781931 12.90073299 -1.7130053  -6.33718777  0.47914797
 -1.61546433 -0.32034767]"
1747421922.793854,"[ 0.00000000e+00 -1.28859713e-02  3.00093780e-01  3.11851397e+00
 -2.27023857e+00 -6.76442917e-05  9.59999998e-01  1.57076597e+00]","[ 0.00000000e+00 -2.39306363e-01  1.27891911e-01 -3.31139514e-01
 -7.94846874e-05  6.35403432e-05 -2.27514320e-04 -5.82887721e-05]","[ 0.         -1.63202286 12.95814896 -1.72251642 -6.39073944  0.48126668
 -1.62922609 -0.32684851]"
1747421922.7954934,"[ 0.00000000e+00 -1.31235252e-02  3.00227404e-01  3.11818693e+00
 -2.27023884e+00 -6.76442917e-05  9.59999998e-01  1.57076597e+00]","[ 0.00000000e+00 -2.40926946e-01  1.35588930e-01 -3.31679703e-01
 -8.20101635e-05  5.29502833e-05 -2.16932270e-04 -5.82887721e-05]","[ 0.         -1.63943148 12.94981575 -1.77439153 -6.42983484  0.4729217
 -1.63291764 -0.32492754]"
1747421922.7966003,"[ 0.00000000e+00 -1.36231342e-02  3.00523115e-01  3.11753446e+00
 -2.27024017e+00 -6.76442917e-05  9.59998999e-01  1.57076503e+00]","[ 0.00000000e+00 -2.43920722e-01  1.54225656e-01 -3.30329214e-01
 -9.52385514e-05  4.76188043e-05 -2.46030507e-04 -6.62873661e-05]","[ 0.         -1.66661155 12.90248013 -1.81243277 -6.51505089  0.4785279
 -1.64178443 -0.31617096]"
1747421922.7989244,"[ 0.00000000e+00 -1.41094275e-02  3.00867528e-01  3.11685215e+00
 -2.27024310e+00 -6.76442917e-05  9.59998999e-01  1.57076503e+00]","[ 0.00000000e+00 -2.46869091e-01  1.72027157e-01 -3.34380681e-01
 -1.24339227e-04  4.76547840e-05 -2.64548920e-04 -6.62379032e-05]","[ 0.         -1.71872377 12.84469795 -1.82043767 -6.64064407  0.48080549
 -1.61414313 -0.34416458]"
1747421922.8000417,"[ 0.00000000e+00 -1.43720151e-02  3.01044762e-01  3.11651979e+00
 -2.27024443e+00 -6.81769239e-05  9.59998067e-01  1.57076503e+00]","[ 0.00000000e+00 -2.47257696e-01  1.79884914e-01 -3.37081659e-01
 -1.40210929e-04  4.23282464e-05 -2.64548920e-04 -6.62873661e-05]","[ 0.         -1.77801943 12.82809448 -1.77383018 -6.70221758  0.49291462
 -1.60422742 -0.35725984]"
1747421922.801786,"[ 0.00000000e+00 -1.48673631e-02  3.01417171e-01  3.11582124e+00
 -2.27024682e+00 -6.81769239e-05  9.59998067e-01  1.57076503e+00]","[ 0.00000000e+00 -2.51475794e-01  1.91305081e-01 -3.41866760e-01
 -1.64020327e-04  3.17458709e-05 -2.45844895e-04 -6.62372408e-05]","[ 0.         -1.86636925 12.87226868 -1.79390275 -6.74089098  0.45692894
 -1.58090174 -0.35642672]"
1747421922.8034794,"[ 0.00000000e+00 -1.53845490e-02  3.01829063e-01  3.11514214e+00
 -2.27024869e+00 -6.81769239e-05  9.59998067e-01  1.57076503e+00]","[ 0.00000000e+00 -2.54518888e-01  2.05003982e-01 -3.44644370e-01
 -1.82676677e-04  3.17458709e-05 -2.54351000e-04 -6.62379032e-05]","[ 0.         -1.88753319 12.91779327 -1.85715735 -6.79183722  0.4607642
 -1.52433288 -0.34419602]"
1747421922.8046327,"[ 0.00000000e+00 -1.56364840e-02  3.02036623e-01  3.11480099e+00
 -2.27024896e+00 -6.81769239e-05  9.59998067e-01  1.57076503e+00]","[ 0.00000000e+00 -2.55253321e-01  2.10405938e-01 -3.45994859e-01
 -2.06176603e-04  3.17458709e-05 -2.54351000e-04 -6.62867037e-05]","[ 0.         -1.90980732 12.88793564 -1.89405382 -6.80896187  0.45533317
 -1.51737785 -0.32973832]"
1747421922.8063898,"[ 0.00000000e+00 -1.58905496e-02  3.02250142e-01  3.11443134e+00
 -2.27025002e+00 -6.81769239e-05  9.59998067e-01  1.57076503e+00]","[ 0.00000000e+00 -2.57672986e-01  2.16618177e-01 -3.48066632e-01
 -2.51880212e-04  3.17458709e-05 -2.54158853e-04 -6.62365825e-05]","[ 0.         -1.94043183 12.91780663 -1.87056994 -6.83225965  0.43837023
 -1.51029718 -0.33887753]"
1747421922.808074,"[ 0.00000000e+00 -1.64205186e-02  3.02708871e-01  3.11374078e+00
 -2.27025188e+00 -6.81769239e-05  9.59998067e-01  1.57076503e+00]","[ 0.00000000e+00 -2.59796125e-01  2.27233022e-01 -3.51040784e-01
 -4.59967874e-04  3.17458709e-05 -2.46402543e-04 -6.62873661e-05]","[ 0.         -1.96632552 12.90830517 -1.87623942 -6.87876368  0.44478878
 -1.45730662 -0.32828382]"
1747421922.8098438,"[ 0.00000000e+00 -1.69345087e-02  3.03177687e-01  3.11301933e+00
 -2.27025348e+00 -6.81769239e-05  9.59998067e-01  1.57076410e+00]","[ 0.00000000e+00 -2.60649801e-01  2.42007340e-01 -3.51580440e-01
 -7.16635128e-04  3.17458709e-05 -2.46402543e-04 -7.41857136e-05]","[ 0.         -1.93718338 12.92150116 -1.84948838 -6.83047819  0.42156082
 -1.43082416 -0.32969227]"
1747421922.8109436,"[ 0.00000000e+00 -1.71944333e-02  3.03441274e-01  3.11267206e+00
 -2.27025348e+00 -6.81769239e-05  9.59998067e-01  1.57076410e+00]","[ 0.00000000e+00 -2.63615131e-01  2.48260776e-01 -3.52207115e-01
 -7.16635128e-04  3.17458709e-05 -2.46402543e-04 -7.41857136e-05]","[ 0.         -1.85635197 12.82070923 -1.81127727 -6.83047819  0.40922138
 -1.41916037 -0.32052195]"
1747421922.8127778,"[ 0.00000000e+00 -1.77377181e-02  3.03948672e-01  3.11197883e+00
 -2.27025508e+00 -6.81769239e-05  9.59997135e-01  1.57076410e+00]","[ 0.00000000e+00 -2.65775920e-01  2.60373964e-01 -3.51666927e-01
 -8.14752134e-04  3.17458709e-05 -2.64948963e-04 -6.62873661e-05]","[ 0.         -1.87439513 12.80840778 -1.75604713 -6.73734713  0.38386208
 -1.41152728 -0.31161135]"
1747421922.8145175,"[ 0.00000000e+00 -1.80029690e-02  3.04212725e-01  3.11160360e+00
 -2.27025588e+00 -6.81769239e-05  9.59997135e-01  1.57076410e+00]","[ 0.00000000e+00 -2.69017087e-01  2.67665216e-01 -3.53332767e-01
 -8.37039853e-04  3.17458709e-05 -2.64751421e-04 -6.62873661e-05]","[ 0.         -1.8533926  12.93369484 -1.68277884 -6.68371296  0.37940109
 -1.41269886 -0.32323173]"
1747421922.8157272,"[ 0.00000000e+00 -1.85606349e-02  3.04780278e-01  3.11089679e+00
 -2.27025694e+00 -6.81769239e-05  9.59997135e-01  1.57076410e+00]","[ 0.00000000e+00 -2.72078357e-01  2.79844867e-01 -3.59405307e-01
 -9.12183453e-04  3.17219217e-05 -2.54351000e-04 -6.62873661e-05]","[ 0.         -1.84023035 12.99723053 -1.60533965 -6.52547884  0.35185313
 -1.4080267  -0.31160861]"
1747421922.8174195,"[ 0.00000000e+00 -1.88296142e-02  3.05063605e-01  3.11054206e+00
 -2.27025721e+00 -6.81769239e-05  9.59997135e-01  1.57076410e+00]","[ 0.00000000e+00 -2.72798443e-01  2.87383711e-01 -3.59769827e-01
 -8.91574578e-04  3.17458709e-05 -2.54351000e-04 -6.62873661e-05]","[ 0.         -1.81109095 12.91039371 -1.5272963  -6.461905    0.35648635
 -1.39348805 -0.30447483]"
1747421922.8191762,"[ 0.00000000e+00 -1.93702359e-02  3.05673402e-01  3.10980277e+00
 -2.27025774e+00 -6.81769239e-05  9.59997135e-01  1.57076410e+00]","[ 0.00000000e+00 -2.73878837e-01  3.01423696e-01 -3.60310049e-01
 -7.66156856e-04  3.17461838e-05 -2.54158853e-04 -6.62372408e-05]","[ 0.         -1.73293817 13.00326729 -1.47119689 -6.34472942  0.34680989
 -1.40729403 -0.32059774]"
1747421922.8209162,"[ 0.00000000e+00 -1.99310976e-02  3.06287327e-01  3.10901341e+00
 -2.27025908e+00 -6.92421883e-05  9.59996136e-01  1.57076410e+00]","[ 0.00000000e+00 -2.74680649e-01  3.15253392e-01 -3.59329307e-01
 -7.15866479e-04  1.05819570e-05 -2.64948963e-04 -6.62873661e-05]","[ 0.         -1.82323766 13.11996078 -1.45821941 -6.21623325  0.32964289
 -1.42078233 -0.32225016]"
1747421922.8238251,"[ 0.00000000e+00 -2.04791762e-02  3.06955448e-01  3.10829835e+00
 -2.27026041e+00 -6.92421883e-05  9.59996136e-01  1.57076410e+00]","[ 0.00000000e+00 -2.78458176e-01  3.29008219e-01 -3.61563899e-01
 -6.68680934e-04  1.05819570e-05 -2.64748804e-04 -6.62372408e-05]","[ 0.         -1.83670163 13.31088924 -1.4144783  -6.14423847  0.31185317
 -1.43236709 -0.32568857]"
1747421922.8255289,"[ 0.00000000e+00 -2.13372467e-02  3.07969347e-01  3.10725465e+00
 -2.27026414e+00 -6.92421883e-05  9.59995204e-01  1.57076317e+00]","[ 0.00000000e+00 -2.85222922e-01  3.48882192e-01 -3.61793963e-01
 -7.45377307e-04  1.05819570e-05 -2.75338770e-04 -7.42418490e-05]","[ 0.         -1.97114027 13.70214844 -1.50185204 -6.09276009  0.30495149
 -1.44490469 -0.30240291]"
1747421922.8272667,"[ 0.00000000e+00 -2.16195417e-02  3.08321550e-01  3.10684266e+00
 -2.27026547e+00 -6.92421883e-05  9.59994272e-01  1.57076317e+00]","[ 0.00000000e+00 -2.86303333e-01  3.57431372e-01 -3.62030784e-01
 -7.71163417e-04  1.05819570e-05 -2.83495384e-04 -7.42418490e-05]","[ 0.         -1.96911395 13.76250648 -1.53310835 -6.1291852   0.29731545
 -1.45946515 -0.29541862]"
1747421922.829013,"[ 0.00000000e+00 -2.22112961e-02  3.09082415e-01  3.10612281e+00
 -2.27026973e+00 -6.92421883e-05  9.59993340e-01  1.57076317e+00]","[ 0.00000000e+00 -2.89790775e-01  3.75705584e-01 -3.66150928e-01
 -8.96602205e-04  1.05819570e-05 -2.94093347e-04 -7.42418490e-05]","[ 0.         -2.14143968 13.99517822 -1.68647993 -6.15112448  0.32234496
 -1.47981477 -0.28864551]"
1747421922.8302019,"[ 0.00000000e+00 -2.27955937e-02  3.09849272e-01  3.10536647e+00
 -2.27027479e+00 -6.92421883e-05  9.59991409e-01  1.57076317e+00]","[ 0.00000000e+00 -2.98187623e-01  3.92991830e-01 -3.69223250e-01
 -1.08700457e-03  1.05820616e-05 -3.12639768e-04 -7.42418490e-05]","[ 0.         -2.26274776 14.2517252  -1.84823322 -6.27826691  0.31870687
 -1.52156961 -0.2840876 ]"
1747421922.8318536,"[ 0.00000000e+00 -2.31146404e-02  3.10274479e-01  3.10500189e+00
 -2.27027692e+00 -6.92421883e-05  9.59990477e-01  1.57076317e+00]","[ 0.00000000e+00 -3.00420617e-01  4.00477243e-01 -3.69763439e-01
 -1.24191433e-03  1.05820616e-05 -3.23237731e-04 -7.42418490e-05]","[ 0.         -2.35203695 14.44714546 -1.96468008 -6.29693604  0.37491721
 -1.55377412 -0.27301669]"
1747421922.833582,"[ 0.00000000e+00 -2.37218411e-02  3.11086776e-01  3.10424794e+00
 -2.27028358e+00 -6.92421883e-05  9.59987614e-01  1.57076317e+00]","[ 0.00000000e+00 -3.09845943e-01  4.16220220e-01 -3.67877322e-01
 -2.19070721e-03  1.05819570e-05 -3.63903896e-04 -7.42418490e-05]","[ 0.         -2.51985049 14.67173958 -2.17317653 -6.30074453  0.41411465
 -1.58880019 -0.25850528]"
1747421922.834749,"[ 0.00000000e+00 -2.40286373e-02  3.11506491e-01  3.10388362e+00
 -2.27028757e+00 -6.92421883e-05  9.59985683e-01  1.57076317e+00]","[ 0.00000000e+00 -3.10837038e-01  4.25673610e-01 -3.69493361e-01
 -2.86889054e-03  0.00000000e+00 -3.98739421e-04 -7.42418490e-05]","[ 0.         -2.55987787 14.85760498 -2.28947186 -6.3708353   0.39797986
 -1.60687423 -0.25955182]"
1747421922.836436,"[ 0.00000000e+00 -2.46715243e-02  3.12406040e-01  3.10314619e+00
 -2.27029689e+00 -6.92421883e-05  9.59982821e-01  1.57076317e+00]","[ 0.00000000e+00 -3.15466711e-01  4.43500045e-01 -3.75055107e-01
 -3.98995367e-03  0.00000000e+00 -5.09767459e-04 -7.42411095e-05]","[ 0.         -2.76713228 15.09220219 -2.50680637 -6.35192823  0.48366287
 -1.65232599 -0.27363721]"
1747421922.838241,"[ 0.00000000e+00 -2.49836468e-02  3.12850089e-01  3.10274619e+00
 -2.27030328e+00 -6.81769239e-05  9.59980956e-01  1.57076317e+00]","[ 0.00000000e+00 -3.16554246e-01  4.50252490e-01 -3.76654235e-01
 -4.90111730e-03  1.05820616e-05 -5.30486865e-04 -6.62873661e-05]","[ 0.         -2.86604047 15.13943958 -2.62029052 -6.39051104  0.52035642
 -1.64512873 -0.22084481]"
1747421922.840464,"[ 0.00000000e+00 -2.56180118e-02  3.13799672e-01  3.10199464e+00
 -2.27031687e+00 -6.81769239e-05  9.59976163e-01  1.57076317e+00]","[ 0.00000000e+00 -3.23248934e-01  4.68686258e-01 -3.82187918e-01
 -6.88748542e-03  1.05819570e-05 -6.01203024e-04 -6.62873661e-05]","[ 0.         -3.04618692 15.35275459 -2.87454224 -6.48456955  0.57156008
 -1.7138828  -0.22641124]"
1747421922.841677,"[ 0.00000000e+00 -2.62960526e-02  3.14751120e-01  3.10123191e+00
 -2.27033524e+00 -6.76442917e-05  9.59972368e-01  1.57076317e+00]","[ 0.00000000e+00 -3.32760081e-01  4.86715659e-01 -3.88816126e-01
 -8.97256422e-03  1.58849283e-05 -5.88902029e-04 -6.62873661e-05]","[ 0.         -3.24530697 15.38508129 -3.07066751 -6.53398323  0.62502408
 -1.72401118 -0.21205576]"
1747421922.8433576,"[ 0.00000000e+00 -2.66273498e-02  3.15237879e-01  3.10081300e+00
 -2.27034589e+00 -6.76442917e-05  9.59970503e-01  1.57076317e+00]","[ 0.00000000e+00 -3.36001248e-01  4.93738182e-01 -3.94458799e-01
 -1.07929524e-02  5.29097849e-06 -6.10538783e-04 -6.61378843e-05]","[ 0.         -3.30813551 15.50750828 -3.18184733 -6.5670085   0.61021078
 -1.7409761  -0.22650529]"
1747421922.8450863,"[ 0.00000000e+00 -2.73059233e-02  3.16272417e-01  3.10002710e+00
 -2.27036933e+00 -6.65790273e-05  9.59967640e-01  1.57076317e+00]","[ 0.00000000e+00 -3.46264971e-01  5.08809210e-01 -4.00014352e-01
 -1.26945815e-02  1.58730919e-05 -6.17253837e-04 -6.61872009e-05]","[ 0.         -3.46660328 15.63222218 -3.41751957 -6.51346207  0.69918251
 -1.78963089 -0.22788557]"
1747421922.8480666,"[ 0.00000000e+00 -2.80271073e-02  3.17301929e-01  3.09963029e+00
 -2.27039649e+00 -6.65790273e-05  9.59963845e-01  1.57076317e+00]","[ 0.00000000e+00 -3.55448282e-01  5.25339584e-01 -4.02445253e-01
 -1.35048743e-02  1.58729355e-05 -6.80105023e-04 -6.61372301e-05]","[ 0.         -3.6211009  15.76533413 -3.51161456 -6.50901556  0.71726876
 -1.83013141 -0.21265712]"
1747421922.8496044,"[ 0.00000000e+00 -2.87424324e-02  3.18404910e-01  3.09879858e+00
 -2.27042685e+00 -6.55137628e-05  9.59960983e-01  1.57076317e+00]","[ 0.00000000e+00 -3.65171783e-01  5.42161408e-01 -4.08635837e-01
 -1.52968758e-02  2.64751417e-05 -7.51877540e-04 -6.61878551e-05]","[ 0.         -3.73386002 15.87095165 -3.71018767 -6.4073329   0.77564001
 -1.83678102 -0.21754377]"
1747421922.8507285,"[ 0.00000000e+00 -2.95046291e-02  3.19501899e-01  3.09797673e+00
 -2.27046068e+00 -6.55137628e-05  9.59957188e-01  1.57076317e+00]","[ 0.00000000e+00 -3.74895284e-01  5.60154257e-01 -4.20541765e-01
 -1.80781949e-02  2.64551545e-05 -9.95646700e-04 -5.82007654e-05]","[ 0.         -3.84526062 15.86781502 -3.85903382 -6.428967    0.78777516
 -1.84541154 -0.19345914]"
1747421922.8524563,"[ 0.00000000e+00 -3.02844027e-02  3.20674656e-01  3.09710135e+00
 -2.27050302e+00 -6.33832339e-05  9.59954325e-01  1.57076317e+00]","[ 0.00000000e+00 -3.82813761e-01  5.76265915e-01 -4.29995188e-01
 -2.15660871e-02  4.23598089e-05 -1.43529676e-03 -5.82447383e-05]","[ 0.         -3.87910891 15.74831867 -3.96208334 -6.38971996  0.82771611
 -1.86481345 -0.18546413]"
1747421922.854273,"[ 0.00000000e+00 -3.06689631e-02  3.21250032e-01  3.09667338e+00
 -2.27052646e+00 -6.33832339e-05  9.59952394e-01  1.57076317e+00]","[ 0.00000000e+00 -3.90020741e-01  5.83410577e-01 -4.34046655e-01
 -2.37444946e-02  4.23278279e-05 -1.65592015e-03 -5.82447383e-05]","[ 0.         -3.87377143 15.46705723 -4.01711464 -6.34781122  0.85698766
 -1.85252368 -0.17133129]"
1747421922.856023,"[ 0.00000000e+00 -3.14524651e-02  3.22424186e-01  3.09577270e+00
 -2.27058158e+00 -6.28506017e-05  9.59950530e-01  1.57076317e+00]","[ 0.00000000e+00 -4.00824653e-01  5.99346268e-01 -4.43107861e-01
 -2.94406258e-02  4.76192757e-05 -1.69569032e-03 -5.82013384e-05]","[ 0.         -3.90789437 15.30873775 -4.02143145 -6.19802427  0.86838895
 -1.84097648 -0.14954732]"
1747421922.8571763,"[ 0.00000000e+00 -3.22860345e-02  3.23769149e-01  3.09488587e+00
 -2.27065163e+00 -6.28506017e-05  9.59948599e-01  1.57076317e+00]","[ 0.00000000e+00 -4.09254123e-01  6.15282024e-01 -4.51873090e-01
 -3.58598885e-02  4.77273772e-05 -1.61011768e-03 -5.82447383e-05]","[ 0.         -3.8202436  15.22964287 -3.97165775 -6.02659321  0.91000992
 -1.82931757 -0.15393642]"
1747421922.8588617,"[ 0.00000000e+00 -3.26934982e-02  3.24383540e-01  3.09443633e+00
 -2.27068971e+00 -6.28506017e-05  9.59947667e-01  1.57076317e+00]","[ 0.00000000e+00 -4.13249131e-01  6.23114847e-01 -4.55924523e-01
 -3.86239376e-02  4.76908124e-05 -1.56313668e-03 -5.82447383e-05]","[ 0.         -3.81916094 15.32889652 -3.95796251 -5.91480637  0.89293683
 -1.83108544 -0.15393642]"
1747421922.8606071,"[ 0.00000000e+00 -3.35505034e-02  3.25680300e-01  3.09349144e+00
 -2.27077014e+00 -6.28506017e-05  9.59945736e-01  1.57076317e+00]","[ 0.00000000e+00 -4.20789472e-01  6.36619737e-01 -4.63420123e-01
 -4.07847184e-02  4.77269018e-05 -1.41749116e-03 -5.82447383e-05]","[ 0.         -3.69664288 15.24891758 -3.91773868 -5.6255393   0.86330122
 -1.76245511 -0.14298627]"
1747421922.861762,"[ 0.00000000e+00 -3.39707502e-02  3.26313966e-01  3.09302618e+00
 -2.27081514e+00 -6.28506017e-05  9.59944804e-01  1.57076317e+00]","[ 0.00000000e+00 -4.26213832e-01  6.42561915e-01 -4.71860280e-01
 -4.23400003e-02  4.77269018e-05 -1.37774842e-03 -4.76547840e-05]","[ 0.         -3.6184895  15.01284027 -3.87469959 -5.511096    0.85445672
 -1.74138689 -0.12244536]"
1747421922.8635528,"[ 0.00000000e+00 -3.48213639e-02  3.27651605e-01  3.09208209e+00
 -2.27090250e+00 -6.28506017e-05  9.59944804e-01  1.57076317e+00]","[ 0.00000000e+00 -4.33236355e-01  6.56762622e-01 -4.81043592e-01
 -4.51062798e-02  4.76903370e-05 -1.17903473e-03 -4.76188043e-05]","[ 0.         -3.51431847 14.79776192 -3.79729152 -5.26168156  0.7920962
 -1.68978858 -0.12182654]"
1747421922.8652706,"[ 0.00000000e+00 -3.52842213e-02  3.28304579e-01  3.09156837e+00
 -2.27094937e+00 -6.28506017e-05  9.59944804e-01  1.57076317e+00]","[ 0.00000000e+00 -4.35835567e-01  6.61607978e-01 -4.83732353e-01
 -4.75371550e-02  4.77269018e-05 -1.13929199e-03 -4.76188043e-05]","[ 0.         -3.4573319  14.86072445 -3.73597908 -5.17234468  0.79889828
 -1.65304124 -0.11739285]"
1747421922.8670394,"[ 0.00000000e+00 -3.61550750e-02  3.29627038e-01  3.09060617e+00
 -2.27105456e+00 -6.28506017e-05  9.59943872e-01  1.57076317e+00]","[ 0.00000000e+00 -4.44040267e-01  6.73893206e-01 -4.89460413e-01
 -5.19090710e-02  4.76908124e-05 -9.86161140e-04 -4.76188043e-05]","[ 0.         -3.36290336 14.68778229 -3.68545938 -5.0012002   0.79484862
 -1.6370095  -0.1177505 ]"
1747421922.8687954,"[ 0.00000000e+00 -3.70392444e-02  3.31024332e-01  3.08962719e+00
 -2.27115922e+00 -6.28506017e-05  9.59942873e-01  1.57076317e+00]","[ 0.00000000e+00 -4.48902001e-01  6.84967229e-01 -4.98329838e-01
 -5.38039683e-02  4.77273772e-05 -8.94075323e-04 -4.76552554e-05]","[ 0.         -3.22906351 14.62851715 -3.6383822  -4.86287498  0.75849444
 -1.59890831 -0.09543803]"
1747421922.8699248,"[ 0.00000000e+00 -3.75202113e-02  3.31705336e-01  3.08909509e+00
 -2.27121249e+00 -6.28506017e-05  9.59942873e-01  1.57076317e+00]","[ 0.00000000e+00 -4.52887854e-01  6.90639230e-01 -5.01035376e-01
 -5.39647609e-02  4.76903370e-05 -8.02038140e-04 -4.76552554e-05]","[ 0.         -3.16401839 14.54695511 -3.61924505 -4.81021547  0.7500428
 -1.5905031  -0.07491224]"
1747421922.8716898,"[ 0.00000000e+00 -3.84160987e-02  3.33137084e-01  3.08809534e+00
 -2.27132594e+00 -6.28506017e-05  9.59941941e-01  1.57076317e+00]","[ 0.00000000e+00 -4.55924523e-01  7.01650136e-01 -5.09133750e-01
 -5.59101792e-02  4.76908124e-05 -6.57408337e-04 -4.76188043e-05]","[ 0.         -3.08828712 14.60523987 -3.60687685 -4.78338861  0.71965104
 -1.56282043 -0.10386044]"
1747421922.8739974,"[ 0.00000000e+00 -3.93567272e-02  3.33834134e-01  3.08703753e+00
 -2.27144392e+00 -6.28506017e-05  9.59941009e-01  1.57076317e+00]","[ 0.00000000e+00 -4.61326479e-01  7.06845098e-01 -5.17349735e-01
 -6.05018351e-02  4.76908124e-05 -5.65371154e-04 -4.76547840e-05]","[ 0.         -3.04251266 14.69824982 -3.52393389 -4.80818605  0.68744934
 -1.55140495 -0.06996793]"
1747421922.8757334,"[ 0.00000000e+00 -4.02707241e-02  3.35241082e-01  3.08600982e+00
 -2.27157148e+00 -6.28506017e-05  9.59940010e-01  1.57076317e+00]","[ 0.00000000e+00 -4.64567646e-01  7.15758299e-01 -5.21558228e-01
 -6.26331380e-02  4.77273772e-05 -5.25926657e-04 -4.76192757e-05]","[ 0.         -3.02813888 14.7287426  -3.54320955 -4.91052628  0.69819438
 -1.59716082 -0.08678237]"
1747421922.876918,"[ 0.00000000e+00 -4.07303857e-02  3.36009770e-01  3.08549077e+00
 -2.27163486e+00 -6.28506017e-05  9.59940010e-01  1.57076317e+00]","[ 0.00000000e+00 -4.66188246e-01  7.23717755e-01 -5.26419995e-01
 -6.42831993e-02  4.77269018e-05 -5.01513317e-04 -4.76547840e-05]","[ 0.         -3.02450633 14.82228184 -3.46437812 -4.95053339  0.67823738
 -1.61341596 -0.0662036 ]"
1747421922.8786461,"[ 0.00000000e+00 -4.16923195e-02  3.37450240e-01  3.08439887e+00
 -2.27176935e+00 -6.28506017e-05  9.59939078e-01  1.57076317e+00]","[ 0.00000000e+00 -4.71590202e-01  7.32301855e-01 -5.35060621e-01
 -6.96851469e-02  4.76908124e-05 -4.51361982e-04 -3.70368514e-05]","[ 0.         -3.07256222 14.91611671 -3.44670725 -5.03055811  0.68377411
 -1.61280715 -0.0440064 ]"
1747421922.8809612,"[ 0.00000000e+00 -4.26622428e-02  3.38967876e-01  3.08333547e+00
 -2.27192009e+00 -6.28506017e-05  9.59937214e-01  1.57076317e+00]","[ 0.00000000e+00 -4.73952393e-01  7.43848456e-01 -5.40194963e-01
 -7.45469056e-02  4.77269018e-05 -4.93305469e-04 -3.70651995e-05]","[ 0.         -3.0666523  14.97169971 -3.46218586 -5.0851593   0.6822229
 -1.62409973 -0.04563773]"
1747421922.8826177,"[ 0.00000000e+00 -4.36012734e-02  3.40449226e-01  3.08221694e+00
 -2.27207695e+00 -6.28506017e-05  9.59935283e-01  1.57076317e+00]","[ 0.00000000e+00 -4.76451936e-01  7.54382257e-01 -5.48027786e-01
 -7.72366817e-02  4.76908124e-05 -5.27108142e-04 -3.70651995e-05]","[ 0.         -3.09304714 15.02915859 -3.50288439 -5.12434149  0.66216415
 -1.62398779 -0.04031758]"
1747421922.8843732,"[ 0.00000000e+00 -4.40742508e-02  3.41199072e-01  3.08167366e+00
 -2.27215658e+00 -6.28506017e-05  9.59935283e-01  1.57076317e+00]","[ 0.00000000e+00 -4.79207076e-01  7.60594480e-01 -5.50998842e-01
 -8.07591450e-02  4.77269018e-05 -5.07307416e-04 -3.70368514e-05]","[ 0.         -3.11178446 15.0087347  -3.60463428 -5.11532879  0.69415903
 -1.61784172 -0.0420336 ]"
1747421922.8870287,"[ 0.00000000e+00 -4.50622835e-02  3.42771336e-01  3.08053889e+00
 -2.27231823e+00 -6.28506017e-05  9.59934351e-01  1.57076317e+00]","[ 0.00000000e+00 -4.83481583e-01  7.68997885e-01 -5.54679064e-01
 -8.21096340e-02  4.76908124e-05 -5.07307416e-04 -3.70648338e-05]","[ 0.         -3.20330524 15.1125803  -3.64759088 -5.04773092  0.6890192
 -1.61705709 -0.01812727]"
1747421922.888283,"[ 0.00000000e+00 -4.60167605e-02  3.44307314e-01  3.07942915e+00
 -2.27248708e+00 -6.28506017e-05  9.59931488e-01  1.57076317e+00]","[ 0.00000000e+00 -4.84554870e-01  7.81391970e-01 -5.65313998e-01
 -8.34273411e-02  4.77273772e-05 -5.74119404e-04 -3.70364776e-05]","[ 0.         -3.26869965 15.2746439  -3.68871617 -5.03436232  0.68048787
 -1.61827695 -0.05342366]"
1747421922.8900757,"[ 0.00000000e+00 -4.70133154e-02  3.45922754e-01  3.07826135e+00
 -2.27265059e+00 -6.28506017e-05  9.59928625e-01  1.57076317e+00]","[ 0.00000000e+00 -4.87255848e-01  7.91385615e-01 -5.70749044e-01
 -8.29199257e-02  4.76912879e-05 -6.33499444e-04 -3.70648338e-05]","[ 0.         -3.31502032 15.32598972 -3.74673319 -4.99001455  0.69909024
 -1.62811804 -0.04071335]"
1747421922.891916,"[ 0.00000000e+00 -4.79779123e-02  3.47497781e-01  3.07712764e+00
 -2.27281411e+00 -6.17853373e-05  9.59924830e-01  1.57076317e+00]","[ 0.00000000e+00 -4.89416637e-01  7.99757795e-01 -5.76928177e-01
 -7.91385615e-02  5.83328791e-05 -7.08725878e-04 -2.64548924e-05]","[ 0.         -3.34002972 15.45767975 -3.77704501 -4.93454027  0.70804965
 -1.63893056 -0.02077407]"
1747421922.89364,"[ 0.00000000e+00 -4.89861851e-02  3.49154068e-01  3.07593615e+00
 -2.27296778e+00 -6.17853373e-05  9.59920036e-01  1.57076317e+00]","[ 0.00000000e+00 -4.93197993e-01  8.11372839e-01 -5.82600244e-01
 -7.79790794e-02  5.83328791e-05 -8.05961751e-04 -2.64551545e-05]","[ 0.00000000e+00 -3.33925748e+00  1.57033024e+01 -3.80025363e+00
 -4.85527658e+00  7.27370501e-01 -1.62777436e+00 -6.16437802e-03]"
1747421922.8948212,"[ 0.00000000e+00 -4.94735436e-02  3.49958575e-01  3.07535984e+00
 -2.27304314e+00 -6.17853373e-05  9.59916241e-01  1.57076410e+00]","[ 0.00000000e+00 -4.94278371e-01  8.15964462e-01 -5.84490955e-01
 -7.64375836e-02  5.82881910e-05 -8.88950818e-04 -1.85184257e-05]","[ 0.00000000e+00 -3.21941423e+00  1.58452482e+01 -3.79463673e+00
 -4.85056925e+00  7.18998373e-01 -1.63123059e+00 -7.35333608e-03]"
1747421922.896571,"[ 0.00000000e+00 -5.04525216e-02  3.51584568e-01  3.07414943e+00
 -2.27319921e+00 -6.17853373e-05  9.59906721e-01  1.57076410e+00]","[ 0.00000000e+00 -4.96943163e-01  8.27578640e-01 -5.92816663e-01
 -7.61674891e-02  5.83328791e-05 -1.09935927e-03 -1.85184257e-05]","[ 0.00000000e+00 -3.17047191e+00  1.61853886e+01 -3.87565756e+00
 -4.79257870e+00  6.90865338e-01 -1.67957509e+00 -6.11749571e-03]"
1747421922.9002209,"[ 0.00000000e+00 -5.14714470e-02  3.53295982e-01  3.07297791e+00
 -2.27335820e+00 -6.17853373e-05  9.59891541e-01  1.57076410e+00]","[ 0.00000000e+00 -4.97519538e-01  8.38652663e-01 -5.94152038e-01
 -7.76650928e-02  5.82887721e-05 -1.99840175e-03 -1.05899522e-05]","[ 0.00000000e+00 -3.15869141e+00  1.64609203e+01 -3.86234379e+00
 -4.82567358e+00  6.34043694e-01 -1.66213274e+00  2.04030145e-03]"
1747421922.9024537,"[ 0.00000000e+00 -5.29889162e-02  3.55879814e-01  3.07116083e+00
 -2.27358536e+00 -6.17853373e-05  9.59846800e-01  1.57076410e+00]","[ 0.00000000e+00 -5.01035376e-01  8.57878889e-01 -6.01777201e-01
 -7.58973946e-02  6.35877499e-05 -1.17885346e-02 -1.05819570e-05]","[ 0.         -3.21779561 17.16013336 -3.87490296 -4.72681713  0.61668634
 -1.63367152  0.02194615]"
1747421922.9042234,"[ 0.00000000e+00 -5.39812100e-02  3.57592593e-01  3.06996747e+00
 -2.27374036e+00 -6.17853373e-05  9.59790673e-01  1.57076410e+00]","[ 0.00000000e+00 -5.03461682e-01  8.71874666e-01 -6.05828668e-01
 -7.52305391e-02  6.36358718e-05 -3.07911127e-02 -1.05820616e-05]","[ 0.00000000e+00 -3.16067553e+00  1.73822136e+01 -3.80007315e+00
 -4.60601807e+00  6.10678375e-01 -1.61669183e+00  4.06978885e-03]"
1747421922.9059598,"[ 0.00000000e+00 -5.50203755e-02  3.59402278e-01  3.06871791e+00
 -2.27388204e+00 -6.17853373e-05  9.59719367e-01  1.57076410e+00]","[ 0.00000000e+00 -5.08863638e-01  8.87720341e-01 -6.10547856e-01
 -7.09636640e-02  6.35877499e-05 -3.48240250e-02 -1.05820616e-05]","[ 0.         -3.10658479 17.75194168 -3.72502255 -4.47428417  0.63391066
 -1.5745734   0.03923158]"
1747421922.9077349,"[ 0.00000000e+00 -5.60259851e-02  3.61175677e-01  3.06751070e+00
 -2.27402638e+00 -6.17853373e-05  9.59655585e-01  1.57076410e+00]","[ 0.00000000e+00 -5.10484239e-01  9.02935846e-01 -6.12040891e-01
 -7.07655415e-02  6.36358718e-05 -3.18715031e-02 -1.05819570e-05]","[ 0.         -3.04037642 17.90496254 -3.67473149 -4.26943111  0.59626794
 -1.57311106  0.05645734]"
1747421922.9094849,"[ 0.00000000e+00 -5.65282573e-02  3.62073828e-01  3.06685823e+00
 -2.27409669e+00 -6.28506017e-05  9.59627089e-01  1.57076410e+00]","[ 0.00000000e+00 -5.09403827e-01  9.10768669e-01 -6.14382741e-01
 -7.13057304e-02  5.30298904e-05 -2.89004307e-02 -1.05819570e-05]","[ 0.         -3.01285768 17.9001255  -3.74460864 -4.140203    0.56510031
 -1.56414044  0.05808678]"
1747421922.910639,"[ 0.00000000e+00 -5.75759449e-02  3.63964339e-01  3.06563690e+00
 -2.27423944e+00 -6.28506017e-05  9.59570963e-01  1.57076410e+00]","[ 0.00000000e+00 -5.12644994e-01  9.26844774e-01 -6.20055141e-01
 -6.92120946e-02  5.29897943e-05 -2.59293582e-02  0.00000000e+00]","[ 0.         -2.99261928 18.18765259 -3.66691279 -3.94932199  0.52253348
 -1.51739478  0.04392265]"
1747421922.9134963,"[ 0.00000000e+00 -5.85911419e-02  3.65813472e-01  3.06441078e+00
 -2.27437845e+00 -6.28506017e-05  9.59528152e-01  1.57076410e+00]","[ 0.00000000e+00 -5.15345972e-01  9.41289693e-01 -6.22304580e-01
 -7.06938358e-02  5.30298904e-05 -2.02573099e-02  0.00000000e+00]","[ 0.         -2.96373296 18.45046425 -3.59588051 -3.69677734  0.4819051
 -1.45032406  0.06835745]"
1747421922.9152453,"[ 0.00000000e+00 -5.96500147e-02  3.67766401e-01  3.06313140e+00
 -2.27452493e+00 -6.33832339e-05  9.59500522e-01  1.57076503e+00]","[ 0.00000000e+00 -5.17522074e-01  9.58035717e-01 -6.25005558e-01
 -7.09674756e-02  4.77269018e-05 -1.16141912e-02  1.05819570e-05]","[ 0.         -2.89696026 18.6767025  -3.49879146 -3.489007    0.43523794
 -1.38273847  0.04997564]"
1747421922.9170194,"[ 0.00000000e+00 -6.06726686e-02  3.69678018e-01  3.06184935e+00
 -2.27465942e+00 -6.33832339e-05  9.59489137e-01  1.57076503e+00]","[ 0.00000000e+00 -5.18587139e-01  9.72714861e-01 -6.27171907e-01
 -6.69841731e-02  4.77269018e-05 -3.78136470e-03  1.05819570e-05]","[ 0.         -2.90794373 18.81198502 -3.42025185 -3.34049463  0.4104507
 -1.35110676  0.06666734]"
1747421922.918148,"[ 0.00000000e+00 -6.12244756e-02  3.70644146e-01  3.06122777e+00
 -2.27472280e+00 -6.33832339e-05  9.59488138e-01  1.57076503e+00]","[ 0.00000000e+00 -5.19592249e-01  9.79913652e-01 -6.30407514e-01
 -6.42180684e-02  4.76908124e-05  1.08038990e-03  1.05820616e-05]","[ 0.         -2.87361622 18.44605255 -3.34708619 -3.29023957  0.42453259
 -1.30771756  0.07181723]"
1747421922.9200351,"[ 0.00000000e+00 -6.22540536e-02  3.72677437e-01  3.05997955e+00
 -2.27485010e+00 -6.33832339e-05  9.59491001e-01  1.57076503e+00]","[ 0.00000000e+00 -5.23989095e-01  9.97470009e-01 -6.32568270e-01
 -6.04351978e-02  4.76903370e-05  1.89068235e-03  1.05900569e-05]","[ 0.         -2.85096645 18.42549133 -3.22217941 -3.21386671  0.41335511
 -1.28938508  0.08373369]"
1747421922.9218302,"[ 0.00000000e+00 -6.32926865e-02  3.74665287e-01  3.05868073e+00
 -2.27495849e+00 -6.44484984e-05  9.59494796e-01  1.57076503e+00]","[ 0.00000000e+00 -5.28306279e-01  1.01205521e+00 -6.34945741e-01
 -5.32092012e-02  4.77269018e-05  1.85493812e-03  1.05819570e-05]","[ 0.         -2.85856724 18.40800476 -3.16883469 -3.19033027  0.35727674
 -1.22807872  0.12354715]"
1747421922.9235525,"[ 0.00000000e+00 -6.38530156e-02  3.75748061e-01  3.05805328e+00
 -2.27500749e+00 -6.44484984e-05  9.59494796e-01  1.57076503e+00]","[ 0.00000000e+00 -5.27120507e-01  1.01866538e+00 -6.36349626e-01
 -4.96979357e-02  4.77269018e-05  1.65578283e-03  1.05819570e-05]","[ 0.         -2.8637023  18.63132286 -3.20291972 -3.20936465  0.32722157
 -1.20581448  0.0798502 ]"
1747421922.924686,"[ 0.00000000e+00 -6.48959094e-02  3.77784547e-01  3.05679707e+00
 -2.27510230e+00 -6.55137628e-05  9.59492932e-01  1.57076503e+00]","[ 0.00000000e+00 -5.28310673e-01  1.03717428e+00 -6.37159959e-01
 -4.53304014e-02  3.71209245e-05 -2.64925248e-04  1.85325998e-05]","[ 0.         -2.8773365  18.72577095 -3.13013768 -3.28975224  0.26662177
 -1.2359221   0.0731702 ]"
1747421922.926438,"[ 0.00000000e+00 -6.59835444e-02  3.79849063e-01  3.05548653e+00
 -2.27518805e+00 -6.65790273e-05  9.59489137e-01  1.57076503e+00]","[ 0.00000000e+00 -5.30126883e-01  1.05013901e+00 -6.39860937e-01
 -4.29454991e-02  2.65149452e-05 -7.89864841e-04  1.85184257e-05]","[ 0.         -2.78426552 18.70403862 -2.99758983 -3.46052814  0.21416369
 -1.26600277  0.07143046]"
1747421922.9281554,"[ 0.00000000e+00 -6.65092524e-02  3.80973183e-01  3.05485589e+00
 -2.27522853e+00 -6.65790273e-05  9.59488138e-01  1.57076503e+00]","[ 0.00000000e+00 -5.33172407e-01  1.05849368e+00 -6.39590826e-01
 -4.10548170e-02  2.64948971e-05 -8.30468360e-04  1.85184257e-05]","[ 0.         -2.70789981 18.74847603 -2.90064621 -3.57459283  0.19355777
 -1.26456845  0.08581988]"
1747421922.929935,"[ 0.00000000e+00 -6.75596032e-02  3.83085436e-01  3.05354775e+00
 -2.27530603e+00 -6.76442917e-05  9.59488138e-01  1.57076503e+00]","[ 0.00000000e+00 -5.33712596e-01  1.07525808e+00 -6.38607454e-01
 -3.72356859e-02  1.59089679e-05 -8.27891414e-04  1.85324169e-05]","[ 0.         -2.77650356 18.99487305 -2.79765892 -3.76458073  0.1100855
 -1.29168212  0.11250196]"
1747421922.9316401,"[ 0.00000000e+00 -6.86552276e-02  3.85312505e-01  3.05228408e+00
 -2.27537634e+00 -6.76442917e-05  9.59488138e-01  1.57076597e+00]","[ 0.00000000e+00 -5.34793007e-01  1.09173399e+00 -6.41211426e-01
 -3.53827707e-02  1.58967790e-05 -7.37554337e-04  2.64551545e-05]","[ 0.         -2.78309846 19.25283432 -2.64547372 -4.13969374  0.09789763
 -1.31598973  0.07054139]"
1747421922.9333866,"[ 0.00000000e+00 -6.97529826e-02  3.87494133e-01  3.05097087e+00
 -2.27545197e+00 -6.81769239e-05  9.59488138e-01  1.57076597e+00]","[ 0.00000000e+00 -5.35641424e-01  1.11064084e+00 -6.41214955e-01
 -3.75435473e-02  1.06059783e-05 -5.80726983e-04  2.64548924e-05]","[ 0.         -2.87192988 19.35512161 -2.57203603 -4.40974474  0.04825164
 -1.38649809  0.10847496]"
1747421922.935138,"[ 0.00000000e+00 -7.02829517e-02  3.88686197e-01  3.05033704e+00
 -2.27549059e+00 -6.81769239e-05  9.59487206e-01  1.57076597e+00]","[ 0.00000000e+00 -5.37493985e-01  1.12138376e+00 -6.42831960e-01
 -3.91641349e-02  1.06059783e-05 -5.80726983e-04  2.64548924e-05]","[ 0.         -2.95713735 19.22493744 -2.53044844 -4.53631544  0.05266853
 -1.38253403  0.06748754]"
1747421922.93692,"[ 0.00000000e+00 -7.13492814e-02  3.90933472e-01  3.04907018e+00
 -2.27557421e+00 -6.92421883e-05  9.59487206e-01  1.57076597e+00]","[ 0.00000000e+00 -5.41275341e-01  1.14575355e+00 -6.42291804e-01
 -4.13249156e-02  0.00000000e+00 -3.36622034e-04  2.64751417e-05]","[ 0.         -3.09536099 19.19927788 -2.51232839 -4.67099571  0.02275225
 -1.3986069   0.08308747]"
1747421922.9386733,"[ 0.00000000e+00 -7.24603522e-02  3.93224823e-01  3.04774685e+00
 -2.27565597e+00 -7.03074528e-05  9.59487206e-01  1.57076597e+00]","[ 0.00000000e+00 -5.42850567e-01  1.16790147e+00 -6.47693760e-01
 -4.10548170e-02 -2.11801137e-05 -9.61777205e-05  2.64548924e-05]","[ 0.         -3.06486845 19.26554298 -2.46127939 -4.61279154 -0.04908675
 -1.3805114   0.079114  ]"
1747421922.9403489,"[ 0.00000000e+00 -7.35378672e-02  3.95651162e-01  3.04646800e+00
 -2.27574013e+00 -7.13727172e-05  9.59487206e-01  1.57076597e+00]","[ 0.00000000e+00 -5.47742328e-01  1.19085978e+00 -6.47693760e-01
 -4.05146197e-02 -3.17458709e-05 -8.83157386e-05  2.64748795e-05]","[ 0.         -3.19845152 19.25614357 -2.45808005 -4.37407017 -0.085632
 -1.30127466  0.10919553]"
1747421922.942741,"[ 0.00000000e+00 -7.41647753e-02  3.96834971e-01  3.04577744e+00
 -2.27578007e+00 -7.24379817e-05  9.59488138e-01  1.57076597e+00]","[ 0.00000000e+00 -5.50885857e-01  1.19936685e+00 -6.50242605e-01
 -4.05146197e-02 -4.76188043e-05  0.00000000e+00  2.64748795e-05]","[ 0.         -3.17085624 19.38006592 -2.46722627 -4.25463533 -0.08699797
 -1.24446917  0.13781209]"
1747421922.9450371,"[ 0.00000000e+00 -7.58430994e-02  4.00542923e-01  3.04384878e+00
 -2.27589992e+00 -7.29706139e-05  9.59491001e-01  1.57076690e+00]","[ 0.00000000e+00 -5.55860609e-01  1.23218472e+00 -6.52825605e-01
 -3.85820137e-02 -6.34917418e-05  1.95038433e-04  3.70648338e-05]","[ 0.         -3.51750541 19.41129875 -2.53235817 -3.55995011 -0.16338658
 -1.09406435  0.10799216]"
1747421922.9473672,"[ 0.00000000e+00 -7.69903892e-02  4.03094165e-01  3.04250469e+00
 -2.27596863e+00 -7.29706139e-05  9.59492932e-01  1.57076690e+00]","[ 0.00000000e+00 -5.61721327e-01  1.24890484e+00 -6.58497672e-01
 -3.34920866e-02 -6.35397134e-05  2.80858327e-04  3.70928568e-05]","[ 0.         -3.65315533 19.21300888 -2.55864072 -3.13208675 -0.18585855
 -1.01149821  0.11070289]"
1747421922.949102,"[ 0.00000000e+00 -7.81062537e-02  4.05582989e-01  3.04120932e+00
 -2.27602375e+00 -7.29706139e-05  9.59495795e-01  1.57076690e+00]","[ 0.00000000e+00 -5.66664487e-01  1.26486650e+00 -6.56606961e-01
 -2.45521898e-02 -7.40737029e-05  4.05607236e-04  3.71209245e-05]","[ 0.         -3.89265466 18.73814583 -2.69734812 -2.68358135 -0.17207313
 -0.88737077  0.16476628]"
1747421922.9502974,"[ 0.00000000e+00 -7.92743162e-02  4.08198979e-01  3.03985883e+00
 -2.27605598e+00 -7.40358783e-05  9.59499590e-01  1.57076690e+00]","[ 0.00000000e+00 -5.70749044e-01  1.28017301e+00 -6.60273335e-01
 -1.40450684e-02 -8.47196178e-05  5.43012630e-04  3.70928568e-05]","[ 0.         -3.95736289 18.49816132 -2.78022075 -2.32577753 -0.20351741
 -0.76846695  0.13217686]"
1747421922.952028,"[ 0.00000000e+00 -7.98405042e-02  4.09468208e-01  3.03920636e+00
 -2.27606370e+00 -7.40358783e-05  9.59501521e-01  1.57076690e+00]","[ 0.00000000e+00 -5.74227266e-01  1.28728459e+00 -6.61738806e-01
 -7.83282698e-03 -9.52376087e-05  6.03207482e-04  3.71209245e-05]","[ 0.         -4.09795904 18.09937477 -2.71986914 -2.217942   -0.21616672
 -0.73484856  0.14726579]"
1747421922.953795,"[ 0.00000000e+00 -8.09808698e-02  4.12023578e-01  3.03784442e+00
 -2.27606423e+00 -7.51011427e-05  9.59502453e-01  1.57076796e+00]","[ 0.00000000e+00 -5.79581551e-01  1.29704307e+00 -6.66793352e-01
  2.16077981e-03 -1.16402677e-04  5.96155892e-04  4.77269018e-05]","[ 0.         -4.23897648 18.00475883 -2.77589655 -2.06186318 -0.24032554
 -0.66383123  0.21153259]"
1747421922.9554975,"[ 0.00000000e+00 -8.21792923e-02  4.14697458e-01  3.03652802e+00
 -2.27605358e+00 -7.61664072e-05  9.59502453e-01  1.57076796e+00]","[ 0.00000000e+00 -5.85571333e-01  1.30876058e+00 -6.67140762e-01
  4.32009878e-03 -1.27079427e-04  5.96155892e-04  4.77264263e-05]","[ 0.         -4.24728632 18.25849152 -2.79001904 -2.07841897 -0.27439278
 -0.66351074  0.19273816]"
1747421922.9566312,"[ 0.00000000e+00 -8.27593288e-02  4.15993286e-01  3.03586756e+00
 -2.27605039e+00 -7.66990394e-05  9.59502453e-01  1.57076796e+00]","[ 0.00000000e+00 -5.88272311e-01  1.31429437e+00 -6.69841739e-01
  3.97387873e-03 -1.37565437e-04  5.72722805e-04  4.77264263e-05]","[ 0.         -4.27001524 18.25468636 -2.95111847 -2.07727194 -0.24874836
 -0.65395194  0.2060923 ]"
1747421922.9589562,"[ 0.00000000e+00 -8.33414958e-02  4.18703418e-01  3.03448830e+00
 -2.27605225e+00 -7.77643038e-05  9.59502453e-01  1.57076796e+00]","[ 0.00000000e+00 -5.89834854e-01  1.32431504e+00 -6.75513807e-01
  1.58955152e-03 -1.48147406e-04  5.72722805e-04  4.76908124e-05]","[ 0.         -4.40335941 18.39878654 -3.00124741 -2.21622515 -0.26764613
 -0.63239771  0.20769717]"
1747421922.96008,"[ 0.00000000e+00 -8.45628215e-02  4.20016690e-01  3.03382198e+00
 -2.27605491e+00 -7.77643038e-05  9.59502453e-01  1.57076890e+00]","[ 0.00000000e+00 -5.97269601e-01  1.33185059e+00 -6.75783918e-01
 -3.31238950e-04 -1.48147406e-04  5.51062190e-04  5.83328791e-05]","[ 0.         -4.49776649 18.89387321 -2.95701385 -2.26004314 -0.29824132
 -0.64199615  0.20685008]"
1747421922.9618933,"[ 0.00000000e+00 -8.57521892e-02  4.22660243e-01  3.03248428e+00
 -2.27605811e+00 -7.88295683e-05  9.59502453e-01  1.57076890e+00]","[ 0.00000000e+00 -6.05558557e-01  1.34319472e+00 -6.79565274e-01
 -7.45983475e-04 -1.58729359e-04  5.58931389e-04  5.83328791e-05]","[ 0.         -4.496768   19.06111145 -2.96198773 -2.2768023  -0.26822492
 -0.67332709  0.25268441]"
1747421922.9635704,"[ 0.00000000e+00 -8.63540636e-02  4.25431928e-01  3.03108665e+00
 -2.27605545e+00 -7.98948327e-05  9.59503385e-01  1.57076890e+00]","[ 0.00000000e+00 -6.10420291e-01  1.35690814e+00 -6.82536296e-01
 -7.25033123e-04 -1.69312986e-04  5.77220076e-04  5.83328791e-05]","[ 0.         -4.44884729 19.07444382 -2.93918824 -2.23652864 -0.2643429
 -0.67023385  0.23067805]"
1747421922.964719,"[ 0.00000000e+00 -8.70060054e-02  4.26775959e-01  3.03041021e+00
 -2.27605358e+00 -7.98948327e-05  9.59503385e-01  1.57076890e+00]","[ 0.00000000e+00 -6.13881202e-01  1.36318201e+00 -6.86047607e-01
 -3.97437294e-04 -1.69312986e-04  5.56231037e-04  5.83328791e-05]","[ 0.         -4.51548433 18.89971352 -2.91528773 -2.2240274  -0.28194791
 -0.64458162  0.25605226]"
1747421922.9665046,"[ 0.00000000e+00 -8.82230701e-02  4.29485659e-01  3.02899447e+00
 -2.27605225e+00 -8.09600971e-05  9.59505316e-01  1.57076983e+00]","[ 0.00000000e+00 -6.17896516e-01  1.37664110e+00 -6.92120946e-01
  0.00000000e+00 -1.80029186e-04  5.99811042e-04  6.62873661e-05]","[ 0.         -4.40153122 19.20752335 -2.86266351 -2.05510736 -0.31270942
 -0.6121698   0.24640432]"
1747421922.9688501,"[ 0.00000000e+00 -8.88371950e-02  4.30957355e-01  3.02831297e+00
 -2.27605225e+00 -8.14927294e-05  9.59506248e-01  1.57076983e+00]","[ 0.00000000e+00 -6.22844803e-01  1.38574645e+00 -6.90479107e-01
  0.00000000e+00 -1.85184249e-04  6.14989564e-04  6.62873661e-05]","[ 0.         -4.33201694 19.24699783 -2.88471913 -1.90029693 -0.35826281
 -0.6127758   0.26316553]"
1747421922.970569,"[ 0.00000000e+00 -9.07536057e-02  4.35101999e-01  3.02620294e+00
 -2.27604959e+00 -8.57537871e-05  9.59509111e-01  1.57076983e+00]","[ 0.00000000e+00 -6.35165252e-01  1.40963873e+00 -6.97637884e-01
  2.20789351e-04 -2.27686229e-04  6.38293069e-04  6.63375564e-05]","[ 0.         -4.28630161 19.64015579 -2.85266232 -1.2540977  -0.39669728
 -0.48502156  0.25624186]"
1747421922.971726,"[ 0.00000000e+00 -9.13853075e-02  4.36608616e-01  3.02551505e+00
 -2.27604719e+00 -8.73516838e-05  9.59510043e-01  1.57077076e+00]","[ 0.00000000e+00 -6.40671204e-01  1.41726269e+00 -6.97661786e-01
  3.87799362e-04 -2.43387420e-04  6.50677158e-04  7.42418490e-05]","[ 0.         -4.26597548 19.2983551  -2.88180828 -0.99238092 -0.45912462
 -0.46592745  0.24720819]"
1747421922.9735672,"[ 0.00000000e+00 -9.27099639e-02  4.39427572e-01  3.02412967e+00
 -2.27604027e+00 -8.94822126e-05  9.59512906e-01  1.57077076e+00]","[ 0.00000000e+00 -6.48116803e-01  1.43340731e+00 -7.02793631e-01
  7.93814980e-04 -2.64548920e-04  6.86381722e-04  7.42418490e-05]","[ 0.         -4.20296526 19.33098412 -2.82433558 -0.48299903 -0.4588491
 -0.33187839  0.29883432]"
1747421922.9753134,"[ 0.00000000e+00 -9.33533836e-02  4.40849667e-01  3.02338372e+00
 -2.27603521e+00 -8.94822126e-05  9.59514837e-01  1.57077076e+00]","[ 0.00000000e+00 -6.52555494e-01  1.44232051e+00 -7.02402479e-01
  1.04990952e-03 -2.64748804e-04  7.24404329e-04  7.42973261e-05]","[ 0.         -4.15222168 19.48398972 -2.68695498 -0.1777389  -0.4418326
 -0.32972509  0.29587135]"
1747421922.978373,"[ 0.00000000e+00 -9.46551367e-02  4.43823852e-01  3.02199275e+00
 -2.27602748e+00 -9.00148448e-05  9.59516701e-01  1.57077076e+00]","[ 0.00000000e+00 -6.62819183e-01  1.45636562e+00 -7.06574987e-01
  2.30000267e-03 -2.69839905e-04  7.33853544e-04  7.42418490e-05]","[ 0.         -4.14834023 19.33284378 -2.60299325  0.31000161 -0.47607872
 -0.23740351  0.36763331]"
1747421922.9795377,"[ 0.00000000e+00 -9.60224036e-02  4.46719973e-01  3.02054346e+00
 -2.27601736e+00 -9.10801093e-05  9.59519564e-01  1.57077169e+00]","[ 0.00000000e+00 -6.69163033e-01  1.47107945e+00 -7.06752353e-01
  4.43749789e-03 -2.80421858e-04  7.68934710e-04  8.49120728e-05]","[ 0.         -3.92768431 19.05573845 -2.38857555  0.64851087 -0.49113712
 -0.1261197   0.34501088]"
1747421922.9813473,"[ 0.00000000e+00 -9.73539842e-02  4.49754745e-01  3.01914903e+00
 -2.27600724e+00 -9.32106382e-05  9.59521494e-01  1.57077169e+00]","[ 0.00000000e+00 -6.77404451e-01  1.48555240e+00 -7.07385320e-01
  4.76460065e-03 -3.01585764e-04  7.75450352e-04  8.48478263e-05]","[ 0.         -3.77836251 18.91749763 -2.26887012  0.943142   -0.60393226
 -0.06367879  0.35587579]"
1747421922.98308,"[ 0.00000000e+00 -9.87494806e-02  4.52705494e-01  3.01770480e+00
 -2.27599712e+00 -9.69390637e-05  9.59522427e-01  1.57077169e+00]","[ 0.00000000e+00 -6.83346629e-01  1.49904105e+00 -7.03907099e-01
  5.01379554e-03 -3.38878471e-04  7.94847605e-04  8.48469811e-05]","[ 0.         -3.49344039 18.88928986 -2.03491545  1.14718568 -0.67401451
 -0.0385376   0.32343519]"
1747421922.9842377,"[ 0.00000000e+00 -1.00105030e-01  4.55799055e-01  3.01631196e+00
 -2.27598620e+00 -1.00667489e-04  9.59525289e-01  1.57077262e+00]","[ 0.00000000e+00 -6.88748585e-01  1.51321665e+00 -7.06574987e-01
  5.26489835e-03 -3.87337145e-04  8.51839838e-04  9.54538036e-05]","[ 0.         -3.35279107 18.80410194 -1.86054909  1.25829136 -0.74405426
  0.03884248  0.35991904]"
1747421922.9861286,"[ 0.00000000e+00 -1.00836334e-01  4.57297383e-01  3.01561688e+00
 -2.27598061e+00 -1.01732754e-04  9.59526222e-01  1.57077262e+00]","[ 0.00000000e+00 -6.88610168e-01  1.51956843e+00 -7.04240127e-01
  5.44218841e-03 -4.41032643e-04  8.47824030e-04  9.54538036e-05]","[ 0.         -3.24105573 19.19205666 -1.79074872  1.31321514 -0.7365697
  0.08860401  0.42588291]"
1747421922.9873064,"[ 0.00000000e+00 -1.02198274e-01  4.60313812e-01  3.01417824e+00
 -2.27596863e+00 -1.04395915e-04  9.59530017e-01  1.57077262e+00]","[ 0.00000000e+00 -6.91449563e-01  1.53172283e+00 -7.02793631e-01
  5.94214437e-03 -6.16453913e-04  8.69160202e-04  9.54538036e-05]","[ 0.         -3.05418181 19.15514183 -1.61899543  1.49636638 -0.78004235
  0.13731998  0.39784187]"
1747421922.9891288,"[ 0.00000000e+00 -1.02881109e-01  4.61948993e-01  3.01348768e+00
 -2.27596170e+00 -1.06526444e-04  9.59530949e-01  1.57077356e+00]","[ 0.00000000e+00 -6.92529941e-01  1.53971830e+00 -7.00362764e-01
  6.36871100e-03 -6.88911270e-04  8.50437192e-04  1.03407258e-04]","[ 0.         -2.92275476 19.20381355 -1.50881994  1.54241967 -0.84091121
  0.16437922  0.41541398]"
1747421922.9908578,"[ 0.00000000e+00 -1.04298443e-01  4.64998013e-01  3.01205996e+00
 -2.27595451e+00 -1.09189605e-04  9.59534810e-01  1.57077356e+00]","[ 0.00000000e+00 -6.92622486e-01  1.54927918e+00 -6.96133265e-01
  6.88860582e-03 -7.77614625e-04  8.48789231e-04  1.03486589e-04]","[ 0.         -2.73727465 19.45077324 -1.42639947  1.58940995 -0.89092058
  0.19654253  0.38963971]"
1747421922.9925933,"[ 0.00000000e+00 -1.05665177e-01  4.68183886e-01  3.01068976e+00
 -2.27593693e+00 -1.12918030e-04  9.59537607e-01  1.57077356e+00]","[ 0.00000000e+00 -6.93070097e-01  1.55777374e+00 -6.93070097e-01
  8.91321630e-03 -9.67049253e-04  8.72690711e-04  1.03408291e-04]","[ 0.         -2.65527248 19.42727852 -1.34067881  1.67110586 -0.96846908
  0.25015655  0.38103327]"
1747421922.993696,"[ 0.00000000e+00 -1.06346947e-01  4.69723992e-01  3.01001066e+00
 -2.27592602e+00 -1.16113824e-04  9.59539537e-01  1.57077462e+00]","[ 0.00000000e+00 -6.91449563e-01  1.56197367e+00 -6.88748585e-01
  1.02815069e-02 -1.08922742e-03  9.43853679e-04  1.14014268e-04]","[ 0.         -2.57591271 19.06587791 -1.33356953  1.70774317 -1.00386512
  0.26100081  0.44063926]"
1747421922.9960487,"[ 0.00000000e+00 -1.07764814e-01  4.72813892e-01  3.00860637e+00
 -2.27590018e+00 -1.22505410e-04  9.59543332e-01  1.57077462e+00]","[ 0.00000000e+00 -6.92622486e-01  1.56845607e+00 -6.84597916e-01
  1.34911902e-02 -1.46119002e-03  1.24195295e-03  1.06059781e-04]","[ 0.         -2.56588387 19.21288681 -1.26009953  1.73552239 -1.06191468
  0.29704949  0.38000566]"
1747421922.9972003,"[ 0.00000000e+00 -1.09125156e-01  4.76034652e-01  3.00726041e+00
 -2.27586716e+00 -1.29429629e-04  9.59548126e-01  1.57077555e+00]","[ 0.00000000e+00 -6.89828963e-01  1.57253324e+00 -6.80225804e-01
  1.67460433e-02 -1.86897368e-03  1.44241304e-03  1.14014268e-04]","[ 0.         -2.55641031 19.49062538 -1.2024188   1.75025415 -1.08544576
  0.3033286   0.40213585]"
1747421922.998933,"[ 0.00000000e+00 -1.09803730e-01  4.77590837e-01  3.00659063e+00
 -2.27584985e+00 -1.33158055e-04  9.59549058e-01  1.57077555e+00]","[ 0.00000000e+00 -6.87511081e-01  1.57817954e+00 -6.79984788e-01
  1.75563360e-02 -2.21254019e-03  1.41311033e-03  1.14014268e-04]","[ 0.         -2.66676068 19.60164642 -1.28592491  1.71656024 -1.09154046
  0.30153316  0.39462048]"
1747421923.0006948,"[ 0.00000000e+00 -1.11211477e-01  4.80837297e-01  3.00520525e+00
 -2.27581203e+00 -1.41680170e-04  9.59549990e-01  1.57077555e+00]","[ 0.00000000e+00 -6.86604075e-01  1.58811659e+00 -6.74433429e-01
  1.91769216e-02 -2.71789633e-03  1.37993343e-03  1.14013130e-04]","[ 0.         -2.59270883 19.84537315 -1.18361175  1.39886081 -1.0958364
  0.20224264  0.41635907]"
1747421923.0052557,"[ 0.00000000e+00 -1.12563830e-01  4.83979095e-01  3.00383319e+00
 -2.27577075e+00 -1.52332814e-04  9.59551921e-01  1.57077649e+00]","[ 0.00000000e+00 -6.85507385e-01  1.59519568e+00 -6.68799511e-01
  2.05274085e-02 -3.93636119e-03  1.36817118e-03  1.22061106e-04]","[ 0.         -2.59273386 19.91789627 -1.1690923   1.05934775 -1.1819185
  0.16455355  0.39711326]"
1747421923.0070038,"[ 0.00000000e+00 -1.15306886e-01  4.90432067e-01  3.00121024e+00
 -2.27568820e+00 -1.99737082e-04  9.59555716e-01  1.57077742e+00]","[ 0.00000000e+00 -6.80645651e-01  1.61194177e+00 -6.61738806e-01
  2.07975050e-02 -1.17891733e-02  1.30627154e-03  1.32673796e-04]","[ 0.         -2.35296416 20.08339882 -0.99108958  0.03918216 -1.30360258
  0.12669836  0.39591509]"
1747421923.0081198,"[ 0.00000000e+00 -1.16694925e-01  4.93752030e-01  2.99976601e+00
 -2.27564212e+00 -2.42347659e-04  9.59557647e-01  1.57077835e+00]","[ 0.00000000e+00 -6.76437923e-01  1.62397659e+00 -6.54446205e-01
  2.30706982e-02 -2.21479940e-02  1.34318077e-03  1.43180701e-04]","[ 0.         -2.23152828 20.24406433 -0.85423434 -0.22600646 -1.30875194
  0.12015169  0.42358431]"
1747421923.0098772,"[ 0.00000000e+00 -1.17362846e-01  4.95358249e-01  2.99912312e+00
 -2.27561842e+00 -2.67914006e-04  9.59559511e-01  1.57077835e+00]","[ 0.00000000e+00 -6.78092213e-01  1.62730741e+00 -6.52015338e-01
  2.40386761e-02 -2.40511243e-02  1.35756522e-03  1.43180701e-04]","[ 0.         -2.25251508 19.91087914 -0.85923427 -0.32244754 -1.31251645
  0.11952296  0.46891069]"
1747421923.0115354,"[ 0.00000000e+00 -1.18697622e-01  4.98585002e-01  2.99778781e+00
 -2.27556516e+00 -3.14785641e-04  9.59567101e-01  1.57077835e+00]","[ 0.00000000e+00 -6.75783918e-01  1.63841132e+00 -6.52248764e-01
  2.68322260e-02 -2.32283823e-02  1.56534666e-03  1.43180701e-04]","[ 0.         -2.27152562 19.7653389  -0.798621   -0.31506857 -1.35493577
  0.16889502  0.41489819]"
1747421923.0139294,"[ 0.00000000e+00 -1.20077140e-01  5.01953135e-01  2.99651402e+00
 -2.27550710e+00 -3.62189908e-04  9.59580417e-01  1.57077835e+00]","[ 0.00000000e+00 -6.72561027e-01  1.64678430e+00 -6.44722671e-01
  3.02509176e-02 -2.32283823e-02  2.04012743e-03  1.32574732e-04]","[ 0.         -2.29278207 19.55130386 -0.7908439  -0.12870419 -1.39794242
  0.28605419  0.4311457 ]"
1747421923.015047,"[ 0.00000000e+00 -1.20741865e-01  5.03581425e-01  2.99587993e+00
 -2.27547594e+00 -3.85093094e-04  9.59590936e-01  1.57077928e+00]","[ 0.00000000e+00 -6.74163318e-01  1.65137599e+00 -6.43102071e-01
  3.15693862e-02 -2.32283823e-02  2.51197442e-03  1.43180701e-04]","[ 0.00000000e+00 -2.35049820e+00  1.97967529e+01 -7.82985985e-01
 -1.28610376e-02 -1.43265390e+00  3.16962272e-01  3.78218710e-01]"
1747421923.016838,"[ 0.00000000e+00 -1.22120850e-01  5.06967967e-01  2.99456938e+00
 -2.27540377e+00 -4.30899464e-04  9.59625158e-01  1.57077928e+00]","[ 0.00000000e+00 -6.72930474e-01  1.65482106e+00 -6.38510448e-01
  3.63614283e-02 -2.32283823e-02  8.41242290e-03  1.43180701e-04]","[ 0.         -2.39409995 19.61169434 -0.81236529  0.3132627  -1.52951813
  0.33155695  0.4092215 ]"
1747421923.018616,"[ 0.00000000e+00 -1.23447104e-01  5.10246585e-01  2.99331583e+00
 -2.27532228e+00 -4.79368996e-04  9.59685079e-01  1.57077928e+00]","[ 0.00000000e+00 -6.72542717e-01  1.66407061e+00 -6.34625629e-01
  4.32155977e-02 -2.48489678e-02  3.45724769e-02  1.43179287e-04]","[ 0.         -2.55456996 19.19063759 -0.7627995   0.60133851 -1.51053262
  0.41015723  0.40445805]"
1747421923.0209544,"[ 0.00000000e+00 -1.24772293e-01  5.13665251e-01  2.99202420e+00
 -2.27521788e+00 -5.31566954e-04  9.59770700e-01  1.57078021e+00]","[ 0.00000000e+00 -6.72542717e-01  1.66879733e+00 -6.28786914e-01
  5.36139684e-02 -2.65814561e-02  4.31321742e-02  1.51135188e-04]","[ 0.         -2.59328413 19.01709747 -0.68329245  0.62968832 -1.50239372
  0.35959715  0.40968868]"
1747421923.0225883,"[ 0.00000000e+00 -1.26152343e-01  5.16963610e-01  2.99079542e+00
 -2.27509937e+00 -5.88558601e-04  9.59855388e-01  1.57078021e+00]","[ 0.00000000e+00 -6.74163318e-01  1.67244359e+00 -6.22034469e-01
  6.21224186e-02 -2.97408868e-02  4.24053018e-02  1.51135188e-04]","[ 0.         -2.62545753 18.83411789 -0.58258986  0.44710204 -1.53700376
  0.36685956  0.39588597]"
1747421923.0244174,"[ 0.00000000e+00 -1.26816003e-01  5.18614370e-01  2.99013602e+00
 -2.27503572e+00 -6.17320741e-04  9.59895336e-01  1.57078021e+00]","[ 0.00000000e+00 -6.73766240e-01  1.67406413e+00 -6.20902692e-01
  6.45532979e-02 -2.91409724e-02  4.04735738e-02  1.51133693e-04]","[ 0.         -2.663692   19.06324005 -0.56861246  0.26852936 -1.50412452
  0.41829336  0.43247977]"
1747421923.0261607,"[ 0.00000000e+00 -1.28191792e-01  5.22050514e-01  2.98892135e+00
 -2.27489191e+00 -6.78040814e-04  9.59981888e-01  1.57078128e+00]","[ 0.00000000e+00 -6.71557947e-01  1.67889483e+00 -6.13931535e-01
  7.26562194e-02 -2.97107224e-02  4.21291029e-02  1.61741166e-04]","[ 0.         -2.60449958 18.84069252 -0.41073963 -0.2406947  -1.58145893
  0.4885444   0.45989561]"
1747421923.027379,"[ 0.00000000e+00 -1.29513785e-01  5.25360790e-01  2.98772027e+00
 -2.27473798e+00 -7.44619841e-04  9.60067509e-01  1.57078128e+00]","[ 0.00000000e+00 -6.69841739e-01  1.67892586e+00 -6.07719313e-01
  8.01376714e-02 -3.45724769e-02  3.93155606e-02  1.61376444e-04]","[ 0.         -2.51137972 18.6987648  -0.30300498 -0.51321226 -1.68257248
  0.48510188  0.38316867]"
1747421923.0291204,"[ 0.00000000e+00 -1.30172651e-01  5.27016643e-01  2.98707951e+00
 -2.27465089e+00 -7.85632522e-04  9.60105592e-01  1.57078128e+00]","[ 0.00000000e+00 -6.68221139e-01  1.67776446e+00 -6.03348932e-01
  8.20012849e-02 -3.86183408e-02  3.58598885e-02  1.61374851e-04]","[ 0.         -2.35103846 18.82856178 -0.21066597 -0.5955478  -1.71812558
  0.44709787  0.36033657]"
1747421923.0309062,"[ 0.00000000e+00 -1.31539385e-01  5.30455983e-01  2.98648855e+00
 -2.27447965e+00 -8.64462090e-04  9.60167378e-01  1.57078221e+00]","[ 0.00000000e+00 -6.66060384e-01  1.68027635e+00 -5.99346268e-01
  8.83218733e-02 -4.05146197e-02  3.07911127e-02  1.61496777e-04]","[ 0.         -2.28917003 18.79480553 -0.24235934 -0.67320412 -1.76117241
  0.4306801   0.36325556]"
1747421923.0332503,"[ 0.00000000e+00 -1.32846997e-01  5.33889330e-01  2.98531410e+00
 -2.27429217e+00 -9.47552716e-04  9.60226367e-01  1.57078221e+00]","[ 0.00000000e+00 -6.61738806e-01  1.67538412e+00 -5.95024756e-01
  9.17812530e-02 -4.15950101e-02  2.85607112e-02  1.61374851e-04]","[ 0.         -2.30830002 18.58370209 -0.22895679 -0.63402182 -1.76077008
  0.54176033  0.38827068]"
1747421923.035536,"[ 0.00000000e+00 -1.34199350e-01  5.37185391e-01  2.98410369e+00
 -2.27410575e+00 -1.02851281e-03  9.60281561e-01  1.57078221e+00]","[ 0.00000000e+00 -6.60658428e-01  1.66778093e+00 -5.89082578e-01
  9.57874546e-02 -3.99339258e-02  2.80901368e-02  1.61496777e-04]","[ 0.         -2.43922043 18.44016075 -0.21564253 -0.51291174 -1.75783074
  0.61834687  0.37474549]"
1747421923.0373378,"[ 0.00000000e+00 -1.35489918e-01  5.40471832e-01  2.98295294e+00
 -2.27390601e+00 -1.10521185e-03  9.60332960e-01  1.57078314e+00]","[ 0.00000000e+00 -6.53095716e-01  1.66596119e+00 -5.82009954e-01
  1.02907141e-01 -3.76152695e-02  2.50768450e-02  1.69311312e-04]","[ 0.         -2.49394965 18.49622917 -0.15691151 -0.33487824 -1.81547236
  0.59184074  0.4060427 ]"
1747421923.0391371,"[ 0.00000000e+00 -1.36827890e-01  5.43877183e-01  2.98176943e+00
 -2.27367964e+00 -1.18723721e-03  9.60374771e-01  1.57078314e+00]","[ 0.00000000e+00 -6.53001041e-01  1.66272013e+00 -5.76117910e-01
  1.13981131e-01 -4.26754004e-02  2.02573099e-02  1.69440910e-04]","[ 0.         -2.64881611 18.4481945  -0.183624   -0.12735587 -1.86392725
  0.61446655  0.3791272 ]"
1747421923.040321,"[ 0.00000000e+00 -1.38108338e-01  5.47527744e-01  2.98064371e+00
 -2.27344075e+00 -1.27938259e-03  9.60409059e-01  1.57078314e+00]","[ 0.00000000e+00 -6.48116803e-01  1.65808103e+00 -5.69905687e-01
  1.23164451e-01 -4.56398608e-02  1.52968758e-02  1.69311312e-04]","[ 0.         -2.73914886 18.4704895  -0.14952639 -0.19426624 -1.89882553
  0.635535    0.38027418]"
1747421923.042087,"[ 0.00000000e+00 -1.38745366e-01  5.49160595e-01  2.98003971e+00
 -2.27331452e+00 -1.32678686e-03  9.60421377e-01  1.57078314e+00]","[ 0.00000000e+00 -6.46073160e-01  1.65596768e+00 -5.68742885e-01
  1.28026201e-01 -4.80773522e-02  1.24244839e-02  1.69311312e-04]","[ 0.         -2.77287078 18.78451729 -0.16977924 -0.36876097 -1.92807543
  0.62696642  0.38027418]"
1747421923.0437593,"[ 0.00000000e+00 -1.40067360e-01  5.52416709e-01  2.97893024e+00
 -2.27304368e+00 -1.43171540e-03  9.60438554e-01  1.57078408e+00]","[ 0.00000000e+00 -6.44992782e-01  1.64835370e+00 -5.59912042e-01
  1.33158055e-01 -5.40194971e-02  6.74559511e-03  1.80029186e-04]","[ 0.         -2.70434833 18.54894829 -0.23263301 -0.61099511 -1.89036131
  0.65906972  0.39163116]"
1747421923.0455842,"[ 0.00000000e+00 -1.40700659e-01  5.54166239e-01  2.97838349e+00
 -2.27290786e+00 -1.49083758e-03  9.60438554e-01  1.57078408e+00]","[ 0.00000000e+00 -6.42291804e-01  1.64729803e+00 -5.53948293e-01
  1.37749710e-01 -5.56705988e-02  6.74559511e-03  1.69311312e-04]","[ 0.         -2.78043437 18.25129128 -0.21342558 -0.76104867 -1.87806642
  0.65906972  0.39991882]"
1747421923.046713,"[ 0.00000000e+00 -1.41961932e-01  5.57412699e-01  2.97725431e+00
 -2.27261517e+00 -1.60588614e-03  9.60449939e-01  1.57078408e+00]","[ 0.00000000e+00 -6.38510448e-01  1.64543381e+00 -5.49918464e-01
  1.44807820e-01 -5.99616379e-02  4.86175453e-03  1.69439236e-04]","[ 0.         -2.7021904  18.4125061  -0.20229575 -0.96592599 -1.89133751
  0.66588223  0.41669753]"
1747421923.0490382,"[ 0.00000000e+00 -1.43263153e-01  5.60779034e-01  2.97617972e+00
 -2.27231903e+00 -1.73531577e-03  9.60459460e-01  1.57078501e+00]","[ 0.00000000e+00 -6.33546316e-01  1.64408159e+00 -5.43155333e-01
  1.51254584e-01 -6.46982613e-02  4.86175453e-03  1.79893264e-04]","[ 0.         -2.6453042  18.39927864 -0.19071415 -0.9124673  -1.93215847
  0.72688907  0.40812939]"
1747421923.050155,"[ 0.00000000e+00 -1.44511110e-01  5.64015840e-01  2.97507398e+00
 -2.27201090e+00 -1.86421276e-03  9.60472776e-01  1.57078501e+00]","[ 0.00000000e+00 -6.32028114e-01  1.64111230e+00 -5.38838149e-01
  1.57466823e-01 -6.64439800e-02  5.69730988e-03  1.80030974e-04]","[ 0.         -2.62924147 18.19434547 -0.16147909 -0.73596847 -1.98568714
  0.82171428  0.41475785]"
1747421923.051939,"[ 0.00000000e+00 -1.45179564e-01  5.65633112e-01  2.97454561e+00
 -2.27184046e+00 -1.93079179e-03  9.60482296e-01  1.57078501e+00]","[ 0.00000000e+00 -6.29428803e-01  1.64030203e+00 -5.35873385e-01
  1.60491808e-01 -6.75243704e-02  6.48902866e-03  1.79893264e-04]","[ 0.         -2.53262186 17.80989265 -0.17164743 -0.54520029 -2.05182552
  0.8416968   0.35845801]"
1747421923.0536926,"[ 0.00000000e+00 -1.46415803e-01  5.67373421e-01  2.97350138e+00
 -2.27151449e+00 -2.07566775e-03  9.60505133e-01  1.57078594e+00]","[ 0.00000000e+00 -6.24911948e-01  1.63877192e+00 -5.27230262e-01
  1.66650135e-01 -7.16523075e-02  9.66977147e-03  1.90475217e-04]","[ 0.00000000e+00 -2.62338710e+00  1.81394901e+01 -2.07585573e-01
 -1.10997707e-02 -2.06862354e+00  8.84243309e-01  4.08005863e-01]"
1747421923.0554924,"[ 0.00000000e+00 -1.47694120e-01  5.70598309e-01  2.97242813e+00
 -2.27115683e+00 -2.22320688e-03  9.60537490e-01  1.57078687e+00]","[ 0.00000000e+00 -6.23384958e-01  1.63351337e+00 -5.23448906e-01
  1.76791769e-01 -7.71696116e-02  1.64759457e-02  1.87829741e-04]","[ 0.         -2.70671225 17.9863472  -0.11398575  0.40378422 -2.01833487
  1.00947869  0.42900303]"
1747421923.0573206,"[ 0.00000000e+00 -1.48308778e-01  5.72210986e-01  2.97191361e+00
 -2.27097626e+00 -2.30896067e-03  9.60557464e-01  1.57078687e+00]","[ 0.00000000e+00 -6.23384958e-01  1.63571035e+00 -5.21828339e-01
  1.83126081e-01 -8.07474437e-02  1.89068230e-02  1.87831594e-04]","[ 0.         -2.77012682 18.18369865 -0.08231826  0.6110512  -2.01480246
  1.01136327  0.42920795]"
1747421923.0590875,"[ 0.00000000e+00 -1.49538626e-01  5.75556649e-01  2.97085500e+00
 -2.27059943e+00 -2.47354402e-03  9.60608797e-01  1.57078687e+00]","[ 0.00000000e+00 -6.23925180e-01  1.63273919e+00 -5.14576885e-01
  1.94740276e-01 -8.53508009e-02  2.59293582e-02  1.87829741e-04]","[ 0.         -2.80223083 18.58378792 -0.05463666  0.84089208 -1.98719871
  1.10473275  0.46007228]"
1747421923.0608432,"[ 0.00000000e+00 -1.50811084e-01  5.78774680e-01  2.96984939e+00
 -2.27018344e+00 -2.65304108e-03  9.60665855e-01  1.57078687e+00]","[ 0.00000000e+00 -6.20143825e-01  1.63084861e+00 -5.09133750e-01
  2.06624566e-01 -8.87720308e-02  2.97107224e-02  1.79893264e-04]","[ 0.         -2.81443691 18.43549347  0.08441844  0.72816676 -2.0233593
  1.12474072  0.4527753 ]"
1747421923.0626268,"[ 0.00000000e+00 -1.51420948e-01  5.80508131e-01  2.96935111e+00
 -2.26997438e+00 -2.74518645e-03  9.60698212e-01  1.57078794e+00]","[ 0.00000000e+00 -6.18523224e-01  1.63071639e+00 -5.05352394e-01
  2.12026522e-01 -9.34537265e-02  3.05937517e-02  1.90475217e-04]","[ 0.         -2.77043796 17.94256973  0.19713289  0.52689099 -2.04249191
  1.12077153  0.45313373]"
1747421923.064314,"[ 0.00000000e+00 -1.52690211e-01  5.83726095e-01  2.96832899e+00
 -2.26952804e+00 -2.94332564e-03  9.60762927e-01  1.57078794e+00]","[ 0.00000000e+00 -6.19603602e-01  1.63027550e+00 -4.96439160e-01
  2.19673173e-01 -1.03177236e-01  3.37279761e-02  1.90619136e-04]","[ 0.         -2.63354897 17.98711205  0.24274299  0.24460003 -2.09984183
  1.1269418   0.4336001 ]"
1747421923.0661073,"[ 0.         -0.15391047  0.58705618  2.96735507 -2.26908542 -0.00317715
  0.96083523  1.57078794]","[ 0.00000000e+00 -6.18523224e-01  1.62436621e+00 -4.94278371e-01
  2.26341678e-01 -1.17762503e-01  3.65777519e-02  1.90475217e-04]","[ 0.         -2.55790043 17.86685562  0.41801396 -0.11779087 -2.1512835
  1.17810333  0.43333191]"
1747421923.0700748,"[ 0.         -0.15517494  0.59025031  2.96635372 -2.26861298 -0.00342855
  0.9609104   1.57078887]","[ 0.00000000e+00 -6.16388901e-01  1.61678433e+00 -4.87243131e-01
  2.32211602e-01 -1.29515433e-01  3.86239376e-02  1.90475217e-04]","[ 0.         -2.43334436 18.10476685  0.49808308 -0.1949677  -2.1692009
  1.16468537  0.43573117]"
1747421923.07232,"[ 0.         -0.15764902  0.59672392  2.96444291 -2.2676284  -0.00402084
  0.96108064  1.57078887]","[ 0.00000000e+00 -6.15307990e-01  1.60518932e+00 -4.70441614e-01
  2.52787351e-01 -1.57196729e-01  4.53763743e-02  1.90333412e-04]","[ 0.         -2.41607451 18.10004425  0.68352455  0.20427068 -2.17508817
  1.20206642  0.38536069]"
1747421923.0739942,"[ 0.         -0.15886182  0.60000394  2.96352678 -2.26711601 -0.0043532
  0.96117771  1.57078887]","[ 0.00000000e+00 -6.15198268e-01  1.60194812e+00 -4.62406890e-01
  2.62264642e-01 -1.63138873e-01  4.83983131e-02  1.79893264e-04]","[ 0.         -2.37346005 18.25302315  0.68530595  0.55493319 -2.20288897
  1.21843112  0.38455832]"
1747421923.075732,"[ 0.         -0.16012682  0.60316824  2.9626213  -2.26658524 -0.00468024
  0.96128231  1.57078887]","[ 0.00000000e+00 -6.18896533e-01  1.60410262e+00 -4.57815235e-01
  2.70907765e-01 -1.66920246e-01  5.50440568e-02  1.79759342e-04]","[ 0.         -2.40207434 18.29003906  0.79085487  0.79249609 -2.2647109
  1.29664361  0.42740044]"
1747421923.076873,"[ 0.         -0.16073615  0.60487459  2.96213501 -2.2662923  -0.0048608
  0.96133844  1.57078887]","[ 0.00000000e+00 -6.17983002e-01  1.60667350e+00 -4.57903219e-01
  2.75585807e-01 -1.70021014e-01  5.69905654e-02  1.79895052e-04]","[ 0.         -2.26100254 18.53990364  0.81152433  0.87776905 -2.3318131
  1.35360634  0.47394606]"
1747421923.0792024,"[ 0.         -0.16196067  0.60805447  2.96124338 -2.26573516 -0.00520275
  0.961465    1.5707898 ]","[ 0.00000000e+00 -6.21674077e-01  1.61356230e+00 -4.50792679e-01
  2.85493033e-01 -1.74845830e-01  6.36951900e-02  1.79895052e-04]","[ 0.         -2.12711263 18.71616745  0.93448138  0.90108836 -2.45642686
  1.49484801  0.5140366 ]"
1747421923.0809684,"[ 0.         -0.1632358   0.6112458   2.96033498 -2.26513222 -0.00556015
  0.96160009  1.5707898 ]","[ 0.00000000e+00 -6.22304580e-01  1.61977452e+00 -4.40185707e-01
  2.97160641e-01 -1.83126081e-01  7.04954387e-02  1.79893264e-04]","[ 0.         -2.14885235 18.30980873  1.09974086  0.88269013 -2.52283287
  1.54754925  0.44991881]"
1747421923.082063,"[ 0.         -0.16384832  0.61296687  2.95990248 -2.26483528 -0.00575829
  0.96167519  1.5707898 ]","[ 0.00000000e+00 -6.21224202e-01  1.61894135e+00 -4.38638311e-01
  3.01158678e-01 -1.86571728e-01  7.61674891e-02  1.79893264e-04]","[ 0.         -2.04454875 17.64754868  1.35424948  0.72721422 -2.52183414
  1.56404173  0.4516412 ]"
1747421923.0838988,"[ 0.         -0.16512185  0.61616653  2.95904335 -2.26422622 -0.00613699
  0.96185216  1.57079073]","[ 0.00000000e+00 -6.21320742e-01  1.62355594e+00 -4.34046655e-01
  3.10297382e-01 -1.93929992e-01  9.07527485e-02  1.90331526e-04]","[ 0.         -1.78840733 17.35286713  1.45670652  0.78018516 -2.48341227
  1.55336905  0.47642389]"
1747421923.0850267,"[ 0.         -0.16634477  0.61949654  2.95816317 -2.26357694 -0.00653753
  0.96205862  1.57079073]","[ 0.00000000e+00 -6.19603602e-01  1.62648422e+00 -4.27024099e-01
  3.18726720e-01 -1.96417518e-01  1.09119380e-01  1.79893264e-04]","[ 0.         -1.60111272 16.82587433  1.60408843  0.84559017 -2.52246618
  1.70260501  0.49264681]"
1747421923.0868375,"[ 0.         -0.16695517  0.6211005   2.95774506 -2.26325683 -0.006733
  0.96218512  1.57079167]","[ 0.00000000e+00 -6.19063447e-01  1.62679715e+00 -4.23623375e-01
  3.24657180e-01 -1.98251554e-01  1.19115015e-01  1.90475217e-04]","[ 0.         -1.46523547 16.33952141  1.55924702  0.93304491 -2.54678869
  1.74222887  0.5170278 ]"
1747421923.0886064,"[ 0.         -0.1682191   0.62443418  2.95688885 -2.26260116 -0.00715538
  0.96245244  1.57079167]","[ 0.00000000e+00 -6.16362469e-01  1.62771008e+00 -4.15884030e-01
  3.35390984e-01 -2.09140903e-01  1.40848032e-01  1.90477103e-04]","[ 0.         -1.42828798 15.73684788  1.63951027  1.45853376 -2.70204353
  1.80496943  0.47164446]"
1747421923.0898595,"[ 0.         -0.16882577  0.62604093  2.95648139 -2.2622379  -0.0073695
  0.9626037   1.57079167]","[ 0.00000000e+00 -6.15282024e-01  1.62949812e+00 -4.13249131e-01
  3.42048188e-01 -2.16938339e-01  1.53415373e-01  1.79895052e-04]","[ 0.         -1.36012399 15.91268063  1.70465231  1.7959733  -2.71289921
  1.91781271  0.48496878]"
1747421923.091586,"[ 0.         -0.17008012  0.62925803  2.95568111 -2.26154282 -0.0078233
  0.96296043  1.5707926 ]","[ 0.00000000e+00 -6.12301548e-01  1.63327941e+00 -4.03255519e-01
  3.55718360e-01 -2.34207075e-01  1.80425119e-01  1.90331526e-04]","[ 0.         -1.36633933 15.4947567   1.84289992  2.43886447 -2.76951361
  2.04792333  0.49296567]"
1747421923.092777,"[ 0.         -0.17068306  0.63098961  2.95525873 -2.26118409 -0.00808003
  0.96314879  1.5707926 ]","[ 0.00000000e+00 -6.11500668e-01  1.63049654e+00 -3.97718774e-01
  3.63821294e-01 -2.41968641e-01  1.90958920e-01  1.90331526e-04]","[ 0.         -1.35533512 15.24185467  1.8162843   2.73243761 -2.83395505
  2.05113435  0.50327539]"
1747421923.095114,"[ 0.         -0.17192782  0.63420711  2.95448641 -2.2604131  -0.00857857
  0.96356071  1.5707926 ]","[ 0.00000000e+00 -6.07361184e-01  1.63162466e+00 -3.90560963e-01
  3.80181759e-01 -2.56592608e-01  2.16077989e-01  1.79893264e-04]","[ 0.         -1.46065462 15.3390646   1.86561346  3.25497293 -2.7128675
  2.26115608  0.50185198]"
1747421923.0968232,"[ 0.         -0.17311825  0.63742468  2.95369093 -2.25963626 -0.00910482
  0.9640468   1.5707926 ]","[ 0.00000000e+00 -6.02857579e-01  1.63084861e+00 -3.86684965e-01
  3.98663863e-01 -2.57547468e-01  2.44978413e-01  1.79895052e-04]","[ 0.         -1.40517163 15.39982605  1.88906479  3.4150939  -2.62676525
  2.28920937  0.51999903]"
1747421923.0990653,"[ 0.         -0.1743023   0.64076481  2.95294071 -2.25879257 -0.00961454
  0.96457098  1.5707926 ]","[ 0.00000000e+00 -5.99076223e-01  1.63030839e+00 -3.78136451e-01
  4.16490298e-01 -2.57951569e-01  2.73068554e-01  1.69311312e-04]","[ 0.         -1.33266389 15.32466221  1.90899754  3.22067404 -2.52279997
  2.17337227  0.46204686]"
1747421923.1001909,"[ 0.         -0.17552469  0.64409809  2.95221367 -2.25795234 -0.0101312
  0.96517126  1.57079353]","[ 0.00000000e+00 -5.96915401e-01  1.62648422e+00 -3.66522272e-01
  4.28480216e-01 -2.62534753e-01  2.98694955e-01  1.79893264e-04]","[ 0.         -1.23364007 14.99638081  1.91001189  2.69917846 -2.41115403
  2.0337863   0.51844573]"
1747421923.101909,"[ 0.         -0.17610898  0.64570018  2.95182751 -2.25752384 -0.01041562
  0.96547759  1.57079353]","[ 0.00000000e+00 -5.92593889e-01  1.62490643e+00 -3.63614267e-01
  4.35028063e-01 -2.67568777e-01  3.10612101e-01  1.79895052e-04]","[ 0.         -1.01828527 14.51881409  1.98020649  2.38621712 -2.41655278
  1.98519123  0.5310598 ]"
1747421923.10382,"[ 0.         -0.1773138   0.64889664  2.95112364 -2.25661836 -0.01095411
  0.96614258  1.57079353]","[ 0.00000000e+00 -5.86798185e-01  1.61923443e+00 -3.55448282e-01
  4.44850534e-01 -2.74680649e-01  3.29509759e-01  1.69311312e-04]","[ 0.         -0.84118021 14.70230103  1.91687465  1.86859632 -2.50047588
  2.13617587  0.49003664]"
1747421923.1049674,"[ 0.         -0.17789117  0.65061398  2.95077929 -2.25617495 -0.01122522
  0.9664774   1.5707946 ]","[ 0.00000000e+00 -5.84978047e-01  1.61695503e+00 -3.49236026e-01
  4.49712301e-01 -2.74959232e-01  3.39512526e-01  1.79893264e-04]","[ 0.         -0.80194962 14.58352375  1.93292451  1.64549339 -2.5005815
  2.21860099  0.5078007 ]"
1747421923.1067257,"[ 0.         -0.17903686  0.65379293  2.95008074 -2.25524178 -0.01183775
  0.96717375  1.5707946 ]","[ 0.00000000e+00 -5.80169377e-01  1.60922920e+00 -3.37964630e-01
  4.57150909e-01 -2.78017173e-01  3.57068849e-01  1.69311312e-04]","[ 0.         -0.75475168 14.37572861  1.95845711  1.55673862 -2.55877399
  2.12368274  0.55031103]"
1747421923.1085584,"[ 0.         -0.18021718  0.65695863  2.94939844 -2.25432245 -0.01235547
  0.96792909  1.5707946 ]","[ 0.00000000e+00 -5.76265915e-01  1.60302857e+00 -3.31766688e-01
  4.69493429e-01 -2.85771533e-01  3.71384039e-01  1.69183583e-04]","[ 0.         -0.67689955 14.54720497  1.89311779  1.71061921 -2.57947397
  2.0710597   0.56891745]"
1747421923.109745,"[ 0.         -0.18078443  0.65865853  2.94907327 -2.25385267 -0.01270914
  0.96830487  1.57079553]","[ 0.00000000e+00 -5.74724744e-01  1.60065502e+00 -3.29789025e-01
  4.76451936e-01 -2.91564541e-01  3.81107540e-01  1.69312986e-04]","[ 0.         -0.76021624 14.88672352  1.78256154  1.89186704 -2.55728912
  2.19521832  0.57038426]"
1747421923.1114273,"[ 0.         -0.18191041  0.66180445  2.94843145 -2.25286277 -0.01328864
  0.96912206  1.57079553]","[ 0.00000000e+00 -5.69905687e-01  1.59276488e+00 -3.22979089e-01
  4.85095059e-01 -2.94107959e-01  4.04991068e-01  1.69183583e-04]","[ 0.         -0.9327023  15.05217934  1.7411865   2.07583022 -2.64027119
  2.39740634  0.49889383]"
1747421923.11324,"[ 0.         -0.18251229  0.66349103  2.94811879 -2.25237861 -0.01357893
  0.96953778  1.57079553]","[ 0.00000000e+00 -5.66736726e-01  1.58811659e+00 -3.17416378e-01
  4.90539692e-01 -2.94406233e-01  4.21622176e-01  1.69311312e-04]","[ 0.         -0.94051564 15.07656288  1.76360643  2.14679384 -2.70006537
  2.55409265  0.53707516]"
1747421923.1149893,"[ 0.         -0.18362762  0.66660939  2.94748496 -2.2513501  -0.01418187
  0.97039392  1.57079553]","[ 0.00000000e+00 -5.65043887e-01  1.57953003e+00 -3.06020445e-01
  5.05073627e-01 -2.96026833e-01  4.37654240e-01  1.69312986e-04]","[ 0.         -1.10529554 15.47049332  1.67213964  2.37264061 -2.81362653
  2.64008212  0.53849596]"
1747421923.1161635,"[ 0.         -0.18418369  0.66816148  2.94718829 -2.25033757 -0.01480398
  0.9712958   1.57079646]","[ 0.00000000e+00 -5.63392128e-01  1.57412807e+00 -3.00888600e-01
  5.16156272e-01 -3.06439061e-01  4.41879478e-01  1.69183583e-04]","[ 0.         -1.14559221 15.37259007  1.64327145  2.37375522 -2.88960052
  2.46987247  0.5094111 ]"
1747421923.1179152,"[ 0.         -0.18533737  0.67137485  2.94658401 -2.24982464 -0.01511344
  0.97173528  1.57079646]","[ 0.00000000e+00 -5.62883131e-01  1.56680132e+00 -2.94151402e-01
  5.20207739e-01 -3.13535287e-01  4.45660834e-01  1.69311312e-04]","[ 0.         -1.2152487  15.46883583  1.69647503  2.30733633 -2.95530128
  2.4062829   0.52473974]"
1747421923.119065,"[ 0.         -0.18588971  0.67291549  2.94629719 -2.24930586 -0.01542822
  0.97217957  1.57079646]","[ 0.00000000e+00 -5.60182153e-01  1.56093078e+00 -2.90600243e-01
  5.26149884e-01 -3.19255224e-01  4.50522601e-01  1.69311312e-04]","[ 0.         -1.15503788 15.88027096  1.71823609  2.17802954 -2.93866301
  2.5322597   0.5197736 ]"
1747421923.12079,"[ 0.         -0.18703167  0.67598425  2.94571316 -2.24821662 -0.01607324
  0.97311374  1.57079646]","[ 0.00000000e+00 -5.56204456e-01  1.55360070e+00 -2.83117593e-01
  5.33712596e-01 -3.31139514e-01  4.58224030e-01  1.61254697e-04]","[ 0.         -1.08492041 15.79831886  1.75768507  1.80141854 -2.86326957
  2.6310432   0.52300096]"
1747421923.1219647,"[ 0.         -0.18758028  0.67762995  2.94543699 -2.24768905 -0.01642798
  0.9735694   1.57079739]","[ 0.00000000e+00 -5.55837040e-01  1.54974910e+00 -2.80091077e-01
  5.35063085e-01 -3.34023584e-01  4.62136779e-01  1.69311312e-04]","[ 0.         -1.05637538 15.45882511  1.83159089  1.59978712 -2.86425614
  2.51640821  0.55303776]"
1747421923.1237442,"[ 0.         -0.18867484  0.68067575  2.9448953  -2.24658091 -0.01676673
  0.97452448  1.57079739]","[ 0.00000000e+00 -5.54780231e-01  1.54279678e+00 -2.71988159e-01
  5.42412178e-01 -3.43563993e-01  4.67432409e-01  1.69311312e-04]","[ 0.         -0.94462198 15.63688374  1.93977404  1.54525602 -2.83949018
  2.28603435  0.59079379]"
1747421923.1254857,"[ 0.         -0.18980402  0.68382626  2.94435069 -2.2454978  -0.01749058
  0.97546158  1.57079739]","[ 0.00000000e+00 -5.50458653e-01  1.53721067e+00 -2.64810091e-01
  5.50458653e-01 -3.57595822e-01  4.79207076e-01  1.58730919e-04]","[ 0.         -0.88534695 15.86685276  2.03527617  1.72197866 -2.97634363
  2.22593999  0.57582355]"
1747421923.1272461,"[ 0.         -0.19034411  0.68533841  2.94409263 -2.24490685 -0.01784424
  0.97594288  1.57079832]","[ 0.00000000e+00 -5.47757675e-01  1.53361340e+00 -2.61459269e-01
  5.55931748e-01 -3.58689449e-01  4.88066148e-01  1.69312986e-04]","[ 0.         -0.83454108 15.51671696  2.13456154  1.8939333  -2.98057795
  2.36092806  0.60890514]"
1747421923.1289773,"[ 0.         -0.19146051  0.6883585   2.94358556 -2.24379551 -0.01859153
  0.97697792  1.57079832]","[ 0.00000000e+00 -5.44516508e-01  1.52983212e+00 -2.54701914e-01
  5.66934598e-01 -3.66623472e-01  5.10484239e-01  1.69567338e-04]","[ 0.         -0.78723574 15.69348145  2.25410938  2.33104825 -3.03139663
  2.50217962  0.5500679 ]"
1747421923.130151,"[ 0.         -0.19199527  0.68998076  2.94332058 -2.24323172 -0.01895478
  0.97748685  1.57079832]","[ 0.00000000e+00 -5.41806209e-01  1.52768148e+00 -2.49514625e-01
  5.71796332e-01 -3.68412950e-01  5.16156272e-01  1.69567338e-04]","[ 0.         -0.88017696 16.14209366  2.23463941  2.53295541 -3.05670094
  2.5257597   0.5639497 ]"
1747421923.1318917,"[ 0.         -0.19305787  0.69299213  2.9428436  -2.24203995 -0.01969674
  0.97852954  1.57079832]","[ 0.00000000e+00 -5.37493985e-01  1.52450459e+00 -2.39306363e-01
  5.84490955e-01 -3.79911914e-01  5.31551840e-01  1.58849285e-04]","[ 0.         -0.90668792 16.09337044  2.40926337  2.98427463 -2.96703029
  2.57856894  0.59403837]"
1747421923.1341572,"[ 0.         -0.19415456  0.69611003  2.9423922  -2.24086603 -0.02048131
  0.97963016  1.57079926]","[ 0.00000000e+00 -5.33711497e-01  1.52166300e+00 -2.25261300e-01
  5.98199377e-01 -3.84618818e-01  5.37493985e-01  1.69567338e-04]","[ 0.         -0.91362113 16.29498672  2.42694664  3.31775355 -2.94480729
  2.68541074  0.6233089 ]"
1747421923.1364331,"[ 0.         -0.19519906  0.69910808  2.94194825 -2.23961887 -0.02125948
  0.98070894  1.57079926]","[ 0.00000000e+00 -5.27230262e-01  1.51902820e+00 -2.14187294e-01
  6.11500668e-01 -3.98123675e-01  5.52889520e-01  1.69440910e-04]","[ 0.         -0.93983757 16.17827606  2.54755974  3.36972094 -2.9664216
  2.88319921  0.59273565]"
1747421923.1387763,"[ 0.         -0.19627178  0.70221546  2.94152294 -2.23839648 -0.02209678
  0.98185243  1.57080019]","[ 0.00000000e+00 -5.23448906e-01  1.51446927e+00 -2.04877832e-01
  6.23114847e-01 -4.11751136e-01  5.57751287e-01  1.69567338e-04]","[ 0.         -0.99272305 16.17480469  2.63321924  3.15383124 -2.94083881
  2.99787545  0.65038669]"
1747421923.1399198,"[ 0.         -0.19741267  0.70520153  2.9411256  -2.23710432 -0.02291757
  0.98295405  1.57080019]","[ 0.00000000e+00 -5.17276265e-01  1.51308603e+00 -2.00412326e-01
  6.33441121e-01 -4.17570709e-01  5.59074944e-01  1.69567338e-04]","[ 0.         -0.96380198 16.1017437   2.61999798  2.93676257 -3.05056906
  2.87977839  0.68262661]"
1747421923.1416957,"[ 0.         -0.19841988  0.70829372  2.94073731 -2.23584012 -0.02379002
  0.98409561  1.57080125]","[ 0.00000000e+00 -5.09698140e-01  1.50937531e+00 -1.95010370e-01
  6.44182449e-01 -4.28814076e-01  5.58561553e-01  1.80165302e-04]","[ 0.         -0.99297732 15.77774334  2.77171659  2.53401423 -3.13822007
  2.7376864   0.65707648]"
1747421923.1434743,"[ 0.         -0.19934347  0.71125689  2.94035009 -2.23451253 -0.02465501
  0.98521055  1.57080125]","[ 0.00000000e+00 -5.07243072e-01  1.49941096e+00 -1.86907453e-01
  6.50124627e-01 -4.38733519e-01  5.70175799e-01  1.69439236e-04]","[ 0.         -0.90202689 15.99700356  2.77756858  2.36801219 -3.223634
  2.84117007  0.63003218]"
1747421923.1451397,"[ 0.         -0.19991498  0.7128466   2.94016926 -2.23386698 -0.02512959
  0.98578133  1.57080125]","[ 0.00000000e+00 -5.02209464e-01  1.49683688e+00 -1.83396192e-01
  6.54052923e-01 -4.46869409e-01  5.78818888e-01  1.69567338e-04]","[ 0.         -0.91302323 15.96739864  2.76756239  2.33149552 -3.26866841
  2.90068722  0.63384134]"
1747421923.1463203,"[ 0.         -0.20093337  0.71578912  2.93980707 -2.23256283 -0.02603346
  0.98698281  1.57080125]","[ 0.00000000e+00 -4.96124907e-01  1.49039789e+00 -1.74534856e-01
  6.63629517e-01 -4.63487268e-01  5.87732089e-01  1.69569029e-04]","[ 0.         -0.95325345 15.81254196  2.77648449  2.48537302 -3.17821074
  2.86971498  0.63192618]"
1747421923.1480727,"[ 0.         -0.2014202   0.7172544   2.93964169 -2.23185283 -0.02649579
  0.98756784  1.57080125]","[ 0.00000000e+00 -4.93738182e-01  1.48607638e+00 -1.67730529e-01
  6.68548708e-01 -4.68889224e-01  5.93404156e-01  1.69569029e-04]","[ 0.         -1.03594053 16.18066788  2.77569652  2.6328907  -3.09950256
  2.96424413  0.65277976]"
1747421923.1498857,"[ 0.         -0.20242368  0.72028407  2.93932663 -2.23051939 -0.02746518
  0.98878171  1.57080219]","[ 0.00000000e+00 -4.88998487e-01  1.47652469e+00 -1.56227987e-01
  6.78214785e-01 -4.73506546e-01  5.91723635e-01  1.69567338e-04]","[ 0.         -1.13182104 16.15971565  2.69253325  3.07667017 -3.12034535
  3.03250861  0.6524654 ]"
1747421923.151592,"[ 0.         -0.20330838  0.72318066  2.93901931 -2.2291135  -0.02840208
  0.98995756  1.57080312]","[ 0.00000000e+00 -4.85095059e-01  1.46662931e+00 -1.47203117e-01
  6.88463494e-01 -4.77532347e-01  5.97185512e-01  1.80165302e-04]","[ 0.         -1.30804682 16.142416    2.65760922  3.34202528 -2.96937037
  3.17012644  0.6508556 ]"
1747421923.153323,"[ 0.         -0.2043337   0.72616773  2.93873621 -2.22773825 -0.02938479
  0.99119427  1.57080312]","[ 0.00000000e+00 -4.81905324e-01  1.45528518e+00 -1.42341366e-01
  7.00902920e-01 -4.78612725e-01  6.06909046e-01  1.69567338e-04]","[ 0.         -1.53352439 16.22568321  2.52311206  3.4798677  -2.95409274
  3.44561744  0.64188385]"
1747421923.1550727,"[ 0.         -0.20484343  0.72759672  2.93858734 -2.22704076 -0.0298583
  0.99180021  1.57080312]","[ 0.00000000e+00 -4.79970837e-01  1.44934300e+00 -1.40047702e-01
  7.07385320e-01 -4.80233325e-01  6.14471758e-01  1.69567338e-04]","[ 0.         -1.63743687 16.21611595  2.52667141  3.41931176 -2.96739244
  3.33787084  0.64556384]"
1747421923.1568706,"[ 0.         -0.20578299  0.73043818  2.93832236 -2.22557762 -0.03085432
  0.99306354  1.57080405]","[ 0.00000000e+00 -4.75969205e-01  1.43627220e+00 -1.32213664e-01
  7.17108788e-01 -4.86534231e-01  6.16388901e-01  1.69567338e-04]","[ 0.         -1.62597311 16.2463665   2.5246079   3.42322421 -2.87289357
  3.13427281  0.68181831]"
1747421923.159916,"[ 0.         -0.20675451  0.73336366  2.93806696 -2.22414724 -0.03181998
  0.9942822   1.57080405]","[ 0.00000000e+00 -4.74453933e-01  1.42503433e+00 -1.22876547e-01
  7.27372477e-01 -4.89956826e-01  6.19333491e-01  1.69569029e-04]","[ 0.         -1.48490119 16.02920723  2.57453918  3.31747007 -2.84020448
  2.72161055  0.66732943]"
1747421923.1610982,"[ 0.         -0.20768342  0.73615279  2.93783979 -2.22264255 -0.03278458
  0.99551505  1.57080405]","[ 0.00000000e+00 -4.69493429e-01  1.41098922e+00 -1.13056173e-01
  7.37636233e-01 -4.88876448e-01  6.27166314e-01  1.69567338e-04]","[ 0.         -1.49687278 15.77375031  2.60199261  2.98710656 -2.88197517
  2.80116844  0.66761887]"
1747421923.1628268,"[ 0.         -0.20860275  0.73901995  2.93761928 -2.22100817 -0.03379338
  0.99682406  1.57080405]","[ 0.00000000e+00 -4.65107868e-01  1.39652958e+00 -1.06075054e-01
  7.45033097e-01 -4.93197993e-01  6.43372182e-01  1.58969375e-04]","[ 0.         -1.45869887 15.72063541  2.61714435  2.68676639 -2.94628286
  2.87270856  0.73322415]"
1747421923.1645935,"[ 0.         -0.2095503   0.74175901  2.93742407 -2.21952745 -0.03481284
  0.99809219  1.57080498]","[ 0.00000000e+00 -4.61326479e-01  1.38560010e+00 -9.64247990e-02
  7.53031768e-01 -5.00533836e-01  6.42990151e-01  1.69567338e-04]","[ 0.         -1.42449927 15.93809223  2.58728719  2.59068012 -3.10048342
  2.94430304  0.71487081]"
1747421923.1658354,"[ 0.         -0.21000517  0.74322801  2.93733246 -2.21878204 -0.03531032
  0.99872669  1.57080498]","[ 0.00000000e+00 -4.61326479e-01  1.38323881e+00 -9.29135292e-02
  7.55236865e-01 -5.04542094e-01  6.43372182e-01  1.69567338e-04]","[ 0.         -1.46029198 16.04802132  2.54681993  2.68934393 -3.19736791
  2.97674179  0.64344084]"
1747421923.167532,"[ 0.         -0.21094473  0.74594223  2.93715962 -2.21722142 -0.03630954
  1.00004708  1.57080498]","[ 0.00000000e+00 -4.58404759e-01  1.37286354e+00 -8.21096340e-02
  7.64105791e-01 -5.05622472e-01  6.45532938e-01  1.59089675e-04]","[ 0.         -1.53040218 16.44576073  2.4511447   2.83394432 -3.28874087
  3.04479623  0.60636652]"
1747421923.1693332,"[ 0.         -0.21139747  0.74729365  2.93708585 -2.21646562 -0.0368459
  1.00068544  1.57080498]","[ 0.00000000e+00 -4.59165724e-01  1.37047455e+00 -7.47411999e-02
  7.66536658e-01 -5.05047661e-01  6.47423649e-01  1.58969375e-04]","[ 0.         -1.6055845  16.39951324  2.37867212  2.89194822 -3.30324054
  3.08166122  0.64395767]"
1747421923.1710865,"[ 0.         -0.21185074  0.75009011  2.93694284 -2.21488397 -0.03784778
  1.0020372   1.57080591]","[ 0.00000000e+00 -4.59705912e-01  1.36468191e+00 -6.80645635e-02
  7.74122206e-01 -5.08863638e-01  6.62781034e-01  1.69567338e-04]","[ 0.         -1.64735997 16.395895    2.2782886   3.0848031  -3.22579694
  3.12254357  0.61805403]"
1747421923.1728866,"[ 0.         -0.21279083  0.75276858  2.93681634 -2.21334573 -0.03888162
  1.00335766  1.57080591]","[ 0.00000000e+00 -4.58404759e-01  1.35696966e+00 -6.26626158e-02
  7.81391970e-01 -5.04044615e-01  6.73623095e-01  1.69567338e-04]","[ 0.         -1.80120468 16.3456707   2.22247124  3.30727935 -3.13053107
  3.06110954  0.64210606]"
1747421923.174018,"[ 0.         -0.21324197  0.75410389  2.93675642 -2.21257154 -0.03938016
  1.00402545  1.57080591]","[ 0.00000000e+00 -4.57081534e-01  1.35426868e+00 -6.07719338e-02
  7.85173393e-01 -5.05622472e-01  6.77404451e-01  1.69567338e-04]","[ 0.         -1.84155881 16.54739571  2.19392443  3.26183486 -3.10248566
  2.84571719  0.69187552]"
1747421923.1757817,"[ 0.         -0.21413946  0.75686312  2.93663125 -2.21095287 -0.04036873
  1.00543053  1.57080685]","[ 0.00000000e+00 -4.55384334e-01  1.34372256e+00 -6.13121269e-02
  7.91655726e-01 -4.99174060e-01  6.88860971e-01  1.80301630e-04]","[ 0.         -1.87636375 16.38161087  2.2145083   3.19364929 -3.07793427
  2.83947968  0.68803251]"
1747421923.1775165,"[ 0.         -0.21507476  0.75950119  2.93650821 -2.21016857 -0.04138179
  1.00680426  1.57080685]","[ 0.00000000e+00 -4.56464746e-01  1.33617223e+00 -6.23925172e-02
  7.95437082e-01 -4.94278371e-01  6.97661786e-01  1.69567338e-04]","[ 0.         -1.87878835 16.42552185  2.23460507  3.21734524 -3.08892703
  3.03086472  0.7138117 ]"
1747421923.178718,"[ 0.         -0.21552643  0.76081679  2.93644243 -2.20937975 -0.04187235
  1.00749774  1.57080791]","[ 0.00000000e+00 -4.58085312e-01  1.33428152e+00 -6.19398090e-02
  7.99218105e-01 -4.97519538e-01  7.03333853e-01  1.80163498e-04]","[ 0.         -1.90022063 16.56608009  2.25469518  3.06093121 -3.15374732
  3.24938226  0.75075436]"
1747421923.1805315,"[ 0.         -0.2164612   0.76353428  2.93632206 -2.20773391 -0.04289713
  1.00894277  1.57080791]","[ 0.00000000e+00 -4.56900139e-01  1.32375565e+00 -6.10420282e-02
  8.05430661e-01 -5.00032297e-01  7.05224498e-01  1.80165302e-04]","[ 0.         -1.8027097  16.71607971  2.36305189  3.10540414 -3.33059168
  3.05406022  0.68559033]"
1747421923.1816838,"[ 0.         -0.21691181  0.76483743  2.9362624  -2.20693736 -0.04339461
  1.00963719  1.57080791]","[ 0.00000000e+00 -4.57004935e-01  1.32158690e+00 -6.05018351e-02
  8.07861528e-01 -5.04030867e-01  7.04414231e-01  1.80165302e-04]","[ 0.         -1.76481068 16.4356823   2.41460204  3.18859148 -3.38775945
  2.90071726  0.67360675]"
1747421923.1834428,"[ 0.         -0.21781302  0.76743328  2.93613617 -2.20527262 -0.04439916
  1.01108702  1.57080791]","[ 0.00000000e+00 -4.56464746e-01  1.31483445e+00 -6.10420282e-02
  8.14245191e-01 -5.11024427e-01  7.07115209e-01  1.69569029e-04]","[ 0.         -1.6762805  16.50944519  2.5530827   3.20800185 -3.36650038
  2.79798365  0.69268006]"
1747421923.1846483,"[ 0.         -0.21829559  0.76882505  2.93607784 -2.20446541 -0.04493871
  1.01179096  1.57080884]","[ 0.00000000e+00 -4.54392440e-01  1.31051601e+00 -5.91513461e-02
  8.17835998e-01 -5.08056900e-01  7.13867654e-01  1.80167090e-04]","[ 0.         -1.65854263 16.77675438  2.58733153  3.25061631 -3.25105572
  2.94790411  0.68942291]"
1747421923.1879978,"[ 0.         -0.21919094  0.77140066  2.93596439 -2.20284275 -0.0459326
  1.01327121  1.57080884]","[ 0.00000000e+00 -4.53304006e-01  1.30351882e+00 -5.50998833e-02
  8.23797284e-01 -5.02381305e-01  7.24720834e-01  1.69567338e-04]","[ 0.         -1.51531589 16.93270493  2.78824401  3.19989753 -3.16993928
  3.03963709  0.70167828]"
1747421923.1892717,"[ 0.         -0.22011985  0.77405842  2.93586213 -2.20114099 -0.04696378
  1.01470765  1.57080884]","[ 0.00000000e+00 -4.53389360e-01  1.29546981e+00 -5.10484247e-02
  8.33250707e-01 -5.01536916e-01  7.30343566e-01  1.69311312e-04]","[ 0.         -1.41153538 16.89266968  2.93713188  3.35016704 -3.08097315
  3.10745645  0.73802787]"
1747421923.1909692,"[ 0.         -0.22100881  0.77660054  2.93576572 -2.19948477 -0.04795501
  1.01619549  1.57080978]","[ 0.00000000e+00 -4.49442190e-01  1.28728459e+00 -4.53890909e-02
  8.41580476e-01 -5.04542094e-01  7.25473177e-01  1.80165302e-04]","[ 0.         -1.19334233 16.89330482  3.11465669  3.71895742 -3.15949845
  3.30957341  0.78799224]"
1747421923.192777,"[ 0.         -0.22192441  0.77922342  2.93569355 -2.19774812 -0.04899417
  1.01763773  1.57080978]","[ 0.00000000e+00 -4.45660834e-01  1.27816685e+00 -3.40322817e-02
  8.49726686e-01 -5.08056900e-01  7.34124922e-01  1.69312986e-04]","[ 0.         -1.04560781 16.88111877  3.23609424  4.04281235 -3.25815606
  3.38493562  0.74838102]"
1747421923.1944973,"[ 0.         -0.22236383  0.78047977  2.93566425 -2.19690577 -0.04949538
  1.01836357  1.57081071]","[ 0.00000000e+00 -4.45209295e-01  1.27431992e+00 -2.75585803e-02
  8.54318309e-01 -5.08323450e-01  7.36285744e-01  1.79893264e-04]","[ 0.         -0.92648453 17.15935135  3.30398297  4.05351353 -3.35125971
  3.56013989  0.74104685]"
1747421923.195668,"[ 0.         -0.22323522  0.78297682  2.93562591 -2.19513876 -0.05049993
  1.01987611  1.57081071]","[ 0.00000000e+00 -4.40258878e-01  1.26297578e+00 -1.67460433e-02
  8.64148103e-01 -5.10484239e-01  7.38986722e-01  1.79893264e-04]","[ 0.         -0.67357099 17.10506821  3.3551991   4.0931673  -3.43863082
  3.51452041  0.77603972]"
1747421923.1974604,"[ 0.         -0.22412791  0.78554737  2.93560753 -2.19342102 -0.05155401
  1.02133926  1.57081071]","[ 0.00000000e+00 -4.34316733e-01  1.25190183e+00 -6.70580113e-03
  8.72340386e-01 -5.15345972e-01  7.44928834e-01  1.79895052e-04]","[ 0.         -0.53834206 16.91217804  3.34506202  4.26060534 -3.47552037
  3.27688503  0.78259873]"
1747421923.1991627,"[ 0.         -0.22455508  0.78677662  2.9356054  -2.19255496 -0.05206959
  1.02213641  1.57081164]","[ 0.00000000e+00 -4.33236355e-01  1.24550678e+00 -1.75496607e-03
  8.78357000e-01 -5.22908717e-01  7.50549968e-01  1.90477103e-04]","[ 0.         -0.52749765 16.78503418  3.36827755  4.38078213 -3.48866916
  3.06407642  0.76699996]"
1747421923.2008646,"[ 0.         -0.22543499  0.7892172   2.93561179 -2.19074454 -0.05316468
  1.02363949  1.57081164]","[ 0.00000000e+00 -4.28410674e-01  1.23336463e+00  3.50993214e-03
  8.87000089e-01 -5.37647583e-01  7.65186169e-01  1.79893264e-04]","[ 0.         -0.50829613 16.92085457  3.38567686  4.30015135 -3.37799621
  3.30461478  0.78977472]"
1747421923.2020621,"[ 0.         -0.22585257  0.79052268  2.93561765 -2.1898673  -0.05370105
  1.02439197  1.57081164]","[ 0.00000000e+00 -4.23512854e-01  1.22926696e+00  4.36428228e-03
  8.89701067e-01 -5.43976319e-01  7.63295458e-01  1.79893264e-04]","[ 0.         -0.44601336 17.09004211  3.37501287  4.18815279 -3.36546707
  3.53771424  0.77019805]"
1747421923.2038252,"[ 0.         -0.22670904  0.79293158  2.9356283  -2.18803344 -0.0547743
  1.02595305  1.57081257]","[ 0.00000000e+00 -4.16275647e-01  1.21922005e+00  5.18254841e-03
  8.97593212e-01 -5.44516508e-01  7.62215080e-01  1.90333412e-04]","[ 0.         -0.5190022  17.17824936  3.39285636  4.07500935 -3.29930425
  3.55855203  0.77229798]"
1747421923.2055514,"[ 0.         -0.22752237  0.79541491  2.93563203 -2.18625632 -0.05590135
  1.02745993  1.57081257]","[ 0.00000000e+00 -4.11088342e-01  1.21084694e+00  2.65459788e-03
  9.02665735e-01 -5.49684472e-01  7.65186169e-01  1.79893264e-04]","[ 0.         -0.5483126  17.44301033  3.44802594  3.86434245 -3.2370224
  3.40106201  0.77228343]"
1747421923.206687,"[ 0.         -0.22792664  0.79660375  2.93563203 -2.18536416 -0.05644836
  1.02827999  1.57081257]","[ 0.00000000e+00 -4.09592544e-01  1.20571516e+00  1.22847629e-03
  9.04826557e-01 -5.54780231e-01  7.71389736e-01  1.79893264e-04]","[ 0.         -0.53248936 17.87524033  3.48555923  3.86453795 -3.31743813
  3.26625752  0.79805613]"
1747421923.2084792,"[ 0.         -0.22875329  0.79896903  2.93562963 -2.18350767 -0.05755304
  1.02980584  1.5708135 ]","[ 0.00000000e+00 -4.02232599e-01  1.19734205e+00 -3.31156572e-04
  9.07257424e-01 -5.62342976e-01  7.75719970e-01  1.87829741e-04]","[ 0.         -0.60454488 18.08242226  3.545187    3.73618555 -3.21927905
  3.17162013  0.80517107]"
1747421923.2102706,"[ 0.         -0.2291453   0.80023776  2.93562883 -2.18260992 -0.05815492
  1.03057257  1.5708135 ]","[ 0.00000000e+00 -3.97583486e-01  1.19466091e+00 -4.25510074e-04
  9.10498624e-01 -5.66736726e-01  7.77610614e-01  1.87831594e-04]","[ 0.         -0.59696746 17.90964317  3.57470703  3.69675446 -3.17128253
  3.07792258  0.80861682]"
1747421923.2120311,"[ 0.         -0.22992561  0.80259846  2.9356291  -2.18080536 -0.05927664
  1.03231161  1.5708135 ]","[ 0.00000000e+00 -3.94882508e-01  1.19815245e+00 -4.82695217e-04
  9.16440736e-01 -5.69905687e-01  7.95906065e-01  1.79895052e-04]","[ 0.         -0.59684956 18.15641022  3.55744386  3.48995447 -3.22288299
  3.0792222   0.77877724]"
1747421923.213202,"[ 0.         -0.23072935  0.80497566  2.9356315  -2.17891798 -0.06046228
  1.03379373  1.57081457]","[ 0.00000000e+00 -3.91641341e-01  1.20706565e+00 -7.63192740e-05
  9.22652959e-01 -5.83359112e-01  8.16486841e-01  1.90475217e-04]","[ 0.         -0.55667126 18.31360435  3.57524037  3.2178328  -3.21399617
  3.19944     0.77660829]"
1747421923.2148476,"[ 0.         -0.23111338  0.8062623   2.93563256 -2.17800238 -0.06103965
  1.03479355  1.57081457]","[ 0.00000000e+00 -3.89480552e-01  1.21146239e+00  2.28925028e-04
  9.28595137e-01 -5.85571333e-01  8.23517852e-01  1.90475217e-04]","[ 0.         -0.53024209 18.24256134  3.55614853  2.9829607  -3.27241325
  3.31996703  0.77554631]"
1747421923.2165554,"[ 0.         -0.23190381  0.8086648   2.93563336 -2.1760913  -0.06222476
  1.03643359  1.57081457]","[ 0.00000000e+00 -3.85180345e-01  1.21976014e+00  2.65490129e-04
  9.33985375e-01 -6.06098712e-01  8.33520819e-01  1.90475217e-04]","[ 0.         -0.55198449 17.80841827  3.59204245  2.94959402 -3.32604241
  3.09853864  0.79856235]"
1747421923.2183924,"[ 0.         -0.23228357  0.80987295  2.93563336 -2.17516558 -0.0628767
  1.03732688  1.57081457]","[ 0.00000000e+00 -3.84768754e-01  1.22392079e+00  2.39325514e-04
  9.39811972e-01 -6.13881202e-01  8.41077405e-01  1.79895052e-04]","[ 0.         -0.56753117 17.83179092  3.64756179  2.96463561 -3.40553093
  2.97287822  0.81540281]"
1747421923.221341,"[ 0.         -0.23382288  0.81482576  2.93563469 -2.17134874 -0.06537954
  1.04076395  1.5708155 ]","[ 0.00000000e+00 -3.81669600e-01  1.23596600e+00  4.19499757e-04
  9.56145072e-01 -6.27422710e-01  8.87540311e-01  1.90475217e-04]","[ 0.         -0.67824554 16.45631027  3.57964516  3.08038092 -3.26976037
  3.19812083  0.80079579]"
1747421923.2242846,"[ 0.         -0.23419626  0.81604582  2.93563603 -2.17040012 -0.06599846
  1.04171717  1.5708155 ]","[ 0.00000000e+00 -3.78676673e-01  1.23731649e+00  4.89851812e-04
  9.62087184e-01 -6.27706536e-01  8.96656046e-01  1.79895052e-04]","[ 0.         -0.68362504 15.87678623  3.56764007  3.19133282 -3.26688528
  3.30198121  0.80441976]"
1747421923.22534,"[ 0.         -0.23496964  0.81858515  2.93563922 -2.16848558 -0.06725068
  1.04350561  1.57081643]","[ 0.00000000e+00 -3.76299902e-01  1.23974743e+00  6.35094090e-04
  9.74241585e-01 -6.37970226e-01  9.10768669e-01  1.90333412e-04]","[ 0.         -0.75046563 15.36250496  3.55381727  3.62115908 -3.23080778
  3.37342501  0.82433242]"
1747421923.2271726,"[ 0.         -0.23571106  0.8210276   2.93564401 -2.16647116 -0.06855296
  1.04538634  1.57081643]","[ 0.00000000e+00 -3.75975695e-01  1.23839694e+00  8.42525601e-04
  9.87476363e-01 -6.36889848e-01  9.20492203e-01  1.90475217e-04]","[ 0.         -0.83216    14.98522186  3.46351576  3.99487901 -3.31620598
  3.60400009  0.86216748]"
1747421923.228871,"[ 0.         -0.23644609  0.82374921  2.93564907 -2.16442931 -0.06980944
  1.04721666  1.57081737]","[ 0.00000000e+00 -3.72734528e-01  1.23680197e+00  1.11632145e-03
  1.00081694e+00 -6.37430070e-01  9.31026004e-01  1.90477103e-04]","[ 0.         -0.89959323 14.72016525  3.45120621  4.07159519 -3.45155859
  3.76583505  0.84422654]"
1747421923.230088,"[ 0.         -0.23684024  0.82496648  2.93565174 -2.16343675 -0.07049068
  1.04814131  1.57081737]","[ 0.00000000e+00 -3.71137331e-01  1.23461552e+00  1.34075415e-03
  1.00767531e+00 -6.41465691e-01  9.37778449e-01  1.90475217e-04]","[ 0.         -0.91962636 14.32748795  3.46330142  3.92721987 -3.5015645
  3.65802884  0.86096865]"
1747421923.231872,"[ 0.         -0.23757048  0.82748976  2.9356576  -2.16143246 -0.0717674
  1.04914592  1.5708183 ]","[ 0.00000000e+00 -3.70033550e-01  1.23027004e+00  2.27011440e-03
  1.01907777e+00 -6.49735739e-01  9.45898626e-01  1.98411694e-04]","[ 0.         -0.95208603 13.87015915  3.45277166  3.7927351  -3.53027296
  3.51480055  0.86273688]"
1747421923.2336214,"[ 0.         -0.23833001  0.82990737  2.93566425 -2.1593267  -0.07309418
  1.05101619  1.5708183 ]","[ 0.00000000e+00 -3.70573739e-01  1.22381160e+00  2.93289900e-03
  1.03115993e+00 -6.47153538e-01  9.48582361e-01  1.90475217e-04]","[ 0.         -0.90128958 13.33889961  3.50023556  3.54669237 -3.45142293
  3.40277696  0.85814458]"
1747421923.2353559,"[ 0.         -0.23869274  0.83111139  2.93566772 -2.15830644 -0.0737376
  1.05194843  1.5708183 ]","[ 0.00000000e+00 -3.67872761e-01  1.22111063e+00  3.19132549e-03
  1.03369506e+00 -6.52555494e-01  9.44383354e-01  1.90475217e-04]","[ 0.         -0.81711751 13.38696289  3.58784795  3.34558129 -3.26486015
  3.51845145  0.84609145]"
1747421923.2371182,"[ 0.         -0.23941445  0.83359792  2.93567757 -2.15625288 -0.07506652
  1.05388342  1.57081923]","[ 0.00000000e+00 -3.64631594e-01  1.21165734e+00  4.23985857e-03
  1.04311646e+00 -6.48487249e-01  9.44530894e-01  1.98411694e-04]","[ 0.         -0.75858319 13.24357986  3.52077603  2.99720645 -3.16474104
  3.64780092  0.85657305]"
1747421923.2382247,"[ 0.         -0.24015641  0.83597419  2.93568849 -2.15410664 -0.07634431
  1.05582406  1.57081923]","[ 0.00000000e+00 -3.61930616e-01  1.20125556e+00  5.31191666e-03
  1.04959879e+00 -6.47693760e-01  9.47653983e-01  1.90475217e-04]","[ 0.         -0.63584125 13.14222813  3.55739689  2.62198973 -3.1463387
  3.66024947  0.88500911]"
1747421923.239988,"[ 0.         -0.24051221  0.83724478  2.93569488 -2.1530688  -0.07697761
  1.05675823  1.57081923]","[ 0.00000000e+00 -3.60850238e-01  1.19641633e+00  5.85013372e-03
  1.05256988e+00 -6.42291804e-01  9.46541913e-01  1.90475217e-04]","[ 0.         -0.6711992  13.19951344  3.56308341  2.6624949  -3.24364638
  3.41188407  0.89938843]"
1747421923.2417068,"[ 0.         -0.24124937  0.83958896  2.93571086 -2.15090365 -0.07829694
  1.0586323   1.57082016]","[ 0.00000000e+00 -3.59100442e-01  1.18680831e+00  7.80222976e-03
  1.05799900e+00 -6.45478010e-01  9.50202894e-01  1.98413661e-04]","[ 0.         -0.54312676 13.27795982  3.59044385  2.78622293 -3.33379817
  3.36998343  0.91592675]"
1747421923.243456,"[ 0.         -0.24160144  0.84075436  2.93571912 -2.14985676 -0.07893343
  1.06058819  1.57082016]","[ 0.00000000e+00 -3.57068849e-01  1.18194658e+00  8.37302164e-03
  1.06175319e+00 -6.45532938e-01  9.54254361e-01  1.87831594e-04]","[ 0.         -0.48168358 13.03592587  3.62681031  2.7468648  -3.42140913
  3.37363386  0.91744286]"
1747421923.2446108,"[ 0.         -0.24230185  0.84200245  2.93574042 -2.14775233 -0.08026714
  1.06153095  1.57082016]","[ 0.00000000e+00 -3.54908093e-01  1.17399558e+00  1.08038994e-02
  1.06823553e+00 -6.53616564e-01  9.56145072e-01  1.87971644e-04]","[ 0.         -0.43241236 13.31167316  3.66772342  2.82435083 -3.40984702
  3.41283727  0.87608624]"
1747421923.2463417,"[ 0.         -0.2430257   0.84430576  2.93576386 -2.14555469 -0.08155132
  1.06349064  1.57082123]","[ 0.00000000e+00 -3.52207115e-01  1.16628093e+00  1.26945815e-02
  1.07444775e+00 -6.49854516e-01  9.56681699e-01  1.98411694e-04]","[ 0.         -0.33534294 13.33715725  3.67979336  2.81714749 -3.39119387
  3.59452963  0.89296055]"
1747421923.2480602,"[ 0.         -0.24337457  0.84544818  2.93577717 -2.14449209 -0.08219154
  1.06444005  1.57082123]","[ 0.00000000e+00 -3.53827682e-01  1.15871822e+00  1.34911902e-02
  1.07659699e+00 -6.49314360e-01  9.62897517e-01  1.98411694e-04]","[ 0.         -0.32318765 13.15958786  3.67832565  2.92771363 -3.31584573
  3.64006519  0.87559259]"
1747421923.250659,"[ 0.         -0.24406593  0.84780202  2.93580567 -2.14227661 -0.08352259
  1.06635314  1.57082216]","[ 0.00000000e+00 -3.49152004e-01  1.14602360e+00  1.40450684e-02
  1.08306900e+00 -6.49314360e-01  9.73431318e-01  1.98411694e-04]","[ 0.         -0.2563827  13.18252754  3.63003922  3.09203362 -3.13401985
  3.54763842  0.90046698]"
1747421923.2520182,"[ 0.         -0.24477327  0.85012876  2.93583124 -2.14013037 -0.08480996
  1.06835464  1.57082309]","[ 0.00000000e+00 -3.44644370e-01  1.13196877e+00  1.24370975e-02
  1.08930313e+00 -6.55256472e-01  9.77996975e-01  2.06348155e-04]","[ 0.         -0.22059041 13.30086613  3.63125277  3.13284326 -3.16395044
  3.30005574  0.92202348]"
1747421923.2537644,"[ 0.         -0.24544545  0.85234298  2.93585281 -2.13797161 -0.08614421
  1.07028869  1.57082309]","[ 0.00000000e+00 -3.40322826e-01  1.12009426e+00  9.72350907e-03
  1.09635724e+00 -6.49991868e-01  9.81264141e-01  1.98411694e-04]","[ 0.         -0.1890458  13.63619423  3.61382294  3.18473029 -3.17466879
  3.32369566  0.96525621]"
1747421923.2554796,"[ 0.         -0.24580551  0.85344086  2.93586053 -2.13680434 -0.08678656
  1.07133418  1.57082402]","[ 0.00000000e+00 -3.39038949e-01  1.11334182e+00  7.83282698e-03
  1.09808417e+00 -6.51475116e-01  9.83590811e-01  2.06350203e-04]","[ 0.         -0.18079428 13.90371704  3.59098887  3.2208693  -3.30511022
  3.39560485  0.9827354 ]"
1747421923.2566388,"[ 0.         -0.24647343  0.85570695  2.93587251 -2.13463041 -0.08806967
  1.07328148  1.57082496]","[ 0.00000000e+00 -3.37621848e-01  1.10361828e+00  5.01536899e-03
  1.10388839e+00 -6.49854516e-01  9.89907230e-01  2.17094020e-04]","[ 0.         -0.15691194 14.2844038   3.64837217  3.1600194  -3.3500669
  3.38447022  0.99370903]"
1747421923.2583957,"[ 0.         -0.24716052  0.85795332  2.93587944 -2.13236539 -0.08941137
  1.07530588  1.57082496]","[ 0.00000000e+00 -3.34920870e-01  1.09382511e+00  3.24116978e-03
  1.10689197e+00 -6.56336850e-01  9.89030784e-01  2.06348155e-04]","[ 0.         -0.15819545 14.67848015  3.66398573  3.1067009  -3.2142086
  3.07214761  0.93173599]"
1747421923.2601323,"[ 0.         -0.24748863  0.85902964  2.9358813  -2.13127243 -0.09005692
  1.07628093  1.57082496]","[ 0.00000000e+00 -3.32760081e-01  1.09173399e+00  1.88876664e-03
  1.10735690e+00 -6.54716249e-01  9.87824971e-01  2.06348155e-04]","[ 0.         -0.12987573 15.16491985  3.70756674  2.92840838 -3.07812142
  3.02874041  0.92074102]"
1747421923.2619212,"[ 0.         -0.24814323  0.86116949  2.93588397 -2.12908357 -0.09138691
  1.07822824  1.57082589]","[ 0.00000000e+00 -3.30803989e-01  1.08309090e+00  1.35048743e-03
  1.10929035e+00 -6.48233916e-01  9.85936191e-01  2.16932270e-04]","[ 0.         -0.09738563 15.44466305  3.79939842  2.88822079 -2.95727301
  3.15435266  0.95400745]"
1747421923.2637177,"[ 0.         -0.24881435  0.86338051  2.9358869  -2.12680364 -0.09265723
  1.08023553  1.57082695]","[ 0.00000000e+00 -3.26817936e-01  1.07659699e+00  1.48553609e-03
  1.11442220e+00 -6.43259996e-01  9.79373430e-01  2.27512077e-04]","[ 0.          0.01865206 15.86979675  3.9509089   2.84959984 -2.92500782
  3.43304849  0.98129052]"
1747421923.2655044,"[ 0.         -0.24947534  0.86549873  2.93589222 -2.12460467 -0.09397283
  1.0821562   1.57082695]","[ 0.00000000e+00 -3.20983616e-01  1.07227980e+00  2.05317067e-03
  1.11523246e+00 -6.42831960e-01  9.71540607e-01  2.17094020e-04]","[ 0.          0.10494414 16.25654221  4.08285522  2.99306464 -2.96691442
  3.13581681  0.96623731]"
1747421923.2672474,"[ 0.         -0.24978906  0.86663843  2.93589648 -2.12341797 -0.09460613
  1.08318079  1.57082695]","[ 0.00000000e+00 -3.18174813e-01  1.07328901e+00  2.49987160e-03
  1.11742431e+00 -6.42291804e-01  9.63798731e-01  2.16932270e-04]","[ 0.          0.13864803 16.4483757   4.12885332  3.19756818 -2.97488356
  3.01698852  0.96071845]"
1747421923.2690089,"[ 0.         -0.25041118  0.86875071  2.93590927 -2.1212134  -0.09601601
  1.08507769  1.57082789]","[ 0.00000000e+00 -3.15794147e-01  1.07066639e+00  4.40105315e-03
  1.11820355e+00 -6.40651563e-01  9.61006806e-01  2.27512077e-04]","[ 0.          0.23582998 17.08967018  4.32585955  3.46233702 -3.19104385
  2.85336852  0.97732204]"
1747421923.2707398,"[ 0.         -0.25104874  0.87094562  2.93592871 -2.11891696 -0.09728208
  1.08705542  1.57082882]","[ 0.00000000e+00 -3.10612101e-01  1.07128285e+00  9.85356079e-03
  1.12218884e+00 -6.43372182e-01  9.64706270e-01  2.38094030e-04]","[ 0.          0.29897898 17.79733086  4.39660788  3.64063287 -3.31159019
  3.26697993  0.99112922]"
1747421923.2725015,"[ 0.         -0.25135394  0.8720041   2.93594096 -2.11780988 -0.09796704
  1.08800484  1.57082882]","[ 0.00000000e+00 -3.09531723e-01  1.07227980e+00  1.24244839e-02
  1.12165754e+00 -6.44369736e-01  9.62897517e-01  2.27512077e-04]","[ 0.          0.38134673 17.63643074  4.42400169  3.7731266  -3.34568572
  3.32658982  1.02973533]"
1747421923.2736824,"[ 0.         -0.25195634  0.87412004  2.93597451 -2.11559253 -0.09923844
  1.08989601  1.57082975]","[ 0.00000000e+00 -3.04129767e-01  1.07255710e+00  1.75563360e-02
  1.12522604e+00 -6.42831960e-01  9.59008370e-01  2.38096387e-04]","[ 0.          0.40087149 17.55916595  4.53417969  3.79428768 -3.45334935
  3.28932428  0.99810469]"
1747421923.2755392,"[ 0.         -0.25256834  0.87631862  2.93602005 -2.11328411 -0.10050131
  1.09186522  1.57082975]","[ 0.00000000e+00 -2.97107211e-01  1.07282715e+00  2.51190644e-02
  1.12537425e+00 -6.41211426e-01  9.62897517e-01  2.38094030e-04]","[ 0.          0.5163613  17.39325714  4.60981226  3.72549272 -3.30863309
  3.08280349  0.97886801]"
1747421923.2766712,"[ 0.         -0.25285756  0.87737749  2.93605068 -2.11217303 -0.10117882
  1.09281464  1.57082975]","[ 0.00000000e+00 -2.93325855e-01  1.07390759e+00  2.88383728e-02
  1.12913703e+00 -6.37954979e-01  9.62897517e-01  2.27512077e-04]","[ 0.          0.47681046 17.53954315  4.64478302  3.64918542 -3.24767184
  3.04810262  1.01445508]"
1747421923.278939,"[ 0.         -0.25344825  0.87949164  2.93612285 -2.10985875 -0.10243103
  1.0947905   1.57083068]","[ 0.00000000e+00 -2.86879108e-01  1.07093071e+00  3.91641349e-02
  1.13116822e+00 -6.34188870e-01  9.64800878e-01  2.38096387e-04]","[ 0.          0.47393513 17.17686844  4.69411993  3.5851295  -3.17012048
  3.0368135   1.01781142]"
1747421923.2823129,"[ 0.         -0.25400858  0.88168469  2.9362134  -2.10762569 -0.10372
  1.0967169   1.57083161]","[ 0.00000000e+00 -2.82775343e-01  1.06931590e+00  4.86175453e-02
  1.13332897e+00 -6.28246759e-01  9.79373430e-01  2.35628769e-04]","[ 0.          0.4799529  16.97280312  4.64769316  3.5623455  -3.14959812
  3.12005353  0.98070014]"
1747421923.2840729,"[ 0.         -0.25484694  0.88491969  2.93637825 -2.10417343 -0.10557037
  1.09968686  1.57083255]","[ 0.00000000e+00 -2.73338648e-01  1.06526444e+00  5.72606640e-02
  1.14062164e+00 -6.24911948e-01  9.75321963e-01  2.43385014e-04]","[ 0.          0.33510906 17.03403091  4.58573818  3.64726138 -3.35297918
  3.27734756  1.04056525]"
1747421923.285228,"[ 0.         -0.25537584  0.88702046  2.93650768 -2.10191933 -0.10623403
  1.10161519  1.57083255]","[ 0.00000000e+00 -2.66046281e-01  1.06472428e+00  6.51998011e-02
  1.14413289e+00 -6.25504035e-01  9.79373430e-01  2.35626445e-04]","[ 0.          0.23676799 17.23028946  4.54938507  3.66113734 -3.4429574
  3.02272391  1.0544343 ]"
1747421923.2868664,"[ 0.         -0.25565707  0.88806975  2.93657692 -2.10070067 -0.10685135
  1.10266068  1.57083361]","[ 0.00000000e+00 -2.64811490e-01  1.06418406e+00  7.02253442e-02
  1.14751643e+00 -6.25451571e-01  9.84516992e-01  2.46030507e-04]","[ 0.          0.09257539 17.09762383  4.45294571  3.65899897 -3.45942783
  2.7719419   1.04699075]"
1747421923.2886717,"[ 0.         -0.25617586  0.89024815  2.93672446 -2.09843272 -0.10808066
  1.10460705  1.57083454]","[ 0.00000000e+00 -2.62534753e-01  1.06364384e+00  7.56272918e-02
  1.15061529e+00 -6.21224202e-01  9.89907230e-01  2.54540951e-04]","[ 0.         -0.0849154  17.10713959  4.28332186  3.35402346 -3.41586232
  2.86977124  1.044698  ]"
1747421923.290481,"[ 0.         -0.25668985  0.89234206  2.93689197 -2.09606996 -0.10933821
  1.10662473  1.57083454]","[ 0.00000000e+00 -2.59833775e-01  1.06148308e+00  8.47246751e-02
  1.15453799e+00 -6.13039709e-01  9.84516992e-01  2.46589000e-04]","[ 0.         -0.31197581 17.00675964  4.17240095  3.05032754 -3.20191884
  2.97278023  1.05223536]"
1747421923.2921898,"[ 0.         -0.25696415  0.89346751  2.93698066 -2.0949312  -0.10993955
  1.10758939  1.57083548]","[ 0.00000000e+00 -2.58291505e-01  1.05974750e+00  8.99424568e-02
  1.15493680e+00 -6.09880068e-01  9.78293052e-01  2.53969471e-04]","[ 0.         -0.3843497  17.25052834  4.10105991  2.92803216 -3.13799691
  3.12699699  1.00936949]"
1747421923.2939148,"[ 0.         -0.25746589  0.8955541   2.93718359 -2.09256311 -0.11117632
  1.10949868  1.57083641]","[ 0.00000000e+00 -2.53634386e-01  1.05824188e+00  1.02062761e-01
  1.15629341e+00 -6.03937957e-01  9.63977895e-01  2.65149464e-04]","[ 0.         -0.58346081 17.23412704  3.95753884  2.79214501 -3.03704906
  3.01947117  1.06692517]"
1747421923.2956293,"[ 0.         -0.25797509  0.89771272  2.93740863 -2.09028052 -0.11235291
  1.11146595  1.57083641]","[ 0.00000000e+00 -2.47759236e-01  1.05322755e+00  1.17643185e-01
  1.15790782e+00 -5.94214423e-01  9.62087184e-01  2.54351000e-04]","[ 0.         -0.77708238 17.32423973  3.79849315  2.90401554 -2.97859597
  2.86887503  1.07622206]"
1747421923.2979736,"[ 0.         -0.25846511  0.89978646  2.93766748 -2.08799473 -0.11355719
  1.11335806  1.57083734]","[ 0.00000000e+00 -2.47698266e-01  1.04932868e+00  1.29376690e-01
  1.16043529e+00 -5.86057293e-01  9.57225450e-01  2.65149464e-04]","[ 0.         -0.90547633 17.42675209  3.67693543  3.30996537 -3.1336062
  2.94799972  1.08285367]"
1747421923.2997696,"[ 0.         -0.25896951  0.90193084  2.9379362  -2.08561439 -0.11471194
  1.11529498  1.57083827]","[ 0.00000000e+00 -2.46869091e-01  1.04670753e+00  1.37749710e-01
  1.16330978e+00 -5.84490955e-01  9.42640182e-01  2.64946330e-04]","[ 0.         -1.01330698 17.34321976  3.48238564  3.62823033 -3.191401
  3.03164363  1.07677352]"
1747421923.3015196,"[ 0.         -0.25921293  0.90295988  2.93807708 -2.08446577 -0.11533618
  1.11621484  1.5708392 ]","[ 0.00000000e+00 -2.46869091e-01  1.04365668e+00  1.42881572e-01
  1.16493044e+00 -5.87801264e-01  9.32916715e-01  2.75755442e-04]","[ 0.         -1.0998534  17.5141983   3.42264128  3.66263962 -3.04712963
  3.14310837  1.087937  ]"
1747421923.30269,"[ 0.         -0.25969815  0.90500925  2.93838334 -2.08207532 -0.11650531
  1.11811367  1.57084027]","[ 0.00000000e+00 -2.45788696e-01  1.03876805e+00  1.51101335e-01
  1.16790147e+00 -5.93134045e-01  9.26338707e-01  2.86144891e-04]","[ 0.         -1.34530115 17.15726662  3.18604684  3.76513934 -3.10511446
  3.16509914  1.09982419]"
1747421923.304947,"[ 0.         -0.26019989  0.9071238   2.9386944  -2.07976876 -0.11770693
  1.11992875  1.5708412 ]","[ 0.00000000e+00 -2.44708318e-01  1.03115993e+00  1.58007029e-01
  1.16968618e+00 -5.84792026e-01  9.18331447e-01  2.86361403e-04]","[ 0.         -1.55002868 16.84898376  2.97099042  3.96050644 -2.93090653
  3.15747905  1.10569966]"
1747421923.306687,"[ 0.         -0.26070163  0.90914148  2.93902357 -2.07736552 -0.11885155
  1.12180761  1.57084213]","[ 0.00000000e+00 -2.45251553e-01  1.01993404e+00  1.61248196e-01
  1.17510106e+00 -5.77468399e-01  9.16307977e-01  2.94093347e-04]","[ 0.         -1.84572864 16.38258934  2.66534424  4.19059658 -2.74029183
  3.12686586  1.11667848]"
1747421923.3078165,"[ 0.         -0.26094505  0.91021966  2.93918256 -2.07620518 -0.11941827
  1.12271228  1.57084307]","[ 0.00000000e+00 -2.46869091e-01  1.01511072e+00  1.61248196e-01
  1.17681467e+00 -5.74767421e-01  9.17521114e-01  3.02041836e-04]","[ 0.         -1.94113088 16.08632278  2.57888651  4.23134708 -2.74305749
  2.98356271  1.09090269]"
1747421923.3095183,"[ 0.         -0.2614372   0.91220704  2.93951998 -2.07387917 -0.12058953
  1.12450459  1.570844  ]","[ 0.00000000e+00 -2.50110258e-01  1.00530283e+00  1.65839851e-01
  1.17913002e+00 -5.70749044e-01  9.06987313e-01  3.02270377e-04]","[ 0.         -2.25425482 15.97721767  2.39831495  4.45559311 -2.58874917
  2.94018292  1.15065897]"
1747421923.311875,"[ 0.         -0.26195864  0.91417379  2.93985607 -2.07145756 -0.12169847
  1.12634537  1.57084586]","[ 0.00000000e+00 -2.54713682e-01  9.94769031e-01  1.71511902e-01
  1.18263780e+00 -5.57481175e-01  8.95275396e-01  3.23237731e-04]","[ 0.         -2.55932164 16.04284859  2.1475563   4.50965357 -2.52886629
  3.10641456  1.10886621]"
1747421923.3130584,"[ 0.         -0.26221111  0.9152244   2.94002678 -2.07028923 -0.12228437
  1.12723287  1.57084693]","[ 0.00000000e+00 -2.56052403e-01  9.89281587e-01  1.73132485e-01
  1.18491760e+00 -5.51690598e-01  8.99964757e-01  3.34088325e-04]","[ 0.         -2.65179849 16.18694496  2.00711799  4.4588747  -2.53892779
  3.11272168  1.11503613]"
1747421923.3171375,"[ 0.         -0.26274268  0.91716079  2.94038418 -2.06795258 -0.12336348
  1.12907844  1.57084786]","[ 0.00000000e+00 -2.60297665e-01  9.80908476e-01  1.74389747e-01
  1.18464756e+00 -5.45583736e-01  9.02014126e-01  3.31436834e-04]","[ 0.         -2.92047048 16.51141357  1.80657136  4.277071   -2.51637745
  2.86719131  1.10227168]"
1747421923.3188047,"[ 0.         -0.26379143  0.92106205  2.94107899 -2.06319351 -0.12552384
  1.13266958  1.57085159]","[ 0.00000000e+00 -2.70637670e-01  9.64788162e-01  1.71511902e-01
  1.18140636e+00 -5.34793007e-01  8.85714182e-01  3.68112841e-04]","[ 0.         -3.20417666 16.77863121  1.65990794  3.38501954 -2.56822014
  2.42758775  1.09286976]"
1747421923.3205965,"[ 0.         -0.26435549  0.9230288   2.94140869 -2.06078281 -0.12660082
  1.13440476  1.57085545]","[ 0.00000000e+00 -2.77660210e-01  9.57874529e-01  1.65839851e-01
  1.17492396e+00 -5.22601455e-01  8.77006511e-01  4.21872577e-04]","[ 0.         -3.29335332 17.00886154  1.57245553  2.85403562 -2.55101991
  2.53058004  1.07122457]"
1747421923.3217866,"[ 0.         -0.26463193  0.92397102  2.9415818  -2.059627   -0.12710842
  1.13526669  1.57085731]","[ 0.00000000e+00 -2.80361188e-01  9.55604850e-01  1.62846159e-01
  1.17222311e+00 -5.14805783e-01  8.74035422e-01  4.62258966e-04]","[ 0.         -3.31886458 17.4864521   1.62137246  2.666085   -2.42438245
  2.65253067  1.07998228]"
1747421923.3235168,"[ 0.         -0.26521569  0.92585002  2.94189951 -2.05723788 -0.12810551
  1.13704368  1.5708649 ]","[ 0.00000000e+00 -2.86879108e-01  9.52363716e-01  1.61518290e-01
  1.16397424e+00 -5.03461682e-01  8.63436174e-01  5.93669321e-04]","[ 0.         -3.41142726 17.87587929  1.65478575  2.62059832 -2.44297171
  2.47987914  1.08574522]"
1747421923.3253415,"[ 0.         -0.26549958  0.92685982  2.94205797 -2.05609166 -0.1285934
  1.13789044  1.57087249]","[ 0.00000000e+00 -2.87923900e-01  9.50914025e-01  1.60707990e-01
  1.16249951e+00 -4.94818560e-01  8.58909998e-01  7.81642526e-04]","[ 0.         -3.38192677 17.87294769  1.70599067  2.56147552 -2.5146358
  2.25702882  1.09642684]"
1747421923.3270814,"[ 0.         -0.26607536  0.92873056  2.94238794 -2.05381172 -0.12959901
  1.13956943  1.57091058]","[ 0.         -0.29332586  0.9470816   0.16205848  1.15466675 -0.48887645
  0.84702571  0.00257374]","[ 0.         -3.34497523 18.32401848  1.81387293  2.52314496 -2.56955838
  2.26856685  1.09666061]"
1747421923.3289692,"[ 0.         -0.26668096  0.9306706   2.94271311 -2.05145749 -0.13055402
  1.14129223  1.57104094]","[ 0.         -0.29640833  0.94601095  0.16583985  1.14880926 -0.48023333
  0.83730217  0.05143746]","[ 0.         -3.25485873 18.68790054  1.94307566  2.52195191 -2.69307137
  2.48020554  1.0502485 ]"
1747421923.3306932,"[ 0.         -0.26727325  0.93253628  2.94306358 -2.04920525 -0.13152554
  1.14292474  1.5712207 ]","[ 0.         -0.30173482  0.94642154  0.17232219  1.14008142 -0.4715902
  0.82512121  0.09713657]","[ 0.         -3.18941808 18.9954586   2.02629519  2.5489943  -2.82118058
  2.79832053  1.06735134]"
1747421923.3317935,"[ 0.         -0.26757206  0.93353963  2.94323482 -2.04808326 -0.13198786
  1.14379613  1.5713263 ]","[ 0.         -0.30274233  0.94400665  0.17367267  1.13792066 -0.46888922
  0.82051441  0.1069586 ]","[ 0.         -3.12702632 18.75490952  2.07530093  2.61712074 -2.88986588
  2.79453993  1.05333138]"
1747421923.333659,"[ 0.         -0.26819737  0.93539978  2.94359675 -2.04576205 -0.13293754
  1.14539243  1.57158129]","[ 0.         -0.30629052  0.94222473  0.17700442  1.13258702 -0.46193837
  0.80381006  0.13126738]","[ 0.         -3.07242298 18.41583252  2.16444731  2.719908   -2.90203452
  2.5115397   1.03460002]"
1747421923.33483,"[ 0.         -0.26850043  0.93632689  2.94377331 -2.04464725 -0.13339401
  1.14617819  1.57172018]","[ 0.         -0.30737093  0.94020932  0.17907463  1.12948244 -0.46294708
  0.79598023  0.14099088]","[ 0.         -2.94986963 18.53139114  2.25502586  2.71365285 -2.95894217
  2.45291281  1.00316596]"
1747421923.3365726,"[ 0.         -0.2691838   0.93824863  2.94412965 -2.04233696 -0.13434529
  1.14780871  1.57201885]","[ 0.         -0.31176329  0.93787406  0.18096531  1.1269535  -0.46592779
  0.79644063  0.15449575]","[ 0.         -2.76840091 18.29623795  2.33541059  2.7793014  -3.01476908
  2.45691085  0.96588618]"
1747421923.3388977,"[ 0.         -0.26980698  0.94009087  2.94449929 -2.04012094 -0.13525077
  1.14938784  1.57234802]","[ 0.         -0.31686467  0.93224127  0.18087866  1.12252506 -0.45700493
  0.80083904  0.16313887]","[ 0.         -2.64898348 18.07709312  2.40887713  2.74693537 -2.97966409
  2.78833389  0.96033007]"
1747421923.3406172,"[ 0.         -0.27011964  0.9410088   2.94467613 -2.03901387 -0.13570191
  1.15017081  1.57251074]","[ 0.         -0.31709444  0.931026    0.17916301  1.12165754 -0.45754512
  0.79408659  0.16502955]","[ 0.         -2.64314961 17.83135223  2.42222404  2.6493187  -2.82277966
  2.74429202  0.97373122]"
1747421923.3440366,"[ 0.         -0.27077104  0.94290803  2.94504577 -2.03671982 -0.13663135
  1.15177842  1.57283032]","[ 0.         -0.31763462  0.92589416  0.18105482  1.1188784  -0.45484415
  0.78248906  0.1609781 ]","[ 0.         -2.43441129 17.69904518  2.52554965  2.67102671 -2.8209691
  2.66338205  0.9534651 ]"
1747421923.3457081,"[ 0.         -0.27205096  0.94660636  2.94579306 -2.03223133 -0.13842898
  1.15491869  1.57342873]","[ 0.         -0.32001103  0.91617062  0.18714782  1.11388197 -0.44674121
  0.78139197  0.1388301 ]","[ 0.         -2.10844302 17.87422943  2.76085544  2.44644547 -2.83411336
  2.63503718  0.88276756]"
1747421923.347414,"[ 0.         -0.27236734  0.94750817  2.94597761 -2.03113331 -0.13886574
  1.15568834  1.57357334]","[ 0.         -0.32087579  0.91455002  0.18717755  1.11248355 -0.44295986
  0.7805817   0.13616728]","[ 0.         -2.01440811 18.01336479  2.84645367  2.34795475 -2.8822155
  2.49508548  0.84448391]"
1747421923.3491802,"[ 0.         -0.27300011  0.94937751  2.94636777 -2.02894392 -0.13975737
  1.15727985  1.57383113]","[ 0.         -0.32087579  0.91179412  0.19183788  1.10983051 -0.4324192
  0.77487455  0.12923766]","[ 0.         -1.87158096 18.07461929  2.97697377  2.24335504 -2.95745039
  2.38005376  0.84347403]"
1747421923.3508928,"[ 0.         -0.27365951  0.95117708  2.94675046 -2.02667677 -0.14061437
  1.15883141  1.57409465]","[ 0.         -0.32216962  0.91400987  0.19474028  1.10741522 -0.43701771
  0.79408659  0.12937669]","[ 0.         -1.68816185 18.17572212  3.13375211  1.9896816  -3.03740311
  2.48419118  0.83430678]"
1747421923.3520894,"[ 0.         -0.27397909  0.95298956  2.94713848 -2.02423625 -0.14152784
  1.16048669  1.57434765]","[ 0.         -0.32411696  0.92009919  0.19717116  1.11040275 -0.44737092
  0.81349292  0.1291066 ]","[ 0.         -1.63197565 18.203722    3.26809382  1.82198787 -3.08424401
  2.48941016  0.82995307]"
1747421923.3537838,"[ 0.         -0.2743253   0.95397127  2.94735047 -2.02313983 -0.14197738
  1.16129629  1.5744856 ]","[ 0.         -0.32599901  0.92433255  0.19942391  1.11199133 -0.4554626
  0.82109631  0.12989806]","[ 0.         -1.57490695 18.38467598  3.32109213  1.74583542 -3.114079
  2.46105957  0.82199878]"
1747421923.3555908,"[ 0.         -0.27497351  0.95580392  2.94775953 -2.02094299 -0.14289937
  1.16299819  1.5747434 ]","[ 0.         -0.32951891  0.93129611  0.20986573  1.1138327  -0.47105001
  0.83480819  0.13018698]","[ 0.         -1.306144   18.21178246  3.52037215  1.32503283 -3.1377697
  2.15678501  0.80965656]"
1747421923.3573523,"[ 0.         -0.27532292  0.95672597  2.94797259 -2.01975868 -0.1434075
  1.16383535  1.5748699 ]","[ 0.         -0.32900822  0.93507747  0.21607799  1.11516735 -0.47846622
  0.84918646  0.1282963 ]","[ 0.         -1.1808145  17.89088249  3.58323979  1.02643681 -3.15178657
  2.00682664  0.83638293]"
1747421923.3590207,"[ 0.         -0.27596794  0.95864904  2.94842905 -2.01755731 -0.14435878
  1.16555535  1.5751249 ]","[ 0.         -0.32648681  0.94170461  0.2252613   1.11631284 -0.48455487
  0.8799776   0.12262425]","[ 0.         -0.89183861 17.6102314   3.6824007   0.68642217 -3.05963397
  2.11765957  0.8516326 ]"
1747421923.3602314,"[ 0.         -0.27660816  0.96051059  2.94888792 -2.01526833 -0.14536013
  1.16738841  1.57535419]","[ 0.         -0.32465718  0.94534116  0.23471471  1.1171247  -0.4910438
  0.9010452   0.11398113]","[ 0.         -0.61132759 17.49157333  3.68620825  0.67567998 -3.01842403
  2.15591097  0.85717094]"
1747421923.3619885,"[ 0.         -0.27695224  0.9614455   2.94913985 -2.01416578 -0.14584961
  1.16828083  1.57546352]","[ 0.         -0.32399285  0.94804214  0.23722697  1.11820355 -0.49643916
  0.90509667  0.11062776]","[ 0.         -0.54555178 17.42150307  3.60542059  0.70725101 -3.08206105
  2.24943304  0.84191811]"
1747421923.363817,"[ 0.         -0.27759247  0.96338741  2.9496107  -2.01195562 -0.14684617
  1.17015197  1.57567284]","[ 0.         -0.32432821  0.94912252  0.23903627  1.12144475 -0.50940383
  0.91630798  0.09939587]","[ 0.         -0.34444392 17.15597534  3.61471462  0.7885077  -3.12863135
  2.45961738  0.81734413]"
1747421923.365542,"[ 0.         -0.27825346  0.96526274  2.95010391 -2.01076412 -0.14791356
  1.17197371  1.5758574 ]","[ 0.         -0.32303658  0.95004963  0.24126285  1.1219381  -0.52460006
  0.92535394  0.09075275]","[ 0.         -0.23333074 16.83481979  3.52355647  0.92364198 -3.16603446
  2.56567502  0.7966879 ]"
1747421923.3673482,"[ 0.         -0.27857091  0.96627387  2.95058648 -2.00854997 -0.14895752
  1.17388679  1.57603809]","[ 0.         -0.3219562   0.95216784  0.2463289   1.12219723 -0.52831503
  0.93687098  0.08850221]","[ 0.         -0.1585523  16.82096291  3.46342921  1.0798651  -3.24120688
  2.51427054  0.80570012]"
1747421923.3690224,"[ 0.         -0.27922605  0.96814834  2.9508528  -2.0074405  -0.1494843
  1.17481916  1.57612571]","[ 0.         -0.31947903  0.94966274  0.25076846  1.12522604 -0.53425282
  0.94561127  0.08886207]","[ 0.00000000e+00 -1.32141430e-02  1.64524899e+01  3.48187613e+00
  1.04060054e+00 -3.18650579e+00  2.60777164e+00  8.29854608e-01]"
1747421923.370849,"[ 0.         -0.27985509  0.97001948  2.95135453 -2.00513633 -0.1505927
  1.17669509  1.57630547]","[ 0.         -0.31785244  0.9470816   0.25525332  1.12549622 -0.54235572
  0.95236372  0.08778168]","[ 0.          0.03258984 15.85321236  3.42786908  1.25823748 -3.13400626
  2.73666215  0.83978403]"
1747421923.3725471,"[ 0.         -0.2804788   0.97195133  2.95186533 -2.00282843 -0.15167714
  1.17863867  1.57648244]","[ 0.         -0.31547387  0.9415598   0.25956368  1.12670263 -0.55372122
  0.94858236  0.08967236]","[ 0.          0.15035382 15.44369984  3.31033015  1.35125577 -2.99591398
  2.77948046  0.89052993]"
1747421923.3741953,"[ 0.         -0.28111796  0.97379817  2.95244244 -2.0006031  -0.15282124
  1.1805146   1.57667459]","[ 0.         -0.3106121   0.93453725  0.26307494  1.12732395 -0.55910178
  0.95425436  0.09561451]","[ 0.          0.20370363 14.89288139  3.22616959  1.25247037 -2.8664279
  2.87785101  0.9033854 ]"
1747421923.3760056,"[ 0.         -0.28142262  0.97471703  2.95270316 -1.99949149 -0.15337038
  1.18152966  1.5767706 ]","[ 0.         -0.30867845  0.93089218  0.26442543  1.12738693 -0.55694099
  0.95592936  0.09713657]","[ 0.          0.18035801 14.62686443  3.16219115  1.22614729 -2.81623983
  2.73991704  0.90021539]"
1747421923.377683,"[ 0.         -0.28205379  0.9766084   2.95325656 -1.99718493 -0.15451181
  1.18355965  1.57699989]","[ 0.         -0.30794368  0.92103243  0.27283608  1.12657653 -0.5572075
  0.95714662  0.10485922]","[ 0.          0.13868932 14.45457554  3.12884498  1.2170428  -2.79363012
  2.71584845  0.87691277]"
1747421923.3799174,"[ 0.         -0.2826578   0.97848054  2.95376043 -1.99496758 -0.15561063
  1.18538339  1.57718831]","[ 0.         -0.30629052  0.91179412  0.2771601   1.1230067  -0.55748118
  0.96384101  0.10269914]","[ 0.          0.1508971  14.42004204  3.14384079  1.44825578 -2.84401393
  2.57262826  0.86313361]"
1747421923.3822188,"[ 0.         -0.28328045  0.98026446  2.95437483 -1.99266554 -0.15676485
  1.18742204  1.57740616]","[ 0.         -0.30292832  0.90266573  0.27935608  1.12263638 -0.56523211
  0.95887827  0.0977997 ]","[ 0.          0.09147579 14.60571671  3.20490003  1.49261987 -2.89615726
  2.55426717  0.83124673]"
1747421923.384678,"[ 0.         -0.28387167  0.98209984  2.95492397 -1.99045406 -0.15788071
  1.1893732   1.57759924]","[ 0.         -0.29788549  0.8936496   0.27766021  1.12144475 -0.56558411
  0.95236372  0.09821587]","[ 0.          0.07054573 14.69199848  3.22985578  1.32628977 -2.954458
  2.71864891  0.79912019]"
1747421923.3863533,"[ 0.         -0.28445437  0.98385167  2.95549389 -1.98816187 -0.15904132
  1.19126724  1.57780097]","[ 0.         -0.29440623  0.88591971  0.27935608  1.11766333 -0.56723827
  0.96100681  0.09855201]","[ 0.          0.0370467  14.76722431  3.22615433  1.0960114  -3.05327249
  2.81048727  0.80933976]"
1747421923.3881474,"[ 0.         -0.28505518  0.98565356  2.95605262 -1.98596237 -0.16016251
  1.19324304  1.57799778]","[ 0.         -0.29248902  0.87768961  0.28495284  1.11329308 -0.56990569
  0.96273134  0.09929516]","[ 0.00000000e+00  1.33952489e-02  1.48923807e+01  3.27788043e+00
  8.82606506e-01 -3.00213432e+00  2.42303705e+00  7.92048395e-01]"
1747421923.389947,"[ 0.         -0.28563095  0.9873723   2.95664304 -1.98368483 -0.1613327
  1.19513895  1.5782119 ]","[ 0.         -0.29062488  0.86910251  0.28913604  1.11165657 -0.57125058
  0.96100681  0.10647633]","[ 0.         -0.0483382  15.00562191  3.3174715   0.80481017 -2.94581795
  2.33665538  0.82369924]"
1747421923.3917084,"[ 0.         -0.28622111  0.98907679  2.95722041 -1.98149731 -0.16244857
  1.1970997   1.57843547]","[ 0.         -0.28738371  0.86242124  0.29305578  1.10708712 -0.56450373
  0.95614507  0.11587182]","[ 0.         -0.13868023 15.33990002  3.29489851  0.74317956 -2.94404435
  2.60036659  0.78800362]"
1747421923.3934324,"[ 0.         -0.2865018   0.98999105  2.95750963 -1.98032126 -0.16300357
  1.19804246  1.57843547]","[ 0.         -0.28468273  0.86088813  0.29332586  1.10843727 -0.56288313
  0.95517628  0.11587182]","[ 0.         -0.15577823 15.36633873  3.29627013  0.7157135  -2.98089266
  2.42229915  0.78800362]"
1747421923.395133,"[ 0.         -0.28708291  0.99167996  2.95782362 -1.97814093 -0.16415033
  1.19905739  1.57869127]","[ 0.         -0.28360285  0.85480181  0.29565602  1.10523888 -0.55856155
  0.95567862  0.12748601]","[ 0.         -0.19378962 15.94145393  3.2758081   0.65594178 -2.95196438
  2.52204776  0.76513845]"
1747421923.3968244,"[ 0.         -0.28764111  0.99342806  2.95841058 -1.97596619 -0.16525394
  1.20094011  1.57895772]","[ 0.         -0.28252194  0.85261275  0.2984577   1.10280802 -0.55856155
  0.95506469  0.13801981]","[ 0.         -0.27513036 16.47056961  3.26746511  0.61726958 -3.08406663
  2.27540803  0.74789065]"
1747421923.3984818,"[ 0.         -0.28821848  0.99510599  2.95902737 -1.97371023 -0.16639271
  1.20280845  1.57926491]","[ 0.         -0.28144157  0.85080706  0.30220979  1.10091731 -0.55367695
  0.94438335  0.15341537]","[ 0.         -0.3530609  17.03930855  3.28442955  0.63433909 -3.10902047
  2.2007556   0.70509076]"
1747421923.4009118,"[ 0.         -0.28849385  0.99594442  2.95932538 -1.97262526 -0.16693599
  1.20380634  1.57941911]","[ 0.         -0.27928078  0.85026684  0.30193286  1.09926222 -0.55099884
  0.94051505  0.15638645]","[ 0.         -0.4131175  17.03432465  3.24052191  0.6866653  -3.0808816
  2.23214102  0.69293797]"
1747421923.4027102,"[ 0.         -0.28932582  0.99852509  2.96024124 -1.96929364 -0.16859887
  1.20662889  1.57991286]","[ 0.         -0.27279844  0.85080706  0.30117293  1.09686584 -0.54450446
  0.92709098  0.16438598]","[ 0.         -0.58398753 17.72244072  3.27735281  0.35346672 -3.03000593
  2.54662108  0.69720358]"
1747421923.403848,"[ 0.         -0.28959427  0.99936265  2.96053845 -1.96821453 -0.16913736
  1.20753929  1.58007451]","[ 0.         -0.27225825  0.84945658  0.30112339  1.09443497 -0.54613711
  0.92319318  0.16378306]","[ 0.         -0.62753665 17.50783539  3.21204543  0.24916115 -2.9483254
  2.49522901  0.70236069]"
1747421923.4078138,"[ 0.         -0.2901498   1.00110709  2.96113872 -1.96597934 -0.17025216
  1.20933439  1.58040368]","[ 0.         -0.27082993  0.85261275  0.30575033  1.08954854 -0.54266295
  0.90590694  0.15748259]","[ 0.         -0.77513474 17.7048912   3.16862488  0.27288949 -2.88581562
  2.23027515  0.75514126]"
1747421923.4101324,"[ 0.         -0.29121507  1.0045409   2.9623944  -1.96161575 -0.17239068
  1.21296841  1.58101448]","[ 0.         -0.26901709  0.85512858  0.31574395  1.08255068 -0.52611836
  0.8994246   0.14681208]","[ 0.         -1.02367806 18.14993477  3.09241796  0.39601934 -2.76405334
  2.18345022  0.69283152]"
1747421923.4118164,"[ 0.         -0.29176315  1.0063621   2.96303782 -1.95948735 -0.17341546
  1.21479494  1.58129411]","[ 0.         -0.2673965   0.85745365  0.31366675  1.07795906 -0.51750676
  0.88970107  0.14099088]","[ 0.         -1.17628038 18.13814354  3.01823306  0.28767446 -2.78844833
  2.43933845  0.69272196]"
1747421923.4141715,"[ 0.         -0.29231069  1.00811759  2.96365807 -1.95728598 -0.17447487
  1.21654623  1.58157094]","[ 0.         -0.26731917  0.8572894   0.31574395  1.07252987 -0.51557996
  0.88772034  0.13240574]","[ 0.         -1.3247453  17.9943428   2.99852467  0.31230077 -2.81193829
  2.3238039   0.69561905]"
1747421923.4153602,"[ 0.         -0.2928396   1.0098069   2.96430602 -1.95517543 -0.17548367
  1.21835559  1.5818097 ]","[ 0.         -0.2684769   0.85642081  0.3172221   1.0693159  -0.50886364
  0.88159813  0.11668211]","[ 0.         -1.46723855 17.97794724  2.98835492  0.38636798 -2.78028989
  1.8419944   0.67561686]"
1747421923.4171603,"[ 0.         -0.29310431  1.0107175   2.96462027 -1.95404305 -0.17598115
  1.21922418  1.58191915]","[ 0.         -0.2684769   0.85737735  0.31871504  1.06626752 -0.50403087
  0.88105798  0.11101007]","[ 0.         -1.52980459 17.85516548  2.99976873  0.38400504 -2.79160166
  1.66026354  0.66590488]"
1747421923.4189422,"[ 0.         -0.29365399  1.01240641  2.96524745 -1.95194661 -0.1770102
  1.22095843  1.58212648]","[ 0.         -0.2673965   0.8556688   0.31817481  1.06283111 -0.50153692
  0.88105798  0.09855201]","[ 0.         -1.66391933 17.71570206  2.94508386  0.30412874 -2.75220919
  1.93793464  0.68834907]"
1747421923.4207077,"[ 0.         -0.29418449  1.01415638  2.96589673 -1.94978279 -0.17800089
  1.2227783   1.58230731]","[ 0.         -0.26820487  0.85411737  0.31763462  1.0549829  -0.50292149
  0.88754031  0.08886207]","[ 0.         -1.81425202 17.52525902  2.86049747  0.12724239 -2.67727447
  2.40745592  0.68170613]"
1747421923.4224975,"[ 0.         -0.29444921  1.01499667  2.96621178 -1.94874629 -0.1785021
  1.22365248  1.58239759]","[ 0.         -0.2684769   0.85129416  0.3195253   1.05121939 -0.50832345
  0.88645993  0.08493054]","[ 0.         -1.92264736 17.62472916  2.80287123  0.12883228 -2.71681809
  2.24847126  0.71661425]"
1747421923.424215,"[ 0.         -0.29500262  1.01667273  2.96687331 -1.94668314 -0.17954286
  1.22544572  1.58254979]","[ 0.         -0.27117786  0.84891635  0.32424362  1.0425992  -0.50778326
  0.87242348  0.07508709]","[ 0.         -2.01002359 17.46936035  2.72892213  0.27777779 -2.66686153
  1.82864928  0.69770432]"
1747421923.4259696,"[ 0.         -0.29554111  1.01840385  2.96751167 -1.94455687 -0.18053036
  1.22716186  1.58269826]","[ 0.         -0.27360135  0.84433738  0.32330669  1.03690423 -0.49914014
  0.87025407  0.07272286]","[ 0.         -2.05124688 17.39933968  2.62718225  0.23884855 -2.6179955
  1.66091609  0.69868332]"
1747421923.4271674,"[ 0.         -0.29610516  1.02006427  2.96816521 -1.94252541 -0.18154822
  1.22895124  1.58284287]","[ 0.         -0.2758453   0.83915207  0.31736455  1.02826108 -0.49535878
  0.87417883  0.07420155]","[ 0.         -2.08716106 17.37136269  2.52109289  0.22208707 -2.51759601
  1.87687886  0.7181592 ]"
1747421923.4289646,"[ 0.         -0.29637787  1.02089178  2.968476   -1.94151421 -0.18203612
  1.2298141   1.58291704]","[ 0.         -0.27657982  0.83919289  0.31488438  1.0255601  -0.49481856
  0.8751158   0.07508709]","[ 0.         -2.1120913  17.15639114  2.41448617  0.1345018  -2.39304638
  1.99281573  0.69691795]"
1747421923.4306753,"[ 0.         -0.29694353  1.02259993  2.96909731 -1.93942629 -0.1830071
  1.23152545  1.5830759 ]","[ 0.         -0.27634684  0.83190022  0.31574395  1.01750557 -0.49157739
  0.86350162  0.07832827]","[ 0.         -2.10768485 17.14377594  2.35807586  0.31690851 -2.41022229
  2.0044055   0.71687049]"
1747421923.4339416,"[ 0.         -0.29749161  1.02423831  2.96974286 -1.93743052 -0.18401005
  1.23327967  1.58323569]","[ 0.         -0.27791852  0.82889877  0.31520376  1.01016457 -0.48833623
  0.8527523   0.08202644]","[ 0.         -2.12018418 17.25499344  2.29584455  0.40834248 -2.35018182
  2.01746964  0.69483095]"
1747421923.435834,"[ 0.         -0.29803915  1.02511449  2.97036365 -1.93537349 -0.18495281
  1.23493882  1.58340892]","[ 0.         -0.2782004   0.82580584  0.31466357  1.00206163 -0.47639491
  0.83730217  0.08472468]","[ 0.         -2.09617019 17.32975769  2.20420051  0.44446695 -2.28239036
  2.05618787  0.71431625]"
1747421923.4369986,"[ 0.         -0.2986128   1.02673449  2.9710028  -1.93340861 -0.18592007
  1.23664444  1.58358203]","[ 0.         -0.28036119  0.82001593  0.31196259  0.99469746 -0.47267058
  0.83244044  0.08886207]","[ 0.         -2.09586716 17.27799606  2.12548351  0.60980141 -2.32176638
  1.99284005  0.73211992]"
1747421923.4387393,"[ 0.         -0.29916514  1.0283449   2.97164489 -1.93138301 -0.18694752
  1.23828069  1.58376659]","[ 0.         -0.28036119  0.81461397  0.31396212  0.98720625 -0.46632763
  0.82757864  0.08958151]","[ 0.         -2.11623049 17.0616703   2.08346796  0.85124993 -2.38376665
  2.00451183  0.74404049]"
1747421923.440525,"[ 0.         -0.29974091  1.03000438  2.97226248 -1.92944663 -0.18786577
  1.23995409  1.5839369 ]","[ 0.         -0.28144157  0.80771698  0.31304297  0.97991365 -0.46510787
  0.81137284  0.0848106 ]","[ 0.         -2.06328082 16.8045845   2.0161612   0.93634731 -2.38425469
  1.93273139  0.74731278]"
1747421923.4422667,"[ 0.         -0.30002001  1.03079647  2.97256954 -1.92840879 -0.18832224
  1.24074558  1.58401679]","[ 0.         -0.28306217  0.80326991  0.31110685  0.97632538 -0.46294708
  0.80272968  0.08102924]","[ 0.         -1.98709035 16.9736557   2.01214027  0.82546496 -2.36730814
  1.99384105  0.78791535]"
1747421923.444113,"[ 0.         -0.30060324  1.03243165  2.97319725 -1.92649371 -0.18925275
  1.24236758  1.58417365]","[ 0.         -0.28510604  0.79694217  0.30418213  0.96937985 -0.45160298
  0.78916833  0.07508709]","[ 0.         -2.00714946 16.68598938  1.95727181  0.64404786 -2.33828449
  2.15282393  0.78429317]"
1747421923.4452782,"[ 0.         -0.30088767  1.03321323  2.97349579 -1.9255411  -0.18969004
  1.24314575  1.58424702]","[ 0.         -0.28846409  0.7927361   0.30277928  0.96613865 -0.4430507
  0.78842518  0.07454691]","[ 0.         -2.06007385 16.4321537   1.93124688  0.72297293 -2.33494258
  2.13469934  0.74726892]"
1747421923.447029,"[ 0.         -0.30145705  1.03476345  2.97408967 -1.92357409 -0.1905838
  1.24468772  1.58439057]","[ 0.         -0.28846409  0.784108    0.30142879  0.95884605 -0.43282636
  0.77761061  0.06860476]","[ 0.         -2.10423183 16.40515518  1.90187323  0.72775233 -2.2931397
  2.16151905  0.72640502]"
1747421923.448753,"[ 0.         -0.302052    1.03635363  2.97470859 -1.921618   -0.19142163
  1.24626698  1.58452372]","[ 0.         -0.29008469  0.77387147  0.30217601  0.954174   -0.42200444
  0.76977779  0.06752437]","[ 0.         -2.17170095 16.36298561  1.90542436  0.81798798 -2.38147855
  1.78356111  0.72084624]"
1747421923.4510672,"[ 0.         -0.30262405  1.0378685   2.97530594 -1.9197466  -0.1922781
  1.24777859  1.58465608]","[ 0.         -0.29116507  0.76572632  0.30277928  0.94750192 -0.4163851
  0.76737895  0.06369519]","[ 0.         -2.20600533 16.4378109   1.96615994  0.80643308 -2.33174324
  1.80271113  0.72344887]"
1747421923.4527493,"[ 0.         -0.30322592  1.03942325  2.97592326 -1.91781447 -0.19309036
  1.24934253  1.58477593]","[ 0.         -0.29494646  0.75728151  0.30061849  0.94163557 -0.4083874
  0.76133304  0.05996164]","[ 0.         -2.32506585 16.6280117   1.97138762  0.67606074 -2.33270979
  1.99692428  0.71483094]"
1747421923.4550278,"[ 0.         -0.30381395  1.04090324  2.97651049 -1.91596491 -0.19390742
  1.25082751  1.58489577]","[ 0.         -0.299268    0.74871019  0.29680621  0.93588774 -0.39671569
  0.74979057  0.05817828]","[ 0.         -2.3255949  16.95924377  1.97106576  0.32285485 -2.35731745
  2.00917482  0.7350803 ]"
1747421923.4567337,"[ 0.         -0.30442914  1.04242636  2.97711929 -1.91413185 -0.19429358
  1.25234205  1.58501375]","[ 0.         -0.30196898  0.74227466  0.29741138  0.92818601 -0.39124453
  0.73656571  0.05996164]","[ 0.         -2.42983794 17.27907753  1.95893645 -0.0575299  -2.41437244
  1.9104327   0.73183769]"
1747421923.4590755,"[ 0.         -0.30502569  1.04388112  2.97769932 -1.91224207 -0.19508401
  1.25379747  1.58513172]","[ 0.         -0.30304936  0.73574552  0.29386604  0.91995198 -0.38417727
  0.73553973  0.05996164]","[ 0.         -2.37945414 17.59905243  1.98860216 -0.53122622 -2.51171017
  1.80888939  0.68859309]"
1747421923.4607947,"[ 0.         -0.30565632  1.04532801  2.97829907 -1.91044178 -0.19583076
  1.25529669  1.58525436]","[ 0.         -0.30844522  0.73304454  0.2916199   0.91076867 -0.37813645
  0.73073931  0.05996164]","[ 0.         -2.38099527 17.82647514  2.01813245 -0.92263061 -2.5715766
  1.47462213  0.69006521]"
1747421923.4625251,"[ 0.         -0.30596365  1.04610313  2.97858456 -1.90955042 -0.19620466
  1.25601401  1.58531428]","[ 0.         -0.31169248  0.72973623  0.2895445   0.90401622 -0.37883263
  0.72764259  0.06077193]","[ 0.         -2.31647754 17.70900345  2.06596184 -1.04511714 -2.62105179
  1.35251915  0.67606378]"
1747421923.4642117,"[ 0.         -0.30658364  1.04753897  2.97915687 -1.9077123  -0.19698604
  1.25743814  1.58543519]","[ 0.         -0.31439346  0.72737248  0.29116507  0.89456287 -0.38261016
  0.71988993  0.05888125]","[ 0.         -2.24299645 18.0178566   2.13444114 -1.31868243 -2.64559603
  1.40866053  0.66381073]"
1747421923.4659176,"[ 0.         -0.30722759  1.04902495  2.97975928 -1.90589842 -0.19772799
  1.25890315  1.58554638]","[ 0.         -0.31385327  0.72454014  0.29462628  0.88295575 -0.37435509
  0.7141377   0.05585353]","[ 0.         -2.15369582 18.29512405  2.1984601  -1.43686271 -2.61278987
  1.45468712  0.63397992]"
1747421923.4682283,"[ 0.         -0.30784917  1.05045253  2.98034464 -1.90417429 -0.1984806
  1.26028826  1.58565677]","[ 0.         -0.31547387  0.72413134  0.29734583  0.87045161 -0.36571197
  0.69847205  0.05366445]","[ 0.         -2.02198863 18.5957737   2.24821377 -1.39168561 -2.48336697
  1.47677374  0.62653172]"
1747421923.4699662,"[ 0.         -0.30849738  1.05193252  2.98094891 -1.90240489 -0.19919593
  1.26170279  1.58575663]","[ 0.         -0.31697133  0.7217116   0.29440623  0.86088813 -0.36301099
  0.68766814  0.05023813]","[ 0.         -1.93244135 18.72930145  2.34941411 -1.11050475 -2.34849524
  1.37898099  0.62226045]"
1747421923.4715736,"[ 0.         -0.30881217  1.05264471  2.9812368  -1.90156227 -0.19957516
  1.26237537  1.5858071 ]","[ 0.         -0.31925522  0.72224063  0.29197537  0.85458842 -0.35709428
  0.68226625  0.05126653]","[ 0.         -1.87232196 18.93449593  2.31454682 -0.9538902  -2.37096262
  1.43431187  0.62036687]"
1747421923.473328,"[ 0.         -0.30944281  1.05406684  2.98180991 -1.89988847 -0.20027184
  1.26376914  1.58590604]","[ 0.         -0.31925522  0.7206201   0.28979078  0.8467556  -0.35058652
  0.68008406  0.04731505]","[ 0.         -1.71158123 19.01351357  2.352005   -0.67608869 -2.43506074
  1.41372097  0.57682413]"
1747421923.475047,"[ 0.         -0.31010167  1.05554177  2.98240832 -1.89816993 -0.2009861
  1.2650942   1.58599645]","[ 0.         -0.32109034  0.71953965  0.29305578  0.83706509 -0.34856817
  0.66876136  0.04313217]","[ 0.         -1.63039923 18.84288979  2.37859035 -0.50737441 -2.44772482
  1.46514952  0.57730472]"
1747421923.4768023,"[ 0.         -0.31073657  1.0570093   2.9829849  -1.89653422 -0.20166734
  1.26645081  1.58607155]","[ 0.         -0.32303658  0.71519164  0.29224548  0.82622815 -0.34248361
  0.65927025  0.03565287]","[ 0.         -1.41558766 18.63629532  2.39742923 -0.60087264 -2.42398596
  1.65427864  0.5412268 ]"
1747421923.4785354,"[ 0.         -0.3113949   1.05841718  2.98358464 -1.8948527  -0.20235018
  1.26772553  1.58613147]","[ 0.         -0.32087579  0.71233487  0.29278567  0.81900979 -0.32850668
  0.64337218  0.02890043]","[ 0.         -1.28580511 18.33071709  2.32574916 -0.62782514 -2.38481593
  1.74737918  0.54677725]"
1747421923.4802947,"[ 0.         -0.31171022  1.05911699  2.98387173 -1.89405242 -0.20266922
  1.2683563   1.58615904]","[ 0.         -0.31979541  0.70981619  0.29116507  0.81164288 -0.32357677
  0.63959083  0.02607992]","[ 0.         -1.20003498 18.32244301  2.40590501 -0.68052483 -2.39229512
  1.76730525  0.53107679]"
1747421923.4819705,"[ 0.         -0.3123627   1.06056349  2.98447094 -1.89246358 -0.20329986
  1.26964434  1.58620005]","[ 0.         -0.31827412  0.70495439  0.29440623  0.80326991 -0.31979541
  0.62437233  0.01944702]","[ 0.         -1.06682003 18.00727081  2.36130905 -0.60436302 -2.35920548
  1.74536526  0.55313259]"
1747421923.4836993,"[ 0.         -0.31298428  1.06194287  2.98505551 -1.89083239 -0.2039486
  1.27085821  1.58623041]","[ 0.         -0.31493365  0.69712156  0.29629694  0.79408659 -0.31655425
  0.6106904   0.01352876]","[ 0.         -0.9413923  17.62278366  2.35760093 -0.5266161  -2.35212064
  1.56226039  0.51820421]"
1747421923.4859462,"[ 0.         -0.3136293   1.06336454  2.98565978 -1.8892803  -0.20456326
  1.27209298  1.58624559]","[ 0.         -0.31446366  0.69297302  0.29440217  0.78436306 -0.31277289
  0.60123698  0.00675244]","[ 0.         -0.90717292 17.44107437  2.27612829 -0.53831887 -2.29868937
  1.48857498  0.50296748]"
1747421923.4876657,"[ 0.         -0.31424981  1.06472049  2.98623529 -1.88769013 -0.20519923
  1.27327636  1.58625132]","[ 0.         -0.31461457  0.68550739  0.2903548   0.77409937 -0.31116144
  0.59907622  0.00175538]","[ 0.         -0.84003621 17.314291    2.25944209 -0.62444043 -2.29264116
  1.4957608   0.49608868]"
1747421923.4899268,"[ 0.         -0.31486713  1.06611552  2.98682331 -1.88617798 -0.20581228
  1.27450554  1.58625038]","[ 0.00000000e+00 -3.12232668e-01  6.78943226e-01  2.87380648e-01
  7.63835680e-01 -3.11152290e-01  5.98469222e-01 -5.40194952e-04]","[ 0.         -0.86392206 17.20454216  2.2234304  -0.75349933 -2.2665329
  1.43094289  0.53071755]"
1747421923.492241,"[ 0.         -0.31550043  1.06744397  2.98739323 -1.88463122 -0.20643706
  1.27566322  1.58625038]","[ 0.00000000e+00 -3.08991501e-01  6.72002495e-01  2.88981308e-01
  7.52491546e-01 -3.01925236e-01  5.82870355e-01 -3.51108921e-04]","[ 0.         -0.78279263 17.16520691  2.21165705 -0.89504826 -2.25713301
  1.43499613  0.49511707]"
1747421923.4939346,"[ 0.         -0.31610337  1.06876043  2.98798685 -1.88316675 -0.20701657
  1.27683341  1.58625225]","[ 0.00000000e+00 -3.04669956e-01  6.66330495e-01  2.90389887e-01
  7.38777598e-01 -2.90330432e-01  5.67204709e-01  2.12797527e-04]","[ 0.         -0.78920805 17.09055901  2.13088107 -1.21552408 -2.20199561
  1.52983487  0.45962179]"
1747421923.4956846,"[ 0.         -0.31672709  1.07011046  2.98855916 -1.88167405 -0.2075966
  1.27794541  1.58625425]","[ 0.00000000e+00 -3.04669956e-01  6.57147183e-01  2.89274389e-01
  7.25481833e-01 -2.80359124e-01  5.60154257e-01  4.15293054e-04]","[ 0.         -0.76003504 17.08459091  2.16965127 -1.61482477 -2.0702703
  1.61555266  0.47413462]"
1747421923.4980023,"[ 0.         -0.31702483  1.07075607  2.98884332 -1.88096538 -0.20786878
  1.27849815  1.58625518]","[ 0.00000000e+00 -3.01968978e-01  6.54052923e-01  2.88194011e-01
  7.18729388e-01 -2.76039626e-01  5.60722376e-01  4.63676827e-04]","[ 0.         -0.79990184 16.98522377  2.16687322 -1.86918163 -2.12822938
  1.50142121  0.48793724]"
1747421923.499892,"[ 0.         -0.31764161  1.07209278  2.98943561 -1.87950463 -0.20841792
  1.2796758   1.5862637 ]","[ 0.         -0.30092216  0.6528256   0.28925112  0.71218241 -0.27712
  0.5807096   0.00121425]","[ 0.         -0.79464757 16.93219185  2.17033744 -2.19068837 -2.15095282
  1.2110765   0.48177391]"
1747421923.5017266,"[ 0.         -0.31823071  1.07338268  2.99000872 -1.8781102  -0.20898837
  1.28083548  1.58627702]","[ 0.         -0.29734583  0.65471625  0.29089499  0.70468434 -0.27874059
  0.59211399  0.00211975]","[ 0.         -0.86975098 16.86106873  2.18498707 -2.48797774 -2.15483928
  0.85638666  0.45661381]"
1747421923.5034425,"[ 0.         -0.31914044  1.07536913  2.99089236 -1.87598873 -0.20985443
  1.28269623  1.58630272]","[ 0.         -0.3008886   0.65417609  0.2903548   0.69513019 -0.28938681
  0.62419529  0.00501487]","[ 0.         -1.0464083  16.48555183  2.18514848 -3.13946772 -2.05641818
  1.04913235  0.46329919]"
1747421923.5058033,"[ 0.         -0.31973592  1.0766613   2.99148278 -1.87462945 -0.21044033
  1.28401662  1.58631896]","[ 0.         -0.30196898  0.65579669  0.28788219  0.68778093 -0.29680621
  0.65201534  0.00827891]","[ 0.         -1.16404247 16.25547409  2.08391094 -3.38275146 -2.08076286
  1.01474607  0.44977191]"
1747421923.508174,"[ 0.         -0.32035165  1.07800167  2.99204897 -1.87323316 -0.21105072
  1.28532756  1.58633893]","[ 0.         -0.30013799  0.65375338  0.28738371  0.67983532 -0.29791292
  0.66592516  0.00912883]","[ 0.         -1.28952408 16.05322456  2.08696222 -3.30544353 -2.1000526
  0.97963911  0.44507542]"
1747421923.510539,"[ 0.         -0.32094074  1.07929151  2.99264498 -1.87190051 -0.21163715
  1.28670508  1.58636264]","[ 0.         -0.299268    0.65324345  0.29237148  0.67443343 -0.29764743
  0.6752437   0.01123178]","[ 0.         -1.3616699  15.96268654  2.09876943 -3.06629777 -2.13249969
  0.95817393  0.44252285]"
1747421923.5123281,"[ 0.         -0.3215554   1.08062775  2.99322529 -1.87052845 -0.2122305
  1.28804732  1.58639313]","[ 0.         -0.2989648   0.65199803  0.29467634  0.66754563 -0.30196898
  0.68307652  0.01482424]","[ 0.         -1.4416728  15.90936089  2.01837826 -2.74626923 -2.17326713
  1.01392639  0.45246479]"
1747421923.5146594,"[ 0.         -0.32215248  1.08191166  2.99383462 -1.86921658 -0.21285741
  1.28946771  1.58643015]","[ 0.         -0.30328195  0.65093489  0.29741138  0.66443978 -0.30575033
  0.69648047  0.01877177]","[ 0.         -1.52895164 15.7703104   1.98494315 -2.49820137 -2.15673995
  1.01755106  0.44456792]"
1747421923.5164247,"[ 0.         -0.32277246  1.08323598  2.99441385 -1.86786156 -0.21348645
  1.29086414  1.58647689]","[ 0.         -0.30250917  0.64553294  0.29329849  0.66119865 -0.30844522
  0.71197694  0.02405112]","[ 0.         -1.59701622 15.55698681  1.94488871 -2.36736298 -2.08156514
  1.00473523  0.46455306]"
1747421923.5187552,"[ 0.         -0.32366728  1.08517603  2.99530282 -1.86592012 -0.21441163
  1.2930446   1.58656144]","[ 0.         -0.30274233  0.63519648  0.29305578  0.65417609 -0.31569385
  0.72096924  0.02959068]","[ 0.         -1.68349397 15.13535118  1.88838625 -2.29578185 -2.001194
  1.07122147  0.48813614]"
1747421923.521269,"[ 0.         -0.32428993  1.08641999  2.99587913 -1.864588   -0.21506943
  1.29451427  1.58662336]","[ 0.         -0.30466996  0.62932714  0.29251556  0.64840795 -0.32249639
  0.71744854  0.03295189]","[ 0.         -1.64014053 14.86888504  1.87322855 -2.42000628 -1.927333
  1.23406577  0.48244923]"
1747421923.5236151,"[ 0.         -0.3248934   1.08764604  2.99647381 -1.86321461 -0.21569687
  1.29592601  1.58669274]","[ 0.         -0.30575033  0.61906345  0.2887342   0.64580305 -0.31601406
  0.71467792  0.03485682]","[ 0.         -1.67284524 14.7449646   1.75063217 -2.49763966 -1.90494597
  1.34695303  0.49853748]"
1747421923.5269353,"[ 0.         -0.32556505  1.08889959  2.99704    -1.86190487 -0.21633071
  1.29738156  1.58676224]","[ 0.         -0.30521015  0.61015018  0.28657341  0.63770011 -0.30651985
  0.70875658  0.03565287]","[ 0.         -1.68629396 14.64904881  1.68800068 -2.39365745 -1.844455
  1.44315147  0.50457561]"
1747421923.5275278,"[ 0.         -0.3261861   1.09008982  2.99762856 -1.86059939 -0.21692992
  1.29876947  1.58683734]","[ 0.         -0.30342033  0.6017772   0.28738371  0.63573643 -0.30274233
  0.70117303  0.03657775]","[ 0.         -1.67400837 14.60408783  1.67983377 -2.22984457 -1.85738564
  1.36909521  0.48314741]"
1747421923.5298653,"[ 0.         -0.32709051  1.09188892  2.99850873 -1.85872905 -0.21782527
  1.30090146  1.58693921]","[ 0.         -0.30629052  0.58908258  0.2887115   0.63148789 -0.29062488
  0.70144314  0.03295189]","[ 0.         -1.69271111 14.66509533  1.60121238 -2.17923141 -1.8735044
  1.20645595  0.47515762]"
1747421923.5309865,"[ 0.         -0.32741648  1.0924643   2.99879209 -1.85806326 -0.2181065
  1.30159295  1.5869725 ]","[ 0.         -0.3069406   0.58341058  0.28738371  0.62692117 -0.28522292
  0.70046263  0.03134606]","[ 0.         -1.69449067 14.5033989   1.59025669 -2.24706101 -1.85553837
  1.17570627  0.47080195]"
1747421923.5327063,"[ 0.         -0.32802262  1.09364348  2.99934949 -1.85683368 -0.21869346
  1.30301521  1.58703429]","[ 0.         -0.30791112  0.57287678  0.28063127  0.62194386 -0.28767549
  0.6909688   0.0318715 ]","[ 0.         -1.70705366 14.49090672  1.57524109 -2.35736203 -1.8169862
  1.35651553  0.44603145]"
1747421923.5344977,"[ 0.         -0.32865112  1.09476394  2.99991435 -1.85561315 -0.21925219
  1.30436131  1.58710086]","[ 0.         -0.30744214  0.56639438  0.27468914  0.61690262 -0.28252194
  0.68010543  0.0330703 ]","[ 0.         -1.66753399 14.58147049  1.60332346 -2.56067705 -1.77899396
  1.2530992   0.4623957 ]"
1747421923.536183,"[ 0.         -0.32895419  1.09536222  3.00018626 -1.85496068 -0.21953183
  1.30502537  1.58713322]","[ 0.         -0.30737093  0.56322595  0.27549012  0.61438274 -0.28360235
  0.6736231   0.03295189]","[ 0.         -1.60600078 14.70792198  1.63890326 -2.5900414  -1.80068588
  1.32538307  0.454202  ]"
1747421923.5379508,"[ 0.         -0.3295566   1.09645651  3.00075005 -1.85375746 -0.22009801
  1.3063961   1.58720073]","[ 0.         -0.30575033  0.55234933  0.27468914  0.60879969 -0.27495923
  0.66876136  0.03457248]","[ 0.         -1.55657983 14.83037853  1.64027035 -2.71172118 -1.8334341
  1.29526043  0.43660459]"
1747421923.539701,"[ 0.         -0.33018297  1.09757877  3.00129067 -1.85316091 -0.22065248
  1.30769851  1.58727783]","[ 0.         -0.30564973  0.54667523  0.27387884  0.60440534 -0.26982685
  0.65795745  0.03858481]","[ 0.         -1.50916719 14.99989414  1.65949798 -2.78966999 -1.91315174
  1.1710577   0.417494  ]"
1747421923.5414326,"[ 0.         -0.33078325  1.09864177  3.0018486  -1.85193346 -0.22117926
  1.30903888  1.58735866]","[ 0.         -0.30412977  0.5369538   0.27182782  0.59772573 -0.26631611
  0.65417609  0.04159501]","[ 0.         -1.40378153 15.18418598  1.71156001 -2.94470239 -1.99581337
  1.0957197   0.41740778]"
1747421923.5431445,"[ 0.         -0.33078325  1.09916847  3.00211359 -1.85134756 -0.22144025
  1.30968097  1.5874034 ]","[ 0.         -0.30412977  0.53425282  0.26874699  0.59421442 -0.26442733
  0.651205    0.04537637]","[ 0.         -1.40378153 15.18624592  1.73528099 -2.96062875 -2.04858327
  1.00696492  0.41143453]"
1747421923.5448916,"[ 0.         -0.3314043   1.10025351  3.00264569 -1.85013955 -0.22198247
  1.31101948  1.5875062 ]","[ 0.         -0.30342982  0.52858075  0.27009748  0.58855361 -0.26361513
  0.65475646  0.04753715]","[ 0.         -1.35433853 15.38901806  1.75661898 -3.00446939 -2.05761337
  1.01567459  0.36614841]"
1747421923.5465918,"[ 0.         -0.33200138  1.10128302  3.00320042 -1.8489928  -0.22249965
  1.31229513  1.58760793]","[ 0.         -0.30196898  0.52073588  0.27036346  0.57935911 -0.26307494
  0.64337218  0.05001653]","[ 0.         -1.20857847 15.64663601  1.78412795 -3.12803793 -2.02508307
  1.08707559  0.33849642]"
1747421923.5483794,"[ 0.         -0.33230125  1.10183223  3.00346621 -1.84842528 -0.22277875
  1.31292404  1.5876584 ]","[ 0.         -0.30412977  0.51659812  0.26983095  0.57557769 -0.26280535
  0.63797023  0.05126653]","[ 0.         -1.22924745 15.80937386  1.79863834 -3.22004914 -2.03057885
  1.0620743   0.32665557]"
1747421923.5501096,"[ 0.         -0.33292337  1.10284384  3.00399484 -1.84725775 -0.22330393
  1.31430342  1.58775827]","[ 0.         -0.30304936  0.51102443  0.2673965   0.56801498 -0.2673965
  0.62338496  0.05018723]","[ 0.         -1.14591181 15.99390697  1.85409629 -3.28981447 -2.00389099
  1.09432471  0.32735622]"
1747421923.551818,"[ 0.         -0.33351672  1.10384439  3.00453254 -1.84615094 -0.22385147
  1.31552768  1.58786093]","[ 0.         -0.29950442  0.50562247  0.26091417  0.5588051  -0.26782071
  0.62163846  0.05023813]","[ 0.         -1.03876591 16.22420692  1.92361486 -3.34744787 -2.02324057
  1.02053845  0.30759823]"
1747421923.5540617,"[ 0.         -0.33412285  1.10487616  3.00504546 -1.84501643 -0.22437026
  1.31680053  1.58796466]","[ 0.         -0.29602683  0.50241193  0.25956368  0.55072876 -0.26037396
  0.62014382  0.05293911]","[ 0.         -0.93599987 16.38886833  2.00965977 -3.36821437 -2.02031112
  0.90142012  0.30212954]"
1747421923.555871,"[ 0.         -0.33470502  1.10590021  3.00557996 -1.84394584 -0.2248917
  1.3180192   1.58807691]","[ 0.         -0.29494646  0.49852771  0.26199017  0.54046504 -0.25253681
  0.61636247  0.05509988]","[ 0.         -0.88229907 16.46677017  2.05594325 -3.40134025 -2.03061032
  0.63715899  0.26581648]"
1747421923.557617,"[ 0.         -0.33530636  1.10687779  3.0061006  -1.84284942 -0.22538066
  1.31927208  1.58818637]","[ 0.         -0.29332586  0.49454848  0.26442543  0.53290233 -0.24715861
  0.6106904   0.05509988]","[ 0.         -0.79198879 16.45074272  2.10621524 -3.38288164 -2.00474906
  0.51276737  0.26397836]"
1747421923.5593863,"[ 0.         -0.33559398  1.10736362  3.00642205 -1.84232877 -0.22562088
  1.31987422  1.58824336]","[ 0.         -0.29140971  0.49215863  0.26478051  0.52750557 -0.24362792
  0.6106904   0.05366445]","[ 0.         -0.68100113 16.5807209   2.05600142 -3.34967232 -2.03662944
  0.6487751   0.24632908]"
1747421923.561052,"[ 0.         -0.33618734  1.1083679   3.00694642 -1.84130292 -0.22611463
  1.32112045  1.58829476]","[ 0.         -0.28846409  0.48950003  0.26577592  0.51885725 -0.23984655
  0.60836426  0.05212881]","[ 0.         -0.58192992 16.54193687  2.05011201 -3.33203077 -2.01627374
  0.93831712  0.23469731]"
1747421923.5633483,"[ 0.         -0.33675352  1.10932577  3.00748518 -1.8402523  -0.22657216
  1.32231048  1.58839556]","[ 0.         -0.28684352  0.48428476  0.26230759  0.51048424 -0.22935023
  0.60096687  0.05023813]","[ 0.         -0.44205073 16.37545967  2.02551484 -3.22639275 -2.0053587
  0.87559378  0.19603574]"
1747421923.565031,"[ 0.         -0.33734048  1.11031027  3.00800077 -1.83922272 -0.22703661
  1.32289465  1.58848984]","[ 0.         -0.28560712  0.4794693   0.26172445  0.50028307 -0.22580149
  0.59259389  0.04429599]","[ 0.         -0.33724374 16.19353867  2.01405954 -3.14543056 -1.98494029
  0.77221495  0.18157333]"
1747421923.5668414,"[ 0.         -0.33790454  1.11124651  3.00853793 -1.83824801 -0.2274771
  1.32409134  1.5885688 ]","[ 0.         -0.28522292  0.47321077  0.26172445  0.49211761 -0.22364072
  0.5807096   0.03661219]","[ 0.         -0.24710353 15.96349144  1.94097769 -2.99932742 -1.90562725
  0.60855812  0.22231948]"
1747421923.569147,"[ 0.         -0.33845741  1.1121677   3.00905059 -1.83725012 -0.22792824
  1.32526912  1.58863538]","[ 0.         -0.27928078  0.46618825  0.25876104  0.4849862  -0.21801764
  0.5722536   0.03291851]","[ 0.         -0.10014727 15.82183266  1.90933573 -2.99910975 -1.8350395
  0.64297295  0.2061725 ]"
1747421923.5709028,"[ 0.         -0.33901881  1.11311265  3.00958082 -1.8363063  -0.22834582
  1.32640309  1.5886953 ]","[ 0.         -0.27225825  0.4602461   0.25804075  0.4759692  -0.21067603
  0.5758478   0.0285876 ]","[ 0.00000000e+00 -2.89164740e-03  1.56188183e+01  1.79998386e+00
 -2.96361685e+00 -1.74746454e+00  7.50491917e-01  1.83677375e-01]"
1747421923.572695,"[ 0.         -0.33954878  1.11400721  3.01008496 -1.83534356 -0.22875648
  1.32757795  1.58874856]","[ 0.         -0.26712558  0.4505226   0.25524212  0.46768318 -0.19710401
  0.57096369  0.02592936]","[ 0.          0.06521823 15.34067154  1.74527073 -3.04032493 -1.72774839
  0.71570569  0.16073038]"
1747421923.574457,"[ 0.         -0.33983107  1.11447965  3.0103361  -1.83488523 -0.22894663
  1.32813441  1.58877333]","[ 0.         -0.26581457  0.44486325  0.25470191  0.46483776 -0.1928496
  0.56450373  0.02509361]","[ 0.          0.10500374 15.17366314  1.74926305 -3.01983356 -1.74139011
  0.6940701   0.14221826]"
1747421923.5761921,"[ 0.         -0.34035199  1.11534478  3.0108642  -1.83398296 -0.22931149
  1.32923603  1.58881887]","[ 0.         -0.26307494  0.43647752  0.25875338  0.45484415 -0.18258589
  0.55478023  0.0210676 ]","[ 0.          0.19755611 15.04071236  1.7202177  -3.10043383 -1.74492085
  0.75987786  0.16781448]"
1747421923.5773618,"[ 0.         -0.34086491  1.11622416  3.01112013 -1.83306177 -0.22967474
  1.33035283  1.58885895]","[ 0.         -0.25849121  0.42621383  0.25956368  0.44795222 -0.17664375
  0.54316602  0.02025731]","[ 0.          0.21314779 14.98662567  1.64630258 -3.1426518  -1.78529692
  1.04195344  0.14230169]"
1747421923.5791006,"[ 0.         -0.34113922  1.11664014  3.01137713 -1.83262368 -0.22984572
  1.33088746  1.58887693]","[ 0.         -0.25829151  0.42146478  0.26064406  0.44431034 -0.17340258
  0.54180621  0.01705225]","[ 0.          0.2200264  15.0154171   1.65288699 -3.15999746 -1.77130115
  1.06260884  0.15242656]"
1747421923.5808878,"[ 0.         -0.34164042  1.11748876  3.01191295 -1.83176055 -0.23020151
  1.33198721  1.58890928]","[ 0.         -0.25281124  0.41251413  0.26172445  0.43539714 -0.17353178
  0.5353332   0.01618943]","[ 0.          0.24887964 14.86382484  1.61046743 -3.1541183  -1.74411774
  1.03913856  0.12765142]"
1747421923.5819964,"[ 0.         -0.34188863  1.11789236  3.01216835 -1.83130408 -0.23037409
  1.33250946  1.58892553]","[ 0.         -0.25173084  0.40946778  0.25876104  0.42981716 -0.17484583
  0.52966116  0.01647595]","[ 0.          0.25582498 14.81996822  1.58935213 -3.16827178 -1.68037283
  0.87842548  0.12955634]"
1747421923.583853,"[ 0.         -0.34240102  1.11868039  3.012689   -1.83046785 -0.23071231
  1.33357592  1.58895882]","[ 0.         -0.24902988  0.39610137  0.2527746   0.42189225 -0.1707016
  0.51758609  0.01625465]","[ 0.          0.19934252 14.693573    1.54638183 -3.19516873 -1.61509109
  0.71253353  0.15788817]"
1747421923.5855455,"[ 0.         -0.34288732  1.11947335  3.01318168 -1.8296159  -0.23105213
  1.33458233  1.58899304]","[ 0.         -0.2457887   0.3839265   0.24848967  0.41378932 -0.16475946
  0.50832345  0.01727748]","[ 0.          0.18203163 14.67081165  1.52670109 -3.30553985 -1.59442437
  0.62299395  0.13311441]"
1747421923.5872889,"[ 0.         -0.34314511  1.11984579  3.0134464  -1.82921323 -0.23121085
  1.33508367  1.58901115]","[ 0.         -0.24274387  0.37759626  0.24926386  0.4083874  -0.1609781
  0.50832345  0.01715653]","[ 0.          0.13194045 14.64474583  1.48685241 -3.39542627 -1.55740893
  0.76916873  0.15610488]"
1747421923.5889738,"[ 0.         -0.34361915  1.12057776  3.01393802 -1.82839405 -0.2315315
  1.33613495  1.58904244]","[ 0.         -0.2390639   0.36787276  0.24877756  0.397468   -0.15512098
  0.51318522  0.01593575]","[ 0.          0.07334269 14.55732822  1.47659147 -3.5194068  -1.5146935
  0.79782408  0.14858502]"
1747421923.5912735,"[ 0.         -0.34410012  1.12131559  3.01442618 -1.82762093 -0.23183616
  1.33715467  1.58906814]","[ 0.         -0.23336422  0.35706885  0.24740928  0.38935575 -0.15557615
  0.51563329  0.01248357]","[ 0.         -0.04718352 14.59774208  1.46906054 -3.57038593 -1.55196607
  0.72427547  0.14910546]"
1747421923.592432,"[ 0.         -0.34456031  1.12200535  3.01492818 -1.82686646 -0.23215681
  1.3381993   1.58908718]","[ 0.         -0.23228382  0.34680516  0.24470832  0.38002716 -0.15698106
  0.50511018  0.00972351]","[ 0.         -0.18554775 14.6251688   1.46662307 -3.55509233 -1.55384922
  0.66878963  0.12376373]"
1747421923.5942304,"[ 0.         -0.34480746  1.1223433   3.01516787 -1.82646911 -0.23230967
  1.33917721  1.58910236]","[ 0.         -0.23271312  0.34275369  0.24308774  0.37414654 -0.15487886
  0.49400829  0.00769388]","[ 0.         -0.20979248 14.77974319  1.46662307 -3.62945461 -1.60140204
  0.77033693  0.1136661 ]"
1747421923.5958786,"[ 0.         -0.34526232  1.1230312   3.01566135 -1.82574926 -0.23261966
  1.33969759  1.58910809]","[ 0.         -0.23066324  0.33330027  0.24073773  0.36318287 -0.15719673
  0.49000157  0.00598171]","[ 0.         -0.27000976 14.92796898  1.43295181 -3.75071621 -1.55933034
  0.81243628  0.11532746]"
1747421923.5976214,"[ 0.         -0.34573637  1.12367542  3.01613939 -1.82502142 -0.23293019
  1.34065553  1.58911768]","[ 0.         -0.23120852  0.32357677  0.24362792  0.351937   -0.14995954
  0.48190532  0.00486175]","[ 0.         -0.3580924  14.99160194  1.39467812 -3.78141093 -1.52344155
  0.90224367  0.100554  ]"
1747421923.5994396,"[ 0.         -0.34618804  1.12432283  3.01663714 -1.82433912 -0.23320503
  1.34160588  1.5891262 ]","[ 0.         -0.22904266  0.31277289  0.24199156  0.3430238  -0.13612913
  0.4813137   0.00415916]","[ 0.         -0.47052819 14.99951553  1.41326797 -3.75307822 -1.51425755
  0.70001465  0.13336992]"
1747421923.60121,"[ 0.         -0.34641121  1.12462683  3.01687416 -1.82398039 -0.23333233
  1.34211774  1.589129  ]","[ 0.         -0.22634168  0.30845131  0.24038676  0.3377851  -0.12897578
  0.48197696  0.00337451]","[ 0.         -0.53099895 14.92216492  1.41499019 -3.74674749 -1.46677625
  0.55452263  0.11957441]"
1747421923.603489,"[ 0.         -0.34687087  1.12524362  3.01734341 -1.82333031 -0.23357787
  1.34305757  1.58913472]","[ 0.         -0.22341412  0.29953811  0.23660538  0.32735812 -0.11560172
  0.47483137  0.00286082]","[ 0.         -0.60859793 15.00983524  1.41221738 -3.83716345 -1.43189085
  0.42324764  0.10760038]"
1747421923.6046772,"[ 0.         -0.34730816  1.12582485  3.01781505 -1.82270021 -0.23378719
  1.34402403  1.58913765]","[ 0.         -0.22093974  0.29332586  0.22823237  0.31709444 -0.10317724
  0.4715902   0.00148554]","[ 0.         -0.66230315 15.03757763  1.39508688 -3.88139105 -1.43997872
  0.52160752  0.09695442]"
1747421923.6070082,"[ 0.         -0.34775984  1.12641261  3.01825953 -1.82206877 -0.23398214
  1.34495547  1.58914045]","[ 0.         -0.22017471  0.28549303  0.22553139  0.30548026 -0.09328586
  0.47186028  0.0013498 ]","[ 0.         -0.66457635 15.048522    1.38065088 -3.92165232 -1.45651996
  0.56022483  0.09898032]"
1747421923.6088028,"[ 0.         -0.34819606  1.12696189  3.01872053 -1.82146397 -0.23416004
  1.34591528  1.58914244]","[ 0.         -0.22071588  0.27631987  0.2252613   0.29267162 -0.08859198
  0.4699696   0.0010403 ]","[ 0.         -0.67243987 15.02660751  1.40256929 -3.95858788 -1.4268285
  0.49666652  0.09053995]"
1747421923.609869,"[ 0.         -0.34841231  1.12726722  3.01894183 -1.82118061 -0.23424952
  1.34637853  1.58914244]","[ 0.         -0.21931916  0.26795282  0.224451    0.28709253 -0.08425821
  0.46949343  0.00070222]","[ 0.         -0.66123754 15.09584999  1.40367591 -4.03411341 -1.38716495
  0.47091639  0.07850039]"
1747421923.6116376,"[ 0.         -0.34885759  1.12780451  3.01940203 -1.82063253 -0.23440185
  1.34734326  1.58914338]","[ 0.         -0.21769857  0.2606498   0.22443777  0.27522933 -0.07454691
  0.47044161  0.00052998]","[ 0.         -0.62650126 15.10747051  1.39465475 -4.0691247  -1.3561945
  0.48291975  0.10376442]"
1747421923.6139445,"[ 0.         -0.34927944  1.12830585  3.01984411 -1.82008365 -0.23455099
  1.34825074  1.58914338]","[ 0.00000000e+00 -2.12081516e-01  2.52508850e-01  2.24451000e-01
  2.66065339e-01 -6.58112296e-02  4.57275012e-01  2.64925248e-04]","[ 0.         -0.64240283 15.09981632  1.39428437 -4.04148817 -1.31844783
  0.50228274  0.06573547]"
1747421923.6156554,"[ 0.         -0.3497146   1.12880919  3.02029605 -1.81957366 -0.23467296
  1.34916873  1.58914431]","[ 0.00000000e+00 -2.12621172e-01  2.43627924e-01  2.20174713e-01
  2.56052403e-01 -6.09801805e-02  4.46117100e-01  2.12755037e-04]","[ 0.         -0.64040989 15.11461735  1.36845124 -4.07141829 -1.27725923
  0.45345548  0.06952318]"
1747421923.6168156,"[ 0.         -0.34992392  1.12904475  3.0205123  -1.81930681 -0.23472889
  1.34960069  1.58914431]","[ 0.00000000e+00 -2.12296616e-01  2.38766174e-01  2.19319155e-01
  2.51269998e-01 -5.67204709e-02  4.37654240e-01  1.77751455e-04]","[ 0.         -0.63581365 15.05761147  1.36515486 -4.06426525 -1.29774511
  0.45949665  0.07481306]"
1747421923.619084,"[ 0.         -0.35034097  1.1295136   3.0209416  -1.81882557 -0.23483754
  1.35044731  1.58914431]","[ 0.00000000e+00 -2.11216222e-01  2.25691617e-01  2.16888272e-01
  2.41197040e-01 -5.23989095e-02  4.26483910e-01  1.75525527e-04]","[ 0.         -0.65617579 15.00472546  1.35829294 -4.12884426 -1.2859863
  0.42828557  0.08799925]"
1747421923.620867,"[ 0.         -0.3507724   1.1299429   3.02138529 -1.81835313 -0.23493076
  1.35130631  1.58914431]","[ 0.00000000e+00 -2.09922924e-01  2.15537783e-01  2.16618177e-01
  2.26945450e-01 -4.64567646e-02  4.17570709e-01  1.50994244e-04]","[ 0.         -0.54891747 14.92271137  1.40350378 -4.13271904 -1.29331064
  0.2273571   0.06145098]"
1747421923.6225872,"[ 0.         -0.35097693  1.13015089  3.02159834 -1.81813502 -0.2349755
  1.35171165  1.58914431]","[ 0.00000000e+00 -2.07434866e-01  2.10732392e-01  2.16077989e-01
  2.20985695e-01 -4.20894676e-02  4.11088342e-01  1.52638548e-04]","[ 0.         -0.51897079 14.91416359  1.41615045 -4.17176342 -1.28632891
  0.23596182  0.03700056]"
1747421923.6236463,"[ 0.         -0.35139665  1.1305738   3.02203643 -1.8177137  -0.23504474
  1.35254495  1.58914431]","[ 0.         -0.20362398  0.20446379  0.21290242  0.21148632 -0.03295189
  0.40574338  0.        ]","[ 0.         -0.42997533 14.87704754  1.43108797 -4.11764383 -1.28637791
  0.21343237  0.05298637]"
1747421923.6269424,"[ 0.         -0.351786    1.13096409  3.02244789 -1.81730145 -0.23509534
  1.35334217  1.58914431]","[ 0.         -0.19555058  0.19609076  0.20743487  0.19810708 -0.02156609
  0.4051462   0.        ]","[ 0.         -0.38239813 14.82383537  1.42030334 -4.08615255 -1.25979078
  0.12873504  0.01662498]"
1747421923.6280837,"[ 0.         -0.35217962  1.13135304  3.02285269 -1.81692301 -0.2351257
  1.35415736  1.58914338]","[ 0.00000000e+00 -1.91406880e-01  1.87527553e-01  2.04463793e-01
  1.89955957e-01 -1.24244839e-02  3.96715695e-01 -8.83157386e-05]","[ 0.00000000e+00 -3.41157317e-01  1.47437563e+01  1.39452732e+00
 -4.05135298e+00 -1.24989593e+00  1.10915527e-01  6.76825759e-04]"
1747421923.6298654,"[ 0.         -0.3525514   1.13153081  3.02326201 -1.8165499  -0.23514168
  1.35493367  1.58914338]","[ 0.00000000e+00 -1.87987848e-01  1.80608295e-01  1.98521648e-01
  1.79800991e-01 -6.01844290e-03  3.92323809e-01 -8.16419714e-05]","[ 0.00000000e+00 -2.94731855e-01  1.46965551e+01  1.39392304e+00
 -4.03243685e+00 -1.26045954e+00  1.05068147e-01 -7.22408714e-03]"
1747421923.6316235,"[ 0.         -0.35292637  1.13188061  3.0236503  -1.81621408 -0.23514381
  1.35572516  1.58914338]","[ 0.00000000e+00 -1.83060983e-01  1.67764102e-01  1.96161905e-01
  1.67190340e-01 -2.16077981e-03  3.85180345e-01 -8.16419714e-05]","[ 0.00000000e+00 -2.72983849e-01  1.46734619e+01  1.36443162e+00
 -4.05349636e+00 -1.25919533e+00  1.89715073e-01  5.88307669e-03]"
1747421923.6339903,"[ 0.         -0.35328376  1.13219473  3.02405777 -1.81589184 -0.23514274
  1.35645194  1.58914338]","[ 0.00000000e+00 -1.81505497e-01  1.56116334e-01  1.99360927e-01
  1.53685467e-01  2.16077981e-03  3.62740916e-01 -7.59059752e-05]","[ 0.         -0.25306287 14.66515064  1.3623209  -4.08230877 -1.25207984
  0.24798724 -0.01958772]"
1747421923.6356697,"[ 0.         -0.35364649  1.13249514  3.02445218 -1.81560475 -0.23514008
  1.35717206  1.58914244]","[ 0.00000000e+00 -1.75563352e-01  1.43941094e-01  1.99331932e-01
  1.42881572e-01  1.30037163e-03  3.48896706e-01 -1.15912006e-04]","[ 0.00000000e+00 -2.35215455e-01  1.47797766e+01  1.31558526e+00
 -4.07919407e+00 -1.21892929e+00  2.39727214e-01 -9.83343460e-03]"
1747421923.6374483,"[ 0.         -0.3538164   1.13263056  3.02464872 -1.81546893 -0.23514008
  1.35751268  1.58914244]","[ 0.00000000e+00 -1.72322185e-01  1.37070496e-01  1.99129981e-01
  1.37749710e-01  2.70097476e-04  3.45104665e-01 -1.15912006e-04]","[ 0.         -0.25106129 14.87151337  1.25910115 -4.04640245 -1.19942653
  0.2065288  -0.02555706]"
1747421923.6391532,"[ 0.         -0.35415036  1.13289222  3.02505885 -1.81520288 -0.23514168
  1.35817674  1.58914244]","[ 0.00000000e+00 -1.68540829e-01  1.30727179e-01  2.00748917e-01
  1.26675712e-01 -5.26663382e-04  3.32760081e-01 -1.08732150e-04]","[ 0.00000000e+00 -2.66090631e-01  1.49643440e+01  1.23720348e+00
 -4.01801205e+00 -1.16943753e+00  2.12338373e-01 -1.26483813e-02]"
1747421923.641476,"[ 0.         -0.35448751  1.13314761  3.02544847 -1.81495707 -0.23514168
  1.35882455  1.58914244]","[ 0.00000000e+00 -1.62973591e-01  1.23164451e-01  1.95820670e-01
  1.18251368e-01 -3.97387880e-04  3.10612101e-01 -1.03251880e-04]","[ 0.         -0.28863427 15.05972004  1.19667566 -4.02123451 -1.15778399
  0.18956441 -0.01645653]"
1747421923.6432106,"[ 0.         -0.35480656  1.13337678  3.02583969 -1.81473709 -0.23514061
  1.35940858  1.58914138]","[ 0.00000000e+00 -1.60978101e-01  1.13595821e-01  1.89878525e-01
  1.09119380e-01  2.64925248e-04  2.92245478e-01 -1.53851014e-04]","[ 0.         -0.38409114 15.10262871  1.12779284 -4.09362411 -1.13310778
  0.20678826 -0.02482916]"
1747421923.6449244,"[ 0.         -0.3551304   1.13359849  3.02620774 -1.81453096 -0.23514061
  1.35998795  1.58914138]","[ 0.00000000e+00 -1.56656540e-01  1.05878214e-01  1.85638790e-01
  1.01993402e-01  2.12755037e-04  2.79356078e-01 -1.53239385e-04]","[ 0.         -0.39571017 15.1117115   1.10504055 -4.21944141 -1.08914256
  0.18184532 -0.0442893 ]"
1747421923.6466465,"[ 0.         -0.35543773  1.1337877   3.0265875  -1.81433389 -0.23514274
  1.36052072  1.58914138]","[ 0.00000000e+00 -1.55418519e-01  9.34537265e-02  1.85067125e-01
  9.50743100e-02 -1.50994244e-04  2.69823808e-01 -1.05980645e-04]","[ 0.         -0.39862081 15.11312675  1.06930625 -4.3653388  -1.11499894
  0.10928603 -0.03768032]"
1747421923.6484127,"[ 0.         -0.3555906   1.13388411  3.02676727 -1.81424281 -0.23514381
  1.36080607  1.58914138]","[ 0.00000000e+00 -1.55035956e-01  9.06927858e-02  1.82315797e-01
  9.23733403e-02 -2.64925248e-04  2.69077158e-01 -1.05980645e-04]","[ 0.         -0.38428968 15.1133461   1.09069204 -4.43354273 -1.12492788
  0.069694   -0.05132375]"
1747421923.6501772,"[ 0.         -0.35590698  1.13405309  3.02712653 -1.81407449 -0.23514647
  1.36133884  1.58914138]","[ 0.00000000e+00 -1.53955562e-01  8.41850271e-02  1.81051778e-01
  8.26498312e-02 -4.75093147e-04  2.70903104e-01 -1.01020808e-04]","[ 0.         -0.42395043 15.13738155  1.05198741 -4.54880428 -1.11741555
 -0.08640149 -0.07234318]"
1747421923.6519573,"[ 0.         -0.35620525  1.13421474  3.02749697 -1.81391737 -0.23514647
  1.36191249  1.58914045]","[ 0.00000000e+00 -1.50714395e-01  8.15694367e-02  1.80695214e-01
  7.44713717e-02 -4.32799730e-04  2.83869903e-01 -1.32244365e-04]","[ 0.         -0.37747297 15.20302868  1.00155103 -4.70492887 -1.07869673
 -0.11468711 -0.06910291]"
1747421923.6542103,"[ 0.         -0.35650832  1.13437959  3.02784824 -1.81377995 -0.23514754
  1.36250317  1.58914045]","[ 0.00000000e+00 -1.47473228e-01  7.91385615e-02  1.76913841e-01
  6.75243704e-02 -4.46430550e-04  3.04669956e-01 -1.27031662e-04]","[ 0.         -0.3918435  15.18301678  0.95167387 -4.80748129 -1.05452156
 -0.18090369 -0.10292542]"
1747421923.6560524,"[ 0.         -0.35680872  1.13452979  3.02820324 -1.81365531 -0.23514754
  1.36314633  1.58914045]","[ 0.00000000e+00 -1.44944174e-01  7.50870946e-02  1.71415645e-01
  5.83410544e-02 -4.17453102e-04  3.17974410e-01 -1.21434140e-04]","[ 0.         -0.3968288  15.14887333  0.9072293  -4.90097761 -1.0506984
 -0.22738163 -0.11147461]"
1747421923.65779,"[ 0.         -0.35709155  1.13467946  3.02854173 -1.81354879 -0.23514647
  1.36378455  1.58913951]","[ 0.00000000e+00 -1.41531083e-01  7.23861249e-02  1.71338114e-01
  5.23989095e-02 -4.15234180e-04  3.26007669e-01 -1.48483698e-04]","[ 0.         -0.40641758 15.03429699  0.88982379 -4.97819471 -1.02648842
 -0.29035854 -0.12661454]"
1747421923.6595483,"[ 0.         -0.35723004  1.13474697  3.02872389 -1.81349765 -0.23514647
  1.36410813  1.58913951]","[ 0.00000000e+00 -1.40308376e-01  6.86047607e-02  1.71525634e-01
  4.81022486e-02 -3.88087329e-04  3.28168425e-01 -1.48035639e-04]","[ 0.         -0.43244484 14.9854393   0.83076084 -5.01899958 -1.00819516
 -0.22315916 -0.10191572]"
1747421923.6607387,"[ 0.         -0.35751819  1.1348764   3.02906238 -1.81341936 -0.23514647
  1.36478723  1.58913951]","[ 0.00000000e+00 -1.40430332e-01  6.21905789e-02  1.71781996e-01
  3.67332556e-02 -3.62581483e-04  3.31343645e-01 -1.16670407e-04]","[ 0.         -0.42235383 14.83645821  0.75609457 -5.05649757 -0.95452589
 -0.15319096 -0.09695303]"
1747421923.6624916,"[ 0.         -0.35779782  1.13499398  3.02942004 -1.8133629  -0.23514541
  1.36543132  1.58913951]","[ 0.00000000e+00 -1.41531083e-01  5.83410544e-02  1.74871729e-01
  2.45753093e-02 -1.65588575e-04  3.25197369e-01 -1.11931731e-04]","[ 0.         -0.44348386 14.68975067  0.68125027 -4.99787664 -0.93474859
 -0.14878193 -0.11886358]"
1747421923.6642208,"[ 0.         -0.35793577  1.13505137  3.02959421 -1.81334479 -0.23514541
  1.36576901  1.58913858]","[ 0.00000000e+00 -1.39910499e-01  5.83410544e-02  1.76643747e-01
  1.83666278e-02 -9.93593235e-05  3.17974410e-01 -1.42458572e-04]","[ 0.         -0.45530781 14.63997936  0.64552677 -4.94677258 -0.93379217
 -0.1944616  -0.12074901]"
1747421923.6660228,"[ 0.         -0.35822446  1.1351607   3.02994948 -1.81332295 -0.23514541
  1.36638353  1.58913858]","[ 0.00000000e+00 -1.40308376e-01  5.18587164e-02  1.72779467e-01
  9.18331389e-03  0.00000000e+00  3.09218103e-01 -1.37671726e-04]","[ 0.         -0.48201501 14.44719791  0.53999448 -4.80245638 -0.8866809
 -0.18559404 -0.14260632]"
1747421923.667759,"[ 0.         -0.35850356  1.1352575   3.03028291 -1.81331869 -0.23514541
  1.36700858  1.58913858]","[ 0.00000000e+00 -1.42071272e-01  4.88876440e-02  1.68000624e-01
  5.01536919e-04  0.00000000e+00  3.02928316e-01 -1.32476741e-04]","[ 0.         -0.51865697 14.14577389  0.45703468 -4.62968302 -0.87019354
 -0.19155432 -0.10563742]"
1747421923.6695755,"[ 0.         -0.35865323  1.13530531  3.03044536 -1.81332189 -0.23514487
  1.36730352  1.58913858]","[ 0.00000000e+00 -1.40931872e-01  4.85682852e-02  1.64759457e-01
 -3.24116978e-03  2.65957064e-05  2.99268000e-01 -1.27992629e-04]","[ 0.         -0.52152455 13.92800713  0.44912145 -4.55792856 -0.8503021
 -0.0716305  -0.1027137 ]"
1747421923.6706722,"[ 0.         -0.35893073  1.13539852  3.0307692  -1.81332881 -0.23514487
  1.36789048  1.58913765]","[ 0.00000000e+00 -1.40308376e-01  4.42959881e-02  1.55727213e-01
 -3.42007829e-03  7.57656083e-05  2.98187623e-01 -1.59168900e-04]","[ 0.00000000e+00 -5.70853412e-01  1.35456810e+01  3.82283390e-01
 -4.41670561e+00 -8.11283529e-01 -5.32732485e-03 -9.51297507e-02]"
1747421923.6724265,"[ 0.         -0.35921729  1.13547428  3.03106321 -1.81332881 -0.23514381
  1.36850594  1.58913765]","[ 0.00000000e+00 -1.40298239e-01  3.56528652e-02  1.47203117e-01
 -1.05297970e-03  1.20222153e-04  3.01925236e-01 -1.23486419e-04]","[ 0.         -0.55093378 13.04925346  0.3918094  -4.39518356 -0.77419329
 -0.02199892 -0.10240214]"
1747421923.6741498,"[ 0.         -0.35935258  1.13550731  3.03120303 -1.81332615 -0.23514381
  1.36880461  1.58913672]","[ 0.00000000e+00 -1.37209521e-01  3.10660363e-02  1.41801177e-01
  8.77772304e-04  1.15099022e-04  3.02742327e-01 -1.53747391e-04]","[ 0.         -0.52360183 12.880826    0.36347643 -4.38333607 -0.76465499
 -0.10144154 -0.13314706]"
1747421923.676023,"[ 0.         -0.35961889  1.13555098  3.03148772 -1.81332402 -0.23514274
  1.36939544  1.58913672]","[ 0.00000000e+00 -1.35048741e-01  1.94470181e-02  1.38700675e-01
  9.57588854e-04  1.54558937e-04  2.96026833e-01 -1.49034357e-04]","[ 0.         -0.47877681 12.59471893  0.35833883 -4.46603107 -0.73323858
 -0.14302309 -0.11877611]"
1747421923.6771927,"[ 0.         -0.35988947  1.13557389  3.03176016 -1.81332668 -0.23514274
  1.36999758  1.58913672]","[ 0.00000000e+00 -1.32482128e-01  8.52612739e-03  1.38289908e-01
  4.25510074e-04  1.90915214e-04  2.92245478e-01 -1.44601666e-04]","[ 0.         -0.45669192 12.44464207  0.38563082 -4.60571575 -0.70814019
 -0.18513349 -0.12164374]"
1747421923.6789136,"[ 0.         -0.36001943  1.13557761  3.03190717 -1.81332881 -0.23514274
  1.37028293  1.58913672]","[ 0.00000000e+00 -1.31674025e-01  3.78136470e-03  1.38424189e-01
 -5.31887593e-04  1.83694430e-04  2.89251119e-01 -1.40425051e-04]","[ 0.         -0.40446213 12.47479153  0.37897304 -4.68424845 -0.70530707
 -0.15387672 -0.11979149]"
1747421923.6820807,"[ 0.         -0.36028575  1.13557309  3.03217854 -1.81332934 -0.23514274
  1.37087855  1.58913579]","[ 0.00000000e+00 -1.29396523e-01 -2.20955272e-03  1.36800676e-01
 -4.52982733e-04  1.76511160e-04  2.91894473e-01 -1.63824426e-04]","[ 0.         -0.32575193 12.63370419  0.39334151 -4.80731964 -0.70938569
 -0.15989049 -0.14500535]"
1747421923.6833913,"[ 0.         -0.36053449  1.13556749  3.03245498 -1.81332881 -0.23514274
  1.37145592  1.58913579]","[ 0.00000000e+00 -1.24785034e-01 -2.51678996e-03  1.34786511e-01
 -5.29916392e-04  1.70327243e-04  2.94406233e-01 -1.59225548e-04]","[ 0.         -0.35380992 12.74639893  0.37860063 -5.00206232 -0.73994923
 -0.24933054 -0.15046991]"
1747421923.6857722,"[ 0.         -0.36077737  1.13556936  3.0327181  -1.81333147 -0.23514274
  1.37203343  1.58913472]","[ 0.00000000e+00 -1.22748748e-01 -9.45341174e-04  1.33158055e-01
 -8.19074179e-04  1.64133736e-04  2.92245478e-01 -1.79110701e-04]","[ 0.         -0.28177041 12.77548695  0.45825243 -5.34481192 -0.73088837
 -0.32470819 -0.17317544]"
1747421923.687579,"[ 0.         -0.36103037  1.13557216  3.03299134 -1.8133352  -0.23514168
  1.37264036  1.58913472]","[ 0.00000000e+00 -1.24244837e-01  5.31887593e-04  1.32907285e-01
 -1.00986607e-03  1.64556324e-04  2.98187623e-01 -1.74477916e-04]","[ 0.         -0.26134577 12.73369694  0.44594309 -5.67878056 -0.76522136
 -0.28780046 -0.16947035]"
1747421923.6887503,"[ 0.         -0.36127218  1.13556936  3.033247   -1.81334053 -0.23514168
  1.37324157  1.58913379]","[ 0.00000000e+00 -1.21543868e-01  3.11065050e-04  1.28566399e-01
 -1.26545054e-03  1.59174200e-04  3.06830745e-01 -1.90128798e-04]","[ 0.         -0.18903057 12.62284851  0.50988263 -5.97825146 -0.69545233
 -0.25230464 -0.18152149]"
1747421923.6906142,"[ 0.         -0.3615156   1.13556749  3.03349947 -1.81334479 -0.23514168
  1.37387327  1.58913286]","[ 0.00000000e+00 -1.17222306e-01  0.00000000e+00  1.22375007e-01
 -1.32473604e-03  1.53742466e-04  3.06830745e-01 -2.11961290e-04]","[ 0.         -0.16861007 12.57960033  0.50901204 -6.13602781 -0.69768399
 -0.33432525 -0.18536547]"
1747421923.6923869,"[ 0.         -0.36162851  1.13556843  3.03361931 -1.81334639 -0.23514168
  1.37417008  1.58913286]","[ 0.00000000e+00 -1.14521328e-01  1.32462624e-04  1.21543868e-01
 -1.41305182e-03  1.54123085e-04  3.00583735e-01 -2.06887630e-04]","[ 0.         -0.13329414 12.55748653  0.52974927 -6.18477201 -0.68705517
 -0.33383322 -0.19187431]"
1747421923.6940658,"[ 0.         -0.36185382  1.13556896  3.0338558  -1.81334852 -0.23514168
  1.37476557  1.58913286]","[ 0.00000000e+00 -1.13981131e-01  1.59566278e-04  1.19653181e-01
 -1.77928783e-03  1.49034357e-04  2.86573411e-01 -1.81026685e-04]","[ 0.         -0.08666031 12.49023247  0.52040571 -6.23562193 -0.70938653
 -0.33345994 -0.2226944 ]"
1747421923.6959019,"[ 0.         -0.36208072  1.13556656  3.03410374 -1.81334958 -0.23514168
  1.37531831  1.58913192]","[ 0.00000000e+00 -1.10199767e-01 -2.40444305e-04  1.20870396e-01
 -1.59311740e-03  1.15915606e-04  2.77930304e-01 -1.97431149e-04]","[ 0.         -0.0137592  12.46357918  0.46270683 -6.26930523 -0.72047174
 -0.24364348 -0.22430679]"
1747421923.697675,"[ 0.         -0.36218831  1.13556563  3.03422199 -1.81335011 -0.23514168
  1.37558462  1.58913192]","[ 0.00000000e+00 -1.09008818e-01 -3.09105097e-04  1.19923276e-01
 -1.29795176e-03  1.12210717e-04  2.70097482e-01 -1.97084145e-04]","[ 0.          0.02432032 12.40756989  0.47249877 -6.26835823 -0.72160912
 -0.19845024 -0.2533049 ]"
1747421923.6988285,"[ 0.         -0.36240456  1.1355643   3.03446007 -1.81335225 -0.23514061
  1.37612871  1.58913099]","[ 0.00000000e+00 -1.04319682e-01 -3.60527676e-04  1.19923276e-01
 -1.06207827e-03  1.40420939e-04  2.60110161e-01 -2.17144864e-04]","[ 0.          0.02251139 12.27230263  0.46403515 -6.2709465  -0.7303791
 -0.20824541 -0.23369756]"
1747421923.7012079,"[ 0.         -0.36261016  1.13556204  3.03470322 -1.81335544 -0.23514061
  1.37661966  1.58913099]","[ 0.00000000e+00 -1.03717433e-01 -4.63648023e-04  1.17913005e-01
 -1.00307390e-03  1.36188245e-04  2.46058807e-01 -2.12406229e-04]","[ 0.          0.0968352  12.0006485   0.49987194 -6.28798914 -0.71471417
 -0.22791573 -0.22689869]"
1747421923.7029135,"[ 0.         -0.36281841  1.13555831  3.03493731 -1.8133613  -0.23514008
  1.37711048  1.58913006]","[ 0.00000000e+00 -1.01310460e-01 -6.19511282e-04  1.13347340e-01
 -1.34660972e-03  1.47192900e-04  2.37145590e-01 -2.12049195e-04]","[ 0.          0.13193037 11.74485779  0.45363632 -6.29929686 -0.67296749
 -0.22308911 -0.21816739]"
1747421923.704736,"[ 0.         -0.36301496  1.13555325  3.03515596 -1.81336822 -0.23513901
  1.37757946  1.589129  ]","[ 0.00000000e+00 -9.88556741e-02 -7.94815291e-04  1.09659578e-01
 -1.79158103e-03  1.71946271e-04  2.37145590e-01 -2.30581718e-04]","[ 0.          0.24974436 11.39936256  0.44494787 -6.36651659 -0.60134584
 -0.21207029 -0.21821491]"
1747421923.70592,"[ 0.         -0.36311136  1.13555058  3.03526142 -1.81337195 -0.23513795
  1.37783353  1.589129  ]","[ 0.00000000e+00 -9.77752879e-02 -8.83932099e-04  1.06850226e-01
 -2.39898071e-03  1.85895048e-04  2.39233109e-01 -2.25758575e-04]","[ 0.          0.25539592 11.27124786  0.42727417 -6.35507298 -0.57870287
 -0.21547823 -0.25830948]"
1747421923.7076614,"[ 0.         -0.36331057  1.13554406  3.03547261 -1.81338207 -0.23513688
  1.3783101   1.58912806]","[ 0.00000000e+00 -9.77752879e-02 -1.77418231e-03  1.01465689e-01
 -4.02648891e-03  2.09378980e-04  2.43087735e-01 -2.37723018e-04]","[ 0.          0.37198263 10.98887825  0.44648853 -6.35502625 -0.56287634
 -0.2919983  -0.24541524]"
1747421923.7100248,"[ 0.         -0.36350178  1.13553634  3.03566089 -1.81339326 -0.23513688
  1.3787896   1.58912806]","[ 0.00000000e+00 -9.66948934e-02 -3.24668725e-03  9.26434348e-02
 -5.18254841e-03  2.03709424e-04  2.43087735e-01 -2.32595213e-04]","[ 0.          0.49659556 10.70397377  0.47059217 -6.3772788  -0.54362082
 -0.38152716 -0.27226189]"
1747421923.7112079,"[ 0.         -0.36369672  1.13552662  3.03583879 -1.81340551 -0.23513688
  1.37928895  1.58912713]","[ 0.00000000e+00 -9.45341127e-02 -4.45547891e-03  8.52612771e-02
 -6.01844342e-03  1.76890934e-04  2.44168113e-01 -2.39240340e-04]","[ 0.          0.67060274 10.47173691  0.45957044 -6.43181944 -0.53041261
 -0.37966752 -0.25457862]"
1747421923.713003,"[ 0.         -0.36378674  1.13552062  3.03591869 -1.81341243 -0.23513582
  1.37953156  1.58912713]","[ 0.00000000e+00 -9.12929458e-02 -5.17885640e-03  8.10292395e-02
 -6.51998011e-03  2.04104933e-04  2.46058807e-01 -2.38885777e-04]","[ 0.          0.75411296 10.29687214  0.52578759 -6.50170565 -0.53767759
 -0.41872159 -0.25246796]"
1747421923.7147639,"[ 0.         -0.36397263  1.13550504  3.03607049 -1.81342948 -0.23513529
  1.38007764  1.5891262 ]","[ 0.00000000e+00 -8.29221478e-02 -7.83282698e-03  7.60903157e-02
 -8.32237841e-03  2.11961290e-04  2.49840163e-01 -2.54390303e-04]","[ 0.          0.8788563  10.06082058  0.53669155 -6.57398987 -0.53236872
 -0.44822896 -0.25654706]"
1747421923.7164578,"[ 0.         -0.36403867  1.13549492  3.03614452 -1.81343906 -0.23513529
  1.38028603  1.5891262 ]","[ 0.00000000e+00 -7.90974739e-02 -9.58846079e-03  7.50870946e-02
 -9.18331389e-03  2.06882608e-04  2.49711266e-01 -2.34720671e-04]","[ 0.          0.96559465  9.92922401  0.55976838 -6.63554001 -0.50574994
 -0.44364512 -0.27556261]"
1747421923.7182074,"[ 0.         -0.36419793  1.13546736  3.03629553 -1.8134641  -0.23513422
  1.38083584  1.58912527]","[ 0.00000000e+00 -6.92120946e-02 -1.51254588e-02  7.26562194e-02
 -1.25384225e-02  2.07265014e-04  2.49410629e-01 -2.49331630e-04]","[ 0.          1.06896341  9.65650845  0.64067566 -6.7168417  -0.50142956
 -0.54727161 -0.29505461]"
1747421923.7198932,"[ 0.         -0.36432576  1.13543154  3.03643428 -1.81349339 -0.23513316
  1.38132573  1.58912433]","[ 0.00000000e+00 -6.32028089e-02 -1.94470181e-02  6.99552497e-02
 -1.51254588e-02  2.27296817e-04  2.48777562e-01 -2.64396793e-04]","[ 0.          1.1839273   9.51243782  0.64667845 -6.75795698 -0.47039098
 -0.53417242 -0.25408915]"
1747421923.7216024,"[ 0.         -0.3644472   1.13538387  3.03657835 -1.81352908 -0.23513209
  1.38183666  1.58912433]","[ 0.00000000e+00 -5.76767455e-02 -2.48489678e-02  7.02253442e-02
 -1.75537915e-02  2.46794638e-04  2.50016148e-01 -2.59684539e-04]","[ 0.          1.27672994  9.34200001  0.68688792 -6.77592373 -0.44523731
 -0.46927163 -0.28139743]"
1747421923.7239807,"[ 0.         -0.36454468  1.13532741  3.0367171  -1.81356636 -0.23513049
  1.38232934  1.58912433]","[ 0.         -0.04645676 -0.0285876   0.07076554 -0.01890682  0.00027095
  0.24984016 -0.0002548 ]","[ 0.          1.36361051  9.24034977  0.68077683 -6.83080292 -0.43942541
 -0.39794728 -0.25608203]"
1747421923.725102,"[ 0.         -0.36458516  1.13529665  3.03679114 -1.81358447 -0.23513049
  1.38257289  1.5891234 ]","[ 0.         -0.04105482 -0.03133131  0.06971363 -0.01836663  0.00026517
  0.24686909 -0.00026895]","[ 0.          1.36345291  9.1619482   0.69617164 -6.88154221 -0.43186897
 -0.43487331 -0.26502573]"
1747421923.7268283,"[ 0.         -0.3646544   1.13522914  3.03693602 -1.81362176 -0.23513049
  1.38306384  1.5891234 ]","[ 0.         -0.03133131 -0.03538277  0.0742768  -0.01782643  0.00025963
  0.23822597 -0.00025043]","[ 0.          1.40958047  9.05850029  0.66774058 -6.98246479 -0.41721919
 -0.47491047 -0.25253257]"
1747421923.728588,"[ 0.         -0.36470393  1.13514512  3.03709314 -1.81363987 -0.23512943
  1.38351751  1.5891234 ]","[ 0.         -0.02212555 -0.04363371  0.07698592 -0.01834802  0.00027642
  0.22769217 -0.00025042]","[ 0.          1.4372673   8.90633678  0.68126923 -7.0246172  -0.40083826
 -0.47296479 -0.23965102]"
1747421923.7302446,"[ 0.         -0.36472257  1.13503939  3.03725027 -1.81368088 -0.23512836
  1.38397611  1.58912234]","[ 0.         -0.01755379 -0.05726066  0.08102924 -0.02056301  0.00029255
  0.22305665 -0.00026443]","[ 0.          1.41327834  8.84698868  0.61888987 -7.10451984 -0.41251573
 -0.49088797 -0.2212636 ]"
1747421923.7320104,"[ 0.         -0.36473589  1.13497654  3.03733709 -1.81370165 -0.23512836
  1.38419209  1.58912234]","[ 0.         -0.01350487 -0.06374301  0.08175052 -0.0210676   0.0002921
  0.21882712 -0.00026004]","[ 0.          1.38811362  8.86826801  0.61162984 -7.14600134 -0.41438928
 -0.44320408 -0.22158056]"
1747421923.7337103,"[ 0.         -0.36474814  1.13482727  3.03749768 -1.81375278 -0.2351273
  1.38440421  1.58912234]","[ 0.         -0.00432156 -0.07643758  0.08102924 -0.02700975  0.00030757
  0.21499759 -0.0002418 ]","[ 0.          1.30063498  8.92175102  0.57062227 -7.2281785  -0.39226419
 -0.46610177 -0.23025213]"
1747421923.734814,"[ 0.         -0.36474921  1.13474551  3.03757757 -1.81378474 -0.23512676
  1.38462778  1.58912234]","[ 0.         -0.00100307 -0.08283591  0.08102924 -0.03006391  0.00031866
  0.21064551 -0.0002418 ]","[ 0.          1.22667289  9.00871277  0.52849978 -7.23865509 -0.37421799
 -0.44231293 -0.23025213]"
1747421923.7366016,"[ 0.         -0.36474335  1.13454724  3.03774349 -1.81385665 -0.23512463
  1.38502446  1.58912234]","[ 0.          0.00296957 -0.10071409  0.08042095 -0.03889404  0.00034697
  0.19609076 -0.00023816]","[ 0.          1.18521214  9.29426956  0.48102891 -7.2255168  -0.33274019
 -0.48367888 -0.20680885]"
1747421923.7383676,"[ 0.         -0.36474068  1.13444111  3.03782098 -1.81389819 -0.23512357
  1.38520902  1.58912141]","[ 0.          0.00288007 -0.1074988   0.07859836 -0.04213521  0.00036057
  0.1869879  -0.00025138]","[ 0.          1.13433886  9.41251945  0.48672885 -7.19148922 -0.30336314
 -0.46163878 -0.18830422]"
1747421923.7401378,"[ 0.         -0.36474228  1.13420555  3.03797491 -1.8139946  -0.23512091
  1.38557241  1.58912141]","[ 0.          0.00035111 -0.12343455  0.07770926 -0.04861755  0.00039597
  0.17367267 -0.0002474 ]","[ 0.          1.11843026  9.75710964  0.47505802 -7.23304939 -0.25131628
 -0.44271475 -0.17682253]"
1747421923.7418709,"[ 0.         -0.36474495  1.13393458  3.03813231 -1.81410485 -0.23511718
  1.38591289  1.58912047]","[ 0.         -0.00105996 -0.13653085  0.07598284 -0.05828194  0.00044696
  0.16400257 -0.00025988]","[ 0.          1.14619994 10.0283947   0.47186118 -7.274014   -0.19779149
 -0.44004858 -0.18417221]"
1747421923.7447426,"[ 0.         -0.36474495  1.13379276  3.03820475 -1.8141725  -0.23511611
  1.38606989  1.58912047]","[ 0.         -0.00085102 -0.14369186  0.07346651 -0.06369519  0.0004577
  0.15935752 -0.00025585]","[ 0.          1.15078616 10.14918518  0.47396752 -7.29763985 -0.19154793
 -0.48464674 -0.18655114]"
1747421923.7452862,"[ 0.         -0.36474228  1.13347225  3.03836107 -1.81431791 -0.23511398
  1.38637149  1.58912047]","[ 0.          0.         -0.16099335  0.07047606 -0.07670769  0.0004775
  0.149634   -0.00025223]","[ 0.          1.20798635 10.42392254  0.50635034 -7.36081266 -0.19231407
 -0.57342535 -0.1660748 ]"
1747421923.747094,"[ 0.         -0.36474175  1.13313523  3.0384913  -1.81448782 -0.23511345
  1.38666537  1.58911954]","[ 0.00000000e+00  7.54971222e-05 -1.73672674e-01  6.44878924e-02
 -8.52612771e-02  4.78516375e-04  1.40990877e-01 -2.51935153e-04]","[ 0.          1.3386848  10.67909241  0.55843472 -7.42935133 -0.22937007
 -0.6835829  -0.18503954]"
1747421923.7488816,"[ 0.         -0.36474228  1.13277703  3.03861354 -1.81466944 -0.23511345
  1.38693089  1.58911954]","[ 0.          0.00019869 -0.18366629  0.05842905 -0.09507431  0.00045325
  0.13396835 -0.00024814]","[ 0.          1.46909499 10.98753452  0.61819452 -7.51668787 -0.21955618
 -0.70996207 -0.19146189]"
1747421923.7511692,"[ 0.         -0.36474122  1.13238395  3.03871368 -1.81486758 -0.23511238
  1.38719054  1.58911954]","[ 0.          0.00040954 -0.19447018  0.05453898 -0.10209685  0.00046303
  0.12274875 -0.00022817]","[ 0.          1.63623917 11.23306465  0.71255887 -7.5552702  -0.20514064
 -0.72754103 -0.21090318]"
1747421923.752844,"[ 0.         -0.36474015  1.13198168  3.03882606 -1.81509449 -0.23511025
  1.38741798  1.58911861]","[ 0.          0.0004328  -0.20743487  0.04915062 -0.11398113  0.00048849
  0.11290074 -0.00023667]","[ 0.          1.86483967 11.48751545  0.81465381 -7.58812189 -0.22540073
 -0.78969312 -0.20761247]"
1747421923.7545874,"[ 0.         -0.36473855  1.13154093  3.03891395 -1.81533337 -0.23510919
  1.3876301   1.58911768]","[ 0.          0.00048985 -0.21801764  0.0429455  -0.12424484  0.00049802
  0.10047626 -0.00024881]","[ 0.          2.07484865 11.76712418  0.92909968 -7.56650972 -0.20215456
 -0.8559069  -0.20368713]"
1747421923.7563338,"[ 0.         -0.36473749  1.13132095  3.03895389 -1.81547265 -0.23510865
  1.38772238  1.58911768]","[ 0.          0.00052844 -0.22310051  0.04051462 -0.1311519   0.00049864
  0.09345373 -0.00024528]","[ 0.          2.2197845  11.89190006  0.93580025 -7.56368828 -0.17572279
 -0.88008279 -0.18515205]"
1747421923.7580018,"[ 0.         -0.36473642  1.13084797  3.03903139 -1.81574723 -0.23510652
  1.38789921  1.58911768]","[ 0.00000000e+00  5.64528058e-04 -2.32713125e-01  3.76152695e-02
 -1.41927328e-01  5.14891833e-04  8.22520548e-02 -2.29949591e-04]","[ 0.          2.51220417 12.16246891  1.10566545 -7.5016408  -0.20232825
 -0.88614899 -0.21522164]"
1747421923.7597973,"[ 0.         -0.36473429  1.13038232  3.03910409 -1.81605748 -0.23510546
  1.38805341  1.58911674]","[ 0.          0.00062136 -0.23744496  0.03646316 -0.15422261  0.00054689
  0.07616749 -0.00024185]","[ 0.          2.73899508 12.26840591  1.18186307 -7.42489815 -0.19689637
 -0.90772122 -0.21969841]"
1747421923.7614684,"[ 0.         -0.36473216  1.13014543  3.03914058 -1.81621647 -0.23510546
  1.38812571  1.58911674]","[ 0.          0.00070505 -0.24038676  0.03700335 -0.1612482   0.00057247
  0.07346651 -0.00024185]","[ 0.          2.86320877 12.30729675  1.28201783 -7.3901701  -0.22304668
 -0.93131572 -0.22480001]"
1747421923.763155,"[ 0.         -0.3647295   1.12964769  3.03921834 -1.81655336 -0.23510493
  1.38827126  1.58911568]","[ 0.00000000e+00  7.68359685e-04 -2.44438224e-01  3.75798828e-02
 -1.73672674e-01  5.75361844e-04  7.04240160e-02 -2.38257552e-04]","[ 0.          3.14464211 12.38357353  1.32983458 -7.31445551 -0.23285434
 -0.99546188 -0.24150544]"
1747421923.7643259,"[ 0.         -0.3647263   1.12915074  3.03929318 -1.81692781 -0.23510386
  1.38840827  1.58911568]","[ 0.00000000e+00  8.33461230e-04 -2.54972025e-01  3.80837445e-02
 -1.85556964e-01  5.76100846e-04  6.86047607e-02 -2.34769028e-04]","[ 0.          3.33579969 12.26386642  1.40390062 -7.21339941 -0.23268838
 -1.05426705 -0.24603303]"
1747421923.7660954,"[ 0.         -0.36472417  1.12889415  3.03933206 -1.81711556 -0.2351028
  1.38847858  1.58911475]","[ 0.00000000e+00  8.74340298e-04 -2.60110161e-01  3.93942778e-02
 -1.90418714e-01  5.83619334e-04  6.62028724e-02 -2.49706917e-04]","[ 0.          3.48651505 12.25342464  1.3972882  -7.19905281 -0.2145811
 -1.06785095 -0.25839487]"
1747421923.7678485,"[ 0.         -0.36472098  1.12834673  3.03941995 -1.81750305 -0.23510067
  1.38860894  1.58911475]","[ 0.00000000e+00  1.18577677e-03 -2.68744512e-01  4.42959881e-02
 -1.98590325e-01  6.22479835e-04  6.64439800e-02 -2.46354169e-04]","[ 0.          3.72111869 12.10462666  1.39680862 -7.16126776 -0.17759387
 -1.06794584 -0.23689267]"
1747421923.7695212,"[ 0.         -0.36471672  1.12780118  3.03951529 -1.81792969 -0.235098
  1.3887421   1.58911382]","[ 0.00000000e+00  1.63384114e-03 -2.79010699e-01  5.01872291e-02
 -2.12026522e-01  7.00121254e-04  6.44474955e-02 -2.46103084e-04]","[ 0.          3.9621768  12.01540947  1.44479907 -7.15622807 -0.1498711
 -1.07679188 -0.24625215]"
1747421923.7717519,"[ 0.         -0.36471086  1.12721622  3.03956722 -1.81836218 -0.23509321
  1.38887153  1.58911382]","[ 0.00000000e+00  2.04791041e-03 -2.87882188e-01  5.26690081e-02
 -2.21209833e-01  8.07018498e-04  6.64439800e-02 -2.43093520e-04]","[ 0.          4.14155912 11.83720589  1.4808352  -7.11599493 -0.08849721
 -1.09950125 -0.24320696]"
1747421923.7734833,"[ 0.         -0.36470766  1.126927    3.03962288 -1.81858669 -0.23509055
  1.38893625  1.58911382]","[ 0.00000000e+00  2.31838420e-03 -2.93028647e-01  5.24106066e-02
 -2.27692167e-01  8.74560906e-04  6.56336883e-02 -2.39918077e-04]","[ 0.          4.24435186 11.77012253  1.44594669 -7.07597399 -0.09086931
 -1.11080098 -0.25532839]"
1747421923.7751732,"[ 0.         -0.3647002   1.12632766  3.03972754 -1.81907485 -0.23508575
  1.3890722   1.58911288]","[ 0.00000000e+00  3.11116954e-03 -3.06830745e-01  5.32092012e-02
 -2.41737246e-01  9.67372590e-04  6.56336883e-02 -2.39679914e-04]","[ 0.          4.44883966 11.67633438  1.50052059 -6.9851985  -0.07726064
 -1.12804186 -0.26390079]"
1747421923.7769377,"[ 0.         -0.36469008  1.12568397  3.03983966 -1.81956673 -0.23508096
  1.38920256  1.58911195]","[ 0.00000000e+00  4.37126684e-03 -3.17094435e-01  5.51558264e-02
 -2.51460747e-01  1.02749612e-03  6.56336883e-02 -2.47320524e-04]","[ 0.          4.61687756 11.60333538  1.47501171 -6.91408014 -0.08364073
 -1.12079251 -0.25478867]"
1747421923.7786388,"[ 0.         -0.3646773   1.12504708  3.03994699 -1.82009617 -0.23507723
  1.3893272   1.58911102]","[ 0.00000000e+00  5.94214437e-03 -3.24657180e-01  5.40194971e-02
 -2.61454359e-01  1.12603730e-03  5.78008613e-02 -2.57373258e-04]","[ 0.          4.76163101 11.54661465  1.46454346 -6.90746593 -0.08813868
 -1.10200524 -0.29860935]"
1747421923.7798111,"[ 0.         -0.36466878  1.1247219   3.04000158 -1.82035822 -0.23507403
  1.38937953  1.58911102]","[ 0.00000000e+00  7.54215543e-03 -3.29454865e-01  5.14075353e-02
 -2.65506625e-01  1.27014605e-03  5.29391068e-02 -2.54144305e-04]","[ 0.          4.83480692 11.54246044  1.46659267 -6.9242382  -0.06956315
 -1.09812975 -0.29523021]"
1747421923.781495,"[ 0.         -0.36465067  1.12402948  3.04009772 -1.82091589 -0.23506924
  1.38946701  1.58911009]","[ 0.00000000e+00  9.17865960e-03 -3.41943393e-01  4.80773522e-02
 -2.74959232e-01  1.54552549e-03  4.00852100e-02 -2.54144305e-04]","[ 0.          4.98050261 11.3806982   1.4805553  -7.01675272 -0.03711376
 -1.09812975 -0.31442949]"
1747421923.7855713,"[ 0.         -0.36463948  1.12368593  3.04014459 -1.82119179 -0.23506658
  1.3895003   1.58911009]","[ 0.00000000e+00  1.05322757e-02 -3.48425760e-01  4.75371550e-02
 -2.79820999e-01  1.76136585e-03  3.37964609e-02 -2.50995358e-04]","[ 0.          5.02358055 11.25455284  1.450086   -7.00040054 -0.03842316
 -1.11576211 -0.32256252]"
1747421923.787299,"[ 0.         -0.36458143  1.1222212   3.04034113 -1.8223777  -0.23504953
  1.38959644  1.58910902]","[ 0.00000000e+00  1.78445317e-02 -3.73274717e-01  4.94278371e-02
 -3.03859656e-01  2.96536694e-03  1.94470181e-02 -2.47923490e-04]","[ 0.          5.24769163 10.9118576   1.37028682 -7.18568277  0.06326436
 -1.13328373 -0.35374224]"
1747421923.7884383,"[ 0.         -0.36453562  1.12143636  3.0404434  -1.82302032 -0.23503835
  1.3896288   1.58910809]","[ 0.00000000e+00  2.43087727e-02 -3.86183425e-01  5.06552298e-02
 -3.16219021e-01  3.79671428e-03  1.56656540e-02 -2.51679939e-04]","[ 0.          5.3526473  10.89026833  1.3254056  -7.19628143  0.07542707
 -1.1809653  -0.32676467]"
1747421923.7902017,"[ 0.         -0.36450846  1.12104887  3.040494   -1.8233367  -0.23503355
  1.38964105  1.58910716]","[ 0.00000000e+00  2.75499417e-02 -3.92991830e-01  5.12665251e-02
 -3.20875791e-01  4.11993543e-03  1.15353491e-02 -2.64343218e-04]","[ 0.          5.40510035 11.03295612  1.33323848 -7.2253828   0.06673096
 -1.20600486 -0.32151791]"
1747421923.791329,"[ 0.         -0.36444348  1.12025765  3.04060638 -1.82398598 -0.2350229
  1.38965823  1.58910716]","[ 0.00000000e+00  3.25999005e-02 -4.03795742e-01  5.61721344e-02
 -3.31679703e-01  5.02552906e-03  6.75243714e-03 -2.48479724e-04]","[ 0.          5.35698938 11.13819408  1.2867254  -7.2492466   0.06628392
 -1.23031187 -0.3298482 ]"
1747421923.7930987,"[ 0.         -0.36440832  1.11982195  3.04066338 -1.82431941 -0.23501811
  1.38966396  1.58910623]","[ 0.00000000e+00  3.56528652e-02 -4.10257203e-01  5.78008613e-02
 -3.38162037e-01  5.17885640e-03  5.94214437e-03 -2.61222277e-04]","[ 0.          5.35327864 11.08400345  1.27419317 -7.2653327   0.09098525
 -1.21005869 -0.34347522]"
1747421923.7948558,"[ 0.         -0.36433375  1.11899944  3.04077549 -1.82502914 -0.23500959
  1.38967061  1.58910529]","[ 0.00000000e+00  3.83538432e-02 -4.19731465e-01  5.64503723e-02
 -3.49776215e-01  4.79928936e-03  2.70097486e-03 -2.70771231e-04]","[ 0.          5.24992752 11.20359802  1.25509489 -7.335814    0.13403164
 -1.23902881 -0.38765115]"
1747421923.796012,"[ 0.         -0.36429221  1.11857839  3.04083009 -1.82537775 -0.23500479
  1.38967248  1.58910529]","[ 0.00000000e+00  3.91198807e-02 -4.27024099e-01  5.53699820e-02
 -3.53557604e-01  4.73918931e-03  1.89068235e-03 -2.67648128e-04]","[ 0.          5.19319582 11.23859119  1.19927716 -7.40827799  0.14504966
 -1.24156439 -0.35816213]"
1747421923.7978,"[ 0.         -0.36421231  1.11768663  3.04094114 -1.82612024 -0.2349952
  1.38967155  1.58910436]","[ 0.00000000e+00  4.10548170e-02 -4.38193863e-01  5.40194971e-02
 -3.64274331e-01  4.62230930e-03 -5.20148650e-04 -2.67410616e-04]","[ 0.          5.13711071 11.17427158  1.18169153 -7.56859207  0.21159476
 -1.3200047  -0.37990537]"
1747421923.7995045,"[ 0.         -0.36416757  1.11724814  3.04099441 -1.82648483 -0.23499041
  1.38967155  1.58910343]","[ 0.00000000e+00  4.21291029e-02 -4.44580456e-01  5.40194971e-02
 -3.69763439e-01  4.65614289e-03 -3.51108921e-04 -2.73589283e-04]","[ 0.          5.12298775 11.11617851  1.15486252 -7.60648108  0.2370213
 -1.35212839 -0.40317839]"
1747421923.8006759,"[ 0.         -0.36407383  1.11632562  3.04109907 -1.82723504 -0.23498029
  1.38967155  1.58910236]","[ 0.00000000e+00  4.91577426e-02 -4.52637084e-01  5.01536899e-02
 -3.84078596e-01  4.68082135e-03 -2.64925248e-04 -2.82916946e-04]","[ 0.          5.03594685 10.99658585  1.12119687 -7.75421476  0.29995975
 -1.3773421  -0.38205159]"
1747421923.8024008,"[ 0.         -0.36396464  1.11541369  3.04119095 -1.82804064 -0.2349707
  1.38967061  1.58910143]","[ 0.00000000e+00  5.72606640e-02 -4.65107868e-01  4.61398734e-02
 -3.96503108e-01  4.88443354e-03 -2.12755037e-04 -2.79525967e-04]","[ 0.          4.86897039 11.00110722  1.06141758 -7.86874437  0.31325313
 -1.40396082 -0.40175089]"
1747421923.8041425,"[ 0.         -0.36390072  1.11494943  3.04123596 -1.82843825 -0.2349707
  1.38967061  1.58910143]","[ 0.00000000e+00  6.01844321e-02 -4.70779902e-01  4.56464729e-02
 -4.02846957e-01  4.88443354e-03 -1.77751455e-04 -2.76446524e-04]","[ 0.          4.80066872 11.03730488  1.02084625 -7.9186902   0.31325313
 -1.41064405 -0.38897911]"
1747421923.8059216,"[ 0.         -0.36377183  1.11397092  3.0413305  -1.82927955 -0.23496378
  1.38966968  1.58909957]","[ 0.00000000e+00  6.75929218e-02 -4.80503403e-01  4.66429321e-02
 -4.14269488e-01  4.45369896e-03 -2.64239936e-04 -2.94265451e-04]","[ 0.          4.61962461 11.00873566  0.99265665 -7.96255112  0.34601843
 -1.44545376 -0.41380525]"
1747421923.8070078,"[ 0.         -0.36370152  1.11349016  3.04137684 -1.82969447 -0.23496112
  1.38966968  1.58909864]","[ 0.00000000e+00  7.12334838e-02 -4.87525959e-01  4.69969619e-02
 -4.20811876e-01  4.15175345e-03 -2.31838413e-04 -3.02737795e-04]","[ 0.          4.54353189 11.0438261   0.98196572 -7.92589045  0.35762507
 -1.46528935 -0.45736858]"
1747421923.808766,"[ 0.         -0.36354439  1.11247396  3.04147058 -1.8305789  -0.23495526
  1.38966875  1.5890977 ]","[ 0.00000000e+00  7.77880725e-02 -4.98026171e-01  4.74889892e-02
 -4.34832521e-01  3.54836463e-03 -2.94989043e-04 -3.07388347e-04]","[ 0.          4.32203865 11.01865768  0.95344454 -7.97774553  0.38762805
 -1.50435865 -0.45312858]"
1747421923.8113406,"[ 0.         -0.36338833  1.11147707  3.04156832 -1.83145322 -0.2349478
  1.38966675  1.58909571]","[ 0.00000000e+00  7.94086560e-02 -5.07243072e-01  4.78072536e-02
 -4.46201023e-01  3.24637620e-03 -4.75140253e-04 -3.20676389e-04]","[ 0.          4.09982109 11.02377701  0.88749391 -7.95625496  0.44811916
 -1.56280947 -0.48836729]"
1747421923.8131058,"[ 0.         -0.36321895  1.1103401   3.04166899 -1.83238852 -0.23493715
  1.38966582  1.58909477]","[ 0.00000000e+00  8.31900202e-02 -5.19678669e-01  5.21288109e-02
 -4.60410885e-01  3.70895350e-03 -4.85736558e-04 -3.18129319e-04]","[ 0.          3.88816309 10.9875021   0.79874271 -7.99364328  0.50804973
 -1.5875349  -0.46895105]"
1747421923.8141465,"[ 0.         -0.3631364   1.10990155  3.04172678 -1.83285005 -0.23493076
  1.38966489  1.58909384]","[ 0.00000000e+00  8.37302174e-02 -5.25296541e-01  5.44167575e-02
 -4.68078924e-01  4.01185088e-03 -5.51973360e-04 -3.25667671e-04]","[ 0.          3.73286033 10.93156528  0.70130044 -8.07322216  0.56171077
 -1.60121667 -0.46969774]"
1747421923.8159382,"[ 0.         -0.36296009  1.10877103  3.04184023 -1.83379201 -0.23491424
  1.38966302  1.58909198]","[ 0.00000000e+00  8.72674280e-02 -5.34504387e-01  5.86111530e-02
 -4.80286389e-01  5.81327858e-03 -6.07247802e-04 -3.38074419e-04]","[ 0.          3.53710413 10.93704987  0.57895017 -8.14809418  0.64151561
 -1.62591136 -0.47077069]"
1747421923.8176823,"[ 0.         -0.36278006  1.10765843  3.04195687 -1.83479469 -0.23489613
  1.38966009  1.58909011]","[ 0.00000000e+00  9.23733403e-02 -5.46173693e-01  5.96915434e-02
 -4.93468104e-01  8.19270483e-03 -7.12075180e-04 -3.49732641e-04]","[ 0.          3.31532526 10.8861599   0.42435917 -8.14881516  0.69648647
 -1.70035231 -0.49833229]"
1747421923.8195462,"[ 0.         -0.36268739  1.10711615  3.04202292 -1.83528897 -0.2348743
  1.38965637  1.58908812]","[ 0.00000000e+00  9.38986908e-02 -5.49918464e-01  6.21905789e-02
 -5.01300927e-01  1.03542996e-02 -8.40765288e-04 -3.79522724e-04]","[ 0.          3.22404456 10.99244976  0.38827553 -8.10628605  0.76289505
 -1.75384104 -0.46747088]"
1747421923.820668,"[ 0.         -0.36248712  1.10601726  3.04215155 -1.83629485 -0.23486205
  1.38965437  1.58908718]","[ 0.00000000e+00  9.88556741e-02 -5.59641998e-01  6.56336883e-02
 -5.13185217e-01  1.12317831e-02 -8.95133175e-04 -3.96212701e-04]","[ 0.          2.98179507 10.98842144  0.25439638 -8.05467224  0.77107418
 -1.77416384 -0.48958507]"
1747421923.8223734,"[ 0.         -0.36228685  1.10485366  3.04228577 -1.83736757 -0.23483541
  1.38965064  1.58908532]","[ 0.00000000e+00  1.02096849e-01 -5.71526288e-01  6.49490312e-02
 -5.27230262e-01  1.35048743e-02 -9.84999648e-04 -4.24010681e-04]","[ 0.          2.74146652 10.98147202  0.05441234 -7.98096561  0.84248173
 -1.77701008 -0.53780371]"
1747421923.824211,"[ 0.         -0.36217553  1.10428521  3.04234942 -1.83789381 -0.2348205
  1.38964971  1.58908346]","[ 0.00000000e+00  1.04821213e-01 -5.75803990e-01  6.45532979e-02
 -5.33712596e-01  1.48478315e-02 -9.89260315e-04 -4.49328624e-04]","[ 0.          2.60787034 10.90471077 -0.03398412 -7.92710066  0.90206325
 -1.80166924 -0.48691362]"
1747421923.8258362,"[ 0.         -0.36195821  1.1032254   3.04247725 -1.83900408 -0.23478428
  1.38964585  1.58908053]","[ 0.00000000e+00  1.10739964e-01 -5.84682037e-01  6.52973643e-02
 -5.44669107e-01  1.76850541e-02 -1.05983278e-03 -5.26775084e-04]","[ 0.          2.4147203  10.96507168 -0.15694162 -7.82211924  0.97101659
 -1.87285459 -0.51650041]"
1747421923.8269658,"[ 0.         -0.36184689  1.10250768  3.0425441  -1.83954736 -0.23476511
  1.38964305  1.58907866]","[ 0.00000000e+00  1.12900745e-01 -5.91204185e-01  6.29428844e-02
 -5.50998842e-01  1.94470181e-02 -1.13483965e-03 -5.73723636e-04]","[ 0.          2.37339306 11.02700615 -0.2172616  -7.87635279  1.03034091
 -1.90848637 -0.5678919 ]"
1747421923.8287668,"[ 0.         -0.36160721  1.1013253   3.04266314 -1.84065364 -0.2347177
  1.38963546  1.5890748 ]","[ 0.          0.1177625  -0.60204725  0.05969154 -0.56453609  0.02407377
 -0.00133738 -0.00068958]","[ 0.          2.17364335 10.97160149 -0.3289175  -7.89194298  1.09604168
 -1.9740243  -0.53279901]"
1747421923.8304284,"[ 0.         -0.3614895   1.10072649  3.0427196  -1.84126004 -0.23469267
  1.3896316   1.589072  ]","[ 0.          0.11926213 -0.6065639   0.05726066 -0.57046262  0.02538916
 -0.00148997 -0.00077307]","[ 0.          2.05752778 10.97496986 -0.38265532 -7.84697962  1.14424396
 -2.00561619 -0.53375143]"
1747421923.8315613,"[ 0.         -0.36124342  1.09946462  3.04283438 -1.8424036  -0.23463088
  1.38962401  1.58906535]","[ 0.          0.12640562 -0.61933349  0.05541983 -0.58260024  0.03159683
 -0.00218726 -0.00104774]","[ 0.          1.89380801 11.17264462 -0.4960351  -7.88134384  1.18904769
 -2.01413965 -0.51540476]"
1747421923.8333068,"[ 0.         -0.3609771   1.09823357  3.04293772 -1.84361721 -0.23456217
  1.38961442  1.58905576]","[ 0.          0.13126738 -0.62554578  0.05072688 -0.5953243   0.03511267
 -0.00315729 -0.00157874]","[ 0.          1.73117793 11.38727188 -0.66596651 -7.76882935  1.24685109
 -2.07317257 -0.5294202 ]"
1747421923.835903,"[ 0.         -0.36084768  1.09756359  3.04298459 -1.84421083 -0.23452436
  1.38960883  1.58904817]","[ 0.          0.13126738 -0.63093342  0.04753715 -0.60204725  0.03835384
 -0.00370284 -0.00210389]","[ 0.          1.64153576 11.47883797 -0.70831478 -7.81117153  1.27063763
 -2.10045862 -0.56748003]"
1747421923.8376145,"[ 0.         -0.36057816  1.09630864  3.04307194 -1.84541404 -0.23443807
  1.38959551  1.5890234 ]","[ 0.          0.13202853 -0.63732388  0.04051462 -0.61339138  0.04429599
 -0.0051338  -0.00514551]","[ 0.          1.47888422 11.78663158 -0.78397554 -7.75494719  1.32891691
 -2.21398759 -0.54418117]"
1747421923.8387325,"[ 0.         -0.36031291  1.0956768   3.04314198 -1.84669103 -0.23433687
  1.38957554  1.5889712 ]","[ 0.          0.13612913 -0.6406712   0.03376219 -0.62635605  0.05293911
 -0.00776556 -0.02194431]","[ 0.          1.27116776 11.91235542 -0.85850835 -7.82479811  1.40335369
 -2.30312538 -0.58517843]"
1747421923.8405015,"[ 0.         -0.36003861  1.09435155  3.04320137 -1.84799145 -0.2342133
  1.3895517   1.58890169]","[ 0.          0.13976874 -0.64877414  0.02700975 -0.6371043   0.06266262
 -0.01125026 -0.03565287]","[ 0.          1.09662688 11.95316696 -0.93455791 -8.03011417  1.47915065
 -2.31720257 -0.53834146]"
1747421923.8421485,"[ 0.         -0.35989     1.09371053  3.04322294 -1.84862794 -0.23414779
  1.38953652  1.58886454]","[ 0.          0.14006069 -0.64946589  0.0218779  -0.64553294  0.06644398
 -0.01281548 -0.03781365]","[ 0.          1.00808382 11.90533161 -0.95836526 -8.10457993  1.50425494
 -2.3672471  -0.54825747]"
1747421923.8432434,"[ 0.         -0.35961197  1.09237062  3.04325037 -1.84991691 -0.23400504
  1.38950124  1.58877799]","[ 0.          0.14084803 -0.65601028  0.01028151 -0.65687707  0.07346651
 -0.01782643 -0.04313217]","[ 0.          0.91584092 11.92569447 -1.01457381 -8.32913208  1.5147444
 -2.42295933 -0.53600585]"
1747421923.8450189,"[ 0.         -0.3594591   1.09172134  3.0432541  -1.85057152 -0.23392408
  1.38948033  1.58873525]","[ 0.          0.14394109 -0.65849767  0.00377753 -0.66389963  0.07623361
 -0.0210676  -0.0432156 ]","[ 0.          0.86702162 11.96271324 -1.00310969 -8.42862606  1.55068564
 -2.46196175 -0.56207407]"
1747421923.846785,"[ 0.         -0.35917148  1.09041307  3.04324691 -1.85194997 -0.23376323
  1.38942986  1.58864869]","[ 0.          0.14693302 -0.66416967 -0.00364632 -0.675369    0.08427041
 -0.02507684 -0.0432156 ]","[ 0.          0.81891948 11.98619652 -0.97921705 -8.61251163  1.58253455
 -2.55319142 -0.57745695]"
1747421923.8485024,"[ 0.         -0.35902447  1.089705    3.04323998 -1.85262135 -0.23367587
  1.38940323  1.58860395]","[ 0.          0.14909381 -0.66679335 -0.00477172 -0.68091576  0.08859198
 -0.02700975 -0.0421291 ]","[ 0.          0.7830618  11.86550522 -0.96150106 -8.70602894  1.57822227
 -2.58669925 -0.55700707]"
1747421923.8502102,"[ 0.         -0.35871768  1.0883844   3.043228   -1.85403629 -0.23347507
  1.38934424  1.58852499]","[ 0.          0.15096262 -0.67065201 -0.00585167 -0.69362557  0.10037446
 -0.02998082 -0.03943423]","[ 0.          0.74452215 11.93290901 -0.90456295 -8.62916565  1.57577157
 -2.60802364 -0.59772384]"
1747421923.8518827,"[ 0.         -0.358421    1.08700362  3.0432256  -1.8554198  -0.23325137
  1.38927873  1.58844989]","[ 0.          0.15125458 -0.67531946 -0.00116976 -0.70414412  0.1113412
 -0.03183921 -0.03754355]","[ 0.          0.76664418 11.94762421 -0.87044817 -8.54630089  1.57378781
 -2.60449576 -0.60268211]"
1747421923.8535743,"[ 0.         -0.35827187  1.08633503  3.04322747 -1.85617321 -0.23313632
  1.38924637  1.58841087]","[ 0.          0.15125458 -0.67794467  0.00090982 -0.70942397  0.11668211
 -0.03295189 -0.03661219]","[ 0.          0.78711313 12.05910683 -0.87752163 -8.45144081  1.57418907
 -2.60474324 -0.61444557]"
1747421923.8552318,"[ 0.         -0.35796294  1.08499007  3.04323199 -1.85758815 -0.23289397
  1.38918445  1.58834323]","[ 0.          0.15110134 -0.68226625  0.00158955 -0.72027016  0.12424484
 -0.02959068 -0.03376219]","[ 0.          0.80046368 11.8156538  -0.87700301 -8.47132778  1.58326375
 -2.62016654 -0.63805538]"
1747421923.85688,"[ 0.         -0.3576652   1.08358312  3.0432312  -1.85902386 -0.23262765
  1.38913412  1.58828144]","[ 0.          0.15125458 -0.68771188  0.00111719 -0.7311539   0.13127906
 -0.02401432 -0.02892977]","[ 0.          0.78132582 11.57742214 -0.88316965 -8.46638489  1.61876714
 -2.65094423 -0.64163613]"
1747421923.8580027,"[ 0.         -0.35750381  1.08290075  3.04322986 -1.8598063  -0.23249609
  1.38911215  1.58825574]","[ 0.00000000e+00  1.51965681e-01 -6.91989719e-01  4.78698850e-04
 -7.36757723e-01  1.33428149e-01 -2.21479940e-02 -2.59293582e-02]","[ 0.          0.79849064 11.46433735 -0.8575089  -8.50352478  1.64125645
 -2.69142628 -0.64230651]"
1747421923.8597803,"[ 0.         -0.35720607  1.08152823  3.043228   -1.86127583 -0.23222978
  1.38907793  1.58820728]","[ 0.00000000e+00  1.51254584e-01 -6.97661786e-01 -3.51051055e-04
 -7.47629812e-01  1.28894991e-01 -1.45852636e-02 -2.33214660e-02]","[ 0.          0.8266781  11.1424675  -0.8939175  -8.54179478  1.69328046
 -2.7166605  -0.62055606]"
1747421923.8615746,"[ 0.         -0.35705746  1.08078248  3.043228   -1.86202018 -0.23210408
  1.38906461  1.5881853 ]","[ 0.00000000e+00  1.50561696e-01 -7.02151676e-01 -3.01988489e-04
 -7.53394291e-01  1.27486012e-01 -1.35048743e-02 -2.21479940e-02]","[ 0.          0.83625883 10.98630238 -0.90733975 -8.49727345  1.70164657
 -2.71883988 -0.64665699]"
1747421923.862749,"[ 0.         -0.35674108  1.07938978  3.0432288  -1.86357946 -0.23185214
  1.38904557  1.58814349]","[ 0.00000000e+00  1.55576145e-01 -7.07385320e-01 -3.97437294e-04
 -7.65345359e-01  1.27615442e-01 -8.63436201e-03 -2.10676037e-02]","[ 0.          0.86286265 10.75636768 -0.92669529 -8.50109482  1.745368
 -2.74990797 -0.68400824]"
1747421923.8649738,"[ 0.         -0.35642949  1.07792817  3.043228   -1.86510599 -0.23159541
  1.38903039  1.58810448]","[ 0.00000000e+00  1.58817312e-01 -7.15693184e-01 -5.01481361e-04
 -7.76800348e-01  1.24244837e-01 -6.75243714e-03 -1.88076348e-02]","[ 0.          0.89384061 10.6615572  -0.99090302 -8.59393311  1.80135977
 -2.76624727 -0.68630242]"
1747421923.8667514,"[ 0.         -0.35610299  1.0765079   3.04322693 -1.8667148  -0.23134508
  1.38901521  1.58807119]","[ 0.00000000e+00  1.60978101e-01 -7.22240632e-01 -5.08421639e-04
 -7.88414526e-01  1.28566399e-01 -7.69777819e-03 -1.64759457e-02]","[ 0.          0.9146381  10.54969215 -1.03980827 -8.67103386  1.84706664
 -2.81030607 -0.72055364]"
1747421923.8685017,"[ 0.         -0.3559432   1.07573738  3.04322667 -1.86750017 -0.2312034
  1.38900562  1.58805414]","[ 0.00000000e+00  1.61894295e-01 -7.25473177e-01 -4.88816489e-04
 -7.96517460e-01  1.33408824e-01 -8.16328262e-03 -1.60491814e-02]","[ 0.          0.93343174 10.55632782 -1.07426059 -8.6746254   1.89043808
 -2.85575819 -0.70992821]"
1747421923.869693,"[ 0.         -0.35560498  1.07429735  3.04322614 -1.8691476  -0.23093015
  1.38898285  1.58802365]","[ 0.00000000e+00  1.65507189e-01 -7.31964166e-01 -3.09130715e-04
 -8.07223701e-01  1.39229088e-01 -1.07088225e-02 -1.53955564e-02]","[ 0.          0.96320212 10.57300568 -1.15336752 -8.52610397  1.87640846
 -2.88440919 -0.7206943 ]"
1747421923.8714664,"[ 0.         -0.35527954  1.07278707  3.0432256  -1.87075722 -0.23063082
  1.38895049  1.58798943]","[ 0.00000000e+00  1.65299662e-01 -7.39265422e-01 -1.99970385e-04
 -8.18395329e-01  1.47451856e-01 -1.58567909e-02 -1.66366331e-02]","[ 0.          0.94088459 10.60555363 -1.21331644 -8.36592865  1.89209747
 -2.87115908 -0.73383552]"
1747421923.8731072,"[ 0.         -0.35511655  1.07205516  3.0432248  -1.87157028 -0.23048061
  1.38892959  1.58797225]","[ 0.00000000e+00  1.65132166e-01 -7.42227856e-01 -2.46360866e-04
 -8.23772118e-01  1.52334978e-01 -1.91769216e-02 -1.71649055e-02]","[ 0.          0.93958098 10.44675922 -1.26292419 -8.39588833  1.91318309
 -2.8764739  -0.76077813]"
1747421923.8760815,"[ 0.         -0.35477514  1.0705825   3.04322347 -1.8732771  -0.23016956
  1.38887726  1.58793803]","[ 0.00000000e+00  1.66510252e-01 -7.47681810e-01 -3.01423022e-04
 -8.35811270e-01  1.58656407e-01 -2.75845316e-02 -1.72862385e-02]","[ 0.          1.01396465 10.38502789 -1.30575442 -8.4467783   1.97620392
 -2.93412066 -0.7998727 ]"
1747421923.8784034,"[ 0.         -0.35427925  1.06828519  3.04322054 -1.87578287 -0.22966782
  1.38877832  1.58787811]","[ 0.00000000e+00  1.68540829e-01 -7.61944969e-01 -4.36865114e-04
 -8.51833779e-01  1.70161413e-01 -3.67332556e-02 -2.02573099e-02]","[ 0.          1.07151783 10.28047466 -1.39250243 -8.34871578  2.10889244
 -3.01329803 -0.78104442]"
1747421923.8801699,"[ 0.         -0.35393358  1.06671613  3.04321841 -1.87754401 -0.22931415
  1.38868791  1.58783337]","[ 0.00000000e+00  1.69449350e-01 -7.67351519e-01 -5.03512411e-04
 -8.62087083e-01  1.82045703e-01 -4.64567646e-02 -2.32283823e-02]","[ 0.          1.10152793 10.36398697 -1.45330369 -8.37434578  2.19139051
 -3.04636383 -0.76819807]"
1747421923.8824847,"[ 0.         -0.35359589  1.06519439  3.04321522 -1.87925909 -0.22891734
  1.38857752  1.58777824]","[ 0.00000000e+00  1.71241807e-01 -7.73315069e-01 -6.06153604e-04
 -8.72414821e-01  1.98791743e-01 -5.88215927e-02 -2.81186556e-02]","[ 0.          1.17909229 10.56189346 -1.51706088 -8.39456177  2.20199633
 -3.09506559 -0.79152125]"
1747421923.884284,"[ 0.         -0.35323796  1.06366388  3.04321282 -1.88105779 -0.22848537
  1.38844156  1.58771073]","[ 0.00000000e+00  1.75563352e-01 -7.77340503e-01 -6.58226466e-04
 -8.80787867e-01  2.14156268e-01 -6.89613247e-02 -3.40724268e-02]","[ 0.          1.21725309 10.80187702 -1.53514647 -8.54347134  2.17718911
 -3.10665011 -0.80094767]"
1747421923.8859935,"[ 0.         -0.35287843  1.06206498  3.04321096 -1.88280908 -0.22803636
  1.3882855   1.58762977]","[ 0.00000000e+00  1.75372786e-01 -7.81121926e-01 -6.80843309e-04
 -8.90148745e-01  2.31743634e-01 -8.29199257e-02 -4.26754004e-02]","[ 0.          1.31321526 10.93309879 -1.52585208 -8.85590172  2.14487314
 -3.15516996 -0.83631027]"
1747421923.888314,"[ 0.         -0.35253169  1.06052354  3.04320962 -1.88464453 -0.22754634
  1.38808377  1.58753949]","[ 0.00000000e+00  1.76282339e-01 -7.82742459e-01 -7.94841623e-04
 -8.99424601e-01  2.42470647e-01 -9.48462934e-02 -4.72670564e-02]","[ 0.          1.3606894  11.12841606 -1.54505241 -9.21544266  2.09552741
 -3.19609094 -0.8129105 ]"
1747421923.8902202,"[ 0.         -0.35216364  1.05891819  3.04320856 -1.88642965 -0.22705579
  1.38787258  1.58743483]","[ 0.00000000e+00  1.80051761e-01 -7.83400659e-01 -8.77614504e-04
 -9.06608012e-01  2.49570069e-01 -1.11394086e-01 -5.18587164e-02]","[ 0.          1.43492758 11.20174122 -1.50654042 -9.49298573  2.1587131
 -3.23831034 -0.85504591]"
1747421923.892505,"[ 0.         -0.35180518  1.05737023  3.04320776 -1.88843927 -0.22652688
  1.38761585  1.58731299]","[ 0.00000000e+00  1.81321606e-01 -7.84903281e-01 -8.91574578e-04
 -9.16170625e-01  2.60799204e-01 -1.30901134e-01 -5.65976576e-02]","[ 0.          1.49960732 11.37679386 -1.52649331 -9.74411774  2.15543509
 -3.24320483 -0.8477602 ]"
1747421923.8942528,"[ 0.         -0.35143766  1.05576354  3.04320643 -1.89032772 -0.22598839
  1.38732943  1.58719501]","[ 0.00000000e+00  1.87987848e-01 -7.84363059e-01 -8.95133175e-04
 -9.22961952e-01  2.76299584e-01 -1.50714395e-01 -6.07719338e-02]","[ 0.          1.57228732 11.58386517 -1.51752722 -9.88415337  2.18003988
 -3.26677704 -0.86344099]"
1747421923.8966737,"[ 0.         -0.35101315  1.05421611  3.04320456 -1.89216051 -0.22540037
  1.38699547  1.58706371]","[ 0.00000000e+00  1.92849598e-01 -7.84377840e-01 -8.85016154e-04
 -9.30485781e-01  2.88383728e-01 -1.68000624e-01 -6.56336883e-02]","[ 0.          1.61205876 11.74082184 -1.47906387 -9.91821003  2.15608644
 -3.28216505 -0.86897618]"
1747421923.9002712,"[ 0.         -0.35060942  1.05261076  3.0432027  -1.89400688 -0.22481447
  1.3866398   1.58692483]","[ 0.00000000e+00  1.98608617e-01 -7.83902199e-01 -8.70265843e-04
 -9.38048560e-01  2.99268000e-01 -1.83126081e-01 -7.23127798e-02]","[ 0.          1.65990639 11.68824196 -1.4614712  -9.98919487  2.15014553
 -3.26986122 -0.91354495]"
1747421923.9034371,"[ 0.         -0.3500182   1.05023122  3.04320004 -1.89687217 -0.22386479
  1.38604232  1.58668035]","[ 0.00000000e+00  2.00412326e-01 -7.85645105e-01 -7.97228000e-04
 -9.48312249e-01  3.20335602e-01 -2.03653493e-01 -8.40003119e-02]","[ 0.          1.71267843 11.42451    -1.4467485  -9.92201042  2.15745544
 -3.30330253 -0.91002822]"
1747421923.908984,"[ 0.         -0.34900779  1.04629228  3.04319391 -1.90167252 -0.22223547
  1.38515948  1.58622002]","[ 0.00000000e+00  2.04193699e-01 -7.87345866e-01 -8.47845161e-04
 -9.65429584e-01  3.26817936e-01 -2.30663240e-01 -9.93958714e-02]","[ 0.          1.89855301 10.94700623 -1.31728458 -9.77270603  2.31921339
 -3.32669592 -0.8353194 ]"
1747421923.912767,"[ 0.         -0.34816837  1.0423235   3.04319072 -1.90559083 -0.22055661
  1.38392564  1.58578433]","[ 0.00000000e+00  2.11216222e-01 -7.95170766e-01 -8.95133175e-04
 -9.79913652e-01  3.42483615e-01 -2.51730841e-01 -1.11707058e-01]","[ 0.          2.03774619 10.1662817  -1.23144197 -9.46473694  2.3741138
 -3.20080614 -0.8149783 ]"
1747421923.9156797,"[ 0.         -0.34729005  1.03909681  3.04318938 -1.90956427 -0.21915046
  1.3828954   1.58533426]","[ 0.00000000e+00  2.15660871e-01 -8.06511039e-01 -7.97228000e-04
 -9.94498920e-01  3.54908093e-01 -2.61189457e-01 -1.12900745e-01]","[ 0.          2.14507437  9.88527489 -1.22179401 -9.34341908  2.2853353
 -3.31919384 -0.77681172]"
1747421923.918669,"[ 0.         -0.34664184  1.03663186  3.04318699 -1.9126     -0.21807082
  1.38209725  1.58499084]","[ 0.00000000e+00  2.22020133e-01 -8.15499008e-01 -7.81607286e-04
 -1.00422239e+00  3.56349896e-01 -2.63345037e-01 -1.11707058e-01]","[ 0.          2.33420873  9.75292683 -1.27429152 -9.71156502  2.44173026
 -3.33763909 -0.78375793]"
1747421923.9216485,"[ 0.         -0.34595847  1.03420872  3.04318379 -1.9156645  -0.21696401
  1.38132001  1.58466274]","[ 0.00000000e+00  2.27422073e-01 -8.20556151e-01 -8.08204827e-04
 -1.01232532e+00  3.71137331e-01 -2.52811236e-01 -1.06958600e-01]","[  0.           2.33988547   9.89890862  -1.40504026 -10.19916153
   2.45812321  -3.19745636  -0.76016319]"
1747421923.9245849,"[ 0.         -0.345257    1.03171213  3.0431774  -1.91876229 -0.21584068
  1.3805638   1.5843421 ]","[ 0.00000000e+00  2.32283823e-01 -8.23797284e-01 -9.19436276e-04
 -1.02438917e+00  3.82998218e-01 -2.47490756e-01 -1.03162979e-01]","[  0.           2.35569906  10.12337494  -1.50303328 -10.63479233
   2.55460668  -3.24370694  -0.7498672 ]"
1747421923.926808,"[ 0.         -0.34455286  1.02921822  3.04316914 -1.92189257 -0.21463907
  1.37984075  1.58404249]","[ 0.          0.23299527 -0.82163653 -0.00140064 -1.03592452  0.40136484
 -0.24200734 -0.09939587]","[  0.           2.43154764  10.55205441  -1.5747813  -11.33731174
   2.69981742  -3.28323984  -0.78208554]"
1747421923.9306948,"[ 0.         -0.3440916   1.02753943  3.04316275 -1.92394827 -0.2138561
  1.37935566  1.58383689]","[ 0.          0.23444461 -0.81850825 -0.00244868 -1.04446695  0.39596289
 -0.23647466 -0.10047626]","[  0.           2.46681023  10.66169071  -1.65865993 -11.60711002
   2.70505953  -3.30362868  -0.78444928]"
1747421923.9324872,"[ 0.         -0.34313712  1.02426314  3.04314704 -1.9282008  -0.21221719
  1.37841756  1.58344687]","[ 0.          0.24038676 -0.81248984 -0.00371994 -1.06553455  0.4047403
 -0.23255393 -0.09183314]","[  0.           2.62954736  10.67295837  -1.69809461 -11.82524776
   2.72306848  -3.31223655  -0.78131074]"
1747421923.934675,"[ 0.         -0.34263964  1.02266191  3.04313852 -1.93031588 -0.2114193
  1.37796482  1.58327377]","[ 0.          0.24324541 -0.81137284 -0.00417257 -1.07525808  0.4051462
 -0.22935023 -0.08688327]","[  0.           2.66890907  10.44626427  -1.64659464 -11.73196411
   2.73956537  -3.33483553  -0.79286605]"
1747421923.9364069,"[ 0.         -0.34239836  1.0218625   3.04313426 -1.93146158 -0.21101876
  1.37772407  1.58318335]","[ 0.          0.24470832 -0.81083262 -0.00437127 -1.07880594  0.40622661
 -0.22669468 -0.08526128]","[  0.           2.71029425  10.20969963  -1.58577228 -11.51410007
   2.62575316  -3.34272242  -0.78791505]"
1747421923.9381413,"[ 0.         -0.34191207  1.02020388  3.04312547 -1.93360036 -0.21017561
  1.37728265  1.58302263]","[ 0.          0.24686909 -0.80947068 -0.00430108 -1.08469173  0.41216875
 -0.22391081 -0.07994885]","[  0.           2.7051723    9.88462734  -1.56468499 -11.05361366
   2.50897503  -3.32138371  -0.78636533]"
1747421923.9398248,"[ 0.         -0.34140447  1.01860406  3.04311721 -1.93575406 -0.20936334
  1.37683657  1.58286471]","[ 0.          0.24775924 -0.81272333 -0.0042388  -1.09389475  0.41108834
 -0.22688188 -0.07623361]","[  0.           2.80869293   9.42791843  -1.48914826 -10.69700909
   2.45434976  -3.20270014  -0.77354026]"
1747421923.9415097,"[ 0.         -0.34115786  1.01779912  3.04311268 -1.93692052 -0.20892872
  1.37659116  1.58279054]","[ 0.          0.24985686 -0.81623457 -0.0042388  -1.09836586  0.40925412
 -0.23099101 -0.07501102]","[  0.           2.79262185   9.1763792   -1.47702718 -10.32083321
   2.50897527  -3.18300819  -0.78238535]"
1747421923.9432912,"[ 0.         -0.34065878  1.01611527  3.0431039  -1.93909979 -0.20811059
  1.37612018  1.582645  ]","[ 0.          0.25281124 -0.82433751 -0.00437235 -1.10739964  0.4164903
 -0.24176213 -0.07346651]","[ 0.          2.79996777  8.84519958 -1.39391708 -9.98381138  2.51361966
 -3.16184282 -0.7518726 ]"
1747421923.9444447,"[ 0.         -0.34013414  1.01447409  3.04309537 -1.94138238 -0.20724293
  1.37559607  1.5824908 ]","[ 0.          0.25739385 -0.83406097 -0.0043201  -1.11572148  0.4253033
 -0.25929357 -0.07616749]","[ 0.          2.88087177  8.594491   -1.3152827  -9.75582695  2.53847861
 -3.15806246 -0.70951408]"
1747421923.9461396,"[ 0.         -0.33987954  1.01358147  3.04308978 -1.94248813 -0.20681949
  1.37533921  1.5824129 ]","[ 0.          0.25795157 -0.84057587 -0.00465066 -1.12144475  0.429455
 -0.26037396 -0.07886847]","[ 0.          2.93746829  8.65551472 -1.29154313 -9.79471493  2.43193936
 -3.14146471 -0.73168844]"
1747421923.9474962,"[ 0.         -0.33934531  1.0119082   3.04307913 -1.9447124  -0.20595503
  1.37478261  1.5822378 ]","[ 0.          0.26180227 -0.85134722 -0.00535441 -1.12981773  0.43971869
 -0.27509301 -0.08676589]","[ 0.          3.00529075  8.57759666 -1.21491313 -9.82221699  2.52279091
 -3.09330225 -0.73140967]"
1747421923.9491174,"[ 0.         -0.33908486  1.01106325  3.04307327 -1.94591881 -0.20548099
  1.37450577  1.58215031]","[ 0.          0.26415534 -0.85615096 -0.00558201 -1.13598108  0.44636787
 -0.28090138 -0.08859198]","[ 0.          3.05970001  8.50496387 -1.17227721 -9.81459904  2.62064695
 -3.09115815 -0.69861352]"
1747421923.951363,"[ 0.         -0.33855276  1.00929218  3.04305942 -1.94817238 -0.20460321
  1.3739284   1.58196949]","[ 0.          0.2719824  -0.86609101 -0.00649337 -1.14405299  0.44566083
 -0.29710721 -0.09264343]","[  0.           3.12411165   8.64931393  -1.05989337 -10.00744152
   2.67041636  -3.09008932  -0.68566924]"
1747421923.9529738,"[ 0.         -0.33798284  1.00756792  3.04304344 -1.95053114 -0.20369081
  1.37330336  1.58177161]","[ 0.          0.28090138 -0.87700651 -0.00810292 -1.15403652  0.44486325
 -0.30791112 -0.0977997 ]","[  0.           3.14449286   8.97100258  -1.01457226 -10.26015282
   2.71477342  -3.15971351  -0.63733721]"
1747421923.9547262,"[ 0.         -0.33741665  1.00575683  3.0430232  -1.95282066 -0.20280611
  1.37269935  1.58157001]","[ 0.          0.28900431 -0.88588309 -0.01028151 -1.16276969  0.44836181
 -0.30575033 -0.1030727 ]","[  0.           3.18899155   9.20826626  -0.96812296 -10.56875515
   2.75309372  -3.30450726  -0.65125632]"
1747421923.9570658,"[ 0.         -0.33681904  1.00399542  3.04299844 -1.95521964 -0.20180636
  1.37207617  1.58135683]","[ 0.          0.29248902 -0.89510302 -0.01296468 -1.17476496  0.45710643
 -0.30494003 -0.10381814]","[  0.           3.13229775   9.62173271  -0.98267335 -10.81304264
   2.79192233  -3.31123686  -0.64415187]"
1747421923.9581928,"[ 0.         -0.33623421  1.00222295  3.04296674 -1.9575499  -0.20088224
  1.3714731   1.58116188]","[ 0.          0.29710721 -0.90023487 -0.01629995 -1.18410733  0.47057274
 -0.30759913 -0.0964248 ]","[  0.           3.14202261  10.06297016  -1.01051128 -11.09441566
   2.6666131   -3.30113721  -0.66540158]"
1747421923.9599137,"[ 0.         -0.33591516  1.00126368  3.04294597 -1.95881464 -0.20041832
  1.37116777  1.5810696 ]","[ 0.          0.30042062 -0.90326801 -0.01825365 -1.19089946  0.47050979
 -0.30984594 -0.09345373]","[  0.           3.07843399  10.27254295  -1.02802718 -11.00288773
   2.66419649  -3.27425456  -0.66780466]"
1747421923.961572,"[ 0.         -0.33531222  0.99947697  3.04290389 -1.96118032 -0.199442
  1.37053127  1.58088891]","[ 0.          0.30737093 -0.90725742 -0.02176397 -1.20301418  0.4796931
 -0.31169248 -0.085891  ]","[  0.           3.12472248  10.70062923  -1.06472993 -11.1967268
   2.66641831  -3.29440951  -0.68824416]"
1747421923.9633079,"[ 0.         -0.33500543  0.99858341  3.04287859 -1.96237102 -0.1989653
  1.37022115  1.58080422]","[ 0.          0.31115229 -0.90617705 -0.023823   -1.20638228  0.48347449
 -0.31439346 -0.085891  ]","[  0.           3.1453898   10.96899319  -1.05628383 -11.24080181
   2.63696432  -3.37978745  -0.69019222]"
1747421923.9682992,"[ 0.         -0.33436041  0.99671953  3.04282719 -1.96486454 -0.19800283
  1.36955336  1.5806387 ]","[ 0.          0.31601406 -0.91049862 -0.02644273 -1.22023937  0.48946041
 -0.3300591  -0.07974437]","[  0.           3.16638494  11.15424252  -1.04684329 -10.95304012
   2.63893366  -3.44206095  -0.66727972]"
1747421923.9706576,"[ 0.         -0.33338036  0.99402088  3.04274543 -1.96850428 -0.19649282
  1.36850221  1.58042086]","[ 0.          0.32735812 -0.91427998 -0.02700975 -1.23542592  0.50292149
 -0.35283123 -0.06934472]","[  0.           3.23399329  11.16890812  -0.99618059 -10.47171593
   2.79564238  -3.34001827  -0.69025755]"
1747421923.9755256,"[ 0.         -0.33167967  0.98935003  3.04260429 -1.97486285 -0.19395962
  1.3666633   1.58008117]","[ 0.          0.34518456 -0.92383101 -0.03025092 -1.26081503  0.51534597
 -0.38153088 -0.06745595]","[ 0.          3.25394273 10.78561497 -1.10115302 -9.44321346  2.77281928
 -3.48831296 -0.67956883]"
1747421923.979089,"[ 0.         -0.33025648  0.98560669  3.04245968 -1.97997319 -0.19183761
  1.36504316  1.57981952]","[ 0.          0.35940531 -0.93536636 -0.03916413 -1.27741451  0.53479081
 -0.41784079 -0.06266262]","[ 0.          3.18943167 10.38356972 -1.16497874 -9.14451408  2.73616958
 -3.42236352 -0.67293125]"
1747421923.9814374,"[ 0.         -0.32877523  0.98189185  3.04233478 -1.98514638 -0.19018805
  1.36329853  1.57958649]","[ 0.          0.37435509 -0.94588138 -0.04187833 -1.29241636  0.54828198
 -0.44079907 -0.05699057]","[ 0.          3.16309047 10.33510113 -1.18662739 -9.00776768  2.84723473
 -3.39703393 -0.66850376]"
1747421923.9838195,"[ 0.         -0.32803007  0.97995134  3.04224982 -1.98770914 -0.18904076
  1.36242328  1.57947424]","[ 0.          0.37975705 -0.94804214 -0.04371146 -1.30136019  0.56322595
 -0.44377016 -0.0540195 ]","[ 0.          3.23247409 10.33576965 -1.20055604 -9.05890465  2.87333274
 -3.43242526 -0.6761151 ]"
1747421923.986129,"[ 0.         -0.32686201  0.9770662   3.04210574 -1.99168523 -0.18733794
  1.36108011  1.57931631]","[ 0.          0.38677957 -0.95152262 -0.04888764 -1.31618494  0.57962915
 -0.43971869 -0.05115677]","[ 0.          3.23010182 10.72604275 -1.12090564 -9.34018707  3.00335979
 -3.32678413 -0.67902833]"
1747421923.9884896,"[ 0.         -0.3260636   0.97518674  3.04200934 -1.99429673 -0.18614857
  1.36016865  1.5792203 ]","[ 0.          0.39069725 -0.95344409 -0.04834745 -1.3251048   0.5807096
 -0.4461171  -0.04807735]","[ 0.          3.18037081 10.71521473 -1.07265198 -9.60906982  3.12078357
 -3.37777281 -0.68841577]"
1747421923.9902544,"[ 0.         -0.32528862  0.97323151  3.04191133 -1.99702567 -0.18494802
  1.35928022  1.57912603]","[ 0.          0.39434232 -0.95506469 -0.04748899 -1.33482175  0.58624618
 -0.45349366 -0.04563986]","[ 0.          3.25464749 10.64195061 -1.07145488 -9.67067146  3.27400708
 -3.40177155 -0.70319265]"
1747421923.9941506,"[ 0.         -0.32447209  0.97134979  3.04181599 -1.99966966 -0.18377889
  1.35834412  1.57904334]","[ 0.          0.39972493 -0.95452447 -0.04888764 -1.34211441  0.59421442
 -0.4594078  -0.04047357]","[ 0.          3.32200742 10.61973286 -1.05926514 -9.6336031   3.2756629
 -3.50154328 -0.69667846]"
1747421923.995866,"[ 0.         -0.32285289  0.96751417  3.04161253 -2.00509452 -0.1813666
  1.35646619  1.57891018]","[ 0.          0.4050168  -0.95371421 -0.05126653 -1.35345841  0.59961638
 -0.4666801  -0.02971072]","[ 0.          3.41788816 10.51242256 -1.06830215 -9.71281624  3.16200495
 -3.47829604 -0.72186375]"
1747421923.997636,"[ 0.         -0.32204382  0.96556168  3.04150467 -2.00787086 -0.18017829
  1.35553208  1.57885492]","[ 0.          0.41162856 -0.95352692 -0.0534793  -1.35669961  0.60285758
 -0.47564167 -0.02809014]","[ 0.          3.40226221 10.25634098 -1.07979953 -9.86034203  3.10858941
 -3.57934976 -0.75097662]"
1747421923.9994638,"[ 0.         -0.32120013  0.96368042  3.04139068 -2.0106544  -0.17894152
  1.3545864   1.578795  ]","[ 0.          0.41226336 -0.95506469 -0.05969154 -1.3589143   0.60609871
 -0.4796931  -0.02998082]","[  0.           3.49768138  10.03554058  -1.08401573 -10.07702351
   3.1433351   -3.65810657  -0.77054912]"
1747421924.0012553,"[ 0.         -0.32079107  0.96273999  3.04132863 -2.0119961  -0.1783471
  1.35408039  1.57876557]","[ 0.          0.41486973 -0.95371421 -0.06293271 -1.35937236  0.60285758
 -0.47646006 -0.02971072]","[  0.           3.50494194  10.08038712  -1.10770786 -10.23266602
   3.02150846  -3.59927893  -0.78306121]"
1747421924.0030193,"[ 0.         -0.31996549  0.9607843   3.04119281 -2.01468003 -0.17713111
  1.35314523  1.57870365]","[ 0.          0.42081188 -0.95506469 -0.0679956  -1.35991205  0.59043307
 -0.47219168 -0.03079111]","[  0.           3.58499622   9.90816212  -1.09511518 -10.41503429
   3.12764215  -3.38473082  -0.75877613]"
1747421924.0047948,"[ 0.         -0.3190941   0.95889931  3.04104075 -2.0174665  -0.17593055
  1.35219102  1.57863428]","[ 0.          0.42675402 -0.95560485 -0.07698592 -1.36041885  0.58679818
 -0.46273363 -0.03750551]","[  0.           3.67097878   9.71883202  -1.12085044 -10.40832615
   3.23993611  -3.39731836  -0.74732095]"
1747421924.0059507,"[ 0.         -0.31867173  0.95788358  3.04095952 -2.01880554 -0.17535318
  1.35173828  1.57859433]","[ 0.          0.42837459 -0.95553115 -0.08237973 -1.3580501   0.58557133
 -0.45916572 -0.04051462]","[  0.           3.71475577   9.5869894   -1.14242268 -10.33604431
   3.34929538  -3.46391273  -0.75526977]"
1747421924.007743,"[ 0.         -0.31779022  0.95599813  3.04078588 -2.02158028 -0.17419364
  1.35083826  1.57850205]","[ 0.          0.4308202  -0.95614507 -0.08940227 -1.35339743  0.59043307
 -0.45646475 -0.04645676]","[  0.           3.81755328   9.38087845  -1.07897103 -10.25586987
   3.23007059  -3.58612084  -0.76038712]"
1747421924.009535,"[ 0.         -0.31736038  0.95483733  3.04069267 -2.02291559 -0.1735678
  1.35035596  1.57845544]","[ 0.          0.43593733 -0.95623715 -0.09453411 -1.35426868  0.58930588
 -0.45414167 -0.04721917]","[  0.           3.9036684    9.35074425  -1.03138673 -10.34753418
   3.04311824  -3.52557111  -0.79516387]"
1747421924.010624,"[ 0.         -0.31649219  0.95295048  3.0404916  -2.02558222 -0.17240612
  1.34946181  1.57834985]","[ 0.          0.44241967 -0.95752    -0.09912578 -1.35210792  0.58827231
 -0.45322358 -0.052076  ]","[  0.           4.06646347   9.19701576  -0.92599875 -10.20957947
   2.96721101  -3.51155138  -0.79070616]"
1747421924.0123432,"[ 0.         -0.31557926  0.95098933  3.04029426 -2.02835004 -0.17124073
  1.34852477  1.5782376 ]","[ 0.          0.44644903 -0.95818625 -0.10047626 -1.351642    0.59151344
 -0.45916572 -0.05888125]","[ 0.          4.17311859  8.99598694 -0.75374711 -9.80588055  2.87570167
 -3.49559283 -0.80634451]"
1747421924.0134532,"[ 0.         -0.31513451  0.95004384  3.04018454 -2.02968375 -0.17061169
  1.34806911  1.57817661]","[ 0.          0.45106279 -0.95787453 -0.1033166  -1.35127768  0.59231512
 -0.46213678 -0.06185232]","[ 0.          4.15788794  9.04724503 -0.66513991 -9.75937557  2.95885587
 -3.53214693 -0.81123298]"
1747421924.0152595,"[ 0.         -0.31419975  0.94814693  3.03997655 -2.03235117 -0.16943404
  1.34714912  1.57804066]","[ 0.          0.45890627 -0.96262741 -0.10604076 -1.35291819  0.59954853
 -0.46733484 -0.06860476]","[ 0.          4.30239868  8.82842731 -0.46192613 -9.53498077  3.03997564
 -3.51144457 -0.80501884]"
1747421924.0169797,"[ 0.         -0.31374434  0.94712062  3.03986709 -2.03378875 -0.16884601
  1.34665257  1.57796928]","[ 0.          0.46186667 -0.96646163 -0.11101007 -1.35364816  0.59637525
 -0.46743241 -0.07231278]","[ 0.          4.35674858  8.44987583 -0.35978958 -9.31210995  3.07320237
 -3.4730792  -0.79300731]"
1747421924.0181706,"[ 0.         -0.31282396  0.94520993  3.03963753 -2.0364607  -0.16762948
  1.34574403  1.57780097]","[ 0.          0.46834904 -0.97046023 -0.11263065 -1.35507908  0.59529487
 -0.45727501 -0.0848106 ]","[ 0.          4.44634628  8.25934792 -0.13217658 -9.21945286  3.0908432
 -3.40248466 -0.7890231 ]"
1747421924.0198395,"[ 0.         -0.31236216  0.94425026  3.03952594 -2.03779947 -0.16704145
  1.34529503  1.57771242]","[ 0.          0.46834904 -0.97244502 -0.11317084 -1.35640427  0.59637525
 -0.45538433 -0.08967236]","[ 0.          4.49129152  8.34528542 -0.01283735 -9.40788269  3.08225918
 -3.44907498 -0.80219775]"
1747421924.0216312,"[ 0.         -0.31138691  0.94224404  3.03929717 -2.04058433 -0.16582119
  1.34437131  1.57751841]","[ 0.          0.47861273 -0.98207441 -0.11144614 -1.36066972  0.59733045
 -0.45114541 -0.10047626]","[ 0.          4.60210514  8.12953186  0.14688848 -9.46430779  3.12555647
 -3.3331697  -0.77402854]"
1747421924.0233958,"[ 0.         -0.31091074  0.94127285  3.03918798 -2.04192896 -0.16522837
  1.34392709  1.57740616]","[ 0.          0.4829343  -0.9850455  -0.11062776 -1.3637221   0.60123698
 -0.45097997 -0.10582429]","[ 0.          4.71241379  8.13127613  0.24652719 -9.51246834  3.07821155
 -3.28956556 -0.76955831]"
1747421924.0245118,"[ 0.         -0.3099062   0.93932361  3.03896028 -2.04462755 -0.16404007
  1.3430119   1.57717966]","[ 0.          0.49200773 -0.98963712 -0.11159197 -1.36935589  0.60231736
 -0.4461171  -0.11884289]","[ 0.          4.85485029  8.39132023  0.33885458 -9.69347286  2.86369658
 -3.24813724 -0.79605711]"
1747421924.0262356,"[ 0.         -0.30892402  0.93728983  3.03873525 -2.04744331 -0.16280277
  1.34212999  1.57692093]","[ 0.          0.49971372 -0.99422881 -0.11494495 -1.37722699  0.60535509
 -0.44817735 -0.1291066 ]","[ 0.          5.03735971  8.72032642  0.42529333 -9.81892967  2.77480507
 -3.22988081 -0.79832619]"
1747421924.0279841,"[ 0.         -0.30842654  0.93630719  3.03862126 -2.04880658 -0.16220515
  1.34168857  1.57679057]","[ 0.          0.50454209 -0.99665968 -0.11560172 -1.38262895  0.60548465
 -0.44782162 -0.13234776]","[ 0.          4.98066568  8.85967255  0.49049127 -9.83023357  2.62016034
 -3.32392621 -0.79236376]"
1747421924.0326116,"[ 0.         -0.30738046  0.93532541  3.03838131 -2.05165217 -0.16095826
  1.34077924  1.57653278]","[ 0.          0.51318522 -0.9955793  -0.11786117 -1.39235255  0.61087196
 -0.44295986 -0.13113438]","[ 0.          5.12963057  9.11973476  0.55152452 -9.87342072  2.67134523
 -3.48345733 -0.79279095]"
1747421924.0363843,"[ 0.         -0.30526058  0.93130936  3.03790407 -2.05730526 -0.15849697
  1.33897455  1.57600014]","[ 0.          0.53513988 -0.99990088 -0.11830269 -1.41483562  0.61337966
 -0.45349366 -0.13288796]","[ 0.          5.22776842  9.76742554  0.5695141  -9.94353485  3.00613976
 -3.60219407 -0.73795366]"
1747421924.0406032,"[ 0.         -0.30305814  0.92728639  3.03744175 -2.06305023 -0.15601117
  1.33710048  1.57545686]","[ 0.          0.5563767  -1.0002369  -0.11334734 -1.43555155  0.62190577
 -0.47564167 -0.13801981]","[ 0.          5.22838068  9.82079029  0.50500852 -9.49759102  3.095644
 -3.43123078 -0.69070834]"
1747421924.0446305,"[ 0.         -0.30019099  0.92224956  3.03689846 -2.07028204 -0.15287876
  1.33473559  1.57475099]","[ 0.          0.58395073 -1.00854397 -0.10425762 -1.44745242  0.63094774
 -0.4707799  -0.14005253]","[ 0.          5.37419081  9.25441456  0.45558575 -8.73107433  2.99022341
 -3.50901365 -0.73339897]"
1747421924.0469673,"[ 0.         -0.29838962  0.91917527  3.03659673 -2.07456334 -0.15094637
  1.33329522  1.57435617]","[ 0.          0.59883507 -1.01475619 -0.09855201 -1.44583175  0.6369519
 -0.4781278  -0.12370464]","[ 0.          5.41995955  9.00559807  0.3573668  -8.6641674   3.2762177
 -3.40766406 -0.71118057]"
1747421924.049373,"[ 0.         -0.29659039  0.9160886   3.03630831 -2.07894424 -0.1490534
  1.33182356  1.57402048]","[ 0.          0.61204089 -1.01880765 -0.09750519 -1.44058932  0.6422918
 -0.48649082 -0.10506792]","[ 0.          5.15752459  9.12631512  0.21176738 -8.78697205  3.4669714
 -3.39960384 -0.63991523]"
1747421924.051702,"[ 0.         -0.29532219  0.91407505  3.03610511 -2.08188837 -0.14773194
  1.33085803  1.57382727]","[ 0.          0.62176436 -1.02123859 -0.09993607 -1.4345494   0.64823392
 -0.48995683 -0.09127972]","[ 0.          4.98782825  9.19113922  0.12333962 -8.92641735  3.41715789
 -3.63059711 -0.65389651]"
1747421924.0541205,"[ 0.         -0.29342549  0.91097367  3.03579645 -2.08611347 -0.14576493
  1.32936546  1.57358372]","[ 0.          0.62716631 -1.02231897 -0.10381814 -1.42368384  0.64748417
 -0.49350775 -0.07913856]","[ 0.00000000e+00  4.88114214e+00  9.28691387e+00 -4.03436460e-03
 -9.04692936e+00  3.51769590e+00 -3.53892398e+00 -6.69590175e-01]"
1747421924.056393,"[ 0.         -0.29218233  0.90888209  3.03558153 -2.08901685 -0.14447489
  1.3283741   1.57342966]","[ 0.          0.63094774 -1.02096848 -0.11073996 -1.41558091  0.65471625
 -0.50562247 -0.0742768 ]","[ 0.          4.74907637  9.44581127 -0.09098671 -9.14875317  3.56906295
 -3.54751015 -0.66010934]"
1747421924.0581834,"[ 0.         -0.29088643  0.90687586  3.03534131 -2.09179772 -0.14311934
  1.3272573   1.57327933]","[ 0.          0.63344112 -1.01713832 -0.11861348 -1.40828824  0.6625303
 -0.50940383 -0.07724788]","[ 0.          4.78332949  9.74829197 -0.12269837 -9.25401402  3.5528245
 -3.59181285 -0.6701619 ]"
1747421924.05988,"[ 0.         -0.28962995  0.9047976   3.03510216 -2.09467686 -0.14180534
  1.3262489   1.57311101]","[ 0.          0.63743007 -1.01232532 -0.12235416 -1.40450682  0.66498001
 -0.51237492 -0.08225205]","[ 0.          4.79492092  9.89417553 -0.12856893 -9.2864027   3.62154865
 -3.56693649 -0.67372751]"
1747421924.0616302,"[ 0.         -0.28831968  0.90280515  3.03485635 -2.09754589 -0.14044606
  1.32520827  1.57293884]","[ 0.          0.64096415 -1.00962434 -0.12505513 -1.4000403   0.66353338
 -0.50511018 -0.08859198]","[ 0.          4.858284    9.75198078 -0.13373744 -9.45424366  3.62508011
 -3.46026587 -0.69749975]"
1747421924.063366,"[ 0.         -0.28768425  0.90181286  3.0347224  -2.09892567 -0.13979359
  1.32470972  1.57284843]","[ 0.          0.64445256 -1.00638321 -0.12613654 -1.39795717  0.66173881
 -0.5061358  -0.09183314]","[ 0.          4.85400295  9.52503777 -0.07292856 -9.38279629  3.54990721
 -3.48828387 -0.68612027]"
1747421924.065155,"[ 0.         -0.28636066  0.89975523  3.0344694  -2.10167858 -0.13847958
  1.32366616  1.57264296]","[ 0.          0.64597955 -1.00314201 -0.1285664  -1.39532357  0.66808379
 -0.51210481 -0.1019934 ]","[ 0.          5.02927542  9.27038479 -0.07936297 -9.5331583   3.53102565
 -3.572191   -0.65885293]"
1747421924.0663102,"[ 0.         -0.28508021  0.89777883  3.03420628 -2.10453376 -0.13710486
  1.32265296  1.57240607]","[ 0.          0.65039474 -1.00206163 -0.1285664  -1.39316282  0.67146234
 -0.51534597 -0.1088079 ]","[ 0.          5.05774212  8.91234112 -0.0317122  -9.63144016  3.51613688
 -3.78192496 -0.65256232]"
1747421924.0680294,"[ 0.         -0.28443785  0.89671397  3.03408191 -2.10590742 -0.136438
  1.3221431   1.57229755]","[ 0.          0.65147512 -1.00257229 -0.12613552 -1.39175121  0.67632407
 -0.51696657 -0.11019977]","[ 0.          5.09530401  8.86476612 -0.0276562  -9.62280369  3.47977781
 -3.83291054 -0.65909833]"
1747421924.0692718,"[ 0.         -0.28299708  0.89474363  3.03382651 -2.10897005 -0.13504624
  1.3210777   1.57208543]","[ 0.          0.6559186  -0.99888774 -0.12413039 -1.3919074   0.68008406
 -0.51804695 -0.10614831]","[ 0.00000000e+00  5.14333057e+00  8.56261730e+00  6.63295947e-03
 -9.54504681e+00  3.47071910e+00 -3.62352753e+00 -6.76588297e-01]"
1747421924.0710168,"[ 0.         -0.28234727  0.89368289  3.0337072  -2.11034264 -0.13437352
  1.32056971  1.57197318]","[ 0.          0.65903783 -0.99881078 -0.12088106 -1.39067196  0.68157496
 -0.51534597 -0.10582429]","[ 0.          5.21539307  8.46306324  0.03136276 -9.55823326  3.53003883
 -3.47145915 -0.65252823]"
1747421924.0721586,"[ 0.         -0.28099119  0.89171435  3.03346778 -2.11308943 -0.1330249
  1.32006357  1.57176771]","[ 0.          0.66303184 -0.99747001 -0.12115089 -1.39289264  0.68226625
 -0.51318522 -0.10425762]","[ 0.          5.26169157  8.18988323  0.07936369 -9.22927856  3.65696239
 -3.41907978 -0.63620436]"
1747421924.073965,"[ 0.         -0.28033552  0.89073118  3.03333968 -2.11456802 -0.13230158
  1.31951842  1.57166785]","[ 0.          0.66498001 -0.9971999  -0.12061963 -1.39226653  0.68108714
 -0.51332304 -0.10128655]","[ 0.          5.25727272  8.11673164  0.06118201 -8.89193726  3.45286989
 -3.45727968 -0.67891073]"
1747421924.0750859,"[ 0.         -0.27967612  0.88974854  3.03321957 -2.11594114 -0.1316294
  1.31901242  1.57156225]","[ 0.          0.66876136 -0.99665968 -0.12181396 -1.39262259  0.68172603
 -0.51318522 -0.09921089]","[ 0.          5.36388969  8.13383675  0.10579202 -8.80846882  3.47993469
 -3.67954302 -0.68946731]"
1747421924.0768938,"[ 0.         -0.2783504   0.88770742  3.03297376 -2.11868926 -0.13027545
  1.31796207  1.57137104]","[ 0.          0.67316843 -0.99665968 -0.12478503 -1.39359611  0.68643177
 -0.51332304 -0.0964248 ]","[ 0.          5.54720592  7.94722557  0.22492872 -8.45969772  3.52679801
 -3.76848507 -0.66175944]"
1747421924.0785909,"[ 0.         -0.2769613   0.88574028  3.0327181  -2.1215431  -0.12885811
  1.31695659  1.57117982]","[ 0.          0.67941634 -0.99801016 -0.12424484 -1.39343286  0.69247202
 -0.50832345 -0.09403817]","[ 0.          5.76135397  7.89169931  0.30965593 -8.25441742  3.53295827
 -3.56754732 -0.61228925]"
1747421924.0803092,"[ 0.         -0.27628858  0.88468048  3.03259826 -2.12291703 -0.12817315
  1.31642476  1.57108754]","[ 0.          0.68226625 -0.9980585  -0.12154387 -1.39343286  0.6946907
 -0.50031353 -0.09345373]","[ 0.          5.76583195  7.68057251  0.33957875 -8.24626732  3.38952708
 -3.29388881 -0.64228547]"
1747421924.0820699,"[ 0.         -0.27487711  0.88270687  3.03236204 -2.12577087 -0.12673877
  1.31545537  1.57090299]","[ 0.          0.69252994 -0.99969721 -0.11938309 -1.39301874  0.70215168
 -0.48941664 -0.09345373]","[ 0.          5.84602785  7.38984156  0.47038141 -8.00949955  3.41307712
 -3.15708375 -0.6302551 ]"
1747421924.084353,"[ 0.         -0.27349919  0.88064972  3.03212288 -2.12714533 -0.12534274
  1.3144708   1.57080405]","[ 0.          0.70009265 -1.00608307 -0.11629406 -1.39256068  0.70927596
 -0.47846622 -0.09328586]","[ 0.          5.98858738  7.16805506  0.67601484 -7.8547883   3.52715182
 -3.35932875 -0.63539565]"
1747421924.0853767,"[ 0.         -0.27280463  0.87865541  3.03189785 -2.12988812 -0.12388439
  1.31352338  1.57062242]","[ 0.          0.7037005  -1.01232532 -0.11263065 -1.39019166  0.71168087
 -0.4813137  -0.09156304]","[ 0.          6.06570768  6.99521971  0.79139787 -7.70367765  3.58877301
 -3.61643076 -0.58584368]"
1747421924.0876887,"[ 0.         -0.27134735  0.87757862  3.03178093 -2.13136164 -0.12318665
  1.31304095  1.57052442]","[ 0.          0.71359754 -1.0138569  -0.11008736 -1.38750187  0.70765536
 -0.48842591 -0.09228279]","[ 0.          6.23575163  7.04025078  0.87099111 -7.72810602  3.71315122
 -3.69356036 -0.59010917]"
1747421924.0887668,"[ 0.         -0.27063789  0.87557426  3.03157134 -2.13409058 -0.12178689
  1.31203827  1.57033893]","[ 0.          0.71881061 -1.01718712 -0.10398753 -1.38316917  0.71035634
 -0.48973022 -0.09453411]","[ 0.          6.25142431  7.27999687  0.94328964 -7.72277975  3.80680299
 -3.4264071  -0.59310323]"
1747421924.0904956,"[ 0.         -0.26919978  0.87348861  3.03136841 -2.13691034 -0.12032854
  1.31107181  1.57014865]","[ 0.          0.73250432 -1.0186215  -0.09767622 -1.373673    0.71521814
 -0.49211761 -0.09328586]","[ 0.          6.52508354  7.6366539   0.91916049 -7.85590792  3.76598883
 -3.22012925 -0.55594534]"
1747421924.0916562,"[ 0.         -0.26841734  0.8724844   3.03127307 -2.13826322 -0.1196276
  1.31055049  1.57006103]","[ 0.          0.73675772 -1.01853761 -0.09669489 -1.37209521  0.71089656
 -0.49100465 -0.08886207]","[ 0.          6.57566881  7.85241079  0.92002314 -8.02767372  3.73683906
 -3.18593335 -0.55210572]"
1747421924.0934744,"[ 0.         -0.26694568  0.87047311  3.03107733 -2.14105954 -0.11823104
  1.30958963  1.56989551]","[ 0.          0.74979057 -1.0198881  -0.09554278 -1.36418043  0.70603483
 -0.48487338 -0.08310573]","[ 0.          6.47374821  8.05619621  0.94574422 -8.16295242  3.69490719
 -3.3850069  -0.48483762]"
1747421924.0945792,"[ 0.         -0.26614513  0.8693908   3.03098092 -2.14239991 -0.11748056
  1.30911305  1.56981189]","[ 0.          0.75381001 -1.01912304 -0.09777529 -1.35940059  0.70666553
 -0.48347449 -0.07881551]","[ 0.          6.55229712  7.99988079  0.95373768 -8.20525646  3.61235547
 -3.56818438 -0.53200632]"
1747421924.0964575,"[ 0.         -0.26464098  0.86738051  3.03078438 -2.14506973 -0.11609145
  1.30812089  1.56966435]","[ 0.          0.76545628 -1.01853761 -0.10020616 -1.35156784  0.70441423
 -0.48448466 -0.07346651]","[ 0.          6.52680683  8.32206631  0.89905715 -8.35805321  3.51712251
 -3.67179132 -0.56324536]"
1747421924.0975168,"[ 0.         -0.26388145  0.86637577  3.03067652 -2.14650331 -0.1154001
  1.30764618  1.56959497]","[ 0.          0.76953751 -1.01907777 -0.10156123 -1.34861679  0.70117303
 -0.4813137  -0.07022534]","[ 0.          6.33613396  8.62494564  0.84659725 -8.61322498  3.76941752
 -3.59455323 -0.55413115]"
1747421924.099915,"[ 0.         -0.26228249  0.8642796   3.03046746 -2.14916567 -0.11396945
  1.3066483   1.56945409]","[ 0.          0.7838229  -1.02463991 -0.10668851 -1.34967712  0.69847205
 -0.49100465 -0.06745595]","[ 0.          6.29539919  8.84845448  0.82301676 -8.82527542  3.90868759
 -3.2530036  -0.5001592 ]"
1747421924.10103,"[ 0.         -0.26150058  0.8632648   3.03036094 -2.15050231 -0.11327543
  1.30615641  1.56938845]","[ 0.          0.79300622 -1.02907141 -0.10803899 -1.35561917  0.70316088
 -0.49836459 -0.06651144]","[ 0.          6.32380772  8.8388834   0.81911433 -8.68888855  3.90911937
 -3.19837046 -0.52599537]"
1747421924.1027865,"[ 0.         -0.25985901  0.86114559  3.0301351  -2.15328638 -0.11182028
  1.30514707  1.56925249]","[ 0.          0.80496674 -1.03717834 -0.11048486 -1.36156135  0.71435974
 -0.51426559 -0.06620287]","[ 0.          6.27578497  9.09408474  0.72886294 -8.25656033  3.73480296
 -3.33248043 -0.511473  ]"
1747421924.1045806,"[ 0.         -0.25824407  0.8590889   3.02991779 -2.15598283 -0.11039016
  1.30406636  1.56912306]","[ 0.          0.82271691 -1.04473706 -0.10992967 -1.36966428  0.72764259
 -0.53263222 -0.06644398]","[ 0.          6.26789045  9.15949726  0.81754929 -7.54255629  3.69580126
 -3.44243646 -0.53471184]"
1747421924.105693,"[ 0.         -0.25742648  0.85805346  3.02980913 -2.15743985 -0.10966951
  1.30352894  1.56905555]","[ 0.          0.82919924 -1.05013901 -0.11019977 -1.3719542   0.73088379
 -0.5450567  -0.06860476]","[ 0.          6.20230722  9.11898994  0.76897997 -7.00441074  3.71493793
 -3.55811286 -0.52872652]"
1747421924.1074774,"[ 0.         -0.25570235  0.85589204  3.02958676 -2.16015334 -0.10815097
  1.30238351  1.56890721]","[ 0.          0.84559126 -1.05663007 -0.1074988  -1.37722699  0.74492883
 -0.56422903 -0.07420155]","[ 0.          6.23325109  9.1552763   0.79400897 -6.24432898  3.71932054
 -3.36115646 -0.48777372]"
1747421924.1085966,"[ 0.         -0.25486079  0.85484508  3.02948156 -2.16151369 -0.10740795
  1.30181652  1.56883011]","[ 0.          0.85264325 -1.06175319 -0.10658041 -1.37965793  0.75280846
 -0.57503753 -0.07832827]","[ 0.          6.29470158  9.23059464  0.87062055 -6.12904119  3.6332469
 -3.17200303 -0.52735209]"
1747421924.1104188,"[ 0.         -0.2531585   0.85273646  3.02927277 -2.16434516 -0.10584308
  1.30066551  1.56866367]","[ 0.          0.86701287 -1.07174677 -0.09921089 -1.38316917  0.76684998
 -0.58557133 -0.085891  ]","[ 0.          6.13101196  9.06059837  0.86768878 -5.50776577  3.71104956
 -3.13122296 -0.50074995]"
1747421924.111526,"[ 0.         -0.25223065  0.85159263  3.02917823 -2.1657095  -0.10508408
  1.3000386   1.56857032]","[ 0.          0.87367729 -1.07705052 -0.0958846  -1.38370939  0.76977779
 -0.59030896 -0.08776896]","[ 0.          6.29025841  8.84389019  0.85934192 -5.35006666  3.84736538
 -3.11129355 -0.44958681]"
1747421924.1132789,"[ 0.         -0.25048415  0.84945231  3.028999   -2.16855002 -0.10354477
  1.29887227  1.5683859 ]","[ 0.          0.88916091 -1.08851643 -0.08859198 -1.38850495  0.78274246
 -0.59151344 -0.09551763]","[ 0.          6.34471989  8.67198181  0.89513552 -5.20751619  4.00663376
 -3.11955571 -0.40659094]"
1747421924.1150718,"[ 0.         -0.24960318  0.8483728   3.02891005 -2.16992102 -0.10270374
  1.2982901   1.56827924]","[ 0.          0.89348242 -1.09386572 -0.08367787 -1.38905303  0.79192677
 -0.59043307 -0.10030738]","[ 0.          6.07128954  8.76107121  0.87717217 -5.04776382  4.0144701
 -3.04901671 -0.47061917]"
1747421924.1161785,"[ 0.         -0.24775707  0.8461177   3.02875292 -2.172667   -0.10111437
  1.29706864  1.56806712]","[ 0.          0.9055287  -1.10334817 -0.07859836 -1.39235255  0.81029239
 -0.59718551 -0.11101007]","[ 0.          6.05372429  8.96628761  0.91166168 -4.99014902  3.94367003
 -3.15936255 -0.48300329]"
1747421924.1179514,"[ 0.         -0.24685905  0.84502714  3.02867702 -2.17404359 -0.10030636
  1.29647396  1.567953  ]","[ 0.          0.91076867 -1.10604915 -0.07697778 -1.39613384  0.81947577
 -0.60312769 -0.11560172]","[ 0.          6.21334743  9.29754639  0.89010644 -5.07816362  3.7851007
 -3.11458325 -0.39752734]"
1747421924.1197422,"[ 0.         -0.24497833  0.84275367  3.02852842 -2.17690942 -0.09860194
  1.2952754   1.56771518]","[ 0.          0.92103243 -1.11010974 -0.07130573 -1.40126575  0.83556053
 -0.60988007 -0.11668211]","[ 0.          6.17515373  9.9937973   0.86136264 -5.02465105  3.837327
 -3.16146398 -0.35140437]"
1747421924.1217794,"[ 0.         -0.24406646  0.84165757  3.02845944 -2.178294   -0.09776677
  1.29462279  1.56759814]","[ 0.          0.92481378 -1.11172122 -0.06988437 -1.40423677  0.84702571
 -0.61438274 -0.11872248]","[ 0.          5.96102238 10.16017342  0.84338534 -4.95957279  3.9742775
 -3.16265488 -0.38293111]"
1747421924.1228294,"[ 0.         -0.24215325  0.83946586  3.02832362 -2.18118007 -0.09607993
  1.29339747  1.56734793]","[ 0.          0.93787406 -1.111181   -0.06833466 -1.40999719  0.85782955
 -0.62419529 -0.12362885]","[ 0.          5.93739653 10.79610825  0.79688084 -5.06766129  4.01470947
 -3.43892694 -0.39734167]"
1747421924.1246414,"[ 0.         -0.24029383  0.83719338  3.02818806 -2.18397106 -0.09417257
  1.29209226  1.56709973]","[ 0.          0.94588138 -1.10875013 -0.06536359 -1.4169314   0.87009075
 -0.64146569 -0.12748601]","[ 0.          5.84229565 11.10289764  0.77533543 -5.10544538  4.11481142
 -3.59937549 -0.40760133]"
1747421924.126415,"[ 0.         -0.2393564   0.83610229  3.02812521 -2.18537135 -0.09344074
  1.2914559   1.56697216]","[ 0.          0.95074312 -1.10658937 -0.06374301 -1.42017246  0.87645104
 -0.64553294 -0.12937669]","[ 0.          5.85231018 11.4685564   0.73609    -5.02910662  4.07873726
 -3.55239081 -0.36395764]"
1747421924.1275187,"[ 0.         -0.23739578  0.83392209  3.02799019 -2.18829017 -0.09149077
  1.29018397  1.56669533]","[ 0.          0.95992643 -1.10523888 -0.06670441 -1.42665486  0.89021659
 -0.64661338 -0.13720952]","[ 0.          5.69471884 11.47121811  0.65862113 -5.14895487  4.04041004
 -3.30298781 -0.37109238]"
1747421924.1293256,"[ 0.         -0.2364445   0.83275116  3.02792361 -2.18969899 -0.09060234
  1.28950193  1.56655644]","[ 0.          0.96381065 -1.10262892 -0.06745595 -1.42736792  0.9010452
 -0.64221803 -0.14099088]","[ 0.          5.74892187 11.23944283  0.59145945 -5.28269386  4.1279335
 -3.31817222 -0.39240018]"
1747421924.130963,"[ 0.         -0.23445618  0.83057829  3.02778673 -2.19262979 -0.0887328
  1.28823853  1.56626922]","[ 0.          0.97348318 -1.10091731 -0.06995525 -1.43163711  0.91671085
 -0.64175158 -0.14666293]","[ 0.          5.5681181  10.9010458   0.55184692 -5.23650169  4.33747673
 -3.38799381 -0.372255  ]"
1747421924.1320765,"[ 0.         -0.23349158  0.82949365  3.02771136 -2.1940418  -0.08782626
  1.2876059   1.56611036]","[ 0.          0.97829305 -1.10010704 -0.07096748 -1.43205682  0.91941182
 -0.64240312 -0.149458  ]","[ 0.          5.40008545 10.63871098  0.50852305 -5.16685486  4.41929913
 -3.50866318 -0.40468457]"
1747421924.133801,"[ 0.         -0.23154854  0.82724182  3.02756595 -2.19697474 -0.08600253
  1.28627698  1.56580397]","[ 0.          0.98693621 -1.09902666 -0.07447137 -1.43298653  0.92751476
 -0.65124568 -0.15827712]","[ 0.          5.38691807 10.34818077  0.49667689 -5.128901    4.48043633
 -3.62695408 -0.45946711]"
1747421924.1354709,"[ 0.         -0.23049606  0.82615951  3.02749245 -2.19838675 -0.08501503
  1.28563103  1.56565177]","[ 0.          0.99010464 -1.09767617 -0.07454691 -1.4306058   0.92984942
 -0.65525647 -0.15449575]","[ 0.          5.46565485 10.37759399  0.47945404 -5.12678051  4.1896162
 -3.65114903 -0.43586093]"
1747421924.136598,"[ 0.         -0.22852852  0.82399622  3.02734278 -2.20120437 -0.08317904
  1.2843382   1.56533978]","[ 0.          0.99936065 -1.09632568 -0.07319642 -1.42800535  0.93035249
 -0.65606674 -0.15125458]","[ 0.          5.41670609 10.16450405  0.45459446 -5.01193047  3.97842145
 -3.37142396 -0.44546485]"
1747421924.1383383,"[ 0.         -0.22646723  0.82174991  3.02720003 -2.2041184  -0.08126157
  1.28300063  1.56505242]","[ 0.          1.00859077 -1.09659573 -0.07211602 -1.42098286  0.9383756
 -0.65147512 -0.14288157]","[ 0.          5.37894487 10.10378361  0.3931303  -4.861269    4.0489645
 -3.41875577 -0.45085552]"
1747421924.1400552,"[ 0.         -0.22546961  0.82066894  3.0271236  -2.2055147  -0.08032893
  1.28236133  1.56490595]","[ 0.          1.01178517 -1.09632568 -0.07190284 -1.41612113  0.94588138
 -0.64757718 -0.13792265]","[ 0.          5.23671484  9.82397366  0.37878546 -4.85541439  4.35496521
 -3.39041567 -0.44218728]"
1747421924.1411426,"[ 0.         -0.22345839  0.81842303  3.02698831 -2.2084045  -0.07845033
  1.28103521  1.56464722]","[ 0.          1.01993404 -1.09767617 -0.06806456 -1.40931875  0.95301772
 -0.64823392 -0.12748601]","[ 0.          5.17837334  9.71756172  0.35992932 -4.71238756  4.46561289
 -3.37575054 -0.40828606]"
1747421924.1428363,"[ 0.         -0.22237076  0.81733985  3.0269212  -2.20978694 -0.07845033
  1.28039978  1.56452445]","[ 0.          1.02413837 -1.09848644 -0.06806456 -1.40207602  0.95301772
 -0.64445256 -0.12451494]","[ 0.          5.12533903  9.70690346  0.30481625 -4.66952944  4.46561289
 -3.2110641  -0.3818436 ]"
1747421924.144543,"[ 0.         -0.22034249  0.81508615  3.02677153 -2.21254172 -0.07649078
  1.27909363  1.56428383]","[ 0.          1.03015179 -1.09933685 -0.06833466 -1.39424313  0.95776567
 -0.63594882 -0.11524498]","[ 0.          4.96573496  9.60080051  0.30510357 -4.73471498  4.50797749
 -3.01348877 -0.3987534 ]"
1747421924.1460886,"[ 0.         -0.21932303  0.81400058  3.02671587 -2.21391191 -0.0755411
  1.27847338  1.56417624]","[ 0.          1.03393314 -1.10091731 -0.06665876 -1.38965157  0.96316763
 -0.62905703 -0.10911938]","[ 0.          5.01676941  9.53803921  0.34498045 -4.72866917  4.37960339
 -2.95489931 -0.41641238]"
1747421924.147883,"[ 0.         -0.21719836  0.81183004  3.02657126 -2.21674738 -0.07355491
  1.27724047  1.5639785 ]","[ 0.          1.03828202 -1.10091731 -0.06570134 -1.38262895  0.97298164
 -0.62446534 -0.09723509]","[ 0.          4.96298361  9.55157852  0.37729543 -4.34458351  4.29250383
 -3.41309118 -0.48822477]"
1747421924.1502192,"[ 0.         -0.21514081  0.80957587  3.0264405  -2.21946354 -0.07162465
  1.27594671  1.56378729]","[ 0.          1.04419683 -1.09956682 -0.06644398 -1.37614668  0.98045381
 -0.63327647 -0.09156304]","[ 0.          5.07340956  9.64850044  0.39573851 -4.2080307   4.24716425
 -3.65677261 -0.43496487]"
1747421924.1525958,"[ 0.         -0.2129943   0.8074048   3.02631426 -2.22226838 -0.06960598
  1.27469103  1.56361698]","[ 0.          1.04905857 -1.10010704 -0.06266262 -1.36777357  0.98585576
 -0.63770011 -0.08364538]","[ 0.          5.14140654  9.74530888  0.44016525 -4.2987833   4.37855625
 -3.36659694 -0.42612144]"
1747421924.154319,"[ 0.         -0.21091064  0.80515156  3.0261883  -2.22495817 -0.06764269
  1.27338675  1.56345426]","[ 0.          1.05716969 -1.10037202 -0.06098018 -1.36126108  0.99828028
 -0.63391876 -0.07724788]","[ 0.          5.22824907  9.66509151  0.45668456 -4.34180212  4.54412651
 -3.11911273 -0.49775088]"
1747421924.1560674,"[ 0.         -0.20873431  0.80298049  3.02606659 -2.22774091 -0.06557821
  1.27215197  1.56331724]","[ 0.          1.06418406 -1.10199768 -0.05893059 -1.35690814  1.00914105
 -0.62608594 -0.06752437]","[ 0.          5.34662819  9.57341957  0.54650229 -4.26996613  4.41737366
 -3.0791223  -0.48647884]"
1747421924.1572015,"[ 0.         -0.20662348  0.80072266  3.02595314 -2.23040833 -0.06356806
  1.27087246  1.56319553]","[ 0.          1.07282715 -1.10184215 -0.05699057 -1.3501983   1.02150863
 -0.62545157 -0.0577423 ]","[ 0.          5.25559425  9.11138535  0.64347088 -4.23834038  4.24314117
 -3.21142507 -0.46034715]"
1747421924.1589336,"[ 0.         -0.20548099  0.79963396  3.02589854 -2.23173725 -0.06247669
  1.27025407  1.56314227]","[ 0.          1.07579671 -1.10415851 -0.05536998 -1.34915475  1.02764915
 -0.62716631 -0.0540195 ]","[ 0.          5.26805019  8.9702816   0.66707927 -4.10376787  4.16281128
 -3.13548803 -0.49504724]"
1747421924.1601038,"[ 0.         -0.2033478   0.79745416  3.02578429 -2.23448963 -0.06044577
  1.26896896  1.56303468]","[ 0.          1.08199348 -1.10550899 -0.05662036 -1.34211441  1.02856841
 -0.62516575 -0.05115677]","[ 0.          5.34262705  8.89879894  0.70046973 -4.08709526  4.34643984
 -2.96392322 -0.53742129]"
1747421924.1618073,"[ 0.         -0.20227614  0.79628004  3.0257273  -2.23580922 -0.05942791
  1.26835537  1.56298341]","[ 0.          1.08687226 -1.10563816 -0.05780086 -1.33833299  1.03231254
 -0.62230458 -0.05180617]","[ 0.          5.13663244  8.83953762  0.65505362 -4.06289721  4.65099907
 -3.02885008 -0.55171359]"
1747421924.1635551,"[ 0.         -0.20004175  0.79409791  3.02561119 -2.23854296 -0.05730963
  1.26713484  1.56288061]","[ 0.          1.09335459 -1.10690169 -0.05861115 -1.3337413   1.03717428
 -0.61744285 -0.05293911]","[ 0.          5.18176508  8.85120964  0.6848318  -3.78819752  4.5139966
 -3.09766889 -0.51935315]"
1747421924.165286,"[ 0.         -0.1989605   0.79300688  3.02554914 -2.23985483 -0.05628751
  1.26652405  1.56282735]","[ 0.          1.09659573 -1.10546818 -0.05842905 -1.3305001   1.03663412
 -0.6196036  -0.0540195 ]","[ 0.          5.35329485  8.99982548  0.73098332 -3.62855148  4.50038958
 -2.95004249 -0.54941571]"
1747421924.167033,"[ 0.         -0.19670694  0.79074399  3.0254285  -2.24247085 -0.05416444
  1.26524453  1.5627123 ]","[ 0.          1.10187664 -1.10513662 -0.06259912 -1.32375565  1.03717834
 -0.62527567 -0.05591018]","[ 0.          5.54354525  9.18202305  0.6900509  -3.41744065  4.53136635
 -3.1063869  -0.52105236]"
1747421924.1681821,"[ 0.         -0.19561504  0.78965483  3.02536405 -2.24387461 -0.05314178
  1.26463094  1.56265518]","[ 0.          1.10739964 -1.10469866 -0.06536359 -1.32180049  1.03612346
 -0.62230458 -0.05780086]","[ 0.          5.53548241  9.07847595  0.71526748 -3.37512183  4.44223261
 -3.01179338 -0.49072352]"
1747421924.1699584,"[ 0.         -0.19341953  0.78739513  3.0252988  -2.24646986 -0.05110766
  1.26336194  1.56253627]","[ 0.          1.1160428  -1.1033812  -0.06617388 -1.31375414  1.02853119
 -0.61744285 -0.05882159]","[ 0.          5.59170866  9.15867996  0.7543366  -3.09413028  4.61878157
 -2.87325406 -0.51894367]"
1747421924.1710744,"[ 0.         -0.19223283  0.78630777  3.02522876 -2.24776202 -0.05009299
  1.2627578   1.56247728]","[ 0.          1.11742431 -1.10169062 -0.06595211 -1.31051294  1.02907141
 -0.61258105 -0.06002252]","[ 0.          5.63240194  9.32376575  0.75765496 -3.09790015  4.84830713
 -2.75496984 -0.51768672]"
1747421924.1727886,"[ 0.         -0.19001814  0.78413263  3.0250988  -2.25043264 -0.04799016
  1.2615173   1.56235078]","[ 0.          1.1230067  -1.10280802 -0.06583701 -1.30105952  1.0269494
 -0.60485355 -0.06269211]","[ 0.          5.80511951  9.24707031  0.86416566 -2.95322871  4.64345074
 -2.82731771 -0.52323169]"
1747421924.1757011,"[ 0.         -0.18779067  0.78187846  3.02496724 -2.25298635 -0.04596776
  1.26032634  1.56222135]","[ 0.          1.13170844 -1.09983693 -0.06325321 -1.29241636  1.02587016
 -0.60224678 -0.06752437]","[ 0.          5.80024338  9.36159134  0.93597418 -2.8394978   4.42910433
 -2.98575664 -0.57050419]"
1747421924.1774082,"[ 0.         -0.1854684   0.77971152  3.02485299 -2.25561462 -0.04386546
  1.2590877   1.56207674]","[ 0.          1.1338692  -1.09710359 -0.05591018 -1.2802621   1.02745081
 -0.60578772 -0.07165231]","[ 0.          5.96899033  9.62135506  1.02021551 -2.84527349  4.51870203
 -3.22287583 -0.59303802]"
1747421924.1785398,"[ 0.         -0.18321803  0.77747433  3.02475285 -2.25812145 -0.04184039
  1.25788715  1.5619312 ]","[ 0.          1.14143191 -1.09134431 -0.04672686 -1.26783752  1.02745081
 -0.60771931 -0.0742768 ]","[ 0.          6.20537043 10.06722832  1.05894732 -2.93633866  4.59976959
 -3.18573236 -0.57449239]"
1747421924.1803145,"[ 0.         -0.18200469  0.77640214  3.02471077 -2.25946129 -0.04074903
  1.25729073  1.56185889]","[ 0.          1.14250117 -1.08741242 -0.04263216 -1.26161611  1.02764915
 -0.60501833 -0.07346651]","[ 0.          6.42330933 10.46496582  1.13426661 -3.05796504  4.63808632
 -3.05585432 -0.53606945]"
1747421924.1820278,"[ 0.         -0.17973887  0.77426968  3.02463301 -2.26193084 -0.03871544
  1.25606155  1.56170296]","[ 0.          1.15061529 -1.07903944 -0.03636143 -1.24947089  1.03285277
 -0.59765975 -0.07766509]","[ 0.          6.48613977 10.65853786  1.16757119 -3.30122256  4.5612998
 -3.00763893 -0.5129112 ]"
1747421924.1838534,"[ 0.         -0.17737558  0.7720729   3.02457256 -2.26446777 -0.03667439
  1.2548839   1.56154411]","[ 0.          1.15453799 -1.07120661 -0.02890043 -1.23462444  1.03663412
 -0.59718551 -0.08102924]","[ 0.          6.60564947 10.75636578  1.22988069 -3.60591841  4.46733189
 -3.13521743 -0.54400569]"
1747421924.185021,"[ 0.         -0.17623309  0.77102089  3.02454752 -2.2656795  -0.03557184
  1.25425034  1.56145556]","[ 0.          1.15754417 -1.06688504 -0.02538916 -1.22894352  1.03818142
 -0.59657818 -0.08325513]","[ 0.          6.56648397 10.61772823  1.23791134 -3.60857511  4.27139282
 -3.25655961 -0.52029186]"
1747421924.1867452,"[ 0.         -0.17394277  0.76885487  3.02450758 -2.26808381 -0.03352387
  1.25308014  1.56128818]","[ 0.          1.16249951 -1.05598598 -0.01780456 -1.21624889  1.03717428
 -0.59151344 -0.0848106 ]","[ 0.          6.52461624 10.64872169  1.26399255 -3.86549234  4.23237181
 -3.20254469 -0.59150738]"
1747421924.188561,"[ 0.         -0.17155551  0.76678899  3.02448441 -2.27055202 -0.03139654
  1.25188345  1.56112639]","[ 0.          1.16682115 -1.04448798 -0.00999361 -1.20118086  1.0391845
 -0.58027823 -0.07994885]","[ 0.          6.49104691 10.62424278  1.22877109 -3.89946842  4.23665857
 -3.1099472  -0.62427378]"
1747421924.1897225,"[ 0.         -0.17040183  0.76576454  3.02447748 -2.27173047 -0.03037388
  1.2513174   1.56104463]","[ 0.          1.16887672 -1.03906499 -0.00702253 -1.19397035  1.03717428
 -0.57422727 -0.07698592]","[ 0.          6.31416178 10.69442749  1.20412791 -3.90350366  4.43331289
 -2.95080042 -0.59313267]"
1747421924.19144,"[ 0.         -0.16799806  0.76365552  3.02447136 -2.2740634  -0.02824708
  1.25018063  1.56090375]","[ 0.          1.1734945  -1.02691059 -0.00135049 -1.17886024  1.03968604
 -0.57764716 -0.06968515]","[ 0.          6.17960262 10.65967655  1.1478653  -3.59981608  4.5629611
 -3.09995699 -0.58198798]"
1747421924.1931255,"[ 0.         -0.16683905  0.76264851  3.02447242 -2.2753079  -0.02721697
  1.2495661   1.56083717]","[ 0.00000000e+00  1.17546418e+00 -1.02123859e+00  1.07929525e-03
 -1.17184095e+00  1.04367852e+00 -5.79865644e-01 -6.75243704e-02]","[ 0.          6.38243103 10.69330788  1.17623878 -3.40805578  4.50883961
 -3.12402105 -0.64141583]"
1747421924.194853,"[ 0.         -0.16451358  0.76065194  3.02447695 -2.27759369 -0.02515356
  1.24841588  1.56070494]","[ 0.          1.18032591 -1.00962434  0.00184271 -1.1549368   1.04581743
 -0.58476107 -0.06367842]","[ 0.          6.25850868 10.72413731  1.14557195 -3.01959157  4.70833254
 -3.17795038 -0.60411656]"
1747421924.1965373,"[ 0.         -0.16325817  0.75958521  3.02447775 -2.27872526 -0.02404302
  1.24784037  1.56064502]","[ 0.          1.18212248 -1.00457845  0.00158955 -1.1464814   1.04570445
 -0.58368062 -0.06077193]","[ 0.          6.08713102 10.46910095  1.1088624  -2.69080782  4.73743534
 -3.00384164 -0.58608985]"
1747421924.1977198,"[ 0.         -0.16091725  0.75746606  3.02447695 -2.28104861 -0.02198386
  1.24666459  1.56052518]","[ 0.00000000e+00  1.18842885e+00 -9.94769031e-01  6.62313144e-04
 -1.12981773e+00  1.04365668e+00 -5.68742885e-01 -5.71752099e-02]","[ 0.          6.1233058  10.13530827  1.12785327 -2.35984969  4.73840046
 -2.83966517 -0.59076351]"
1747421924.1994438,"[ 0.         -0.15856994  0.7554392   3.02447455 -2.28333786 -0.01985387
  1.24556018  1.56041959]","[ 0.00000000e+00  1.19112982e+00 -9.88286697e-01 -4.78698850e-04
 -1.11391346e+00  1.03818142e+00 -5.57995632e-01 -5.20759971e-02]","[ 0.          6.11199522  9.79355812  1.12438869 -2.19620347  4.52839994
 -2.76976967 -0.55974609]"
1747421924.2011778,"[ 0.         -0.15730174  0.75446661  3.02447455 -2.28442656 -0.01883015
  1.24497321  1.56036819]","[ 0.00000000e+00  1.19415944e+00 -9.86395986e-01 -3.99940769e-04
 -1.10415851e+00  1.03825472e+00 -5.52693677e-01 -5.21288109e-02]","[ 0.          6.14651632  9.7677021   1.09911346 -2.233742    4.61070967
 -2.76743817 -0.56418991]"
1747421924.2028902,"[ 0.         -0.15494111  0.75252843  3.02447562 -2.28658186 -0.01678164
  1.24389064  1.56026166]","[ 0.00000000e+00  1.19815245e+00 -9.81264141e-01 -3.05277096e-04
 -1.08930313e+00  1.03933510e+00 -5.48838086e-01 -5.21288109e-02]","[ 0.          6.15804434  9.41511154  1.11330581 -2.05975819  4.58868265
 -2.78944516 -0.60457718]"
1747421924.2046163,"[ 0.         -0.15248142  0.75052999  3.02447615 -2.28878642 -0.01465751
  1.24277185  1.56015607]","[ 0.00000000e+00  1.20125556e+00 -9.73971474e-01 -1.13229640e-04
 -1.07201688e+00  1.03450453e+00 -5.45672153e-01 -5.40194971e-02]","[ 0.          6.1178875   9.50295258  1.12209022 -1.93232763  4.80254173
 -2.68437743 -0.6540156 ]"
1747421924.2063258,"[ 0.         -0.15129471  0.74854541  3.02447562 -2.29087594 -0.01261433
  1.24171204  1.56003529]","[ 0.          1.2035544  -0.96771551  0.         -1.05581101  1.03717428
 -0.53587668 -0.06077193]","[ 0.          6.35805368  9.70162201  1.10617769 -1.7337656   4.88201141
 -2.62110448 -0.58624703]"
1747421924.2080564,"[ 0.         -0.14891278  0.74759672  3.02447562 -2.29198648 -0.01158795
  1.24118793  1.55997151]","[ 0.          1.21057689 -0.96208718  0.         -1.04472074  1.0409557
 -0.53101325 -0.06475772]","[ 0.          6.42245722  9.84206581  1.12887192 -1.74917018  4.75405741
 -2.70518017 -0.54038376]"
1747421924.209724,"[ 0.         -0.14642433  0.7457108   3.02447615 -2.29402486 -0.00944996
  1.24009297  1.55983076]","[ 0.00000000e+00  1.21528643e+00 -9.55064694e-01  4.84211093e-05
 -1.02961157e+00  1.04421814e+00 -5.34522896e-01 -7.34665111e-02]","[ 0.          6.309062    9.90460491  1.16009402 -1.72995651  4.6069212
 -2.78782582 -0.53518337]"
1747421924.2129579,"[ 0.         -0.14401789  0.74376889  3.02447642 -2.29603102 -0.00730771
  1.23903037  1.5596719 ]","[ 0.00000000e+00  1.22246111e+00 -9.46400166e-01  6.12267870e-05
 -1.01286554e+00  1.04622397e+00 -5.39647617e-01 -7.99488533e-02]","[ 0.          6.36091709  9.93835354  1.16136587 -1.77800262  4.77392721
 -2.81690741 -0.54866546]"
1747421924.215166,"[ 0.         -0.14029107  0.74099262  3.02447642 -2.29905903 -0.00420087
  1.23740744  1.55941318]","[ 0.00000000e+00  1.23164449e+00 -9.33590361e-01  1.32835457e-04
 -9.90447453e-01  1.05175955e+00 -5.29661162e-01 -8.87720308e-02]","[ 0.          6.24151278  9.75815201  1.08752084 -1.97482121  4.69112396
 -2.51865339 -0.56336987]"
1747421924.2175758,"[ 0.00000000e+00 -1.37763193e-01  7.40003517e-01  3.02447642e+00
 -2.30106626e+00 -2.03465507e-03  1.23626401e+00  1.55923048e+00]","[ 0.00000000e+00  1.23462444e+00 -9.31354039e-01  8.82075071e-05
 -9.75824301e-01  1.05932232e+00 -5.16398753e-01 -9.34537265e-02]","[ 0.          6.25236368  9.98509693  1.10074973 -2.07289076  4.57370043
 -2.36949897 -0.5623458 ]"
1747421924.2193859,"[ 0.00000000e+00 -1.35318943e-01  7.38178719e-01  3.02447615e+00
 -2.30297095e+00  6.39158662e-05  1.23534216e+00  1.55903541e+00]","[ 0.00000000e+00  1.24082774e+00 -9.24003448e-01  3.54591715e-05
 -9.62357295e-01  1.06634481e+00 -5.04542094e-01 -9.50412452e-02]","[ 0.          6.26164484  9.81156826  1.05048561 -1.99841964  4.55230093
 -2.47064781 -0.51288724]"
1747421924.2217052,"[ 0.00000000e+00 -1.32770298e-01  7.36298328e-01  3.02447615e+00
 -2.30492012e+00  2.25187227e-03  1.23423775e+00  1.55885378e+00]","[ 0.          1.24732226 -0.91630798  0.         -0.94815552  1.06796541
 -0.49978153 -0.09075275]","[ 0.          6.27408409  9.62869549  1.02157426 -1.87563205  4.87499571
 -2.5603478  -0.55937523]"
1747421924.2235057,"[ 0.         -0.13030261  0.73450063  3.02447615 -2.30676782  0.00436282
  1.23325597  1.55868067]","[ 0.          1.25271209 -0.9099584   0.         -0.93372698  1.0709365
 -0.49589897 -0.08291993]","[ 0.          6.3296175   9.56522751  0.99061376 -1.69541931  5.14482117
 -2.43925166 -0.52988797]"
1747421924.226449,"[ 0.         -0.12649323  0.73176476  3.02447615 -2.30955375  0.00761629
  1.23176434  1.55844565]","[ 0.          1.25703361 -0.89834422  0.         -0.91003876  1.06904579
 -0.48914653 -0.07422747]","[ 0.          6.4816432   9.49464226  1.0114665  -1.12283778  4.79732656
 -2.37895417 -0.53208917]"
1747421924.2282457,"[ 0.         -0.1240085   0.73000328  3.02447695 -2.31132182  0.00980619
  1.23080919  1.55830583]","[ 0.00000000e+00  1.26081503e+00 -8.91321667e-01  3.46450007e-05
 -8.91497902e-01  1.06777207e+00 -4.82394081e-01 -6.94150525e-02]","[ 0.          6.55413055  9.38673019  1.03416252 -0.61638439  4.82655334
 -2.53432751 -0.54812837]"
1747421924.2300222,"[ 0.         -0.12142896  0.72818767  3.02447695 -2.31311946  0.01189146
  1.2298141   1.55816975]","[ 0.00000000e+00  1.26135525e+00 -8.85463445e-01  5.51973377e-05
 -8.72604905e-01  1.05339220e+00 -4.87255848e-01 -6.44474955e-02]","[ 0.          6.57968378  9.34604359  1.09267819 -0.31475383  5.09019184
 -2.55540228 -0.51488918]"
1747421924.2318115,"[ 0.         -0.11894476  0.72645102  3.02447695 -2.31480977  0.01405092
  1.22886855  1.55804897]","[ 0.00000000e+00  1.25973458e+00 -8.79167266e-01  5.30298904e-05
 -8.52427664e-01  1.05347828e+00 -4.75641669e-01 -5.99008845e-02]","[ 0.          6.60374308  9.29756546  1.06059933 -0.22875379  5.03975201
 -2.34004259 -0.45204094]"
1747421924.2329369,"[ 0.         -0.11760839  0.72551978  3.02447695 -2.31564041  0.01508975
  1.22837187  1.55798998]","[ 0.00000000e+00  1.25835613e+00 -8.76937335e-01  5.08780598e-05
 -8.42434019e-01  1.05365026e+00 -4.67683179e-01 -5.99616379e-02]","[ 0.          6.46036291  9.19142818  1.08119977 -0.21748169  5.19344282
 -2.28249431 -0.47026932]"
1747421924.235316,"[ 0.         -0.1151178   0.72378999  3.02447748 -2.31734723  0.01718072
  1.22745294  1.55785589]","[ 0.00000000e+00  1.26169614e+00 -8.77006511e-01  6.88358628e-05
 -8.30279618e-01  1.06418406e+00 -4.66188246e-01 -6.72059479e-02]","[ 0.          6.40580273  9.21482372  1.0866816  -0.11073215  4.9753418
 -2.17497754 -0.54120147]"
1747421924.237688,"[ 0.         -0.11252015  0.72198537  3.02447748 -2.31896643  0.01938489
  1.22699355  1.55770556]","[ 0.00000000e+00  1.26989148e+00 -8.82203470e-01  6.64153592e-05
 -8.18935551e-01  1.08037455e+00 -4.65918135e-01 -7.91385615e-02]","[ 0.          6.48311186  9.40460396  1.14182544  0.05911082  5.06315327
 -2.25194788 -0.54494768]"
1747421924.2393255,"[ 0.         -0.11000933  0.72024553  3.02447695 -2.32062638  0.02153484
  1.22603175  1.55752952]","[ 0.00000000e+00  1.27431992e+00 -8.82948622e-01  1.89758172e-05
 -8.07051261e-01  1.09416486e+00 -4.70779902e-01 -8.86819161e-02]","[ 0.          6.51949978  9.8113203   1.14727724  0.33938399  5.03233576
 -2.48536944 -0.57209891]"
1747421924.241111,"[ 0.         -0.10738984  0.7184391   3.02447748 -2.32220217  0.0237999
  1.22505184  1.5573431 ]","[ 0.00000000e+00  1.28142683e+00 -8.81701930e-01  3.66649817e-05
 -7.96787571e-01  1.11145111e+00 -4.80973917e-01 -9.79150207e-02]","[ 0.          6.41014814 10.42860699  1.11496139  0.52267373  4.85300732
 -2.54043388 -0.65126407]"
1747421924.2428937,"[ 0.         -0.10485398  0.71670199  3.02447695 -2.32381445  0.02602691
  1.22409483  1.55711767]","[ 0.00000000e+00  1.28674436e+00 -8.79167266e-01  2.74260526e-05
 -7.83282681e-01  1.13352978e+00 -4.87255848e-01 -1.04257622e-01]","[ 0.          6.20438576 10.97891045  1.04322386  0.54717833  4.76938534
 -2.36940408 -0.59799129]"
1747421924.2441077,"[ 0.         -0.10328804  0.71583733  3.02447695 -2.32458224  0.02724173
  1.2236088   1.55701207]","[ 0.00000000e+00  1.28990008e+00 -8.77006511e-01  1.82840358e-05
 -7.78690992e-01  1.14400572e+00 -4.92927882e-01 -1.06958600e-01]","[ 0.          5.96096325 11.19605732  0.95205277  0.44200131  5.05394363
 -2.39600635 -0.57038033]"
1747421924.2459254,"[ 0.         -0.10073513  0.71404828  3.02447695 -2.3262776   0.02953152
  1.22257377  1.55678943]","[ 0.00000000e+00  1.29646783e+00 -8.72172674e-01  1.76854341e-05
 -7.68236420e-01  1.16655098e+00 -5.08323450e-01 -1.07127153e-01]","[ 0.          5.89893723 11.52310467  0.89227456  0.39561161  5.26455975
 -2.44092584 -0.52617216]"
1747421924.247702,"[ 0.         -0.09807091  0.7123378   3.02447695 -2.32777297  0.03194023
  1.22155018  1.55658397]","[ 0.00000000e+00  1.30249137e+00 -8.65932488e-01  1.71242363e-05
 -7.55192524e-01  1.17886250e+00 -5.21828339e-01 -1.04257622e-01]","[ 0.          5.67618465 11.82764626  0.76274651  0.32501826  5.22135401
 -2.50461793 -0.55784535]"
1747421924.2494402,"[ 0.         -0.0967862   0.71148972  3.02447695 -2.32856925  0.03310938
  1.22102887  1.55648503]","[ 0.00000000e+00  1.30163010e+00 -8.59990376e-01  2.56880044e-05
 -7.49092354e-01  1.18572787e+00 -5.28850862e-01 -1.00476258e-01]","[ 0.          5.64388704 12.27929592  0.74268353  0.32501826  4.88769865
 -2.47795081 -0.59894526]"
1747421924.251136,"[ 0.         -0.09421572  0.70974295  3.02447642 -2.33003     0.03547243
  1.21994816  1.55628996]","[ 0.00000000e+00  1.30457077e+00 -8.50266842e-01  8.27968609e-06
 -7.38176389e-01  1.20409449e+00 -5.26690073e-01 -9.34537265e-02]","[ 0.          5.27025795 12.73559189  0.63676643  0.40785217  4.90256405
 -2.50535417 -0.63382226]"
1747421924.2522755,"[ 0.         -0.09154243  0.70808254  3.02447615 -2.33146597  0.03796009
  1.21886265  1.55611299]","[ 0.          1.30457077 -0.83869301  0.         -0.7246715   1.21759938
 -0.5311276  -0.08877203]","[ 0.          4.5897727  13.13062286  0.36112288  0.6652599   5.34860373
 -2.56486058 -0.65113765]"
1747421924.2539992,"[ 0.         -0.09025506  0.70720043  3.02447455 -2.33222711  0.03917015
  1.21833375  1.55602457]","[ 0.00000000e+00  1.30565121e+00 -8.29763831e-01 -4.68083477e-05
 -7.16022018e-01  1.22732298e+00 -5.35870089e-01 -8.32551261e-02]","[ 0.          4.58861399 13.22490883  0.14475884  0.65985858  5.67868137
 -2.53912425 -0.51955873]"
1747421924.255838,"[ 0.         -0.08759084  0.70558449  3.02447242 -2.33361994  0.04170348
  1.21727501  1.55587237]","[ 0.00000000e+00  1.29948213e+00 -8.15424306e-01 -1.03251880e-04
 -7.02793631e-01  1.24038672e+00 -5.36413574e-01 -7.50870946e-02]","[ 0.          3.96948767 13.67609692 -0.25001505  0.80792648  5.62301016
 -2.46207881 -0.49489164]"
1747421924.2576153,"[ 0.         -0.08502781  0.70399758  3.02446949 -2.33498454  0.04417687
  1.2161686   1.55572869]","[ 0.00000000e+00  1.30024925e+00 -8.01379194e-01 -1.74482483e-04
 -6.88748585e-01  1.25919450e+00 -5.41275341e-01 -6.88964518e-02]","[ 0.          3.71289992 13.60362625 -0.54288828  0.86125106  5.45870495
 -2.52157521 -0.46192414]"
1747421924.2593248,"[ 0.         -0.08374896  0.70315449  3.02446816 -2.33570972  0.04542784
  1.21563583  1.55572869]","[ 0.00000000e+00  1.29700805e+00 -7.93186045e-01 -2.04104933e-04
 -6.82842493e-01  1.26864778e+00 -5.40194963e-01 -6.88964518e-02]","[ 0.          3.48916435 13.52054024 -0.68120915  0.88580644  5.79209042
 -2.52524567 -0.46192414]"
1747421924.2610302,"[ 0.         -0.08109592  0.70160979  3.02446603 -2.33703411  0.04806106
  1.21453608  1.55559647]","[ 0.00000000e+00  1.29538752e+00 -7.80581703e-01 -2.46133187e-04
 -6.66870650e-01  1.28759924e+00 -5.36644503e-01 -6.55671883e-02]","[ 0.          3.48309278 13.3073616  -0.84983873  0.87861484  6.08552217
 -2.75888991 -0.47891852]"
1747421924.2621775,"[ 0.         -0.0798192   0.70003247  3.02446363 -2.3383822   0.05062197
  1.21346789  1.55546238]","[ 0.00000000e+00  1.29353542e+00 -7.67100715e-01 -2.89976988e-04
 -6.55508740e-01  1.30297913e+00 -5.42355719e-01 -6.56336883e-02]","[ 0.          3.51889229 13.00799465 -0.87115943  1.02999151  5.93071604
 -2.84841847 -0.51135004]"
1747421924.263872,"[ 0.         -0.07854354  0.69928212  3.02446283 -2.33902003  0.05201278
  1.21293033  1.55539673]","[ 0.00000000e+00  1.29376685e+00 -7.61134702e-01 -3.01596914e-04
 -6.46883427e-01  1.30951293e+00 -5.45056697e-01 -6.64439800e-02]","[ 0.          3.52153134 13.09821033 -0.84705591  1.24995255  5.68712616
 -2.73720884 -0.5082978 ]"
1747421924.2662542,"[ 0.         -0.07589636  0.6977994   3.02446124 -2.34027358  0.05461936
  1.21180115  1.55526064]","[ 0.00000000e+00  1.29145763e+00 -7.47681810e-01 -3.22814395e-04
 -6.31387691e-01  1.32455806e+00 -5.53138825e-01 -6.62028724e-02]","[ 0.          3.52470064 13.10068512 -0.76701206  1.79057682  5.50574064
 -2.46664119 -0.49932912]"
1747421924.2673807,"[ 0.         -0.07335145  0.69628453  3.02446044 -2.34093431  0.05735151
  1.21070805  1.55512749]","[ 0.00000000e+00  1.28998556e+00 -7.36757723e-01 -3.32993899e-04
 -6.22156575e-01  1.33709222e+00 -5.52889520e-01 -6.86047607e-02]","[ 0.          3.2517705  13.21669292 -0.80830365  2.06657553  5.50920868
 -2.37714744 -0.521496  ]"
1747421924.2691057,"[ 0.         -0.07198471  0.69556455  3.02446044 -2.34153725  0.05867953
  1.21012868  1.55506184]","[ 0.00000000e+00  1.28694370e+00 -7.30343566e-01 -3.26178099e-04
 -6.11500668e-01  1.34697615e+00 -5.45672153e-01 -6.64439800e-02]","[ 0.          3.12313581 13.07405186 -0.67994463  2.54092121  5.40786362
 -2.28706217 -0.46055612]"
1747421924.2708213,"[ 0.         -0.06944672  0.69414561  3.02445937 -2.3427141   0.06136127
  1.20906608  1.55492202]","[ 0.00000000e+00  1.28598030e+00 -7.16112366e-01 -3.40779029e-04
 -5.91243400e-01  1.36426233e+00 -5.36413574e-01 -6.89613247e-02]","[ 0.          2.93946338 13.24668789 -0.63777393  3.09517455  5.55935621
 -2.26663756 -0.37756538]"
1747421924.2725644,"[ 0.         -0.06691299  0.69269919  3.02445911 -2.34389628  0.06418474
  1.20797778  1.55478407]","[ 0.00000000e+00  1.28404339e+00 -7.02253409e-01 -3.39391305e-04
 -5.71486806e-01  1.38223573e+00 -5.29876346e-01 -6.93447200e-02]","[ 0.          3.04721045 13.39249992 -0.58201814  3.42092848  5.75512218
 -2.19601321 -0.34011671]"
1747421924.2763963,"[ 0.         -0.06555318  0.69201222  3.02445857 -2.34444942  0.06555272
  1.20745647  1.55471083]","[ 0.00000000e+00  1.28042375e+00 -6.96851519e-01 -3.42749157e-04
 -5.61562004e-01  1.38608493e+00 -5.28850862e-01 -6.89613247e-02]","[ 0.          2.99395275 13.50516701 -0.55401546  3.42354465  6.12197685
 -2.08024335 -0.39138746]"
1747421924.2780898,"[ 0.         -0.06303223  0.69065674  3.02445724 -2.34556528  0.06840854
  1.20641863  1.55457674]","[ 0.00000000e+00  1.27626669e+00 -6.83616740e-01 -4.05711981e-04
 -5.40194963e-01  1.39728179e+00 -5.25069506e-01 -6.75243704e-02]","[ 0.          3.01085281 13.53055668 -0.4839375   3.33929467  6.05443239
 -2.07739043 -0.37161356]"
1747421924.2798014,"[ 0.         -0.05792109  0.68798426  3.02445351 -2.34763988  0.07393563
  1.20432765  1.55434651]","[ 0.00000000e+00  1.26783752e+00 -6.52825605e-01 -7.59653567e-04
 -5.02289226e-01  1.39802455e+00 -5.16966572e-01 -5.02381288e-02]","[ 0.          3.29165268 13.83196068 -0.37748352  2.72991848  5.70872974
 -2.32230783 -0.34870088]"
1747421924.2815382,"[ 0.         -0.05657939  0.68734916  3.02445271 -2.34812671  0.07542156
  1.20381779  1.55429991]","[ 0.00000000e+00  1.26337153e+00 -6.44182449e-01 -6.99689010e-04
 -4.93738182e-01  1.39797169e+00 -5.16966572e-01 -4.72670564e-02]","[ 0.          3.42916489 14.01475716 -0.37905535  2.49594879  6.06548595
 -2.34747744 -0.35763457]"
1747421924.2826817,"[ 0.         -0.05409679  0.68605473  3.02445032 -2.34911448  0.0781794
  1.20275332  1.55421708]","[ 0.00000000e+00  1.25811405e+00 -6.27706536e-01 -7.15965632e-04
 -4.77964678e-01  1.39991526e+00 -5.19937628e-01 -3.86183408e-02]","[ 0.          3.39943814 14.26045513 -0.37451279  2.17178321  6.0819025
 -2.19199014 -0.36606085]"
1747421924.284374,"[ 0.         -0.05286108  0.68544447  3.02444899 -2.3495768   0.0795588
  1.2022424   1.55418566]","[ 0.00000000e+00  1.25325232e+00 -6.18436206e-01 -7.39644294e-04
 -4.68889224e-01  1.39910486e+00 -5.17522074e-01 -3.18715031e-02]","[ 0.          3.26983857 14.2295866  -0.43029448  2.05200934  5.77736139
 -2.13115788 -0.34672555]"
1747421924.2861028,"[ 0.         -0.05030445  0.68420696  3.02444579 -2.35047828  0.08242984
  1.20122933  1.55413719]","[ 0.00000000e+00  1.24581770e+00 -5.99886490e-01 -7.73704798e-04
 -4.54033845e-01  1.40369655e+00 -5.13185217e-01 -2.32519659e-02]","[ 0.          3.28323197 14.27679253 -0.50318593  1.86316419  5.88617277
 -2.14289761 -0.2912516 ]"
1747421924.287302,"[ 0.         -0.04785807  0.68304516  3.02444153 -2.35138589  0.08530278
  1.20018377  1.55409911]","[ 0.00000000e+00  1.23741197e+00 -5.85571333e-01 -9.21858608e-04
 -4.39597115e-01  1.40279880e+00 -5.08323450e-01 -1.72862385e-02]","[ 0.          3.17497897 14.12108421 -0.4670563   1.65860629  5.89254761
 -2.09036231 -0.25198117]"
1747421924.289035,"[ 0.         -0.04664154  0.68243217  3.02443966 -2.35181226  0.08668883
  1.19968909  1.55408206]","[ 0.00000000e+00  1.23380525e+00 -5.77268995e-01 -1.09151985e-03
 -4.32426055e-01  1.40585731e+00 -5.01841116e-01 -1.72862385e-02]","[ 0.          3.03113723 14.14811993 -0.47558376  1.52370071  5.68194675
 -2.07658577 -0.28365076]"
1747421924.2907252,"[ 0.         -0.04412432  0.68131723  3.0244346  -2.3526437   0.08946474
  1.19867602  1.55405157]","[ 0.          1.2277624  -0.56180275 -0.00163384 -0.41757071  1.40774802
 -0.49250927 -0.014817  ]","[ 0.          3.04267693 13.93378353 -0.3902179   1.50030661  5.34296465
 -2.03316736 -0.37699413]"
1747421924.2919195,"[ 0.         -0.04291631  0.68076942  3.02443194 -2.35305116  0.09085365
  1.19819173  1.55403825]","[ 0.          1.22516209 -0.5555905  -0.00190056 -0.41324913  1.40855828
 -0.49153575 -0.01390719]","[ 0.          3.17921019 13.71121597 -0.29401124  1.58471608  5.55665207
 -2.09282923 -0.40939358]"
1747421924.2936409,"[ 0.         -0.04051201  0.67965542  3.02442635 -2.35387195  0.09373992
  1.19722899  1.55401162]","[ 0.          1.2181396  -0.54015525 -0.00249141 -0.396233    1.40855828
 -0.48833623 -0.01350487]","[ 0.          3.27844    13.69927883 -0.18716145  1.83849001  5.80155563
 -2.21787262 -0.40166041]"
1747421924.294782,"[ 0.         -0.0392225   0.67913058  3.02442369 -2.35425358  0.09533906
  1.19671434  1.55399924]","[ 0.          1.21422089 -0.53236214 -0.0025567  -0.38704968  1.40653308
 -0.48448466 -0.01296468]","[ 0.          3.20912337 13.76579571 -0.20359279  1.99910796  5.56897926
 -2.20588255 -0.37296614]"
1747421924.2971165,"[ 0.         -0.03683312  0.67806065  3.02441729 -2.35501551  0.09822532
  1.1957536   1.5539754 ]","[ 0.          1.21111711 -0.51934148 -0.00288846 -0.36662347  1.410449
 -0.48676216 -0.01169763]","[ 0.          3.23666143 13.78970337 -0.15724465  2.42292881  5.53988934
 -2.25110674 -0.35033605]"
1747421924.29883,"[ 0.         -0.03436277  0.67705644  3.02440984 -2.35571193  0.10112205
  1.1947709   1.5539545 ]","[ 0.          1.2046917  -0.50535239 -0.00329836 -0.34815565  1.41433415
 -0.47746314 -0.0101429 ]","[ 0.          3.26855373 13.59201813 -0.16847853  2.77206445  5.75461054
 -2.07356834 -0.35732865]"
1747421924.3005297,"[ 0.         -0.03317766  0.67656602  3.02440478 -2.35607145  0.10251856
  1.19430378  1.55394597]","[ 0.          1.20193374 -0.49751954 -0.00371994 -0.33821896  1.41495613
 -0.47375096 -0.00936268]","[ 0.          3.22428489 13.44744301 -0.22257176  2.94662333  5.78501368
 -2.07754612 -0.36527202]"
1747421924.3043494,"[ 0.         -0.03081544  0.67556547  3.02439439 -2.35671034  0.10530494
  1.19338193  1.55393452]","[ 0.          1.19653178 -0.48598928 -0.00476984 -0.3195253   1.41117857
 -0.4657159  -0.00580415]","[ 0.          3.15896034 13.2470808  -0.15975483  3.1847887   5.68620777
 -2.10116744 -0.30007461]"
1747421924.306145,"[ 0.         -0.02593972  0.67367589  3.0243595  -2.3578864   0.11098329
  1.19157351  1.55393173]","[ 0.00000000e+00  1.18501893e+00 -4.61866668e-01 -9.98854145e-03
 -2.77130990e-01  1.41044900e+00 -4.40799067e-01  5.39921159e-04]","[ 0.          3.20417857 12.87567806 -0.05103924  3.19347239  5.67311859
 -1.90865815 -0.20164193]"
1747421924.307339,"[ 0.         -0.02360626  0.67277954  3.02433181 -2.35840385  0.11386479
  1.19069546  1.55393266]","[ 0.00000000e+00  1.18356711e+00 -4.51602979e-01 -1.47953392e-02
 -2.57943097e-01  1.40630951e+00 -4.24593232e-01  4.63619188e-04]","[ 0.          3.35666013 12.61146069  0.0356318   2.9948411   5.50662041
 -1.7751075  -0.25012061]"
1747421924.3091102,"[ 0.         -0.0224398   0.67234098  3.02431609 -2.3586683   0.1152537
  1.1902836   1.55393173]","[ 0.00000000e+00  1.18302689e+00 -4.44399827e-01 -1.59357516e-02
 -2.49013085e-01  1.40855828e+00 -4.17147600e-01  2.64991160e-04]","[ 0.          3.41007662 12.50821972  0.03270051  2.87993646  5.45145655
 -1.74509418 -0.26869825]"
1747421924.3102453,"[ 0.         -0.02002537  0.67144976  3.02427854 -2.35913196  0.11663975
  1.1894483   1.55393173]","[ 0.          1.17811016 -0.43215598 -0.01996696 -0.23039315  1.40585731
 -0.40398799  0.        ]","[ 0.          3.37150764 12.51145172  0.08221692  2.73946095  5.21905518
 -1.74797308 -0.27361059]"
1747421924.3120642,"[ 0.         -0.01886583  0.67102864  3.02425564 -2.35934927  0.11802676
  1.18905735  1.55393173]","[ 0.          1.1760044  -0.4270241  -0.02156609 -0.22017623  1.40666771
 -0.39650311  0.        ]","[ 0.          3.36610961 12.60257339  0.05858739  2.68848467  5.2456255
 -1.85482669 -0.29381478]"
1747421924.3138356,"[ 0.         -0.01654942  0.67017044  3.0242101  -2.35977591  0.12090636
  1.18829342  1.55393079]","[ 0.00000000e+00  1.17276320e+00 -4.16024877e-01 -2.32283823e-02
 -2.04463793e-01  1.40666771e+00 -3.85969307e-01 -1.32479098e-04]","[ 0.          3.3168714  12.73242188  0.08129513  2.68077326  5.3105278
 -1.93600881 -0.30559462]"
1747421924.3155751,"[ 0.         -0.01415204  0.66937049  3.02416376 -2.36014875  0.12368512
  1.18750193  1.55393079]","[ 0.00000000e+00  1.16952213e+00 -4.02445253e-01 -2.32283823e-02
 -1.84476569e-01  1.41044900e+00 -3.88253733e-01 -2.04768545e-04]","[ 0.          3.3107307  13.01816845  0.06569289  2.65076661  5.398283
 -1.975384   -0.27378592]"
1747421924.3167567,"[ 0.         -0.01300155  0.66898114  3.02414033 -2.36033464  0.12518343
  1.18711764  1.55393079]","[ 0.00000000e+00  1.16682115e+00 -3.94882508e-01 -2.20468647e-02
 -1.75036379e-01  1.41082330e+00 -3.89355749e-01 -1.84758442e-04]","[ 0.          3.16957664 13.04323483  0.08566558  2.65211368  5.62030888
 -1.98443532 -0.2410643 ]"
1747421924.318549,"[ 0.         -0.01061696  0.66819085  3.02409985 -2.36065848  0.127966
  1.18632228  1.55393079]","[ 0.00000000e+00  1.16297209e+00 -3.81917840e-01 -1.97171168e-02
 -1.61354639e-01  1.41044900e+00 -3.90697250e-01 -1.69473891e-04]","[ 0.          3.12870669 13.17200375  0.09457421  2.57075238  5.81990337
 -1.94600618 -0.24849537]"
1747421924.32022,"[ 0.         -0.00947286  0.66782027  3.024082   -2.36081081  0.1294624
  1.18593706  1.55393079]","[ 0.00000000e+00  1.16033875e+00 -3.75975695e-01 -1.80965312e-02
 -1.54495751e-01  1.40906801e+00 -3.90560963e-01 -9.68422185e-05]","[ 0.          3.30716944 13.29414749  0.10848364  2.56267619  5.64907312
 -1.94806039 -0.26697257]"
1747421924.3213468,"[ 0.         -0.00709999  0.66710261  3.02404845 -2.36110429  0.1322345
  1.18515409  1.55393079]","[ 0.00000000e+00  1.15905178e+00 -3.60310049e-01 -1.59357516e-02
 -1.39678039e-01  1.40443291e+00 -3.98259962e-01 -9.68510285e-05]","[ 0.          3.28052163 13.37825298  0.12150978  2.52820039  5.56807089
 -1.89140153 -0.23237988]"
1747421924.3230567,"[ 0.         -0.00595962  0.66672697  3.0240338  -2.36123346  0.1336158
  1.18473264  1.55393079]","[ 0.00000000e+00  1.15655733e+00 -3.53250908e-01 -1.48403102e-02
 -1.30997274e-01  1.40099557e+00 -3.96715695e-01 -8.88757274e-05]","[ 0.          3.20061111 13.37447834  0.11533479  2.53671861  5.35824251
 -1.90444696 -0.26050165]"
1747421924.324868,"[ 0.         -0.00368581  0.66605146  3.02400663 -2.36146888  0.13646401
  1.18397071  1.55393079]","[ 0.00000000e+00  1.15052873e+00 -3.38972337e-01 -1.35048743e-02
 -1.15989454e-01  1.38749068e+00 -3.82998218e-01 -8.16419714e-05]","[ 0.          3.30210471 13.45923042  0.08027483  2.62548757  5.44855452
 -1.91662443 -0.26917475]"
1747421924.326533,"[ 0.00000000e+00 -2.46661980e-03  6.65699326e-01  3.02399438e+00
 -2.36158233e+00  1.37823430e-01  1.18360067e+00  1.55393079e+00]","[ 0.00000000e+00  1.14910008e+00 -3.31515918e-01 -1.24244839e-02
 -1.06726871e-01  1.37884766e+00 -3.75435506e-01 -8.16419714e-05]","[ 0.          3.23425889 13.61067486  0.07627035  2.69263458  5.79246902
 -1.88309026 -0.25556237]"
1747421924.3283312,"[ 0.00000000e+00 -2.09857094e-04  6.65064228e-01  3.02396722e+00
 -2.36176795e+00  1.40627872e-01  1.18284713e+00  1.55393079e+00]","[ 0.          1.1427824  -0.31871504 -0.0135415  -0.09048265  1.36693894
 -0.36571197  0.        ]","[ 0.00000000e+00  3.15788651e+00  1.37252426e+01 -7.65983807e-03
  2.78487802e+00  5.79596138e+00 -1.78258884e+00 -2.24968001e-01]"
1747421924.3323276,"[ 0.00000000e+00  2.03318890e-03  6.64433791e-01  3.02394059e+00
 -2.36192295e+00  1.43304848e-01  1.18214418e+00  1.55393079e+00]","[ 0.          1.13494964 -0.30493444 -0.01349119 -0.07076554  1.35453886
 -0.35292953  0.        ]","[ 0.          3.12655091 13.75584316 -0.09289354  2.78078699  5.62702847
 -1.76023781 -0.21432878]"
1747421924.334011,"[ 0.          0.00664391  0.66328577  3.0238828  -2.36211363  0.14870447
  1.18075521  1.55393079]","[ 0.          1.11892886 -0.27608688 -0.01431517 -0.03510758  1.33400895
 -0.34626497  0.        ]","[ 0.          3.22432733 13.68673611 -0.0521597   2.55060649  5.35583067
 -1.85543358 -0.23827907]"
1747421924.3358026,"[ 0.          0.00883976  0.66276139  3.02385696 -2.36215624  0.15143282
  1.18004468  1.55393079]","[ 0.          1.11253148 -0.26253475 -0.01269458 -0.01726872  1.33032673
 -0.34626497  0.        ]","[ 0.          3.21599722 13.62298393 -0.04708659  2.46688867  5.19036674
 -1.79341209 -0.26031157]"
1747421924.3369427,"[ 0.          0.00993125  0.66250886  3.02384498 -2.3621637   0.15274181
  1.17970979  1.55393079]","[ 0.          1.10573796 -0.2560524  -0.01128458 -0.00702152  1.32752908
 -0.33978264  0.        ]","[ 0.          3.28931093 13.58699989 -0.03538845  2.4193151   5.36124754
 -1.71660244 -0.25736463]"
1747421924.338741,"[ 0.          0.01218679  0.66200193  3.02382581 -2.36215225  0.15535695
  1.17903055  1.55393173]","[ 0.00000000e+00  1.09911814e+00 -2.43627924e-01 -8.91321630e-03
  5.80709558e-03  1.32563837e+00 -3.29509759e-01  4.24239132e-05]","[ 0.          3.18580127 13.64002419 -0.06362583  2.43536568  5.54072428
 -1.71911216 -0.23067215]"
1747421924.3404825,"[ 0.          0.01434177  0.66154406  3.02381116 -2.36212881  0.15805485
  1.1783846   1.55393173]","[ 0.00000000e+00  1.09119377e+00 -2.28232373e-01 -5.94214437e-03
  1.18842887e-02  1.31510463e+00 -3.27420110e-01  4.07008923e-05]","[ 0.          3.09604096 13.76616573 -0.09397006  2.61869144  5.49511337
 -1.87736905 -0.20422573]"
1747421924.3422372,"[ 0.          0.01541306  0.66132595  3.0238069  -2.36211763  0.15935053
  1.1780573   1.55393173]","[ 0.00000000e+00  1.08660215e+00 -2.21209833e-01 -4.32155961e-03
  1.05223669e-02  1.31402419e+00 -3.31613457e-01  4.08209857e-05]","[ 0.          3.18117833 13.79709339 -0.06904516  2.70202446  5.16404724
 -1.82951045 -0.22652063]"
1747421924.3439505,"[ 0.          0.01762544  0.66089299  3.0238029  -2.36210484  0.16193998
  1.17738006  1.55393173]","[ 0.00000000e+00  1.07849921e+00 -2.07975055e-01 -1.25502403e-03
  5.13185212e-03  1.31213348e+00 -3.30869403e-01  3.92247023e-05]","[ 0.          3.15923786 13.9427557  -0.11818422  3.04181337  5.19893122
 -1.82911396 -0.18560608]"
1747421924.3457012,"[ 0.          0.01974368  0.66050123  3.0238029  -2.36210112  0.16461981
  1.17672838  1.55393173]","[ 0.00000000e+00  1.07255710e+00 -1.95550576e-01  5.40194952e-04
  1.00307384e-03  1.30513775e+00 -3.32760081e-01  3.78504980e-05]","[ 0.          3.17605352 13.96299267 -0.09384894  3.41892004  5.56292248
 -1.64986491 -0.19318636]"
1747421924.3468935,"[ 0.          0.02087788  0.66029877  3.0238037  -2.36210165  0.16590217
  1.17640108  1.55393173]","[ 0.00000000e+00  1.06802287e+00 -1.90404749e-01  6.75243714e-04
 -5.40194952e-04  1.30051930e+00 -3.31949814e-01  3.78504980e-05]","[ 0.          3.00436687 13.95019913 -0.1756327   3.67917848  5.66306353
 -1.7168349  -0.21567009]"
1747421924.348644,"[ 0.          0.02297224  0.65993924  3.0238029  -2.36210271  0.16855346
  1.17572091  1.55393173]","[ 0.00000000e+00  1.05959237e+00 -1.80155025e-01  0.00000000e+00
 -5.40012347e-04  1.29170836e+00 -3.31949814e-01  3.64729168e-05]","[ 0.          2.938766   13.88625813 -0.244727    4.23024511  5.34310579
 -1.6369822  -0.19894856]"
1747421924.3498213,"[ 0.          0.02401414  0.65976654  3.02380237 -2.36210085  0.16982251
  1.1753984   1.55393266]","[ 0.00000000e+00  1.05555076e+00 -1.75023163e-01 -1.32462624e-04
  2.63331691e-04  1.28701441e+00 -3.27088047e-01  6.17432093e-05]","[ 0.          3.07745552 13.72947598 -0.23255846  4.41568422  5.48983383
 -1.56820858 -0.2230458 ]"
1747421924.3515148,"[ 0.          0.02616728  0.65943044  3.02380104 -2.36209419  0.17235488
  1.17474486  1.55393266]","[ 0.00000000e+00  1.05013901e+00 -1.60167801e-01 -3.07169689e-04
  1.48928519e-03  1.28274243e+00 -3.15473868e-01  5.97906485e-05]","[ 0.          2.90417814 13.40663433 -0.36444157  4.8545289   5.43001223
 -1.46195173 -0.1650117 ]"
1747421924.353317,"[ 0.          0.0272      0.65927751  3.02379971 -2.36208886  0.17361726
  1.17444046  1.55393266]","[ 0.00000000e+00  1.04743803e+00 -1.55035956e-01 -4.52982733e-04
  2.13301752e-03  1.28026210e+00 -3.08408602e-01  5.79578031e-05]","[ 0.          2.84987926 13.29026222 -0.43074617  5.00062466  5.2863574
 -1.40969872 -0.14556128]"
1747421924.3550673,"[ 0.          0.02933018  0.65897857  3.02379731 -2.36207182  0.17622575
  1.17383832  1.55393266]","[ 0.00000000e+00  1.03795638e+00 -1.43151666e-01 -6.19476952e-04
  5.09024023e-03  1.27350965e+00 -2.89386807e-01  5.79578031e-05]","[ 0.          2.88873529 12.95008564 -0.51184738  5.19885349  5.43139315
 -1.32718098 -0.13412461]"
1747421924.35677,"[ 0.          0.03136439  0.65871459  3.02379545 -2.36204785  0.17883233
  1.17330276  1.55393266]","[ 0.00000000e+00  1.02934146e+00 -1.30727179e-01 -7.39033769e-04
  1.32347767e-02  1.27290072e+00 -2.65235714e-01  5.61053587e-05]","[ 0.          2.81633162 12.75107193 -0.52598965  5.30817938  5.37905884
 -1.31544971 -0.1425347 ]"
1747421924.3585632,"[ 0.          0.03245451  0.65858968  3.02379411 -2.36203241  0.18008329
  1.17305348  1.55393359]","[ 0.00000000e+00  1.02639533e+00 -1.26675712e-01 -7.93466220e-04
  1.56656540e-02  1.26864778e+00 -2.52811236e-01  7.78406194e-05]","[ 0.          2.68690801 12.66031742 -0.57463408  5.33072376  5.38953972
 -1.30150926 -0.12295678]"
1747421924.35971,"[ 0.          0.03446576  0.65834627  3.02379039 -2.36199139  0.18258238
  1.17256266  1.55393359]","[ 0.00000000e+00  1.01799739e+00 -1.16024241e-01 -9.59293186e-04
  2.16077989e-02  1.26675721e+00 -2.35764109e-01  7.58238487e-05]","[ 0.          2.70685124 12.44935608 -0.59677809  5.37918997  5.34598207
 -1.29033363 -0.13775407]"
1747421924.36148,"[ 0.          0.03646094  0.65811671  3.02378666 -2.3619368   0.18517848
  1.17211365  1.55393359]","[ 0.00000000e+00  1.00908419e+00 -1.09836586e-01 -1.07613164e-03
  2.97107224e-02  1.26783752e+00 -2.25801489e-01  7.35964502e-05]","[ 0.          2.72970605 12.44854069 -0.57815218  5.28531885  5.17314148
 -1.26147139 -0.1251387 ]"
1747421924.3631988,"[ 0.          0.0375281   0.65801151  3.02378506 -2.36190005  0.18642755
  1.17187956  1.55393452]","[ 0.00000000e+00  1.00482919e+00 -1.06688505e-01 -1.10944352e-03
  3.46060473e-02  1.26675721e+00 -2.20425482e-01  1.00301987e-04]","[ 0.          2.84210896 12.49187756 -0.55046785  5.21242046  5.27102947
 -1.20624363 -0.13248204]"
1747421924.3643496,"[ 0.          0.03950078  0.65780905  3.0237816  -2.36181775  0.18892473
  1.17145346  1.55393452]","[ 0.00000000e+00  9.98887742e-01 -1.00914106e-01 -1.52192231e-03
  4.40258894e-02  1.26594681e+00 -2.14997594e-01  9.75159736e-05]","[ 0.          2.88003254 12.63943768 -0.53841144  5.07832098  5.39414263
 -1.1511972  -0.08177184]"
1747421924.3660624,"[ 0.          0.04048299  0.6577135   3.02378    -2.36177062  0.19026798
  1.1712432   1.55393452]","[ 0.00000000e+00  9.96119520e-01 -9.69649962e-02 -1.68311014e-03
  4.78072536e-02  1.26606825e+00 -2.13160812e-01  9.77127523e-05]","[ 0.          2.77610445 12.73671055 -0.49198917  5.03131866  5.34292603
 -1.17714763 -0.08166013]"
1747421924.3683374,"[ 0.          0.04251031  0.65753354  3.02377707 -2.36166036  0.19274898
  1.17080937  1.55393545]","[ 0.00000000e+00  9.88286697e-01 -8.53508009e-02 -1.70221026e-03
  5.53699820e-02  1.25514303e+00 -2.10645506e-01  1.19454023e-04]","[ 0.          2.84247375 13.08430767 -0.47415003  4.79690361  5.58740616
 -1.22460234 -0.04554588]"
1747421924.370025,"[ 0.          0.04444947  0.65738427  3.02377308 -2.36154159  0.19531655
  1.17039458  1.55393545]","[ 0.00000000e+00  9.82614630e-01 -7.21160221e-02 -1.71561410e-03
  6.23925172e-02  1.25009367e+00 -2.11216222e-01  1.16374288e-04]","[ 0.00000000e+00  2.84100294e+00  1.33248835e+01 -4.34841603e-01
  4.61142206e+00  5.51469088e+00 -1.30177832e+00  4.38128971e-03]"
1747421924.3711524,"[ 0.          0.04645199  0.6572617   3.02376988 -2.36139964  0.19776616
  1.16997221  1.55393639]","[ 0.00000000e+00  9.75592074e-01 -5.54261955e-02 -1.67544588e-03
  7.15758332e-02  1.23893716e+00 -2.14187294e-01  1.32592962e-04]","[ 0.00000000e+00  2.95838475e+00  1.36625843e+01 -4.41472203e-01
  4.29778814e+00  5.49950838e+00 -1.34586918e+00 -1.19213667e-03]"
1747421924.3729305,"[ 0.          0.04741216  0.6572135   3.02376802 -2.36132614  0.19907612
  1.16974011  1.55393639]","[ 0.00000000e+00  9.73701429e-01 -4.88381092e-02 -1.68938755e-03
  7.44713717e-02  1.23353001e+00 -2.18670093e-01  1.32354474e-04]","[ 0.00000000e+00  2.85999656e+00  1.37857246e+01 -4.05676663e-01
  4.09429359e+00  5.40067148e+00 -1.41588509e+00 -1.23659326e-02]"
1747421924.3747013,"[ 0.          0.04940688  0.65712987  3.02376429 -2.36117593  0.20151241
  1.16928817  1.55393639]","[ 0.00000000e+00  9.73431318e-01 -3.83538432e-02 -1.72880728e-03
  7.72478753e-02  1.23785672e+00 -2.32553934e-01  1.29336474e-04]","[ 0.00000000e+00  2.78907323e+00  1.40060158e+01 -3.97430032e-01
  3.80763435e+00  5.56999779e+00 -1.46340644e+00 -7.15445122e-03]"
1747421924.376467,"[ 0.          0.05132997  0.65707022  3.02376109 -2.36100975  0.20406477
  1.16880215  1.55393639]","[ 0.00000000e+00  9.75592074e-01 -2.70097486e-02 -1.72863472e-03
  8.23797284e-02  1.24882694e+00 -2.38225968e-01  1.26670704e-04]","[ 0.00000000e+00  2.75635123e+00  1.41386623e+01 -3.83449882e-01
  3.58155131e+00  5.39158678e+00 -1.47925436e+00 -1.04102830e-03]"
1747421924.3782425,"[ 0.          0.05229381  0.65704818  3.02375869 -2.36092666  0.20530527
  1.16856339  1.55393639]","[ 0.00000000e+00  9.77482785e-01 -2.07942031e-02 -1.82119036e-03
  8.42704147e-02  1.25683933e+00 -2.42007340e-01  1.26450177e-04]","[ 0.          2.84343314 14.18976974 -0.36163893  3.50550365  5.49474335
 -1.4778161   0.01966589]"
1747421924.3793557,"[ 0.          0.05429633  0.65702794  3.02375497 -2.36074876  0.20780529
  1.16805633  1.55393639]","[ 0.00000000e+00  9.77482785e-01 -7.02253421e-03 -1.85863690e-03
  8.81874586e-02  1.27161894e+00 -2.49765378e-01  1.23695364e-04]","[ 0.00000000e+00  2.79649663e+00  1.42218046e+01 -3.33668947e-01
  3.39826655e+00  5.22972393e+00 -1.53779578e+00 -9.78969783e-03]"
1747421924.3811424,"[ 0.          0.05526522  0.65702701  3.02375284 -2.36065981  0.20906673
  1.1678032   1.55393639]","[ 0.00000000e+00  9.82614630e-01 -1.08038990e-03 -1.88813908e-03
  9.02125596e-02  1.27945170e+00 -2.56592608e-01  1.23695364e-04]","[ 0.          2.70211029 14.17246342 -0.35351124  3.41560507  5.15878391
 -1.53597927 -0.04356329]"
1747421924.3828926,"[ 0.          0.05727877  0.65703806  3.02374831 -2.36047898  0.21170661
  1.16727616  1.55393639]","[ 0.00000000e+00  9.82839201e-01  5.46156083e-03 -1.98693937e-03
  9.15630403e-02  1.29295659e+00 -2.71177859e-01  1.21055398e-04]","[ 0.          2.65735435 14.11186981 -0.32385466  3.50523496  5.34789276
 -1.49418271 -0.06754309]"
1747421924.384606,"[ 0.          0.05825087  0.65704359  3.02374591 -2.36037885  0.21298801
  1.16698041  1.55393639]","[ 0.00000000e+00  9.85855763e-01  5.44039494e-03 -2.11966557e-03
  9.42889438e-02  1.29839223e+00 -2.78091143e-01  1.18525769e-04]","[ 0.          2.66243243 14.12220287 -0.28258768  3.58115935  5.14497948
 -1.51843059 -0.04610918]"
1747421924.3857517,"[ 0.          0.06019554  0.65704678  3.02374138 -2.36018044  0.2156764
  1.16642674  1.55393745]","[ 0.00000000e+00  9.86395986e-01  2.97006804e-03 -2.18941646e-03
  1.02802870e-01  1.31591490e+00 -2.81711677e-01  1.23967548e-04]","[ 0.          2.68694639 14.08349895 -0.22315127  3.73024225  4.92248392
 -1.41371512 -0.02562294]"
1747421924.3880153,"[ 0.          0.06221689  0.65704079  3.02373686 -2.35995913  0.2182944
  1.16585496  1.55393745]","[ 0.00000000e+00  9.86936208e-01 -6.38341573e-04 -2.26491370e-03
  1.15871817e-01  1.33050010e+00 -2.77851458e-01  1.21434140e-04]","[ 0.          2.64656878 14.13727379 -0.09016822  3.95097899  4.9289546
 -1.37338054 -0.02031131]"
1747421924.3891299,"[ 0.          0.06319129  0.65703946  3.02373499 -2.35982811  0.21971089
  1.16558385  1.55393745]","[ 0.00000000e+00  9.88286697e-01 -8.26106588e-04 -2.21325904e-03
  1.23378078e-01  1.33383744e+00 -2.74959232e-01  1.18818783e-04]","[ 0.00000000e+00  2.77303839e+00  1.41314106e+01 -1.09866582e-01
  4.02938843e+00  5.10217857e+00 -1.31504786e+00 -7.93288276e-03]"
1747421924.390831,"[ 0.          0.06513642  0.65704219  3.02373126 -2.35956339  0.22235458
  1.16504256  1.55393745]","[ 0.00000000e+00  9.83965119e-01 -6.84947412e-04 -2.07617087e-03
  1.37610144e-01  1.34264332e+00 -2.72791868e-01  1.16665758e-04]","[ 0.00000000e+00  2.69933224e+00  1.41841736e+01  2.49596536e-02
  4.11191893e+00  4.95855331e+00 -1.36745656e+00 -1.20064318e-02]"
1747421924.3925464,"[ 0.          0.06715502  0.65704538  3.02372887 -2.35926245  0.22512573
  1.16448889  1.55393745]","[ 0.00000000e+00  9.85936191e-01 -1.84762100e-04 -1.79350298e-03
  1.49708768e-01  1.35615580e+00 -2.68744512e-01  1.14249725e-04]","[ 0.          2.6464355  14.28652191  0.14016393  4.00395298  5.11118937
 -1.37928259 -0.02047697]"
1747421924.3941948,"[ 0.          0.06812483  0.65704538  3.02372754 -2.35910879  0.22646327
  1.16422724  1.55393745]","[ 0.00000000e+00  9.83695008e-01  2.64239936e-04 -1.62318810e-03
  1.55846240e-01  1.35642957e+00 -2.65235714e-01  1.14249725e-04]","[ 0.00000000e+00  2.52087355e+00  1.43997421e+01  2.23952517e-01
  3.90643787e+00  5.10580254e+00 -1.40190303e+00 -8.51585716e-03]"
1747421924.395931,"[ 0.          0.07013332  0.65704452  3.02372567 -2.35878255  0.2291469
  1.16366225  1.55393838]","[ 0.00000000e+00  9.79331751e-01  4.63676827e-04 -1.32119968e-03
  1.67730529e-01  1.36048104e+00 -2.54689447e-01  1.27565579e-04]","[ 0.          2.47313929 14.55918026  0.35111561  3.56607389  5.28543758
 -1.45855606 -0.02920489]"
1747421924.3977282,"[ 0.          0.0720656   0.65704632  3.02372434 -2.35842169  0.23193517
  1.1631685   1.55393932]","[ 0.00000000e+00  9.78920825e-01  5.54330284e-04 -9.92150586e-04
  1.78264330e-01  1.36129130e+00 -2.49840163e-01  1.40024244e-04]","[ 0.00000000e+00  2.37494516e+00  1.47971277e+01  4.21228915e-01
  3.25697803e+00  5.06982470e+00 -1.59465468e+00  5.82960527e-03]"
1747421924.3995185,"[ 0.          0.07406445  0.65704998  3.02372354 -2.35805977  0.23462546
  1.16266236  1.55393932]","[ 0.00000000e+00  9.74571617e-01  7.50683799e-04 -7.54971189e-04
  1.85556964e-01  1.36507259e+00 -2.45502323e-01  1.37476280e-04]","[ 0.00000000e+00  2.29917526e+00  1.51828775e+01  4.86892104e-01
  2.83049607e+00  4.89295912e+00 -1.60410941e+00  8.22254270e-03]"
1747421924.4013615,"[ 0.          0.07502416  0.65705184  3.02372301 -2.35785923  0.23607621
  1.16241602  1.55393932]","[ 0.00000000e+00  9.73431318e-01  8.57240671e-04 -6.48620946e-04
  1.88828657e-01  1.36618659e+00 -2.49840163e-01  1.34836282e-04]","[ 0.00000000e+00  2.28662467e+00  1.52919092e+01  4.68378603e-01
  2.69002891e+00  4.73579168e+00 -1.59108210e+00 -4.92913369e-03]"
1747421924.4030066,"[ 0.          0.0769399   0.65705411  3.02372168 -2.35747254  0.2387703
  1.1619232   1.55393932]","[ 0.00000000e+00  9.70460229e-01  9.43714019e-04 -6.29275707e-04
  1.97981443e-01  1.36507259e+00 -2.49840163e-01  1.32472035e-04]","[ 0.          2.21700335 15.50092793  0.56225705  2.51168776  4.91718197
 -1.64437294 -0.03021139]"
1747421924.4041533,"[ 0.          0.07891992  0.6570601   3.02372114 -2.35705389  0.24157761
  1.16140096  1.55393932]","[ 0.00000000e+00  9.66408762e-01  1.19223779e-03 -4.96796609e-04
  2.05937753e-01  1.37220507e+00 -2.56592608e-01  1.30366807e-04]","[ 0.          1.97492397 15.94623661  0.56999004  2.47074223  4.85828495
 -1.79459333 -0.03453523]"
1747421924.4059327,"[ 0.          0.07987136  0.65706376  3.02372114 -2.35684617  0.24293036
  1.16114409  1.55393932]","[ 0.00000000e+00  9.65058273e-01  1.53709596e-03 -4.42483565e-04
  2.10676033e-01  1.37209521e+00 -2.60110161e-01  1.30193825e-04]","[ 0.          2.10462308 16.12580872  0.62977695  2.44250512  4.8272028
 -1.85759151 -0.01802168]"
1747421924.4075959,"[ 0.          0.08184404  0.65707388  3.02372008 -2.35642059  0.24564349
  1.16059522  1.55393932]","[ 0.00000000e+00  9.61543966e-01  3.39737042e-03 -4.12984667e-04
  2.18508855e-01  1.37529194e+00 -2.71331474e-01  1.16244486e-04]","[ 0.          1.9592762  16.4817524   0.66082376  2.35251999  4.77280045
 -1.80725801 -0.0482219 ]"
1747421924.4093893,"[ 0.          0.08278951  0.65707894  3.02372008 -2.35618544  0.24710659
  1.16032211  1.55393932]","[ 0.00000000e+00  9.58846050e-01  4.41466700e-03 -3.72321299e-04
  2.21428545e-01  1.37772194e+00 -2.77120004e-01  1.14275220e-04]","[ 0.          1.72178674 16.69182587  0.62278968  2.3362844   4.86995411
 -1.75043738 -0.07178742]"
1747421924.411055,"[ 0.          0.08467632  0.65709039  3.02371928 -2.35574042  0.24983209
  1.15976378  1.55394025]","[ 0.00000000e+00  9.56145072e-01  5.44218841e-03 -3.69553523e-04
  2.27422073e-01  1.38262895e+00 -2.85203780e-01  1.25858272e-04]","[ 0.          1.67254174 16.93169212  0.62205058  2.22558761  4.59851217
 -1.73095906 -0.07900366]"
1747421924.4121811,"[ 0.          0.08662467  0.65710051  3.02371848 -2.35528182  0.25267079
  1.1591635   1.55394025]","[ 0.00000000e+00  9.51438002e-01  5.26489835e-03 -3.75341899e-04
  2.34714707e-01  1.38674952e+00 -2.96408331e-01  1.23798036e-04]","[ 0.          1.57601774 17.06481552  0.60423434  2.19461417  4.77878761
 -1.78730977 -0.08706964]"
1747421924.414129,"[ 0.          0.08755912  0.6571051   3.02371795 -2.35502882  0.25403591
  1.15887042  1.55394025]","[ 0.00000000e+00  9.46811758e-01  4.95011323e-03 -3.31211480e-04
  2.38230029e-01  1.38451966e+00 -2.97107211e-01  1.23800101e-04]","[ 0.          1.61994398 17.09537315  0.58649743  2.14231467  4.76173782
 -1.80026829 -0.10736001]"
1747421924.415309,"[ 0.          0.08949369  0.65711476  3.02371608 -2.35454946  0.25676045
  1.15827973  1.55394025]","[ 0.00000000e+00  9.44644810e-01  4.73997057e-03 -4.28620336e-04
  2.45000018e-01  1.38014875e+00 -2.98187623e-01  1.21653138e-04]","[ 0.          1.44919431 17.14186668  0.50577235  2.13652802  4.99180412
 -1.76639044 -0.06857802]"
1747421924.4170465,"[ 0.          0.09042171  0.65711889  3.02371502 -2.35430285  0.25822736
  1.15796574  1.55394118]","[ 0.00000000e+00  9.41289693e-01  4.56441572e-03 -4.74412337e-04
  2.50110258e-01  1.38123265e+00 -2.95656022e-01  1.39204766e-04]","[ 0.          1.42890978 17.18453598  0.44941097  2.15633798  5.02698278
 -1.70913935 -0.05864868]"
1747421924.4188745,"[ 0.          0.09226719  0.65712807  3.02371236 -2.35377527  0.26093859
  1.15767945  1.55394118]","[ 0.00000000e+00  9.34130051e-01  4.38741538e-03 -5.79596050e-04
  2.59833775e-01  1.37398593e+00 -2.90060587e-01  1.36831117e-04]","[ 0.          1.43216252 17.21798134  0.34695294  2.10010505  4.74599791
 -1.75710928 -0.04573812]"
1747421924.4206316,"[ 0.          0.09339542  0.65713267  3.02371049 -2.35351482  0.26228563
  1.15739783  1.55394118]","[ 0.00000000e+00  9.30020594e-01  4.56291197e-03 -6.55297704e-04
  2.64155337e-01  1.36615304e+00 -2.85763144e-01  1.19435745e-04]","[ 0.          1.30244684 17.22451401  0.29121271  2.09707117  4.98675632
 -1.77173591 -0.05908645]"
1747421924.4226346,"[ 0.          0.0952207   0.65714412  3.02370543 -2.35296008  0.26506725
  1.15682711  1.55394118]","[ 0.00000000e+00  9.24383680e-01  5.26663408e-03 -8.53173824e-04
  2.73080488e-01  1.35424578e+00 -2.78603751e-01  1.17439975e-04]","[ 0.          1.14847112 17.31865883  0.13809077  2.04954171  5.11988735
 -1.8496213  -0.08130021]"
1747421924.424566,"[ 0.          0.09710016  0.65716023  3.02369771 -2.35241467  0.26772902
  1.15628862  1.55394211]","[ 0.00000000e+00  9.15806437e-01  8.10292405e-03 -1.34187871e-03
  2.77390115e-01  1.34697615e+00 -2.73068554e-01  1.32160653e-04]","[ 0.          1.08164573 17.42619705  0.06176112  1.99309695  5.12370443
 -1.79073012 -0.06681205]"
1747421924.4262807,"[ 0.          0.09875829  0.65718267  3.02368439 -2.3518562   0.27048304
  1.15573308  1.55394211]","[ 0.00000000e+00  9.08607913e-01  1.24244839e-02 -3.64272219e-03
  2.85493033e-01  1.34292468e+00 -2.71331474e-01  1.30172231e-04]","[ 0.          0.99980134 17.59994888 -0.02485298  1.9462347   5.14692068
 -1.63756979 -0.02149145]"
1747421924.4280043,"[ 0.          0.10053812  0.65721623  3.02366655 -2.35126152  0.27322756
  1.15520698  1.55394304]","[ 0.00000000e+00  9.00234868e-01  1.78264326e-02 -9.04826561e-03
  2.92515555e-01  1.33910358e+00 -2.64425431e-01  1.44270917e-04]","[ 0.          1.0078162  17.69400787 -0.06545799  2.07248497  5.06014967
 -1.62067282 -0.02078532]"
1747421924.4291978,"[ 0.          0.10149001  0.65723686  3.02365456 -2.35096804  0.27454511
  1.15494732  1.55394304]","[ 0.00000000e+00  8.96246451e-01  2.10676037e-02 -1.21543863e-02
  2.97345831e-01  1.33617223e+00 -2.63345037e-01  1.28238887e-04]","[ 0.          1.0729326  17.72476768 -0.08912138  2.17187357  5.01402521
 -1.651806   -0.02313826]"
1747421924.4310231,"[ 0.          0.10338647  0.65728966  3.02362181 -2.35034699  0.27718119
  1.15441362  1.55394411]","[ 0.00000000e+00  8.90450614e-01  2.70829938e-02 -1.78045614e-02
  3.04683672e-01  1.33725255e+00 -2.60373964e-01  1.41999492e-04]","[ 0.          0.99639249 17.73699188 -0.08337765  2.26366186  4.73262024
 -1.74454045 -0.02657233]"
1747421924.432186,"[ 0.          0.10519798  0.65735671  3.02357973 -2.34973473  0.27991714
  1.15390176  1.55394411]","[ 0.00000000e+00  8.82125106e-01  3.61930625e-02 -2.32048487e-02
  3.11962590e-01  1.33734815e+00 -2.58753381e-01  1.40111077e-04]","[ 0.00000000e+00  1.01505017e+00  1.76563797e+01 -9.16009247e-02
  2.26278377e+00  4.89044714e+00 -1.62842834e+00  1.69907068e-03]"
1747421924.4339805,"[ 0.          0.10606447  0.65740085  3.0235531  -2.3494234   0.28123374
  1.15362785  1.55394411]","[ 0.00000000e+00  8.78897155e-01  4.16275631e-02 -2.70097486e-02
  3.15743946e-01  1.33536197e+00 -2.57789982e-01  1.40111077e-04]","[ 0.00000000e+00  9.99048412e-01  1.75759068e+01 -9.16009247e-02
  2.26853395e+00  4.75652170e+00 -1.46913898e+00  1.17672421e-02]"
1747421924.43575,"[ 0.          0.10779194  0.65749679  3.02348732 -2.34876321  0.28386314
  1.1531341   1.55394597]","[ 0.00000000e+00  8.75115799e-01  5.07268771e-02 -3.40322817e-02
  3.24927258e-01  1.33158055e+00 -2.47949485e-01  1.62489253e-04]","[ 0.          1.04949343 17.27672195 -0.06982495  2.3978641   4.91542101
 -1.4214654   0.03418994]"
1747421924.4369364,"[ 0.          0.1087172   0.65755005  3.02345163 -2.3484367   0.28527965
  1.15289722  1.55394597]","[ 0.00000000e+00  8.71169661e-01  5.40194971e-02 -3.61930625e-02
  3.31139514e-01  1.33383744e+00 -2.40386757e-01  1.60247299e-04]","[ 0.00000000e+00  1.01741910e+00  1.71027260e+01 -1.41786644e-02
  2.41630936e+00  5.06604958e+00 -1.47182894e+00  5.72311394e-02]"
1747421924.438741,"[ 0.          0.11042585  0.65766943  3.02336854 -2.34774881  0.28791192
  1.15242344  1.55394691]","[ 0.00000000e+00  8.64515486e-01  5.96828923e-02 -4.18389348e-02
  3.37758967e-01  1.33481842e+00 -2.27692167e-01  1.57902907e-04]","[ 0.00000000e+00  9.11508441e-01  1.68811207e+01 -5.04449103e-03
  2.49513555e+00  4.92595339e+00 -1.54441345e+00  7.38605782e-02]"
1747421924.4405038,"[ 0.          0.11127581  0.65773235  3.0233238  -2.34741298  0.28922376
  1.15220466  1.55394691]","[ 0.00000000e+00  8.62151132e-01  6.37430062e-02 -4.53763743e-02
  3.40592904e-01  1.33185099e+00 -2.22020133e-01  1.57902907e-04]","[ 0.          1.05283201 16.67178917  0.02131259  2.49140048  4.90576696
 -1.55315506  0.09070377]"
1747421924.4416583,"[ 0.          0.11303129  0.6578687   3.02322473 -2.34673308  0.29194354
  1.15176324  1.55394784]","[ 0.00000000e+00  8.55398687e-01  7.07655415e-02 -5.21288109e-02
  3.46886885e-01  1.32563837e+00 -2.13153189e-01  1.66651353e-04]","[ 0.          1.06808567 16.429636    0.0789099   2.56678843  5.02922773
 -1.40566194  0.09165966]"
1747421924.443468,"[ 0.          0.11387207  0.65801937  3.02310169 -2.34595197  0.29454156
  1.15134659  1.55394784]","[ 0.00000000e+00  8.52697709e-01  7.45469056e-02 -6.26921145e-02
  3.57116320e-01  1.31510463e+00 -2.11216222e-01  1.64278028e-04]","[ 0.          0.92398095 16.24354744  0.12828143  2.82589316  4.99398184
 -1.35578358  0.06381327]"
1747421924.4445908,"[ 0.          0.11470963  0.65809374  3.02303565 -2.34559484  0.29593619
  1.15113926  1.55394784]","[ 0.00000000e+00  8.48595908e-01  7.53571974e-02 -6.69163041e-02
  3.62200727e-01  1.31203893e+00 -2.10135844e-01  1.64445614e-04]","[ 0.          1.0570873  16.21315002  0.17447418  3.00140619  4.67855501
 -1.33236682  0.07281146]"
1747421924.4463155,"[ 0.          0.1164394   0.65825859  3.02289317 -2.34483877  0.29851709
  1.15071489  1.55394784]","[ 0.00000000e+00  8.41040853e-01  8.23797284e-02 -7.37366139e-02
  3.71654117e-01  1.30727174e+00 -2.07434866e-01  1.51560296e-04]","[ 0.          1.14790273 16.13390923  0.29215878  3.31828666  4.82003021
 -1.33900511  0.07579202]"
1747421924.4480689,"[ 0.          0.11726732  0.65834354  3.02281061 -2.34446912  0.29990123
  1.15051036  1.55394877]","[ 0.00000000e+00  8.39733041e-01  8.61610926e-02 -7.77382215e-02
  3.74895284e-01  1.30324371e+00 -2.07434866e-01  1.62136414e-04]","[ 0.          1.17201149 16.13589287  0.27216744  3.41882491  4.96927738
 -1.35488892  0.06587978]"
1747421924.4492276,"[ 0.          0.11898331  0.65852077  3.02264256 -2.34367976  0.30245833
  1.15008612  1.55394877]","[ 0.00000000e+00  8.35811270e-01  9.21032375e-02 -8.75115816e-02
  3.87938814e-01  1.29673801e+00 -2.05937753e-01  1.60204809e-04]","[ 0.          1.3335551  16.07863426  0.33417559  3.55418873  4.72002029
 -1.21436977  0.10394385]"
1747421924.4509761,"[ 0.          0.11980388  0.65862504  3.02255468 -2.34329201  0.30373595
  1.14987972  1.5539497 ]","[ 0.00000000e+00  8.32170330e-01  9.83012373e-02 -8.90418589e-02
  3.92863465e-01  1.29565756e+00 -2.09325544e-01  1.71918882e-04]","[ 0.          1.36581433 16.00634384  0.38367841  3.63106465  4.46494579
 -1.15865195  0.13508421]"
1747421924.4527104,"[ 0.          0.1215038   0.65883256  3.0223632  -2.34250265  0.30637961
  1.14945921  1.5539497 ]","[ 0.00000000e+00  8.28538976e-01  1.06958600e-01 -9.45341127e-02
  4.02175141e-01  1.28995294e+00 -2.14187294e-01  1.69593525e-04]","[ 0.          1.49438381 15.73715878  0.49501687  3.59494948  4.65254164
 -1.10345769  0.12786236]"
1747421924.4544394,"[ 0.          0.12231611  0.65895241  3.02226786 -2.34207148  0.30764677
  1.14923084  1.55395077]","[ 0.00000000e+00  8.23797284e-01  1.12845809e-01 -9.66948934e-02
  4.05994148e-01  1.28512383e+00 -2.15159331e-01  1.80889398e-04]","[ 0.          1.64445543 15.51038456  0.52624959  3.5990634   4.57677317
 -1.06185901  0.09230665]"
1747421924.4562201,"[ 0.          0.12393567  0.6591889   3.02206492 -2.34125575  0.31027142
  1.14880181  1.55395077]","[ 0.00000000e+00  8.19745818e-01  1.22624254e-01 -1.00476258e-01
  4.16068320e-01  1.27916993e+00 -2.18238761e-01  1.78504906e-04]","[ 0.          1.69315827 15.04743958  0.63486004  3.549685    4.495152
 -1.07272327  0.06343964]"
1747421924.4584785,"[ 0.          0.1256062   0.65945248  3.02186146 -2.3408411   0.31298072
  1.1483737   1.5539517 ]","[ 0.00000000e+00  8.14613973e-01  1.30650364e-01 -1.04151994e-01
  4.20541765e-01  1.27307529e+00 -2.06131681e-01  1.87144364e-04]","[ 0.          1.84854794 14.61508369  0.76292729  3.3656764   4.23354626
 -0.99514818  0.1003142 ]"
1747421924.4601114,"[ 0.          0.12720648  0.65972066  3.02164654 -2.33996412  0.31557494
  1.14799607  1.55395263]","[ 0.00000000e+00  8.09482128e-01  1.38289908e-01 -1.05573523e-01
  4.30265266e-01  1.26487608e+00 -1.87177547e-01  1.94323878e-04]","[ 0.          1.9860779  14.20927525  0.89129877  3.28139997  4.16868734
 -0.97157383  0.13480102]"
1747421924.461333,"[ 0.          0.1288536   0.66000123  3.02143935 -2.33910126  0.31804835
  1.14764227  1.55395263]","[ 0.00000000e+00  8.03712922e-01  1.43961950e-01 -1.04151994e-01
  4.38733519e-01  1.25136161e+00 -1.68357870e-01  1.92056404e-04]","[ 0.          2.15990067 13.88832855  1.10010445  3.14677668  4.46660328
 -0.964755    0.13908492]"
1747421924.4629958,"[ 0.          0.12964569  0.66015549  3.02133788 -2.33863068  0.31927553
  1.14748621  1.55395356]","[ 0.00000000e+00  8.03269905e-01  1.45194943e-01 -1.03011612e-01
  4.43525511e-01  1.24334815e+00 -1.58277123e-01  2.01504173e-04]","[ 0.          2.10909486 13.83635807  1.17085421  3.19547272  4.69175816
 -0.94857496  0.10936348]"
1747421924.4647474,"[ 0.          0.13127904  0.66044205  3.02113122 -2.33774198  0.3218041
  1.14719792  1.55395356]","[ 0.00000000e+00  7.95691414e-01  1.46392833e-01 -1.00206163e-01
  4.52683356e-01  1.23110427e+00 -1.41801177e-01  1.99182327e-04]","[ 0.          2.27722239 13.71047592  1.25512147  3.10404134  4.57663441
 -0.95584947  0.12382804]"
1747421924.4664752,"[ 0.          0.13206196  0.66059724  3.02103535 -2.33729084  0.32300938
  1.14706569  1.55395356]","[ 0.00000000e+00  7.94086593e-01  1.46198006e-01 -9.72350907e-02
  4.57545123e-01  1.22246111e+00 -1.33968346e-01  1.96913374e-04]","[ 0.          2.38211131 13.61860371  1.3076818   3.03686213  4.60957527
 -1.00181627  0.13003051]"
1747421924.4681554,"[ 0.          0.13362045  0.66088839  3.02084147 -2.33634196  0.32548279
  1.14680603  1.55395356]","[ 0.00000000e+00  7.90305237e-01  1.48942743e-01 -9.42640182e-02
  4.65918135e-01  1.20218394e+00 -1.24244837e-01  1.96913374e-04]","[ 0.          2.43732452 13.66026306  1.36120319  3.09177256  4.56240797
 -0.99330014  0.11286818]"
1747421924.4698648,"[ 0.          0.1352322   0.66118274  3.02066144 -2.33540772  0.32781918
  1.14657008  1.5539545 ]","[ 0.00000000e+00  7.85156015e-01  1.49093811e-01 -9.03909747e-02
  4.76394911e-01  1.18086613e+00 -1.11842729e-01  2.04557722e-04]","[ 0.          2.48217869 13.67249203  1.4003669   3.11172438  4.51433706
 -0.9659332   0.11979026]"
1747421924.4715753,"[ 0.          0.13600364  0.6613416   3.02057435 -2.33493368  0.3289741
  1.14646728  1.5539545 ]","[ 0.00000000e+00  7.81679592e-01  1.49457999e-01 -8.83218733e-02
  4.80286389e-01  1.17141271e+00 -1.04257622e-01  2.04382269e-04]","[ 0.          2.49682426 13.66581726  1.45051467  3.18574405  4.28682232
 -0.93494177  0.14817134]"
1747421924.4726427,"[ 0.          0.13754468  0.66164187  3.02039512 -2.33393899  0.33134474
  1.14627513  1.5539545 ]","[ 0.00000000e+00  7.80041481e-01  1.53145262e-01 -8.67012899e-02
  4.87255848e-01  1.15304609e+00 -9.56145072e-02  2.02132951e-04]","[ 0.          2.61322474 13.67079639  1.48214293  3.07465243  4.19565964
 -0.97825134  0.1308465 ]"
1747421924.4743378,"[ 0.          0.13837214  0.66196284  3.02023267 -2.33296613  0.33368496
  1.14608871  1.55395543]","[ 0.00000000e+00  7.79137604e-01  1.57882026e-01 -8.18395312e-02
  4.94587064e-01  1.14024414e+00 -8.95815069e-02  2.11691008e-04]","[ 0.          2.61768627 13.57336521  1.49066854  2.95788908  4.2623744
 -1.00639701  0.13641356]"
1747421924.4760633,"[ 0.          0.13990584  0.66211944  3.02014851 -2.33243483  0.33479796
  1.14600309  1.55395543]","[ 0.00000000e+00  7.77340503e-01  1.58656407e-01 -7.91682891e-02
  5.00283067e-01  1.12873729e+00 -8.69713844e-02  2.11693349e-04]","[ 0.          2.66775465 13.47158432  1.49147367  2.83380795  4.27404118
 -0.98811841  0.10708719]"
1747421924.477782,"[ 0.          0.1414928   0.66243582  3.01999298 -2.33144067  0.33590434
  1.14583092  1.55395649]","[ 0.00000000e+00  7.73871470e-01  1.60707990e-01 -7.83282698e-02
  5.05622472e-01  1.12198497e+00 -8.32551261e-02  2.18692875e-04]","[ 0.          2.6017561  13.17711735  1.48091269  2.6116066   4.31383276
 -0.92538023  0.10399546]"
1747421924.4795032,"[ 0.          0.14225551  0.66260433  3.01991682 -2.33093973  0.33700596
  1.14575102  1.55395649]","[ 0.00000000e+00  7.73559147e-01  1.58736435e-01 -7.72478753e-02
  5.08053338e-01  1.11599126e+00 -8.10292395e-02  2.07182717e-04]","[ 0.          2.7276783  13.06853294  1.43835342  2.52861667  4.21704626
 -0.91773808  0.12339218]"
1747421924.4806714,"[ 0.          0.14377818  0.66291479  3.01976102 -2.32988725  0.33927957
  1.14559217  1.55395649]","[ 0.00000000e+00  7.71128280e-01  1.56497815e-01 -7.58973946e-02
  5.14554015e-01  1.10766975e+00 -8.20264352e-02  2.07010483e-04]","[ 0.          2.55437303 12.78355312  1.43420231  2.40468836  4.07912493
 -0.92352492  0.11188505]"
1747421924.4824696,"[ 0.          0.14459738  0.66306905  3.01968672 -2.32937646  0.34036976
  1.14550175  1.55395743]","[ 0.00000000e+00  7.71363771e-01  1.56386445e-01 -7.52808479e-02
  5.18046950e-01  1.10465871e+00 -8.52612771e-02  2.15812991e-04]","[ 0.          2.37259603 12.65734291  1.41008329  2.34459567  4.19123936
 -0.92301738  0.11627888]"
1747421924.4852242,"[ 0.          0.1461127   0.66338863  3.01953971 -2.32831226  0.3426196
  1.14532678  1.55395743]","[ 0.00000000e+00  7.67109104e-01  1.55576145e-01 -6.99644043e-02
  5.20846099e-01  1.09736278e+00 -8.96723623e-02  2.13364684e-04]","[ 0.          2.37794399 12.52026272  1.36189187  2.2542901   4.20287085
 -0.87964308  0.11757561]"
1747421924.4858243,"[ 0.          0.14768037  0.66369124  3.01940975 -2.32727522  0.34476481
  1.14514222  1.55395836]","[ 0.00000000e+00  7.64342280e-01  1.52180631e-01 -6.48233924e-02
  5.27230262e-01  1.08633204e+00 -9.12797215e-02  2.19588750e-04]","[ 0.          2.31615329 12.39814186  1.3233012   2.33943534  4.27496433
 -0.8118723   0.11815573]"
1747421924.4881432,"[ 0.          0.14918467  0.6640003   3.01928485 -2.32618519  0.34697087
  1.14496233  1.55395836]","[ 0.00000000e+00  7.61944969e-01  1.50461078e-01 -5.96267495e-02
  5.33133292e-01  1.07479363e+00 -9.17400989e-02  2.17148651e-04]","[ 0.          2.31489134 12.3635788   1.28869605  2.52318025  4.23206758
 -0.79367793  0.11851802]"
1747421924.4899333,"[ 0.          0.15074179  0.66430063  3.01918019 -2.32512232  0.34907707
  1.14477404  1.55395836]","[ 0.00000000e+00  7.58825342e-01  1.53415373e-01 -5.13185192e-02
  5.41005230e-01  1.06796541e+00 -9.22827928e-02  2.15102435e-04]","[ 0.          2.25014663 12.31656933  1.19592619  2.77754879  4.24281406
 -0.77851319  0.15351091]"
1747421924.4917226,"[ 0.          0.15223599  0.66461375  3.01908884 -2.32404827  0.35125081
  1.14459135  1.55395929]","[ 0.00000000e+00  7.57623391e-01  1.53325924e-01 -4.56464729e-02
  5.45326808e-01  1.05950215e+00 -9.26434348e-02  2.23673559e-04]","[ 0.          2.24790859 12.21644592  1.11452568  2.86299562  4.32589579
 -0.73910069  0.14492498]"
1747421924.4928975,"[ 0.          0.15303774  0.66476302  3.0190425  -2.32346397  0.35228774
  1.1445      1.55395929]","[ 0.00000000e+00  7.54813090e-01  1.51408148e-01 -4.36337140e-02
  5.50186012e-01  1.05282734e+00 -9.26434348e-02  2.23673559e-04]","[ 0.          2.20453525 12.09850693  1.04060709  2.85012054  4.30116272
 -0.71531707  0.13276525]"
1747421924.4946463,"[ 0.          0.15451817  0.66506789  3.01896128 -2.32237021  0.3543473
  1.14431931  1.55396022]","[ 0.00000000e+00  7.49790568e-01  1.48204166e-01 -4.04735738e-02
  5.56670909e-01  1.04014537e+00 -8.69713844e-02  2.21435001e-04]","[ 0.          2.0841701  11.9867506   0.91965383  2.84074616  4.4240613
 -0.6605559   0.13084763]"
1747421924.4958043,"[ 0.          0.15525425  0.66521257  3.01892293 -2.32177553  0.35544609
  1.14423648  1.55396022]","[ 0.00000000e+00  7.46549434e-01  1.46662928e-01 -3.88940363e-02
  5.59965971e-01  1.03467064e+00 -8.40003119e-02  2.21435001e-04]","[ 0.          2.08888316 11.98086548  0.8612265   2.92326522  4.28560781
 -0.69493562  0.15237382]"
1747421924.4976082,"[ 0.          0.156776    0.66549819  3.01885102 -2.32066313  0.35746856
  1.14407576  1.55396022]","[ 0.00000000e+00  7.41417589e-01  1.43276452e-01 -3.40322817e-02
  5.64773843e-01  1.02258901e+00 -7.69859201e-02  2.08548237e-04]","[ 0.          1.94156122 11.85197067  0.72264665  2.84943295  4.22382593
 -0.72013283  0.15424918]"
1747421924.4993603,"[ 0.          0.15750427  0.66564879  3.01882013 -2.32010466  0.35847407
  1.14400066  1.55396115]","[ 0.00000000e+00  7.38716611e-01  1.42068725e-01 -3.13313079e-02
  5.65820532e-01  1.01988810e+00 -7.61674891e-02  2.19245224e-04]","[ 0.          1.7959882  11.7747488   0.6560483   2.70788264  4.36837101
 -0.69687265  0.12546359]"
1747421924.5011024,"[ 0.          0.1589498   0.6659211   3.01876234 -2.31893553  0.36055742
  1.14386178  1.55396115]","[ 0.00000000e+00  7.31153900e-01  1.36399221e-01 -2.73337616e-02
  5.72296274e-01  1.01691701e+00 -6.86047607e-02  2.16930124e-04]","[ 0.          1.72202682 11.73994064  0.54876918  2.61314344  4.36546278
 -0.64956725  0.13412416]"
1747421924.5029364,"[ 0.          0.16043666  0.66618648  3.01870961 -2.31780183  0.36254188
  1.14373141  1.55396209]","[ 0.00000000e+00  7.24131344e-01  1.33968346e-01 -2.64695534e-02
  5.75577688e-01  1.00449250e+00 -6.15822255e-02  2.27683970e-04]","[ 0.          1.56076658 11.79328918  0.49027875  2.61971116  4.49200153
 -0.6753884   0.16123331]"
1747421924.5046716,"[ 0.          0.16114749  0.66632517  3.01868377 -2.31718637  0.36360258
  1.14367149  1.55396315]","[ 0.00000000e+00  7.20890143e-01  1.30650364e-01 -2.61994548e-02
  5.79525891e-01  9.97871147e-01 -6.07719338e-02  2.38096387e-04]","[ 0.          1.62028837 11.89581013  0.49609771  2.63320541  4.40373468
 -0.6987232   0.15489116]"
1747421924.5057998,"[ 0.          0.16261736  0.66658003  3.01862918 -2.31603216  0.36559176
  1.14355258  1.55396315]","[ 0.00000000e+00  7.16445461e-01  1.28975785e-01 -2.64427345e-02
  5.86651711e-01  1.01102983e+00 -5.71752099e-02  2.38094030e-04]","[ 0.          1.51521647 11.99075413  0.43281659  2.69438791  4.28482723
 -0.72846121  0.1476094 ]"
1747421924.5075912,"[ 0.          0.16402477  0.66684362  3.01857725 -2.31486569  0.3676932
  1.1434422   1.55396315]","[ 0.00000000e+00  7.13057321e-01  1.29396523e-01 -2.56592596e-02
  5.93404156e-01  1.03115993e+00 -5.59101792e-02  2.38273920e-04]","[ 0.          1.42204261 12.17261982  0.40618202  2.61593795  4.09448004
 -0.69246066  0.13694073]"
1747421924.5087297,"[ 0.          0.16478289  0.66697079  3.01855115 -2.31423106  0.36872058
  1.14338707  1.55396408]","[ 0.00000000e+00  7.13937828e-01  1.29106596e-01 -2.45753093e-02
  5.97581258e-01  1.04203608e+00 -5.59101792e-02  2.46030507e-04]","[ 0.          1.36994839 12.23244095  0.35351905  2.58036542  4.1197176
 -0.67835063  0.1455126 ]"
1747421924.5104315,"[ 0.          0.16619031  0.66722245  3.01850827 -2.31304462  0.37079824
  1.14327095  1.55396408]","[ 0.00000000e+00  7.12517165e-01  1.27215910e-01 -2.10676037e-02
  6.03127690e-01  1.05851199e+00 -5.69905654e-02  2.38094030e-04]","[ 0.          1.24997401 12.3088913   0.3552576   2.58279324  4.15829182
 -0.67521763  0.17828125]"
1747421924.512191,"[ 0.          0.16689103  0.66735788  3.0184899  -2.31239907  0.37193222
  1.14321383  1.55396408]","[ 0.00000000e+00  7.10626454e-01  1.27270538e-01 -1.86367264e-02
  6.07862724e-01  1.06777207e+00 -5.77422967e-02  2.38094030e-04]","[ 0.          1.20377827 12.36681366  0.38233092  2.57016802  4.42885923
 -0.67712629  0.1545493 ]"
1747421924.5139577,"[ 0.          0.16834529  0.66761041  3.01845794 -2.3111908   0.3740698
  1.14309692  1.55396502]","[ 0.00000000e+00  7.09173233e-01  1.29376690e-01 -1.43006622e-02
  6.13931535e-01  1.08930313e+00 -5.71752099e-02  2.46030507e-04]","[ 0.          1.13791251 12.34754944  0.3728452   2.51362801  4.21015739
 -0.67323953  0.14599401]"
1747421924.5150964,"[ 0.          0.16904418  0.66773764  3.01844595 -2.31058466  0.37515048
  1.14304259  1.55396502]","[ 0.00000000e+00  7.08017688e-01  1.29106596e-01 -1.21543863e-02
  6.14741869e-01  1.09605557e+00 -5.50998833e-02  2.46030507e-04]","[ 0.          1.12816644 12.3252964   0.34308311  2.47491026  3.95751834
 -0.67641383  0.14741603]"
1747421924.516916,"[ 0.          0.17049659  0.66800123  3.01842625 -2.3093154   0.37742123
  1.14293806  1.55396502]","[ 0.00000000e+00  7.09173233e-01  1.28975785e-01 -8.52612739e-03
  6.21404232e-01  1.11221377e+00 -5.09967011e-02  2.46032929e-04]","[ 0.          1.08418632 12.26507282  0.34083968  2.46301842  3.90507054
 -0.6766845   0.12803267]"
1747421924.5186422,"[ 0.          0.17189115  0.6682519   3.01841346 -2.30808209  0.37963301
  1.14283912  1.55396595]","[ 0.00000000e+00  7.06574987e-01  1.26263580e-01 -5.40743364e-03
  6.26896270e-01  1.12306528e+00 -4.72670564e-02  2.46030507e-04]","[ 0.          0.98772341 12.22914791  0.31163308  2.51405668  4.16621351
 -0.67754203  0.1180883 ]"
1747421924.5197573,"[ 0.          0.17258729  0.66838692  3.01840867 -2.3074131   0.38074512
  1.14279438  1.55396595]","[ 0.00000000e+00  7.06034831e-01  1.27020009e-01 -4.85682873e-03
  6.29337789e-01  1.12792702e+00 -4.53763743e-02  2.46030507e-04]","[ 0.          0.79966468 12.2044239   0.34438983  2.45734358  4.48770618
 -0.68720752  0.11958067]"
1747421924.5228236,"[ 0.          0.17402869  0.66863446  3.01840095 -2.30616541  0.38306723
  1.14271156  1.55396595]","[ 0.00000000e+00  7.02743830e-01  1.25325232e-01 -3.07119066e-03
  6.33918759e-01  1.13657017e+00 -4.15950101e-02  2.46030507e-04]","[ 0.          0.68709457 12.13154602  0.29932877  2.35025859  4.31317234
 -0.6525085   0.13280834]"
1747421924.5243933,"[ 0.          0.17541177  0.66887967  3.01839775 -2.30490547  0.38531231
  1.14263459  1.55396688]","[ 0.00000000e+00  7.00362764e-01  1.23434545e-01 -1.63814836e-03
  6.39860937e-01  1.13919618e+00 -3.67332556e-02  2.46400089e-04]","[ 0.          0.54822361 12.12870979  0.32681847  2.32301641  3.93774223
 -0.65910923  0.12430503]"
1747421924.5262008,"[ 0.          0.17684075  0.66912854  3.01839642 -2.30358401  0.38764493
  1.14256122  1.55396688]","[ 0.00000000e+00  6.96885541e-01  1.20733576e-01 -6.50185813e-04
  6.46497868e-01  1.13649787e+00 -3.50745598e-02  2.46402543e-04]","[ 0.          0.4795576  12.2252264   0.33974978  2.41859412  4.03322172
 -0.67053902  0.11164685]"
1747421924.527362,"[ 0.          0.17752587  0.66924652  3.01839589 -2.30294299  0.38987953
  1.14249664  1.55396688]","[ 0.00000000e+00  6.94960808e-01  1.19653181e-01 -4.05146222e-04
  6.50124627e-01  1.13359915e+00 -3.18715031e-02  2.38454070e-04]","[ 0.          0.5557043  12.2462635   0.35467777  2.54044056  4.26471615
 -0.64859182  0.10193121]"
1747421924.5291047,"[ 0.          0.17889242  0.66948667  3.01839535 -2.30160262  0.39108294
  1.14246521  1.55396781]","[ 0.00000000e+00  6.90639230e-01  1.17762503e-01 -3.50993221e-04
  6.55759543e-01  1.13322271e+00 -3.18715031e-02  2.46402543e-04]","[ 0.          0.54721862 12.35609341  0.34420952  2.61489415  4.35922289
 -0.62209797  0.10903301]"
1747421924.5309005,"[ 0.          0.18030305  0.66971857  3.01839509 -2.30029714  0.39330994
  1.14240436  1.55396781]","[ 0.00000000e+00  6.89288741e-01  1.17222306e-01 -8.77772304e-05
  6.62417446e-01  1.12678426e+00 -2.88711484e-02  2.35980666e-04]","[ 0.          0.4980188  12.37488842  0.38796744  2.69565272  4.13626575
 -0.59479296  0.10919347]"
1747421924.5326371,"[ 0.          0.18170771  0.66996152  3.01839509 -2.29892907  0.39561877
  1.14235203  1.55396781]","[ 0.00000000e+00  6.84347112e-01  1.18302692e-01 -6.75243690e-05
  6.69432878e-01  1.12695350e+00 -2.48489678e-02  2.35804579e-04]","[ 0.          0.45456439 12.2820673   0.43389314  2.67318726  3.94702554
 -0.63215315  0.08675337]"
1747421924.533871,"[ 0.          0.18237996  0.67007676  3.01839509 -2.29826461  0.39673181
  1.14232726  1.55396781]","[ 0.00000000e+00  6.81035272e-01  1.16952203e-01 -6.62313119e-05
  6.73893206e-01  1.12873729e+00 -2.33214660e-02  2.35804579e-04]","[ 0.          0.50873739 12.20302296  0.45510784  2.62051892  3.92078924
 -0.65550578  0.07803534]"
1747421924.535588,"[ 0.          0.18372171  0.67030633  3.01839456 -2.2969317   0.39894929
  1.14228732  1.55396874]","[ 0.00000000e+00  6.79835318e-01  1.16412014e-01 -1.06377519e-04
  6.76594184e-01  1.12381616e+00 -1.94470181e-02  2.35804579e-04]","[ 0.          0.49956587 12.07226753  0.4928056   2.52726555  4.20608282
 -0.64753222  0.07995796]"
1747421924.5373714,"[ 0.          0.18443897  0.67042757  3.01839456 -2.29620838  0.40014222
  1.14227014  1.55396874]","[ 0.00000000e+00  6.75319462e-01  1.13992316e-01 -1.06377519e-04
  6.81087137e-01  1.12425052e+00 -1.72862385e-02  2.27856106e-04]","[ 0.          0.48345533 12.04032707  0.51154339  2.46441627  4.04767609
 -0.63512617  0.08984695]"
1747421924.539122,"[ 0.          0.18576374  0.67064888  3.01839456 -2.29485603  0.40236353
  1.14224257  1.55396874]","[ 0.00000000e+00  6.70652006e-01  1.11820358e-01 -8.77627637e-05
  6.86161924e-01  1.12684671e+00 -1.24244839e-02  2.17258159e-04]","[ 0.          0.48258129 12.01959133  0.55573243  2.44273973  3.79519629
 -0.63204849  0.0764082 ]"
1747421924.5408788,"[ 0.          0.18707886  0.67087298  3.01839402 -2.29344083  0.40467329
  1.1422226   1.55396981]","[ 0.00000000e+00  6.64306226e-01  1.08731133e-01 -1.52638548e-04
  6.92371749e-01  1.12870879e+00 -9.72350907e-03  2.27856106e-04]","[ 0.          0.4963387  12.05529881  0.60470289  2.49739003  3.6813333
 -0.66767704  0.06431977]"
1747421924.5426102,"[ 0.          0.1877828   0.67097997  3.01839402 -2.29275586  0.40578539
  1.14221501  1.55396981]","[ 0.00000000e+00  6.62781034e-01  1.08579183e-01 -1.52638548e-04
  6.94690697e-01  1.12792702e+00 -7.02151680e-03  2.27856106e-04]","[ 0.          0.6035502  12.0887928   0.60470289  2.51441717  3.89553475
 -0.67424321  0.04578857]"
1747421924.543703,"[ 0.          0.18908322  0.67118937  3.01839402 -2.29137768  0.40800667
  1.14220449  1.55396981]","[ 0.00000000e+00  6.58497672e-01  1.05338016e-01 -6.62395490e-05
  7.00092653e-01  1.12495600e+00 -3.77753328e-03  2.17258159e-04]","[ 0.          0.62701595 12.14572334  0.64355546  2.47311759  4.08452034
 -0.66429555  0.04578964]"
1747421924.5459452,"[ 0.          0.19041808  0.67140109  3.01839402 -2.28993211  0.41030314
  1.1421989   1.55397074]","[ 0.00000000e+00  6.48378259e-01  1.02637038e-01 -6.62313119e-05
  7.07925476e-01  1.12117457e+00 -2.73078041e-03  2.27856106e-04]","[ 0.          0.59541756 12.2865839   0.6811536   2.45475483  3.95879912
 -0.6600073   0.0249089 ]"
1747421924.5471358,"[ 0.          0.19105453  0.67149796  3.01839402 -2.28923277  0.41140569
  1.14219783  1.55397074]","[ 0.00000000e+00  6.46188342e-01  9.83154852e-02 -5.85052962e-05
  7.09275965e-01  1.11820355e+00 -1.43040879e-03  2.28028536e-04]","[ 0.          0.49958915 12.33474255  0.72340697  2.33028817  3.66718602
 -0.66824752  0.0249089 ]"
1747421924.5499644,"[ 0.          0.19232281  0.67168485  3.01839402 -2.28777042  0.41369737
  1.1421969   1.55397074]","[ 0.00000000e+00  6.41751582e-01  9.38986908e-02 -5.27881270e-05
  7.15442448e-01  1.11892886e+00 -5.40194952e-04  2.17255981e-04]","[ 0.00000000e+00  6.18776500e-01  1.25323076e+01  7.83572376e-01
  2.27760839e+00  3.73799157e+00 -6.85920477e-01 -6.05585752e-04]"
1747421924.5511434,"[ 0.          0.19362599  0.67187493  3.01839402 -2.28635229  0.41589015
  1.1421969   1.55397074]","[ 0.00000000e+00  6.34188870e-01  9.21032375e-02 -4.84167083e-05
  7.19889927e-01  1.11064084e+00  0.00000000e+00  2.09309686e-04]","[ 0.00000000e+00  6.61033034e-01  1.27092571e+01  8.38724852e-01
  2.30091882e+00  4.02516890e+00 -7.17255831e-01  7.15417322e-03]"
1747421924.5528777,"[ 0.          0.19486764  0.67206182  3.01839402 -2.28486731  0.41815331
  1.14219597  1.55397074]","[ 0.00000000e+00  6.27436425e-01  9.64247990e-02  0.00000000e+00
  7.26726994e-01  1.10262892e+00 -2.12755037e-04  2.09309686e-04]","[ 0.00000000e+00  6.77504897e-01  1.28936157e+01  8.77622187e-01
  2.23981094e+00  4.08814430e+00 -7.11187959e-01  3.07406788e-03]"
1747421924.5546665,"[ 0.          0.19614556  0.67226342  3.01839402 -2.28343134  0.42031466
  1.14219411  1.55397074]","[ 0.00000000e+00  6.23114847e-01  9.88556741e-02  0.00000000e+00
  7.29533300e-01  1.09416486e+00 -4.38813819e-04  1.98862094e-04]","[ 0.          0.74285132 12.95514297  0.8967337   2.20323873  3.88240981
 -0.75555074 -0.01381073]"
1747421924.556474,"[ 0.          0.1973693   0.67246176  3.01839456 -2.28192985  0.42255025
  1.14219118  1.55397167]","[ 0.00000000e+00  6.18523224e-01  1.01556652e-01  3.52830036e-05
  7.34124922e-01  1.09081873e+00 -7.28544452e-04  1.98709739e-04]","[ 0.00000000e+00  7.23972082e-01  1.29346933e+01  9.03709412e-01
  2.16517305e+00  3.80244017e+00 -7.93818712e-01 -9.62225720e-03]"
1747421924.5582926,"[ 0.          0.19802227  0.67257061  3.01839402 -2.28120387  0.42362238
  1.14219024  1.55397167]","[ 0.00000000e+00  6.14884281e-01  1.02564301e-01  0.00000000e+00
  7.35539726e-01  1.08741242e+00 -7.31316194e-04  1.98711722e-04]","[ 0.          0.78799009 12.94600201  0.91758925  2.17282009  3.70051408
 -0.81069964 -0.0251202 ]"
1747421924.5600643,"[ 0.          0.19922672  0.67277355  3.01839456 -2.27974632  0.42575327
  1.14218838  1.55397167]","[ 0.00000000e+00  6.09531993e-01  1.03717433e-01  2.93785017e-05
  7.39796989e-01  1.07660857e+00 -7.69421764e-04  1.90763250e-04]","[ 0.          0.77841991 12.86661625  0.9506523   2.28854489  3.92495608
 -0.8084963  -0.07064167]"
1747421924.5617495,"[ 0.          0.20046699  0.6729894   3.01839456 -2.27822699  0.42795364
  1.14218838  1.55397167]","[ 0.00000000e+00  6.04101209e-01  1.05231290e-01  2.79729117e-05
  7.42768078e-01  1.07303095e+00 -7.11065116e-04  1.90765151e-04]","[ 0.          0.79410833 12.86637306  0.940014    2.43715262  3.73799157
 -0.76662076 -0.06101431]"
1747421924.563343,"[ 0.          0.20105981  0.67309406  3.01839402 -2.27749169  0.42901055
  1.14218838  1.55397167]","[ 0.00000000e+00  6.01236979e-01  1.06148308e-01  0.00000000e+00
  7.45739101e-01  1.07201688e+00 -6.53135771e-04  1.80301630e-04]","[ 0.          0.86572295 12.83945465  0.95126504  2.57423782  3.66851139
 -0.75236863 -0.04167196]"
1747421924.5656772,"[ 0.          0.20224268  0.67333008  3.01839456 -2.27595771  0.43119857
  1.14218931  1.55397167]","[ 0.00000000e+00  5.98806112e-01  1.06827364e-01  2.41272069e-05
  7.49843964e-01  1.06676906e+00 -5.10262315e-04  1.80165302e-04]","[ 0.          0.8534382  12.83741379  0.96335351  2.85354686  3.57056189
 -0.74937254 -0.05302136]"
1747421924.567342,"[ 0.          0.20345953  0.67353861  3.01839456 -2.27447033  0.43329618
  1.14219024  1.55397261]","[ 0.00000000e+00  5.92863934e-01  1.05878214e-01  2.30198043e-05
  7.55732746e-01  1.06121297e+00 -4.15234180e-04  1.90907607e-04]","[ 0.          0.88873976 12.81175327  0.94608104  2.99360919  3.61451769
 -0.66946441 -0.03978266]"
1747421924.5690749,"[ 0.          0.20462312  0.67374886  3.01839456 -2.27291558  0.43538429
  1.14219118  1.55397261]","[ 0.00000000e+00  5.89082578e-01  1.01059690e-01  2.20798490e-05
  7.61404813e-01  1.05528091e+00 -2.08726551e-04  1.80163498e-04]","[ 0.          0.7630778  12.73312473  0.95536464  3.10569191  3.62629485
 -0.63729429 -0.06472395]"
1747421924.5713766,"[ 0.          0.20582207  0.67394081  3.01839456 -2.27140663  0.43754282
  1.14219118  1.55397261]","[0.00000000e+00 5.85031111e-01 9.66948934e-02 2.20798490e-05
 7.67076814e-01 1.05256988e+00 0.00000000e+00 1.80301630e-04]","[ 0.          0.73674095 12.74423027  0.93675244  3.24319696  3.44249129
 -0.5921734  -0.06691338]"
1747421924.573062,"[ 0.          0.20697096  0.67413049  3.01839456 -2.26982844  0.43969276
  1.14219118  1.55397261]","[0.00000000e+00 5.82060088e-01 9.12797215e-02 2.12119566e-05
 7.72208658e-01 1.04796141e+00 0.00000000e+00 1.80165302e-04]","[ 0.          0.68494958 12.74907303  0.93236613  3.39736223  3.32419658
 -0.56931925 -0.06102141]"
1747421924.5753305,"[ 0.          0.2081552   0.6743054   3.01839456 -2.26829659  0.44175141
  1.14219118  1.55397354]","[0.00000000e+00 5.76658132e-01 8.87720308e-02 2.03512243e-05
 7.77610614e-01 1.04095570e+00 0.00000000e+00 1.80165302e-04]","[ 0.          0.73103529 12.75381565  0.94390815  3.43918443  3.58121347
 -0.54822445 -0.0572735 ]"
1747421924.579392,"[ 0.          0.20933074  0.67447671  3.01839456 -2.26669257  0.44378623
  1.14219224  1.55397354]","[0.00000000e+00 5.73005940e-01 8.56209037e-02 1.96123512e-05
 7.84166917e-01 1.02853119e+00 5.25952615e-05 1.69567338e-04]","[ 0.          0.70264536 12.7654562   0.97965217  3.40664887  3.78860784
 -0.55700982 -0.05957154]"
1747421924.5811217,"[ 0.          0.21157387  0.6747343   3.01839456 -2.26351595  0.44788161
  1.14219224  1.55397354]","[0.00000000e+00 5.64773843e-01 8.53508009e-02 1.82846616e-05
 7.94086593e-01 1.01022036e+00 1.31798134e-04 1.69569029e-04]","[ 0.          0.71332645 12.80951977  0.98796326  3.25257015  3.66338897
 -0.5585804  -0.06956937]"
1747421924.5828295,"[ 0.          0.21217311  0.67482385  3.01839509 -2.26273112  0.44894611
  1.14219224  1.55397354]","[0.00000000e+00 5.64229026e-01 8.41789351e-02 3.53720425e-05
 7.95170766e-01 1.00232156e+00 1.67743080e-04 1.58969375e-04]","[ 0.          0.6719653  12.82606792  0.99469161  3.21004701  3.58136272
 -0.57270676 -0.05708472]"
1747421924.5844722,"[ 0.          0.21327839  0.6749873   3.01839509 -2.26115746  0.45089917
  1.14219224  1.55397354]","[0.00000000e+00 5.58858296e-01 8.31900202e-02 3.41671832e-05
 7.99218438e-01 9.85045497e-01 1.60086963e-04 1.58969375e-04]","[ 0.          0.69549298 12.90722275  1.02744269  3.09899354  3.64276743
 -0.57066453 -0.05518296]"
1747421924.5861971,"[ 0.          0.21441673  0.67515448  3.01839509 -2.25951828  0.45288929
  1.14219224  1.55397447]","[0.00000000e+00 5.55201376e-01 8.48106036e-02 3.31971832e-05
 8.00839038e-01 9.67464705e-01 1.53584845e-04 1.58969375e-04]","[ 0.          0.65619731 13.03605175  0.98523206  2.9354682   3.63535786
 -0.54985529 -0.04959463]"
1747421924.587902,"[ 0.          0.21551005  0.67532665  3.01839509 -2.25793583  0.45477763
  1.14219224  1.55397447]","[0.00000000e+00 5.52349331e-01 8.42704147e-02 3.21337047e-05
 8.02459572e-01 9.55064694e-01 1.47590278e-04 1.59089675e-04]","[ 0.          0.6705144  13.10670757  0.92454433  2.71962857  3.57424808
 -0.60544252 -0.05988669]"
1747421924.5896807,"[ 0.          0.21659006  0.67550482  3.01839509 -2.25629186  0.45671545
  1.14219224  1.55397447]","[0.00000000e+00 5.46421201e-01 8.77689595e-02 3.11353383e-05
 8.02999794e-01 9.45146350e-01 1.15963785e-04 1.58969375e-04]","[ 0.          0.60580242 13.21666336  0.94173288  2.61721277  3.5445075
 -0.62945956 -0.08195478]"
1747421924.5914369,"[ 0.          0.21716819  0.67559071  3.01839509 -2.25550064  0.45763917
  1.14219224  1.55397447]","[0.00000000e+00 5.43906178e-01 8.69713844e-02 1.55676692e-05
 8.02459572e-01 9.36698071e-01 1.15963785e-04 1.51020918e-04]","[ 0.          0.55377251 13.29734898  0.93270409  2.49719882  3.66325641
 -0.64254296 -0.06748796]"
1747421924.5932221,"[ 0.          0.2182335   0.67576428  3.01839509 -2.25385587  0.45947611
  1.14219224  1.5539754 ]","[0.00000000e+00 5.38304285e-01 8.85919761e-02 3.02631933e-05
 8.03963659e-01 9.29273244e-01 1.11285414e-04 1.58729359e-04]","[ 0.          0.58194089 13.42251015  0.92559499  2.43391442  3.54653525
 -0.64864963 -0.09199946]"
1747421924.5949636,"[ 0.          0.21932638  0.67594337  3.01839509 -2.25227315  0.46135877
  1.14219224  1.5539754 ]","[0.00000000e+00 5.32312905e-01 8.61610926e-02 2.94393936e-05
 8.01646575e-01 9.17521114e-01 7.82276100e-05 1.51020918e-04]","[ 0.          0.49913669 13.5102253   0.91608268  2.45139575  3.63570309
 -0.69502842 -0.11773892]"
1747421924.5967243,"[ 0.          0.21992929  0.6760274   3.01839509 -2.25148193  0.46225775
  1.14219224  1.5539754 ]","[0.00000000e+00 5.29823948e-01 8.52643231e-02 1.47192894e-05
 8.02459572e-01 9.11849047e-01 7.80156332e-05 1.50794377e-04]","[ 0.          0.56777453 13.54561234  0.91547042  2.45107341  3.73205566
 -0.71227676 -0.10712592]"
1747421924.5978067,"[ 0.          0.22100242  0.67619318  3.01839509 -2.24983929  0.4641204
  1.14219118  1.5539754 ]","[0.00000000e+00 5.21358258e-01 8.42704147e-02 1.43288559e-05
 8.01649305e-01 9.09286420e-01 0.00000000e+00 1.50792882e-04]","[ 0.          0.49692577 13.67651653  0.90827632  2.57561421  3.63807511
 -0.727323   -0.12169158]"
1747421924.600102,"[ 0.          0.22202045  0.67636628  3.01839509 -2.24825577  0.46590412
  1.14219118  1.5539754 ]","[0.00000000e+00 5.14535706e-01 8.42704147e-02 2.86577118e-05
 8.01916353e-01 9.04016224e-01 0.00000000e+00 1.42857835e-04]","[ 0.          0.4450866  13.7282095   0.93021524  2.69790053  3.40838265
 -0.74098921 -0.13716806]"
1747421924.6017673,"[ 0.          0.22306602  0.67654259  3.01839509 -2.24661367  0.46774679
  1.14219118  1.5539754 ]","[0.00000000e+00 5.08809210e-01 8.66842623e-02 2.79164654e-05
 8.01957566e-01 8.99255690e-01 0.00000000e+00 1.42856421e-04]","[ 0.          0.43523425 13.77409172  0.92391264  2.75958323  3.4852252
 -0.75531161 -0.16236019]"
1747421924.6040165,"[ 0.          0.22405787  0.67671436  3.01839535 -2.24503068  0.46950764
  1.14219118  1.5539754 ]","[0.00000000e+00 5.00760705e-01 8.67012899e-02 2.08962792e-05
 8.02459572e-01 8.91591778e-01 0.00000000e+00 1.21692507e-04]","[ 0.          0.46053976 13.71722031  0.96259868  2.76106405  3.68579865
 -0.74442989 -0.18655244]"
1747421924.6062858,"[ 0.          0.2250736   0.6768838   3.01839535 -2.24338698  0.47131893
  1.14219118  1.5539754 ]","[0.00000000e+00 4.93763082e-01 8.56209037e-02 2.04104928e-05
 8.02709842e-01 8.82203470e-01 0.00000000e+00 1.21692507e-04]","[ 0.          0.48545277 13.59514236  1.0470345   2.63885951  3.60976267
 -0.75554049 -0.19511136]"
1747421924.6080666,"[ 0.          0.22603513  0.6770615   3.01839589 -2.24180533  0.47304745
  1.14219118  1.5539754 ]","[0.00000000e+00 4.85365170e-01 8.67012899e-02 3.31189516e-05
 8.01106886e-01 8.74035422e-01 0.00000000e+00 1.21693710e-04]","[ 0.          0.45639884 13.50750065  1.07786858  2.57287669  3.4470675
 -0.78388047 -0.19525193]"
1747421924.6092896,"[ 0.          0.22650947  0.67714692  3.01839589 -2.24101464  0.47390555
  1.14219224  1.5539754 ]","[0.00000000e+00 4.81043592e-01 8.66134472e-02 3.31181267e-05
 8.01919416e-01 8.70254066e-01 2.70563956e-05 1.11110546e-04]","[ 0.          0.44633836 13.3983736   1.10879457  2.60478711  3.38025331
 -0.78160179 -0.19427088]"
1747421924.6110685,"[ 0.          0.22701827  0.67732968  3.01839589 -2.23937227  0.47567879
  1.14219224  1.5539754 ]","[0.00000000e+00 4.78517184e-01 9.02766419e-02 3.23851580e-05
 8.01379194e-01 8.64581999e-01 2.64945009e-05 1.11111643e-04]","[ 0.          0.46049166 13.25348473  1.14956486  2.56515384  3.501369
 -0.78890306 -0.19781886]"
1747421924.6128168,"[ 0.          0.22795639  0.67751011  3.01839642 -2.23773149  0.47737399
  1.14219224  1.5539754 ]","[0.00000000e+00 4.75101447e-01 9.18331430e-02 4.41976526e-05
 8.00952555e-01 8.55668798e-01 2.58609538e-05 1.03174077e-04]","[ 0.          0.43730149 13.17047977  1.17389274  2.56067944  3.58696961
 -0.81100267 -0.21772082]"
1747421924.616421,"[ 0.          0.22842062  0.67760332  3.01839642 -2.23694213  0.47827584
  1.14219224  1.5539754 ]","[0.00000000e+00 4.70779902e-01 9.44383304e-02 4.41987010e-05
 8.00568927e-01 8.49101975e-01 2.52564009e-05 1.03174077e-04]","[ 0.          0.43747339 13.14951992  1.16454923  2.53572559  3.58959866
 -0.80215472 -0.21772082]"
1747421924.617622,"[ 0.          0.23027622  0.67798675  3.01839669 -2.23359747  0.48163015
  1.14219317  1.5539754 ]","[0.00000000e+00 4.57275012e-01 9.56145072e-02 4.81725839e-05
 8.01800106e-01 8.26809852e-01 4.81725839e-05 1.03174077e-04]","[ 0.          0.46408737 12.98025799  1.22285712  2.63036108  3.35859561
 -0.79871202 -0.2144265 ]"
1747421924.619413,"[ 0.          0.2312024   0.67818056  3.01839669 -2.23201262  0.4832369
  1.14219317  1.5539754 ]","[0.00000000e+00 4.50792679e-01 9.31836320e-02 4.71220421e-05
 8.03810061e-01 8.13263484e-01 4.70429673e-05 9.52385514e-05]","[ 0.          0.47753844 12.94201374  1.25017476  2.67154932  3.17370844
 -0.79273003 -0.22787161]"
1747421924.621246,"[ 0.          0.23164415  0.67826918  3.01839722 -2.23121873  0.48403316
  1.14219317  1.5539754 ]","[0.00000000e+00 4.48091701e-01 8.98513268e-02 5.89025516e-05
 8.04344757e-01 8.07591483e-01 4.71220421e-05 9.52376087e-05]","[ 0.          0.46102262 12.94915295  1.25753224  2.71684742  3.38369918
 -0.79098052 -0.23943572]"
1747421924.6222956,"[ 0.          0.23255334  0.67844322  3.01839722 -2.2295681   0.48567889
  1.14219411  1.5539754 ]","[0.00000000e+00 4.43609401e-01 8.75115816e-02 5.76441779e-05
 8.06511039e-01 8.01706763e-01 4.02194703e-05 9.52376087e-05]","[ 0.          0.45067742 12.9434557   1.23797739  2.73055482  3.5338645
 -0.72443366 -0.20640858]"
1747421924.6241508,"[ 0.          0.23298865  0.67853317  3.01839722 -2.22877315  0.48646279
  1.14219504  1.5539754 ]","[0.00000000e+00 4.41161922e-01 8.47597373e-02 5.76441779e-05
 8.06240994e-01 7.94361298e-01 5.75495108e-05 8.46556558e-05]","[ 0.          0.46433565 12.94703102  1.22213912  2.7238276   3.4456811
 -0.70355195 -0.16859929]"
1747421924.6259542,"[ 0.          0.23384963  0.67869622  3.01839722 -2.22711906  0.48801055
  1.14219504  1.5539754 ]","[0.00000000e+00 4.34146524e-01 8.23797284e-02 4.51526739e-05
 8.08671861e-01 7.81391970e-01 5.63500805e-05 8.46564929e-05]","[ 0.          0.50278372 13.0505724   1.22773826  2.48402667  3.40370679
 -0.69883871 -0.19756562]"
1747421924.6271703,"[ 0.          0.23430744  0.67877704  3.01839775 -2.22632251  0.48877445
  1.14219504  1.5539754 ]","[0.00000000e+00 4.31070972e-01 8.21096340e-02 6.77290109e-05
 8.07043005e-01 7.74639592e-01 5.51984796e-05 8.46556558e-05]","[ 0.          0.42749351 13.03334045  1.24870014  2.27659488  3.44058633
 -0.73869431 -0.21674061]"
1747421924.6289883,"[ 0.          0.23515052  0.67894143  3.01839775 -2.22466842  0.49035267
  1.14219224  1.5539754 ]","[0.00000000e+00 4.26483910e-01 7.91385615e-02 6.62368019e-05
 8.08226714e-01 7.69777791e-01 0.00000000e+00 8.46556558e-05]","[ 0.          0.33818769 13.10251045  1.2813412   2.07705212  3.36933208
 -0.81896996 -0.21394353]"
1747421924.6300726,"[ 0.          0.23556792  0.67901719  3.01839828 -2.22387267  0.49110705
  1.14219118  1.5539754 ]","[ 0.00000000e+00  4.22813908e-01  7.67076863e-02  6.62368019e-05
  8.07051261e-01  7.64410856e-01 -2.16367636e-05  7.40737029e-05]","[ 0.          0.37082455 13.16024017  1.27735925  2.07161498  3.31547117
 -0.87736142 -0.23290165]"
1747421924.6319344,"[ 0.          0.23642752  0.67917192  3.01839828 -2.2222817   0.49266909
  1.14219118  1.5539754 ]","[ 0.00000000e+00  4.17417444e-01  7.52808479e-02  6.50106490e-05
  8.06503382e-01  7.61134702e-01 -2.11799045e-05  7.40744343e-05]","[ 0.          0.31699952 13.25679016  1.23796666  1.93543601  3.24851251
 -0.92940944 -0.25276887]"
1747421924.6337314,"[ 0.          0.23724443  0.67931334  3.01839828 -2.22142576  0.49416742
  1.14219411  1.5539754 ]","[0.00000000e+00 4.12708942e-01 7.02253442e-02 6.36358718e-05
 8.06729485e-01 7.59243991e-01 3.63514784e-05 7.40737029e-05]","[ 0.          0.31273285 13.43048191  1.19894445  1.85057163  3.44821429
 -0.8655411  -0.20607859]"
1747421924.6348047,"[ 0.          0.23764896  0.67938085  3.01839828 -2.22063267  0.49508731
  1.14219411  1.5539754 ]","[0.00000000e+00 4.10278075e-01 6.86047607e-02 6.24093044e-05
 8.03535289e-01 7.57706614e-01 3.56657437e-05 7.40737029e-05]","[ 0.          0.21544755 13.47414112  1.18808639  1.82068741  3.41366029
 -0.86255556 -0.1937798 ]"
1747421924.6371477,"[ 0.          0.23847963  0.67952047  3.01839828 -2.21904622  0.49656849
  1.14219317  1.5539754 ]","[0.00000000e+00 4.04205669e-01 6.86047607e-02 6.11424498e-05
 8.04080172e-01 7.50600901e-01 2.00034643e-05 6.61872009e-05]","[ 0.          0.14979197 13.62170315  1.20939589  1.76939607  3.36709404
 -0.91792536 -0.19312672]"
1747421924.6394105,"[ 0.          0.2392667   0.67965635  3.01839855 -2.21740278  0.49809821
  1.14219024  1.5539754 ]","[ 0.00000000e+00  3.97583486e-01  6.88050721e-02  6.50112586e-05
  8.02729683e-01  7.45986309e-01 -3.92796633e-05  6.61378843e-05]","[ 0.          0.14172424 13.73444653  1.19863272  1.78125882  3.31202126
 -1.00108564 -0.22424605]"
1747421924.641212,"[ 0.          0.24006889  0.6798001   3.01839908 -2.215823    0.49956511
  1.14219118  1.5539754 ]","[ 0.00000000e+00  3.90290852e-01  7.13057304e-02  7.36493672e-05
  8.00298816e-01  7.41957745e-01 -1.92626751e-05  5.55133645e-05]","[ 0.          0.12359321 13.82569027  1.2094543   1.91606188  3.19293094
 -1.00236607 -0.22898984]"
1747421924.642938,"[ 0.          0.24086147  0.67995762  3.01839908 -2.21418382  0.50107579
  1.14219317  1.5539754 ]","[0.00000000e+00 3.85681885e-01 7.82397613e-02 7.36480018e-05
 8.00568927e-01 7.38011606e-01 1.89505006e-05 5.55552731e-05]","[ 0.          0.10222156 13.8557539   1.23142362  2.01442409  3.1293571
 -0.93439633 -0.2123467 ]"
1747421924.6447065,"[ 0.          0.24161407  0.68011462  3.01839908 -2.21260137  0.50253986
  1.14219411  1.5539754 ]","[0.00000000e+00 3.79102446e-01 7.99488533e-02 7.23344314e-05
 8.03810061e-01 7.45739101e-01 3.19970621e-05 5.55977993e-05]","[ 0.          0.05884767 13.69343185  1.23625731  2.10996914  3.20307469
 -0.86890328 -0.20341323]"
1747421924.6463835,"[ 0.          0.24198602  0.68019544  3.01839908 -2.21180668  0.50333894
  1.14219411  1.5539754 ]","[0.00000000e+00 3.77326184e-01 8.20264352e-02 7.10656345e-05
 8.05154225e-01 7.52305391e-01 3.19976107e-05 5.55552731e-05]","[ 0.          0.04849916 13.63429451  1.2112186   2.17617989  3.35386324
 -0.83645797 -0.2000823 ]"
1747421924.6481156,"[ 0.          0.24275562  0.68036582  3.01839962 -2.210147    0.50408476
  1.14219411  1.5539754 ]","[0.00000000e+00 3.75651156e-01 8.35058960e-02 7.91512721e-05
 8.11360189e-01 7.56272902e-01 3.14247888e-05 4.76188043e-05]","[ 0.          0.04602769 13.44412804  1.1709857   2.06540847  3.38594985
 -0.82699442 -0.19834124]"
1747421924.649909,"[ 0.          0.24349583  0.68052421  3.01839962 -2.20847241  0.50564394
  1.14219411  1.5539754 ]","[0.00000000e+00 3.74515451e-01 7.96787588e-02 7.90462508e-05
 8.19009786e-01 7.64091477e-01 3.09110222e-05 4.76192757e-05]","[ 0.         -0.0451002  13.11955261  1.18916059  2.05300999  3.40969014
 -0.84575754 -0.22830696]"
1747421924.6515782,"[ 0.          0.24386318  0.6806083   3.01840015 -2.20766227  0.50640215
  1.14219411  1.5539754 ]","[0.00000000e+00 3.72464417e-01 7.92428326e-02 8.68506587e-05
 8.21636529e-01 7.68967525e-01 3.09110222e-05 4.76192757e-05]","[ 0.         -0.06529009 12.98464012  1.19255722  2.00043488  3.44628906
 -0.83004916 -0.23694202]"
1747421924.6534634,"[ 0.          0.2446213   0.68076483  3.01840041 -2.20603082  0.50793659
  1.14219411  1.5539754 ]","[0.00000000e+00 3.69632711e-01 7.85983643e-02 8.97851179e-05
 8.28089301e-01 7.82472415e-01 3.04137824e-05 4.75828816e-05]","[ 0.         -0.08447741 12.88868713  1.22323775  2.07626963  3.3638823
 -0.82078958 -0.24640253]"
1747421924.6551826,"[ 0.          0.24534591  0.68091869  3.01840095 -2.2043208   0.50954621
  1.14219504  1.5539754 ]","[0.00000000e+00 3.67332572e-01 7.88684671e-02 9.72698863e-05
 8.37032063e-01 7.87412978e-01 4.20933343e-05 4.76188043e-05]","[ 0.         -0.14161794 12.87416649  1.17959666  2.18967986  3.2804718
 -0.77147162 -0.22947875]"
1747421924.6563404,"[ 0.          0.24609761  0.68108035  3.01840095 -2.20265846  0.51110732
  1.14219597  1.5539754 ]","[0.00000000e+00 3.65777519e-01 7.91385615e-02 9.55846128e-05
 8.44324730e-01 7.93006215e-01 5.79578031e-05 3.70372172e-05]","[ 0.         -0.1872326  12.91401958  1.19530404  2.22579694  3.07162213
 -0.73547888 -0.2258134 ]"
1747421924.6581473,"[ 0.          0.24645807  0.68115791  3.01840095 -2.20175778  0.51189308
  1.1421969   1.5539754 ]","[0.00000000e+00 3.65711972e-01 7.85187274e-02 9.55861733e-05
 8.48098962e-01 7.95980234e-01 7.45160161e-05 3.70372172e-05]","[ 0.         -0.26043552 12.95698547  1.16290224  2.23787427  3.30748677
 -0.70640546 -0.21882093]"
1747421924.6598732,"[ 0.          0.24719782  0.68131677  3.01840095 -2.2000728   0.51352647
  1.1421969   1.5539754 ]","[0.00000000e+00 3.59852751e-01 7.77880725e-02 9.40713948e-05
 8.55668798e-01 7.96787571e-01 7.33069794e-05 3.70368514e-05]","[ 0.         -0.35267586 12.95916843  1.1461879   2.22790217  3.39341068
 -0.69971657 -0.23347326]"
1747421924.6610806,"[ 0.          0.2475491   0.681393    3.01840148 -2.19922431  0.51430751
  1.1421969   1.5539754 ]","[0.00000000e+00 3.56258582e-01 7.72478753e-02 1.00902791e-04
 8.59658679e-01 7.92195882e-01 7.33911541e-05 3.70368514e-05]","[ 0.         -0.33199957 12.929533    1.20008469  2.23962736  3.35776186
 -0.69228393 -0.23943676]"
1747421924.6627312,"[ 0.          0.24824844  0.68154407  3.01840148 -2.19745597  0.51593233
  1.1421969   1.5539754 ]","[0.00000000e+00 3.53827682e-01 7.58973946e-02 9.94737562e-05
 8.65151183e-01 7.92679113e-01 8.83663556e-05 3.70368514e-05]","[ 0.         -0.35328934 12.91514206  1.21268094  2.12716508  3.27155161
 -0.72805369 -0.27349228]"
1747421924.664498,"[ 0.          0.24896708  0.681697    3.01840175 -2.1957433   0.51749914
  1.14219597  1.5539754 ]","[0.00000000e+00 3.50323528e-01 7.50110197e-02 1.01932158e-04
 8.69443799e-01 7.94896860e-01 7.11599439e-05 3.70372172e-05]","[ 0.         -0.39798957 13.02780819  1.22240365  1.80078709  3.16999769
 -0.76948279 -0.29825222]"
1747421924.6663036,"[ 0.          0.24930871  0.68177137  3.01840175 -2.19488496  0.51828301
  1.14219597  1.5539754 ]","[0.00000000e+00 3.46535048e-01 7.53571974e-02 1.00416306e-04
 8.71407947e-01 7.94896860e-01 7.11599439e-05 3.70368514e-05]","[ 0.         -0.45916462 13.10056114  1.20263755  1.57345939  3.24798369
 -0.79360271 -0.30128539]"
1747421924.6674886,"[ 0.          0.24998372  0.68192477  3.01840228 -2.19309638  0.51991829
  1.14219597  1.5539754 ]","[0.00000000e+00 3.41057292e-01 7.39766979e-02 1.06860485e-04
 8.74305533e-01 7.99758594e-01 7.02114935e-05 2.64548924e-05]","[ 0.         -0.57142729 13.27133083  1.17689371  1.29857981  3.22066116
 -0.86625987 -0.31078413]"
1747421924.669296,"[ 0.          0.25034418  0.6819978   3.01840228 -2.19223485  0.52070695
  1.14219597  1.5539754 ]","[0.00000000e+00 3.39540489e-01 7.40067084e-02 1.05200138e-04
 8.73765310e-01 7.99758594e-01 6.91361024e-05 2.64548924e-05]","[ 0.         -0.53782058 13.38350964  1.23004448  1.20575082  3.09266233
 -0.86284637 -0.32828349]"
1747421924.6710272,"[ 0.          0.25100726  0.68215347  3.01840228 -2.19050832  0.52235555
  1.14219597  1.5539754 ]","[0.00000000e+00 3.35731170e-01 7.69859201e-02 1.03705653e-04
 8.75656022e-01 8.05217541e-01 6.81667444e-05 2.64551545e-05]","[ 0.         -0.66206628 13.52875042  1.18975532  1.02770162  3.24591804
 -0.8763327  -0.33765131]"
1747421924.6721866,"[ 0.          0.2516841   0.68230913  3.01840228 -2.18871441  0.52394422
  1.14219597  1.5539754 ]","[0.00000000e+00 3.28506680e-01 7.91385615e-02 9.99728388e-05
 8.76466288e-01 8.06511039e-01 6.80931556e-05 2.64548924e-05]","[ 0.         -0.72927684 13.74539948  1.17162013  0.77621198  3.42898822
 -0.87998831 -0.34023002]"
1747421924.6739159,"[ 0.          0.2520037   0.68238809  3.01840281 -2.18785075  0.52473951
  1.14219597  1.5539754 ]","[0.00000000e+00 3.23788590e-01 7.99488533e-02 1.06037154e-04
 8.75926133e-01 8.06511039e-01 6.71526212e-05 2.64548924e-05]","[ 0.         -0.85775286 13.85295773  1.13932407  0.68972862  3.31760454
 -0.89896291 -0.33560115]"
1747421924.6757448,"[ 0.          0.25265529  0.68256166  3.01840281 -2.18605898  0.52640049
  1.14219597  1.55397447]","[0.00000000e+00 3.16469791e-01 8.59326683e-02 1.04570969e-04
 8.74845755e-01 8.13263484e-01 6.63073512e-05 1.05820616e-05]","[ 0.         -0.98167211 13.9311676   1.11257315  0.61729264  3.14456916
 -0.94860548 -0.33452713]"
1747421924.6768603,"[ 0.          0.25296111  0.68264755  3.01840281 -2.18519691  0.5272034
  1.14219504  1.55397447]","[0.00000000e+00 3.10071912e-01 8.69713844e-02 1.03143340e-04
 8.74305533e-01 8.13518814e-01 5.15182247e-05 1.05819570e-05]","[ 0.         -0.95520008 13.9527874   1.12580037  0.5743469   3.14794421
 -0.94723517 -0.35178879]"
1747421924.6794357,"[ 0.          0.25356448  0.68281926  3.01840281 -2.18347731  0.52887769
  1.14219504  1.55397447]","[0.00000000e+00 3.04669956e-01 8.80517789e-02 9.56753788e-05
 8.71874666e-01 8.18759050e-01 5.15175135e-05 1.05819570e-05]","[ 0.         -0.99710125 13.95838165  1.10838962  0.61379588  3.06595993
 -0.98691064 -0.39372191]"
1747421924.6806347,"[ 0.          0.25386204  0.68291387  3.01840281 -2.18255079  0.52968347
  1.14219504  1.55397447]","[0.00000000e+00 3.01393203e-01 8.90228007e-02 9.57759625e-05
 8.72423477e-01 8.17314951e-01 5.07724697e-05 1.05819570e-05]","[ 0.         -1.04033041 14.00182438  1.11244309  0.68890506  2.92231894
 -0.98604262 -0.39229998]"
1747421924.6817493,"[ 0.          0.25446771  0.68309063  3.01840334 -2.18083279  0.5313064
  1.14219597  1.55397447]","[0.00000000e+00 2.93866044e-01 8.99424568e-02 1.00301987e-04
 8.71334444e-01 8.22153182e-01 6.44798536e-05 1.05819570e-05]","[ 0.         -1.06987572 13.99100304  1.1176393   0.75867748  2.9408617
 -0.98861504 -0.42477858]"
1747421924.684144,"[ 0.          0.25503711  0.68328118  3.01840334 -2.17905113  0.53298545
  1.14219597  1.55397447]","[0.00000000e+00 2.86843522e-01 9.38758042e-02 9.89891239e-05
 8.69915778e-01 8.19742555e-01 5.00997793e-05 1.05819570e-05]","[ 0.         -1.09645391 13.8694458   1.09858179  0.77537155  3.02638173
 -0.95962381 -0.42038709]"
1747421924.6859443,"[ 0.          0.25561202  0.6834672   3.01840334 -2.17733606  0.53460173
  1.14219597  1.55397447]","[0.00000000e+00 2.77648708e-01 9.39939238e-02 9.76129813e-05
 8.69983955e-01 8.19205662e-01 4.94446805e-05 0.00000000e+00]","[ 0.         -1.13970029 13.70492268  1.06124294  0.82552618  3.10159731
 -0.93570018 -0.4134424 ]"
1747421924.6876874,"[ 0.          0.25615017  0.68365962  3.01840361 -2.1755568   0.53627316
  1.14219597  1.55397447]","[0.00000000e+00 2.71177859e-01 9.36991784e-02 9.98108857e-05
 8.68912698e-01 8.13263484e-01 4.88064906e-05 0.00000000e+00]","[ 0.         -1.16664982 13.62001419  1.04554045  0.90460759  2.9127357
 -0.88943487 -0.40811867]"
1747421924.6894906,"[ 0.          0.25641238  0.68375143  3.01840361 -2.1746998   0.5370789
  1.1421969   1.55397447]","[0.00000000e+00 2.66046015e-01 9.32782325e-02 9.29273766e-05
 8.69173688e-01 8.16486841e-01 6.27503796e-05 0.00000000e+00]","[ 0.         -1.17139888 13.50338745  1.00631618  0.92762786  2.97157311
 -0.89679414 -0.44066772]"
1747421924.690654,"[ 0.          0.25694688  0.68393006  3.01840361 -2.17298579  0.53868851
  1.1421969   1.55397447]","[0.00000000e+00 2.59023475e-01 9.07527485e-02 9.29261819e-05
 8.70867192e-01 8.16234573e-01 6.19507852e-05 0.00000000e+00]","[ 0.         -1.21433723 13.38363838  0.94468176  1.00976884  3.0433042
 -0.84756416 -0.44137532]"
1747421924.6924367,"[ 0.          0.25744142  0.68411508  3.01840361 -2.17120413  0.54034856
  1.1421969   1.55397354]","[ 0.00000000e+00  2.48471581e-01  9.02125596e-02  9.17569690e-05
  8.69443799e-01  8.06511039e-01  6.11120455e-05 -1.85184257e-05]","[ 0.         -1.22462356 13.27034092  0.9304831   1.06677258  3.14337754
 -0.85202301 -0.44990796]"
1747421924.694243,"[ 0.          0.25770225  0.6842019   3.01840361 -2.17034553  0.54114098
  1.14219783  1.55397354]","[ 0.00000000e+00  2.45271377e-01  8.80517789e-02  9.05301090e-05
  8.70794288e-01  8.03810061e-01  7.04123115e-05 -1.85604623e-05]","[ 0.         -1.22029305 13.25282574  0.92056829  1.08332515  3.12244868
 -0.83476907 -0.44629282]"
1747421924.695433,"[ 0.          0.25817567  0.6843828   3.01840361 -2.16855881  0.54277247
  1.14219783  1.55397354]","[ 0.00000000e+00  2.39036268e-01  8.89390609e-02  8.94200549e-05
  8.73495266e-01  7.92202740e-01  6.95497994e-05 -1.85186086e-05]","[ 0.         -1.20713508 13.23539639  0.86903095  1.15074253  3.13387465
 -0.80443674 -0.44844282]"
1747421924.6971626,"[ 0.          0.25840893  0.68446915  3.01840361 -2.16769808  0.54355351
  1.1421989   1.55397354]","[ 0.00000000e+00  2.36605385e-01  8.75115816e-02  8.61082034e-05
  8.72955044e-01  7.92195882e-01  8.17944318e-05 -1.85602774e-05]","[ 0.         -1.21500218 13.22723866  0.84719598  1.2018708   2.95218658
 -0.7892105  -0.44932514]"
1747421924.6983533,"[ 0.          0.25888466  0.6846358   3.01840361 -2.16597342  0.54509461
  1.14219983  1.55397354]","[ 0.00000000e+00  2.30740488e-01  8.37302174e-02  8.50651591e-05
  8.74575644e-01  7.77610614e-01  9.05122451e-05 -1.85464284e-05]","[ 0.         -1.25450456 13.23824596  0.80024588  1.19582891  2.88327098
 -0.7749179  -0.43815213]"
1747421924.700138,"[ 0.          0.25911058  0.68472442  3.01840361 -2.16504397  0.54591939
  1.14219983  1.55397354]","[ 0.00000000e+00  2.29275200e-01  8.35058960e-02  8.50651591e-05
  8.75181912e-01  7.76629905e-01  8.93603190e-05 -1.85464284e-05]","[ 0.         -1.28129423 13.26054668  0.76754475  1.02968991  2.93907022
 -0.7767846  -0.42742586]"
1747421924.7019248,"[ 0.          0.25957252  0.6848856   3.01840361 -2.16331611  0.54744053
  1.14219983  1.55397354]","[ 0.00000000e+00  2.23936228e-01  8.04074995e-02  8.38922970e-05
  8.75656022e-01  7.71156443e-01  7.97859997e-05 -1.85462435e-05]","[ 0.         -1.31013858 13.32411098  0.77712703  0.82987541  2.8911345
 -0.79444432 -0.44048414]"
1747421924.7036085,"[ 0.          0.25978697  0.68496463  3.01840361 -2.16238481  0.54825675
  1.14219983  1.55397354]","[ 0.00000000e+00  2.17428461e-01  8.02189477e-02  7.74390484e-05
  8.76937335e-01  7.68605335e-01  7.88542672e-05 -1.85464284e-05]","[ 0.         -1.31752133 13.34747314  0.77372605  0.84420395  2.79575586
 -0.82373667 -0.46109942]"
1747421924.7070823,"[ 0.          0.26020346  0.68513221  3.01840361 -2.16065615  0.54975887
  1.1421989   1.55397354]","[ 0.00000000e+00  2.09055449e-01  8.29199257e-02  7.64543826e-05
  8.76736400e-01  7.58433724e-01  6.93909346e-05 -1.85604623e-05]","[ 0.         -1.31363165 13.53784943  0.78949696  0.63488668  2.94914174
 -0.86069804 -0.47451091]"
1747421924.7093635,"[ 0.          0.26099831  0.68548348  3.01840361 -2.15713438  0.55276119
  1.1421989   1.55397354]","[ 0.00000000e+00  1.90418714e-01  9.16949167e-02  7.46270923e-05
  8.75656022e-01  7.44603662e-01  5.54299173e-05 -1.85462435e-05]","[ 0.         -1.26371515 13.96755314  0.74104881  0.33860293  2.88461781
 -0.91496283 -0.47339261]"
1747421924.711188,"[ 0.          0.26138127  0.68567223  3.01840361 -2.15534447  0.55427946
  1.1421989   1.55397261]","[ 0.00000000e+00  1.85286870e-01  9.64247990e-02  7.38416597e-05
  8.73426556e-01  7.39014619e-01  4.31500772e-05 -2.64948971e-05]","[ 0.         -1.31338263 14.1044693   0.73588341  0.2705476   2.87853956
 -0.95314312 -0.45634055]"
1747421924.7135773,"[ 0.          0.26173669  0.6858779   3.01840414 -2.15362407  0.55573211
  1.14219783  1.55397261]","[ 0.00000000e+00  1.78804536e-01  1.02907141e-01  7.90255505e-05
  8.71604555e-01  7.36285744e-01  3.04472629e-05 -2.64948971e-05]","[ 0.         -1.34679794 14.16511726  0.79452711  0.34671846  2.77113223
 -0.95104462 -0.47034922]"
1747421924.7153325,"[ 0.          0.2620921   0.68608363  3.01840414 -2.15190766  0.55717621
  1.14219783  1.55397261]","[ 0.00000000e+00  1.72027157e-01  1.04691642e-01  7.29466626e-05
  8.70254066e-01  7.31492387e-01  3.01075246e-05 -2.64946330e-05]","[ 0.         -1.33246326 14.15837669  0.82806772  0.3708064   2.83796549
 -0.96583933 -0.49171072]"
1747421924.7171009,"[ 0.          0.26241766  0.686305    3.01840414 -2.15012814  0.55865929
  1.1421989   1.55397261]","[ 0.00000000e+00  1.62703763e-01  1.08833515e-01  7.21341092e-05
  8.68093310e-01  7.20620099e-01  6.55070903e-05 -2.65149452e-05]","[ 0.         -1.34184778 14.08212376  0.87338233  0.3857623   2.94761658
 -0.97341973 -0.50275052]"
1747421924.7182896,"[ 0.          0.26257562  0.68641286  3.01840414 -2.14927353  0.55936896
  1.1421989   1.55397261]","[ 0.00000000e+00  1.60167801e-01  1.09389475e-01  7.21357346e-05
  8.66742821e-01  7.19809765e-01  7.44398713e-05 -2.64948971e-05]","[ 0.         -1.32734883 14.07424355  0.88252407  0.43589067  2.70937777
 -0.97825098 -0.48457387]"
1747421924.7200484,"[ 0.          0.26289338  0.68664202  3.01840468 -2.14750306  0.56083303
  1.1421989   1.55397261]","[ 0.00000000e+00  1.54225656e-01  1.12344269e-01  7.64448249e-05
  8.63897367e-01  7.13937828e-01  8.54087010e-05 -2.64948971e-05]","[ 0.         -1.25789654 13.99091148  0.94663638  0.38815325  2.64611268
 -0.98110586 -0.49299961]"
1747421924.7212453,"[ 0.          0.26304079  0.68675315  3.01840468 -2.14665112  0.56153411
  1.1421989   1.55397261]","[ 0.00000000e+00  1.49634000e-01  1.12516534e-01  7.05052881e-05
  8.64041843e-01  7.10176246e-01  8.44163468e-05 -2.65152094e-05]","[ 0.         -1.24022591 13.89418411  0.97373706  0.35274059  2.68289852
 -0.97443795 -0.53846437]"
1747421924.722983,"[ 0.          0.26333835  0.68697359  3.01840494 -2.1448889   0.56297914
  1.1421989   1.55397261]","[ 0.00000000e+00  1.43961950e-01  1.11820358e-01  7.26528030e-05
  8.59634311e-01  7.03154756e-01  8.35162702e-05 -2.64948971e-05]","[ 0.         -1.22415423 13.79487801  1.0047642   0.44920099  2.62391019
 -0.9512257  -0.53843242]"
1747421924.7241905,"[ 0.          0.26347793  0.6870893   3.01840494 -2.14404175  0.56367169
  1.1421989   1.55397167]","[ 0.00000000e+00  1.41531083e-01  1.08833515e-01  7.18786349e-05
  8.59180043e-01  7.02253409e-01  8.35849623e-05 -3.70928568e-05]","[ 0.         -1.1685375  13.79641724  1.01110089  0.5483073   2.45037222
 -0.92743963 -0.52424026]"
1747421924.7259934,"[ 0.          0.26375711  0.68729636  3.01840601 -2.14235091  0.56505015
  1.1421989   1.55397167]","[ 0.00000000e+00  1.41531083e-01  1.03717433e-01  8.24340846e-05
  8.57289398e-01  6.97391675e-01  6.26894288e-05 -3.70928568e-05]","[ 0.         -1.1623944  13.79703617  1.10554183  0.7130183   2.44318557
 -0.93045074 -0.53553635]"
1747421924.7271533,"[ 0.          0.26390543  0.68739736  3.01840654 -2.14144171  0.56573318
  1.1421989   1.55397167]","[ 0.00000000e+00  1.39678039e-01  1.02263222e-01  8.72014746e-05
  8.56123533e-01  6.92098110e-01  5.12913545e-05 -3.70928568e-05]","[ 0.         -1.17976165 13.77140999  1.12612891  0.79357928  2.50389409
 -0.91998553 -0.53939265]"
1747421924.728908,"[ 0.          0.26417453  0.68760542  3.01840734 -2.13975593  0.5671364
  1.14219983  1.55397167]","[ 0.00000000e+00  1.34508543e-01  1.01556652e-01  9.36152488e-05
  8.53778153e-01  6.81185807e-01  6.27397816e-05 -3.71209245e-05]","[ 0.         -1.17965317 13.77734852  1.19987953  0.81244993  2.64189529
 -0.92120904 -0.55095911]"
1747421924.732223,"[ 0.          0.2644459   0.68781022  3.01840787 -2.13800916  0.56850626
  1.14219983  1.55397167]","[ 0.00000000e+00  1.31904213e-01  1.04257622e-01  9.81971407e-05
  8.52863557e-01  6.67294892e-01  7.04935360e-05 -3.70928568e-05]","[ 0.         -1.18508673 13.76764488  1.24740493  0.78367835  2.58951759
 -0.95011246 -0.57408911]"
1747421924.733386,"[ 0.          0.26470122  0.68802554  3.0184084  -2.13633376  0.56979716
  1.1421989   1.55397074]","[ 0.00000000e+00  1.28566399e-01  1.05231290e-01  1.02616226e-04
  8.48916353e-01  6.53758777e-01  8.08623905e-05 -4.77269018e-05]","[ 0.         -1.13562751 13.79539299  1.24682677  0.70253897  2.59110832
 -0.9697963  -0.58835304]"
1747421924.735156,"[ 0.          0.26494413  0.6882336   3.01840867 -2.13466396  0.57107002
  1.1421989   1.55397074]","[ 0.00000000e+00  1.21003670e-01  1.05878214e-01  1.04195674e-04
  8.45088192e-01  6.42561915e-01  8.83157386e-05 -4.76908124e-05]","[ 0.         -1.15777385 13.80762863  1.28143203  0.63085723  2.56970954
 -0.96948445 -0.58403778]"
1747421924.7362542,"[ 0.          0.26517877  0.68846636  3.01840867 -2.13293743  0.57236285
  1.1421989   1.55397074]","[ 0.00000000e+00  1.11280161e-01  1.06614186e-01  1.03175101e-04
  8.42163908e-01  6.27166314e-01  8.73543495e-05 -4.76908124e-05]","[ 0.         -1.16987598 13.8576479   1.2818948   0.37496042  2.46655798
 -0.99084586 -0.59433252]"
1747421924.7380152,"[ 0.          0.26528485  0.68857202  3.01840867 -2.13211052  0.57297451
  1.1421989   1.55397074]","[ 0.00000000e+00  1.07498797e-01  1.07228694e-01  1.03174077e-04
  8.38652663e-01  6.20413869e-01  7.92265961e-05 -4.76908124e-05]","[ 0.         -1.14305294 13.87387943  1.3097564   0.19185933  2.56766582
 -1.00649858 -0.60117203]"
1747421924.7391644,"[ 0.          0.26549652  0.68879239  3.0184092  -2.13040184  0.57422933
  1.1421989   1.55397074]","[ 0.00000000e+00  1.01561229e-01  1.08081205e-01  1.05819570e-04
  8.33303571e-01  6.08182902e-01  6.01029327e-05 -4.76908124e-05]","[ 0.         -1.1454612  13.9585743   1.29256892 -0.02515536  2.60089064
 -1.0581634  -0.59976935]"
1747421924.7409813,"[ 0.          0.26559341  0.68890078  3.0184092  -2.12958345  0.57482574
  1.14219783  1.55397074]","[ 0.00000000e+00  9.83154852e-02  1.09929672e-01  1.00604543e-04
  8.29168547e-01  6.05018335e-01  3.82473227e-05 -4.77269018e-05]","[ 0.         -1.13564885 14.02503967  1.27746952 -0.09445349  2.38987446
 -1.06496918 -0.60215038]"
1747421924.7421002,"[ 0.          0.26577802  0.6891143   3.01840974 -2.12795812  0.57604061
  1.14219783  1.55396981]","[ 0.00000000e+00  9.25495667e-02  1.08579183e-01  1.05819570e-04
  8.23257129e-01  5.87550528e-01  3.78063626e-05 -5.56392812e-05]","[ 0.         -1.17017603 14.18488598  1.27079844 -0.26206341  2.4919889
 -1.10013473 -0.61431283]"
1747421924.7438858,"[ 0.          0.26586525  0.68923095  3.01841    -2.12715039  0.57660567
  1.14219783  1.55396981]","[ 0.00000000e+00  8.85919761e-02  1.09836586e-01  1.08465062e-04
  8.19205662e-01  5.73146821e-01  3.78059765e-05 -5.56392812e-05]","[ 0.         -1.15779603 14.30452824  1.26917243 -0.37461299  2.59968114
 -1.12806046 -0.607315  ]"
1747421924.7451417,"[ 0.          0.26603516  0.689444    3.01841    -2.12548484  0.57771108
  1.1421969   1.55396981]","[ 0.00000000e+00  8.04890505e-02  1.08038994e-01  1.08465062e-04
  8.12196555e-01  5.56106884e-01  2.70045433e-05 -5.56387285e-05]","[ 0.         -1.14626157 14.57740688  1.26934361 -0.52408016  2.61667681
 -1.16458464 -0.62070149]"
1747421924.746885,"[ 0.          0.26611323  0.6895496   3.01841    -2.12468909  0.5782533
  1.14219597  1.55396981]","[ 0.00000000e+00  7.91385615e-02  1.06958600e-01  1.08465062e-04
  8.07051261e-01  5.49918464e-01  1.89031813e-05 -5.56392812e-05]","[ 0.         -1.22480655 14.6753931   1.26169288 -0.54114288  2.52302694
 -1.20437729 -0.65330029]"
1747421924.7486608,"[ 0.          0.26627027  0.68976957  3.01841053 -2.12304885  0.57935971
  1.14219597  1.55396981]","[ 0.00000000e+00  7.52305391e-02  1.07498797e-01  1.08465062e-04
  7.98948327e-01  5.37493985e-01  1.87015993e-05 -5.56813848e-05]","[ 0.         -1.21066451 14.90788174  1.2433269  -0.61605054  2.51685333
 -1.21960354 -0.66062087]"
1747421924.7504315,"[ 0.          0.26634098  0.68987703  3.01841053 -2.12226588  0.57988768
  1.14219504  1.55396874]","[ 0.00000000e+00  7.18459277e-02  1.09119380e-01  1.08547010e-04
  7.94086593e-01  5.35333196e-01  1.06866277e-05 -6.62372408e-05]","[ 0.         -1.1910193  15.02344322  1.25006557 -0.61532575  2.59007239
 -1.22967732 -0.67623717]"
1747421924.751595,"[ 0.          0.2664746   0.690108    3.01841107 -2.12071379  0.5809636
  1.14219504  1.55396874]","[ 0.00000000e+00  6.69841731e-02  1.14099650e-01  1.08465062e-04
  7.85173393e-01  5.21299602e-01  1.05819570e-05 -6.62365825e-05]","[ 0.         -1.2252264  15.13262367  1.23960769 -0.61644959  2.45232439
 -1.2741816  -0.65088803]"
1747421924.753354,"[ 0.          0.26660501  0.69033942  3.01841107 -2.11912042  0.58197766
  1.14219411  1.55396874]","[ 0.00000000e+00  6.19398090e-02  1.18842890e-01  1.05899518e-04
  7.74664159e-01  5.12374916e-01 -1.05820616e-05 -6.62372408e-05]","[ 0.         -1.24507082 15.18064308  1.26108074 -0.75140613  2.39416528
 -1.2921263  -0.67011571]"
1747421924.7551339,"[ 0.          0.26666242  0.69046067  3.0184116  -2.11836062  0.58252088
  1.14219411  1.55396874]","[ 0.00000000e+00  5.82819447e-02  1.22894348e-01  1.11111643e-04
  7.70588125e-01  5.11567646e-01 -1.05819570e-05 -6.62372408e-05]","[ 0.         -1.24458468 15.13219738  1.2823112  -0.97732013  2.36407089
 -1.32190514 -0.68815571]"
1747421924.7562597,"[ 0.          0.26676803  0.69071966  3.01841187 -2.11679708  0.5835169
  1.14219224  1.55396781]","[ 0.00000000e+00  5.21288109e-02  1.27891911e-01  1.08465062e-04
  7.61333041e-01  5.04542094e-01 -3.70368514e-05 -7.42418490e-05]","[ 0.         -1.23201299 15.04104328  1.2393949  -1.19566953  2.3602016
 -1.35890436 -0.69932353]"
1747421924.7580361,"[ 0.          0.26682174  0.69071966  3.01841187 -2.11605273  0.58401445
  1.14219224  1.55396781]","[ 0.00000000e+00  5.06552298e-02  1.27891911e-01  1.08547010e-04
  7.54922413e-01  5.04030867e-01 -4.76192757e-05 -7.41857136e-05]","[ 0.         -1.22528744 15.04104328  1.21703875 -1.22722912  2.42705798
 -1.35098231 -0.68998379]"
1747421924.759809,"[ 0.          0.26691956  0.69097818  3.0184124  -2.1145768   0.58503897
  1.14219224  1.55396781]","[ 0.00000000e+00  4.88876440e-02  1.32347763e-01  1.13757160e-04
  7.46009212e-01  4.96270781e-01 -4.76192757e-05 -7.41857136e-05]","[ 0.         -1.21923673 14.92044926  1.21384108 -1.33079612  2.50684428
 -1.34887159 -0.71329606]"
1747421924.7609792,"[ 0.          0.26696915  0.69111181  3.0184124  -2.11379064  0.5855232
  1.14219224  1.55396781]","[ 0.00000000e+00  4.65990565e-02  1.35451552e-01  1.13757160e-04
  7.40268502e-01  4.90539692e-01 -4.76552554e-05 -7.42418490e-05]","[ 0.         -1.26056218 14.89934921  1.20631373 -1.37782192  2.56340551
 -1.36986732 -0.73131174]"
1747421924.7627227,"[ 0.          0.2670541   0.69139277  3.01841293 -2.11234507  0.58651542
  1.14219224  1.55396688]","[ 0.00000000e+00  4.10548170e-02  1.37209521e-01  1.13756038e-04
  7.31153900e-01  4.82729273e-01 -4.76188043e-05 -8.46556558e-05]","[ 0.         -1.29238832 14.71928215  1.19962406 -1.27864099  2.47359228
 -1.37526381 -0.71360838]"
1747421924.7649975,"[ 0.          0.26712757  0.69166461  3.01841346 -2.11086329  0.58745152
  1.14219224  1.55396688]","[ 0.00000000e+00  3.59229638e-02  1.36939419e-01  1.19047015e-04
  7.19889927e-01  4.73150448e-01 -4.76188043e-05 -8.47196178e-05]","[ 0.         -1.27272737 14.60052109  1.22495878 -1.17118645  2.46269536
 -1.33250988 -0.74721611]"
1747421924.7661715,"[ 0.          0.26716339  0.6917987   3.01841346 -2.11015489  0.58791385
  1.14219224  1.55396688]","[ 0.00000000e+00  3.36029739e-02  1.35991200e-01  1.16490622e-04
  7.19188716e-01  4.68414150e-01 -3.70372172e-05 -8.46564929e-05]","[ 0.         -1.25017893 14.53484821  1.25439274 -1.15764427  2.37525725
 -1.30215847 -0.75033665]"
1747421924.7678342,"[ 0.          0.26722217  0.69207654  3.01841426 -2.10875327  0.58886992
  1.14219224  1.55396688]","[ 0.00000000e+00  2.83602355e-02  1.35588930e-01  1.24337991e-04
  7.07925476e-01  4.66188246e-01 -3.70368514e-05 -8.46564929e-05]","[ 0.         -1.29799414 14.50328732  1.26560259 -1.12352777  2.18354177
 -1.29683197 -0.75245917]"
1747421924.7719266,"[ 0.          0.26727268  0.69235524  3.01841506 -2.10731436  0.5897784
  1.14219118  1.55396595]","[ 0.00000000e+00  2.28199304e-02  1.35665737e-01  1.27079427e-04
  7.00902920e-01  4.58355424e-01 -4.76188043e-05 -9.52376087e-05]","[ 0.         -1.30113316 14.55547619  1.30263197 -1.14534664  2.00463986
 -1.30942154 -0.7837041 ]"
1747421924.773674,"[ 0.          0.26732731  0.69289573  3.01841613 -2.10454121  0.59158302
  1.14219118  1.55396595]","[ 0.00000000e+00  7.76650907e-03  1.34411896e-01  1.37566802e-04
  6.82806407e-01  4.43770156e-01 -4.76188043e-05 -9.53105108e-05]","[ 0.         -1.28116703 14.55513382  1.34999216 -1.36673558  1.95275617
 -1.31581128 -0.75775236]"
1747421924.775455,"[ 0.          0.26733146  0.69303075  3.01841666 -2.10387169  0.592052
  1.14219118  1.55396595]","[ 0.00000000e+00  4.32155961e-03  1.36939419e-01  1.37669385e-04
  6.79025051e-01  4.41603241e-01 -4.76188043e-05 -8.46556558e-05]","[ 0.         -1.28070784 14.56972122  1.36784124 -1.43738699  1.99623716
 -1.27977169 -0.76248139]"
1747421924.7771509,"[ 0.          0.26732916  0.69330306  3.01841693 -2.1024983   0.59291866
  1.14219224  1.55396595]","[ 0.00000000e+00 -1.21543863e-03  1.38830105e-01  1.40210929e-04
  6.68047168e-01  4.39354002e-01 -3.70089097e-05 -8.47204549e-05]","[ 0.         -1.24530876 14.50962353  1.3749615  -1.75598657  2.0439384
 -1.27528715 -0.73606467]"
1747421924.7782762,"[ 0.          0.26732365  0.69359001  3.01841799 -2.10119655  0.59380716
  1.14219224  1.55396595]","[ 0.00000000e+00 -1.92118595e-03  1.40038564e-01  1.50908306e-04
  6.57147183e-01  4.29817156e-01 -2.64551545e-05 -8.46564929e-05]","[ 0.         -1.183236   14.44358253  1.45989954 -2.14533734  2.16443491
 -1.2673701  -0.74074411]"
1747421924.7801523,"[ 0.          0.26732365  0.69372916  3.01841826 -2.10055446  0.59422674
  1.14219024  1.55396502]","[ 0.00000000e+00 -1.92118595e-03  1.40990877e-01  1.53439886e-04
  6.51205005e-01  4.25673610e-01 -4.76192757e-05 -9.52376087e-05]","[ 0.         -1.17629063 14.39552879  1.46992207 -2.33950567  2.06800365
 -1.32700121 -0.73519838]"
1747421924.7819738,"[ 0.          0.26732916  0.69401385  3.01841932 -2.09922874  0.59506197
  1.14218745  1.55396502]","[ 0.00000000e+00  0.00000000e+00  1.38925729e-01  1.58729359e-04
  6.46073160e-01  4.24593232e-01 -8.46556558e-05 -9.53095680e-05]","[ 0.         -1.11614978 14.41560459  1.51899338 -2.57199693  2.05249834
 -1.41239798 -0.78434181]"
1747421924.7831705,"[ 0.          0.26733054  0.69415067  3.01841986 -2.09859464  0.59551285
  1.14218652  1.55396502]","[ 0.00000000e+00  2.19406909e-04  1.38830105e-01  1.64144252e-04
  6.43102071e-01  4.24151613e-01 -9.52376087e-05 -9.52376087e-05]","[ 0.         -1.15300035 14.44024372  1.52186656 -2.63281441  2.11631346
 -1.45420539 -0.80113071]"
1747421924.7849255,"[ 0.          0.26732961  0.69442485  3.01842119 -2.09728543  0.59635481
  1.14218452  1.55396408]","[ 0.00000000e+00  6.62395490e-05  1.40038564e-01  1.77249528e-04
  6.38106447e-01  4.27940559e-01 -1.13757160e-04 -1.03174077e-04]","[ 0.         -1.12247312 14.5324049   1.50429904 -2.81710601  2.08102751
 -1.4748404  -0.79875505]"
1747421924.7866588,"[ 0.          0.26732731  0.69471546  3.01842199 -2.09603375  0.59720335
  1.14218452  1.55396408]","[ 0.00000000e+00  2.03095405e-04  1.42051964e-01  1.92245755e-04
  6.32838381e-01  4.31345677e-01 -1.13756038e-04 -1.03252035e-04]","[ 0.         -1.15655601 14.74939728  1.57307541 -3.08765507  2.11303425
 -1.45442843 -0.78736567]"
1747421924.787804,"[ 0.          0.26732778  0.69485741  3.01842305 -2.09541296  0.59766475
  1.14218452  1.55396408]","[ 0.00000000e+00  4.64167522e-04  1.43961950e-01  2.14633538e-04
  6.29597248e-01  4.33922385e-01 -1.13756038e-04 -1.03174077e-04]","[ 0.         -1.2017839  14.76753712  1.58539224 -3.15104723  1.98653734
 -1.47829545 -0.76934558]"
1747421924.789596,"[ 0.          0.26732916  0.6951421   3.01842385 -2.09413225  0.59851802
  1.14218359  1.55396408]","[ 0.00000000e+00  4.98097469e-04  1.45312439e-01  2.72593117e-04
  6.24195292e-01  4.33606867e-01 -1.32275769e-04 -1.03175101e-04]","[ 0.         -1.19431067 14.88492966  1.58946407 -3.40542531  1.95908701
 -1.50747061 -0.80211675]"
1747421924.7907836,"[ 0.          0.26732916  0.6952987   3.01842492 -2.09352159  0.59897755
  1.14218265  1.55396408]","[ 0.00000000e+00  4.57887540e-04  1.47451856e-01  2.85649157e-04
  6.19333491e-01  4.32826361e-01 -1.42857835e-04 -1.03175101e-04]","[ 0.         -1.23105764 14.88895702  1.56789553 -3.54268694  2.0580523
 -1.51364994 -0.79679924]"
1747421924.7925322,"[ 0.          0.26732778  0.69559624  3.01842625 -2.09231011  0.59983849
  1.14217986  1.55396315]","[ 0.00000000e+00  1.09029773e-04  1.53145262e-01  2.99788097e-04
  6.13391380e-01  4.39178500e-01 -1.69312986e-04 -1.11110546e-04]","[ 0.         -1.24517298 14.90346432  1.59008181 -3.64912343  2.0144639
 -1.55348504 -0.78096783]"
1747421924.7937253,"[ 0.          0.26732731  0.69575004  3.01842705 -2.09166456  0.60027318
  1.14217986  1.55396315]","[ 0.00000000e+00 -1.52629169e-04  1.56116334e-01  3.15399611e-04
  6.07862724e-01  4.40799067e-01 -1.69311312e-04 -1.03174077e-04]","[ 0.         -1.23822737 14.91828442  1.64090586 -3.68438792  2.0037508
 -1.55855942 -0.80084831]"
1747421924.7977722,"[ 0.          0.26732824  0.69607514  3.01842891 -2.09047892  0.60118079
  1.14217786  1.55396315]","[ 0.00000000e+00 -1.81579164e-04  1.58817312e-01  3.68715011e-04
  5.98469222e-01  4.42941546e-01 -1.98411694e-04 -1.03175101e-04]","[ 0.         -1.25135779 14.84185791  1.65579569 -3.82770586  2.05504417
 -1.52142501 -0.79455203]"
1747421924.79942,"[ 0.          0.26732731  0.69654719  3.01843211 -2.08860219  0.60249925
  1.14217693  1.55396209]","[ 0.00000000e+00 -2.44519003e-04  1.59627612e-01  5.31024374e-04
  5.83359112e-01  4.43770156e-01 -2.16930124e-04 -1.13841985e-04]","[ 0.         -1.22970676 14.56383038  1.68155062 -3.97372246  2.11727643
 -1.51434875 -0.78872699]"
1747421924.800566,"[ 0.          0.26732778  0.69687689  3.0184345  -2.08755078  0.60346005
  1.142176    1.55396209]","[ 0.00000000e+00 -1.14291751e-04  1.60707990e-01  6.49083293e-04
  5.75421627e-01  4.35127033e-01 -2.38094030e-04 -1.13756038e-04]","[ 0.         -1.20135236 14.4159832   1.67273581 -3.93283892  2.13202071
 -1.51682937 -0.78059345]"
1747421924.8022847,"[ 0.          0.26732778  0.69703534  3.0184353  -2.08685836  0.60382158
  1.14217506  1.55396209]","[ 0.00000000e+00  0.00000000e+00  1.60707990e-01  7.04162029e-04
  5.70363951e-01  4.33122472e-01 -2.46030507e-04 -1.13756038e-04]","[ 0.         -1.20223594 14.38726807  1.66023314 -3.8722949   2.10972524
 -1.51893365 -0.78338128]"
1747421924.8040135,"[ 0.          0.26732778  0.69736271  3.01843717 -2.08574622  0.60477286
  1.14217506  1.55396209]","[ 0.00000000e+00  0.00000000e+00  1.59627612e-01  8.05524761e-04
  5.62144770e-01  4.31721649e-01 -2.46030507e-04 -1.13757160e-04]","[ 0.         -1.21075296 14.21620369  1.67292702 -3.91546035  2.07502985
 -1.47293937 -0.77469647]"
1747421924.8051803,"[ 0.          0.26732778  0.69751884  3.01843823 -2.08519841  0.60519524
  1.14217506  1.55396209]","[ 0.00000000e+00  0.00000000e+00  1.58116751e-01  8.33421699e-04
  5.55027572e-01  4.28374588e-01 -2.38096387e-04 -1.13757160e-04]","[ 0.         -1.21145403 14.09559059  1.68013179 -3.95303154  1.97538304
 -1.4493953  -0.75733459]"
1747421924.8069334,"[ 0.          0.26732686  0.69784028  3.0184401  -2.08407136  0.60606476
  1.14217506  1.55396209]","[ 0.00000000e+00 -3.97407629e-05  1.56981062e-01  9.00835500e-04
  5.48681392e-01  4.24550988e-01 -2.38094030e-04 -1.13841985e-04]","[ 0.         -1.22248983 13.91418171  1.68375587 -3.87228513  1.85581958
 -1.43573654 -0.75810075]"
1747421924.8081064,"[ 0.          0.26732686  0.69799368  3.01844089 -2.08353473  0.60648141
  1.14217506  1.55396209]","[ 0.00000000e+00 -3.78828041e-05  1.55576145e-01  9.19436276e-04
  5.44246430e-01  4.22432443e-01 -2.38094030e-04 -1.13841985e-04]","[ 0.         -1.19163096 13.92447281  1.69586051 -3.79707789  1.92606199
 -1.44034624 -0.76122028]"
1747421924.809826,"[ 0.          0.26732686  0.69830128  3.01844276 -2.08247533  0.60730433
  1.14217413  1.55396115]","[ 0.00000000e+00 -3.77485611e-05  1.55418519e-01  9.73517756e-04
  5.34522896e-01  4.13789320e-01 -2.46032929e-04 -1.21693710e-04]","[ 0.         -1.22336054 13.83754063  1.70318449 -3.67080832  1.82440615
 -1.45661712 -0.76723862]"
1747421924.8115344,"[ 0.          0.26732686  0.69845328  3.01844409 -2.08191153  0.60773622
  1.14217413  1.55396115]","[ 0.00000000e+00 -3.60682737e-05  1.54225656e-01  9.98607386e-04
  5.30377419e-01  4.06363795e-01 -2.46032929e-04 -1.21784452e-04]","[ 0.         -1.23332512 13.80464172  1.70221972 -3.61733508  1.8088932
 -1.44755793 -0.73953909]"
1747421924.8127353,"[ 0.          0.2673264   0.69876833  3.01844649 -2.0808769   0.60853337
  1.14217413  1.55396115]","[ 0.00000000e+00 -1.03930495e-04  1.52875167e-01  1.02975350e-03
  5.22098417e-01  4.03255519e-01 -2.45844895e-04 -1.13756038e-04]","[ 0.         -1.22072041 13.77859497  1.67497957 -3.61876726  1.76900327
 -1.40969419 -0.72754735]"
1747421924.814421,"[ 0.          0.26732595  0.69892033  3.01844782 -2.08036637  0.60893292
  1.14217413  1.55396115]","[ 0.00000000e+00 -1.10394675e-04  1.54225656e-01  1.02664919e-03
  5.17776872e-01  4.05146197e-01 -2.35448538e-04 -1.13756038e-04]","[ 0.         -1.22653425 13.8131752   1.66239214 -3.66029143  1.83888566
 -1.40363491 -0.72126466]"
1747421924.8155625,"[ 0.          0.26732595  0.69923665  3.01845101 -2.07931841  0.60935915
  1.14217413  1.55396115]","[ 0.00000000e+00 -1.27271744e-04  1.53826998e-01  1.10951244e-03
  5.09944050e-01  4.01229520e-01 -2.35450878e-04 -1.13843115e-04]","[ 0.         -1.22295022 13.79844666  1.65725505 -3.729177    1.78447855
 -1.41923451 -0.71212536]"
1747421924.8173115,"[ 0.          0.26732595  0.69938818  3.01845288 -2.0788196   0.61015251
  1.1421732   1.55396115]","[ 0.00000000e+00 -1.22462953e-04  1.53685467e-01  1.16433910e-03
  5.05379991e-01  4.02846957e-01 -2.53969471e-04 -1.13757160e-04]","[ 0.         -1.2018702  13.75021935  1.64036357 -3.71520352  1.78874946
 -1.44459164 -0.70786458]"
1747421924.8190515,"[ 0.          0.26732595  0.69968898  3.01845607 -2.07832612  0.61058061
  1.14217213  1.55396022]","[ 0.00000000e+00 -1.17669767e-04  1.52875167e-01  1.27151560e-03
  5.00490627e-01  4.03235679e-01 -2.64551537e-04 -1.21784452e-04]","[ 0.         -1.16479301 13.7899189   1.57385743 -3.78044677  1.89239466
 -1.44741309 -0.70328754]"
1747421924.8202395,"[ 0.          0.26732548  0.70000031  3.01846007 -2.07731998  0.61137497
  1.1421712   1.55396022]","[ 0.00000000e+00 -8.84999769e-05  1.51794789e-01  1.52344648e-03
  4.87525959e-01  4.02445253e-01 -2.74923334e-04 -1.21692507e-04]","[ 0.         -1.19253707 13.9070015   1.52703881 -3.91678143  1.98163009
 -1.45188618 -0.69545937]"
1747421924.8219764,"[ 0.          0.26732503  0.70014998  3.01846193 -2.07684141  0.61176692
  1.1421712   1.55396022]","[ 0.00000000e+00 -9.46228824e-05  1.51640975e-01  1.61097683e-03
  4.85365170e-01  3.97583486e-01 -2.75133604e-04 -1.21692507e-04]","[ 0.         -1.16440701 14.03146744  1.53359544 -4.0254693   1.98355258
 -1.43698728 -0.68106061]"
1747421924.823115,"[ 0.          0.26732503  0.70029878  3.01846486 -2.07633274  0.61215408
  1.14217027  1.55396022]","[ 0.00000000e+00 -9.14201808e-05  1.51137771e-01  1.82137098e-03
  4.78967758e-01  3.92721719e-01 -2.85715671e-04 -1.21692507e-04]","[ 0.         -1.16072822 14.04097557  1.51696503 -4.11965418  1.99169219
 -1.44544601 -0.68364012]"
1747421924.8253865,"[ 0.          0.26732456  0.70060325  3.01846939 -2.07540277  0.61294843
  1.14216747  1.55395929]","[ 0.00000000e+00 -1.09704211e-04  1.47743322e-01  2.05317067e-03
  4.68683961e-01  3.85969307e-01 -3.12170821e-04 -1.21692507e-04]","[ 0.         -1.18980813 14.12983894  1.45828795 -4.25773239  2.04888678
 -1.51683331 -0.67947519]"
1747421924.8270986,"[ 0.          0.26732456  0.70090492  3.01847525 -2.07449676  0.61373606
  1.14216361  1.55395929]","[ 0.00000000e+00 -1.23486419e-04  1.47953396e-01  2.40405710e-03
  4.57004935e-01  3.83424989e-01 -3.49204592e-04 -1.21784452e-04]","[ 0.         -1.19202781 14.31352043  1.45428991 -4.33990002  2.13492632
 -1.54076993 -0.64918238]"
1747421924.8288531,"[ 0.          0.26732365  0.70119926  3.01848217 -2.07357904  0.6144876
  1.14215882  1.55395929]","[ 0.00000000e+00 -1.40754663e-04  1.50444300e-01  2.88846114e-03
  4.44580456e-01  3.81107540e-01 -4.35916818e-04 -1.21693710e-04]","[ 0.         -1.24552345 14.47558212  1.43996108 -4.42827797  2.16481662
 -1.57251155 -0.68474609]"
1747421924.8305924,"[ 0.          0.26732365  0.70149634  3.01848963 -2.07268954  0.61524867
  1.14215323  1.55395929]","[ 0.00000000e+00 -1.36882059e-04  1.50714395e-01  3.45797033e-03
  4.31070972e-01  3.87859985e-01 -5.52303265e-04 -1.21784452e-04]","[ 0.         -1.23890185 14.65129566  1.41453159 -4.63484716  2.11032462
 -1.5860585  -0.69187856]"
1747421924.8323398,"[ 0.          0.26732365  0.70165799  3.01849336 -2.07227116  0.61566346
  1.14214936  1.55395929]","[ 0.00000000e+00 -1.32619774e-04  1.52216451e-01  3.56275714e-03
  4.24323121e-01  3.90697250e-01 -6.77702652e-04 -1.21692507e-04]","[ 0.         -1.26170719 14.72160816  1.40119374 -4.66088104  2.03697801
 -1.61847293 -0.69242609]"
1747421924.834024,"[ 0.          0.26732365  0.70195966  3.01850055 -2.07145517  0.61643304
  1.14214177  1.55395929]","[ 0.00000000e+00 -1.09216279e-04  1.53685467e-01  3.64362855e-03
  4.10278075e-01  3.88940363e-01 -9.20178723e-04 -1.13756038e-04]","[ 0.         -1.25125444 14.85825729  1.39839911 -4.89506626  1.98795223
 -1.63263261 -0.67366785]"
1747421924.835158,"[ 0.          0.26732318  0.7021112   3.01850428 -2.07102586  0.61681547
  1.14213698  1.55395836]","[ 0.00000000e+00 -1.24822266e-04  1.53685467e-01  3.71384030e-03
  4.04238758e-01  3.87467002e-01 -1.07466417e-03 -1.21785654e-04]","[ 0.         -1.26218271 14.85663414  1.39643145 -5.00411177  1.97297907
 -1.65141821 -0.66663164]"
1747421924.8369448,"[ 0.          0.26732273  0.70242944  3.0185112  -2.07024795  0.61761742
  1.14212939  1.55395836]","[ 0.00000000e+00 -1.44065312e-04  1.56116334e-01  3.44402827e-03
  3.91641341e-01  3.91641341e-01 -1.70943746e-03 -1.21692507e-04]","[ 0.         -1.29331684 14.9048481   1.37750399 -5.06081486  2.05483961
 -1.67261755 -0.66611314]"
1747421924.8386917,"[ 0.          0.26732227  0.70273711  3.01851706 -2.06949774  0.61839366
  1.14212087  1.55395836]","[ 0.00000000e+00 -1.50761218e-04  1.56116334e-01  3.29770317e-03
  3.76785995e-01  3.92721719e-01 -3.30276500e-03 -1.21784452e-04]","[ 0.         -1.32609463 14.88831615  1.36959898 -5.07134867  2.0964632
 -1.68053925 -0.64475971]"
1747421924.8405108,"[ 0.          0.2673218   0.70304889  3.01852265 -2.0687478   0.61920326
  1.14211421  1.55395836]","[ 0.00000000e+00 -1.53544582e-04  1.51794789e-01  2.92538181e-03
  3.62740916e-01  3.95422697e-01 -3.90813350e-03 -1.21692507e-04]","[ 0.         -1.33795261 14.84299374  1.35717058 -5.05183077  2.10786176
 -1.69047999 -0.64790499]"
1747421924.8416255,"[ 0.          0.26732135  0.70319903  3.01852505 -2.06839786  0.61959801
  1.14211035  1.55395836]","[ 0.00000000e+00 -1.67503177e-04  1.52180631e-01  2.76636794e-03
  3.54908093e-01  4.00284464e-01 -3.90813350e-03 -1.21692507e-04]","[ 0.         -1.36597466 14.84366894  1.37124979 -5.00806093  2.10600758
 -1.68262541 -0.67226595]"
1747421924.8433702,"[ 0.          0.26732135  0.70351495  3.01852851 -2.06768972  0.620419
  1.14210276  1.55395743]","[ 0.00000000e+00 -1.63283943e-04  1.55035956e-01  2.25292011e-03
  3.41943393e-01  4.00100506e-01 -3.77565424e-03 -1.21784452e-04]","[ 0.         -1.35648537 14.7955265   1.39070821 -5.03332663  2.10914397
 -1.67085624 -0.65975803]"
1747421924.8451953,"[ 0.          0.26732089  0.70366875  3.01853038 -2.06735976  0.62080908
  1.1420989   1.55395743]","[ 0.00000000e+00 -1.72214261e-04  1.56116334e-01  2.02117282e-03
  3.34650759e-01  3.95692808e-01 -3.80578021e-03 -1.21692507e-04]","[ 0.         -1.36385679 14.75592232  1.40753436 -5.03432274  1.96864104
 -1.6733768  -0.62402886]"
1747421924.8463461,"[ 0.          0.26732044  0.70397874  3.01853277 -2.06672193  0.62157774
  1.14208944  1.55395743]","[ 0.00000000e+00 -1.68406919e-04  1.57085958e-01  1.54247404e-03
  3.20335602e-01  3.88940363e-01 -3.90813350e-03 -1.21785654e-04]","[ 0.         -1.38463008 14.68199158  1.43350089 -4.98720455  1.91225314
 -1.68161726 -0.64077348]"
1747421924.8481145,"[ 0.          0.26731997  0.70414678  3.01853357 -2.0663885   0.62199153
  1.14208558  1.55395743]","[ 0.00000000e+00 -1.77113931e-04  1.58086041e-01  1.25769109e-03
  3.13666747e-01  3.89694170e-01 -3.90813350e-03 -1.21785654e-04]","[ 0.         -1.40499115 14.69026375  1.43409705 -4.95113611  1.97761464
 -1.67085457 -0.65481126]"
1747421924.8498814,"[ 0.          0.2673195   0.7044609   3.01853544 -2.06578476  0.62276018
  1.1420752   1.55395743]","[ 0.00000000e+00 -1.72752257e-04  1.59357518e-01  1.01058641e-03
  3.04129767e-01  3.89750663e-01 -4.37126684e-03 -1.21692507e-04]","[ 0.         -1.38004661 14.62356853  1.43310606 -4.89797163  1.99123669
 -1.62678468 -0.64683282]"
1747421924.8516061,"[ 0.          0.2673195   0.70463121  3.01853597 -2.06546785  0.62314547
  1.1420704   1.55395743]","[ 0.00000000e+00 -1.72752257e-04  1.60491808e-01  8.51020148e-04
  2.98414457e-01  3.90831041e-01 -4.60532437e-03 -1.11194501e-04]","[ 0.         -1.35684645 14.54359436  1.46064985 -4.90304136  1.9784658
 -1.60474968 -0.6443845 ]"
1747421924.8527722,"[ 0.          0.26731906  0.70494487  3.01853783 -2.06490166  0.62394455
  1.14205802  1.55395743]","[ 0.00000000e+00 -1.70817402e-04  1.58817312e-01  8.51020148e-04
  2.83602355e-01  3.90697250e-01 -5.18971086e-03 -1.11195599e-04]","[ 0.         -1.33250415 14.43968487  1.47465837 -4.97010374  1.97179437
 -1.61177158 -0.62138766]"
1747421924.854396,"[ 0.          0.26731859  0.70526125  3.0185397  -2.0643653   0.6247208
  1.14204097  1.55395649]","[ 0.00000000e+00 -1.78700824e-04  1.52574330e-01  8.44178503e-04
  2.67936692e-01  3.92323809e-01 -6.58220705e-03 -1.21784452e-04]","[ 0.         -1.30710614 14.32957935  1.52388227 -5.04453707  1.83284783
 -1.62355328 -0.66409242]"
1747421924.8561633,"[ 0.          0.26731859  0.70541045  3.01854103 -2.06408886  0.62513366
  1.14203139  1.55395649]","[ 0.00000000e+00 -1.78995277e-04  1.51254584e-01  9.33350902e-04
  2.60297665e-01  3.88691124e-01 -7.76555876e-03 -1.21784452e-04]","[ 0.         -1.30720961 14.3421545   1.52952361 -5.06637478  1.8765403
 -1.63764107 -0.67623854]"
1747421924.857989,"[ 0.          0.26731814  0.705703    3.01854316 -2.06359378  0.62589379
  1.14200569  1.55395649]","[ 0.00000000e+00 -1.86250830e-04  1.48013417e-01  9.60473468e-04
  2.48759769e-01  3.84888896e-01 -1.15865941e-02 -1.11110546e-04]","[ 0.         -1.25935733 14.442173    1.55216038 -5.10957527  1.82168293
 -1.62910545 -0.66182363]"
1747421924.861179,"[ 0.          0.26731767  0.70600374  3.01854609 -2.06310536  0.62668621
  1.14197333  1.55395543]","[ 0.00000000e+00 -1.87967028e-04  1.46122739e-01  1.12108263e-03
  2.35220807e-01  3.85180345e-01 -1.64675952e-02 -1.21785654e-04]","[ 0.         -1.21687806 14.48004627  1.56920838 -5.15925884  1.85020053
 -1.59149671 -0.65676302]"
1747421924.8629496,"[ 0.          0.26731767  0.70614841  3.01854742 -2.06288032  0.62706864
  1.14195429  1.55395543]","[ 0.00000000e+00 -1.83912486e-04  1.46662928e-01  1.13505720e-03
  2.28232373e-01  3.87859985e-01 -1.83666278e-02 -1.21785654e-04]","[ 0.         -1.18346071 14.46351719  1.55683172 -5.17431831  1.81629372
 -1.58296156 -0.6764012 ]"
1747421924.8640976,"[ 0.          0.26731767  0.70659243  3.01855115 -2.0622329   0.6282397
  1.14188491  1.55395543]","[ 0.00000000e+00 -1.67944166e-04  1.46122739e-01  1.19226250e-03
  2.05814282e-01  3.84177266e-01 -2.43087727e-02 -1.14014268e-04]","[ 0.         -1.07062101 14.50494671  1.60193074 -5.40738964  1.85292399
 -1.60114872 -0.68870211]"
1747421924.8658984,"[ 0.          0.26731767  0.70688218  3.01855434 -2.06185394  0.62899411
  1.14182779  1.55395543]","[ 0.00000000e+00 -1.64392656e-04  1.47053980e-01  1.24570257e-03
  1.87177547e-01  3.81107540e-01 -2.85876049e-02 -1.13928053e-04]","[ 0.         -1.01102483 14.46577263  1.59901118 -5.5760684   1.95165551
 -1.61032176 -0.68455094]"
1747421924.867728,"[ 0.          0.26731767  0.70718159  3.01855701 -2.06149441  0.62975611
  1.14176214  1.5539545 ]","[ 0.00000000e+00 -1.61227194e-04  1.46060487e-01  1.32668205e-03
  1.71607942e-01  3.69535506e-01 -3.48072720e-02 -1.21784452e-04]","[ 0.         -0.90985411 14.44521046  1.66695142 -5.75678492  2.02690077
 -1.61129749 -0.6910581 ]"
1747421924.8688655,"[ 0.          0.26731767  0.70732347  3.01855887 -2.06133142  0.63011377
  1.14172605  1.5539545 ]","[ 0.00000000e+00 -1.58178277e-04  1.43961950e-01  1.35948028e-03
  1.65299662e-01  3.62740916e-01 -3.67705481e-02 -1.21875307e-04]","[ 0.         -0.88161188 14.44002628  1.6740092  -5.78270483  1.97043359
 -1.61691713 -0.68745041]"
1747421924.8711944,"[ 0.          0.26731767  0.70761229  3.01856154 -2.06102569  0.63081205
  1.14164323  1.5539545 ]","[ 0.00000000e+00 -1.58181317e-04  1.40931872e-01  1.39097294e-03
  1.51794789e-01  3.53287493e-01 -4.15950101e-02 -1.14014268e-04]","[ 0.         -0.75513828 14.43029976  1.73050666 -5.90102148  2.00839996
 -1.61725295 -0.68768734]"
1747421924.8730361,"[ 0.          0.26731767  0.70788599  3.01856446 -2.06074313  0.63152837
  1.14155188  1.5539545 ]","[ 0.00000000e+00 -1.55248410e-04  1.39229088e-01  1.42189291e-03
  1.33698252e-01  3.47697984e-01 -4.75371550e-02 -1.13928053e-04]","[ 0.         -0.69093025 14.44331741  1.71550632 -5.99382162  2.05332589
 -1.63081598 -0.6873517 ]"
1747421924.8748457,"[ 0.          0.26731767  0.70816609  3.01856766 -2.06050158  0.63219902
  1.14144443  1.55395356]","[ 0.00000000e+00 -1.42386142e-04  1.35916507e-01  1.49075461e-03
  1.18182833e-01  3.39512526e-01 -5.40194971e-02 -1.21876526e-04]","[ 0.         -0.57384956 14.50422382  1.75280488 -6.08415842  2.14102221
 -1.62616718 -0.69794792]"
1747421924.8766353,"[ 0.          0.26731767  0.70843101  3.01857086 -2.06028187  0.63288585
  1.14132938  1.55395356]","[ 0.00000000e+00 -1.37669174e-04  1.31807566e-01  1.50105434e-03
  1.03177236e-01  3.34920870e-01 -5.99616379e-02 -1.21876526e-04]","[ 0.         -0.48533896 14.48358154  1.76353514 -6.20722914  2.09651566
 -1.64164019 -0.68644035]"
1747421924.8783844,"[ 0.          0.26731767  0.70870838  3.01857405 -2.06010371  0.63354705
  1.14119715  1.55395356]","[ 0.00000000e+00 -1.35021845e-04  1.36039179e-01  1.53898254e-03
  8.50807064e-02  3.33840492e-01 -6.64439800e-02 -1.21969966e-04]","[ 0.         -0.35471976 14.47828388  1.81252444 -6.33053255  2.05566359
 -1.64125502 -0.69725168]"
1747421924.8801904,"[ 0.          0.26731814  0.708842    3.01857592 -2.06002221  0.63389519
  1.14112764  1.55395263]","[ 0.00000000e+00 -1.15733010e-04  1.35588930e-01  1.54947550e-03
  7.67351502e-02  3.27446042e-01 -7.04954387e-02 -1.32574732e-04]","[ 0.         -0.30879834 14.49615765  1.80880284 -6.38334322  2.00850725
 -1.64593816 -0.69632912]"
1747421924.881973,"[ 0.          0.26731814  0.70911431  3.01857991 -2.05989731  0.63452403
  1.14096972  1.55395263]","[ 0.00000000e+00 -1.13703000e-04  1.38830105e-01  1.63830830e-03
  5.91513461e-02  3.16554246e-01 -7.87412928e-02 -1.21876526e-04]","[ 0.         -0.22634545 14.45479584  1.83317113 -6.42125082  1.96783447
 -1.65142965 -0.71037763]"
1747421924.883729,"[ 0.          0.26731814  0.70939674  3.01858417 -2.0598073   0.63513569
  1.14080141  1.55395263]","[ 0.00000000e+00 -1.11742974e-04  1.38830105e-01  1.75535462e-03
  3.91198807e-02  3.08721423e-01 -8.77816761e-02 -1.21968747e-04]","[ 0.         -0.07186718 14.34137344  1.91078174 -6.4756093   1.97355604
 -1.61390543 -0.71514755]"
1747421924.8848593,"[ 0.          0.26731814  0.70953169  3.01858657 -2.05977854  0.63545913
  1.14070913  1.55395263]","[ 0.00000000e+00 -1.02431061e-04  1.36800676e-01  1.85687230e-03
  2.91705272e-02  3.04432902e-01 -9.34537265e-02 -1.21968747e-04]","[ 0.         -0.0186055  14.27353096  1.9215256  -6.46099567  2.00314283
 -1.62731481 -0.719042  ]"
1747421924.8881702,"[ 0.          0.26731859  0.70979435  3.01859163 -2.05974871  0.63605089
  1.14051219  1.55395263]","[ 0.00000000e+00 -8.84631845e-05  1.32617857e-01  2.05996772e-03
  1.10739970e-02  2.99268000e-01 -9.77076936e-02 -1.13929191e-04]","[ 0.          0.10630455 14.12500572  1.99773109 -6.45997715  1.98643124
 -1.60122097 -0.71822774]"
1747421924.889855,"[ 0.          0.26731906  0.71018191  3.01860068 -2.05976016  0.63693273
  1.14019154  1.5539517 ]","[ 0.00000000e+00 -7.78099794e-05  1.26135523e-01  2.68014784e-03
 -7.02200678e-03  2.87383711e-01 -1.09335047e-01 -1.21876526e-04]","[ 0.          0.33254141 13.97164822  2.08310413 -6.39057016  1.76761889
 -1.60230052 -0.71898359]"
1747421924.8916101,"[ 0.          0.2673195   0.71043124  3.01860841 -2.05977933  0.6375121
  1.13997369  1.5539517 ]","[ 0.00000000e+00 -7.19190115e-05  1.20071597e-01  3.35089175e-03
 -9.72350907e-03  2.83117593e-01 -1.10199767e-01 -1.21967536e-04]","[ 0.          0.48144433 13.84252262  2.1589129  -6.4802556   1.79129541
 -1.6162008  -0.71583498]"
1747421924.8928475,"[ 0.          0.26731997  0.71054742  3.0186132  -2.05978866  0.63778793
  1.13986624  1.5539517 ]","[ 0.00000000e+00 -6.29302007e-05  1.17762503e-01  3.72066959e-03
 -8.76863994e-03  2.79537472e-01 -1.09008818e-01 -1.13928053e-04]","[ 0.          0.53328824 13.81941509  2.15918255 -6.54557467  1.86957812
 -1.65406656 -0.70787102]"
1747421924.8946245,"[ 0.          0.26732044  0.71076833  3.01862146 -2.05980277  0.63832543
  1.13965225  1.5539517 ]","[ 0.00000000e+00 -4.50071176e-05  1.10469869e-01  4.23880396e-03
 -7.02253421e-03  2.68206787e-01 -1.03177236e-01 -1.13928053e-04]","[ 0.          0.70733845 13.76577282  2.2983222  -6.944839    1.90300059
 -1.64243853 -0.72008163]"
1747421924.8958151,"[ 0.          0.26732044  0.71088218  3.01862598 -2.0598089   0.63860226
  1.13955225  1.5539517 ]","[ 0.00000000e+00 -4.04544434e-05  1.07328904e-01  4.37126684e-03
 -5.76767455e-03  2.60799204e-01 -1.01556652e-01 -1.14014268e-04]","[ 0.          0.7828719  13.73567867  2.31172776 -7.20601225  1.8782078
 -1.68579412 -0.73965484]"
1747421924.8975668,"[ 0.          0.26732089  0.71108745  3.01863158 -2.05981795  0.63908742
  1.13935251  1.55395077]","[ 0.00000000e+00 -2.24750726e-05  1.02802870e-01  4.91552490e-03
 -4.59165694e-03  2.41197040e-01 -9.67055627e-02 -1.21877737e-04]","[ 0.          0.93098307 13.85335827  2.3091886  -7.72207499  1.89704084
 -1.73543954 -0.71551049]"
1747421924.8993287,"[ 0.          0.26732135  0.71118891  3.0186369  -2.05982248  0.63931765
  1.1392593   1.55395077]","[ 0.00000000e+00 -1.32642965e-05  1.02907141e-01  5.09107923e-03
 -4.59165694e-03  2.33127779e-01 -9.46300947e-02 -1.11278562e-04]","[ 0.          1.06946373 13.88138866  2.36738253 -8.00931454  1.99472761
 -1.74723125 -0.72665638]"
1747421924.9011455,"[ 0.          0.26732227  0.71140157  3.01865022 -2.05983686  0.63978191
  1.13907954  1.55395077]","[ 0.00000000e+00  8.70029789e-06  1.03818142e-01  6.30014448e-03
 -6.23012987e-03  2.23936228e-01 -8.96723623e-02 -1.11278562e-04]","[ 0.          1.14714921 14.03673744  2.51424885 -8.54584312  2.09962201
 -1.85890257 -0.7385686 ]"
1747421924.9029078,"[ 0.          0.26732273  0.71160636  3.0186678  -2.05985896  0.6402176
  1.13889685  1.55395077]","[ 0.00000000e+00  1.71247870e-05  1.03717433e-01  8.58245273e-03
 -1.12090453e-02  2.20939739e-01 -8.96723623e-02 -1.11278562e-04]","[ 0.          1.41904473 14.32331562  2.57144618 -9.20552731  2.19259882
 -1.882447   -0.70307428]"
1747421924.9041226,"[ 0.          0.26732273  0.71171748  3.01867738 -2.05987494  0.64043638
  1.1388075   1.55395077]","[ 0.00000000e+00  1.68575840e-05  1.04472073e-01  9.31836320e-03
 -1.61894291e-02  2.21795180e-01 -9.07527485e-02 -1.11362770e-04]","[ 0.          1.44862509 14.3692894   2.64545369 -9.49665165  2.15824604
 -1.96636164 -0.72032446]"
1747421924.9059024,"[ 0.          0.26732365  0.71191948  3.01870162 -2.05991942  0.64087687
  1.13861149  1.5539497 ]","[ 0.00000000e+00  3.73026596e-05  1.02096849e-01  1.25384225e-02
 -2.37685775e-02  2.14187294e-01 -9.67966262e-02 -1.21876526e-04]","[ 0.          1.5686307  14.61761189  2.71132922 -9.97493744  2.14171076
 -2.03681397 -0.7130987 ]"
1747421924.9076662,"[ 0.          0.2673241   0.71202009  3.01871547 -2.05994658  0.64108899
  1.13851255  1.5539497 ]","[ 0.00000000e+00  4.08203599e-05  1.02096849e-01  1.40450684e-02
 -2.75499417e-02  2.14997594e-01 -1.00374458e-01 -1.21876526e-04]","[  0.           1.67248702  14.69835472   2.76907825 -10.18244457
   2.23763847  -2.03642488  -0.70783591]"
1747421924.9088547,"[ 0.          0.26732503  0.71223034  3.01874955 -2.06001582  0.64152947
  1.13831082  1.5539497 ]","[ 0.00000000e+00  5.54091398e-05  1.02062761e-01  1.83666278e-02
 -3.58598885e-02  2.16663951e-01 -1.02366944e-01 -1.13928053e-04]","[  0.           1.7412523   14.79051018   2.88534379 -10.41628456
   2.22840476  -2.09336591  -0.71610558]"
1747421924.9106452,"[ 0.          0.26732595  0.71243794  3.01879536 -2.06010025  0.64195944
  1.13807779  1.5539497 ]","[ 0.00000000e+00  6.53659106e-05  1.06148308e-01  2.43087727e-02
 -4.50605775e-02  2.18827120e-01 -1.08038994e-01 -1.13929191e-04]","[  0.           1.90416813  14.79831123   2.93876958 -10.55808926
   2.1646874   -2.10859394  -0.71385396]"
1747421924.9130454,"[ 0.          0.2673264   0.71254213  3.01882306 -2.06014898  0.64217822
  1.13796647  1.5539497 ]","[ 0.00000000e+00  7.19537883e-05  1.05608111e-01  2.80901368e-02
 -4.94278371e-02  2.22020133e-01 -1.12900745e-01 -1.14014268e-04]","[  0.           1.97575355  14.72629738   3.02129555 -10.58054924
   2.10070348  -2.12768674  -0.72841942]"
1747421924.9159305,"[ 0.          0.26732778  0.71285898  3.01893171 -2.06033594  0.64286032
  1.13763544  1.55394877]","[ 0.00000000e+00  8.72190540e-05  1.04797819e-01  4.00852100e-02
 -6.69841731e-02  2.25801489e-01 -1.05338016e-01 -1.21876526e-04]","[  0.           2.11679816  14.37735844   2.99234867 -10.41980743
   2.07796693  -2.10598016  -0.72531581]"
1747421924.9180367,"[ 0.          0.26732916  0.71306198  3.0190212  -2.06048188  0.64332837
  1.13742904  1.55394877]","[ 0.00000000e+00  1.02524452e-04  1.02533050e-01  4.69969619e-02
 -7.22213169e-02  2.29418412e-01 -9.93043086e-02 -1.21968747e-04]","[  0.           2.25958395  14.11398983   2.98438454 -10.24564171
   2.01282454  -2.0786674   -0.68016481]"
1747421924.920308,"[ 0.          0.26733099  0.71338296  3.01917966 -2.06071144  0.64401141
  1.13715114  1.55394877]","[ 0.00000000e+00  1.22461393e-04  9.88556741e-02  5.53699820e-02
 -7.99488533e-02  2.32553934e-01 -9.17400989e-02 -1.14014268e-04]","[ 0.          2.43769526 13.60285473  3.02080584 -9.77720165  1.92385042
 -2.04773736 -0.71203011]"
1747421924.9221013,"[ 0.          0.26733237  0.71358083  3.01930083 -2.06088455  0.64449657
  1.13696858  1.55394877]","[ 0.00000000e+00  1.35914468e-04  9.64247990e-02  6.37430062e-02
 -8.56209037e-02  2.38225968e-01 -8.77689595e-02 -1.13928053e-04]","[ 0.          2.54116058 13.25892448  3.00027037 -9.45094681  1.88639641
 -1.99652159 -0.74335253]"
1747421924.9238653,"[ 0.          0.2673342   0.71376359  3.01944278 -2.06106458  0.64497793
  1.13680214  1.55394784]","[ 0.00000000e+00  1.55163853e-04  9.07527485e-02  7.07655415e-02
 -9.30892147e-02  2.45809486e-01 -8.29199257e-02 -1.21968747e-04]","[ 0.          2.64262795 12.97574806  2.99960804 -9.16594601  1.768538
 -1.92393148 -0.72341239]"
1747421924.92782,"[ 0.          0.2673365   0.71392711  3.01959404 -2.06126405  0.64548593
  1.13663369  1.55394784]","[ 0.00000000e+00  1.79947587e-04  8.94106818e-02  7.52305391e-02
 -9.72981660e-02  2.49029880e-01 -8.21746817e-02 -1.13928053e-04]","[ 0.          2.75572705 12.63456821  2.97885489 -8.91000652  1.70024824
 -1.90379381 -0.7271648 ]"
1747421924.9289856,"[ 0.          0.26734201  0.71418697  3.01983213 -2.06157297  0.64623175
  1.13646911  1.55394784]","[ 0.00000000e+00  2.71554152e-04  7.72478753e-02  8.12993422e-02
 -1.03316602e-01  2.55512214e-01 -8.40003119e-02 -1.13926924e-04]","[ 0.          2.98771882 12.28326702  2.97318411 -8.68348122  1.68229222
 -1.83809853 -0.69427413]"
1747421924.9313087,"[ 0.          0.26734752  0.71433484  3.02000124 -2.0617815   0.64676352
  1.13629414  1.55394784]","[ 0.00000000e+00  6.91780540e-04  7.02253442e-02  8.30043562e-02
 -1.07120054e-01  2.61454359e-01 -8.85919761e-02 -1.13928053e-04]","[ 0.          3.13788652 12.10548687  3.01715016 -8.62669468  1.67168105
 -1.79376125 -0.71777129]"
1747421924.932401,"[ 0.          0.26735532  0.71446021  3.02016982 -2.06200467  0.64728576
  1.13610758  1.55394784]","[ 0.00000000e+00  1.62276808e-03  6.10420282e-02  8.60737992e-02
 -1.15061525e-01  2.65235714e-01 -9.17400989e-02 -1.13928053e-04]","[ 0.          3.30589557 11.99649429  3.12014389 -8.67547703  1.69824493
 -1.75460243 -0.70756871]"
1747421924.9341428,"[ 0.          0.26735992  0.71452126  3.02025477 -2.06213357  0.64756074
  1.13601344  1.55394784]","[ 0.00000000e+00  2.57965487e-03  5.74259756e-02  8.61610926e-02
 -1.21371935e-01  2.58793045e-01 -9.56145072e-02 -1.13928053e-04]","[ 0.          3.4339788  11.97346497  3.16825891 -8.75140381  1.71702611
 -1.80897379 -0.70019728]"
1747421924.9365125,"[ 0.          0.2673714   0.71462918  3.02044119 -2.06239083  0.64806873
  1.13581171  1.55394784]","[ 0.00000000e+00  5.03483192e-03  5.34251129e-02  9.23733403e-02
 -1.33698252e-01  2.55523149e-01 -1.00476258e-01 -1.05980645e-04]","[ 0.          3.68524003 11.91212463  3.28550935 -8.96078491  1.73825109
 -1.81948769 -0.69556636]"
1747421924.9387736,"[ 0.          0.26738793  0.71468012  3.02063161 -2.06268058  0.64858718
  1.13560345  1.55394691]","[ 0.00000000e+00  8.05836916e-03  5.15886178e-02  9.72350907e-02
 -1.44502155e-01  2.52811236e-01 -1.06958600e-01 -1.13928053e-04]","[ 0.          3.86516261 11.90311909  3.33604193 -9.13933086  1.72978461
 -1.8509233  -0.69906473]"
1747421924.9404721,"[ 0.          0.26740905  0.71477339  3.0208396  -2.06298258  0.64908659
  1.13538081  1.55394691]","[ 0.00000000e+00  1.16141912e-02  4.29454991e-02  1.03177236e-01
 -1.56386445e-01  2.52811236e-01 -1.09008818e-01 -1.13670222e-04]","[ 0.          4.08576345 11.90048504  3.51632333 -9.41009998  1.7397176
 -1.8240453  -0.70407146]"
1747421924.9422534,"[ 0.          0.26743936  0.71484543  3.02105319 -2.0633224   0.64960125
  1.13516203  1.55394691]","[ 0.00000000e+00  1.60491814e-02  3.28506684e-02  1.09929672e-01
 -1.69360001e-01  2.50532552e-01 -1.11010067e-01 -1.13757160e-04]","[ 0.          4.30638885 11.86435413  3.57928443 -9.6226244   1.70030546
 -1.90411985 -0.70540571]"
1747421924.9439886,"[ 0.          0.26747978  0.71489737  3.02129207 -2.0636774   0.65008927
  1.13492807  1.55394691]","[ 0.00000000e+00  2.24180906e-02  2.43087727e-02  1.19653181e-01
 -1.83210370e-01  2.47949485e-01 -1.14791431e-01 -1.05740783e-04]","[ 0.          4.51696205 11.92143154  3.69656634 -9.84597683  1.69986057
 -1.94049776 -0.7180512 ]"
1747421924.945621,"[ 0.          0.26754038  0.71493452  3.02153762 -2.06407368  0.65059827
  1.13469491  1.55394597]","[ 0.00000000e+00  3.23491306e-02  1.65507181e-02  1.26675712e-01
 -1.95348625e-01  2.49013085e-01 -1.18722481e-01 -1.13756038e-04]","[  0.           4.68236256  11.97506332   3.74222922 -10.00027561
   1.67707276  -1.98480082  -0.71646613]"
1747421924.9467888,"[ 0.          0.26757712  0.71494783  3.0216769  -2.06427395  0.65084941
  1.13457786  1.55394597]","[ 0.00000000e+00  3.72734528e-02  1.35048743e-02  1.31151904e-01
 -2.03113304e-01  2.54701914e-01 -1.18842890e-01 -1.13756038e-04]","[  0.           4.79951811  12.08443546   3.74226308 -10.10285664
   1.65493119  -1.95274878  -0.71450686]"
1747421924.9490876,"[ 0.          0.26767126  0.71496528  3.02194215 -2.06470245  0.65135834
  1.1343258   1.55394597]","[ 0.00000000e+00  5.13185192e-02  7.01541910e-03  1.35859032e-01
 -2.21525351e-01  2.60110161e-01 -1.24514940e-01 -1.13756038e-04]","[  0.           4.94034004  12.15287018   3.80871654 -10.181427
   1.56971228  -1.98963797  -0.72709531]"
1747421924.9518933,"[ 0.          0.26779844  0.71497267  3.02221646 -2.06518688  0.65189776
  1.13405948  1.55394597]","[ 0.00000000e+00  6.61068321e-02  1.88876664e-03  1.39910499e-01
 -2.40988482e-01  2.63306887e-01 -1.31653443e-01 -1.13756038e-04]","[  0.           5.06483126  12.21166801   3.76812959 -10.16589832
   1.47843051  -2.04532552  -0.73256981]"
1747421924.9530387,"[ 0.          0.26787055  0.7149722   3.02236693 -2.06543296  0.65215649
  1.13392539  1.55394504]","[ 0.00000000e+00  7.31964166e-02 -5.40194952e-04  1.41684181e-01
 -2.49570069e-01  2.62534753e-01 -1.36129127e-01 -1.21600701e-04]","[  0.           5.11049175  12.19853306   3.76263666 -10.08591557
   1.52806473  -2.06496167  -0.72625446]"
1747421924.9553819,"[ 0.          0.26815111  0.71496761  3.02280129 -2.06623963  0.65294418
  1.13348397  1.55394504]","[ 0.00000000e+00  1.02366944e-01 -1.25870798e-03  1.49093811e-01
 -2.73061696e-01  2.58491209e-01 -1.49457999e-01 -1.13757160e-04]","[ 0.          5.12357759 12.14541721  3.69489717 -9.92819977  1.38999259
 -2.04453039 -0.74445528]"
1747421924.9570837,"[ 0.          0.26837473  0.714969    3.02311075 -2.06679756  0.65345311
  1.13317757  1.55394504]","[ 0.00000000e+00  1.17762503e-01 -3.31156572e-04  1.52064884e-01
 -2.86303333e-01  2.57672986e-01 -1.55306051e-01 -1.13671344e-04]","[ 0.          5.19629383 11.98215771  3.61011052 -9.82919025  1.36983955
 -1.99593759 -0.74347746]"
1747421924.9588418,"[ 0.          0.26864015  0.71496854  3.02342873 -2.06740796  0.65398867
  1.13287131  1.55394411]","[ 0.00000000e+00  1.33158055e-01  0.00000000e+00  1.56730293e-01
 -3.01423696e-01  2.61551497e-01 -1.54495751e-01 -1.21692507e-04]","[ 0.          5.09853888 11.67804623  3.50427747 -9.65068722  1.33198023
 -1.9901433  -0.74647528]"
1747421924.960577,"[ 0.          0.26877973  0.71496761  3.02358612 -2.06771369  0.65424367
  1.13270673  1.55394411]","[ 0.00000000e+00  1.41531083e-01 -1.75525527e-04  1.59627612e-01
 -3.10071912e-01  2.58753381e-01 -1.54974903e-01 -1.21600701e-04]","[ 0.          5.04370451 11.49914932  3.45929503 -9.57629299  1.33133721
 -2.00092316 -0.74842626]"
1747421924.9628603,"[ 0.          0.26926418  0.71496528  3.02408946 -2.0686972   0.65502944
  1.13224906  1.55394411]","[ 0.00000000e+00  1.68540829e-01 -3.51070365e-04  1.75115658e-01
 -3.30262069e-01  2.58793045e-01 -1.46950316e-01 -1.11111643e-04]","[ 0.          4.97482252 11.0681839   3.30709457 -9.3110323   1.30822766
 -1.98196507 -0.77149099]"
1747421924.9652042,"[ 0.          0.26961683  0.71496441  3.02445937 -2.06936911  0.65554216
  1.13196371  1.55394411]","[ 0.00000000e+00  1.83126081e-01 -4.13030408e-04  1.81321606e-01
 -3.44104182e-01  2.60373964e-01 -1.43546264e-01 -1.11026729e-04]","[ 0.          4.87465429 10.739851    3.1430254  -9.15672493  1.34703505
 -1.89834201 -0.75974131]"
1747421924.9668543,"[ 0.          0.27001036  0.71496208  3.02482822 -2.07009322  0.65607965
  1.13167355  1.55394304]","[ 0.00000000e+00  1.95749098e-01 -5.29025247e-04  1.88528036e-01
 -3.56758358e-01  2.61454359e-01 -1.41433411e-01 -1.21692507e-04]","[ 0.          4.71454239 10.41928864  3.06048059 -9.08202362  1.39834177
 -1.84917259 -0.75472295]"
1747421924.9686227,"[ 0.          0.27041307  0.71495842  3.02522716 -2.07081867  0.65658293
  1.13140151  1.55394304]","[ 0.00000000e+00  2.07164771e-01 -7.34777718e-04  1.96161905e-01
 -3.70573739e-01  2.52811236e-01 -1.36129127e-01 -1.13671344e-04]","[ 0.          4.53694534  9.98916531  2.92370176 -9.06544971  1.41528606
 -1.82360673 -0.71481067]"
1747421924.970339,"[ 0.          0.27062292  0.71495655  3.02542024 -2.07119018  0.65684831
  1.13127022  1.55394304]","[ 0.00000000e+00  2.12836805e-01 -8.11594051e-04  1.96019475e-01
 -3.76785995e-01  2.49765378e-01 -1.33158055e-01 -1.13756038e-04]","[ 0.          4.39484024  9.848629    2.81629944 -9.07517719  1.49199128
 -1.85466218 -0.71433973]"
1747421924.9720287,"[ 0.          0.27107568  0.71495243  3.02580587 -2.07198061  0.65732781
  1.13100297  1.55394304]","[ 0.00000000e+00  2.23640717e-01 -9.77033376e-04  1.96090765e-01
 -3.88940363e-01  2.42277435e-01 -1.28894991e-01 -1.13670222e-04]","[ 0.          4.22781372  9.42275047  2.75909758 -9.22696686  1.52763045
 -1.79297745 -0.69947475]"
1747421924.9737275,"[ 0.          0.27153213  0.71494783  3.0262072  -2.07276757  0.65785292
  1.13076129  1.55394304]","[ 0.00000000e+00  2.34714707e-01 -1.32479104e-03  1.96630970e-01
 -4.02715330e-01  2.38433045e-01 -1.20463473e-01 -1.13756038e-04]","[ 0.          4.11290121  9.1166029   2.6241858  -9.30331612  1.55276728
 -1.74677086 -0.71143895]"
1747421924.9750967,"[ 0.          0.27178789  0.7149451   3.02640428 -2.07317077  0.65808788
  1.13063958  1.55394304]","[ 0.00000000e+00  2.40737728e-01 -1.55107859e-03  1.99872137e-01
 -4.08927586e-01  2.38225968e-01 -1.14601190e-01 -1.05820618e-04]","[ 0.          4.11647224  8.93803978  2.65326834 -9.36138058  1.57176816
 -1.72787118 -0.67990059]"
1747421924.976837,"[ 0.          0.27227876  0.71493911  3.02681467 -2.07403044  0.658555
  1.1304236   1.55394304]","[ 0.00000000e+00  2.51460747e-01 -2.38462383e-03  2.01222626e-01
 -4.23512854e-01  2.36595414e-01 -1.06958600e-01 -1.05740783e-04]","[ 0.          3.98632479  8.52498722  2.58524275 -9.46899319  1.62155557
 -1.71116018 -0.66164762]"
1747421924.9785912,"[ 0.          0.27281234  0.71493039  3.02721415 -2.07491967  0.65903916
  1.1302172   1.55394304]","[ 0.00000000e+00  2.62805347e-01 -3.33498509e-03  2.03383399e-01
 -4.37340186e-01  2.37415685e-01 -9.93043086e-02 -1.05819570e-04]","[ 0.          3.94648504  8.25854969  2.53351617 -9.63722134  1.68372452
 -1.71266818 -0.67123222]"
1747421924.9802406,"[ 0.          0.27307546  0.71492533  3.02741521 -2.07535776  0.65927032
  1.13012493  1.55394304]","[ 0.00000000e+00  2.66585921e-01 -3.93675416e-03  2.03923588e-01
 -4.44310345e-01  2.34444612e-01 -9.34537265e-02 -1.05739735e-04]","[ 0.          3.81397915  8.11373425  2.4978137  -9.76763344  1.70918608
 -1.69521415 -0.67424619]"
1747421924.982581,"[ 0.          0.27361592  0.71491294  3.02783546 -2.07632955  0.65975455
  1.12995075  1.55394304]","[ 0.00000000e+00  2.76579815e-01 -5.94013608e-03  2.04796272e-01
 -4.61255739e-01  2.36252199e-01 -8.69713844e-02 -9.52376087e-05]","[ 0.          3.77210236  7.86624956  2.43218446 -9.8881731   1.69436419
 -1.68402863 -0.65577841]"
1747421924.984252,"[ 0.          0.27419542  0.71489503  3.0282376  -2.07729787  0.66022067
  1.12977472  1.55394304]","[ 0.00000000e+00  2.85374522e-01 -8.71248989e-03  2.03383399e-01
 -4.77802425e-01  2.37145590e-01 -8.53416380e-02 -9.51657631e-05]","[  0.           3.70264149   7.62760115   2.42983437 -10.03430367
   1.72625113  -1.66336977  -0.64803123]"
1747421924.9859743,"[ 0.          0.27477354  0.71487073  3.02865891 -2.07825848  0.6607049
  1.12961307  1.55394304]","[ 0.00000000e+00  2.95756722e-01 -1.35048743e-02  2.06354471e-01
 -4.91307315e-01  2.34719284e-01 -7.99488533e-02 -9.51657631e-05]","[  0.           3.72511649   7.45868111   2.35966277 -10.01354885
   1.7570318   -1.63306463  -0.65298706]"
1747421924.9876516,"[ 0.          0.27539483  0.71483538  3.02908715 -2.07929258  0.66116343
  1.12945421  1.55394304]","[ 0.00000000e+00  3.04898123e-01 -1.89260185e-02  2.10143966e-01
 -5.08863638e-01  2.33127779e-01 -7.60903157e-02 -9.51657631e-05]","[ 0.          3.76042795  7.28817797  2.36599088 -9.97006226  1.82250071
 -1.61512685 -0.60756677]"
1747421924.9893575,"[ 0.          0.27574703  0.71481374  3.02929834 -2.07980178  0.66138793
  1.1293819   1.55394304]","[ 0.00000000e+00  3.09375995e-01 -2.18557287e-02  2.13970280e-01
 -5.15903139e-01  2.27692167e-01 -7.34665111e-02 -8.45926284e-05]","[ 0.          3.81204319  7.2226429   2.34354329 -9.92156601  1.80199695
 -1.61661088 -0.59575248]"
1747421924.9910235,"[ 0.          0.27639677  0.71475635  3.0297279  -2.08088089  0.66185505
  1.12924302  1.55394304]","[ 0.00000000e+00  3.19479030e-01 -3.03429839e-02  2.18287463e-01
 -5.30124519e-01  2.27692167e-01 -7.02253442e-02 -8.46556558e-05]","[ 0.          3.85041785  7.12561274  2.31411481 -9.89084816  1.83716822
 -1.61751592 -0.60180151]"
1747421924.9932725,"[ 0.          0.27704194  0.71468518  3.03017638 -2.08194988  0.66231165
  1.12909934  1.55394304]","[ 0.00000000e+00  3.29789025e-01 -3.83538432e-02  2.18778950e-01
 -5.45596886e-01  2.31473540e-01 -7.04954387e-02 -8.45926284e-05]","[ 0.          3.88958812  7.10169411  2.27301264 -9.85845566  1.84724617
 -1.56951416 -0.61531085]"
1747421924.9950228,"[ 0.          0.2777399   0.71459843  3.03060675 -2.08304737  0.66254381
  1.1289566   1.55394304]","[ 0.00000000e+00  3.42477989e-01 -4.30915984e-02  2.17158366e-01
 -5.60210117e-01  2.35286371e-01 -6.92120946e-02 -8.46564929e-05]","[ 0.          3.93357062  7.13612127  2.20297551 -9.86661243  1.85512352
 -1.55943918 -0.63394183]"
1747421924.996694,"[ 0.          0.27842915  0.71450888  3.03104617 -2.0842189   0.66303463
  1.12882544  1.55394304]","[ 0.00000000e+00  3.51666927e-01 -4.61866702e-02  2.13654728e-01
 -5.76117910e-01  2.40116663e-01 -6.53635897e-02 -8.45917913e-05]","[ 0.          4.07768536  7.24339914  2.19950128 -9.75445557  1.84923232
 -1.58117568 -0.63727474]"
1747421924.9983835,"[ 0.          0.27877905  0.71446067  3.03125416 -2.08479387  0.66327345
  1.12876259  1.55394304]","[ 0.00000000e+00  3.54908093e-01 -4.88876440e-02  2.10946127e-01
 -5.83140466e-01  2.42277435e-01 -6.37430062e-02 -7.67191870e-05]","[ 0.          4.13892269  7.23832321  2.25392699 -9.72364712  1.8771497
 -1.59293795 -0.64626819]"
1747421925.0000932,"[ 0.          0.27952019  0.71434815  3.03167334 -2.08600641  0.66377286
  1.12864088  1.55394211]","[ 0.00000000e+00  3.64617346e-01 -5.78595424e-02  2.12621172e-01
 -5.95383417e-01  2.44499244e-01 -5.78008613e-02 -8.45926284e-05]","[ 0.          4.27417803  7.35867023  2.2674942  -9.55472183  1.89094198
 -1.63755715 -0.64168358]"
1747421925.0023825,"[ 0.          0.28025626  0.71422099  3.03211836 -2.08720403  0.66426854
  1.12853236  1.55394211]","[ 0.00000000e+00  3.76245773e-01 -6.61738814e-02  2.17968666e-01
 -6.10150179e-01  2.52555090e-01 -5.29391068e-02 -8.46564929e-05]","[ 0.          4.43137884  7.51214552  2.34613705 -9.43180275  1.93881381
 -1.62085712 -0.65337867]"
1747421925.004073,"[ 0.          0.2810107   0.71407218  3.03255032 -2.08781203  0.66479265
  1.12842303  1.55394211]","[ 0.00000000e+00  3.84618818e-01 -7.50870946e-02  2.19589250e-01
 -6.16632513e-01  2.56592608e-01 -5.19090710e-02 -8.45917913e-05]","[ 0.          4.59835148  7.73892117  2.33976126 -9.34155655  1.97810566
 -1.62806654 -0.64735746]"
1747421925.0063283,"[ 0.          0.28142399  0.71390873  3.03300652 -2.08909355  0.6652902
  1.12831837  1.55394211]","[ 0.00000000e+00  3.89192664e-01 -8.56209037e-02  2.23976109e-01
 -6.29057025e-01  2.48777562e-01 -5.29391068e-02 -8.45917913e-05]","[ 0.          4.62849188  7.98905373  2.43157649 -9.19502926  1.97545314
 -1.65452361 -0.63650644]"
1747421925.0087032,"[ 0.          0.28221012  0.71372318  3.03344861 -2.09035376  0.66578395
  1.12820519  1.55394118]","[ 0.00000000e+00  4.01905030e-01 -9.18331430e-02  2.23683943e-01
 -6.41751582e-01  2.37415685e-01 -5.64229043e-02 -8.45926284e-05]","[ 0.          4.77404118  8.33227444  2.54240251 -9.11730099  1.96387804
 -1.68484282 -0.66090471]"
1747421925.0103924,"[ 0.          0.28305045  0.71352251  3.03391146 -2.0916872   0.66624248
  1.12809187  1.55394118]","[ 0.00000000e+00  4.13519242e-01 -1.00307380e-01  2.26945450e-01
 -6.54986361e-01  2.30663240e-01 -5.78008613e-02 -8.46556558e-05]","[ 0.          4.88843012  8.60834885  2.64275527 -9.11353397  1.93099403
 -1.73084688 -0.68587857]"
1747421925.0122168,"[ 0.          0.28391048  0.71331725  3.03437006 -2.09299961  0.66671146
  1.12796923  1.55394118]","[ 0.00000000e+00  4.22795632e-01 -1.05338016e-01  2.34174518e-01
 -6.69301517e-01  2.27692167e-01 -6.07719338e-02 -8.45917913e-05]","[ 0.          5.0712986   8.94397831  2.72006631 -9.20236588  1.97482777
 -1.77025723 -0.69192421]"
1747421925.0140266,"[ 0.          0.28475953  0.71308815  3.03485502 -2.09439031  0.66715954
  1.12784553  1.55394025]","[ 0.00000000e+00  4.33067211e-01 -1.13992316e-01  2.37504867e-01
 -6.82924052e-01  2.27692167e-01 -6.36784204e-02 -9.52385514e-05]","[ 0.          5.19457102  9.28431892  2.85994363 -9.24793434  1.97039211
 -1.86664152 -0.71040624]"
1747421925.0172338,"[ 0.          0.28563292  0.71285765  3.03532853 -2.09575598  0.66762186
  1.12770851  1.55394025]","[ 0.00000000e+00  4.46201023e-01 -1.18302692e-01  2.40926946e-01
 -6.95771075e-01  2.23683943e-01 -6.86047607e-02 -8.46556558e-05]","[ 0.          5.40032339  9.70252228  3.0072248  -9.43071175  1.98907459
 -1.90141821 -0.71159369]"
1747421925.0178134,"[ 0.          0.28656552  0.71261657  3.03582255 -2.09720554  0.66805755
  1.12756203  1.55394025]","[ 0.00000000e+00  4.57815235e-01 -1.22894348e-01  2.40236189e-01
 -7.11976943e-01  2.20939739e-01 -7.61674891e-02 -8.45917913e-05]","[ 0.          5.53064108 10.0498085   3.1662724  -9.57783031  1.95349979
 -1.97049713 -0.71140748]"
1747421925.0195951,"[ 0.          0.28702242  0.71248388  3.0360601  -2.097915    0.66827161
  1.12747734  1.55394025]","[ 0.00000000e+00  4.63487268e-01 -1.24882689e-01  2.40926946e-01
 -7.19539654e-01  2.17158366e-01 -7.97443724e-02 -8.46564929e-05]","[ 0.          5.68681812 10.26767921  3.22819209 -9.62271976  1.85452557
 -1.96416867 -0.71846288]"
1747421925.0213077,"[ 0.          0.28798948  0.71223081  3.03654133 -2.09935231  0.66871875
  1.12731369  1.55393932]","[ 0.00000000e+00  4.74258124e-01 -1.28026201e-01  2.44978413e-01
 -7.31964166e-01  2.18238761e-01 -8.39152073e-02 -9.51657631e-05]","[ 0.          5.79815197 10.58521366  3.4309926  -9.72429943  1.81397283
 -2.03500319 -0.72729421]"
1747421925.022974,"[ 0.          0.28894369  0.71196449  3.03705133 -2.10087457  0.66915345
  1.12714352  1.55393932]","[ 0.00000000e+00  4.86715659e-01 -1.30901134e-01  2.52000952e-01
 -7.46549434e-01  2.20939739e-01 -8.77816761e-02 -9.52376087e-05]","[ 0.          5.87700462 10.79497147  3.55453205 -9.89596367  1.77598369
 -2.05335951 -0.73972285]"
1747421925.0246427,"[ 0.          0.28942812  0.71183406  3.03730353 -2.10161653  0.66938847
  1.12704924  1.55393932]","[ 0.00000000e+00  4.91307315e-01 -1.32347763e-01  2.55782308e-01
 -7.52491546e-01  2.21177776e-01 -8.87720308e-02 -9.52376087e-05]","[  0.           5.91548729  10.88584614   3.60852814 -10.02434158
   1.82591784  -2.07536411  -0.75210118]"
1747421925.0258176,"[ 0.          0.29045993  0.71156502  3.03781965 -2.10318194  0.66981557
  1.12686761  1.55393838]","[ 0.00000000e+00  5.08053338e-01 -1.37070496e-01  2.63887689e-01
 -7.67100715e-01  2.15859043e-01 -9.34537265e-02 -9.51667059e-05]","[  0.           5.97733116  11.00616264   3.73062158 -10.21220207
   1.77591193  -2.11140943  -0.76642793]"
1747421925.0280526,"[ 0.          0.29148298  0.71127893  3.03837013 -2.10471672  0.67023795
  1.1266716   1.55393838]","[ 0.00000000e+00  5.21018039e-01 -1.40430332e-01  2.70637670e-01
 -7.81662081e-01  2.04935639e-01 -9.56145072e-02 -9.51657631e-05]","[  0.           6.05754042  11.11237049   3.80237961 -10.27587223
   1.78726852  -2.11858201  -0.78802216]"
1747421925.0297809,"[ 0.          0.29256988  0.71100156  3.03890835 -2.10633938  0.67062704
  1.12648332  1.55393745]","[ 0.00000000e+00  5.33712596e-01 -1.40720783e-01  2.73878837e-01
 -7.95688352e-01  1.95820670e-01 -9.56145072e-02 -1.03175101e-04]","[  0.           6.06975412  11.14897919   3.80082679 -10.31402683
   1.81330645  -2.14528394  -0.80794722]"
1747421925.031556,"[ 0.          0.29310348  0.71086015  3.03920077 -2.10713061  0.6708335
  1.12638904  1.55393745]","[ 0.00000000e+00  5.41275341e-01 -1.43421761e-01  2.75343776e-01
 -8.02459572e-01  1.94345562e-01 -9.56145072e-02 -1.03174077e-04]","[  0.           6.12028551  11.19378376   3.78478551 -10.41065407
   1.78138924  -2.13129663  -0.79956824]"
1747421925.0332298,"[ 0.          0.29423263  0.71055615  3.03975417 -2.10873303  0.67122159
  1.1261941   1.55393639]","[ 0.00000000e+00  5.53676950e-01 -1.49959538e-01  2.82251866e-01
 -8.14867905e-01  1.96901065e-01 -9.34537265e-02 -1.13671344e-04]","[  0.           6.13318968  11.13041687   3.77412629 -10.40930176
   1.8029474   -2.14982986  -0.80879885]"
1747421925.0349207,"[ 0.          0.29534753  0.71024895  3.04034007 -2.11042573  0.67163065
  1.1259933   1.55393639]","[ 0.00000000e+00  5.69328248e-01 -1.56926634e-01  2.86843522e-01
 -8.30294399e-01  2.02370149e-01 -9.93043086e-02 -1.13756038e-04]","[  0.           6.15046883  11.00670815   3.72056842 -10.32578278
   1.80104649  -2.13649917  -0.80577296]"
1747421925.036624,"[ 0.          0.29591648  0.71008963  3.04062609 -2.11125131  0.67183046
  1.1258925   1.55393545]","[ 0.00000000e+00  5.76928177e-01 -1.61518290e-01  2.90084689e-01
 -8.37302174e-01  2.02573099e-01 -1.02096849e-01 -1.21692507e-04]","[  0.           6.16394472  10.89970779   3.75860262 -10.20826054
   1.83611882  -2.11366892  -0.81002748]"
1747421925.037733,"[ 0.          0.2971177   0.70975074  3.04120293 -2.11292245  0.6722262
  1.1256841   1.55393545]","[ 0.00000000e+00  5.88751480e-01 -1.67730529e-01  2.93055778e-01
 -8.51347220e-01  2.01558384e-01 -1.06148308e-01 -1.21693710e-04]","[  0.           6.14248943  10.78101635   3.70261192 -10.10975266
   1.79773188  -2.06734443  -0.81478643]"
1747421925.0400345,"[ 0.          0.29830057  0.70940819  3.0418104  -2.11468519  0.67264665
  1.1254568   1.55393452]","[ 0.00000000e+00  6.02786406e-01 -1.75563352e-01  2.97917511e-01
 -8.64041843e-01  2.05544171e-01 -1.12786354e-01 -1.21784452e-04]","[ 0.          6.02844906 10.63321781  3.59874177 -9.93866444  1.76562381
 -2.08345771 -0.83988756]"
1747421925.0416849,"[ 0.          0.29890258  0.70921578  3.04210947 -2.11554433  0.67285118
  1.12534069  1.55393359]","[ 0.00000000e+00  6.10420291e-01 -1.81054824e-01  3.03319467e-01
 -8.71334444e-01  2.07434866e-01 -1.17762503e-01 -1.32474482e-04]","[ 0.          5.9218998  10.58446217  3.49596071 -9.93605042  1.71812451
 -2.07117915 -0.84110552]"
1747421925.043325,"[ 0.          0.30017131  0.70885259  3.04274251 -2.11734836  0.67328594
  1.12508383  1.55393359]","[ 0.00000000e+00  6.23114847e-01 -1.85827058e-01  3.11203656e-01
 -8.83758956e-01  2.13153189e-01 -1.28142681e-01 -1.32474482e-04]","[ 0.          5.78355074 10.3826189   3.42408729 -9.71475601  1.81382263
 -2.04757667 -0.82841504]"
1747421925.0450819,"[ 0.          0.30141847  0.7084655   3.04336569 -2.11911084  0.67370639
  1.12481751  1.55393266]","[ 0.00000000e+00  6.35809470e-01 -1.90763660e-01  3.16233502e-01
 -8.96084864e-01  2.15215873e-01 -1.38019813e-01 -1.43072445e-04]","[ 0.          5.75347662 10.16827583  3.35190701 -9.45750046  1.87545729
 -1.98332822 -0.84847629]"
1747421925.0468285,"[ 0.          0.30273773  0.70807927  3.0440155  -2.12096599  0.67414115
  1.12452922  1.55393173]","[ 0.00000000e+00  6.46343271e-01 -1.98251554e-01  3.16971330e-01
 -9.09688291e-01  2.09840033e-01 -1.48553606e-01 -1.43072445e-04]","[ 0.          5.66600704  9.90571117  3.2658217  -9.1564312   1.93479228
 -1.94160295 -0.88262171]"
1747421925.04861,"[ 0.          0.30403496  0.7076573   3.044644   -2.12277295  0.67454735
  1.12421444  1.55393079]","[ 0.00000000e+00  6.61738806e-01 -2.08388594e-01  3.18985113e-01
 -9.18871603e-01  2.05544171e-01 -1.55306051e-01 -1.51020918e-04]","[ 0.          5.68184042  9.61533642  3.22209311 -8.96437645  1.92599571
 -1.88534021 -0.86254108]"
1747421925.0503128,"[ 0.          0.3047412   0.70744604  3.04496145 -2.12375565  0.67474715
  1.1240641   1.55393079]","[ 0.00000000e+00  6.65037930e-01 -2.14187294e-01  3.21956202e-01
 -9.25335627e-01  2.02573099e-01 -1.52334978e-01 -1.51020918e-04]","[ 0.          5.78545475  9.52901936  3.25135303 -8.98810768  1.9327476
 -1.87135792 -0.87493688]"
1747421925.0521178,"[ 0.          0.30607284  0.70700662  3.04562911 -2.12559457  0.67514576
  1.12374346  1.55392973]","[ 0.00000000e+00  6.79146558e-01 -2.26341678e-01  3.27088047e-01
 -9.35077471e-01  1.93929992e-01 -1.57733356e-01 -1.61620475e-04]","[ 0.          5.79473925  9.31595993  3.21503019 -8.8723526   1.96132815
 -1.89966965 -0.8899262 ]"
1747421925.053267,"[ 0.          0.30748162  0.70652905  3.04627838 -2.12752403  0.6755196
  1.12342388  1.55392786]","[ 0.00000000e+00  6.90114787e-01 -2.35254896e-01  3.29248836e-01
 -9.43892467e-01  1.87987848e-01 -1.63138873e-01 -1.69567338e-04]","[ 0.          5.77488947  9.29238605  3.13878942 -8.84458828  2.01530981
 -1.908216   -0.94238973]"
1747421925.0549505,"[ 0.          0.30816812  0.70629349  3.04663045 -2.12845986  0.67571654
  1.12326409  1.55392786]","[ 0.00000000e+00  6.96311297e-01 -2.38766174e-01  3.31515918e-01
 -9.49122516e-01  1.85568665e-01 -1.62058479e-01 -1.69567338e-04]","[ 0.          5.7612896   9.36857033  3.06719398 -8.76268673  2.04244757
 -1.89977074 -0.89112419]"
1747421925.0567272,"[ 0.          0.30956085  0.70581133  3.04728985 -2.13034165  0.67608565
  1.12291775  1.553926  ]","[ 0.00000000e+00  7.08735809e-01 -2.46328902e-01  3.36200485e-01
 -9.56415183e-01  1.88257942e-01 -1.71781996e-01 -1.90761348e-04]","[ 0.          5.8547473   9.39814472  3.02866554 -8.84607124  2.11470294
 -1.89433312 -0.89604163]"
1747421925.0584724,"[ 0.          0.31102566  0.70529387  3.0479908  -2.13231292  0.67645377
  1.12255622  1.55392507]","[ 0.00000000e+00  7.17699343e-01 -2.55242119e-01  3.43051268e-01
 -9.64204730e-01  1.85099133e-01 -1.77544062e-01 -1.90763250e-04]","[ 0.          5.88826513  9.47484016  3.02069855 -9.06666756  2.13729072
 -1.91445303 -0.92351443]"
1747421925.0601778,"[ 0.          0.31173968  0.70503668  3.04833035 -2.1332682   0.67665164
  1.12238125  1.55392414]","[ 0.00000000e+00  7.24131344e-01 -2.60914170e-01  3.44374293e-01
 -9.68839629e-01  1.86320958e-01 -1.77274250e-01 -1.98862094e-04]","[ 0.          5.90030479  9.50595474  3.05886364 -9.29681683  2.20119643
 -1.9720217  -0.9591983 ]"
1747421925.0619519,"[ 0.          0.31323711  0.70450771  3.04909175 -2.13519127  0.67702648
  1.12203118  1.55392214]","[ 0.00000000e+00  7.34250024e-01 -2.70097482e-01  3.45728310e-01
 -9.77212674e-01  1.90958920e-01 -1.76643747e-01 -2.17258159e-04]","[ 0.          5.91965818  9.65919018  3.03558421 -9.58415127  2.24047613
 -2.11190772 -0.98845899]"
1747421925.0636358,"[ 0.          0.31470285  0.70394432  3.04972398 -2.13721154  0.67743554
  1.12168204  1.55392027]","[ 0.00000000e+00  7.46009212e-01 -2.76039626e-01  3.47965099e-01
 -9.89443907e-01  2.03653493e-01 -1.67513332e-01 -2.38632140e-04]","[ 0.          5.92649651  9.95341396  3.05913281 -9.80328369  2.2869637
 -2.17474771 -0.98375738]"
1747421925.06538,"[ 0.          0.3161874   0.70339371  3.05050482 -2.13917962  0.67786551
  1.12136139  1.55391748]","[ 0.00000000e+00  7.53571990e-01 -2.79820999e-01  3.56843512e-01
 -1.00152141e+00  2.23910811e-01 -1.60978101e-01 -2.54351000e-04]","[ 0.          5.91133881 10.16224194  3.07974815 -9.90724564  2.26510596
 -2.24282813 -1.01849031]"
1747421925.0670772,"[ 0.          0.31699513  0.7030943   3.05085955 -2.14017351  0.67811285
  1.12120733  1.55391548]","[ 0.00000000e+00  7.60580764e-01 -2.81863743e-01  3.59769827e-01
 -1.00800381e+00  2.32963895e-01 -1.56116334e-01 -2.75546927e-04]","[  0.           6.05599642  10.30064106   3.11347961 -10.07862186
   2.26423717  -2.26253533  -0.99655724]"
1747421925.0688145,"[ 0.          0.3185155   0.70253091  3.05157648 -2.14225397  0.67859801
  1.12089534  1.55391175]","[ 0.00000000e+00  7.74369481e-01 -2.87092527e-01  3.63281105e-01
 -1.01984203e+00  2.49029880e-01 -1.50444300e-01 -3.12639768e-04]","[  0.           6.14012623  10.52412415   3.20792103 -10.14882374
   2.23111129  -2.31733537  -1.04039335]"
1747421925.0705647,"[ 0.          0.32011533  0.70193303  3.05233042 -2.1442809   0.67912126
  1.1205956   1.55390789]","[ 0.00000000e+00  7.83902199e-01 -2.92396013e-01  3.69223250e-01
 -1.02961157e+00  2.57279937e-01 -1.51371164e-01 -3.49732641e-04]","[  0.           6.12219572  10.68813229   3.24684548 -10.04321098
   2.24190331  -2.29488015  -1.04686964]"
1747421925.0722833,"[ 0.          0.32089274  0.70164328  3.0526974  -2.14538159  0.67937812
  1.12043581  1.55390603]","[ 0.00000000e+00  7.87615711e-01 -2.93866044e-01  3.72194306e-01
 -1.03642606e+00  2.60373964e-01 -1.50461078e-01 -3.72211677e-04]","[ 0.          6.05296755 10.86244297  3.23843312 -9.89111423  2.21922755
 -2.28152108 -1.07140219]"
1747421925.0739834,"[ 0.          0.3224673   0.70106011  3.05344042 -2.14743861  0.67990702
  1.12013328  1.55390123]","[ 0.00000000e+00  8.01919416e-01 -2.95996706e-01  3.78136451e-01
 -1.04635759e+00  2.73068554e-01 -1.55306051e-01 -5.13662689e-04]","[ 0.          6.09207439 10.9841032   3.35589123 -9.627388    2.2541821
 -2.29766607 -1.1005336 ]"
1747421925.075673,"[ 0.          0.32332413  0.70045125  3.05421647 -2.14959497  0.68047781
  1.1198089   1.55389457]","[ 0.00000000e+00  8.06722161e-01 -2.97647434e-01  3.79757051e-01
 -1.05498290e+00  2.81362204e-01 -1.59338709e-01 -8.40145531e-04]","[ 0.          6.09261847 11.04790401  3.36350918 -9.24207973  2.26383924
 -2.34993768 -1.11890173]"
1747421925.0767763,"[ 0.          0.32493085  0.70015457  3.05459144 -2.1506392   0.68075844
  1.11965284  1.55389178]","[ 0.          0.81839533 -0.3008886   0.38029724 -1.05797916  0.28439431
 -0.15827712 -0.00105835]","[ 0.          6.05201149 11.04867077  3.41309762 -9.04497814  2.22844076
 -2.33619976 -1.11231756]"
1747421925.0785177,"[ 0.          0.32655821  0.69953286  3.05499837 -2.15281953  0.68132735
  1.11933806  1.55388219]","[ 0.          0.82757864 -0.30393136  0.38281376 -1.06626752  0.2895445
 -0.1609781  -0.00189879]","[ 0.          6.04894304 10.95161057  3.44690466 -8.48314953  2.1761694
 -2.28974628 -1.14869499]"
1747421925.0802557,"[ 0.          0.32744444  0.69923212  3.05538054 -2.15387334  0.68163841
  1.11914112  1.55387753]","[ 0.          0.83455745 -0.30494003  0.38758987 -1.06877568  0.29289755
 -0.16233437 -0.00247805]","[ 0.          5.9670949  11.0631609   3.4475615  -8.25179386  2.13013625
 -2.26705503 -1.15509176]"
1747421925.0836437,"[ 0.          0.32910579  0.69862825  3.05615605 -2.15599029  0.6822263
  1.11881568  1.55386315]","[ 0.          0.8445485  -0.3059802   0.39488251 -1.07335911  0.3000783
 -0.16638906 -0.00403983]","[ 0.          6.057971   11.12944984  3.39731431 -7.8312788   2.06280923
 -2.18849015 -1.16191447]"
1747421925.0847566,"[ 0.          0.33170068  0.69769381  3.05736646 -2.15926012  0.68315288
  1.11828398  1.55383186]","[ 0.          0.86138967 -0.30872142  0.39974427 -1.08011981  0.30494003
 -0.18042512 -0.00914847]","[ 0.          5.79003096 11.1930685   3.31840014 -7.09027433  2.04912567
 -2.19336724 -1.18723774]"
1747421925.0870569,"[ 0.          0.33341665  0.69705871  3.05819443 -2.16147667  0.68377027
  1.11791007  1.55379471]","[ 0.          0.87376531 -0.31095289  0.40574338 -1.0828182   0.29991908
 -0.1920393  -0.0182052 ]","[ 0.          5.71737051 11.23509026  3.34252453 -6.88627672  2.06774855
 -2.16178441 -1.18655586]"
1747421925.0887747,"[ 0.          0.33521808  0.69644113  3.05900244 -2.16361732  0.68435723
  1.11749728  1.55374517]","[ 0.          0.8812446  -0.31385327  0.41108834 -1.08606193  0.29680621
 -0.20446379 -0.02698238]","[ 0.          5.59692383 11.35390759  3.35886645 -6.78534985  2.01703191
 -2.08436894 -1.17904878]"
1747421925.089908,"[ 0.          0.33609329  0.69613073  3.05940883 -2.16469057  0.68465118
  1.11729275  1.55371295]","[ 0.          0.88754031 -0.31493365  0.41216875 -1.08738998  0.29818762
 -0.20743487 -0.03034298]","[ 0.          5.70577908 11.48733807  3.42962027 -6.88910103  1.95568061
 -2.07717776 -1.198053  ]"
1747421925.091571,"[ 0.          0.33785611  0.69548512  3.06025891 -2.16692523  0.68527236
  1.11686558  1.55364823]","[ 0.          0.89645351 -0.31574395  0.41676041 -1.09209665  0.30385966
 -0.20932554 -0.03376219]","[ 0.          5.58687592 11.56147194  3.43586802 -7.03483582  1.99595225
 -2.14198971 -1.19315481]"
1747421925.0927212,"[ 0.          0.33881351  0.69517559  3.06067384 -2.16800487  0.68557396
  1.11666005  1.55361494]","[ 0.          0.90151259 -0.31353529  0.42081188 -1.09497519  0.30575033
 -0.20851524 -0.03376219]","[ 0.          5.46263933 11.52258015  3.38883305 -7.20554304  2.01763844
 -2.2627573  -1.2059679 ]"
1747421925.0949159,"[ 0.          0.34060299  0.69453364  3.06154602 -2.17017136  0.68620753
  1.11624153  1.55354171]","[ 0.          0.90957611 -0.31396212  0.42680792 -1.09845275  0.30994981
 -0.21418729 -0.03565287]","[ 0.          5.53950691 11.74347401  3.36059475 -7.47873545  2.05021119
 -2.38743424 -1.19852757]"
1747421925.096629,"[ 0.          0.34157418  0.69422551  3.06196653 -2.17125793  0.68651672
  1.11601224  1.55350549]","[ 0.          0.91455255 -0.31250278  0.42648391 -1.10199768  0.31326544
 -0.21591164 -0.03673326]","[ 0.          5.55975628 11.85326862  3.44464612 -7.54584789  2.07182193
 -2.42131114 -1.22194791]"
1747421925.0983098,"[ 0.          0.34338613  0.69360979  3.06280596 -2.17352428  0.68714836
  1.11579632  1.55343225]","[ 0.          0.92022209 -0.31169248  0.42578197 -1.10820997  0.32222628
 -0.21904906 -0.03781365]","[ 0.          5.41681814 12.06424332  3.49231005 -7.85819912  2.05894661
 -2.50415826 -1.25865471]"
1747421925.099408,"[ 0.          0.34521049  0.69297469  3.063688   -2.17572378  0.68781521
  1.11534538  1.55335049]","[ 0.          0.92724465 -0.3084086   0.43182328 -1.11825735  0.32519737
 -0.23147354 -0.04051462]","[ 0.          5.46981001 12.28268147  3.51302052 -8.15691566  2.08199859
 -2.53776503 -1.24920213]"
1747421925.101137,"[ 0.          0.34619823  0.69267255  3.06411597 -2.17691555  0.68813865
  1.11509231  1.55330761]","[ 0.          0.93010022 -0.30629052  0.43404665 -1.12113316  0.32789835
 -0.23823003 -0.04348569]","[ 0.          5.47461796 12.28198719  3.45026517 -8.36819458  2.20575666
 -2.51527667 -1.24397206]"
1747421925.102847,"[ 0.          0.34803957  0.69204718  3.06497511 -2.17914355  0.68881789
  1.11460808  1.55321347]","[ 0.          0.93453725 -0.30493444  0.43495599 -1.13278875  0.33402358
 -0.24902988 -0.04721917]","[ 0.          5.35638905 12.37645245  3.39910746 -8.53757763  2.25368166
 -2.59209538 -1.20433724]"
1747421925.1050766,"[ 0.          0.34996357  0.69140109  3.06587659 -2.18147887  0.68949334
  1.11408111  1.55312026]","[ 0.          0.93988022 -0.30422754  0.44197139 -1.14350411  0.34437429
 -0.26145436 -0.04726706]","[ 0.          5.27654076 12.33538818  3.41644216 -8.6270113   2.32008886
 -2.63245726 -1.23479986]"
1747421925.106174,"[ 0.          0.35089388  0.69114803  3.06631468 -2.18261125  0.68983868
  1.11381473  1.55306979]","[ 0.          0.94345052 -0.30299436  0.44431034 -1.14845453  0.35031644
 -0.26982381 -0.04764601]","[ 0.          5.13276148 12.30505371  3.45466208 -8.58489704  2.30395842
 -2.65345073 -1.23580825]"
1747421925.1078613,"[ 0.          0.3528303   0.6904873   3.06722654 -2.18488932  0.69056739
  1.11324395  1.55297658]","[ 0.          0.94550987 -0.29899789  0.44458046 -1.15565545  0.35787915
 -0.2813622  -0.04784121]","[ 0.          5.06545734 12.06437302  3.48252439 -8.30987549  2.2813499
 -2.64236999 -1.25786185]"
1747421925.1101534,"[ 0.          0.35471159  0.6899032   3.06810539 -2.18727285  0.69127992
  1.11267603  1.55287006]","[ 0.          0.95506469 -0.29494646  0.44601876 -1.16655098  0.36274092
 -0.28846409 -0.04839831]","[ 0.          5.00797844 11.95359612  3.49180198 -7.99404478  2.28445506
 -2.6043365  -1.24415421]"
1747421925.1112685,"[ 0.          0.35660023  0.68929979  3.06902924 -2.18957994  0.69202574
  1.11207861  1.55277019]","[ 0.          0.95884605 -0.29494646  0.45263708 -1.17103534  0.36382129
 -0.2916199  -0.05185872]","[ 0.          4.92410898 11.74435329  3.50774527 -7.61565781  2.24964476
 -2.61855674 -1.25833523]"
1747421925.1130679,"[ 0.          0.35762149  0.68900824  3.06947851 -2.19082444  0.69238054
  1.11179133  1.55271879]","[ 0.          0.96169703 -0.29575672  0.45565445 -1.17294549  0.35976983
 -0.29143518 -0.05212881]","[ 0.          4.98212194 11.73965359  3.47495413 -7.34657574  2.29069066
 -2.55304074 -1.25958645]"
1747421925.1147563,"[ 0.          0.35952988  0.68840437  3.07037839 -2.19314006  0.69310545
  1.11122241  1.5526056 ]","[ 0.          0.96812783 -0.29362416  0.45638741 -1.17465391  0.35174772
 -0.28657341 -0.05591018]","[ 0.          4.91789389 11.64644814  3.50392699 -7.02620935  2.35042667
 -2.4299798  -1.26281059]"
1747421925.1158488,"[ 0.          0.36048775  0.68811509  3.07086575 -2.194298    0.69345173
  1.11094178  1.55254755]","[ 0.          0.97154061 -0.29332586  0.45890627 -1.17438387  0.3511267
 -0.28468273 -0.05888125]","[ 0.          4.95168638 11.59024143  3.38778043 -6.96970129  2.29953647
 -2.47695518 -1.25994146]"
1747421925.1176004,"[ 0.          0.36248658  0.68753884  3.07177576 -2.1967023   0.69414235
  1.11038338  1.55242105]","[ 0.          0.97748278 -0.29197537  0.4610564  -1.17357347  0.3511267
 -0.26874451 -0.06269211]","[ 0.          4.9683733  11.51896191  3.32970262 -6.85786629  2.33403802
 -2.42038035 -1.26511133]"
1747421925.119216,"[ 0.          0.36442024  0.68694236  3.07272491 -2.19901259  0.69485202
  1.10986493  1.55229921]","[ 0.          0.98026992 -0.29281253  0.46342012 -1.17049565  0.34626497
 -0.26253475 -0.06185232]","[ 0.          4.86110449 11.32925415  3.24378586 -6.76832962  2.43944645
 -2.42889524 -1.25675571]"
1747421925.120915,"[ 0.          0.36546626  0.68665261  3.07318217 -2.20016574  0.69519357
  1.10958996  1.55224022]","[ 0.          0.98501853 -0.2935683   0.46375738 -1.16952213  0.34591413
 -0.25879305 -0.05996164]","[ 0.          4.72867966 11.37623501  3.28612757 -6.89300537  2.40136433
 -2.41687846 -1.26377785]"
1747421925.1232686,"[ 0.          0.36741463  0.68636372  3.07410655 -2.20255673  0.69588419
  1.1090753   1.55212131]","[ 0.          0.98882685 -0.29305578  0.46922362 -1.16628093  0.35220712
 -0.26118946 -0.05699057]","[ 0.          4.68020391 11.35373878  3.20232153 -6.89185333  2.40642595
 -2.46002007 -1.25778127]"
1747421925.12503,"[ 0.          0.36944882  0.68548209  3.07507781 -2.20485077  0.69661104
  1.10853688  1.55201385]","[ 0.          0.99611952 -0.28817184  0.47456126 -1.16195929  0.35517817
 -0.26330689 -0.0540195 ]","[ 0.          4.79047489 11.67065144  3.18971252 -6.97497034  2.40014267
 -2.43740797 -1.28193867]"
1747421925.1266766,"[ 0.          0.37141829  0.68520066  3.07601284 -2.20722711  0.69733209
  1.10800697  1.55195579]","[ 0.          0.99990088 -0.28549303  0.47429118 -1.158178    0.35174772
 -0.26928718 -0.05466752]","[ 0.          4.7977829  11.75942898  3.22754002 -7.01562119  2.42900014
 -2.45413589 -1.30282962]"
1747421925.1278026,"[ 0.          0.37248546  0.68490032  3.07651831 -2.20836774  0.69767743
  1.10773779  1.55190067]","[ 0.          1.00388397 -0.28286682  0.47595855 -1.15682751  0.35031644
 -0.27279187 -0.05591018]","[ 0.          4.88923168 11.96850872  3.17920375 -6.98772717  2.47348857
 -2.49579501 -1.25640452]"
1747421925.129554,"[ 0.          0.37446868  0.68434838  3.07746294 -2.21073157  0.69836906
  1.10715463  1.55179214]","[ 0.          1.00746359 -0.27928078  0.4796931  -1.15403652  0.35031644
 -0.28925112 -0.05509988]","[ 0.          4.91029882 12.1717062   3.21197581 -6.97983503  2.51640534
 -2.6670711  -1.25063813]"
1747421925.1312869,"[ 0.          0.37546377  0.6840742   3.07793671 -2.21186634  0.69874383
  1.10686354  1.55173329]","[ 0.          1.00908419 -0.2782004   0.4805034  -1.15088533  0.35283123
 -0.29521653 -0.05541983]","[ 0.          5.00483799 12.24186707  3.23143101 -7.1023798   2.41689849
 -2.67812395 -1.30240703]"
1747421925.1329129,"[ 0.          0.37753607  0.68351128  3.07892448 -2.21413322  0.69943925
  1.1062395   1.55161904]","[ 0.          1.01260302 -0.27408993  0.48347449 -1.14872458  0.35292953
 -0.30643906 -0.05888125]","[ 0.          5.07721519 12.36162281  3.19504571 -7.05043983  2.41262174
 -2.71182704 -1.30993509]"
1747421925.1346104,"[ 0.          0.37853573  0.6832431   3.07940465 -2.21535242  0.69978932
  1.10593503  1.55155539]","[ 0.          1.01291861 -0.27198816  0.48698574 -1.14801804  0.35526842
 -0.30872142 -0.05993366]","[ 0.          4.95935011 12.46852589  3.18617463 -7.02981758  2.53131485
 -2.7426455  -1.29980993]"
1747421925.1363022,"[ 0.          0.38061219  0.68271546  3.08040493 -2.21761158  0.70051803
  1.10531958  1.55142982]","[ 0.          1.01485998 -0.26631611  0.48806615 -1.14467311  0.35706885
 -0.31407491 -0.0645533 ]","[ 0.          4.96577549 12.41656303  3.20422721 -6.8080492   2.5755806
 -2.79668474 -1.27372146]"
1747421925.1379921,"[ 0.          0.38261838  0.68217777  3.08136633 -2.21995223  0.70122197
  1.10466124  1.55128521]","[ 0.          1.0166469  -0.26118426  0.48833623 -1.14197213  0.35301742
 -0.32519737 -0.07247209]","[ 0.          5.07201767 12.49061108  3.23625112 -6.6479435   2.59340644
 -2.85393047 -1.30657947]"
1747421925.1403527,"[ 0.          0.38462644  0.68167037  3.08237514 -2.2221994   0.7019811
  1.10400298  1.55112728]","[ 0.          1.01799739 -0.2560524   0.4934681  -1.13873093  0.34118319
 -0.33654147 -0.08291993]","[ 0.          5.10606575 12.48949337  3.28204918 -6.52554035  2.57382584
 -2.8403635  -1.30087209]"
1747421925.1420267,"[ 0.          0.38671802  0.68115332  3.08335385 -2.22452807  0.70258803
  1.10331515  1.5509398 ]","[ 0.          1.02042825 -0.25119065  0.49593616 -1.13648269  0.3308694
 -0.33573117 -0.09504125]","[ 0.          5.13979816 12.59513664  3.33096695 -6.36556816  2.54853821
 -2.77134562 -1.30048704]"
1747421925.143174,"[ 0.          0.38772686  0.68090904  3.08384414 -2.22564687  0.70291148
  1.10298412  1.55084086]","[ 0.          1.02312923 -0.24767939  0.49724946 -1.13467946  0.32789835
 -0.33539098 -0.10047626]","[ 0.          5.15354156 12.54115486  3.35320187 -6.18082857  2.5132792
 -2.79093099 -1.2929275 ]"
1747421925.1448421,"[ 0.          0.38982536  0.68041036  3.08486919 -2.22787913  0.70362973
  1.10230009  1.55062967]","[ 0.          1.02417712 -0.24149232  0.50130093 -1.12948244  0.32303658
 -0.33502666 -0.10911938]","[ 0.          5.11708689 12.57071304  3.38543582 -5.99052572  2.44688225
 -2.85287261 -1.30864429]"
1747421925.1465385,"[ 0.          0.3908365   0.68017434  3.085364   -2.22907702  0.70394844
  1.10196999  1.55050703]","[ 0.          1.0255601  -0.23954933  0.50184112 -1.12795658  0.32330669
 -0.33492087 -0.11535349]","[ 0.          5.12528706 12.67429829  3.45308638 -6.02173042  2.55546975
 -2.87773037 -1.31035995]"
1747421925.1476607,"[ 0.          0.39294053  0.67971288  3.08639172 -2.23129836  0.70460957
  1.10131265  1.55026442]","[ 0.          1.02739835 -0.23147354  0.5010651  -1.12576626  0.32222628
 -0.33053418 -0.12532523]","[ 0.          5.08174753 12.71222687  3.49520564 -5.96565104  2.53711772
 -2.93437314 -1.30878234]"
1747421925.1493428,"[ 0.          0.39497013  0.67924816  3.0873888  -2.23359693  0.70525266
  1.1006458   1.54999997]","[ 0.          1.03015179 -0.2252613   0.50670285 -1.12168737  0.32789835
 -0.32330669 -0.12989806]","[ 0.          5.02966738 12.76836967  3.46417212 -6.03472376  2.43984652
 -2.87973833 -1.27128875]"
1747421925.1511257,"[ 0.          0.39598679  0.67902685  3.08789001 -2.23470135  0.70559801
  1.10032901  1.54987347]","[ 0.          1.03018734 -0.224451    0.50832345 -1.12009426  0.3252467
 -0.32141598 -0.1282963 ]","[ 0.          4.83789301 12.73709869  3.37691474 -6.15204668  2.37928891
 -2.93382859 -1.2980969 ]"
1747421925.1528544,"[ 0.          0.39809904  0.67857498  3.08893344 -2.23690724  0.70623823
  1.09966788  1.54961847]","[ 0.          1.0299175  -0.21967317  0.50913375 -1.11874377  0.32378859
 -0.32349131 -0.1291066 ]","[ 0.          4.72172022 12.72132492  3.36326313 -6.23727036  2.40641761
 -3.01916289 -1.32603192]"
1747421925.1544998,"[ 0.          0.40013463  0.67815113  3.08994038 -2.23919543  0.7068975
  1.09902287  1.54935309]","[ 0.          1.03204243 -0.2139172   0.51129451 -1.1169227   0.32148516
 -0.32756612 -0.12897578]","[ 0.          4.77823782 12.77573013  3.37864399 -6.26360321  2.48144555
 -3.13482761 -1.35811102]"
1747421925.1561792,"[ 0.          0.40115312  0.67794221  3.09048499 -2.24029612  0.70721714
  1.09869656  1.54922459]","[ 0.          1.03285277 -0.21175643  0.5128215  -1.11631284  0.32411696
 -0.3308694  -0.13018698]","[ 0.          4.85015297 12.82402897  3.44165277 -6.18135977  2.52980161
 -3.09690595 -1.30454886]"
1747421925.1573136,"[ 0.          0.40327043  0.67752023  3.09149806 -2.24258244  0.70786589
  1.09800594  1.54895641]","[ 0.          1.03474341 -0.20393351  0.51372541 -1.11591962  0.33161346
 -0.33951253 -0.13165344]","[ 0.          4.8123436  12.89904022  3.45623612 -6.14159489  2.57362199
 -3.21033978 -1.30413902]"
1747421925.1590855,"[ 0.          0.40429259  0.67732549  3.09200619 -2.24368206  0.70819219
  1.09766346  1.54882312]","[ 0.          1.03558377 -0.19744125  0.51534597 -1.11523246  0.33120533
 -0.34734535 -0.13504874]","[ 0.          4.8137722  12.92100716  3.40816617 -6.14259815  2.51563263
 -3.24657774 -1.32288063]"
1747421925.1607153,"[ 0.          0.40641313  0.67695085  3.09307012 -2.2458813   0.70887622
  1.09695665  1.5485568 ]","[ 0.          1.03592452 -0.18771775  0.52020774 -1.11329308  0.33492087
 -0.36229807 -0.13383261]","[ 0.          4.85920143 12.98186874  3.41303825 -5.92200708  2.45753026
 -3.2537775  -1.33349609]"
1747421925.161851,"[ 0.          0.40743299  0.67675704  3.09358358 -2.24706374  0.70921105
  1.09656657  1.54841219]","[ 0.          1.0344733  -0.18255944  0.52074793 -1.11341199  0.33951253
 -0.3670302  -0.13616728]","[ 0.          4.78948879 13.00170994  3.46716142 -5.88598299  2.53380394
 -3.25542974 -1.33822513]"
1747421925.1635811,"[ 0.          0.4094764   0.67640623  3.0946057  -2.24925393  0.70954874
  1.09582268  1.54814588]","[ 0.          1.0360939  -0.17646477  0.51885725 -1.11064084  0.34248361
 -0.37921686 -0.13504874]","[ 0.          4.7247448  12.91905785  3.50770307 -5.62920189  2.49358392
 -3.23349071 -1.35879946]"
1747421925.1652555,"[ 0.          0.41057662  0.67623679  3.09515831 -2.25034635  0.70991785
  1.09541648  1.54801272]","[ 0.          1.03592452 -0.171782    0.52034456 -1.10793986  0.34756509
 -0.38242191 -0.13504874]","[ 0.          4.86719561 12.94159985  3.48100591 -5.44587803  2.48338056
 -3.28036284 -1.34015822]"
1747421925.1664383,"[ 0.          0.41262046  0.67589517  3.09618815 -2.25260684  0.71059809
  1.09466873  1.5477444 ]","[ 0.          1.03663412 -0.16529966  0.52210907 -1.10226779  0.34321588
 -0.37732618 -0.12923766]","[ 0.          4.93482256 12.92420197  3.52145672 -5.27399683  2.48204517
 -3.22327447 -1.35210109]"
1747421925.1681325,"[ 0.          0.41364171  0.67573398  3.09670241 -2.25369075  0.71093485
  1.09430062  1.54762363]","[ 0.          1.03582379 -0.16340897  0.52155823 -1.09929671  0.3414032
 -0.37289651 -0.12250001]","[ 0.          4.86782598 12.8939476   3.50905585 -5.24963808  2.50866532
 -3.18624258 -1.37306738]"
1747421925.169892,"[ 0.          0.41576545  0.67541068  3.09778072 -2.25609505  0.71162833
  1.09353862  1.54738474]","[ 0.          1.03666308 -0.15583124  0.52777048 -1.09139105  0.33870223
 -0.37246442 -0.11485195]","[ 0.          4.91457796 12.93353939  3.56086779 -5.19117308  2.4419899
 -3.25178313 -1.40965068]"
1747421925.1715443,"[ 0.          0.41679173  0.6752624   3.09830137 -2.25700239  0.71196416
  1.0931695   1.54727356]","[ 0.          1.0409557  -0.15059703  0.52804056 -1.08663344  0.3405929
 -0.37435509 -0.11290074]","[ 0.          5.00807047 12.95565224  3.59703851 -5.12761211  2.42966819
 -3.27584171 -1.41094875]"
1747421925.1733072,"[ 0.          0.41908355  0.67497858  3.09938368 -2.25913425  0.71265572
  1.09239799  1.54705757]","[ 0.          1.04157236 -0.14261146  0.52858075 -1.07903944  0.33654147
 -0.37540039 -0.10803899]","[ 0.          5.05036783 12.95770264  3.65479159 -5.33201599  2.47264934
 -3.19459987 -1.3930769 ]"
1747421925.1756096,"[ 0.          0.42114257  0.67470401  3.10043243 -2.26149275  0.71331691
  1.09165596  1.54684346]","[ 0.          1.0450071  -0.13240574  0.53317241 -1.06965179  0.33492087
 -0.37543551 -0.10415199]","[ 0.          5.02892685 12.93253422  3.73458195 -5.50217104  2.42452049
 -3.2275455  -1.3865391 ]"
1747421925.1772828,"[ 0.          0.42305096  0.67445833  3.10153125 -2.26342727  0.71401419
  1.09090442  1.54663706]","[ 0.          1.0482483  -0.12208406  0.53689527 -1.06094286  0.34204819
 -0.38191784 -0.10533802]","[ 0.          5.0294733  12.89261627  3.81261683 -5.61423302  2.3803916
 -3.25867748 -1.39557314]"
1747421925.179535,"[ 0.          0.42536299  0.67422091  3.10259386 -2.26574076  0.71469916
  1.09011486  1.54642015]","[ 0.          1.05202966 -0.11409965  0.53965474 -1.04932868  0.34923603
 -0.3848889  -0.10657659]","[ 0.          4.87669516 12.91845703  3.82500768 -5.62560797  2.33151889
 -3.37598777 -1.40271282]"
1747421925.1830473,"[ 0.          0.42856217  0.67390732  3.10423969 -2.26889314  0.71576083
  1.08895046  1.54609671]","[ 0.          1.05581101 -0.10280287  0.54370621 -1.03467064  0.35031644
 -0.38417727 -0.11101007]","[ 0.          4.98777294 13.00495529  3.74560809 -5.68363905  2.43253899
 -3.56750417 -1.35150146]"
1747421925.1859937,"[ 0.          0.43169292  0.67361484  3.10590496 -2.27192328  0.71684813
  1.08778699  1.54574091]","[ 0.          1.05986248 -0.09389869  0.5524243  -1.0198881   0.36274092
 -0.39610137 -0.11884289]","[ 0.          4.94460297 13.19923306  3.79421115 -5.8427949   2.34209251
 -3.60845876 -1.38197529]"
1747421925.187733,"[ 0.          0.43491827  0.67335671  3.10754334 -2.27498965  0.71796213
  1.08654076  1.5453899 ]","[ 0.          1.06418406 -0.07967876  0.55505031 -1.00584299  0.36988348
 -0.41784079 -0.11278635]","[ 0.          5.06309319 13.29737377  3.68191218 -5.77993202  2.38372517
 -3.53644466 -1.32335389]"
1747421925.189529,"[ 0.          0.43604879  0.67320798  3.10868584 -2.27696145  0.71870702
  1.08566272  1.54516633]","[ 0.          1.06451209 -0.07053236  0.55937189 -0.99699896  0.38029724
 -0.43182328 -0.10757967]","[ 0.          5.13866234 13.34901905  3.69130802 -5.71677542  2.48277259
 -3.40557051 -1.28633058]"
1747421925.1912084,"[ 0.          0.43709897  0.67314366  3.10923977 -2.27696145  0.71908279
  1.08523848  1.54506167]","[ 0.          1.06499432 -0.06529736  0.56180275 -0.99699896  0.38110754
 -0.43026527 -0.10604076]","[ 0.          5.11573458 13.31579304  3.76382947 -5.71677542  2.4674933
 -3.38802409 -1.28771615]"
1747421925.1929345,"[ 0.          0.4392002   0.6730358   3.11039452 -2.27995618  0.7198571
  1.08438986  1.54485914]","[ 0.          1.06499432 -0.05131852  0.56639438 -0.98153425  0.37732618
 -0.42901987 -0.1019934 ]","[ 0.          5.03582716 13.12717628  3.71776366 -4.98117447  2.44195771
 -3.45234823 -1.32876086]"
1747421925.1946447,"[ 0.          0.44033258  0.6729862   3.11095485 -2.27995618  0.72022622
  1.08393326  1.54475447]","[ 0.          1.06626752 -0.04659906  0.56828509 -0.98153425  0.37435509
 -0.42981716 -0.09855201]","[ 0.          5.25366259 13.08109474  3.64671636 -4.98117447  2.48382115
 -3.58110929 -1.33700085]"
1747421925.1957698,"[ 0.          0.44242969  0.67290857  3.11207737 -2.28187765  0.72099015
  1.08308085  1.54456605]","[ 0.          1.06229335 -0.03731129  0.56909535 -0.97001661  0.37264192
 -0.43171809 -0.09453411]","[ 0.          5.24874926 12.96403694  3.64988637 -4.6684618   2.51038623
 -3.68310475 -1.3470161 ]"
1747421925.1975167,"[ 0.          0.443557    0.67287595  3.11268218 -2.2829035   0.72135733
  1.08265375  1.54447284]","[ 0.          1.06150292 -0.03291851  0.56949516 -0.96596009  0.37246442
 -0.43323635 -0.09453411]","[ 0.          5.08008718 12.9309473   3.69332027 -4.54754686  2.45702505
 -3.61553764 -1.36144912]"
1747421925.1992428,"[ 0.          0.44564952  0.67282222  3.11381375 -2.28478982  0.72209076
  1.08175287  1.54427683]","[ 0.          1.05851885 -0.02322838  0.57476742 -0.95398432  0.37208705
 -0.44143177 -0.09679306]","[ 0.          5.12718153 12.93923569  3.75622702 -4.21837616  2.47735262
 -3.49776149 -1.36640692]"
1747421925.2009826,"[ 0.          0.44782332  0.67279013  3.11499753 -2.28673339  0.72285849
  1.08086437  1.54408469]","[ 0.          1.06200439 -0.01350487  0.57881889 -0.94750192  0.3761527
 -0.45241328 -0.09750519]","[ 0.          5.10588646 12.97530651  3.75842762 -3.84954429  2.49300456
 -3.49479961 -1.34062493]"
1747421925.2026575,"[ 0.          0.44992688  0.67277728  3.11614775 -2.28866791  0.7236043
  1.07992161  1.54388016]","[ 0.          1.06742519 -0.00377753  0.58449096 -0.94389247  0.37775332
 -0.46294708 -0.10128655]","[ 0.          5.09611225 12.93339634  3.77520156 -3.59673762  2.35820651
 -3.47299099 -1.30294013]"
1747421925.2043734,"[ 0.          0.4509821   0.67277728  3.11672539 -2.28959655  0.72397815
  1.07945928  1.54378029]","[ 0.          1.06904193  0.          0.58524783 -0.94182992  0.37960186
 -0.46841415 -0.10128655]","[ 0.          5.07161283 12.86500931  3.84331703 -3.46212745  2.41062808
 -3.62837863 -1.34339249]"
1747421925.205517,"[ 0.          0.4531784   0.67278413  3.11792887 -2.29144852  0.72475066
  1.07852412  1.54357096]","[ 0.          1.07390759  0.00234084  0.58854242 -0.93858872  0.37732618
 -0.47564167 -0.10306584]","[ 0.          4.91790485 12.82305622  3.79516697 -3.24699116  2.37899685
 -3.58310676 -1.32337093]"
1747421925.2073188,"[ 0.          0.45423914  0.67278646  3.1185145  -2.2923713   0.72512737
  1.07801139  1.54347016]","[ 0.          1.07579824  0.00225242  0.59394438 -0.93588774  0.38191784
 -0.48272927 -0.10209685]","[ 0.          4.88931799 12.82437038  3.70864439 -3.1270833   2.35460162
 -3.43657351 -1.28631651]"
1747421925.209124,"[ 0.          0.45644737  0.67278413  3.11969321 -2.29428292  0.72592265
  1.07703534  1.54327895]","[ 0.00000000e+00  1.07830440e+00  9.27238375e-04  5.99346268e-01
 -9.31836270e-01  3.90697250e-01 -4.98870027e-01 -9.56145072e-02]","[ 0.          4.62164068 12.85895538  3.51022506 -2.79206085  2.42300224
 -3.43635964 -1.24117935]"
1747421925.2102795,"[ 0.          0.45858169  0.67278187  3.12092253 -2.29611517  0.72670083
  1.0760041   1.54309626]","[ 0.00000000e+00  1.08363106e+00 -4.19147908e-04  6.00966868e-01
 -9.26305151e-01  3.95422697e-01 -5.03820976e-01 -8.69713844e-02]","[ 0.          4.47576332 12.95737457  3.39870453 -2.60371161  2.49855781
 -3.37650847 -1.27884209]"
1747421925.2121043,"[ 0.          0.45965162  0.67278227  3.12151748 -2.29709868  0.72712793
  1.0754999   1.54301356]","[ 0.00000000e+00  1.08415211e+00 -8.51020148e-04  6.03397735e-01
 -9.26087904e-01  4.01854231e-01 -5.11294505e-01 -8.36453791e-02]","[ 0.          4.21795225 13.01569939  3.44668913 -2.59166408  2.48883533
 -3.37835026 -1.2862699 ]"
1747421925.2132971,"[ 0.          0.46187409  0.67278553  3.12275638 -2.29891682  0.72792894
  1.07444302  1.54284326]","[ 0.00000000e+00  1.08607817e+00 -8.88757274e-05  6.05355091e-01
 -9.21842692e-01  4.07306986e-01 -5.16833781e-01 -8.22520548e-02]","[ 0.          3.97000003 13.2757206   3.3335309  -2.4744575   2.54306746
 -3.43337393 -1.34735084]"
1747421925.2150035,"[ 0.          0.46294492  0.672786    3.12335373 -2.29982309  0.72832849
  1.07393309  1.54276243]","[ 0.00000000e+00  1.08606193e+00  3.07220306e-04  6.05828668e-01
 -9.18210406e-01  4.05146197e-01 -5.17236650e-01 -8.21096340e-02]","[ 0.          4.10186052 13.36022758  3.23999119 -2.44708943  2.59133196
 -3.4812603  -1.37784815]"
1747421925.2161615,"[ 0.          0.46508933  0.672786    3.12455828 -2.30169902  0.7291504
  1.07290571  1.54260064]","[ 0.00000000e+00  1.08687226e+00  5.34234926e-04  6.11500668e-01
 -9.14820136e-01  3.99878897e-01 -5.23458194e-01 -8.20264352e-02]","[ 0.          3.92768335 13.80078697  3.07916284 -2.34253359  2.64356017
 -3.53743315 -1.35771275]"
1747421925.2179575,"[ 0.          0.4662465   0.67278646  3.12520383 -2.30259757  0.72954901
  1.07238247  1.54251222]","[ 0.00000000e+00  1.08958895e+00  5.34972724e-04  6.07862724e-01
 -9.11308891e-01  4.04335931e-01 -5.31280364e-01 -8.32551261e-02]","[ 0.          3.78883886 14.01077557  3.08163786 -2.2474041   2.6639688
 -3.61379457 -1.33970594]"
1747421925.2197037,"[ 0.          0.46839458  0.67278919  3.12640278 -2.30445912  0.73035289
  1.07127899  1.54233526]","[ 0.00000000e+00  1.08741242e+00  6.91522937e-04  6.09069802e-01
 -9.07257424e-01  4.10007964e-01 -5.42355719e-01 -9.18331430e-02]","[ 0.          3.70127273 14.44165325  3.0075388  -2.16823339  2.7884829
 -3.75499463 -1.32660556]"
1747421925.2214794,"[ 0.          0.46946909  0.67279146  3.12700439 -2.30535235  0.73078765
  1.0707377   1.54223925]","[ 0.00000000e+00  1.08984328e+00  8.23158841e-04  6.10150179e-01
 -9.05906935e-01  4.09254123e-01 -5.48838086e-01 -9.72350907e-02]","[ 0.          3.5475812  14.72224808  2.84975743 -2.14714336  2.8632648
 -3.86329651 -1.3430388 ]"
1747421925.222614,"[ 0.          0.47169799  0.67279745  3.12825235 -2.30713107  0.73160005
  1.06958948  1.54201754]","[ 0.          1.08765976  0.0011634   0.60899237 -0.90067189  0.41378932
 -0.56172133 -0.11170706]","[ 0.          3.29234457 15.2004528   2.78237009 -2.21955633  2.81476164
 -3.82841945 -1.35366952]"
1747421925.224296,"[ 0.          0.47277018  0.67280064  3.12885449 -2.30808582  0.7320129
  1.06903387  1.5419005 ]","[ 0.          1.08741242  0.00130938  0.6106904  -0.89900495  0.41822691
 -0.56342335 -0.11896355]","[ 0.          3.38296175 15.51376534  2.7679224  -2.20661736  2.67625785
 -3.7993741  -1.35213947]"
1747421925.2260625,"[ 0.          0.47499312  0.67280803  3.13010484 -2.30985229  0.7328767
  1.06790756  1.54163698]","[ 0.          1.0853259   0.00220755  0.61062123 -0.89456287  0.42081188
 -0.57314682 -0.13165344]","[ 0.          3.11416364 16.14133453  2.6814115  -2.14999986  2.65025854
 -3.87325573 -1.28321803]"
1747421925.2277339,"[ 0.          0.47712881  0.67281676  3.13130326 -2.31167656  0.73373384
  1.06671839  1.54135348]","[ 0.          1.08172364  0.00382959  0.60825953 -0.89024129  0.41828181
 -0.58287036 -0.14747323]","[ 0.          3.02901053 16.71361351  2.73448277 -2.22742081  2.55756855
 -4.04929256 -1.22378445]"
1747421925.2295508,"[ 0.          0.47819414  0.67282182  3.13190487 -2.3125522   0.73414956
  1.06613529  1.54120222]","[ 0.          1.08038993  0.00437127  0.60953199 -0.88718072  0.42162218
 -0.59091417 -0.15325993]","[ 0.          2.92164731 17.05845451  2.70750189 -2.29087925  2.58136654
 -4.19019556 -1.28277922]"
1747421925.2312253,"[ 0.          0.48040926  0.6728342   3.13315469 -2.31429365  0.73499238
  1.06495851  1.54087691]","[ 0.          1.0814703   0.00594214  0.60961002 -0.88159813  0.42837459
 -0.59718551 -0.1609781 ]","[ 0.          2.8091445  17.66073036  2.84316874 -2.27457976  2.61521912
 -4.20551443 -1.36614871]"
1747421925.2330034,"[ 0.          0.48253763  0.67285118  3.13435818 -2.31609048  0.7358876
  1.06372846  1.54054961]","[ 0.          1.07903944  0.00831832  0.61042029 -0.87457564  0.4399888
 -0.60123698 -0.16800062]","[ 0.          2.76045895 18.3428421   2.77473116 -2.32842731  2.75246429
 -4.13418341 -1.30246985]"
1747421925.2342043,"[ 0.          0.48368239  0.6728613   3.13500532 -2.31694988  0.73632616
  1.06313484  1.54036612]","[ 0.          1.07780286  0.0095836   0.60936734 -0.87160455  0.44485053
 -0.60204725 -0.17277947]","[ 0.          2.72958183 18.6039772   2.77269387 -2.33452249  2.7185719
 -4.15336084 -1.26986778]"
1747421925.2359223,"[ 0.          0.48580705  0.67288607  3.13620561 -2.31872488  0.73725267
  1.06187723  1.54001218]","[ 0.          1.07551774  0.01296468  0.60710359 -0.86490045  0.45196074
 -0.61870598 -0.18213107]","[ 0.          2.5370419  18.97001457  2.72716808 -2.40619636  2.9811511
 -4.40370035 -1.1908102 ]"
1747421925.2376623,"[ 0.          0.48800703  0.67291683  3.13745863 -2.32041918  0.73815169
  1.06062434  1.53962403]","[ 0.          1.07353974  0.01728624  0.61312886 -0.8572894   0.45538433
 -0.6406712  -0.19158711]","[ 0.          2.38586807 19.46279335  2.73500848 -2.56286669  3.05174661
 -4.65265465 -1.19589686]"
1747421925.2387917,"[ 0.          0.48906453  0.67293613  3.13815531 -2.32126127  0.73860163
  1.05998412  1.53942908]","[ 0.          1.0725571   0.01944702  0.61219942 -0.8540482   0.45646475
 -0.64931436 -0.19771135]","[ 0.          2.39706683 19.62408257  2.73447394 -2.68046451  3.03012919
 -4.57424688 -1.20526779]"
1747421925.2405696,"[ 0.          0.49117176  0.67298707  3.13926665 -2.32300298  0.73954346
  1.05863516  1.53902854]","[ 0.          1.06715315  0.02698238  0.6106904  -0.8475166   0.4594078
 -0.66092854 -0.20554417]","[ 0.          2.23993516 20.07415581  2.77553582 -3.04156113  3.03275442
 -4.49374247 -1.23262775]"
1747421925.2423143,"[ 0.          0.4923046   0.67301829  3.14000994 -2.32383602  0.73999912
  1.05798355  1.53882588]","[ 0.          1.06676906  0.0316014   0.6122638  -0.84486489  0.46166853
 -0.66025889 -0.20554417]","[ 0.          1.9934603  20.21152687  2.77428913 -3.20384383  2.96728683
 -4.43078279 -1.24074185]"
1747421925.244103,"[ 0.          0.49439665  0.67310098  3.14121635 -2.32555669  0.74096372
  1.05661269  1.53841309]","[ 0.          1.05986248  0.04363371  0.61150067 -0.83882051  0.47570778
 -0.67356411 -0.20068242]","[ 0.          1.86874115 20.38653374  2.7158854  -3.29845476  2.98160529
 -4.57537746 -1.09094822]"
1747421925.245293,"[ 0.          0.49648277  0.67321117 -3.14071301 -2.32720092  0.74191507
  1.05526853  1.53801921]","[ 0.          1.05581101  0.05969154  0.61463348 -0.83217033  0.48428476
 -0.68604761 -0.18907941]","[ 0.          1.84392381 20.34379578  2.66667581 -3.39338803  2.98399687
 -4.58752728 -1.05501378]"
1747421925.2470157,"[ 0.          0.4976018   0.67327455 -3.14010847 -2.32801691  0.74239357
  1.05453409  1.53784037]","[ 0.          1.05372909  0.0642832   0.61312127 -0.82757864  0.48536517
 -0.69161941 -0.1815055 ]","[ 0.          1.83020747 20.28514481  2.67136598 -3.34702611  2.92605257
 -4.59351969 -1.1082921 ]"
1747421925.2488081,"[ 0.          0.49967001  0.67342243 -3.13890339 -2.32970296  0.74340577
  1.05315944  1.5374931 ]","[ 0.          1.04689781  0.07508709  0.61034146 -0.82101595  0.49728528
 -0.69776438 -0.17367267]","[ 0.          1.73175812 19.912323    2.73798537 -3.28523922  2.98825097
 -4.5511837  -1.11660326]"
1747421925.2499287,"[ 0.          0.50077755  0.67350185 -3.13825278 -2.3305099   0.74389946
  1.05246309  1.5373152 ]","[ 0.          1.04294601  0.08048905  0.61262732 -0.81839533  0.5007607
 -0.70630488 -0.16735574]","[ 0.          1.91846442 19.79980278  2.69383502 -3.27027941  3.00384951
 -4.71558666 -1.06362486]"
1747421925.251724,"[ 0.          0.50282372  0.67368415 -3.13704477 -2.33211019  0.74493642
  1.0509829   1.53700041]","[ 0.          1.0360939   0.09178125  0.61177078 -0.80840175  0.5080569
 -0.72737248 -0.15719673]","[ 0.          1.93547797 19.45302773  2.65536189 -2.99262524  3.05606556
 -4.88700056 -0.99304348]"
1747421925.2528975,"[ 0.          0.50384265  0.67377689 -3.13644077 -2.3329648   0.74544342
  1.05025133  1.53684715]","[ 0.          1.03339292  0.09389869  0.61258105 -0.803959    0.51426559
 -0.74195774 -0.15557615]","[ 0.          1.73259151 19.27390099  2.65415573 -2.74049926  3.0357008
 -4.88883829 -1.0310992 ]"
1747421925.254625,"[ 0.          0.50593932  0.67397576 -3.13518535 -2.3345342   0.74646608
  1.04860463  1.53654088]","[ 0.          1.0206696   0.10344733  0.61285116 -0.79300622  0.51804695
 -0.74915114 -0.14666293]","[ 0.          1.76855874 19.07926369  2.72319245 -2.29218984  3.03685522
 -4.55790138 -1.03914797]"
1747421925.255769,"[ 0.          0.5069454   0.67409101 -3.13458215 -2.3353699   0.74701595
  1.04797959  1.53640107]","[ 0.          1.02042825  0.10858275  0.61115093 -0.78691144  0.51783686
 -0.74855553 -0.1416575 ]","[ 0.          1.80682039 18.88978386  2.76311159 -2.00518012  3.21124315
 -4.4959383  -1.08766949]"
1747421925.2575698,"[ 0.          0.50901634  0.67431965 -3.13333259 -2.33690495  0.74803861
  1.04650793  1.53613755]","[ 0.          1.00884151  0.11953195  0.61087196 -0.77412454  0.51993763
 -0.74762981 -0.13126738]","[ 0.          1.78856218 18.62956619  2.75383663 -1.52947223  2.98327899
 -4.27716208 -1.06286502]"
1747421925.258734,"[ 0.          0.51000544  0.67444322 -3.13333259 -2.33766129  0.7485542
  1.04559752  1.5359996 ]","[ 0.          1.00314201  0.12532523  0.61087196 -0.76785559  0.52290872
 -0.74980928 -0.12989806]","[ 0.          1.70999062 18.47078896  2.75383663 -1.32560301  2.90354228
 -4.27758217 -0.98166454]"
1747421925.2605429,"[ 0.          0.51197215  0.67472098 -3.13212591 -2.33921204  0.74962825
  1.04410109  1.53575605]","[ 0.          0.99530919  0.13967804  0.612311   -0.75303177  0.52536678
 -0.7611347  -0.12142071]","[ 0.          1.61139858 18.18507195  2.78338218 -0.7781111   2.76613784
 -4.41028547 -0.92455351]"
1747421925.2617102,"[ 0.          0.51294793  0.67486519 -3.13152484 -2.33994708  0.7501467
  1.04329249  1.53563807]","[ 0.          0.98863444  0.14639283  0.60899237 -0.74546906  0.52587977
 -0.76133304 -0.11977466]","[ 0.          1.66326666 18.12270737  2.66008019 -0.41953218  2.73142791
 -4.25477982 -0.89967716]"
1747421925.2639945,"[ 0.          0.51496055  0.67517605 -3.13027608 -2.34139397  0.75121596
  1.04180179  1.5353908 ]","[ 0.          0.98045381  0.16168227  0.61015018 -0.72926319  0.52034456
 -0.75433705 -0.12046347]","[ 0.          1.6438123  17.80328369  2.74467778  0.07890313  2.53910232
 -4.03126955 -1.00781119]"
1747421925.2657425,"[ 0.          0.51695665  0.67552779 -3.12907446 -2.34286058  0.75223954
  1.04030922  1.53514246]","[ 0.          0.97298164  0.17592513  0.6090698  -0.71089656  0.51912736
 -0.7562729  -0.12187348]","[ 0.          1.66118741 17.42601013  2.83136153  0.41506845  2.4602921
 -4.10679197 -1.07106638]"
1747421925.267376,"[ 0.          0.51791083  0.67570735 -3.12842705 -2.34355593  0.75275234
  1.03950441  1.53502062]","[ 0.          0.96677874  0.1820457   0.60961815 -0.70450997  0.51968067
 -0.75782226 -0.12370464]","[ 0.          1.81085086 17.24986076  2.8205893   0.42177787  2.43653226
 -4.23362255 -1.05945551]"
1747421925.2690752,"[ 0.          0.51980547  0.67609624 -3.12722064 -2.3449192   0.75381494
  1.03800705  1.53477721]","[ 0.          0.95884605  0.19208863  0.61150067 -0.68604761  0.51959225
 -0.75658596 -0.12343455]","[ 0.          1.65838981 16.76585197  2.78195357  0.60329527  2.47368836
 -4.28436565 -1.00785458]"
1747421925.2702336,"[ 0.          0.5208212   0.67629098 -3.12661876 -2.34563932  0.75432673
  1.03726503  1.53462594]","[ 0.          0.9564309   0.19744125  0.60980184 -0.6780779   0.51912736
 -0.75249155 -0.12470531]","[ 0.          1.45942092 16.64263535  2.73489738  0.71950215  2.56309104
 -4.14519119 -0.99294406]"
1747421925.2719471,"[ 0.          0.52269283  0.67671483 -3.12537533 -2.34695013  0.75538081
  1.03573917  1.53437667]","[ 0.          0.94642154  0.21014397  0.60717916 -0.66132914  0.51231996
 -0.74384846 -0.12637144]","[ 0.          1.42919338 16.46587563  2.73307586  0.73818696  2.77224708
 -4.07144403 -1.06394529]"
1747421925.2736926,"[ 0.          0.52461823  0.67714646 -3.12417771 -2.34827718  0.75637683
  1.03500473  1.53412367]","[ 0.          0.93787406  0.22202013  0.60717916 -0.64447493  0.50214212
 -0.74492883 -0.12262425]","[ 0.          1.32954526 16.40002823  2.71757698  0.60849744  2.87818289
 -4.18911934 -1.07443309]"
1747421925.2754261,"[ 0.          0.52553846  0.67737189 -3.12353482 -2.34890542  0.75687431
  1.03346836  1.53400569]","[ 0.          0.93318676  0.22850247  0.60478557 -0.63715996  0.50454209
 -0.75249155 -0.11965318]","[ 0.          1.48844707 16.38033485  2.69114995  0.52587891  2.82340908
 -4.37314844 -1.05035102]"
1747421925.2772121,"[ 0.          0.52736878  0.67786784 -3.12233773 -2.35013793  0.7578951
  1.03198338  1.53376307]","[ 0.          0.92535394  0.24657899  0.60717916 -0.6212242   0.49778965
 -0.75168128 -0.11836271]","[ 0.          1.5202626  16.56295395  2.61816382  0.21340775  2.92595887
 -4.47409487 -1.01781845]"
1747421925.2783914,"[ 0.          0.52925283  0.67837431 -3.12109803 -2.35138828  0.75887494
  1.03124615  1.53353857]","[ 0.          0.91931715  0.25983378  0.60435201 -0.60736118  0.49836459
 -0.74762981 -0.11182036]","[ 0.          1.43798304 16.76363754  2.63203049 -0.08421122  2.8570869
 -4.25546503 -0.96802533]"
1747421925.2801957,"[ 0.          0.53015421  0.67863696 -3.12050228 -2.35197924  0.75936297
  1.03051551  1.53343111]","[ 0.          0.9133536   0.26631611  0.60420807 -0.59934627  0.49481856
 -0.74114748 -0.10911938]","[ 0.          1.51733184 16.87088966  2.68430901 -0.22603211  2.72337747
 -4.30847311 -1.04847014]"
1747421925.2813735,"[ 0.          0.53194369  0.67920501 -3.11930652 -2.35314251  0.76036185
  1.02900197  1.53320754]","[ 0.          0.90617705  0.28115641  0.60683374 -0.58692182  0.48536517
 -0.73634919 -0.10900882]","[ 0.          1.59566569 17.01259232  2.79737616 -0.46408221  2.63288331
 -4.02249193 -1.08163619]"
1747421925.28318,"[ 0.          0.53290063  0.67948784 -3.11870864 -2.35376009  0.76083556
  1.02827519  1.53309808]","[ 0.          0.90101105  0.28684352  0.60636882 -0.58153205  0.4805034
 -0.73709601 -0.11101007]","[ 0.          1.53316164 17.11822891  2.88834643 -0.45775238  2.63908267
 -4.06449986 -1.12750614]"
1747421925.2843552,"[ 0.          0.53378457  0.67977806 -3.11806602 -2.35432442  0.7613417
  1.02749129  1.53298876]","[ 0.          0.89645351  0.29440623  0.60510429 -0.57175665  0.47646006
 -0.73826234 -0.11073996]","[ 0.          1.66542315 17.1035099   2.93991876 -0.51743037  2.55752063
 -4.21019316 -1.05481124]"
1747421925.2860844,"[ 0.          0.53554099  0.6804085  -3.11687026 -2.35543149  0.76227966
  1.0260396   1.53287078]","[ 0.          0.88808053  0.31220674  0.60636882 -0.55748118  0.47375096
 -0.73628574 -0.11109043]","[ 0.          1.60611618 17.07817078  2.95781851 -0.39556438  2.59729099
 -4.51387691 -1.13102925]"
1747421925.287288,"[ 0.          0.53647865  0.68072401 -3.11622604 -2.35601686  0.76274678
  1.02530996  1.53276226]","[ 0.          0.88295575  0.32006552  0.60603826 -0.55118906  0.47327096
 -0.7400671  -0.11019977]","[ 0.          1.44399929 17.12261009  2.8983748  -0.29449505  2.76748705
 -4.71134233 -1.08227205]"
1747421925.2890074,"[ 0.          0.53820841  0.68140359 -3.11502789 -2.35708505  0.76371803
  1.02378124  1.53254255]","[ 0.          0.87565602  0.33602974  0.6081829  -0.53830429  0.47483137
 -0.74947032 -0.11170706]","[ 0.          1.56279743 17.13664436  2.84667945 -0.40545955  2.91881442
 -4.6765089  -1.06459534]"
1747421925.291289,"[ 0.          0.53991843  0.68208822 -3.11377567 -2.35816789  0.76463603
  1.02229247  1.53230846]","[ 0.          0.86485211  0.3511267   0.6113735  -0.52486571  0.46213678
 -0.75546263 -0.11575441]","[ 0.          1.48520482 17.04155731  2.86585689 -0.61127448  2.93548727
 -4.34441471 -1.01467669]"
1747421925.2925143,"[ 0.          0.54167575  0.68280321 -3.11257112 -2.35918522  0.76555881
  1.02074943  1.5320717 ]","[ 0.          0.85674918  0.36598208  0.61061131 -0.51318522  0.44782162
 -0.75357199 -0.11635656]","[ 0.          1.46585131 16.75052643  2.95932341 -0.79382849  2.81810904
 -4.3719039  -1.05037296]"
1747421925.2942574,"[ 0.          0.54251744  0.68325781 -3.11196685 -2.35972344  0.76599737
  1.02000455  1.53195932]","[ 0.          0.85350804  0.37446588  0.61285116 -0.50680305  0.44485053
 -0.75469718 -0.11398113]","[ 0.          1.48212934 16.50921249  3.04165888 -0.87353146  2.71777415
 -4.3032217  -1.06636369]"
1747421925.2954679,"[ 0.          0.54425136  0.68396035 -3.11070771 -2.36070482  0.76689539
  1.01843581  1.53172922]","[ 0.          0.84458818  0.38878959  0.61463348 -0.49400829  0.43633711
 -0.76860533 -0.11173752]","[ 0.          1.43529463 16.43769455  2.98619199 -0.92241228  2.69985294
 -4.49864674 -1.01529121]"
1747421925.297194,"[ 0.          0.54507973  0.68441083 -3.11009997 -2.36118685  0.76732349
  1.01767381  1.5316179 ]","[ 0.          0.84000315  0.39596385  0.61636247 -0.4883811   0.43431673
 -0.77274888 -0.11290074]","[ 0.          1.3666662  16.52108574  2.90417528 -0.87740701  2.75128055
 -4.61681938 -1.04932022]"
1747421925.2989986,"[ 0.          0.54678652  0.6852424  -3.10887971 -2.36217275  0.76818063
  1.01615175  1.5313914 ]","[ 0.          0.83154822  0.41027808  0.61852322 -0.47846622  0.43620741
 -0.77085817 -0.11506153]","[ 0.          1.30243099 16.48478889  2.78574252 -0.72117102  2.64478493
 -4.50891161 -1.00098526]"
1747421925.3001482,"[ 0.          0.54760344  0.68565433 -3.10827012 -2.36263668  0.76860487
  1.01533363  1.53126876]","[ 0.          0.82865908  0.41784079  0.61825311 -0.47050979  0.43026527
 -0.76963598 -0.11535349]","[ 0.          1.21935308 16.33313942  2.80189085 -0.607382    2.56097627
 -4.22486734 -1.01612532]"
1747421925.301892,"[ 0.          0.54922115  0.6865355  -3.10700219 -2.36357837  0.76947819
  1.01380011  1.53103853]","[ 0.          0.81812528  0.43458684  0.61987371 -0.45690014  0.42351285
 -0.77790203 -0.1177625 ]","[ 0.          1.12538433 16.19921494  2.7096076  -0.24692684  2.47685218
 -4.34393549 -1.01726055]"
1747421925.3036587,"[ 0.          0.55088389  0.68740795 -3.10577713 -2.36445695  0.77034105
  1.01220288  1.53079112]","[ 0.          0.80812232  0.44466964  0.6212242  -0.44160937  0.42064416
 -0.78114376 -0.12187348]","[ 0.          0.89508724 15.96542931  2.65894389  0.13595393  2.47776222
 -4.31830597 -0.97551537]"
1747421925.3048604,"[ 0.          0.55167692  0.68788779 -3.1051172  -2.36488385  0.77075577
  1.01143516  1.53066941]","[ 0.          0.80435028  0.45188477  0.62140423 -0.43296624  0.42096874
 -0.77869099 -0.12343455]","[ 0.          0.94902474 15.96041489  2.63151908  0.32595137  2.44463873
 -4.22364855 -1.01858354]"
1747421925.3066597,"[ 0.          0.5533075   0.68879792 -3.10389081 -2.36574672  0.77157869
  1.00991117  1.53041921]","[ 0.          0.79393293  0.46429757  0.62149431 -0.4173006   0.41595011
 -0.77193861 -0.12748601]","[ 0.          0.84910923 15.78099442  2.57640052  0.55762088  2.4327178
 -3.95945001 -0.99586689]"
1747421925.3084562,"[ 0.          0.55408491  0.68926218 -3.10327909 -2.36615125  0.77202104
  1.00909684  1.53029178]","[ 0.          0.78841453  0.4707799   0.62041387 -0.41027808  0.41652642
 -0.76612853 -0.1291066 ]","[ 0.          0.66461337 15.59128284  2.55411267  0.68591172  2.3612802
 -4.0239892  -0.9775812 ]"
1747421925.3096066,"[ 0.          0.55562638  0.69023882 -3.10201089 -2.36693795  0.7729086
  1.00758236  1.53002533]","[ 0.          0.77790203  0.47901826  0.61987371 -0.3946124   0.41889793
 -0.76896752 -0.13018698]","[ 0.          0.63563585 15.36686707  2.48154855  0.82728964  2.42770052
 -4.11287975 -0.92911971]"
1747421925.3114223,"[ 0.          0.55638682  0.69071686 -3.10139863 -2.36734701  0.77334523
  1.0068223   1.52989603]","[ 0.          0.77112828  0.48482498  0.62095409 -0.38518035  0.41126028
 -0.77085817 -0.13126738]","[ 0.          0.64975893 15.27654266  2.48762321  0.82812631  2.42391539
 -4.22045183 -0.95224386]"
1747421925.3131747,"[ 0.          0.55795495  0.69168898 -3.10012777 -2.36808124  0.77413672
  1.00525549  1.5296401 ]","[ 0.          0.76437584  0.49535878  0.61881544 -0.36787276  0.39758349
 -0.76410579 -0.12262425]","[ 0.          0.62620723 15.16017151  2.469697    0.78838462  2.29693365
 -4.14628124 -0.97176516]"
1747421925.3149695,"[ 0.          0.55944226  0.6927153  -3.09890618 -2.36881095  0.7749111
  1.00376099  1.52941373]","[ 0.          0.75168128  0.50241193  0.61933349 -0.35283123  0.39083104
 -0.7562729  -0.11278635]","[ 0.          0.60721028 15.1863451   2.48074961  0.70533413  2.20350242
 -4.01658964 -1.02550054]"
1747421925.316156,"[ 0.          0.56017929  0.69321484 -3.09829605 -2.3691521   0.77532203
  1.00295998  1.52929762]","[ 0.          0.74762981  0.50670285  0.61879334 -0.34564429  0.38693573
 -0.75431155 -0.10933505]","[ 0.          0.63917261 15.14907551  2.47340989  0.74274427  2.27153277
 -4.15283775 -1.03621173]"
1747421925.3178806,"[ 0.          0.56169137  0.69372044 -3.09703131 -2.36980777  0.77606978
  1.001475    1.52909495]","[ 0.          0.73439503  0.51264499  0.61681114 -0.32924884  0.37921686
 -0.75249155 -0.10047626]","[ 0.          0.65825838 15.27945328  2.49434423  0.84589744  2.33625031
 -4.27404308 -1.02086067]"
1747421925.319617,"[ 0.          0.56241002  0.69423057 -3.09642145 -2.37015025  0.77644175
  1.00073678  1.52900081]","[ 0.          0.72872297  0.51750676  0.61852322 -0.32248824  0.37732618
 -0.74795159 -0.09561451]","[ 0.          0.58631831 15.2843771   2.5584538   0.82202286  2.37240267
 -4.30515242 -0.98206931]"
1747421925.3208184,"[ 0.          0.56388355  0.69530462 -3.09520598 -2.37076145  0.77722466
  0.99921471  1.52882011]","[ 0.          0.71644546  0.52804056  0.61393154 -0.3059802   0.3840786
 -0.74201547 -0.08580397]","[ 0.          0.54255903 15.55596542  2.53325677  0.72859186  2.40065479
 -4.38276625 -0.96920526]"
1747421925.3226001,"[ 0.          0.56527718  0.69636356 -3.09395296 -2.37134708  0.77798193
  0.99773539  1.52865353]","[ 0.          0.70414412  0.54073515  0.612311   -0.29359597  0.3840786
 -0.7506009  -0.08400031]","[ 0.          0.46049169 15.99286938  2.55045223  0.54917574  2.31566143
 -4.48143482 -0.98523164]"
1747421925.323798,"[ 0.          0.56601834  0.69694393 -3.09334949 -2.37165094  0.77838619
  0.99693445  1.52856512]","[ 0.          0.69788862  0.54642446  0.61142077 -0.2861268   0.38066652
 -0.75431155 -0.08325513]","[ 0.          0.60675758 16.0391922   2.50703168  0.34844273  2.34049582
 -4.45801544 -0.98389125]"
1747421925.3255723,"[ 0.          0.56737202  0.69804095 -3.09214787 -2.37219929  0.77913487
  0.99543895  1.52840346]","[ 0.          0.68226625  0.55937189  0.60852965 -0.27522933  0.38002716
 -0.75658596 -0.08202644]","[ 0.00000000e+00  5.64524591e-01  1.65078945e+01  2.51919842e+00
 -1.48898305e-03  2.27771854e+00 -4.57024193e+00 -9.94351685e-01]"
1747421925.3273056,"[ 0.          0.56804108  0.69864389 -3.09149913 -2.37246561  0.77951444
  0.9946884   1.52832157]","[ 0.          0.67848483  0.56773981  0.61087196 -0.27009748  0.3848889
 -0.7611347  -0.08327448]","[ 0.          0.44364965 16.76189804  2.55335808 -0.13543187  2.16509175
 -4.58012629 -0.98976868]"
1747421925.3297157,"[ 0.          0.56942319  0.69978865 -3.09029538 -2.37301022  0.77992736
  0.99309304  1.5281466 ]","[ 0.          0.67343148  0.58449096  0.61015018 -0.26469553  0.38869112
 -0.78328268 -0.08576282]","[ 0.          0.50045407 17.04346275  2.57756805 -0.3001107   2.1496675
 -4.64606667 -0.95836782]"
1747421925.330848,"[ 0.          0.57073926  0.70096644 -3.08909429 -2.37352395  0.78070268
  0.99151198  1.52796963]","[ 0.          0.66606038  0.60069676  0.60961002 -0.25875338  0.3946124
 -0.80759148 -0.08967236]","[ 0.          0.51730287 17.32990456  2.63497543 -0.3373456   2.19232941
 -4.4528923  -0.91567641]"
1747421925.3326426,"[ 0.          0.57204014  0.70222551 -3.08783968 -2.37404939  0.78152932
  0.98983579  1.52777935]","[ 0.          0.65768734  0.61933349  0.61339138 -0.25578231  0.40674646
 -0.82382252 -0.09328586]","[ 0.          0.41330737 17.35326576  2.60612941 -0.20920727  2.2903018
 -4.42954445 -0.90863955]"
1747421925.3338072,"[ 0.          0.57273716  0.70284496 -3.08723594 -2.37429946  0.78193366
  0.98900908  1.52768894]","[ 0.          0.6556437   0.62824676  0.612311   -0.25336456  0.41000796
 -0.83753314 -0.0917401 ]","[ 0.          0.43792698 17.22129822  2.60925651 -0.08839021  2.28711915
 -4.413661   -0.87363058]"
1747421925.3360622,"[ 0.          0.57402427  0.70415417 -3.08597919 -2.37481105  0.78273846
  0.98724633  1.52751676]","[ 0.          0.65201534  0.64397339  0.61380477 -0.24713919  0.40811729
 -0.86966504 -0.0848106 ]","[ 0.          0.30703646 17.05039406  2.62022042  0.25370407  2.28011775
 -4.47338724 -0.84399104]"
1747421925.3372715,"[ 0.          0.57471216  0.70479653 -3.08537439 -2.37505127  0.78316936
  0.98637781  1.5274378 ]","[ 0.          0.64773491  0.65081505  0.61339138 -0.24362792  0.40574338
 -0.88078787 -0.07994885]","[ 0.          0.24075519 16.98762321  2.4704864   0.4568812   2.35190392
 -4.6317935  -0.88106441]"
1747421925.3390193,"[ 0.          0.57597863  0.70609835 -3.08411791 -2.3755357   0.78396658
  0.98462452  1.52729612]","[ 0.          0.6406712   0.66281918  0.61312886 -0.23374688  0.40325552
 -0.89159178 -0.06644398]","[ 0.          0.27656332 16.78758049  2.38723302  0.8670072   2.17472959
 -4.31926155 -0.83487701]"
1747421925.340742,"[ 0.          0.57660813  0.70680915 -3.08351151 -2.37575887  0.78436139
  0.98367703  1.52723806]","[ 0.          0.63851045  0.66930105  0.61501198 -0.22657148  0.3998789
 -0.89139484 -0.05882159]","[ 0.          0.20124458 16.59704781  2.52206659  1.18890119  2.07659912
 -4.12828541 -0.82249343]"
1747421925.341906,"[ 0.          0.57790629  0.70814632 -3.08229284 -2.37618684  0.78517759
  0.98189997  1.52713154]","[ 0.          0.63256827  0.67968618  0.61744285 -0.21418729  0.39758349
 -0.90590694 -0.05015369]","[ 0.          0.11724961 16.38652802  2.38896918  1.68473017  2.03405499
 -4.09826326 -0.86940771]"
1747421925.3436663,"[ 0.          0.57914699  0.70950373 -3.08103184 -2.37661082  0.78595576
  0.98002684  1.52704778]","[ 0.          0.62770654  0.69144956  0.61555846 -0.2041937   0.39272172
 -0.91731106 -0.03943423]","[ 0.          0.05240313 16.36320686  2.34605432  2.00301981  1.91327965
 -4.11160755 -0.82994497]"
1747421925.3448353,"[ 0.          0.57976185  0.71024256 -3.08042331 -2.37680629  0.78637055
  0.97912309  1.52701449]","[ 0.          0.62365507  0.69563172  0.61717274 -0.19825155  0.39069725
 -0.915782   -0.03376219]","[ 0.          0.0249245  16.31141472  2.18696666  2.12344909  1.94612515
 -4.20633221 -0.86951816]"
1747421925.3465545,"[ 0.          0.58102785  0.71162467 -3.07920704 -2.37718925  0.78712869
  0.97730801  1.5269603 ]","[ 0.          0.61609236  0.70333385  0.61609236 -0.18381328  0.38191784
 -0.9204922  -0.02403868]","[ 0.         -0.09688211 16.21196556  2.04886055  2.2526021   1.930673
 -4.0011673  -0.81455672]"
1747421925.3476572,"[ 0.          0.58163258  0.71232222 -3.0785527  -2.37736236  0.78750066
  0.97640334  1.52693939]","[ 0.          0.61276986  0.7066686   0.61555846 -0.17556335  0.37732618
 -0.91752111 -0.0210676 ]","[ 0.         -0.331195   16.31074142  2.0459826   2.36703587  1.85676634
 -3.99390626 -0.79148597]"
1747421925.349913,"[ 0.          0.58287748  0.71378516 -3.07733484 -2.37768966  0.78827411
  0.97452641  1.52690037]","[ 0.          0.60690905  0.71569318  0.61717274 -0.16205848  0.37813645
 -0.91281398 -0.01805533]","[ 0.         -0.52661467 16.1108017   1.92688084  2.42053843  1.90730834
 -3.93060088 -0.7739169 ]"
1747421925.3509932,"[ 0.          0.5834717   0.71449603 -3.0767295  -2.37784306  0.78864602
  0.97363125  1.52688613]","[ 0.          0.60258747  0.72089014  0.61393154 -0.15557615  0.37667404
 -0.90871923 -0.01458526]","[ 0.         -0.44353035 15.88661385  1.87307835  2.3992269   1.98465049
 -3.93636537 -0.78040153]"
1747421925.353244,"[ 0.          0.58478583  0.71592774 -3.07547409 -2.37813601  0.78938804
  0.97176857  1.5268595 ]","[ 0.          0.59537223  0.72636574  0.61393154 -0.13828991  0.37543551
 -0.90968829 -0.01253842]","[ 0.         -0.55324519 15.90498543  1.88265371  2.29511452  1.95097697
 -4.08041334 -0.76610994]"
1747421925.355249,"[ 0.          0.58594624  0.7174307  -3.07426554 -2.37838821  0.79016056
  0.96997726  1.52683846]","[ 0.          0.58578752  0.73628574  0.61204089 -0.12424484  0.37813645
 -0.90887802 -0.00972351]","[ 0.         -0.61106616 15.97635174  1.85112619  2.16739774  2.04595017
 -4.05850077 -0.72224492]"
1747421925.357024,"[ 0.          0.58713694  0.7188987  -3.07301253 -2.37862603  0.79092729
  0.96813556  1.52681941]","[ 0.          0.57927515  0.74654943  0.61150067 -0.11398113  0.37229138
 -0.89429276 -0.00936268]","[ 0.         -0.66283476 16.23094749  1.88942695  1.99637818  2.12621546
 -3.95895123 -0.70603186]"
1747421925.358198,"[ 0.          0.58770313  0.71969545 -3.07241012 -2.37873549  0.79128781
  0.96725179  1.52681089]","[ 0.          0.57422727  0.75029923  0.61096051 -0.11089759  0.36571197
 -0.8952754  -0.00884253]","[ 0.         -0.74138421 16.44454384  1.84553182  1.96253288  2.14453483
 -4.08583593 -0.70809495]"
1747421925.3599942,"[ 0.          0.58882212  0.72119148 -3.07116616 -2.37894028  0.79199368
  0.96541767  1.52679478]","[ 0.          0.565314    0.76140481  0.60610737 -0.10263704  0.35598847
 -0.89398956 -0.00809882]","[ 0.         -0.78759605 16.68620872  1.87858582  1.79832065  2.18994975
 -4.23831558 -0.70113611]"
1747421925.3610747,"[ 0.          0.58941907  0.72194589 -3.07056881 -2.37904441  0.79234375
  0.96453862  1.52678613]","[ 0.          0.56222287  0.76441086  0.60582867 -0.09805047  0.35490809
 -0.89159178 -0.00793227]","[ 0.         -0.78240585 16.74509239  2.00867629  1.69643724  2.19393778
 -4.09024143 -0.69513816]"
1747421925.3628445,"[ 0.          0.59051056  0.72353286 -3.06937145 -2.37923723  0.79306867
  0.96279492  1.52677387]","[ 0.          0.55099884  0.77788073  0.6074492  -0.08805178  0.35409779
 -0.88267858 -0.00621224]","[ 0.         -0.92035407 17.03559685  2.02554083  1.50051701  2.12976527
 -4.14336824 -0.67762256]"
1747421925.3645437,"[ 0.          0.59104966  0.72430432 -3.06872963 -2.37932671  0.79341401
  0.96185502  1.52676815]","[ 0.          0.5466773   0.78247241  0.60435201 -0.08425821  0.34996147
 -0.8841294  -0.00621224]","[ 0.         -0.87736177 17.254879    1.92557573  1.39679587  2.21036744
 -4.18168736 -0.6624434 ]"
1747421925.3656876,"[ 0.          0.59215906  0.72592159 -3.06754133 -2.37948144  0.79412175
  0.96009035  1.52675763]","[ 0.          0.53884447  0.79242831  0.60204725 -0.07616749  0.34437429
 -0.89834422 -0.00535265]","[ 0.         -0.92651987 17.51984024  2.02552271  1.26080632  2.15916705
 -4.42872334 -0.64596534]"
1747421925.367362,"[ 0.          0.59268623  0.72670908 -3.06694744 -2.37955308  0.79446237
  0.95920371  1.52675284]","[ 0.          0.53479301  0.79786901  0.60231736 -0.07265622  0.34545467
 -0.89915449 -0.0050894 ]","[ 0.         -0.97135264 17.59175491  2.14048529  1.23340154  2.00109315
 -4.32459879 -0.6329264 ]"
1747421925.3690307,"[ 0.          0.59320695  0.72836171 -3.06571733 -2.37969129  0.79516824
  0.95737246  1.52674618]","[ 0.          0.52750557  0.81023287  0.59981831 -0.06644398  0.34373067
 -0.89398956 -0.0038714 ]","[ 0.         -0.91481858 17.91172409  2.22177148  1.08442628  1.89544785
 -4.19519377 -0.6472398 ]"
1747421925.3701851,"[ 0.          0.59376162  0.72916758 -3.06512318 -2.37975388  0.79550499
  0.95648969  1.52674338]","[ 0.          0.52235069  0.81731495  0.60258747 -0.06347291  0.3414032
 -0.89537313 -0.00315894]","[ 0.         -1.00856662 17.88919449  2.1890142   1.02935266  1.93519056
 -3.9519763  -0.60572749]"
1747421925.3719773,"[ 0.          0.59477875  0.73079404 -3.0638912  -2.37987052  0.79615853
  0.95471069  1.52673859]","[ 0.          0.51318522  0.82674014  0.60069676 -0.05416599  0.32897872
 -0.90320596 -0.00284795]","[ 0.         -1.07648742 17.79955101  2.29733562  1.02585828  1.88048875
 -4.11322689 -0.6143831 ]"
1747421925.373082,"[ 0.          0.59527836  0.73167981 -3.06330211 -2.3799182   0.79650288
  0.9538174   1.52673579]","[ 0.          0.50670285  0.83405591  0.59745562 -0.04829846  0.32424362
 -0.90590694 -0.00258302]","[ 0.         -1.02110815 17.90162468  2.3930161   1.02716517  1.80850649
 -4.3481617  -0.62916362]"
1747421925.3748813,"[ 0.          0.59629868  0.73334022 -3.06207919 -2.37999756  0.79714124
  0.95194906  1.526731  ]","[ 0.          0.49485688  0.84432473  0.59707972 -0.03754355  0.32222628
 -0.91455002 -0.00238492]","[ 0.         -1.06227398 17.73431969  2.36371279  1.05719233  1.78155661
 -4.5057435  -0.64798731]"
1747421925.3765612,"[ 0.          0.59678171  0.73417779 -3.06149009 -2.38002978  0.79745989
  0.95104246  1.52672913]","[ 0.          0.48995683  0.84945658  0.59745562 -0.03268179  0.32270928
 -0.91848025 -0.00223437]","[ 0.         -1.18744087 17.44613838  2.35058498  1.11601043  1.81099272
 -4.27418709 -0.62990391]"
1747421925.3778274,"[ 0.          0.59776668  0.73593101 -3.06031537 -2.38007985  0.79811343
  0.94923497  1.5267262 ]","[ 0.          0.47699216  0.85863123  0.59610513 -0.0218779   0.31797441
 -0.91752111 -0.00204414]","[ 0.         -1.28853822 17.25601387  2.34775209  1.203794    1.8127929
 -4.0559864  -0.6570527 ]"
1747421925.3795228,"[ 0.          0.5982314   0.73678276 -3.05972708 -2.38007985  0.79842641
  0.94826278  1.52672527]","[ 0.          0.47132009  0.86289655  0.59664536 -0.0218779   0.31736455
 -0.9153049  -0.00175526]","[ 0.         -1.23651707 17.39033508  2.32144284  1.203794    1.69241297
 -3.91757798 -0.65684026]"
1747421925.381241,"[ 0.          0.5991424   0.7384951  -3.05850815 -2.38010408  0.79907616
  0.94646382  1.52672248]","[ 0.          0.45870047  0.87025407  0.59373625 -0.00918331  0.31621902
 -0.91265938 -0.00142201]","[ 0.         -1.23937452 17.16621017  2.34253454  1.43400991  1.7152729
 -3.90939474 -0.66599691]"
1747421925.3830087,"[ 0.          0.60006679  0.74028828 -3.05733663 -2.38010195  0.79969454
  0.94459354  1.52672248]","[ 0.00000000e+00  4.48361812e-01  8.77006511e-01  5.94214423e-01
  4.59165694e-03  3.11692479e-01 -9.13692220e-01 -7.89734739e-04]","[ 0.         -1.216681   17.0039978   2.36566257  1.74242878  1.67259705
 -4.12996769 -0.64314985]"
1747421925.3846743,"[ 0.          0.60093238  0.74203085 -3.05611663 -2.38008544  0.80031
  0.94278892  1.52672154]","[ 0.00000000e+00  4.35937333e-01  8.84482470e-01  5.96105134e-01
  8.06230408e-03  2.98414457e-01 -9.14550025e-01 -6.79474083e-04]","[ 0.         -1.20908797 16.82626343  2.39859986  2.01708555  1.66109681
 -4.17511988 -0.65242326]"
1747421925.385815,"[ 0.          0.60138785  0.74290516 -3.05553021 -2.38007852  0.80059443
  0.94188997  1.52672154]","[ 0.00000000e+00  4.28814076e-01  8.86730045e-01  5.94152038e-01
  7.41211827e-03  2.88464088e-01 -9.11849047e-01 -5.28479871e-04]","[ 0.         -1.2059691  16.8057518   2.44961238  2.18075442  1.56774545
 -4.19464207 -0.60209858]"
1747421925.3875473,"[ 0.          0.60180576  0.74385245 -3.05494378 -2.38007346  0.80087319
  0.94099481  1.52672154]","[ 0.00000000e+00  4.23782932e-01  8.91983396e-01  5.94754645e-01
  6.07411285e-03  2.82792055e-01 -9.07797646e-01 -2.64239936e-04]","[ 0.         -1.15894926 16.61097336  2.42215586  2.36964941  1.53529608
 -3.88455439 -0.61428785]"
1747421925.3887053,"[ 0.          0.60262355  0.74561899 -3.05372565 -2.3800692   0.80140589
  0.93915304  1.52672154]","[ 0.00000000e+00  4.11628564e-01  8.96993734e-01  5.95564912e-01
  2.16077981e-03  2.65235714e-01 -8.94465928e-01 -1.50972853e-04]","[ 0.         -1.19399226 16.44170761  2.34677529  2.8848567   1.51433015
 -3.70446706 -0.61284471]"
1747421925.3904083,"[ 0.          0.60305246  0.74650702 -3.05313975 -2.3800692   0.80168559
  0.93740168  1.52672154]","[ 0.00000000e+00  4.03737219e-01  9.00504979e-01  5.94214423e-01
  5.20148650e-04  2.63059180e-01 -8.83758956e-01 -1.32479098e-04]","[ 0.         -1.20558822 16.62864494  2.39789367  3.1864748   1.48246801
 -3.70432568 -0.59843367]"
1747421925.3921702,"[ 0.          0.60383349  0.74835759 -3.05191789 -2.38006973  0.8021812
  0.93646944  1.52672154]","[ 0.00000000e+00  3.93532019e-01  9.04826557e-01  5.98333534e-01
 -1.75496610e-04  2.46869091e-01 -8.77689611e-01  0.00000000e+00]","[ 0.         -1.1514231  16.40973473  2.44736028  3.74962115  1.46807635
 -3.86153889 -0.53981489]"
1747421925.3933673,"[ 0.          0.60462792  0.75015116 -3.05073678 -2.38006653  0.8026683
  0.93474278  1.52672154]","[ 0.00000000e+00  3.85820137e-01  9.10768669e-01  5.97659754e-01
  6.62313144e-04  2.34207075e-01 -8.73149854e-01  0.00000000e+00]","[ 0.         -1.10135913 16.19004059  2.43718123  4.24893522  1.42816103
 -3.84914875 -0.54939669]"
1747421925.3950877,"[ 0.          0.60500489  0.75111962 -3.05014716 -2.38006387  0.80289566
  0.93388378  1.52672154]","[ 0.          0.38245803  0.91179412  0.59799578  0.00106378  0.23089743
 -0.87133444  0.        ]","[ 0.         -1.05452836 15.8920927   2.41674328  4.41095066  1.32140493
 -3.66649628 -0.53800714]"
1747421925.3962328,"[ 0.          0.60574052  0.75292471 -3.04891891 -2.38005588  0.80335612
  0.93212103  1.52672154]","[ 0.          0.37030363  0.91470276  0.6001566   0.00190771  0.22393623
 -0.85485853  0.        ]","[ 0.         -1.10044801 15.59947872  2.51119184  4.71103668  1.2288835
 -3.48962402 -0.5427469 ]"
1747421925.3979216,"[ 0.          0.60612668  0.75382972 -3.04832502 -2.38005002  0.8035749
  0.9312848   1.52672154]","[ 0.          0.36361427  0.91779122  0.60231736  0.00238462  0.22202013
 -0.84810609  0.        ]","[ 0.         -1.09342647 15.62131596  2.57994342  4.83380938  1.18991923
 -3.49090028 -0.51063991]"
1747421925.399588,"[ 0.          0.60647934  0.75473619 -3.04773167 -2.3800431   0.80379275
  0.93045529  1.52672154]","[ 0.          0.35760907  0.91941182  0.60116747  0.00377486  0.22093974
 -0.84135364  0.        ]","[ 0.         -1.06485903 15.399786    2.58631206  4.95319891  1.13629246
 -3.49073577 -0.51744974]"
1747421925.4007874,"[ 0.          0.6071723   0.75661978 -3.04648957 -2.38002605  0.80423417
  0.92873722  1.52672154]","[ 0.          0.34861238  0.92022209  0.60690905  0.00832238  0.21220108
 -0.83753314  0.        ]","[ 0.         -1.02976453 15.23045158  2.60399127  5.09087753  1.1408776
 -3.50998592 -0.51300097]"
1747421925.4029706,"[ 0.          0.60787165  0.75843545 -3.04529168 -2.38000501  0.80463557
  0.92710477  1.52672248]","[ 0.00000000e+00  3.38702226e-01  9.21572581e-01  6.07179157e-01
  1.10739970e-02  1.99602043e-01 -8.24877662e-01  5.57234111e-05]","[ 0.         -1.01647866 15.30887222  2.66412544  5.07507706  1.15399027
 -3.45836973 -0.4416593 ]"
1747421925.4041538,"[ 0.          0.60819995  0.75941537 -3.04464613 -2.37999303  0.80482679
  0.92629237  1.52672248]","[ 0.00000000e+00  3.33030192e-01  9.21959804e-01  6.07862724e-01
  1.21543863e-02  1.93929992e-01 -8.23797284e-01  5.57234111e-05]","[ 0.         -1.00073636 15.23502445  2.69710422  5.05553675  1.1119312
 -3.33323288 -0.43555498]"
1747421925.4059665,"[ 0.          0.6088676   0.76123604 -3.04343892 -2.3799632   0.80520356
  0.92460665  1.52672248]","[ 0.00000000e+00  3.22989775e-01  9.23193181e-01  6.12230241e-01
  1.53799571e-02  1.82315797e-01 -8.23797284e-01  5.29903226e-05]","[ 0.         -0.95104295 15.23712826  2.7876358   4.96829844  1.17582333
 -3.42583823 -0.42004895]"
1747421925.407104,"[ 0.          0.60918398  0.76221821 -3.04278725 -2.37994616  0.80537953
  0.92379233  1.52672248]","[ 0.00000000e+00  3.20550686e-01  9.24834088e-01  6.13630398e-01
  1.72862385e-02  1.78353546e-01 -8.25121208e-01  5.05128017e-05]","[ 0.         -0.93045235 15.44331264  2.79984903  4.93144321  1.19896126
 -3.53540158 -0.43026036]"
1747421925.4089081,"[ 0.          0.60980577  0.76404354 -3.04157178 -2.37990594  0.80573626
  0.92211327  1.52672341]","[ 0.00000000e+00  3.13313079e-01  9.24416371e-01  6.17442847e-01
  2.18778954e-02  1.72027157e-01 -8.17314951e-01  8.44452231e-05]","[ 0.         -0.93698204 15.42109585  2.87086344  4.7881465   1.20315278
 -3.53768778 -0.40103605]"
1747421925.410647,"[ 0.          0.61043394  0.76587014 -3.04030625 -2.37985401  0.80606636
  0.9205179   1.52672341]","[ 0.00000000e+00  3.04669956e-01  9.26434314e-01  6.17391980e-01
  2.64695534e-02  1.65839851e-01 -8.07591483e-01  8.05693192e-05]","[ 0.         -0.94926596 15.51362228  2.99465561  4.60253763  1.22233486
 -3.34168267 -0.37292564]"
1747421925.4118366,"[ 0.          0.61072822  0.76685511 -3.03969638 -2.37982552  0.80622715
  0.91966463  1.52672434]","[ 0.00000000e+00  2.98155298e-01  9.27341787e-01  6.17896516e-01
  2.88711484e-02  1.63138873e-01 -8.03462119e-01  1.15103987e-04]","[ 0.         -0.89172399 15.36130428  3.00535464  4.53024864  1.19708574
 -3.31903744 -0.35621881]"
1747421925.4137065,"[ 0.          0.6113243   0.76868776 -3.03846866 -2.37975841  0.80654772
  0.91807971  1.52672434]","[ 0.00000000e+00  2.89386807e-01  9.29675515e-01  6.23925180e-01
  3.38537418e-02  1.53259927e-01 -8.03810061e-01  1.10394675e-04]","[ 0.         -0.82507873 15.65053082  3.03948212  4.3285799   1.19023383
 -3.39226699 -0.35943407]"
1747421925.4149034,"[ 0.          0.6116044   0.76960615 -3.03785108 -2.37972405  0.80669327
  0.91728729  1.52672434]","[ 0.00000000e+00  2.84142544e-01  9.31296115e-01  6.26356047e-01
  3.48425735e-02  1.47473228e-01 -8.03810061e-01  1.10399243e-04]","[ 0.         -0.86324376 15.9999609   3.11359167  4.24167442  1.18949366
 -3.48440337 -0.34731114]"
1747421925.416707,"[ 0.          0.61215494  0.77151817 -3.03656877 -2.37965454  0.80698914
  0.91564725  1.52672527]","[ 0.00000000e+00  2.77120004e-01  9.34537248e-01  6.26626158e-01
  3.51126721e-02  1.44191864e-01 -8.01649305e-01  1.42873456e-04]","[ 0.         -0.86143577 16.30627632  3.11301398  4.12086153  1.20868981
 -3.51764274 -0.32177234]"
1747421925.4179049,"[ 0.          0.61242452  0.77244115 -3.03594905 -2.37961699  0.8071261
  0.91485955  1.52672527]","[ 0.00000000e+00  2.73338648e-01  9.36157848e-01  6.27880041e-01
  3.53250883e-02  1.38689440e-01 -7.98948327e-01  1.42458572e-04]","[ 0.         -0.81129688 16.34367943  3.08348989  4.08475733  1.21664572
 -3.61028361 -0.30973017]"
1747421925.420028,"[ 0.          0.61271147  0.773366   -3.0353296  -2.37958264  0.80726118
  0.91407378  1.5267262 ]","[ 0.00000000e+00  2.70328394e-01  9.38048560e-01  6.28246759e-01
  3.48425735e-02  1.37078444e-01 -7.95980234e-01  1.83161017e-04]","[ 0.         -0.8517037  16.55438805  3.15572929  4.0740962   1.21758008
 -3.48370266 -0.31451562]"
1747421925.422346,"[ 0.          0.61348339  0.77621891 -3.03341505 -2.37946413  0.80766645
  0.91167647  1.5267262 ]","[ 0.00000000e+00  2.56592608e-01  9.42224729e-01  6.33918759e-01
  4.13767973e-02  1.32077668e-01 -7.83282681e-01  1.69862507e-04]","[ 0.         -0.77823597 16.87137794  3.15619755  4.01912022  1.1678884
 -3.45320988 -0.26595575]"
1747421925.4240937,"[ 0.          0.61399998  0.7781521  -3.03212075 -2.37937225  0.80792138
  0.91009063  1.5267262 ]","[ 0.00000000e+00  2.50650463e-01  9.45146350e-01  6.30933422e-01
  4.82984612e-02  1.28296304e-01 -7.73119193e-01  1.64561948e-04]","[ 0.         -0.7117545  16.87443542  3.16843843  4.02788019  1.12577271
 -3.58368587 -0.25512791]"
1747421925.4257817,"[ 0.          0.61448121  0.78001552 -3.0308736  -2.37926306  0.80817538
  0.90856477  1.52672714]","[ 0.00000000e+00  2.43627924e-01  9.44800938e-01  6.33378603e-01
  5.49182932e-02  1.22510420e-01 -7.73854692e-01  1.85229632e-04]","[ 0.         -0.7115044  16.55322266  3.18101168  4.1010313   1.11292779
 -3.70132494 -0.28062713]"
1747421925.4268973,"[ 0.          0.61473561  0.78094995 -3.03024802 -2.37920553  0.80829622
  0.90780277  1.52672714]","[ 0.00000000e+00  2.39483879e-01  9.47772027e-01  6.34458981e-01
  5.83410544e-02  1.22624254e-01 -7.72748881e-01  1.85229632e-04]","[ 0.         -0.70369405 16.19792557  3.15714121  4.08076763  1.1213901
 -3.65650249 -0.28844911]"
1747421925.4286554,"[ 0.          0.61519707  0.78288913 -3.0289476  -2.3790785   0.80852738
  0.90623311  1.5267282 ]","[ 0.00000000e+00  2.32824029e-01  9.46002290e-01  6.35809470e-01
  6.69841731e-02  1.14791431e-01 -7.62215080e-01  2.06992148e-04]","[ 0.         -0.6684857  15.96493721  3.13589454  4.11697006  1.13000476
 -3.49682355 -0.30078307]"
1747421925.4298232,"[ 0.          0.61542211  0.78382217 -3.02831909 -2.3790018   0.80864343
  0.90549108  1.5267282 ]","[ 0.00000000e+00  2.28232373e-01  9.46421538e-01  6.37430070e-01
  7.22213169e-02  1.09335047e-01 -7.52491546e-01  2.07482388e-04]","[ 0.         -0.5929355  15.94940281  3.13976645  4.15204191  1.09851658
 -3.5331521  -0.28555202]"
1747421925.4315584,"[ 0.          0.61587624  0.78568419 -3.02696727 -2.37884867  0.80883751
  0.90396236  1.5267282 ]","[ 0.00000000e+00  2.19636588e-01  9.43990671e-01  6.34895407e-01
  7.94086560e-02  9.56145072e-02 -7.45584904e-01  2.00835652e-04]","[ 0.         -0.55936784 15.74765301  3.14389682  4.1622448   1.09438848
 -3.49211264 -0.28298324]"
1747421925.4332354,"[ 0.          0.61608836  0.78668527 -3.02629322 -2.37876744  0.80893265
  0.90323079  1.52672913]","[ 0.00000000e+00  2.14997594e-01  9.42638651e-01  6.34695004e-01
  8.23797284e-02  8.95243405e-02 -7.41957745e-01  2.18438961e-04]","[ 0.         -0.582039   15.51615524  3.1446259   4.1645689   1.11339295
 -3.39662933 -0.29451603]"
1747421925.4344134,"[ 0.          0.61651773  0.78853577 -3.02503408 -2.37858555  0.80909058
  0.90178669  1.52673007]","[ 0.00000000e+00  2.07134744e-01  9.36558455e-01  6.39320715e-01
  9.12929458e-02  7.72478753e-02 -7.29263188e-01  2.41071409e-04]","[ 0.         -0.52531213 15.43573761  3.14131641  4.21374416  1.06150055
 -3.19613171 -0.25617409]"
1747421925.4361544,"[ 0.          0.61671654  0.78945829 -3.02435631 -2.37849154  0.80916095
  0.90102376  1.52673007]","[ 0.00000000e+00  2.01492721e-01  9.35617626e-01  6.38205716e-01
  9.52478066e-02  7.13057304e-02 -7.18451620e-01  2.34523518e-04]","[ 0.         -0.5080592  15.44409466  3.16580868  4.24204254  1.00094402
 -3.26440477 -0.24396852]"
1747421925.437875,"[ 0.          0.61710915  0.79137083 -3.02309583 -2.37828035  0.80928272
  0.89962347  1.526731  ]","[ 0.00000000e+00  1.97780857e-01  9.32916715e-01  6.38672968e-01
  1.06827364e-01  5.56705988e-02 -7.09366778e-01  2.56347070e-04]","[ 0.         -0.48953566 15.53755283  3.12539554  4.36661911  0.97066307
 -3.45853662 -0.2643753 ]"
1747421925.4395988,"[ 0.          0.61731621  0.79228876 -3.02246679 -2.37816823  0.80933033
  0.89892426  1.526731  ]","[ 0.00000000e+00  1.95097855e-01  9.31026004e-01  6.37970226e-01
  1.13711036e-01  4.83474467e-02 -7.09275965e-01  2.49762411e-04]","[ 0.         -0.52936184 15.70829868  3.08609557  4.42648935  0.98606181
 -3.63067842 -0.27014968]"
1747421925.4407158,"[ 0.          0.61769005  0.79419159 -3.02115945 -2.3779107   0.80940543
  0.89746778  1.526731  ]","[ 0.00000000e+00  1.88528036e-01  9.27972556e-01  6.37970226e-01
  1.30650364e-01  3.45724769e-02 -7.12182406e-01  2.22457272e-04]","[ 0.         -0.51430357 15.89021206  3.04063296  4.34975719  0.94465214
 -3.53112698 -0.25605464]"
1747421925.443012,"[ 0.          0.61806889  0.79602058 -3.01989285 -2.37763134  0.80945869
  0.89597135  1.52673286]","[ 0.00000000e+00  1.83813276e-01  9.26434314e-01  6.43642293e-01
  1.45042344e-01  2.23183927e-02 -7.00632875e-01  2.57354874e-04]","[ 0.         -0.56260592 15.99881744  3.04227281  4.15377474  0.93707573
 -3.20847106 -0.22520341]"
1747421925.4446533,"[ 0.          0.61824472  0.79693438 -3.01926008 -2.3774822   0.80947587
  0.89523412  1.52673286]","[ 0.00000000e+00  1.78083718e-01  9.26704426e-01  6.41101371e-01
  1.51101335e-01  1.72862385e-02 -6.94127105e-01  2.51217315e-04]","[ 0.         -0.57075977 15.7942915   3.07428837  4.03677273  0.92054641
 -3.14755917 -0.23059224]"
1747421925.4461875,"[ 0.          0.61858361  0.79882669 -3.01857885 -2.37715304  0.80949584
  0.89387657  1.52673379]","[ 0.00000000e+00  1.69621207e-01  9.23580205e-01  6.41465691e-01
  1.63501030e-01  7.83282698e-03 -6.88748585e-01  2.63766357e-04]","[ 0.         -0.58188993 15.85040665  3.03875136  3.76471615  0.94559371
 -3.20901799 -0.22564189]"
1747421925.4485855,"[ 0.          0.6189193   0.80064416 -3.01730958 -2.37681375  0.80949964
  0.89245817  1.52673379]","[ 0.00000000e+00  1.62247197e-01  9.20222092e-01  6.44452560e-01
  1.73942769e-01  1.08038990e-03 -6.92722488e-01  2.57766832e-04]","[ 0.         -0.58458889 15.90290642  3.06896663  3.51184297  0.98409683
 -3.40952992 -0.26120225]"
1747421925.4503248,"[ 0.          0.6192265   0.80252728 -3.01599079 -2.37644037  0.80949771
  0.89110069  1.52673486]","[ 0.00000000e+00  1.53529755e-01  9.18815610e-01  6.43722654e-01
  1.84476569e-01 -9.10260138e-04 -6.86857874e-01  2.76043636e-04]","[ 0.         -0.56714875 16.00990868  3.05529833  3.23627377  1.02125096
 -3.40638161 -0.27208164]"
1747421925.4520345,"[ 0.          0.61952957  0.80433604 -3.01466427 -2.3760678   0.80949584
  0.8896994   1.52673486]","[ 0.00000000e+00  1.46950316e-01  9.16980958e-01  6.48596438e-01
  1.89608431e-01 -9.44862052e-04 -6.82591756e-01  2.70043884e-04]","[ 0.         -0.6012224  16.18488693  3.06729269  2.97780561  1.03689134
 -3.37031364 -0.27730271]"
1747421925.453827,"[ 0.          0.61980733  0.80613926 -3.01339127 -2.37566832  0.80949771
  0.88833999  1.52673486]","[ 0.00000000e+00  1.38830105e-01  9.14126715e-01  6.45532938e-01
  1.97441254e-01  3.51108921e-04 -6.90909341e-01  2.47067797e-04]","[ 0.         -0.61804909 16.31662369  3.05814242  2.78219652  1.01028013
 -3.56314921 -0.25464517]"
1747421925.4555595,"[ 0.          0.62008197  0.80801319 -3.01206236 -2.37526352  0.80950057
  0.8869178   1.52673486]","[ 0.00000000e+00  1.32347763e-01  9.15090247e-01  6.49490328e-01
  2.07704960e-01  7.44791360e-04 -6.97888621e-01  2.46658034e-04]","[ 0.         -0.65490776 16.36465073  3.02939343  2.7450633   1.03509247
 -3.51304817 -0.2675676 ]"
1747421925.4573603,"[ 0.          0.62021007  0.8089178  -3.0114208  -2.37505553  0.80950343
  0.88622338  1.52673486]","[ 0.00000000e+00  1.29785253e-01  9.17521114e-01  6.50664849e-01
  2.10946127e-01  1.11113205e-03 -7.04414231e-01  2.46658034e-04]","[ 0.         -0.67401588 16.14800835  3.02920556  2.7450633   1.04969549
 -3.3779428  -0.2675676 ]"
1747421925.4591036,"[ 0.          0.6204626   0.81080559 -3.01013236 -2.37461185  0.80951102
  0.8855251   1.52673486]","[ 0.00000000e+00  1.27486012e-01  9.21959804e-01  6.54716249e-01
  2.18508855e-01  1.78846781e-03 -7.07478065e-01  2.41911206e-04]","[ 0.         -0.71495581 16.0064373   3.02300167  2.75154829  1.04270482
 -3.21516871 -0.27886593]"
1747421925.4603093,"[ 0.          0.62071514  0.81263591 -3.00879013 -2.37416976  0.80951961
  0.8840553   1.52673486]","[ 0.00000000e+00  1.22084056e-01  9.29945626e-01  6.55508740e-01
  2.25572707e-01  2.28734511e-03 -7.21962399e-01  2.20095960e-04]","[ 0.         -0.77845126 15.85291004  2.97176337  2.88338494  1.04589498
 -3.22393441 -0.26263908]"
1747421925.4621055,"[ 0.          0.62082999  0.81355383 -3.00814511 -2.37392582  0.80952534
  0.88333325  1.52673486]","[ 0.00000000e+00  1.16412014e-01  9.31026004e-01  6.54176094e-01
  2.29703902e-01  2.57275405e-03 -7.32234278e-01  2.20095960e-04]","[ 0.         -0.84510857 15.91502094  2.97569203  3.01808476  0.98104501
 -3.19600582 -0.25817117]"
1747421925.4638655,"[ 0.          0.62106002  0.81546865 -3.00684842 -2.37346536  0.80953386
  0.8818036   1.52673579]","[ 0.00000000e+00  1.10234321e-01  9.35739066e-01  6.57830483e-01
  2.35525007e-01  3.15728774e-03 -7.53308470e-01  2.26997959e-04]","[ 0.         -0.90885508 15.58407021  2.80242324  3.28719115  0.97537136
 -3.45391464 -0.26454368]"
1747421925.4656556,"[ 0.          0.62126801  0.81732101 -3.00549873 -2.37298732  0.80954152
  0.88029578  1.52673579]","[ 0.00000000e+00  1.04797819e-01  9.39796326e-01  6.57830483e-01
  2.44978413e-01  4.21834314e-03 -7.66299637e-01  2.22980168e-04]","[ 0.         -1.01554859 15.23467922  2.68148851  3.48591924  0.90733659
 -3.40597773 -0.33293313]"
1747421925.4674487,"[ 0.          0.62147787  0.81924687 -3.00419964 -2.37247146  0.80954718
  0.878709    1.52673672]","[ 0.00000000e+00  1.00808920e-01  9.39880215e-01  6.59578050e-01
  2.54443853e-01  4.04061250e-03 -7.76629905e-01  2.33695295e-04]","[ 0.         -1.09788549 14.81426525  2.54270673  3.6368916   0.88061899
 -3.19051218 -0.29203629]"
1747421925.4692135,"[ 0.          0.62157388  0.82017485 -3.00350029 -2.37221633  0.80954911
  0.87793935  1.52673672]","[ 0.00000000e+00  9.72350907e-02  9.41019582e-01  6.58517979e-01
  2.58753381e-01  3.67629493e-03 -7.80581703e-01  2.18458467e-04]","[ 0.         -1.16078579 14.55045605  2.50852799  3.74824429  0.88738036
 -3.20852566 -0.25146475]"
1747421925.4710114,"[ 0.          0.62175663  0.82202908 -3.00219907 -2.37166666  0.80955197
  0.87639824  1.52673766]","[ 0.00000000e+00  9.07527485e-02  9.41289693e-01  6.59989042e-01
  2.71080704e-01  2.84794650e-03 -7.80581703e-01  2.29059145e-04]","[ 0.         -1.25011325 14.33864594  2.3875227   3.8602438   0.8395831
 -3.06516767 -0.25995842]"
1747421925.4749508,"[ 0.          0.62192834  0.82395355 -3.00084566 -2.37111964  0.80955483
  0.87480195  1.52673859]","[ 0.00000000e+00  8.15694367e-02  9.38626333e-01  6.60022598e-01
  2.79537472e-01  2.02030625e-03 -7.76800348e-01  2.44807328e-04]","[ 0.         -1.37428653 14.10354137  2.29947734  3.93501949  0.84334236
 -3.09122705 -0.24643165]"
1747421925.4767334,"[ 0.          0.6222374   0.82771566 -2.99820407 -2.36994599  0.80955863
  0.87166834  1.52673952]","[ 0.00000000e+00  7.45469056e-02  9.32241271e-01  6.56481326e-01
  2.98187623e-01  1.19231191e-03 -7.82472415e-01  2.35924344e-04]","[ 0.         -1.60077322 13.68412971  2.2106421   3.75476289  0.84255838
 -3.04030728 -0.23004279]"
1747421925.4784372,"[ 0.          0.62237835  0.82955058 -2.99690737 -2.36934571  0.80956049
  0.87012437  1.52673952]","[ 0.00000000e+00  7.07655415e-02  9.29675515e-01  6.57830483e-01
  3.06020445e-01  1.05983278e-03 -7.81679592e-01  2.31873605e-04]","[ 0.         -1.68144858 13.61001682  2.17950559  3.56346846  0.85319471
 -3.03580761 -0.24428029]"
1747421925.4802575,"[ 0.          0.62245139  0.83046577 -2.99625809 -2.36901788  0.80956149
  0.86930059  1.52674045]","[ 0.00000000e+00  6.87105590e-02  9.28054915e-01  6.58497672e-01
  3.08695990e-01  1.06207827e-03 -7.75626826e-01  2.50427860e-04]","[ 0.         -1.72273707 13.45673943  2.19189477  3.54687047  0.87653202
 -2.94872856 -0.23713863]"
1747421925.4820232,"[ 0.          0.62257995  0.83235995 -2.9949148  -2.36839523  0.80956429
  0.86777753  1.52674045]","[ 0.00000000e+00  6.37430062e-02  9.24543670e-01  6.55256472e-01
  3.17364546e-01  1.11368546e-03 -7.70858169e-01  2.46196385e-04]","[ 0.         -1.74762285 13.53697777  2.23130322  3.48909402  0.87530452
 -2.96934128 -0.21605659]"
1747421925.483806,"[ 0.          0.62269746  0.83417695 -2.9935675  -2.36773823  0.80956715
  0.86619934  1.52674045]","[ 0.00000000e+00  5.56705988e-02  9.20222092e-01  6.58267175e-01
  3.22766469e-01  1.17752149e-03 -7.70638126e-01  2.42105546e-04]","[ 0.         -1.83334637 13.74370575  2.27599287  3.46329284  0.85284919
 -2.89346218 -0.22018389]"
1747421925.4856038,"[ 0.          0.62274939  0.8351518  -2.99291876 -2.36741678  0.80956815
  0.86544014  1.52674152]","[ 0.00000000e+00  5.26690081e-02  9.17812530e-01  6.57957450e-01
  3.26007669e-01  1.09020842e-03 -7.70047903e-01  2.41800252e-04]","[ 0.         -1.80658221 13.92671204  2.30036235  3.397264    0.83921337
 -2.89723444 -0.23465066]"
1747421925.486753,"[ 0.          0.62284853  0.83695596 -2.9916226  -2.36676298  0.80957001
  0.86392853  1.52674152]","[ 0.00000000e+00  4.94278371e-02  9.12929491e-01  6.56877072e-01
  3.33030192e-01  1.09020842e-03 -7.67076814e-01  2.38152368e-04]","[ 0.         -1.8906616  14.00527096  2.38025737  3.28075767  0.84070933
 -2.94703031 -0.23989394]"
1747421925.488584,"[ 0.          0.62293901  0.83882117 -2.99027557 -2.36607082  0.80957001
  0.86234841  1.52674245]","[ 0.00000000e+00  4.23623375e-02  9.10498624e-01  6.56395306e-01
  3.39242415e-01  9.28071263e-04 -7.73829258e-01  2.51376530e-04]","[ 0.         -1.94016683 14.08299923  2.37480569  3.1694324   0.81563967
 -3.02969289 -0.23023263]"
1747421925.489773,"[ 0.          0.62297576  0.8397152  -2.98962682 -2.3657358   0.80957094
  0.86157975  1.52674245]","[ 0.00000000e+00  3.72734528e-02  9.05798544e-01  6.57957450e-01
  3.39782637e-01  9.22688960e-04 -7.79501326e-01  2.47406560e-04]","[ 0.         -1.96492636 14.17953682  2.3308475   3.14788795  0.81793255
 -3.18643808 -0.23292343]"
1747421925.49156,"[ 0.          0.62303728  0.84156436 -2.98832321 -2.36503592  0.80957194
  0.85998445  1.52674245]","[ 0.00000000e+00  2.80860672e-02  9.01011046e-01  6.61738806e-01
  3.42753693e-01  8.67544881e-04 -7.79388341e-01  2.30063991e-04]","[ 0.         -2.05642724 14.12410831  2.30583191  3.12037134  0.83940041
 -3.07560849 -0.23741066]"
1747421925.4927251,"[ 0.          0.62306072  0.84245013 -2.98767153 -2.3646953   0.80957194
  0.85921959  1.52674338]","[ 0.00000000e+00  2.37685775e-02  8.98344223e-01  6.60928539e-01
  3.45104665e-01  7.86843038e-04 -7.75719970e-01  2.42841443e-04]","[ 0.         -2.06378198 13.81390572  2.3540082   3.08882809  0.83271343
 -2.95307589 -0.25206155]"
1747421925.4944727,"[ 0.          0.62309561  0.84421527 -2.98631838 -2.36400767  0.80957194
  0.85770225  1.52674338]","[ 0.00000000e+00  1.53799571e-02  8.94022645e-01  6.60528665e-01
  3.50856626e-01  5.81782819e-04 -7.68967525e-01  2.39356951e-04]","[ 0.         -2.12971354 13.67260265  2.38152957  3.0446279   0.8137356
 -2.77963471 -0.26333827]"
1747421925.4956353,"[ 0.          0.62310799  0.8451589  -2.98566404 -2.36363403  0.80957194
  0.85688886  1.52674431]","[ 0.00000000e+00  1.15353491e-02  8.87636851e-01  6.63629517e-01
  3.51828148e-01  4.49030839e-04 -7.65846899e-01  2.48097480e-04]","[ 0.         -2.13593841 13.82464504  2.33709478  3.03522086  0.79460877
 -2.83973455 -0.26029179]"
1747421925.4974039,"[ 0.          0.62311718  0.8469034  -2.98430583 -2.36293282  0.80957194
  0.85537252  1.52674525]","[ 0.00000000e+00  2.70097486e-03  8.82192018e-01  6.64536390e-01
  3.55718360e-01  2.84092157e-04 -7.69777791e-01  2.60344461e-04]","[ 0.         -2.20306444 13.55128574  2.32010627  3.03023148  0.7776559
 -2.9462347  -0.24779306]"
1747421925.499175,"[ 0.          0.62311671  0.84776846 -2.98364909 -2.36255252  0.80957194
  0.85461146  1.52674525]","[ 0.00000000e+00 -5.40194952e-04  8.77276622e-01  6.66060384e-01
  3.57760505e-01  2.84092157e-04 -7.71156443e-01  2.56477774e-04]","[ 0.         -2.25299716 13.38160038  2.33747721  3.01342225  0.7776559
 -3.04942775 -0.2321467 ]"
1747421925.500981,"[ 0.          0.62311032  0.84955471 -2.98233669 -2.36183586  0.80957194
  0.85304086  1.52674618]","[ 0.00000000e+00 -2.28220786e-03  8.70476906e-01  6.64980006e-01
  3.65441894e-01  1.42873456e-04 -7.67076814e-01  2.56184800e-04]","[ 0.         -2.29872561 13.31685925  2.30040622  3.05627036  0.77166897
 -2.92223573 -0.22031914]"
1747421925.5027637,"[ 0.          0.62310799  0.85138643 -2.98097155 -2.36108033  0.80957288
  0.85153204  1.52674711]","[ 0.00000000e+00 -2.18563342e-03  8.59118990e-01  6.66870650e-01
  3.70134251e-01  2.07617090e-04 -7.62522076e-01  2.64360610e-04]","[ 0.         -2.41773152 13.35083103  2.26609325  3.13012314  0.76545662
 -2.97801137 -0.22705068]"
1747421925.5039244,"[ 0.          0.62310892  0.85229471 -2.98031268 -2.36071387  0.80957288
  0.85072444  1.52674711]","[ 0.00000000e+00 -1.51941116e-03  8.55120453e-01  6.68221139e-01
  3.71277579e-01  2.07602380e-04 -7.60329961e-01  2.49640875e-04]","[ 0.         -2.48235035 13.3353796   2.23807645  3.1431582   0.79003221
 -2.89097095 -0.21937472]"
1747421925.505673,"[ 0.          0.62311125  0.8539689  -2.97899282 -2.35997511  0.80957288
  0.84923374  1.52674817]","[ 0.00000000e+00  2.12755037e-04  8.47025708e-01  6.69841739e-01
  3.75975695e-01  1.32110605e-04 -7.53571990e-01  2.61180844e-04]","[ 0.         -2.58491373 13.43217468  2.24932837  3.23741055  0.81404608
 -2.92530584 -0.19783768]"
1747421925.5074434,"[ 0.          0.62311079  0.85480147 -2.97828176 -2.35959987  0.80957288
  0.84849644  1.52674817]","[ 0.00000000e+00  8.88608951e-05  8.44324730e-01  6.68921950e-01
  3.80567351e-01  7.54971222e-05 -7.47629812e-01  2.61180844e-04]","[ 0.         -2.63808751 13.54566002  2.19582772  3.3269875   0.78806686
 -2.92946982 -0.17094977]"
1747421925.5091555,"[ 0.          0.62310846  0.85651655 -2.97696376 -2.35881078  0.80957288
  0.84698103  1.52674911]","[ 0.00000000e+00  0.00000000e+00  8.35309730e-01  6.67951028e-01
  3.87319796e-01  7.02125256e-05 -7.37906278e-01  2.68896778e-04]","[ 0.         -2.70146513 13.67381573  2.20928192  3.36621785  0.76257461
 -2.99152875 -0.17314854]"
1747421925.5109572,"[ 0.          0.62310752  0.85815493 -2.97559037 -2.35803793  0.80957288
  0.84552455  1.52675004]","[ 0.00000000e+00 -1.17023450e-04  8.28929129e-01  6.71557947e-01
  3.92593654e-01  6.62354325e-05 -7.38986722e-01  2.65225731e-04]","[ 0.         -2.76734567 13.77387333  2.15552306  3.3543787   0.7303648
 -3.07270026 -0.20911165]"
1747421925.5127738,"[ 0.          0.62310799  0.85896952 -2.9749283  -2.35761715  0.80957288
  0.84479584  1.52675097]","[ 0.00000000e+00  0.00000000e+00  8.26228151e-01  6.71462340e-01
  3.96214155e-01  6.62354325e-05 -7.38986722e-01  2.76276793e-04]","[ 0.         -2.78756976 13.58440304  2.19371128  3.36641407  0.74838424
 -3.08407211 -0.21337938]"
1747421925.5144727,"[ 0.          0.62310799  0.86064878 -2.97360578 -2.35682513  0.80957288
  0.84329189  1.52675097]","[ 0.00000000e+00  0.00000000e+00  8.18395329e-01  6.70111851e-01
  4.02846957e-01  6.21326584e-05 -7.30343566e-01  2.72277175e-04]","[ 0.         -2.87655234 13.69548512  2.12395501  3.32813907  0.78575683
 -2.99685812 -0.19982237]"
1747421925.5161366,"[ 0.          0.62310619  0.86225273 -2.97223239 -2.35599156  0.80957288
  0.84187156  1.5267519 ]","[ 0.00000000e+00 -1.42046078e-04  8.12723328e-01  6.69571628e-01
  4.08657475e-01  5.87570034e-05 -7.17191678e-01  2.75755409e-04]","[ 0.         -2.93219972 13.78116035  2.07853842  3.20695329  0.82184207
 -2.92165995 -0.18890476]"
1747421925.517876,"[ 0.          0.62310433  0.86390256 -2.97091199 -2.35518036  0.80957288
  0.84040462  1.52675284]","[ 0.00000000e+00 -2.46981030e-04  8.03810061e-01  6.70381962e-01
  4.12560604e-01  5.57234111e-05 -7.14948032e-01  2.85862840e-04]","[ 0.         -3.00693107 13.89306068  2.04040623  3.02765584  0.83108038
 -2.89945936 -0.17423247]"
1747421925.5195744,"[ 0.          0.62310386  0.86390256 -2.97025099 -2.35473961  0.80957288
  0.83970355  1.52675284]","[ 0.00000000e+00 -2.64958196e-04  8.03810061e-01  6.70381962e-01
  4.15021798e-01  5.29903226e-05 -7.10896565e-01  2.72189107e-04]","[ 0.         -3.05277109 13.89306068  1.9898591   2.96472239  0.83150274
 -2.83046055 -0.15845221]"
1747421925.5213468,"[ 0.          0.62310246  0.86547902 -2.96888746 -2.35391349  0.80957381
  0.83826324  1.5267539 ]","[ 0.00000000e+00 -3.08457252e-04  7.98408171e-01  6.63496758e-01
  4.20811876e-01  8.83974020e-05 -6.98640897e-01  2.71898621e-04]","[ 0.         -3.10446954 14.02308559  1.93925607  2.87001085  0.83938283
 -2.88224626 -0.16663252]"
1747421925.5230002,"[ 0.          0.6231002   0.86710454 -2.96752658 -2.35304237  0.80957381
  0.83689624  1.52675483]","[ 0.00000000e+00 -3.84179843e-04  7.91932895e-01  6.63533377e-01
  4.26807917e-01  8.41593039e-05 -6.93610319e-01  2.78672858e-04]","[ 0.         -3.18263054 14.28917217  1.85441828  2.87258267  0.82872748
 -3.02658653 -0.16955574]"
1747421925.524729,"[ 0.          0.62309927  0.86788239 -2.96687357 -2.35262026  0.80957381
  0.83621221  1.52675483]","[ 0.00000000e+00 -4.12273364e-04  7.88954748e-01  6.62279028e-01
  4.27670748e-01  8.05693192e-05 -6.92907577e-01  2.68474092e-04]","[ 0.         -3.21987891 14.37964439  1.83150971  2.78434849  0.86330026
 -3.21134591 -0.15489738]"
1747421925.5259109,"[ 0.          0.623097    0.86949    -2.96556889 -2.35177231  0.80957381
  0.83477863  1.52675577]","[ 0.00000000e+00 -4.71906001e-04  7.83902199e-01  6.61068355e-01
  4.31075566e-01  4.60396087e-05 -7.02253409e-01  2.75206620e-04]","[ 0.         -3.31330895 14.56935883  1.78256118  2.75819063  0.85635555
 -3.17151308 -0.14473246]"
1747421925.527592,"[ 0.          0.62309374  0.87102964 -2.9642216  -2.35088175  0.80957381
  0.83340211  1.5267567 ]","[ 0.00000000e+00 -5.67591669e-04  7.79501326e-01  6.55671858e-01
  4.36337107e-01  4.41596980e-05 -6.95066136e-01  2.85088891e-04]","[ 0.         -3.42307758 14.58635235  1.73428106  2.7770555   0.87058741
 -2.80417991 -0.11039162]"
1747421925.529321,"[ 0.          0.62309101  0.87262122 -2.9629313  -2.35001489  0.80957381
  0.83199702  1.52675763]","[ 0.00000000e+00 -6.24102179e-04  7.77361942e-01  6.54986361e-01
  4.40082643e-01  4.24239132e-05 -6.84967229e-01  2.90928665e-04]","[ 0.         -3.52050281 14.68878841  1.67989743  2.90586686  0.86636496
 -2.78109336 -0.12794398]"
1747421925.531041,"[ 0.          0.62308961  0.87338348 -2.96228681 -2.34957867  0.80957381
  0.83132351  1.52675856]","[ 0.00000000e+00 -7.02114984e-04  7.73018992e-01  6.53635872e-01
  4.42419667e-01  4.24239132e-05 -6.83076518e-01  3.00629958e-04]","[ 0.         -3.53645205 14.90557575  1.64136398  3.05962706  0.81321782
 -2.76460648 -0.13786298]"
1747421925.533376,"[ 0.          0.62308735  0.87490474 -2.9609547  -2.34866254  0.80957381
  0.82990984  1.52675856]","[ 0.00000000e+00 -1.07809091e-03  7.70858169e-01  6.49044249e-01
  4.49442190e-01  4.08209857e-05 -6.91619406e-01  2.96803939e-04]","[ 0.         -3.59087062 14.84251976  1.61371768  3.21069717  0.83232528
 -2.97786975 -0.1307774 ]"
1747421925.5352879,"[ 0.          0.62308369  0.87647661 -2.95967798 -2.34766385  0.80957381
  0.82855515  1.52675949]","[ 0.00000000e+00 -1.31412150e-03  7.65996436e-01  6.46073160e-01
  4.54536217e-01  3.92232556e-05 -6.84156896e-01  2.93880151e-04]","[ 0.         -3.67854333 14.7909193   1.57929552  3.21848798  0.83472484
 -2.85503173 -0.10723245]"
1747421925.5374937,"[ 0.          0.62308003  0.87798229 -2.95836238 -2.34676184  0.80957381
  0.82721858  1.52676149]","[ 0.00000000e+00 -1.46087923e-03  7.61712608e-01  6.40941315e-01
  4.58355424e-01  3.79516344e-05 -6.75243695e-01  3.12050179e-04]","[ 0.         -3.77678537 14.69738579  1.51715922  3.2964108   0.809457
 -2.64741325 -0.09576255]"
1747421925.5392938,"[ 0.          0.62307543  0.87953478 -2.95704917 -2.34581136  0.80957381
  0.82582495  1.52676149]","[ 0.00000000e+00 -1.70221026e-03  7.57353346e-01  6.41214955e-01
  4.65677019e-01  3.78504980e-05 -6.82266251e-01  3.08214831e-04]","[ 0.         -3.81158257 14.5219574   1.43967998  3.51724076  0.81161767
 -2.96082091 -0.10480825]"
1747421925.541043,"[ 0.          0.62307084  0.88102256 -2.95579376 -2.34488564  0.80957381
  0.82447599  1.52676242]","[ 0.00000000e+00 -1.94692771e-03  7.52221501e-01  6.35269248e-01
  4.70779902e-01  3.65680715e-05 -6.82266251e-01  3.16926898e-04]","[ 0.         -3.86328936 14.41276264  1.42320693  3.7076807   0.84703815
 -2.97048616 -0.1042648 ]"
1747421925.5433033,"[ 0.          0.62306485  0.88255394 -2.95449573 -2.34391465  0.80957381
  0.82309468  1.52676336]","[ 0.00000000e+00 -2.44221677e-03  7.46549434e-01  6.33441121e-01
  4.76460059e-01  3.53708681e-05 -6.70652006e-01  3.18599111e-04]","[ 0.         -3.95074797 14.44409752  1.41259861  3.78137302  0.84616309
 -2.59285426 -0.10468433]"
1747421925.5444963,"[ 0.          0.62305752  0.88401648 -2.95325497 -2.34296763  0.80957381
  0.82179619  1.52676522]","[ 0.00000000e+00 -2.93956834e-03  7.40607256e-01  6.28343831e-01
  4.80556200e-01  3.42495739e-05 -6.56066738e-01  3.35740837e-04]","[ 0.         -4.06191397 14.3194828   1.43126535  3.86740971  0.83432966
 -2.56008315 -0.06147279]"
1747421925.546798,"[ 0.          0.62305752  0.88480078 -2.95263498 -2.34249066  0.80957381
  0.82109884  1.52676522]","[ 0.00000000e+00 -2.93956834e-03  7.38513146e-01  6.28149819e-01
  4.83744570e-01  3.42495739e-05 -6.56511819e-01  3.31843591e-04]","[ 0.         -4.06191397 14.35134602  1.38862097  3.91573405  0.83427018
 -2.57843852 -0.04776234]"
1747421925.547903,"[ 0.          0.62304833  0.88624861 -2.95135347 -2.34149597  0.80957381
  0.81980314  1.52676522]","[ 0.00000000e+00 -4.10634135e-03  7.31222543e-01  6.24162668e-01
  4.87255848e-01  3.31177162e-05 -6.57147183e-01  3.28578943e-04]","[ 0.         -4.13251257 14.37630939  1.38444376  4.0824008   0.78999352
 -2.9849093  -0.08548322]"
1747421925.5502791,"[ 0.          0.62303548  0.88768406 -2.95013241 -2.34052765  0.80957381
  0.81851131  1.52676722]","[ 0.00000000e+00 -5.88107424e-03  7.27840594e-01  6.18523224e-01
  4.92657804e-01  3.22075414e-05 -6.53095716e-01  3.47637677e-04]","[ 0.         -4.15586138 14.28844929  1.40325308  4.1332674   0.81265223
 -2.90634155 -0.112395  ]"
1747421925.5520756,"[ 0.          0.62301937  0.88916397 -2.94886741 -2.33951325  0.80957381
  0.81718898  1.52676815]","[ 0.00000000e+00 -8.09881748e-03  7.20349988e-01  6.16310071e-01
  4.96439160e-01  3.12055665e-05 -6.43372182e-01  3.48826022e-04]","[ 0.         -4.2124424  14.34655857  1.39074123  4.03184652  0.83451796
 -2.71058512 -0.08149024]"
1747421925.5538807,"[ 0.          0.6229978   0.89057691 -2.9476578  -2.33902243  0.80957381
  0.81592758  1.52676908]","[ 0.00000000e+00 -1.13440936e-02  7.14948032e-01  6.12311002e-01
  4.97789649e-01  3.03295407e-05 -6.38510448e-01  3.53262955e-04]","[ 0.         -4.28083706 14.29343605  1.3901552   3.94277954  0.82438308
 -2.8233614  -0.02759473]"
1747421925.555035,"[ 0.          0.62298588  0.89133232 -2.94705406 -2.33853001  0.80957381
  0.81524834  1.52676908]","[ 0.00000000e+00 -1.21543863e-02  7.11179326e-01  6.12311002e-01
  4.99410249e-01  2.94385789e-05 -6.39459599e-01  3.53270269e-04]","[ 0.         -4.28711891 14.04238129  1.39273632  3.95660305  0.82228929
 -2.96089554 -0.05422033]"
1747421925.556772,"[ 0.          0.62295326  0.89272455 -2.94580877 -2.3375023   0.80957381
  0.81400304  1.52677001]","[ 0.00000000e+00 -1.68014870e-02  7.04684342e-01  6.06608908e-01
  5.03013672e-01  2.86577118e-05 -6.29057025e-01  3.64593353e-04]","[ 0.         -4.29722452 14.03237343  1.38622284  3.85835838  0.81341136
 -2.84030676 -0.07467124]"
1747421925.5579593,"[ 0.          0.62293488  0.89341744 -2.94521408 -2.33700615  0.80957381
  0.81339325  1.52677095]","[ 0.00000000e+00 -1.86367264e-02  7.02793631e-01  6.02516561e-01
  5.02681776e-01  0.00000000e+00 -6.18523224e-01  3.68360269e-04]","[ 0.         -4.29257441 14.20230103  1.48637044  3.71249342  0.82071143
 -2.67135048 -0.11452291]"
1747421925.5596998,"[ 0.          0.62289034  0.8948451  -2.94398051 -2.33597231  0.80957381
  0.81214709  1.52677281]","[ 0.00000000e+00 -2.32048487e-02  6.94526513e-01  6.02095049e-01
  5.05549201e-01  0.00000000e+00 -6.03326029e-01  3.96212701e-04]","[ 0.         -4.36011124 14.42461395  1.43202937  3.55226922  0.85594845
 -2.5914588  -0.11272296]"
1747421925.5614974,"[ 0.          0.62283755  0.89620704 -2.94280153 -2.3349699   0.80957381
  0.81096744  1.52677387]","[ 0.00000000e+00 -2.70097486e-02  6.89288741e-01  5.95564912e-01
  5.09133750e-01  0.00000000e+00 -5.98265890e-01  3.97423803e-04]","[ 0.         -4.40077543 14.56157684  1.39744985  3.55271411  0.8967585
 -2.81801581 -0.03835176]"
1747421925.563299,"[ 0.          0.62280952  0.89693441 -2.94221457 -2.33446762  0.80957381
  0.81037382  1.52677387]","[ 0.00000000e+00 -2.83602355e-02  6.84848652e-01  5.94691661e-01
  5.08887707e-01  0.00000000e+00 -6.01437248e-01  3.93111250e-04]","[ 0.         -4.40158701 14.52340794  1.30776405  3.58866024  0.8855384
 -2.99747086 -0.0525417 ]"
1747421925.5650954,"[ 0.          0.62274753  0.89828164 -2.9410015  -2.3334226   0.80957381
  0.80914471  1.52677481]","[ 0.00000000e+00 -3.07599142e-02  6.81726029e-01  5.91312043e-01
  5.11294505e-01  0.00000000e+00 -6.00627781e-01  3.97423803e-04]","[ 0.         -4.46824598 14.7710247   1.39044142  3.52850366  0.85320705
 -2.9179194  -0.05583253]"
1747421925.5668044,"[ 0.          0.62268282  0.89966702 -2.93984142 -2.33241086  0.80957381
  0.80796606  1.52677574]","[ 0.00000000e+00 -3.34581521e-02  6.74163318e-01  5.88272311e-01
  5.14265594e-01  0.00000000e+00 -5.97185512e-01  4.06843597e-04]","[ 0.         -4.49891806 15.00768089  1.43050849  3.44041634  0.85546142
 -2.80702758 -0.10033691]"
1747421925.568552,"[ 0.          0.62264373  0.90033054 -2.93926192 -2.33190433  0.80957381
  0.80733629  1.52677667]","[ 0.00000000e+00 -3.68629640e-02  6.72400971e-01  5.87732089e-01
  5.13725405e-01  0.00000000e+00 -5.93067399e-01  4.24010681e-04]","[ 0.         -4.51597929 14.97708225  1.45216584  3.39723945  0.86779916
 -2.78777695 -0.08457014]"
1747421925.5696957,"[ 0.          0.62255925  0.90165074 -2.93806616 -2.33084865  0.80957381
  0.80617954  1.52677667]","[ 0.00000000e+00 -4.48361812e-02  6.68221139e-01  5.81789977e-01
  5.16696461e-01  0.00000000e+00 -5.85571333e-01  4.18782309e-04]","[ 0.         -4.50773478 14.93177223  1.40541887  3.36611128  0.91911381
 -2.92469311 -0.01797747]"
1747421925.5714605,"[ 0.          0.62245824  0.90301175 -2.93692739 -2.32982706  0.80957381
  0.80498465  1.5267776 ]","[ 0.00000000e+00 -5.28854690e-02  6.64169672e-01  5.76658132e-01
  5.18317061e-01  0.00000000e+00 -5.78980742e-01  4.37578303e-04]","[ 0.         -4.50594425 14.86526108  1.3958025   3.35733175  0.90148842
 -2.9172473  -0.05165071]"
1747421925.5732977,"[ 0.          0.62239859  0.90366336 -2.93631726 -2.32927552  0.80957381
  0.8044158   1.52677854]","[ 0.00000000e+00 -5.61721344e-02  6.60928539e-01  5.74510559e-01
  5.19341480e-01  0.00000000e+00 -5.77513939e-01  4.42591658e-04]","[ 0.         -4.49754286 15.07997131  1.42308271  3.2827611   0.86964697
 -2.85551763 -0.07777661]"
1747421925.5766985,"[ 0.          0.62228101  0.90500652 -2.93518995 -2.3282534   0.80957481
  0.80328275  1.52678053]","[ 0.00000000e+00 -6.10420282e-02  6.54176094e-01  5.69905687e-01
  5.19667550e-01  1.96119895e-05 -5.73146821e-01  4.54305764e-04]","[ 0.         -4.45213366 14.91631031  1.43446505  3.17698598  0.90602523
 -2.65628886 -0.09935924]"
1747421925.5783591,"[ 0.          0.62207801  0.90697599 -2.93346422 -2.32667388  0.80957481
  0.80155044  1.52678333]","[ 0.00000000e+00 -7.01491195e-02  6.47233366e-01  5.67169622e-01
  5.22098417e-01  1.89501633e-05 -5.70175799e-01  4.85743255e-04]","[ 0.         -4.42637491 14.62713242  1.3902086   3.14295673  0.93562675
 -2.92710876 -0.04995531]"
1747421925.5800924,"[ 0.          0.62193021  0.90823966 -2.93235581 -2.32564244  0.80957481
  0.80037272  1.52678519]","[ 0.00000000e+00 -7.64375836e-02  6.38403123e-01  5.61262531e-01
  5.23448906e-01  1.85987927e-05 -5.75262836e-01  4.99889446e-04]","[ 0.         -4.41980886 14.56907082  1.42028153  3.24323511  0.91674161
 -3.05592561 -0.06564944]"
1747421925.581793,"[ 0.          0.6217575   0.90949142 -2.93120879 -2.32456706  0.80957481
  0.79923402  1.52678812]","[ 0.00000000e+00 -8.77689595e-02  6.32838381e-01  5.59965971e-01
  5.25339584e-01  1.82843487e-05 -5.78818888e-01  5.45482230e-04]","[ 0.         -4.40742111 14.50081158  1.43572509  3.33839607  0.87406325
 -2.92123294 -0.09972841]"
1747421925.5829873,"[ 0.          0.62166476  0.91015814 -2.93065671 -2.32404907  0.80957481
  0.79866324  1.52678999]","[ 0.00000000e+00 -9.39939238e-02  6.27924250e-01  5.59912042e-01
  5.24807318e-01  1.82605275e-05 -5.78818888e-01  5.71782507e-04]","[ 0.         -4.38408947 14.52178574  1.45628667  3.3286047   0.87277192
 -2.75814199 -0.0834727 ]"
1747421925.584726,"[ 0.          0.62146315  0.91138832 -2.92955922 -2.32296863  0.80957381
  0.79748645  1.52679478]","[ 0.         -0.10479782  0.62257469  0.55532042  0.52786762  0.
 -0.57314682  0.00066403]","[ 0.         -4.30301476 14.43934536  1.47391021  3.35335255  0.86421913
 -2.65095282 -0.05008699]"
1747421925.5859087,"[ 0.          0.62134611  0.91204452 -2.92897067 -2.32244638  0.80957381
  0.79692519  1.52679664]","[ 0.         -0.11033813  0.61731222  0.5541983   0.52966116  0.
 -0.56878862  0.00072861]","[ 0.         -4.24319172 14.40620518  1.36639237  3.4398396   0.85991293
 -2.72879982 -0.05194863]"
1747421925.5876424,"[ 0.          0.62111601  0.91325034 -2.9278833  -2.3213955   0.80957381
  0.7957789   1.5268033 ]","[ 0.         -0.11818283  0.6090698   0.55045865  0.5337126   0.
 -0.55545215  0.00088072]","[ 0.         -4.15158844 14.36544418  1.36236393  3.56714845  0.80974668
 -2.72632003 -0.05791701]"
1747421925.5888333,"[ 0.          0.62099437  0.91384728 -2.92734241 -2.32086872  0.80957381
  0.79523661  1.52680716]","[ 0.         -0.12355986  0.60555856  0.54801217  0.53425282  0.
 -0.54991846  0.00101855]","[ 0.         -4.1086731  14.34988499  1.45042562  3.51042891  0.79556638
 -2.66992044 -0.03730064]"
1747421925.5906236,"[ 0.          0.62072253  0.91507287 -2.92621882 -2.3197731   0.80957381
  0.79416169  1.52681848]","[ 0.         -0.13528758  0.59682891  0.54937827  0.53560331  0.
 -0.54235572  0.00158972]","[ 0.         -4.04563093 14.29517841  1.4688673   3.48205328  0.79820043
 -2.55059719 -0.0554242 ]"
1747421925.5923305,"[ 0.          0.62058152  0.91565697 -2.92567767 -2.31924313  0.80957381
  0.79358991  1.52682607]","[ 0.         -0.14315167  0.59172363  0.54883809  0.53749399  0.
 -0.53839989  0.00229833]","[ 0.         -4.0313201  14.32690907  1.43896699  3.50644708  0.79130417
 -2.51237249 -0.05639655]"
1747421925.5941756,"[ 0.          0.62028584  0.91685725 -2.92455967 -2.31813978  0.80957381
  0.79252731  1.52684711]","[ 0.         -0.15233498  0.58454129  0.54441834  0.5391522   0.
 -0.53830429  0.00548997]","[ 0.         -3.94121218 14.29189587  1.48258972  3.4667654   0.77202219
 -2.61020112 -0.06575174]"
1747421925.5953352,"[ 0.          0.61996346  0.91800481 -2.92348429 -2.31706813  0.80957288
  0.79140479  1.5268832 ]","[ 0.00000000e+00 -1.59519305e-01  5.81249755e-01  5.45866997e-01
  5.45596886e-01 -1.51481652e-05 -5.50938321e-01  1.60257830e-02]","[ 0.         -3.80074167 14.09187603  1.51929903  3.47549653  0.75406915
 -2.73045039 -0.07791688]"
1747421925.5970693,"[ 0.          0.61980181  0.91857739 -2.92294526 -2.31648436  0.80957288
  0.79085585  1.5269061 ]","[ 0.00000000e+00 -1.63783059e-01  5.80709599e-01  5.46677297e-01
  5.49684472e-01 -1.51481652e-05 -5.56106884e-01  2.17428461e-02]","[ 0.         -3.71793246 13.81527805  1.58372974  3.41028786  0.73403823
 -2.66423607 -0.06080551]"
1747421925.5988462,"[ 0.          0.61945427  0.91976396 -2.92182061 -2.31539619  0.80957288
  0.78973332  1.52695737]","[ 0.00000000e+00 -1.71274864e-01  5.78818888e-01  5.49378275e-01
  5.52349331e-01 -1.49225964e-05 -5.74227266e-01  2.48489678e-02]","[ 0.         -3.64500213 13.4615984   1.63946795  3.26024222  0.73896986
 -2.67915869 -0.10333722]"
1747421925.6005075,"[ 0.          0.61928156  0.92033381 -2.92127599 -2.31484785  0.80957288
  0.78911787  1.5269812 ]","[ 0.00000000e+00 -1.75023163e-01  5.77422992e-01  5.52349331e-01
  5.56130686e-01 -1.49228047e-05 -5.79525891e-01  2.42841426e-02]","[ 0.         -3.54919314 13.47541332  1.58531773  3.20196748  0.73838115
 -2.50629592 -0.12948132]"
1747421925.6022882,"[ 0.          0.6189239   0.92151206 -2.92013989 -2.31370083  0.80957288
  0.78796485  1.5270306 ]","[ 0.00000000e+00 -1.83210370e-01  5.74761296e-01  5.55320420e-01
  5.60992487e-01 -1.47349670e-05 -5.87732089e-01  2.32283823e-02]","[ 0.         -3.43798113 13.08022308  1.58157873  3.20034289  0.72688711
 -2.44823408 -0.14552236]"
1747421925.6039994,"[ 0.          0.61853634  0.92263984 -2.91904666 -2.31258683  0.80957288
  0.78679473  1.52707734]","[ 0.00000000e+00 -1.91423159e-01  5.70445843e-01  5.55050309e-01
  5.65854221e-01 -1.45214491e-05 -5.94817695e-01  2.32283823e-02]","[ 0.         -3.29413986 12.69816303  1.60013938  3.28404188  0.70689499
 -2.44549441 -0.1452585 ]"
1747421925.6057045,"[ 0.          0.61814739  0.92379792 -2.9179015  -2.31141823  0.80957194
  0.7855752   1.52711915]","[ 0.00000000e+00 -1.99331932e-01  5.64229026e-01  5.59614567e-01
  5.71501320e-01 -2.50754968e-05 -5.96375245e-01  2.02573099e-02]","[ 0.         -3.17854524 12.37364483  1.59571421  3.31563282  0.69178009
 -2.4868536  -0.16028878]"
1747421925.6068528,"[ 0.          0.61793021  0.92435172 -2.91734863 -2.31085231  0.80957194
  0.7849873   1.52713527]","[ 0.00000000e+00 -2.04627062e-01  5.61802754e-01  5.61291626e-01
  5.73957154e-01 -2.47472810e-05 -5.96375245e-01  1.62058481e-02]","[ 0.         -3.11435509 12.12790108  1.67234528  3.3132081   0.66755074
 -2.51759195 -0.14708252]"
1747421925.6085684,"[ 0.          0.61751921  0.92545241 -2.91623809 -2.30971647  0.80957094
  0.78375819  1.5271591 ]","[ 0.00000000e+00 -2.09922924e-01  5.56400798e-01  5.63693465e-01
  5.77468399e-01 -3.88885847e-05 -6.01437248e-01  9.43294259e-03]","[ 0.         -3.00470924 11.9145956   1.67720342  3.35308862  0.61919004
 -2.44557977 -0.1602135 ]"
1747421925.6101913,"[ 0.          0.61731169  0.92599516 -2.91563808 -2.30914416  0.80957094
  0.78316078  1.52716296]","[ 0.00000000e+00 -2.10405938e-01  5.49900920e-01  5.64981369e-01
  5.80439488e-01 -3.83856416e-05 -6.05828668e-01  4.46518020e-03]","[ 0.         -2.96213031 11.89835167  1.69742799  3.40956426  0.59582287
 -2.37743831 -0.18949915]"
1747421925.6113713,"[ 0.          0.61686947  0.92711329 -2.91443726 -2.30794653  0.80957094
  0.78190696  1.52716483]","[ 0.00000000e+00 -2.17428461e-01  5.43976319e-01  5.65395158e-01
  5.85787515e-01 -3.78593040e-05 -6.13630398e-01  0.00000000e+00]","[ 0.         -2.89672494 11.7434063   1.73725438  3.48557234  0.5689832
 -2.40707731 -0.20126905]"
1747421925.6131046,"[ 0.          0.61665455  0.92764452 -2.91383672 -2.30736756  0.80957001
  0.78129809  1.52716296]","[ 0.00000000e+00 -2.17968666e-01  5.38844474e-01  5.65482909e-01
  5.87788082e-01 -4.81845676e-05 -6.17442847e-01 -8.46984445e-04]","[ 0.         -2.88393044 11.63059711  1.6620512   3.58873916  0.56425548
 -2.43101931 -0.17834623]"
1747421925.614257,"[ 0.          0.61619809  0.92873375 -2.91271207 -2.30615769  0.80956908
  0.78009281  1.52716296]","[ 0.00000000e+00 -2.24978240e-01  5.29391051e-01  5.71526288e-01
  5.91513445e-01 -6.11128257e-05 -6.08799690e-01 -6.14238145e-04]","[ 0.         -2.83759689 11.53702354  1.6158818   3.58703566  0.56115937
 -2.41384149 -0.20544361]"
1747421925.6160157,"[ 0.          0.61597265  0.92925307 -2.91214774 -2.30557073  0.80956908
  0.77945066  1.52716389]","[ 0.00000000e+00 -2.28502467e-01  5.26690073e-01  5.71756651e-01
  5.95294867e-01 -6.03541645e-05 -6.04033964e-01 -2.64925248e-04]","[ 0.         -2.85647655 11.4665308   1.65430951  3.47840881  0.53748113
 -2.25634432 -0.21360409]"
1747421925.6177588,"[ 0.          0.61551252  0.93031614 -2.91097595 -2.30439334  0.80956815
  0.77825963  1.52716576]","[ 0.00000000e+00 -2.35254896e-01  5.15345473e-01  5.72336554e-01
  5.97995779e-01 -6.96147286e-05 -6.02857579e-01  5.31993801e-04]","[ 0.         -2.80779624 11.47307587  1.67634189  3.43000674  0.48333105
 -2.16918445 -0.23543437]"
1747421925.6188393,"[ 0.          0.61525952  0.93081987 -2.91040976 -2.30375552  0.80956815
  0.77766601  1.52716669]","[ 0.00000000e+00 -2.38230029e-01  5.11024427e-01  5.74227266e-01
  6.00590430e-01 -6.87064759e-05 -6.02047246e-01  7.44791360e-04]","[ 0.         -2.78058958 11.48589039  1.6441009   3.4361515   0.47686872
 -2.10868311 -0.24131198]"
1747421925.6206036,"[ 0.          0.61478015  0.9318117  -2.90923318 -2.30256721  0.80956715
  0.77634754  1.52716762]","[ 0.00000000e+00 -2.44190550e-01  5.00760705e-01  5.74761296e-01
  6.02587468e-01 -8.08145043e-05 -5.99076223e-01  7.89864841e-04]","[ 0.         -2.78452349 11.38855934  1.64731705  3.38766718  0.45847428
 -2.19041467 -0.25397721]"
1747421925.6217673,"[ 0.          0.61453634  0.93230119 -2.90866673 -2.30197253  0.80956715
  0.77576151  1.52716855]","[ 0.00000000e+00 -2.47409280e-01  4.96439160e-01  5.74497310e-01
  6.03127690e-01 -8.08145043e-05 -5.94214423e-01  7.92719807e-04]","[ 0.         -2.72834015 11.27708149  1.70929587  3.27932429  0.44577885
 -2.16628456 -0.2360366 ]"
1747421925.624062,"[ 0.          0.61402295  0.93330041 -2.90752556 -2.30073017  0.80956715
  0.77455717  1.52716855]","[ 0.00000000e+00 -2.51460747e-01  4.84333728e-01  5.78818888e-01
  6.06638935e-01 -7.97859997e-05 -5.86651711e-01  5.96155957e-04]","[ 0.         -2.78668404 11.01764965  1.72680116  3.03935695  0.44989553
 -2.38647604 -0.26923871]"
1747421925.6252367,"[ 0.          0.61377128  0.93377339 -2.9069117  -2.30013175  0.80956622
  0.773974    1.52716962]","[ 0.00000000e+00 -2.55242119e-01  4.79693103e-01  5.78021271e-01
  6.06909046e-01 -8.83167789e-05 -5.90914167e-01  4.63676827e-04]","[ 0.         -2.82933593 11.11263943  1.69268763  2.97408319  0.43468991
 -2.42320371 -0.30170441]"
1747421925.6275048,"[ 0.          0.61324231  0.93470323 -2.90577507 -2.2989328   0.80956622
  0.77275727  1.52716962]","[ 0.00000000e+00 -2.59043815e-01  4.68349035e-01  5.77198288e-01
  6.07913058e-01 -8.72973282e-05 -5.95825835e-01  3.64272226e-04]","[ 0.         -2.78689647 10.89884281  1.7660948   2.63700032  0.47143212
 -2.42012548 -0.31784996]"
1747421925.629193,"[ 0.          0.61272253  0.93564499 -2.90458996 -2.29768697  0.80956622
  0.77156624  1.52716962]","[ 0.00000000e+00 -2.64425431e-01  4.56002254e-01  5.79024351e-01
  6.07179157e-01 -8.63011542e-05 -6.07719313e-01  3.21779137e-04]","[ 0.         -2.79176188 10.69290638  1.76111162  2.30553055  0.47920406
 -2.36144996 -0.36233166]"
1747421925.6309521,"[ 0.          0.61219169  0.93655652 -2.90401871 -2.29649308  0.80956622
  0.77037427  1.52716962]","[ 0.00000000e+00 -2.69557276e-01  4.41939432e-01  5.79359110e-01
  6.05828668e-01 -8.53264687e-05 -6.02857579e-01  2.36017385e-04]","[ 0.         -2.73716331 10.55234337  1.78075552  1.9905802   0.50089109
 -2.32996178 -0.34381226]"
1747421925.6327047,"[ 0.          0.61163329  0.93741246 -2.90287302 -2.29525284  0.80956622
  0.76914136  1.52716962]","[ 0.00000000e+00 -2.74419043e-01  4.31615755e-01  5.82060088e-01
  6.04675186e-01 -8.43020197e-05 -6.01236979e-01  1.17995616e-04]","[ 0.         -2.78318906 10.49957466  1.76487505  1.82528627  0.50718677
 -2.41318893 -0.38110435]"
1747421925.6338744,"[ 0.          0.61136145  0.93783304 -2.90229911 -2.29465736  0.80956622
  0.76854681  1.52716962]","[ 0.00000000e+00 -2.75490116e-01  4.26483910e-01  5.82060088e-01
  6.03937957e-01 -8.33726604e-05 -6.02857579e-01  1.17010592e-04]","[ 0.         -2.65510154 10.44389534  1.7456243   1.76986754  0.50400245
 -2.54297209 -0.40974206]"
1747421925.6356013,"[ 0.          0.61078794  0.93868625 -2.90110974 -2.29342352  0.80956529
  0.76794654  1.52716962]","[ 0.00000000e+00 -2.81711677e-01  4.13266408e-01  5.80169377e-01
  6.01342773e-01 -9.41649403e-05 -6.08182902e-01  0.00000000e+00]","[ 0.         -2.59472299 10.51146603  1.76420724  1.67287683  0.50017184
 -2.47235799 -0.41027713]"
1747421925.6367872,"[ 0.          0.61050831  0.93908666 -2.90053609 -2.2928307   0.80956529
  0.76729679  1.52716962]","[ 0.00000000e+00 -2.83602355e-01  4.05815017e-01  5.81789977e-01
  6.01236979e-01 -9.42440841e-05 -6.11875042e-01  0.00000000e+00]","[ 0.         -2.60520124 10.61249161  1.838714    1.6132555   0.47596285
 -2.52129626 -0.42056486]"
1747421925.6385577,"[ 0.          0.60993799  0.93987462 -2.8993406  -2.29165012  0.80956429
  0.76608672  1.52716962]","[ 0.00000000e+00 -2.90624878e-01  3.97313374e-01  5.84541289e-01
  5.97389909e-01 -1.04880978e-04 -6.13661491e-01  0.00000000e+00]","[ 0.         -2.47593141 10.75158215  1.80809557  1.51605392  0.44470742
 -2.47877479 -0.45744753]"
1747421925.6402636,"[ 0.          0.609628    0.94026125 -2.89876429 -2.29101495  0.80956429
  0.76543511  1.52716962]","[ 0.00000000e+00 -2.91619901e-01  3.92181530e-01  5.83898735e-01
  5.98082797e-01 -1.03676492e-04 -6.13630398e-01  0.00000000e+00]","[ 0.         -2.36704969 10.79563904  1.8342725   1.6141398   0.44724527
 -2.46242452 -0.47680739]"
1747421925.6413965,"[ 0.          0.60904896  0.94104508 -2.89761168 -2.28983704  0.80956429
  0.7642231   1.52716962]","[ 0.00000000e+00 -2.94406233e-01  3.79216862e-01  5.84761066e-01
  5.97725734e-01 -1.02581604e-04 -6.14741869e-01  0.00000000e+00]","[ 0.         -2.25617313 11.00597954  1.81542659  1.62083256  0.47791916
 -2.51092267 -0.4837659 ]"
1747421925.6431584,"[ 0.          0.6087381   0.9414138  -2.89698983 -2.28920534  0.80956335
  0.76361051  1.52716962]","[ 0.00000000e+00 -2.92646783e-01  3.73436171e-01  5.85544369e-01
  5.94822755e-01 -1.11130076e-04 -6.20594764e-01  0.00000000e+00]","[ 0.         -2.24591279 11.17236137  1.66298008  1.6107136   0.43368721
 -2.63879728 -0.49182883]"
1747421925.644344,"[ 0.          0.60815587  0.94216827 -2.89583881 -2.28803248  0.80956335
  0.76232906  1.52716962]","[ 0.00000000e+00 -2.95756722e-01  3.66623472e-01  5.82870355e-01
  5.94152038e-01 -1.09969909e-04 -6.26085936e-01  0.00000000e+00]","[ 0.         -2.14762521 11.40454292  1.61831009  1.671399    0.40632832
 -2.55031848 -0.5179733 ]"
1747421925.6461148,"[ 0.          0.60786292  0.94252686 -2.89526144 -2.28744658  0.80956335
  0.76171261  1.52716962]","[ 0.00000000e+00 -2.96806208e-01  3.63551216e-01  5.85571333e-01
  5.94214423e-01 -1.08833717e-04 -6.25275669e-01  0.00000000e+00]","[ 0.         -2.07927513 11.55509186  1.67600954  1.72710443  0.42048195
 -2.51905441 -0.54471213]"
1747421925.647249,"[ 0.          0.60724853  0.9432322  -2.89405796 -2.28623298  0.80956242
  0.76043502  1.52716962]","[ 0.00000000e+00 -3.00420617e-01  3.55088123e-01  5.87946074e-01
  5.93318202e-01 -1.18767817e-04 -6.23410391e-01  0.00000000e+00]","[ 0.         -2.00059009 11.92481041  1.553339    1.88069797  0.42073563
 -2.37466431 -0.57407475]"
1747421925.648973,"[ 0.          0.60695139  0.94357841 -2.89347898 -2.28564762  0.80956242
  0.75982523  1.52716962]","[ 0.00000000e+00 -3.01428789e-01  3.51126704e-01  5.87191933e-01
  5.93674267e-01 -1.18674272e-04 -6.18523224e-01  0.00000000e+00]","[ 0.         -2.01582861 12.03245258  1.51394463  1.90178931  0.40824255
 -2.36560225 -0.57735687]"
1747421925.6507218,"[ 0.          0.60635358  0.94428468 -2.89227816 -2.28447796  0.80956149
  0.75861136  1.52716962]","[ 0.00000000e+00 -3.03049356e-01  3.42753693e-01  5.86798185e-01
  5.92263258e-01 -1.25669767e-04 -6.16362469e-01  0.00000000e+00]","[ 0.         -1.97598529 12.37546444  1.45881534  2.01052427  0.37959355
 -2.40565729 -0.58554554]"
1747421925.652479,"[ 0.          0.60603027  0.94461991 -2.89169813 -2.28384919  0.80956149
  0.75795782  1.52716962]","[ 0.00000000e+00 -3.04146512e-01  3.40052715e-01  5.88272311e-01
  5.92064320e-01 -1.25769123e-04 -6.15385821e-01  0.00000000e+00]","[ 0.         -1.92554867 12.5139389   1.44464779  2.11892462  0.40003079
 -2.53897405 -0.60335881]"
1747421925.6536515,"[ 0.          0.60542234  0.94530774 -2.89054205 -2.28268246  0.80956149
  0.75674015  1.52716962]","[ 0.00000000e+00 -3.09261612e-01  3.34525124e-01  5.85841444e-01
  5.91513445e-01 -1.24411389e-04 -6.16362469e-01  0.00000000e+00]","[ 0.         -1.87867033 12.78406811  1.38636923  2.14269972  0.40299702
 -2.68293071 -0.64887989]"
1747421925.6554096,"[ 0.          0.60478085  0.94595702 -2.8893383  -2.28151839  0.80956149
  0.75547202  1.52716962]","[ 0.00000000e+00 -3.15215941e-01  3.28438536e-01  5.88553607e-01
  5.89622800e-01 -1.23177970e-04 -6.17442847e-01  0.00000000e+00]","[ 0.         -1.8618741  13.17463779  1.29507041  2.13816547  0.41391745
 -2.64517832 -0.63984907]"
1747421925.6571662,"[ 0.          0.60447039  0.94627799 -2.88875986 -2.28089175  0.80956149
  0.75486609  1.52716962]","[ 0.00000000e+00 -3.14933646e-01  3.25467447e-01  5.86651711e-01
  5.89503091e-01 -1.21692507e-04 -6.14471758e-01  0.00000000e+00]","[ 0.         -1.87311912 13.24605942  1.24989033  2.11441731  0.41933069
 -2.59200144 -0.62421507]"
1747421925.6582584,"[ 0.          0.60384961  0.94693972 -2.88756464 -2.27973221  0.80956149
  0.75360561  1.52716855]","[ 0.00000000e+00 -3.14614566e-01  3.22226280e-01  5.83287406e-01
  5.87191933e-01 -1.21784452e-04 -6.15385821e-01 -3.21327355e-05]","[ 0.         -1.91352677 13.50829792  1.23117864  2.16298032  0.42726785
 -2.64339995 -0.60157794]"
1747421925.66003,"[ 0.          0.60351531  0.9472579  -2.88698886 -2.2791551   0.80956149
  0.75299868  1.52716855]","[ 0.00000000e+00 -3.14714401e-01  3.22439466e-01  5.83359112e-01
  5.85301222e-01 -1.21784452e-04 -6.15552135e-01 -3.21337047e-05]","[ 0.         -1.9203018  13.63982487  1.20312691  2.209656    0.44670767
 -2.78522038 -0.65563798]"
1747421925.6617465,"[ 0.          0.60289267  0.94791317 -2.88583811 -2.27795881  0.80956149
  0.75179047  1.52716855]","[ 0.00000000e+00 -3.16284135e-01  3.18977490e-01  5.82870355e-01
  5.83410577e-01 -1.21693710e-04 -6.09262148e-01 -3.12046522e-05]","[ 0.         -1.92899108 13.82278347  1.11694193  2.134655    0.43603867
 -2.70440936 -0.69767427]"
1747421925.6628394,"[ 0.          0.60257855  0.94822729 -2.88522052 -2.2773849   0.80956149
  0.75114745  1.52716855]","[ 0.00000000e+00 -3.18715035e-01  3.18715035e-01  5.81532050e-01
  5.81470331e-01 -1.21784452e-04 -6.05355091e-01 -3.11362465e-05]","[ 0.         -1.95835328 13.82427692  1.1517626   2.10873508  0.44823936
 -2.54859042 -0.70235497]"
1747421925.6645844,"[ 0.          0.60191868  0.94884901 -2.88407376 -2.27619872  0.80956149
  0.7499678   1.52716855]","[ 0.00000000e+00 -3.23576769e-01  3.14933646e-01  5.81249755e-01
  5.77468399e-01 -1.21692507e-04 -5.96375245e-01 -3.03286772e-05]","[ 0.         -1.98228705 13.82861805  1.14256001  1.99445164  0.48693278
 -2.47087646 -0.70922816]"
1747421925.6679294,"[ 0.          0.60159864  0.94915667 -2.88350252 -2.27563067  0.80956149
  0.74938557  1.52716762]","[ 0.00000000e+00 -3.24657180e-01  3.11962590e-01  5.78772083e-01
  5.76117910e-01 -1.21693710e-04 -5.90433067e-01 -6.05263866e-05]","[ 0.         -2.00604081 13.85460567  1.07871699  1.82154894  0.50227678
 -2.63256049 -0.72419608]"
1747421925.6690145,"[ 0.          0.60060035  0.95009524 -2.88175495 -2.27389589  0.80956049
  0.74760571  1.52716762]","[ 0.00000000e+00 -3.30763609e-01  3.08181234e-01  5.75577688e-01
  5.68993621e-01 -1.32274460e-04 -5.88328770e-01 -5.73154236e-05]","[ 0.         -2.0191505  13.70262241  1.07446909  1.63576257  0.52326602
 -2.84623837 -0.67979145]"
1747421925.6708283,"[ 0.          0.59994002  0.95070091 -2.88062071 -2.27278109  0.80956049
  0.74639757  1.52716762]","[ 0.00000000e+00 -3.35390984e-01  3.06290523e-01  5.75037532e-01
  5.64773843e-01 -1.32374402e-04 -5.90308964e-01 -5.73169637e-05]","[ 0.         -2.0897274  13.63550377  1.0722568   1.53365767  0.55689418
 -2.79936004 -0.73136407]"
1747421925.6724944,"[ 0.          0.59960666  0.95102468 -2.88001404 -2.27222635  0.80956049
  0.74581533  1.52716762]","[ 0.00000000e+00 -3.38162037e-01  3.04647586e-01  5.71250584e-01
  5.62613020e-01 -1.32374402e-04 -5.90433067e-01 -5.58343938e-05]","[ 0.         -2.10458302 13.71028805  0.99645942  1.45374572  0.54166126
 -2.72997999 -0.74305379]"
1747421925.6742108,"[ 0.          0.59891057  0.95162249 -2.87888992 -2.27108199  0.80956049
  0.74465093  1.52716669]","[ 0.00000000e+00 -3.40863015e-01  3.01932859e-01  5.69058403e-01
  5.56940987e-01 -1.32274460e-04 -5.89352689e-01 -7.48384758e-05]","[ 0.         -2.17114258 13.6938591   0.96119452  1.57078397  0.55004716
 -2.64602971 -0.7590847 ]"
1747421925.6753614,"[ 0.          0.5982089   0.95223322 -2.87772772 -2.2699877   0.80956049
  0.74345804  1.52716669]","[ 0.00000000e+00 -3.42800498e-01  2.96909871e-01  5.66485922e-01
  5.54261980e-01 -1.42964352e-04 -5.80709599e-01 -7.46915501e-05]","[ 0.         -2.25184894 13.66922665  0.9243691   1.75969112  0.50764489
 -2.75307584 -0.7819044 ]"
1747421925.6771593,"[ 0.          0.59786821  0.95252577 -2.87717085 -2.26940047  0.80956049
  0.74288439  1.52716576]","[ 0.00000000e+00 -3.45104665e-01  2.96567022e-01  5.64773843e-01
  5.52424299e-01 -1.42856421e-04 -5.81789977e-01 -9.52489707e-05]","[ 0.         -2.25711679 13.59041119  0.93151891  1.81669641  0.50222617
 -2.76723003 -0.79286909]"
1747421925.6783328,"[ 0.          0.59717845  0.95310614 -2.87605552 -2.26831683  0.80956049
  0.74170761  1.52716576]","[ 0.00000000e+00 -3.50770973e-01  2.93866044e-01  5.65313998e-01
  5.49108164e-01 -1.42857835e-04 -5.72253597e-01 -9.27330604e-05]","[ 0.         -2.30655646 13.60760117  0.97474384  1.88854325  0.46635973
 -2.65921187 -0.82884258]"
1747421925.680041,"[ 0.          0.59682905  0.95341566 -2.87545764 -2.26777621  0.80955956
  0.74114348  1.52716576]","[ 0.00000000e+00 -3.54367905e-01  2.91118827e-01  5.62445574e-01
  5.48297864e-01 -1.50792882e-04 -5.72066443e-01 -9.05133423e-05]","[ 0.         -2.31157565 13.65164471  0.94639587  1.89158416  0.4499715
 -2.49648547 -0.81695342]"
1747421925.6817648,"[ 0.          0.59609987  0.95398551 -2.87435829 -2.26665715  0.80955956
  0.7400181   1.52716576]","[ 0.00000000e+00 -3.57068849e-01  2.87923900e-01  5.56400798e-01
  5.45935473e-01 -1.50792882e-04 -5.70677338e-01 -8.82384072e-05]","[ 0.         -2.30753946 13.52866268  0.9654429   2.0183866   0.41771176
 -2.40912008 -0.818461  ]"
1747421925.682897,"[ 0.          0.59574674  0.95428672 -2.87380941 -2.26612079  0.80955956
  0.73941496  1.52716576]","[ 0.00000000e+00 -3.57786371e-01  2.83619133e-01  5.56670909e-01
  5.43425144e-01 -1.50792882e-04 -5.67990542e-01 -8.82363184e-05]","[ 0.         -2.26042366 13.39746857  0.90795642  2.11055231  0.42969593
 -2.49434423 -0.80268866]"
1747421925.6846404,"[ 0.          0.59503587  0.95483866 -2.87267544 -2.26505153  0.80955863
  0.7382943   1.52716483]","[ 0.00000000e+00 -3.61024276e-01  2.79280777e-01  5.52059512e-01
  5.42355719e-01 -1.61374851e-04 -5.69365465e-01 -1.11055020e-04]","[ 0.         -2.18326473 13.32898045  0.90921396  2.21328211  0.42781708
 -2.76046348 -0.81818515]"
1747421925.686363,"[ 0.          0.59465018  0.9551133  -2.87213162 -2.26447602  0.80955863
  0.73772924  1.52716483]","[ 0.00000000e+00 -3.63112727e-01  2.78470493e-01  5.51539031e-01
  5.41910638e-01 -1.50794377e-04 -5.73146821e-01 -1.08574887e-04]","[ 0.         -2.24081397 13.29688072  0.89756382  2.2542305   0.43264827
 -2.66333294 -0.82474524]"
1747421925.6881554,"[ 0.          0.59392647  0.95567669 -2.87100244 -2.26341022  0.80955863
  0.7365506   1.52716483]","[ 0.00000000e+00 -3.66960395e-01  2.73651753e-01  5.51439828e-01
  5.39377805e-01 -1.50792882e-04 -5.77422992e-01 -1.08388316e-04]","[ 0.         -2.23104978 13.22729301  0.87117112  2.28700638  0.42591196
 -2.55659628 -0.83194953]"
1747421925.6892629,"[ 0.          0.59356188  0.95598621 -2.87046102 -2.26283711  0.80955863
  0.73597981  1.52716483]","[ 0.00000000e+00 -3.70138845e-01  2.71932616e-01  5.49108164e-01
  5.39653709e-01 -1.50792882e-04 -5.78818888e-01 -1.06024598e-04]","[ 0.         -2.19954586 13.14145279  0.88101292  2.30642033  0.40391997
 -2.51551199 -0.81275463]"
1747421925.6923256,"[ 0.          0.59280241  0.95653309 -2.8693867  -2.26177611  0.80955763
  0.73480303  1.52716483]","[ 0.00000000e+00 -3.71654117e-01  2.65219253e-01  5.43976319e-01
  5.37493985e-01 -1.61374851e-04 -5.73256676e-01 -1.06024598e-04]","[ 0.         -2.23023653 13.03314686  0.88845825  2.38253736  0.38188368
 -2.45316339 -0.81300694]"
1747421925.6937366,"[ 0.          0.59206079  0.95704236 -2.86827216 -2.26071937  0.8095567
  0.73368237  1.52716483]","[ 0.00000000e+00 -3.77326184e-01  2.56052403e-01  5.43916797e-01
  5.35603307e-01 -1.69312986e-04 -5.67204709e-01 -1.03761772e-04]","[ 0.         -2.20177412 12.95299149  0.85549611  2.38243389  0.37513411
 -2.44919515 -0.83995086]"
1747421925.6948338,"[ 0.          0.59128295  0.95755755 -2.86720237 -2.25962507  0.80955576
  0.73253894  1.52716389]","[ 0.00000000e+00 -3.80027162e-01  2.50266918e-01  5.41005230e-01
  5.33711497e-01 -1.79895052e-04 -5.55681211e-01 -1.21434140e-04]","[ 0.         -2.22425127 12.88199329  0.85980791  2.3277247   0.37519711
 -2.42241049 -0.83805293]"
1747421925.6966631,"[ 0.          0.59053174  0.95804337 -2.86613791 -2.25857366  0.80955576
  0.73145157  1.52716389]","[ 0.00000000e+00 -3.80297240e-01  2.44978413e-01  5.39107994e-01
  5.33172407e-01 -1.69311312e-04 -5.48027786e-01 -1.19002201e-04]","[ 0.         -2.21569085 12.88072586  0.87148321  2.14129043  0.39206117
 -2.20360136 -0.84051007]"
1747421925.6984236,"[ 0.          0.59012667  0.95828213 -2.86556613 -2.25800987  0.80955483
  0.73091122  1.52716389]","[ 0.00000000e+00 -3.81418830e-01  2.42007340e-01  5.38907358e-01
  5.30876829e-01 -1.79893264e-04 -5.48027786e-01 -1.18818783e-04]","[ 0.         -2.24188423 12.89892101  0.91768777  2.11143589  0.36357945
 -2.19221735 -0.8387832 ]"
1747421925.7001615,"[ 0.          0.58937087  0.95876616 -2.86450859 -2.2569675   0.80955483
  0.72979442  1.52716389]","[ 0.00000000e+00 -3.84078596e-01  2.33667419e-01  5.35063085e-01
  5.27500373e-01 -1.79893264e-04 -5.44908325e-01 -1.16489477e-04]","[ 0.         -2.23978925 12.87271309  0.84023321  2.06507635  0.35921031
 -2.31513119 -0.84693128]"
1747421925.7019901,"[ 0.          0.58857971  0.95921616 -2.86341083 -2.25588866  0.80955483
  0.72871751  1.52716296]","[ 0.00000000e+00 -3.86684965e-01  2.26341678e-01  5.36953796e-01
  5.25861464e-01 -1.79893264e-04 -5.44504457e-01 -1.29826706e-04]","[ 0.         -2.27004695 12.96486282  0.76202011  2.00650263  0.38340953
 -2.46975303 -0.8442589 ]"
1747421925.703131,"[ 0.          0.58819854  0.95945312 -2.86288139 -2.25537254  0.80955483
  0.72818388  1.52716296]","[ 0.00000000e+00 -3.86117878e-01  2.23183935e-01  5.36953796e-01
  5.23448906e-01 -1.79893264e-04 -5.41275341e-01 -1.27377659e-04]","[ 0.         -2.26554823 12.9871645   0.71110284  1.94081235  0.39527762
 -2.50924087 -0.83183444]"
1747421925.704936,"[ 0.          0.58743401  0.95988335 -2.86178897 -2.25430514  0.80955483
  0.72706894  1.52716296]","[ 0.00000000e+00 -3.88400174e-01  2.16398700e-01  5.31629138e-01
  5.20846099e-01 -1.79895052e-04 -5.45056697e-01 -1.25021654e-04]","[ 0.         -2.31297517 13.04043674  0.74508309  1.88857818  0.38997248
 -2.43088341 -0.85578227]"
1747421925.706619,"[ 0.          0.58702122  0.95988335 -2.86126486 -2.25379062  0.80955383
  0.72653525  1.52716296]","[ 0.00000000e+00 -3.88691124e-01  2.16398700e-01  5.31551840e-01
  5.21828339e-01 -1.90475217e-04 -5.41275341e-01 -1.25021654e-04]","[ 0.         -2.3476336  13.04043674  0.80565232  1.86352897  0.3648563
 -2.42214251 -0.86287069]"
1747421925.7077262,"[ 0.          0.58625117  0.96030719 -2.86021663 -2.2527709   0.80955383
  0.7254831   1.5271619 ]","[ 0.00000000e+00 -3.90165217e-01  2.14187294e-01  5.31281729e-01
  5.16426383e-01 -1.79893264e-04 -5.30471429e-01 -1.39654402e-04]","[ 0.         -2.35719013 13.15074635  0.80370313  1.89057744  0.33966041
 -2.34784651 -0.89363188]"
1747421925.709578,"[ 0.          0.58545076  0.96074249 -2.85913326 -2.25172028  0.80955383
  0.72440618  1.5271619 ]","[ 0.00000000e+00 -3.90580271e-01  2.12836805e-01  5.27872084e-01
  5.12644994e-01 -1.69311312e-04 -5.23989095e-01 -1.39651867e-04]","[ 0.         -2.39346004 13.25205135  0.7159344   1.8289851   0.36390322
 -2.34067631 -0.90414286]"
1747421925.7106423,"[ 0.          0.5850664   0.96094682 -2.85861128 -2.25121614  0.80955383
  0.72389539  1.5271619 ]","[ 0.00000000e+00 -3.89750663e-01  2.07164771e-01  5.29391051e-01
  5.11294505e-01 -1.69312986e-04 -5.18046950e-01 -1.37205624e-04]","[ 0.         -2.41397285 13.27632332  0.66940373  1.83092415  0.37357506
 -2.39275646 -0.85991085]"
1747421925.7124615,"[ 0.          0.58423436  0.96136334 -2.85757158 -2.25021373  0.8095529
  0.72285462  1.52716096]","[ 0.00000000e+00 -3.92721719e-01  2.01018745e-01  5.26419995e-01
  5.06459303e-01 -1.79893264e-04 -5.06050741e-01 -1.48790342e-04]","[ 0.         -2.4708457  13.29353428  0.62494922  1.88944089  0.37905324
 -2.42973137 -0.89395159]"
1747421925.7142465,"[ 0.          0.58381651  0.96156028 -2.8570552  -2.24967737  0.8095529
  0.72236087  1.52716096]","[ 0.00000000e+00 -3.93455719e-01  1.99872137e-01  5.23719017e-01
  5.05047661e-01 -1.69311312e-04 -5.00760705e-01 -1.48593173e-04]","[ 0.         -2.46877456 13.34060669  0.62672085  1.91107273  0.35184804
 -2.46409726 -0.9183749 ]"
1747421925.7153966,"[ 0.          0.5830396   0.96194331 -2.8559878  -2.24868507  0.8095529
  0.72138869  1.52716003]","[ 0.00000000e+00 -3.93802130e-01  1.92849598e-01  5.21828339e-01
  5.01841116e-01 -1.61496777e-04 -4.91037204e-01 -1.46274789e-04]","[ 0.         -2.49932241 13.45417404  0.62786722  1.95512259  0.37271872
 -2.3628602  -0.93389517]"
1747421925.717188,"[ 0.          0.58262122  0.96214391 -2.85547514 -2.24819239  0.8095529
  0.72086924  1.52716003]","[ 0.00000000e+00 -3.93957259e-01  1.88828657e-01  5.19410855e-01
  4.99680327e-01 -1.61374851e-04 -4.88998487e-01 -1.46274789e-04]","[ 0.         -2.54393435 13.48540974  0.58436269  1.94403422  0.3717013
 -2.3459971  -0.93295604]"
1747421925.7197485,"[ 0.          0.58184431  0.96250716 -2.85441281 -2.24717693  0.80955197
  0.71990178  1.5271591 ]","[ 0.00000000e+00 -3.93532019e-01  1.82940541e-01  5.17335320e-01
  4.94818560e-01 -1.61374851e-04 -4.89460413e-01 -1.58970968e-04]","[ 0.         -2.60385394 13.5300951   0.56899458  1.9657197   0.36445031
 -2.40129471 -0.92209476]"
1747421925.7211363,"[ 0.          0.58103431  0.96288141 -2.85339442 -2.24620434  0.80955197
  0.71888864  1.52715817]","[ 0.00000000e+00 -3.95963385e-01  1.82400902e-01  5.15886195e-01
  4.93197993e-01 -1.50792882e-04 -4.97023091e-01 -1.69445445e-04]","[ 0.         -2.6511991  13.52085114  0.53240401  2.02620459  0.35928622
 -2.40048862 -0.94438553]"
1747421925.7221782,"[ 0.          0.5802518   0.96323867 -2.85237735 -2.2451942   0.80955097
  0.71790021  1.52715817]","[ 0.00000000e+00 -3.97716744e-01  1.80155025e-01  5.15075894e-01
  4.93010806e-01 -1.61374851e-04 -5.01841116e-01 -1.66559676e-04]","[ 0.         -2.65480518 13.51178646  0.54344672  2.05049992  0.36295378
 -2.29781866 -0.95727247]"
1747421925.7240782,"[ 0.          0.57985879  0.9634159  -2.8518322  -2.24470711  0.80955097
  0.71740653  1.52715724]","[ 0.00000000e+00 -3.98259962e-01  1.79884914e-01  5.13323035e-01
  4.94008293e-01 -1.61496777e-04 -5.00253339e-01 -1.76579885e-04]","[ 0.         -2.59342957 13.56023693  0.48507953  1.96220779  0.36992598
 -2.3303113  -0.96971643]"
1747421925.7258701,"[ 0.          0.57903727  0.96378462 -2.85082207 -2.24369324  0.80955097
  0.71637815  1.52715724]","[ 0.00000000e+00 -4.02232599e-01  1.80878656e-01  5.12644994e-01
  4.94921158e-01 -1.50792882e-04 -5.03461682e-01 -1.73670937e-04]","[ 0.         -2.57776785 13.56981659  0.37694904  1.81959426  0.37826118
 -2.17235613 -0.98692304]"
1747421925.7275355,"[ 0.          0.57863733  0.96396278 -2.850315   -2.24320562  0.80955097
  0.71587681  1.52715724]","[ 0.00000000e+00 -4.05686420e-01  1.80512138e-01  5.13744547e-01
  4.94548482e-01 -1.50792882e-04 -5.08323450e-01 -1.73870707e-04]","[ 0.         -2.63835931 13.52756405  0.3910706   1.75713038  0.38781399
 -2.09800243 -0.96474606]"
1747421925.728686,"[ 0.          0.57823692  0.96433103 -2.84926252 -2.24215394  0.80955097
  0.71482752  1.52715617]","[ 0.00000000e+00 -4.05815017e-01  1.79800991e-01  5.13341211e-01
  4.94548482e-01 -1.50792882e-04 -5.13323035e-01 -1.84766017e-04]","[ 0.         -2.55806756 13.41351604  0.24811339  1.61307681  0.39952731
 -2.10665298 -0.97560817]"
1747421925.7304907,"[ 0.          0.57783605  0.96450786 -2.84875838 -2.24162716  0.80955097
  0.71431953  1.52715617]","[ 0.00000000e+00 -4.06496686e-01  1.79344725e-01  5.11294505e-01
  4.96020011e-01 -1.50792882e-04 -5.14823826e-01 -1.84768797e-04]","[ 0.         -2.62772584 13.44118023  0.15730448  1.50643122  0.38340566
 -2.16268802 -1.00067759]"
1747421925.7315834,"[ 0.          0.57700028  0.96487432 -2.84775277 -2.24064872  0.80955097
  0.71329308  1.52715524]","[ 0.00000000e+00 -4.07973609e-01  1.78547141e-01  5.09944050e-01
  4.97519538e-01 -1.50792882e-04 -5.21018039e-01 -1.97669458e-04]","[ 0.         -2.63358808 13.36849594  0.10575678  1.44636285  0.38689798
 -2.12910485 -1.01189101]"
1747421925.73331,"[ 0.          0.57659528  0.96505015 -2.84721189 -2.24015923  0.80955004
  0.71274127  1.52715524]","[ 0.00000000e+00 -4.10818264e-01  1.78264330e-01  5.08831614e-01
  4.96439160e-01 -1.61374851e-04 -5.19592249e-01 -1.94815078e-04]","[ 0.         -2.60067201 13.28905964  0.09128089  1.46594012  0.40289402
 -2.14726329 -1.00890422]"
1747421925.73507,"[ 0.          0.57574766  0.96540375 -2.84621507 -2.23914616  0.80955004
  0.71171675  1.52715431]","[ 0.00000000e+00 -4.14869731e-01  1.79884914e-01  5.04300711e-01
  4.93738182e-01 -1.61374851e-04 -5.19937628e-01 -1.94815078e-04]","[ 0.00000000e+00 -2.64286613e+00  1.32949533e+01  7.98075926e-03
  1.41061616e+00  4.11849320e-01 -2.26182699e+00 -9.92439687e-01]"
1747421925.7361941,"[ 0.          0.57492521  0.96576967 -2.84518176 -2.23817011  0.80955004
  0.71063797  1.52715337]","[ 0.00000000e+00 -4.18110898e-01  1.79048681e-01  5.05352394e-01
  4.95088671e-01 -1.50906827e-04 -5.26613774e-01 -2.07408315e-04]","[ 0.         -2.73669696 13.25582218 -0.06300166  1.33945167  0.43885019
 -2.29114032 -1.00512373]"
1747421925.738006,"[ 0.          0.57447887  0.96594511 -2.84468535 -2.23764521  0.80955004
  0.71011286  1.52715337]","[ 0.00000000e+00 -4.20287933e-01  1.77994236e-01  5.03461682e-01
  4.94264622e-01 -1.50792882e-04 -5.32632218e-01 -2.04500229e-04]","[ 0.         -2.79588151 13.31749058 -0.11348006  1.22626722  0.43497634
 -2.15214634 -1.02879226]"
1747421925.739685,"[ 0.          0.57363904  0.96631109 -2.84366642 -2.23667395  0.80955004
  0.70904454  1.52715337]","[ 0.00000000e+00 -4.27564288e-01  1.78045601e-01  4.95483518e-01
  4.91888816e-01 -1.42856421e-04 -5.45056697e-01 -2.04500229e-04]","[ 0.         -2.78277493 13.3023243  -0.09173598  1.09283149  0.40775645
 -2.17758632 -1.05619299]"
1747421925.7408488,"[ 0.          0.57321427  0.96648606 -2.84318066 -2.23618686  0.80955004
  0.70846044  1.52715244]","[ 0.00000000e+00 -4.30805488e-01  1.77454047e-01  4.92158628e-01
  4.94008293e-01 -1.42856421e-04 -5.49935242e-01 -2.12876622e-04]","[ 0.         -2.82059336 13.20471287 -0.11879536  1.06208003  0.41545579
 -2.19975948 -1.04861319]"
1747421925.742634,"[ 0.          0.57232896  0.96683227 -2.8422094  -2.23566328  0.80955004
  0.70737973  1.52715244]","[ 0.00000000e+00 -4.32797399e-01  1.76103558e-01  4.91847504e-01
  4.93010806e-01 -1.42857835e-04 -5.46137108e-01 -2.09749878e-04]","[ 0.         -2.80991364 13.23969078 -0.16247699  1.05604279  0.41143337
 -2.18861079 -1.03934133]"
1747421925.7438142,"[ 0.          0.57190053  0.96700311 -2.84168956 -2.23517938  0.80955004
  0.7068413   1.52715151]","[ 0.00000000e+00 -4.34586844e-01  1.73402580e-01  4.89500027e-01
  4.90767126e-01 -1.32275769e-04 -5.45583736e-01 -2.20792390e-04]","[ 0.         -2.76621628 13.2563715  -0.20123897  1.01885521  0.40518817
 -2.03847075 -1.05047083]"
1747421925.7456043,"[ 0.          0.57100511  0.96735711 -2.84073188 -2.23421559  0.80955004
  0.70573396  1.52715151]","[ 0.00000000e+00 -4.38343266e-01  1.71781996e-01  4.84824981e-01
  4.87031976e-01 -1.32274460e-04 -5.40194963e-01 -2.06716485e-04]","[ 0.         -2.80355    13.22218418 -0.22736615  0.97480649  0.38599882
 -2.0203712  -1.08595037]"
1747421925.747391,"[ 0.          0.57056888  0.96752469 -2.84025385 -2.23369707  0.80955004
  0.70519747  1.52715151]","[ 0.00000000e+00 -4.42419667e-01  1.69891318e-01  4.84333728e-01
  4.88706372e-01 -1.32274460e-04 -5.43976319e-01 -2.06716485e-04]","[ 0.         -2.76688337 13.18332577 -0.22010614  0.89296812  0.37916011
 -2.09900665 -1.09252405]"
1747421925.7491782,"[ 0.          0.56969137  0.96786864 -2.83926608 -2.23273593  0.80955004
  0.70411869  1.52715151]","[ 0.00000000e+00 -4.46288574e-01  1.67764102e-01  4.81726227e-01
  4.86715659e-01 -1.21601904e-04 -5.48838086e-01 -2.04186189e-04]","[ 0.         -2.71430945 13.12954044 -0.21563683  0.7520594   0.36881214
 -2.17981219 -1.09313691]"
1747421925.7508743,"[ 0.          0.56877165  0.96819741 -2.83832971 -2.23174311  0.80954911
  0.7029971   1.52715058]","[ 0.00000000e+00 -4.51332867e-01  1.66481290e-01  4.73270957e-01
  4.84735432e-01 -1.21692507e-04 -5.48027786e-01 -2.09167929e-04]","[ 0.         -2.65342522 13.09613991 -0.22445579  0.67968339  0.37437934
 -2.23790359 -1.10217285]"
1747421925.7519834,"[ 0.          0.56832623  0.96836412 -2.83786552 -2.23126747  0.80954911
  0.70245674  1.52715058]","[ 0.00000000e+00 -4.51602979e-01  1.69081018e-01  4.71257873e-01
  4.82394081e-01 -1.21692507e-04 -5.48027786e-01 -2.09170676e-04]","[ 0.         -2.61119938 13.06095219 -0.17740828  0.66373593  0.37777346
 -2.17940116 -1.11249614]"
1747421925.7537713,"[ 0.          0.56743035  0.96870853 -2.83689906 -2.23031752  0.80954911
  0.70134274  1.52715058]","[ 0.00000000e+00 -4.54113474e-01  1.69081018e-01  4.70572742e-01
  4.80503403e-01 -1.21693710e-04 -5.43166019e-01 -1.95985006e-04]","[ 0.         -2.50196767 12.99140453 -0.16174088  0.60246187  0.36278576
 -2.05237126 -1.12847066]"
1747421925.7560794,"[ 0.          0.56649451  0.96903823 -2.83597494 -2.22933747  0.80954911
  0.7002611   1.52714951]","[ 0.00000000e+00 -4.58625501e-01  1.67190340e-01  4.67268624e-01
  4.76992158e-01 -1.21692507e-04 -5.48838086e-01 -2.07305423e-04]","[ 0.         -2.40647769 12.8424387  -0.14947365  0.44733432  0.36164895
 -2.11038876 -1.16419721]"
1747421925.7584128,"[ 0.          0.56554949  0.96937619 -2.83502579 -2.22840164  0.80954817
  0.69913478  1.52714858]","[ 0.00000000e+00 -4.62166274e-01  1.64489362e-01  4.63169353e-01
  4.73750958e-01 -1.32474482e-04 -5.49182932e-01 -2.14589894e-04]","[ 0.         -2.28022861 12.76951885 -0.18914255  0.312282    0.3583037
 -2.16973329 -1.17335272]"
1747421925.760113,"[ 0.          0.56463296  0.96969763 -2.83411819 -2.22743145  0.80954624
  0.69805221  1.52714858]","[ 0.00000000e+00 -4.65107868e-01  1.62058479e-01  4.58625501e-01
  4.73480880e-01 -1.51020918e-04 -5.48027786e-01 -2.11958657e-04]","[ 0.         -2.07955003 12.71444511 -0.20075215  0.28601098  0.32859933
 -2.08262277 -1.17450595]"
1747421925.761792,"[ 0.          0.56371597  0.97001768 -2.83318502 -2.2265044   0.80954624
  0.69694773  1.52714765]","[ 0.00000000e+00 -4.65309669e-01  1.53529755e-01  4.53890900e-01
  4.68349035e-01 -1.51020918e-04 -5.35333196e-01 -2.22270571e-04]","[ 0.         -1.93315041 12.73313618 -0.16593024  0.28012425  0.27587965
 -1.98890018 -1.17451012]"
1747421925.7635064,"[ 0.          0.56322049  0.97016688 -2.83273814 -2.22600799  0.80954531
  0.69642548  1.52714765]","[ 0.00000000e+00 -4.65990540e-01  1.51254584e-01  4.53223579e-01
  4.67432409e-01 -1.61618866e-04 -5.29124502e-01 -2.19612839e-04]","[ 0.         -1.89268756 12.77911377 -0.25182924  0.31265718  0.27425474
 -1.91361976 -1.1963836 ]"
1747421925.7652519,"[ 0.          0.56229843  0.97047088 -2.83184145 -2.2250892   0.80954431
  0.69533904  1.52714765]","[ 0.00000000e+00 -4.66998546e-01  1.48454936e-01  4.54383285e-01
  4.65176245e-01 -1.69439236e-04 -5.31127599e-01 -2.17215767e-04]","[ 0.         -1.73658645 12.95343399 -0.17010275  0.41189763  0.23042414
 -2.06851888 -1.2354573 ]"
1747421925.766404,"[ 0.          0.56134149  0.97076203 -2.83091387 -2.22414138  0.80954245
  0.69429642  1.52714672]","[ 0.00000000e+00 -4.66930869e-01  1.47203117e-01  4.51332867e-01
  4.61664734e-01 -1.90763250e-04 -5.29661162e-01 -2.27100298e-04]","[ 0.         -1.6568042  13.08067417 -0.18244645  0.51314288  0.24176405
 -2.19889879 -1.22183883]"
1747421925.7681563,"[ 0.          0.56088043  0.97090711 -2.83047126 -2.22368678  0.80954245
  0.69377417  1.52714672]","[ 0.00000000e+00 -4.67065026e-01  1.47203117e-01  4.48902001e-01
  4.61056401e-01 -1.80163498e-04 -5.29661162e-01 -2.27100298e-04]","[ 0.         -1.54632199 13.14315033 -0.12295356  0.54367316  0.24159211
 -2.27021575 -1.20279872]"
1747421925.769902,"[ 0.          0.55995792  0.97120558 -2.82955566 -2.22277811  0.80954052
  0.69268966  1.52714672]","[ 0.00000000e+00 -4.67538735e-01  1.45559414e-01  4.47120179e-01
  4.61056401e-01 -1.98711722e-04 -5.27770484e-01 -2.12007811e-04]","[ 0.         -1.44708979 13.31927204 -0.03455295  0.6183967   0.17280988
 -2.13210607 -1.2067132 ]"
1747421925.771663,"[ 0.          0.55900464  0.97149393 -2.82867495 -2.22183988  0.80953765
  0.69165563  1.52714578]","[ 0.00000000e+00 -4.64297568e-01  1.45852644e-01  4.45930945e-01
  4.56470305e-01 -2.27856106e-04 -5.23989095e-01 -2.21719669e-04]","[ 0.         -1.40516031 13.46329784 -0.02283526  0.60866803  0.15267855
 -2.1357851  -1.24222314]"
1747421925.77343,"[ 0.          0.55854824  0.97164873 -2.82823766 -2.22139167  0.80953672
  0.69110002  1.52714578]","[ 0.00000000e+00 -4.62947079e-01  1.45696483e-01  4.43500045e-01
  4.54574068e-01 -2.35626445e-04 -5.22610909e-01 -2.21914692e-04]","[ 0.         -1.35304463 13.50936604 -0.06508863  0.61647475  0.16165252
 -2.19744992 -1.2331897 ]"
1747421925.7751296,"[ 0.          0.55760458  0.97193436 -2.82733166 -2.22049898  0.80953579
  0.69007264  1.52714485]","[ 0.00000000e+00 -4.60410885e-01  1.44085920e-01  4.42419667e-01
  4.53223579e-01 -2.46404997e-04 -5.19410855e-01 -2.28354458e-04]","[ 0.         -1.25793695 13.51747799 -0.08765619  0.65709925  0.19556902
 -2.23283148 -1.19971132]"
1747421925.7769349,"[ 0.          0.55669954  0.97221445 -2.82645894 -2.21957513  0.80953579
  0.68902049  1.52714485]","[ 0.00000000e+00 -4.57275012e-01  1.40848032e-01  4.41339289e-01
  4.50252490e-01 -2.46589000e-04 -5.11567646e-01 -2.25806428e-04]","[ 0.         -1.21570051 13.63683033 -0.07315065  0.75652963  0.18548968
 -1.986889   -1.21653986]"
1747421925.7786694,"[ 0.          0.55625273  0.97236139 -2.82602537 -2.21913384  0.80953486
  0.68852295  1.52714485]","[ 0.00000000e+00 -4.53223579e-01  1.38424189e-01  4.39718689e-01
  4.47098042e-01 -2.54351000e-04 -5.04542094e-01 -2.22751790e-04]","[ 0.         -1.16465831 13.66513443 -0.04155982  0.80327499  0.1469142
 -1.96308637 -1.21036017]"
1747421925.779786,"[ 0.          0.55532748  0.97262997 -2.82513668 -2.21822197  0.80953386
  0.68754404  1.52714392]","[ 0.00000000e+00 -4.51332867e-01  1.34508543e-01  4.32696166e-01
  4.44863250e-01 -2.54351000e-04 -4.93507752e-01 -2.29334466e-04]","[ 0.         -1.21661317 13.70739269 -0.02327285  0.85888815  0.11465414
 -1.93064964 -1.23277664]"
1747421925.7815213,"[ 0.          0.55443895  0.97289769 -2.8242842  -2.21734846  0.809532
  0.68654995  1.52714392]","[ 0.00000000e+00 -4.49442190e-01  1.35588930e-01  4.32155977e-01
  4.42419667e-01 -2.75546927e-04 -4.81905324e-01 -2.26676751e-04]","[ 0.         -1.21041048 13.74673462 -0.02667432  0.92907786  0.12166786
 -2.0680356  -1.23578894]"
1747421925.7844067,"[ 0.          0.55396597  0.97304097 -2.82382587 -2.21691516  0.80953006
  0.6860819   1.52714286]","[ 0.00000000e+00 -4.45364790e-01  1.34913427e-01  4.31166513e-01
  4.39448578e-01 -2.94093347e-04 -4.74831369e-01 -2.38301195e-04]","[ 0.         -1.18098199 13.7717123  -0.04899667  0.96755391  0.12587884
 -1.99504316 -1.24553514]"
1747421925.7862275,"[ 0.          0.55265912  0.97344783 -2.82255847 -2.21559343  0.80952813
  0.68465684  1.52714286]","[ 0.00000000e+00 -4.40082643e-01  1.38289908e-01  4.26483910e-01
  4.34046655e-01 -3.02041836e-04 -4.71002709e-01 -2.27136497e-04]","[ 0.         -1.21028876 13.84199333 -0.09830189  1.02263975  0.07184886
 -2.04546857 -1.26252782]"
1747421925.7873502,"[ 0.          0.5517614   0.97373479 -2.82168788 -2.21470953  0.8095272
  0.68362466  1.52714192]","[ 0.00000000e+00 -4.37287822e-01  1.40578204e-01  4.24550988e-01
  4.31345677e-01 -3.12876370e-04 -4.69438568e-01 -2.33281208e-04]","[ 0.         -1.29715943 13.81018639 -0.04931308  1.02565622  0.0868273
 -1.99259377 -1.229321  ]"
1747421925.789168,"[ 0.          0.55133114  0.97387394 -2.8212703  -2.21428662  0.8095272
  0.68316327  1.52714192]","[ 0.00000000e+00 -4.36477522e-01  1.40990877e-01  4.23512854e-01
  4.28914777e-01 -3.12639768e-04 -4.67808813e-01 -2.30849708e-04]","[ 0.00000000e+00 -1.27175200e+00  1.37411413e+01 -8.92512035e-03
  1.00735760e+00  1.15724117e-01 -1.94721842e+00 -1.20761049e+00]"
1747421925.7909482,"[ 0.          0.55044444  0.97415403 -2.82044286 -2.21341364  0.80952627
  0.68223483  1.52714192]","[ 0.00000000e+00 -4.31615755e-01  1.42071272e-01  4.18226912e-01
  4.24652687e-01 -3.12639768e-04 -4.70779902e-01 -2.30661951e-04]","[ 0.         -1.29522824 13.63212872 -0.01727074  1.0372386   0.12242606
 -1.92075908 -1.22275662]"
1747421925.7920294,"[ 0.          0.5500206   0.97430424 -2.8200021  -2.21299632  0.80952534
  0.68174301  1.52714192]","[ 0.00000000e+00 -4.29995188e-01  1.41433411e-01  4.15021798e-01
  4.23242743e-01 -3.20830841e-04 -4.63169353e-01 -2.30847270e-04]","[ 0.         -1.35061336 13.57943153 -0.08028853  1.07115734  0.11371001
 -1.9683429  -1.22622967]"
1747421925.7938368,"[ 0.          0.54917754  0.97457421 -2.81918611 -2.21216754  0.80952434
  0.68085165  1.52714099]","[ 0.00000000e+00 -4.26213832e-01  1.36267337e-01  4.14599620e-01
  4.18651087e-01 -3.23234513e-04 -4.48631923e-01 -2.39420295e-04]","[ 0.         -1.34995914 13.4820137  -0.13332787  0.98271686  0.09656332
 -1.89570367 -1.22690165]"
1747421925.7955515,"[ 0.          0.54831241  0.97484559 -2.81833949 -2.2113148   0.80952247
  0.6799479   1.52714099]","[ 0.00000000e+00 -4.21892254e-01  1.30901134e-01  4.12764869e-01
  4.15021798e-01 -3.31186220e-04 -4.40850965e-01 -2.36975271e-04]","[ 0.         -1.31855893 13.40087318 -0.20923106  0.90989822  0.03607672
 -1.80969429 -1.22901702]"
1747421925.7973428,"[ 0.          0.54789916  0.97497322 -2.81793309 -2.2109084   0.80952148
  0.67952166  1.52714099]","[ 0.00000000e+00 -4.19191276e-01  1.29376690e-01  4.12168753e-01
  4.11751136e-01 -3.42042796e-04 -4.31718087e-01 -2.36975271e-04]","[ 0.         -1.31015885 13.37233448 -0.19862145  0.84595096  0.03241568
 -1.83406556 -1.23077917]"
1747421925.798493,"[ 0.          0.54704185  0.97522396 -2.81713255 -2.21009827  0.80951868
  0.67868264  1.52714099]","[ 0.00000000e+00 -4.17687256e-01  1.25325232e-01  4.04335931e-01
  4.10278075e-01 -3.64182013e-04 -4.24593232e-01 -2.34399609e-04]","[ 0.         -1.25757551 13.42716408 -0.22874323  0.88676566  0.02248421
 -1.80356121 -1.23274767]"
1747421925.8002417,"[ 0.          0.54663179  0.9753452  -2.81670378 -2.20966444  0.80951768
  0.67823269  1.52714006]","[ 0.00000000e+00 -4.15950109e-01  1.22894348e-01  4.03737219e-01
  4.08501814e-01 -3.90681051e-04 -4.23798711e-01 -2.34584457e-04]","[ 0.         -1.30552316 13.45219898 -0.25704023  0.91235018  0.02115976
 -1.74398839 -1.23756599]"
1747421925.8020272,"[ 0.          0.54578827  0.97559041 -2.81591255 -2.20886309  0.80951675
  0.67781598  1.52714006]","[ 0.00000000e+00 -4.09755663e-01  1.18302692e-01  4.00688365e-01
  4.04465893e-01 -4.18803798e-04 -4.22702554e-01 -2.32060257e-04]","[ 0.         -1.31749606 13.40447903 -0.27600148  0.93276864  0.0354022
 -1.71831524 -1.21760619]"
1747421925.8037546,"[ 0.          0.54498376  0.9758223  -2.81510029 -2.20807347  0.80951582
  0.67695125  1.52713913]","[ 0.00000000e+00 -4.07036909e-01  1.17222306e-01  3.94709569e-01
  3.98933975e-01 -4.26700564e-04 -4.19284853e-01 -2.42851277e-04]","[ 0.         -1.34539139 13.38510895 -0.29991925  0.90409434  0.05274244
 -1.6928314  -1.20832324]"
1747421925.8049047,"[ 0.          0.54458379  0.97594627 -2.81471227 -2.20765135  0.80951482
  0.67654125  1.52713913]","[ 0.00000000e+00 -4.05686420e-01  1.16858102e-01  3.93532019e-01
  3.97468004e-01 -4.44956189e-04 -4.15950109e-01 -2.40449117e-04]","[ 0.         -1.32880723 13.37263393 -0.28098083  0.91004264  0.06660926
 -1.69801295 -1.2002815 ]"
1747421925.8066373,"[ 0.          0.54375588  0.97617584 -2.81393862 -2.20687025  0.80951482
  0.67572693  1.52713913]","[ 0.00000000e+00 -4.02984909e-01  1.16294061e-01  3.92451641e-01
  3.95962885e-01 -4.80326102e-04 -4.13789320e-01 -2.29762500e-04]","[ 0.         -1.36239743 13.29219913 -0.28709346  0.91294682  0.08291444
 -1.74769318 -1.19773901]"
1747421925.8084147,"[ 0.          0.54296562  0.97640867 -2.81313781 -2.2060966   0.80951389
  0.67487358  1.52713913]","[ 0.00000000e+00 -4.00554541e-01  1.12845809e-01  3.89077049e-01
  3.91101152e-01 -5.22361688e-04 -4.16760409e-01 -2.27512077e-04]","[ 0.         -1.35370147 13.22405052 -0.35324907  0.91967386  0.08664446
 -1.79213572 -1.18551981]"
1747421925.8101428,"[ 0.          0.54257117  0.97651932 -2.81275617 -2.20568328  0.80951389
  0.67446172  1.52713819]","[ 0.00000000e+00 -4.00014352e-01  1.12360547e-01  3.87049685e-01
  3.88826513e-01 -5.45639315e-04 -4.17147600e-01 -2.35270923e-04]","[ 0.         -1.33033991 13.19999027 -0.36332759  0.91364604  0.08366597
 -1.85023391 -1.17585921]"
1747421925.8141866,"[ 0.          0.54175291  0.97673883 -2.81200809 -2.20491789  0.80951295
  0.673596    1.52713819]","[ 0.00000000e+00 -3.99474164e-01  1.05071983e-01  3.77326184e-01
  3.87859985e-01 -6.11321931e-04 -4.22795632e-01 -2.35448538e-04]","[ 0.         -1.29326355 13.17231083 -0.39351982  0.92172331  0.08649541
 -1.78967237 -1.17166018]"
1747421925.8158827,"[ 0.          0.54017559  0.97712732 -2.81050287 -2.20337592  0.80951202
  0.67193978  1.52713726]","[ 0.00000000e+00 -3.88940363e-01  9.45341127e-02  3.72194306e-01
  3.80027162e-01 -6.28462975e-04 -4.14869731e-01 -2.27514320e-04]","[ 0.         -1.17925179 13.1204052  -0.45058739  0.92048782  0.07167809
 -1.62925589 -1.17815948]"
1747421925.817563,"[ 0.          0.53979306  0.97722646 -2.81005387 -2.2030044   0.80951102
  0.67150215  1.52713726]","[ 0.00000000e+00 -3.87859985e-01  9.32858641e-02  3.70164012e-01
  3.76785995e-01 -6.35656761e-04 -4.12012592e-01 -2.27512077e-04]","[ 0.         -1.1719681  13.14469242 -0.47455737  0.91958541  0.07797702
 -1.54613853 -1.19147229]"
1747421925.8192682,"[ 0.          0.53902943  0.97740742 -2.80938941 -2.20223209  0.80951009
  0.67070973  1.5271362 ]","[ 0.00000000e+00 -3.87049685e-01  9.06608029e-02  3.64631594e-01
  3.76152695e-01 -6.28474613e-04 -3.98393786e-01 -2.27512077e-04]","[ 0.         -1.13756001 13.25644398 -0.54637849  0.84627837  0.07889453
 -1.56802106 -1.20211029]"
1747421925.8209398,"[ 0.          0.5382401   0.97758652 -2.80867115 -2.20149413  0.80951009
  0.66992017  1.5271362 ]","[ 0.00000000e+00 -3.85699196e-01  8.65151183e-02  3.62955367e-01
  3.73166326e-01 -5.96507383e-04 -3.82421910e-01 -2.27512077e-04]","[ 0.         -1.13442576 13.38633728 -0.56870395  0.85646552  0.07438734
 -1.54851699 -1.21089363]"
1747421925.8220038,"[ 0.          0.53786263  0.977671   -2.80823226 -2.20112714  0.80951009
  0.66954633  1.5271362 ]","[ 0.00000000e+00 -3.82728140e-01  8.56209037e-02  3.61523019e-01
  3.72194306e-01 -5.96518371e-04 -3.79216862e-01 -2.16768618e-04]","[ 0.         -1.10638094 13.4264679  -0.55913979  0.85690641  0.0792717
 -1.59245718 -1.19646764]"
1747421925.8242886,"[ 0.          0.5370802   0.97783259 -2.80752919 -2.20037054  0.80951009
  0.66880717  1.5271362 ]","[ 0.00000000e+00 -3.81310539e-01  7.99488533e-02  3.54367905e-01
  3.68629632e-01 -5.67469044e-04 -3.72464417e-01 -2.16930124e-04]","[ 0.         -1.06735909 13.60894489 -0.62424397  0.86725825  0.14021754
 -1.52072549 -1.17479157]"
1747421925.8254178,"[ 0.          0.53633261  0.97799611 -2.8068128  -2.19964722  0.80950916
  0.66804897  1.52713527]","[ 0.00000000e+00 -3.77596262e-01  8.04074995e-02  3.48965949e-01
  3.65982083e-01 -5.33074052e-04 -3.69493361e-01 -2.16930124e-04]","[ 0.         -1.01933599 13.72683048 -0.63309038  0.84258801  0.16629443
 -1.52018595 -1.14110565]"
1747421925.8276958,"[ 0.          0.53593267  0.97807507 -2.80647032 -2.1992877   0.80950916
  0.66768651  1.52713527]","[ 0.00000000e+00 -3.76654235e-01  7.99488533e-02  3.47345348e-01
  3.64262147e-01 -5.13864182e-04 -3.67230207e-01 -2.16930124e-04]","[ 0.         -1.01521158 13.81416893 -0.65946871  0.8001529   0.14665908
 -1.56928265 -1.14938366]"
1747421925.8288746,"[ 0.          0.53519797  0.97823852 -2.80576032 -2.19854734  0.80950916
  0.66692738  1.52713527]","[ 0.00000000e+00 -3.72194306e-01  7.99951423e-02  3.45985472e-01
  3.59769827e-01 -4.99447742e-04 -3.71638870e-01 -2.06348155e-04]","[ 0.         -0.96927357 13.90920448 -0.66892499  0.71283132  0.15606475
 -1.71869612 -1.16165352]"
1747421925.830658,"[ 0.          0.53446647  0.97840291 -2.80507988 -2.197844    0.80950916
  0.66619294  1.52713527]","[ 0.00000000e+00 -3.70303628e-01  8.47246751e-02  3.44644370e-01
  3.55448282e-01 -4.80246910e-04 -3.70573739e-01 -2.06192484e-04]","[ 0.         -0.89706045 14.00359344 -0.71827447  0.5700708   0.15377559
 -1.71626675 -1.17719805]"
1747421925.8324575,"[ 0.          0.53407385  0.9784874  -2.80474272 -2.19746929  0.80950916
  0.66583142  1.52713433]","[ 0.00000000e+00 -3.69632711e-01  8.56209037e-02  3.41943393e-01
  3.52831227e-01 -4.71857009e-04 -3.66792383e-01 -2.16930124e-04]","[ 0.         -0.85217583 13.96666241 -0.69936746  0.48208782  0.15290667
 -1.73453021 -1.16201401]"
1747421925.834162,"[ 0.          0.53334881  0.97866376 -2.80405323 -2.1967774   0.80950916
  0.66508374  1.52713433]","[ 0.00000000e+00 -3.67062461e-01  8.67658882e-02  3.34851361e-01
  3.49691660e-01 -4.52974736e-04 -3.65711972e-01 -2.06350203e-04]","[ 0.         -0.7768231  13.94407749 -0.75189137  0.42144495  0.18369566
 -1.75779784 -1.17335677]"
1747421925.8359635,"[ 0.          0.53260445  0.978835   -2.8033965  -2.19606287  0.80950916
  0.6643531   1.5271334 ]","[ 0.00000000e+00 -3.62861957e-01  8.61610926e-02  3.32490003e-01
  3.48317402e-01 -4.45197310e-04 -3.72464417e-01 -2.06348155e-04]","[ 0.         -0.71877837 13.83771896 -0.81211942  0.40597036  0.19786917
 -1.7612865  -1.18853152]"
1747421925.837158,"[ 0.          0.53224906  0.97892409 -2.80307265 -2.19572199  0.80950916
  0.66396121  1.5271334 ]","[ 0.00000000e+00 -3.59944963e-01  8.37566660e-02  3.28438536e-01
  3.45724782e-01 -4.45197310e-04 -3.69131171e-01 -2.06348155e-04]","[ 0.         -0.71080589 13.82075024 -0.93697351  0.4268209   0.19786917
 -1.80846739 -1.18457472]"
1747421925.8387845,"[ 0.          0.53154189  0.97908528 -2.80272618 -2.19504981  0.80950916
  0.66324582  1.5271334 ]","[ 0.00000000e+00 -3.58689449e-01  8.14867955e-02  3.26249750e-01
  3.38972337e-01 -4.12189490e-04 -3.59769827e-01 -1.98262005e-04]","[ 0.         -0.67414314 13.80175686 -0.89254463  0.38869071  0.20092879
 -1.68452144 -1.16610622]"
1747421925.841189,"[ 0.          0.53081544  0.9792442  -2.80209101 -2.19436005  0.80950916
  0.6625247   1.52713247]","[ 0.00000000e+00 -3.53017416e-01  8.02189477e-02  3.19795413e-01
  3.35461059e-01 -3.61722815e-04 -3.50653727e-01 -2.06348155e-04]","[ 0.         -0.6818763  13.79389477 -0.96081328  0.50010383  0.18464392
 -1.64497781 -1.19569552]"
1747421925.8423696,"[ 0.          0.53012622  0.97940446 -2.80144253 -2.19370385  0.80950816
  0.6618436   1.52713247]","[ 0.00000000e+00 -3.48238739e-01  7.77092596e-02  3.16469791e-01
  3.32490003e-01 -3.73368033e-04 -3.43563993e-01 -1.98411694e-04]","[ 0.         -0.67066318 13.85905075 -0.98939961  0.50662291  0.19134857
 -1.72569859 -1.19911206]"
1747421925.8441176,"[ 0.          0.52975704  0.97948202 -2.80113094 -2.19335311  0.80950816
  0.6615125   1.52713154]","[ 0.00000000e+00 -3.47238123e-01  7.85983643e-02  3.16014057e-01
  3.30262069e-01 -3.59708214e-04 -3.35731170e-01 -2.06348155e-04]","[ 0.         -0.62081629 13.85591793 -1.04725897  0.48489311  0.18424794
 -1.74864793 -1.20929325]"
1747421925.8458257,"[ 0.          0.52907467  0.97963675 -2.80050856 -2.19270836  0.80950723
  0.66085231  1.52713154]","[ 0.00000000e+00 -3.45454671e-01  7.72478753e-02  3.15473868e-01
  3.25197369e-01 -3.55154930e-04 -3.17974410e-01 -1.98413661e-04]","[ 0.         -0.64502597 13.85941696 -1.09626806  0.44199225  0.18278289
 -1.69431412 -1.20556629]"
1747421925.8476303,"[ 0.          0.52871008  0.97971664 -2.80017487 -2.19238984  0.80950723
  0.66054311  1.52713154]","[ 0.00000000e+00 -3.43302037e-01  7.52305391e-02  3.14212895e-01
  3.23036580e-01 -3.49267043e-04 -3.13265442e-01 -1.98411694e-04]","[ 0.         -0.70977288 13.87860584 -1.07776415  0.42018571  0.15662366
 -1.73767436 -1.22296453]"
1747421925.8497832,"[ 0.          0.52804149  0.97986405 -2.7995658  -2.19173444  0.80950723
  0.65991148  1.5271306 ]","[ 0.00000000e+00 -3.35731170e-01  7.50870946e-02  3.06789666e-01
  3.19228260e-01 -3.35833684e-04 -3.06439061e-01 -2.06348155e-04]","[ 0.         -0.71702921 13.83922005 -1.05940711  0.37294039  0.15959832
 -1.77868676 -1.22217822]"
1747421925.8515356,"[ 0.          0.52738622  0.98000779 -2.79895008 -2.19110806  0.80950723
  0.65931213  1.5271306 ]","[ 0.00000000e+00 -3.31139514e-01  7.17731318e-02  2.98997889e-01
  3.16824324e-01 -3.17142597e-04 -3.01968978e-01 -1.98411694e-04]","[ 0.         -0.70526779 13.87989902 -1.07824397  0.28123376  0.18851089
 -1.79188371 -1.22557092]"
1747421925.8526878,"[ 0.          0.52671581  0.98015061 -2.79836738 -2.1904713   0.80950723
  0.65869854  1.52712954]","[ 0.00000000e+00 -3.25197369e-01  6.88748552e-02  2.95216533e-01
  3.08721423e-01 -3.11668162e-04 -2.98414457e-01 -2.08995711e-04]","[ 0.         -0.70970803 13.91550064 -1.0684545   0.16246581  0.20134071
 -1.76973057 -1.21986866]"
1747421925.8544712,"[ 0.          0.52607661  0.98028836 -2.79776737 -2.18987342  0.80950723
  0.65810492  1.52712954]","[ 0.00000000e+00 -3.23306691e-01  7.01541879e-02  2.91369364e-01
  3.00888600e-01 -2.94712519e-04 -3.00583735e-01 -2.08993647e-04]","[ 0.00000000e+00 -7.03473210e-01  1.39465408e+01 -1.07797778e+00
  1.29558695e-02  1.96968302e-01 -1.83613551e+00 -1.23528445e+00]"
1747421925.8562424,"[ 0.          0.52573773  0.9803554  -2.79748161 -2.1895573   0.80950723
  0.65780339  1.52712861]","[ 0.00000000e+00 -3.18677418e-01  6.81336683e-02  2.89814577e-01
  2.97662148e-01 -2.90058229e-04 -3.05750334e-01 -2.06348155e-04]","[ 0.         -0.69448435 13.91306973 -1.08770847 -0.02270912  0.20371777
 -1.81436992 -1.2283324 ]"
1747421925.858001,"[ 0.          0.52511415  0.98049043 -2.79691649 -2.18896955  0.80950723
  0.65715364  1.52712861]","[ 0.00000000e+00 -3.15203757e-01  6.53635897e-02  2.84952844e-01
  2.97138503e-01 -2.59887088e-04 -3.20335602e-01 -1.98413661e-04]","[ 0.         -0.67248178 13.92053986 -1.11738598 -0.06833736  0.21005726
 -1.79336905 -1.23917902]"
1747421925.8591647,"[ 0.          0.52480376  0.98055561 -2.79661609 -2.1886782   0.8095063
  0.6568302   1.52712861]","[ 0.00000000e+00 -3.14933646e-01  6.61738814e-02  2.82866823e-01
  2.95187239e-01 -2.59887088e-04 -3.27566118e-01 -1.98413661e-04]","[ 0.         -0.71835864 13.94483662 -1.13349783 -0.11186087  0.2078559
 -1.77747834 -1.24170899]"
1747421925.860905,"[ 0.          0.5241618   0.98069476 -2.79605949 -2.18807659  0.8095063
  0.65613478  1.52712768]","[ 0.00000000e+00 -3.13042968e-01  6.81448536e-02  2.82505532e-01
  2.93148323e-01 -2.38784657e-04 -3.42048188e-01 -2.06348155e-04]","[ 0.         -0.76545501 13.93855953 -1.19464946 -0.16538613  0.19799078
 -1.70812774 -1.25662839]"
1747421925.8626757,"[ 0.          0.52354648  0.98083064 -2.79548105 -2.18750427  0.8095063
  0.65544223  1.52712768]","[ 0.00000000e+00 -3.11376695e-01  6.88748552e-02  2.81362204e-01
  2.88464088e-01 -1.92934058e-04 -3.52207115e-01 -1.98561611e-04]","[ 0.         -0.81573129 13.91834068 -1.2543925  -0.19455622  0.22297111
 -1.72418022 -1.25293517]"
1747421925.8638017,"[ 0.          0.52321818  0.98090555 -2.79520541 -2.18719961  0.8095063
  0.65509215  1.52712674]","[ 0.00000000e+00 -3.09197497e-01  7.04659358e-02  2.79550888e-01
  2.86879108e-01 -1.80354246e-04 -3.54908093e-01 -2.06348155e-04]","[ 0.         -0.82286489 13.87198257 -1.24720037 -0.17760269  0.22679223
 -1.70900607 -1.2230612 ]"
1747421925.8655818,"[ 0.          0.52261341  0.98104876 -2.79464109 -2.18663182  0.8095063
  0.65436724  1.52712674]","[ 0.00000000e+00 -3.06020445e-01  7.34665111e-02  2.74089926e-01
  2.87923900e-01 -1.77593622e-04 -3.52929531e-01 -2.06348155e-04]","[ 0.         -0.82338268 13.83838844 -1.24959481 -0.18794551  0.22768442
 -1.7269156  -1.22087348]"
1747421925.8673055,"[ 0.          0.522314    0.98112086 -2.7943753  -2.18635006  0.8095063
  0.6540181   1.52712674]","[ 0.00000000e+00 -3.03589578e-01  7.31964166e-02  2.69557276e-01
  2.85763144e-01 -1.61073295e-04 -3.54097793e-01 -1.98262005e-04]","[ 0.         -0.83110148 13.84552288 -1.27747107 -0.21992311  0.2134864
 -1.73290241 -1.23695517]"
1747421925.8690543,"[ 0.          0.52169412  0.9812692  -2.79385412 -2.18576816  0.8095063
  0.65328846  1.52712581]","[ 0.00000000e+00 -3.02239089e-01  7.22213169e-02  2.63615131e-01
  2.83619133e-01 -1.58647403e-04 -3.57345052e-01 -2.06348155e-04]","[ 0.         -0.83139402 13.7839489  -1.29107428 -0.29191577  0.21067628
 -1.57951963 -1.25944459]"
1747421925.8714044,"[ 0.          0.52109853  0.98141294 -2.7933167  -2.18521635  0.8095063
  0.65257786  1.52712581]","[ 0.00000000e+00 -3.02239089e-01  7.31964166e-02  2.62554577e-01
  2.78188348e-01 -1.30021290e-04 -3.59769827e-01 -2.06348155e-04]","[ 0.         -0.79798013 13.79917622 -1.32786262 -0.39799786  0.22552262
 -1.55485594 -1.24810493]"
1747421925.873871,"[ 0.          0.52048507  0.98155802 -2.79280111 -2.18465416  0.8095063
  0.65183777  1.52712488]","[ 0.00000000e+00 -2.99538112e-01  7.31222559e-02  2.60914170e-01
  2.73839156e-01 -1.28092400e-04 -3.60766881e-01 -2.06348155e-04]","[ 0.         -0.78314978 13.79442787 -1.35802901 -0.4129      0.22841199
 -1.58235741 -1.21872294]"
1747421925.8754838,"[ 0.          0.51990004  0.98171188 -2.79226928 -2.18411886  0.8095063
  0.65111665  1.52712488]","[ 0.00000000e+00 -2.95756722e-01  7.64375836e-02  2.59545355e-01
  2.70637670e-01 -1.26221775e-04 -3.66792383e-01 -2.06504069e-04]","[ 0.         -0.78299373 13.80925369 -1.42624116 -0.450369    0.2553733
 -1.64411461 -1.20014584]"
1747421925.877266,"[ 0.          0.51929714  0.98187347 -2.791767   -2.18358943  0.8095063
  0.65039554  1.52712395]","[ 0.00000000e+00 -2.93325855e-01  7.92428326e-02  2.53351425e-01
  2.67395405e-01 -1.10321505e-04 -3.63821294e-01 -2.06350203e-04]","[ 0.         -0.74400872 13.71539211 -1.44907653 -0.59481049  0.27931452
 -1.5545646  -1.18315947]"
1747421925.8783484,"[ 0.          0.51870385  0.9820278  -2.79125408 -2.18304668  0.8095063
  0.64966403  1.52712395]","[ 0.00000000e+00 -2.89386807e-01  7.83282698e-02  2.49279901e-01
  2.63615131e-01 -1.08854369e-04 -3.55627779e-01 -2.06816581e-04]","[ 0.         -0.75189906 13.59003258 -1.4878521  -0.7284953   0.27509224
 -1.59096813 -1.19516027]"
1747421925.8800833,"[ 0.          0.51841916  0.9821049  -2.79101067 -2.18278995  0.8095063
  0.64931489  1.52712395]","[ 0.00000000e+00 -2.88734200e-01  7.82489076e-02  2.47119728e-01
  2.60373964e-01 -9.71914008e-05 -3.54097793e-01 -1.98411694e-04]","[ 0.         -0.74244618 13.50528145 -1.46333003 -0.75606126  0.25700441
 -1.65775764 -1.18515432]"
1747421925.8817475,"[ 0.          0.51781349  0.98226469 -2.79050759 -2.18226184  0.8095063
  0.64858239  1.52712288]","[ 0.00000000e+00 -2.83633680e-01  7.72366817e-02  2.45000783e-01
  2.56786903e-01 -9.71928231e-05 -3.59769827e-01 -2.08993647e-04]","[ 0.         -0.67861503 13.47152901 -1.47350526 -0.82625687  0.2737307
 -1.75792062 -1.17885053]"
1747421925.8834405,"[ 0.          0.51751502  0.98233959 -2.79026764 -2.18201257  0.8095063
  0.64822846  1.52712288]","[ 0.00000000e+00 -2.81111434e-01  7.58973946e-02  2.43357829e-01
  2.52811236e-01 -9.58137058e-05 -3.58959560e-01 -2.09309686e-04]","[ 0.         -0.57380956 13.54199791 -1.51487672 -0.92428553  0.26476571
 -1.65950203 -1.21124673]"
1747421925.885164,"[ 0.          0.51696491  0.98249525 -2.78979813 -2.18152015  0.8095063
  0.64749316  1.52712288]","[ 0.00000000e+00 -2.77930304e-01  7.69859201e-02  2.36065196e-01
  2.48219580e-01 -8.42227295e-05 -3.61106568e-01 -1.98709739e-04]","[ 0.         -0.49325117 13.56068039 -1.51384377 -0.97980165  0.30186158
 -1.55334461 -1.19546223]"
1747421925.886264,"[ 0.          0.5166926   0.98257055 -2.78956697 -2.1812778   0.8095063
  0.64713356  1.52712288]","[ 0.00000000e+00 -2.76039626e-01  7.63601355e-02  2.34207075e-01
  2.45788696e-01 -8.42227295e-05 -3.64631594e-01 -1.98862094e-04]","[ 0.         -0.51536542 13.53917408 -1.48104835 -0.95080519  0.31730884
 -1.55769181 -1.1982466 ]"
1747421925.8879645,"[ 0.          0.51613104  0.98271929 -2.78909825 -2.18078086  0.8095063
  0.6463972   1.52712195]","[ 0.00000000e+00 -2.74140992e-01  7.50870946e-02  2.27151978e-01
  2.40386757e-01 -6.80197252e-05 -3.75435506e-01 -2.06660195e-04]","[ 0.         -0.42443883 13.54872894 -1.48696172 -0.93742388  0.3354111
 -1.57300436 -1.17856944]"
1747421925.8897383,"[ 0.          0.51586149  0.98279326 -2.78887774 -2.18054623  0.8095063
  0.64599193  1.52712195]","[ 0.00000000e+00 -2.73338648e-01  7.50870946e-02  2.23640717e-01
  2.37714774e-01 -6.79464493e-05 -3.81669600e-01 -1.98711722e-04]","[ 0.         -0.32751811 13.57582474 -1.52815688 -0.94845819  0.33843413
 -1.54858422 -1.17338848]"
1747421925.890863,"[ 0.          0.51531138  0.98294659 -2.78842633 -2.1800642   0.8095063
  0.64524998  1.52712195]","[ 0.00000000e+00 -2.66817649e-01  7.40067084e-02  2.19673173e-01
  2.33966974e-01 -5.29613405e-05 -3.73975794e-01 -1.98711722e-04]","[ 0.         -0.30666339 13.54907513 -1.5395515  -0.9053601   0.31132823
 -1.41869402 -1.1332376 ]"
1747421925.892633,"[ 0.          0.51479064  0.98308714 -2.78799197 -2.1796096   0.8095063
  0.64450223  1.52712195]","[ 0.00000000e+00 -2.62264642e-01  6.99552497e-02  2.20669644e-01
  2.28502467e-01 -5.22847490e-05 -3.62861957e-01 -1.98711722e-04]","[ 0.         -0.25169164 13.54851055 -1.60509658 -0.80041659  0.28691313
 -1.37325239 -1.15905583]"
1747421925.893766,"[ 0.          0.51453627  0.98315512 -2.78775841 -2.17938643  0.8095063
  0.64414836  1.52712195]","[ 0.00000000e+00 -2.57681741e-01  6.88748552e-02  2.19923943e-01
  2.26341678e-01 -5.15175135e-05 -3.58959560e-01 -1.98711722e-04]","[ 0.         -0.28192103 13.53937626 -1.60900795 -0.74279499  0.27805632
 -1.48913002 -1.15811002]"
1747421925.8955317,"[ 0.          0.51401416  0.98329287 -2.78732885 -2.1789249   0.8095063
  0.64345101  1.52712102]","[ 0.00000000e+00 -2.53891630e-01  6.70580134e-02  2.17158366e-01
  2.24991189e-01 -5.08250738e-05 -3.49961471e-01 -1.98711722e-04]","[ 0.         -0.23700745 13.5828867  -1.6579777  -0.66448122  0.30755848
 -1.51639843 -1.14675248]"
1747421925.8972306,"[ 0.          0.51376482  0.98336631 -2.78711446 -2.17870359  0.8095063
  0.6430829   1.52712102]","[ 0.00000000e+00 -2.52811236e-01  6.45898457e-02  2.17428461e-01
  2.24451000e-01 -5.08257646e-05 -3.46562013e-01 -1.98713706e-04]","[ 0.         -0.17208453 13.65608025 -1.69694269 -0.67413735  0.30947423
 -1.40277314 -1.13151598]"
1747421925.8989708,"[ 0.          0.5132721   0.98349168 -2.7866761  -2.17825165  0.8095063
  0.64240652  1.52712102]","[ 0.00000000e+00 -2.49570069e-01  6.05018351e-02  2.11648586e-01
  2.20399533e-01 -5.00997793e-05 -3.42483615e-01 -1.98713706e-04]","[ 0.         -0.13765617 13.75521088 -1.6817193  -0.65452224  0.28590393
 -1.31915259 -1.13148904]"
1747421925.900743,"[ 0.          0.51300945  0.9835518  -2.78647264 -2.1780354   0.8095063
  0.64206783  1.52712102]","[ 0.00000000e+00 -2.47257696e-01  6.10420282e-02  2.06145396e-01
  2.19319155e-01 -4.94446805e-05 -3.43563993e-01 -1.90763250e-04]","[ 0.         -0.13379343 13.81502056 -1.67145872 -0.63525188  0.29659653
 -1.34463763 -1.13900769]"
1747421925.9023986,"[ 0.          0.51253051  0.9836781  -2.78607503 -2.17759199  0.8095063
  0.64136482  1.52712009]","[ 0.00000000e+00 -2.41737246e-01  6.20819261e-02  1.99331932e-01
  2.15159331e-01 -4.88064906e-05 -3.42483615e-01 -1.98862094e-04]","[ 0.         -0.09488229 13.91520309 -1.64589846 -0.5949316   0.31231171
 -1.39831269 -1.13214481]"
1747421925.904105,"[ 0.          0.51204425  0.98380113 -2.78567209 -2.17717813  0.8095063
  0.64069031  1.52712009]","[ 0.00000000e+00 -2.35722347e-01  6.23925172e-02  1.95820670e-01
  2.08245149e-01 -3.83474554e-05 -3.41403204e-01 -1.90765151e-04]","[ 0.         -0.01571038 14.05299854 -1.66090322 -0.58754474  0.3334589
 -1.40221429 -1.09835637]"
1747421925.9052207,"[ 0.          0.51181326  0.98393522 -2.78529392 -2.17676108  0.8095063
  0.63999396  1.52712009]","[ 0.00000000e+00 -2.34174518e-01  6.69551780e-02  1.90418714e-01
  2.02370149e-01 -3.78221540e-05 -3.39540489e-01 -1.90907607e-04]","[ 0.          0.02431386 14.16155815 -1.65220213 -0.54807693  0.31927216
 -1.44702435 -1.09979737]"
1747421925.9069061,"[ 0.          0.51158276  0.98400274 -2.78510777 -2.17656374  0.8095063
  0.63966293  1.52712009]","[ 0.00000000e+00 -2.33904407e-01  6.85352481e-02  1.88798131e-01
  2.00142232e-01 -3.78593040e-05 -3.35731170e-01 -1.90763250e-04]","[ 0.          0.05563947 14.2401247  -1.64010298 -0.55455756  0.31316447
 -1.32126164 -1.12691057]"
1747421925.9085975,"[ 0.          0.51112539  0.98413956 -2.78472774 -2.17617492  0.8095063
  0.63898655  1.52711915]","[ 0.00000000e+00 -2.30663240e-01  6.88748552e-02  1.84746681e-01
  1.96701561e-01 -3.73829453e-05 -3.27754370e-01 -1.98711722e-04]","[ 0.          0.09930215 14.28317833 -1.61982417 -0.53407407  0.32468012
 -1.31896257 -1.12906444]"
1747421925.9103136,"[ 0.          0.51088201  0.98421259 -2.78454771 -2.17596826  0.8095063
  0.63866311  1.52711915]","[ 0.00000000e+00 -2.29202379e-01  6.87105590e-02  1.82585892e-01
  1.94596332e-01 -3.69179609e-05 -3.27566118e-01 -1.90909509e-04]","[ 0.          0.12467352 14.23801517 -1.61402023 -0.53839189  0.3241314
 -1.35512209 -1.12598467]"
1747421925.9125423,"[ 0.          0.51043201  0.98428197 -2.78418392 -2.17558556  0.8095063
  0.63801337  1.52711915]","[ 0.00000000e+00 -2.26881884e-01  7.02253442e-02  1.75036379e-01
  1.93929992e-01 -3.68826395e-05 -3.30869403e-01 -1.90763250e-04]","[ 0.          0.15926114 14.25578499 -1.63015962 -0.51254988  0.32160366
 -1.33552194 -1.10595882]"
1747421925.9143326,"[ 0.          0.50998063  0.98442471 -2.78384703 -2.17519621  0.8095063
  0.6373322   1.52711915]","[ 0.00000000e+00 -2.18287463e-01  7.34665111e-02  1.68810924e-01
  1.88577888e-01 -3.64648586e-05 -3.33840492e-01 -1.80301630e-04]","[ 0.          0.2477437  14.24541283 -1.59429777 -0.53017825  0.35178286
 -1.27166069 -1.08441961]"
1747421925.916081,"[ 0.          0.50956049  0.98457079 -2.78350614 -2.17482976  0.8095063
  0.63668245  1.52711822]","[ 0.00000000e+00 -2.10405938e-01  7.07655415e-02  1.65256419e-01
  1.85016775e-01 -3.59891054e-05 -3.27088047e-01 -1.90763250e-04]","[ 0.          0.30119118 14.26417828 -1.58162749 -0.5928731   0.37241238
 -1.2459904  -1.07031167]"
1747421925.9177942,"[ 0.          0.50935569  0.98464103 -2.78334449 -2.17464893  0.8095063
  0.63633624  1.52711822]","[ 0.00000000e+00 -2.07704960e-01  7.13057304e-02  1.63783059e-01
  1.83396192e-01 -3.55583817e-05 -3.25999014e-01 -1.90763250e-04]","[ 0.          0.3073611  14.26342964 -1.59661186 -0.61567515  0.38574138
 -1.28522933 -1.07977712]"
1747421925.9189482,"[ 0.          0.5089401   0.98478384 -2.78302358 -2.17428434  0.80950723
  0.63569502  1.52711822]","[ 0.00000000e+00 -2.01222626e-01  7.31222559e-02  1.62598684e-01
  1.76373652e-01 -2.26280613e-05 -3.26277747e-01 -1.80301630e-04]","[ 0.          0.25542697 14.27523422 -1.59324253 -0.62607086  0.40979975
 -1.31901169 -1.07130861]"
1747421925.9206867,"[ 0.          0.50855165  0.98493031 -2.78268935 -2.17391656  0.80950723
  0.63506432  1.52711822]","[ 0.00000000e+00 -1.95550576e-01  7.13057304e-02  1.63949173e-01
  1.72322185e-01 -2.23604468e-05 -3.18122282e-01 -1.80165302e-04]","[ 0.          0.23828651 14.27330017 -1.58733582 -0.66568834  0.39371914
 -1.2531321  -1.08422101]"
1747421925.9230363,"[ 0.          0.50834499  0.98500009 -2.78252903 -2.17373413  0.80950723
  0.63473708  1.52711822]","[ 0.00000000e+00 -1.94596332e-01  7.07655415e-02  1.62598684e-01
  1.71776387e-01 -2.20988263e-05 -3.08194450e-01 -1.80301630e-04]","[ 0.          0.20095427 14.26964188 -1.60445845 -0.68432689  0.38526532
 -1.2371856  -1.08593011]"
1747421925.9258177,"[ 0.          0.50777743  0.98522233 -2.78204966 -2.17323106  0.80950723
  0.63383807  1.52711822]","[ 0.00000000e+00 -1.90148620e-01  7.29263222e-02  1.55035956e-01
  1.68540829e-01 -2.18240781e-05 -2.91142197e-01 -1.80165302e-04]","[ 0.          0.14323749 14.17829514 -1.6474638  -0.72986293  0.35907012
 -1.30108488 -1.10554039]"
1747421925.927793,"[ 0.          0.5073954   0.9853684  -2.7817434  -2.17289311  0.80950723
  0.63326728  1.52711729]","[ 0.00000000e+00 -1.85638790e-01  7.09674756e-02  1.47953396e-01
  1.64253340e-01 -2.15560776e-05 -2.88464088e-01 -1.80301630e-04]","[ 0.          0.10817889 14.16142082 -1.69861889 -0.79250675  0.3898932
 -1.40490901 -1.08357656]"
1747421925.9301078,"[ 0.          0.50685172  0.98557453 -2.78133567 -2.17242732  0.80950816
  0.63240635  1.52711729]","[ 0.00000000e+00 -1.81505497e-01  6.75243704e-02  1.32617857e-01
  1.54878863e-01  0.00000000e+00 -2.80359124e-01 -1.80301630e-04]","[ 0.          0.06021865 14.15718365 -1.73413897 -0.86159873  0.43722594
 -1.19574726 -1.03850186]"
1747421925.931281,"[ 0.          0.50666254  0.98563792 -2.78120065 -2.1722662   0.80950816
  0.63213524  1.52711729]","[ 0.00000000e+00 -1.78045601e-01  6.42831993e-02  1.27020009e-01
  1.51714911e-01  0.00000000e+00 -2.74959232e-01 -1.80301630e-04]","[ 0.          0.05303317 14.15703297 -1.72652996 -0.86274976  0.43729687
 -1.22422659 -1.05485547]"
1747421925.9330752,"[ 0.          0.50631216  0.98576056 -2.78096416 -2.17197884  0.80950816
  0.63159395  1.52711729]","[ 0.00000000e+00 -1.76913841e-01  5.90914167e-02  1.17222306e-01
  1.42881572e-01  0.00000000e+00 -2.73601353e-01 -1.69567338e-04]","[ 0.          0.04605349 14.2118988  -1.74823189 -0.81008172  0.42645487
 -1.3080771  -1.04340696]"
1747421925.9348023,"[ 0.          0.50595217  0.98587534 -2.78073592 -2.17170747  0.80950816
  0.6310289   1.52711729]","[ 0.00000000e+00 -1.74785609e-01  5.83410544e-02  1.10338126e-01
  1.36261028e-01  0.00000000e+00 -2.76849910e-01 -1.69695653e-04]","[ 0.          0.03534743 14.31542397 -1.73680925 -0.76262742  0.44842446
 -1.35838628 -1.00302088]"
1747421925.9359927,"[ 0.          0.5057818   0.98593226 -2.78062886 -2.17156552  0.80950816
  0.63075299  1.52711622]","[ 0.00000000e+00 -1.72862391e-01  5.78008613e-02  1.08469170e-01
  1.33785570e-01  0.00000000e+00 -2.79820999e-01 -1.69567338e-04]","[ 0.          0.03769271 14.42831421 -1.75276601 -0.74570084  0.46383098
 -1.3216269  -1.01651239]"
1747421925.9391015,"[ 0.          0.50544614  0.98605071 -2.78041581 -2.17130293  0.80950816
  0.63020412  1.52711622]","[ 0.00000000e+00 -1.69891318e-01  5.86111530e-02  1.09119380e-01
  1.32617857e-01  0.00000000e+00 -2.76849910e-01 -1.69695653e-04]","[ 0.00000000e+00  3.96678085e-03  1.45807848e+01 -1.76085103e+00
 -7.30744123e-01  4.73984152e-01 -1.27712369e+00 -1.01987374e+00]"
1747421925.9408085,"[ 0.          0.50510405  0.98617887 -2.78019264 -2.17103422  0.80950816
  0.62964379  1.52711622]","[ 0.00000000e+00 -1.66008213e-01  6.44474955e-02  1.08579183e-01
  1.30148832e-01  0.00000000e+00 -2.71712572e-01 -1.69567338e-04]","[ 0.00000000e+00  1.30328741e-02  1.46580439e+01 -1.77311039e+00
 -6.96943343e-01  4.70807582e-01 -1.28256977e+00 -1.00289130e+00]"
1747421925.9425232,"[ 0.          0.50461317  0.98638547 -2.77987626 -2.17065845  0.80950916
  0.62883232  1.52711622]","[ 0.00000000e+00 -1.59990285e-01  7.18459277e-02  1.05338016e-01
  1.25865421e-01  1.07029484e-05 -2.66316109e-01 -1.61741166e-04]","[ 0.00000000e+00  1.03774136e-02  1.46501799e+01 -1.84387243e+00
 -7.19061971e-01  4.76356238e-01 -1.32742190e+00 -9.84351397e-01]"
1747421925.944311,"[ 0.          0.50445887  0.98645804 -2.7797676  -2.17065845  0.80950916
  0.62857353  1.52711622]","[ 0.00000000e+00 -1.56386445e-01  7.34665111e-02  1.02313531e-01
  1.25865421e-01  1.05979587e-05 -2.62534753e-01 -1.53670393e-04]","[ 0.00000000e+00 -1.03348149e-02  1.46182833e+01 -1.90139711e+00
 -7.19061971e-01  4.96982604e-01 -1.27255213e+00 -9.69114184e-01]"
1747421925.9460664,"[ 0.          0.5041572   0.98661556 -2.77956786 -2.17040465  0.80950916
  0.62804556  1.52711622]","[ 0.00000000e+00 -1.51640975e-01  7.87885556e-02  1.00476258e-01
  1.23434545e-01  1.85602774e-05 -2.54279220e-01 -1.53670393e-04]","[ 0.         -0.02357162 14.57431984 -1.96613848 -0.76381105  0.52398539
 -1.19677031 -0.95438141]"
1747421925.9477587,"[ 0.          0.50384954  0.98677948 -2.77936626 -2.1701631   0.80951009
  0.62755946  1.52711622]","[ 0.00000000e+00 -1.50984489e-01  8.04966738e-02  9.75489276e-02
  1.21960361e-01  2.91443860e-05 -2.44168113e-01 -1.53438374e-04]","[ 0.         -0.03557715 14.541605   -2.04517531 -0.75714338  0.53475165
 -1.185022   -0.94301617]"
1747421925.948905,"[ 0.          0.50370213  0.98685938 -2.77926959 -2.17003633  0.80951009
  0.62732451  1.52711622]","[ 0.00000000e+00 -1.49634000e-01  8.10292395e-02  9.80453824e-02
  1.19365785e-01  2.91664395e-05 -2.38225968e-01 -1.42857835e-04]","[ 0.         -0.0298591  14.47608471 -2.06188202 -0.74412167  0.53184325
 -1.20924485 -0.94287413]"
1747421925.950625,"[ 0.          0.50341102  0.98702602 -2.77908317 -2.16980677  0.80951009
  0.62684787  1.52711622]","[ 0.00000000e+00 -1.45974684e-01  8.56209037e-02  9.23733403e-02
  1.15061525e-01  2.91443860e-05 -2.29582862e-01 -1.42857835e-04]","[ 0.         -0.04798733 14.44858646 -2.15311193 -0.70377016  0.54884911
 -1.14713717 -0.92581517]"
1747421925.9523365,"[ 0.          0.50325719  0.98711144 -2.77898862 -2.16969598  0.80951009
  0.62662716  1.52711622]","[ 0.00000000e+00 -1.44944174e-01  8.67012899e-02  8.90228007e-02
  1.12360547e-01  2.91443860e-05 -2.23683943e-01 -1.32274460e-04]","[ 0.         -0.041567   14.45766544 -2.19954515 -0.70796663  0.56777912
 -1.10062361 -0.93365282]"
1747421925.9534857,"[ 0.          0.50297109  0.98729101 -2.77882351 -2.16947254  0.80951009
  0.6261858   1.52711622]","[ 0.00000000e+00 -1.44772250e-01  8.80517789e-02  8.18395312e-02
  1.07929522e-01  2.91664395e-05 -2.14156268e-01 -1.32275769e-04]","[ 0.         -0.06324584 14.37819386 -2.30136824 -0.7428177   0.57588285
 -1.02986288 -0.91771942]"
1747421925.955262,"[ 0.          0.5028159   0.98737962 -2.77874814 -2.16936921  0.80951009
  0.62595178  1.52711622]","[ 0.00000000e+00 -1.46198006e-01  8.99424568e-02  7.63601355e-02
  1.04904212e-01  2.91443860e-05 -2.05885538e-01 -1.32275769e-04]","[ 0.         -0.06372229 14.32815075 -2.32698703 -0.74418491  0.57637632
 -1.0249331  -0.90274853]"
1747421925.9563644,"[ 0.          0.50252798  0.98756145 -2.77860539 -2.16916388  0.80951102
  0.62556362  1.52711622]","[ 0.00000000e+00 -1.44625560e-01  8.87720308e-02  6.77944648e-02
  1.03447330e-01  3.70928568e-05 -1.94705621e-01 -1.21692507e-04]","[ 0.         -0.0744772  14.24896049 -2.37222123 -0.72000891  0.5900808
 -1.03352237 -0.88742381]"
1747421925.95814,"[ 0.          0.5023861   0.98764827 -2.77854095 -2.16905656  0.80951102
  0.62536289  1.52711622]","[ 0.00000000e+00 -1.43961950e-01  8.79625630e-02  6.53635897e-02
  1.01059690e-01  3.71209245e-05 -1.89079411e-01 -1.21692507e-04]","[ 0.         -0.10977021 14.21597672 -2.37921309 -0.71743041  0.59508508
 -1.0072577  -0.87595797]"
1747421925.9599266,"[ 0.          0.50209818  0.98782597 -2.77841471 -2.16886081  0.80951102
  0.62500809  1.52711622]","[ 0.00000000e+00 -1.39678039e-01  8.65151183e-02  5.96267495e-02
  9.87555143e-02  4.76908124e-05 -1.76643747e-01 -1.13756038e-04]","[ 0.         -0.14982015 14.16695595 -2.37678552 -0.70768553  0.60078496
 -0.95375407 -0.900769  ]"
1747421925.961034,"[ 0.          0.50196089  0.9879068  -2.77835905 -2.16875695  0.80951102
  0.62483778  1.52711622]","[ 0.00000000e+00 -1.39370294e-01  8.21096340e-02  5.65076844e-02
  9.78918761e-02  4.77269018e-05 -1.72862391e-01 -1.13757160e-04]","[ 0.         -0.10250037 14.14307499 -2.38337421 -0.74289179  0.61250597
 -0.94321322 -0.8791849 ]"
1747421925.9627712,"[ 0.          0.50169458  0.98806386 -2.77825492 -2.16857239  0.80951102
  0.62450009  1.52711622]","[ 0.00000000e+00 -1.34508543e-01  7.88684671e-02  5.21288109e-02
  9.26434348e-02  4.76908124e-05 -1.60978101e-01 -1.13670222e-04]","[ 0.         -0.08131763 14.17370129 -2.38674641 -0.7863726   0.61873072
 -0.91387033 -0.85023516]"
1747421925.9662185,"[ 0.          0.50142916  0.98821905 -2.77815106 -2.1683889   0.80951102
  0.62418803  1.52711622]","[ 0.00000000e+00 -1.27486012e-01  7.47289993e-02  4.99680343e-02
  8.85212692e-02  4.77269018e-05 -1.48705689e-01 -1.05819570e-04]","[ 0.         -0.02274416 14.26930714 -2.40715981 -0.82728821  0.58999801
 -0.91840595 -0.84226292]"
1747421925.9673276,"[ 0.          0.50118255  0.98835953 -2.77805572 -2.16822219  0.80951102
  0.6239074   1.52711622]","[ 0.00000000e+00 -1.23974743e-01  7.07655415e-02  4.73150473e-02
  8.31057311e-02  4.77273772e-05 -1.38830105e-01 -1.05739735e-04]","[ 0.         -0.0462806  14.37896729 -2.45511532 -0.84642792  0.59043312
 -0.90589005 -0.84489775]"
1747421925.9690826,"[ 0.          0.50093597  0.98850554 -2.77796517 -2.16805547  0.80951102
  0.6236534   1.52711622]","[ 0.00000000e+00 -1.20193379e-01  7.12182455e-02  4.29454991e-02
  8.02459039e-02  4.76908124e-05 -1.25325232e-01 -9.52385514e-05]","[ 0.00000000e+00 -6.71742018e-03  1.45344582e+01 -2.49964881e+00
 -9.74647939e-01  5.84748089e-01 -8.71764839e-01 -8.47013891e-01]"
1747421925.9707527,"[ 0.          0.50070821  0.98864656 -2.77788394 -2.16790447  0.80951202
  0.62341272  1.52711622]","[ 0.00000000e+00 -1.14521328e-01  7.06938358e-02  4.07847184e-02
  7.42768028e-02  5.82887721e-05 -1.14791431e-01 -9.51657631e-05]","[ 0.          0.03654549 14.63080025 -2.52219748 -1.05036485  0.60109073
 -0.88665211 -0.8308692 ]"
1747421925.9719305,"[ 0.          0.50058747  0.9887168  -2.777844   -2.16783363  0.80951202
  0.62330047  1.52711622]","[ 0.00000000e+00 -1.13598110e-01  7.13057304e-02  4.05146197e-02
  7.17731318e-02  5.82887721e-05 -1.13981131e-01 -9.51657631e-05]","[ 0.00000000e+00  6.19602669e-03  1.46680813e+01 -2.53128862e+00
 -1.07288802e+00  6.04745209e-01 -8.78228426e-01 -8.27493906e-01]"
1747421925.9737084,"[ 0.          0.50036336  0.98886787 -2.77776677 -2.16769542  0.80951202
  0.62319108  1.52711622]","[ 0.00000000e+00 -1.12630650e-01  7.50870946e-02  3.66960379e-02
  6.55671883e-02  5.83328791e-05 -1.10897590e-01 -8.46564929e-05]","[ 0.         -0.02073411 14.72902107 -2.57228279 -1.11701143  0.61485142
 -0.88162529 -0.82328063]"
1747421925.975383,"[ 0.          0.50014112  0.98901714 -2.77770205 -2.16757824  0.80951202
  0.62296844  1.52711622]","[ 0.00000000e+00 -1.12630650e-01  7.64375836e-02  3.07911127e-02
  5.64503723e-02  5.82887721e-05 -1.06958600e-01 -8.45917913e-05]","[ 0.         -0.07017642 14.78392982 -2.59595728 -1.11242628  0.59628075
 -0.85776389 -0.81295449]"
1747421925.9771478,"[ 0.          0.50002447  0.98909197 -2.77767355 -2.16752684  0.80951202
  0.62286098  1.52711622]","[ 0.00000000e+00 -1.09733256e-01  7.58973946e-02  2.68322260e-02
  5.21288109e-02  5.83328791e-05 -1.09119380e-01 -8.46556558e-05]","[ 0.         -0.04963943 14.79490185 -2.59794211 -1.1022495   0.59758103
 -0.83542931 -0.80920923]"
1747421925.9788842,"[ 0.          0.49981508  0.98925589 -2.77763467 -2.1674299   0.80951202
  0.62263548  1.52711622]","[ 0.00000000e+00 -1.05338016e-01  8.10292395e-02  1.70334171e-02
  4.61398734e-02  5.82893532e-05 -1.11010067e-01 -7.66613124e-05]","[ 0.         -0.04305784 14.79516602 -2.5947988  -0.99222875  0.58352822
 -0.80537218 -0.79984719]"
1747421925.9805331,"[ 0.          0.49960662  0.989423   -2.7776139  -2.16734148  0.80951202
  0.62241004  1.52711729]","[ 0.00000000e+00 -1.01016455e-01  8.17505150e-02  7.27228515e-03
  4.18783330e-02  5.83328791e-05 -1.14675117e-01 -6.61378843e-05]","[ 0.         -0.08964714 14.74905777 -2.60697985 -0.8305065   0.55599111
 -0.80097884 -0.81478882]"
1747421925.9822366,"[ 0.          0.49950835  0.98950429 -2.7776115  -2.1673018   0.80951202
  0.6222864   1.52711729]","[ 0.00000000e+00 -9.96659659e-02  8.23797284e-02  2.43087727e-03
  4.02445253e-02  5.83328791e-05 -1.16356562e-01 -6.61378843e-05]","[ 0.         -0.11985777 14.71718884 -2.60661864 -0.75787669  0.54334754
 -0.76873922 -0.80215913]"
1747421925.9840324,"[ 0.          0.49931274  0.98967234 -2.77761789 -2.16722936  0.80951202
  0.62204472  1.52711729]","[ 0.00000000e+00 -9.83154852e-02  8.56209037e-02 -3.24116978e-03
  3.53827707e-02  5.82887721e-05 -1.24514940e-01 -5.55552731e-05]","[ 0.         -0.14548874 14.57280254 -2.58232474 -0.6798718   0.51410693
 -0.71681088 -0.79536098]"
1747421925.985165,"[ 0.          0.49921171  0.98976282 -2.77762455 -2.16719634  0.80951202
  0.62192015  1.52711729]","[ 0.00000000e+00 -9.50412452e-02  8.52612771e-02 -4.30108422e-03
  3.34920866e-02  5.83328791e-05 -1.26405618e-01 -5.55552731e-05]","[ 0.         -0.13475636 14.49288464 -2.58610797 -0.63031399  0.48100764
 -0.70082617 -0.82188392]"
1747421925.9868252,"[ 0.          0.49902988  0.98993    -2.77763414 -2.16712869  0.80951202
  0.6216547   1.52711729]","[ 0.00000000e+00 -9.12929458e-02  8.42704147e-02 -5.35264638e-03
  3.32219900e-02  5.82887721e-05 -1.30186982e-01 -5.55139131e-05]","[ 0.         -0.16767043 14.32748032 -2.60370398 -0.49463633  0.45982885
 -0.64198267 -0.80705035]"
1747421925.9885662,"[ 0.          0.49885907  0.99009112 -2.777636   -2.16706318  0.80951202
  0.62140829  1.52711729]","[ 0.00000000e+00 -8.42704147e-02  7.96787588e-02 -2.01887636e-03
  3.34920866e-02  5.83328791e-05 -1.22624254e-01 -4.76188043e-05]","[ 0.         -0.23249376 14.12827587 -2.61822581 -0.44364366  0.46012428
 -0.61573458 -0.79372495]"
1747421925.9902775,"[ 0.          0.49877042  0.99017241 -2.77763467 -2.16702776  0.80951202
  0.62127986  1.52711729]","[ 0.00000000e+00 -8.35058960e-02  7.64843803e-02 -1.75554461e-04
  3.33522061e-02  5.83328791e-05 -1.20870396e-01 -4.76188043e-05]","[ 0.         -0.31581947 14.05736065 -2.64941311 -0.48708287  0.47046435
 -0.59222621 -0.78023177]"
1747421925.9914064,"[ 0.          0.49860651  0.99031569 -2.77763094 -2.16696518  0.80951202
  0.62104204  1.52711729]","[ 0.00000000e+00 -8.34601230e-02  7.18459277e-02  1.25870798e-03
  3.07599142e-02  5.82013384e-05 -1.19653181e-01 -4.76188043e-05]","[ 0.         -0.36706254 13.90062332 -2.68975163 -0.61070323  0.44599932
 -0.59815651 -0.75752741]"
1747421925.993222,"[ 0.          0.49852525  0.99038547 -2.77762988 -2.16693535  0.80951202
  0.62092506  1.52711729]","[ 0.00000000e+00 -8.23797284e-02  7.07655415e-02  1.20505022e-03
  2.80860672e-02  5.82013384e-05 -1.18572795e-01 -4.76192757e-05]","[ 0.         -0.38017005 13.82110691 -2.71264505 -0.7370804   0.44659668
 -0.59510094 -0.77608436]"
1747421925.9944355,"[ 0.          0.49835121  0.99052275 -2.77763174 -2.16688874  0.80951202
  0.62067959  1.52711729]","[ 0.00000000e+00 -8.61610926e-02  6.57013367e-02  5.85076336e-04
  2.21479940e-02  5.82007654e-05 -1.20733576e-01 -4.76192757e-05]","[ 0.         -0.43935391 13.76280975 -2.7765038  -0.91064489  0.47081789
 -0.56783944 -0.76450789]"
1747421925.9961185,"[ 0.          0.49826486  0.99058707 -2.77763307 -2.16686984  0.80951202
  0.62055788  1.52711729]","[ 0.00000000e+00 -8.75115816e-02  6.52973643e-02 -1.59566278e-04
  1.91769216e-02  5.82007654e-05 -1.23434545e-01 -3.70089097e-05]","[ 0.         -0.43699971 13.80328274 -2.78747249 -0.99636185  0.47243679
 -0.5648126  -0.75193405]"
1747421925.997843,"[ 0.          0.49809405  0.99071657 -2.77763494 -2.16684081  0.80951202
  0.62029243  1.52711729]","[ 0.00000000e+00 -8.69713844e-02  6.56336883e-02 -3.69524199e-04
  1.25384225e-02  5.82453112e-05 -1.31653443e-01 -3.70368514e-05]","[ 0.         -0.48078606 13.77155113 -2.83243299 -1.16177809  0.51163775
 -0.56300288 -0.75245738]"
1747421926.0001104,"[ 0.          0.49800177  0.99078454 -2.77763494 -2.16683122  0.80951202
  0.62015827  1.52711729]","[ 0.00000000e+00 -8.67658882e-02  6.39459557e-02 -5.54286331e-04
  9.72350907e-03  5.82013384e-05 -1.36129127e-01 -3.70092754e-05]","[ 0.         -0.45155215 13.7601881  -2.86019063 -1.21672249  0.51531059
 -0.53378755 -0.7522915 ]"
1747421926.0013008,"[ 0.          0.4978268   0.99090345 -2.77763414 -2.16682163  0.80951202
  0.61988623  1.52711729]","[ 0.00000000e+00 -8.85022110e-02  5.90914167e-02 -5.20085160e-04
  3.00922145e-03  5.82007654e-05 -1.38830105e-01 -3.70372172e-05]","[ 0.         -0.43784946 13.68966675 -2.85374761 -1.33711028  0.51334012
 -0.52252263 -0.74019718]"
1747421926.0047474,"[ 0.          0.49764314  0.9910187  -2.77763467 -2.16682217  0.80951202
  0.61959894  1.52711729]","[ 0.00000000e+00 -9.02766419e-02  5.59101792e-02 -4.64218074e-04
 -1.61894291e-03  5.82013384e-05 -1.39678039e-01 -2.64548924e-05]","[ 0.         -0.45541716 13.66051579 -2.89443016 -1.34346116  0.49566892
 -0.55670488 -0.7289353 ]"
1747421926.0069885,"[ 0.          0.49727945  0.99123502 -2.777636   -2.16682536  0.80951202
  0.61908715  1.52711822]","[ 0.00000000e+00 -8.89390609e-02  5.18602394e-02 -1.32971898e-04
 -3.50993221e-04  5.82007654e-05 -1.16356562e-01 -1.85046377e-05]","[ 0.         -0.40695864 13.62961674 -2.92841172 -1.29991305  0.50250536
 -0.5406338  -0.7408607 ]"
1747421926.0081627,"[ 0.          0.4971922   0.99128548 -2.777636   -2.16682376  0.80951202
  0.61898056  1.52711822]","[ 0.00000000e+00 -8.85919761e-02  5.13185192e-02 -1.05576254e-04
  6.14440613e-04  5.82007654e-05 -1.08038994e-01 -1.85184257e-05]","[ 0.         -0.40711141 13.66482925 -2.93207788 -1.3031466   0.50250536
 -0.55235994 -0.74102682]"
1747421926.0099185,"[ 0.          0.49702369  0.99138835 -2.77763627 -2.16682296  0.80951202
  0.61878175  1.52711822]","[ 0.00000000e+00 -8.37302174e-02  5.29391068e-02 -1.20222153e-04
  5.24037997e-04  5.82007654e-05 -9.32858641e-02 -1.05819570e-05]","[ 0.         -0.36678079 13.73624039 -2.92792702 -1.38289976  0.5045985
 -0.539056   -0.73539418]"
1747421926.0117059,"[ 0.          0.49685701  0.9915018  -2.7776368  -2.16682483  0.80951202
  0.61862196  1.52711822]","[ 0.00000000e+00 -8.04890505e-02  5.59101792e-02 -1.77766279e-04
  1.06377519e-04  5.82013384e-05 -7.61674891e-02 -1.05740785e-05]","[ 0.         -0.31723684 13.84193325 -2.91983938 -1.46975446  0.51134175
 -0.52705652 -0.72569954]"
1747421926.0128353,"[ 0.          0.49677755  0.99155779 -2.7776368  -2.16682536  0.80951202
  0.61855152  1.52711822]","[ 0.00000000e+00 -8.04890505e-02  5.66630008e-02 -1.77766279e-04
 -3.14360939e-04  5.82007654e-05 -7.12334838e-02 -1.05820616e-05]","[ 0.         -0.29650792 13.86131001 -2.91983938 -1.50185382  0.51419562
 -0.53199631 -0.70964563]"
1747421926.015172,"[ 0.          0.49662372  0.99167584 -2.77763734 -2.16682483  0.80951295
  0.61842695  1.52711822]","[ 0.00000000e+00 -7.34751581e-02  5.84290511e-02 -2.44925906e-04
 -3.11065050e-04  6.60873364e-05 -5.78008613e-02 -1.05739739e-05]","[ 0.         -0.26403683 13.91795444 -2.90504122 -1.57917845  0.53092855
 -0.55169231 -0.70507783]"
