Time,Position,Velocity,Effort
1748894234.7161963,"[ 0.00000000e+00 -3.11589848e-04  2.94004828e-01  3.13995481e+00
 -2.27021833e+00  1.10254869e-04  9.60115979e-01  1.57105425e+00]","[ 0.00000000e+00 -3.01103838e-02  3.71993774e-03 -2.29350247e-02
 -1.69569029e-04  1.58969375e-05  1.05819570e-05  0.00000000e+00]","[ 0.         -2.03581929 10.45974064 -1.64848804 -5.49855804  0.06612872
 -0.62859994 -0.16511308]"
1748894234.7185316,"[ 0.00000000e+00 -3.85093094e-04  2.94017678e-01  3.13992312e+00
 -2.27022019e+00  1.10254869e-04  9.60115979e-01  1.57105425e+00]","[ 0.00000000e+00 -3.77753338e-02  5.79138813e-03 -2.98414461e-02
 -1.77650140e-04  1.58969375e-05  1.05820616e-05  0.00000000e+00]","[ 0.         -1.99306071 10.5699501  -1.62292027 -5.53991175  0.03719345
 -0.63594651 -0.16511928]"
1748894234.7196429,"[ 0.00000000e+00 -4.27703671e-04  2.94025967e-01  3.13988690e+00
 -2.27022099e+00  1.10254869e-04  9.60115979e-01  1.57105425e+00]","[ 0.00000000e+00 -4.29454991e-02  6.93440126e-03 -3.67332556e-02
 -1.86473161e-04  1.58969375e-05  1.06059783e-05  0.00000000e+00]","[ 0.         -1.95581627 10.5928297  -1.58310139 -5.57197905  0.01512972
 -0.62677962 -0.1582391 ]"
1748894234.7220273,"[ 0.00000000e+00 -5.31566954e-04  2.94046174e-01  3.13979182e+00
 -2.27022286e+00  1.10254869e-04  9.60115979e-01  1.57105425e+00]","[ 0.00000000e+00 -5.31629122e-02  1.10627764e-02 -4.94013885e-02
 -2.34243288e-04  1.58969375e-05  1.05979587e-05  0.00000000e+00]","[ 0.         -1.81362534 10.67304993 -1.46598876 -5.64365149 -0.01198457
 -0.62691593 -0.15250021]"
1748894234.7261946,"[ 0.00000000e+00 -6.48213409e-04  2.94074637e-01  3.13967491e+00
 -2.27022525e+00  1.10254869e-04  9.60116977e-01  1.57105425e+00]","[ 0.00000000e+00 -6.10420282e-02  1.48553612e-02 -5.91513461e-02
 -3.21511878e-04  1.58969375e-05  1.85604623e-05  0.00000000e+00]","[ 0.         -1.61120236 10.73440552 -1.29091501 -5.6901288  -0.05734065
 -0.62975842 -0.14106047]"
1748894234.7278328,"[ 0.00000000e+00 -8.45819962e-04  2.94154997e-01  3.13940034e+00
 -2.27023058e+00  1.09189605e-04  9.60116977e-01  1.57105425e+00]","[ 0.00000000e+00 -6.80645635e-02  2.33214660e-02 -7.34751581e-02
 -6.53135771e-04  5.30304197e-06  1.85604623e-05  0.00000000e+00]","[ 0.         -1.27952588 10.84373569 -0.89332318 -5.73209095 -0.15699857
 -0.65048409 -0.18066284]"
1748894234.7295477,"[ 0.00000000e+00 -9.84304339e-04  2.94207795e-01  3.13924641e+00
 -2.27023244e+00  1.09189605e-04  9.60116977e-01  1.57105425e+00]","[ 0.00000000e+00 -7.07655415e-02  2.83602355e-02 -7.82489076e-02
 -7.89897415e-04  5.29897933e-06  1.85464284e-05  0.00000000e+00]","[ 0.         -1.0483427  10.86206627 -0.70014656 -5.75597    -0.16962074
 -0.64135641 -0.18951592]"
1748894234.7307029,"[ 0.00000000e+00 -1.05887285e-03  2.94239020e-01  3.13916838e+00
 -2.27023404e+00  1.09189605e-04  9.60116977e-01  1.57105425e+00]","[ 0.00000000e+00 -7.04659358e-02  3.16014045e-02 -7.91385615e-02
 -8.98623633e-04  5.30298914e-06  1.85464284e-05  0.00000000e+00]","[ 0.         -0.90412402 10.89929485 -0.56818664 -5.74418354 -0.16809602
 -0.62446415 -0.17967288]"
1748894234.7324426,"[ 0.00000000e+00 -1.20108565e-03  2.94312956e-01  3.13900220e+00
 -2.27023564e+00  1.08656972e-04  9.60116977e-01  1.57105425e+00]","[ 0.00000000e+00 -6.97136303e-02  3.76152695e-02 -8.18395312e-02
 -1.04072200e-03  0.00000000e+00  1.85604623e-05  0.00000000e+00]","[ 0.         -0.69117081 10.85033035 -0.36990312 -5.7671175  -0.1786276
 -0.61096704 -0.1753881 ]"
1748894234.7342057,"[ 0.00000000e+00 -1.34276582e-03  2.94392385e-01  3.13883815e+00
 -2.27023804e+00  1.07591708e-04  9.60116977e-01  1.57105425e+00]","[ 0.00000000e+00 -7.31964166e-02  4.10548170e-02 -8.29199257e-02
 -1.12340041e-03 -1.59089679e-05  1.85464284e-05  0.00000000e+00]","[ 0.         -0.48549327 10.84509373 -0.19481649 -5.76868773 -0.26260388
 -0.57278991 -0.16658066]"
1748894234.735398,"[ 0.00000000e+00 -1.41413854e-03  2.94436460e-01  3.13875000e+00
 -2.27023937e+00  1.07591708e-04  9.60117909e-01  1.57105425e+00]","[ 0.00000000e+00 -7.21160221e-02  4.15884063e-02 -8.30043562e-02
 -1.13519231e-03 -1.58969375e-05  2.91664395e-05  0.00000000e+00]","[ 0.         -0.37436983 10.79646778 -0.15506089 -5.75310707 -0.29489002
 -0.5801155  -0.15578191]"
1748894234.737129,"[ 0.00000000e+00 -1.55901450e-03  2.94517287e-01  3.13858115e+00
 -2.27024176e+00  1.06526444e-04  9.60117909e-01  1.57105425e+00]","[ 0.00000000e+00 -6.99552497e-02  4.10548170e-02 -8.64311954e-02
 -1.15273237e-03 -2.64948971e-05  2.91440955e-05  0.00000000e+00]","[ 0.         -0.22660948 10.778759   -0.072983   -5.77772427 -0.31633478
 -0.58441144 -0.17072362]"
1748894234.7388344,"[ 0.00000000e+00 -1.62878932e-03  2.94557701e-01  3.13849327e+00
 -2.27024363e+00  1.06526444e-04  9.60117909e-01  1.57105425e+00]","[ 0.00000000e+00 -7.06938358e-02  4.10548170e-02 -8.91321651e-02
 -1.20512942e-03 -2.65149452e-05  2.91446766e-05  0.00000000e+00]","[ 0.00000000e+00 -1.43010080e-01  1.08425188e+01  2.34042807e-03
 -5.79835892e+00 -3.16544592e-01 -5.85819125e-01 -1.87456101e-01]"
1748894234.7406497,"[ 0.00000000e+00 -1.77366529e-03  2.94647716e-01  3.13830871e+00
 -2.27024736e+00  1.06526444e-04  9.60117909e-01  1.57105425e+00]","[ 0.00000000e+00 -7.02151659e-02  4.51062798e-02 -9.17812530e-02
 -1.26977258e-03 -2.64948971e-05  2.91443860e-05  0.00000000e+00]","[ 0.         -0.02870645 10.88772583  0.07751384 -5.86133337 -0.32441136
 -0.58408046 -0.1854181 ]"
1748894234.7419071,"[ 0.00000000e+00 -1.84237484e-03  2.94695453e-01  3.13821497e+00
 -2.27024949e+00  1.06526444e-04  9.60117909e-01  1.57105425e+00]","[ 0.00000000e+00 -6.96851469e-02  4.83474467e-02 -9.50743100e-02
 -1.35185841e-03 -2.64948971e-05  2.91443860e-05  0.00000000e+00]","[ 0.00000000e+00  4.08262759e-03  1.08811569e+01  6.55198544e-02
 -5.92160845e+00 -3.17958087e-01 -5.90583682e-01 -2.02878863e-01]"
1748894234.7436464,"[ 0.00000000e+00 -1.97659816e-03  2.94799249e-01  3.13802349e+00
 -2.27025561e+00  1.06526444e-04  9.60117909e-01  1.57105425e+00]","[ 0.00000000e+00 -6.86047607e-02  5.40194971e-02 -9.76762183e-02
 -1.77891957e-03 -2.64548924e-05  2.91667301e-05  0.00000000e+00]","[ 0.          0.07652802 10.89293766  0.09848056 -6.03157377 -0.31922829
 -0.6012072  -0.20437633]"
1748894234.7448394,"[ 0.00000000e+00 -2.04530772e-03  2.94860302e-01  3.13791749e+00
 -2.27026014e+00  1.06526444e-04  9.60117909e-01  1.57105425e+00]","[ 0.00000000e+00 -6.96145440e-02  5.74259756e-02 -9.98058484e-02
 -2.30116962e-03 -2.64946330e-05  2.91443860e-05  0.00000000e+00]","[ 0.          0.10355396 10.92937565  0.10684054 -6.08690596 -0.31150481
 -0.61020797 -0.18015307]"
1748894234.7465925,"[ 0.00000000e+00 -2.19071631e-03  2.94986137e-01  3.13771003e+00
 -2.27027106e+00  1.06526444e-04  9.60117909e-01  1.57105425e+00]","[ 0.00000000e+00 -7.07655415e-02  6.67140745e-02 -1.06580406e-01
 -4.24387255e-03 -2.65149452e-05  2.91443860e-05  0.00000000e+00]","[ 0.          0.17431866 10.86344814  0.12598281 -6.13821697 -0.30218896
 -0.61293381 -0.16922626]"
1748894234.748341,"[ 0.00000000e+00 -2.32973332e-03  2.95141332e-01  3.13748393e+00
 -2.27027798e+00  1.06526444e-04  9.60117909e-01  1.57105425e+00]","[ 0.00000000e+00 -7.02253442e-02  7.82397613e-02 -1.11707058e-01
 -5.56481450e-03 -2.64948971e-05  2.91443860e-05  0.00000000e+00]","[ 0.          0.21222346 10.82326508  0.09091015 -6.16139412 -0.31675822
 -0.61098087 -0.1760283 ]"
1748894234.750067,"[ 0.00000000e+00 -2.47780508e-03  2.95309844e-01  3.13726049e+00
 -2.27029503e+00  1.06526444e-04  9.60117909e-01  1.57105425e+00]","[ 0.00000000e+00 -7.23127798e-02  8.75115816e-02 -1.13170839e-01
 -8.63873854e-03 -2.64548924e-05  2.91446766e-05  0.00000000e+00]","[ 0.          0.26426706 10.75230694  0.07732078 -6.11647892 -0.32789779
 -0.57306916 -0.19566292]"
1748894234.7518399,"[ 0.00000000e+00 -2.54811253e-03  2.95400325e-01  3.13714890e+00
 -2.27030515e+00  1.06526444e-04  9.60117909e-01  1.57105425e+00]","[ 0.00000000e+00 -7.13057304e-02  9.18331430e-02 -1.13170839e-01
 -9.58846079e-03 -2.64548924e-05  2.91664395e-05  0.00000000e+00]","[ 0.          0.3002263  10.65720558  0.05179711 -6.08706999 -0.33336756
 -0.57509708 -0.19569311]"
1748894234.753561,"[ 0.00000000e+00 -2.67967269e-03  2.95603724e-01  3.13692014e+00
 -2.27032938e+00  1.06526444e-04  9.60118841e-01  1.57105425e+00]","[ 0.00000000e+00 -6.53635897e-02  1.01453754e-01 -1.10469869e-01
 -1.21543863e-02 -2.64551545e-05  3.70928568e-05  0.00000000e+00]","[ 0.          0.31148016 10.53075504  0.02617171 -5.94128513 -0.32137522
 -0.55047125 -0.17967167]"
1748894234.755303,"[ 0.00000000e+00 -2.80963495e-03  2.95812649e-01  3.13670708e+00
 -2.27035468e+00  1.06526444e-04  9.60118841e-01  1.57105425e+00]","[ 0.00000000e+00 -6.21854897e-02  1.08579183e-01 -1.07498797e-01
 -1.26817193e-02 -2.64548924e-05  3.71209245e-05  0.00000000e+00]","[ 0.          0.30116111 10.39552975 -0.03623691 -5.80912018 -0.2878989
 -0.53337854 -0.19074044]"
1748894234.7570393,"[ 0.00000000e+00 -2.93160773e-03  2.96045942e-01  3.13649163e+00
 -2.27038052e+00  1.06526444e-04  9.60119840e-01  1.57105425e+00]","[ 0.00000000e+00 -5.86798210e-02  1.15102721e-01 -1.04527725e-01
 -1.21543863e-02 -2.64548924e-05  4.76908124e-05  0.00000000e+00]","[ 0.          0.22096437 10.20307541 -0.11950642 -5.67719173 -0.27275088
 -0.49424115 -0.18757713]"
1748894234.7587998,"[ 0.00000000e+00 -2.98646885e-03  2.96162555e-01  3.13639017e+00
 -2.27039197e+00  1.06526444e-04  9.60120772e-01  1.57105425e+00]","[ 0.00000000e+00 -5.55837048e-02  1.18302692e-01 -1.02907141e-01
 -1.16141912e-02 -2.64751417e-05  5.82887721e-05  0.00000000e+00]","[ 0.          0.19598891 10.1240263  -0.16013877 -5.64215994 -0.26996148
 -0.49270549 -0.1726931 ]"
1748894234.7633226,"[ 0.00000000e+00 -3.09352792e-03  2.96411461e-01  3.13618404e+00
 -2.27041301e+00  1.06526444e-04  9.60121704e-01  1.57105425e+00]","[ 0.00000000e+00 -5.40194971e-02  1.21758826e-01 -9.95550785e-02
 -1.08038994e-02 -2.64548924e-05  6.62873661e-05  0.00000000e+00]","[ 0.          0.12013918  9.94467926 -0.28643623 -5.60830212 -0.27754104
 -0.47391871 -0.175947  ]"
1748894234.7639346,"[ 0.00000000e+00 -3.20644595e-03  2.96654374e-01  3.13599682e+00
 -2.27043378e+00  1.06526444e-04  9.60122703e-01  1.57105425e+00]","[ 0.00000000e+00 -5.50998833e-02  1.23434545e-01 -9.39939238e-02
 -9.99360666e-03 -2.64748795e-05  7.68351964e-05  0.00000000e+00]","[ 0.          0.03430966  9.7579937  -0.365998   -5.61235189 -0.26708052
 -0.43668434 -0.16477862]"
1748894234.7655778,"[ 0.00000000e+00 -3.36623562e-03  2.97023555e-01  3.13572065e+00
 -2.27046494e+00  1.06526444e-04  9.60123635e-01  1.57105425e+00]","[ 0.00000000e+00 -5.18587164e-02  1.21420713e-01 -8.94022679e-02
 -1.08038994e-02 -2.64551545e-05  8.47836692e-05  0.00000000e+00]","[ 0.         -0.14835887  9.69331455 -0.52308142 -5.69454956 -0.26887962
 -0.47412074 -0.16469415]"
1748894234.767303,"[ 0.00000000e+00 -3.46956627e-03  2.97260942e-01  3.13553476e+00
 -2.27048704e+00  1.06526444e-04  9.60123635e-01  1.57105425e+00]","[ 0.00000000e+00 -5.02381288e-02  1.20071597e-01 -9.17812530e-02
 -1.21543863e-02 -2.64748795e-05  8.47836692e-05  0.00000000e+00]","[ 0.         -0.27683499  9.73360157 -0.66898465 -5.78454971 -0.22727028
 -0.48671225 -0.2026789 ]"
1748894234.769034,"[ 0.00000000e+00 -3.51856843e-03  2.97380785e-01  3.13544421e+00
 -2.27049929e+00  1.06526444e-04  9.60123635e-01  1.57105425e+00]","[ 0.00000000e+00 -4.96979357e-02  1.21543868e-01 -9.17400989e-02
 -1.24244839e-02 -2.64548924e-05  8.48486716e-05  0.00000000e+00]","[ 0.         -0.34485886  9.78658485 -0.75187844 -5.88520288 -0.23147231
 -0.49712798 -0.17725731]"
1748894234.7701676,"[ 0.00000000e+00 -3.61710539e-03  2.97631521e-01  3.13525753e+00
 -2.27053019e+00  1.06526444e-04  9.60123635e-01  1.57105425e+00]","[ 0.00000000e+00 -4.75371550e-02  1.23434545e-01 -9.58846017e-02
 -1.64759457e-02 -2.64548924e-05  8.47836692e-05  0.00000000e+00]","[ 0.         -0.45938039  9.82284164 -0.81706524 -6.03886271 -0.19481885
 -0.54418063 -0.18715636]"
1748894234.7718503,"[ 0.00000000e+00 -3.66237913e-03  2.97754593e-01  3.13515872e+00
 -2.27054883e+00  1.06526444e-04  9.60123635e-01  1.57105425e+00]","[ 0.00000000e+00 -4.58700494e-02  1.24658601e-01 -1.00206163e-01
 -1.89068230e-02 -2.64751417e-05  8.48478263e-05  0.00000000e+00]","[ 0.         -0.54049122  9.87810326 -0.81781954 -6.11180925 -0.19514981
 -0.54804075 -0.17523456]"
1748894234.7736413,"[ 0.00000000e+00 -3.74813292e-03  2.98013119e-01  3.13494700e+00
 -2.27059623e+00  1.06526444e-04  9.60123635e-01  1.57105425e+00]","[ 0.00000000e+00 -4.26754004e-02  1.27020009e-01 -1.04691642e-01
 -2.56592596e-02 -3.70368514e-05  7.68933393e-05  0.00000000e+00]","[ 0.         -0.62513894  9.97443581 -0.86325908 -6.26193905 -0.18932019
 -0.5686518  -0.16185237]"
1748894234.7747343,"[ 0.00000000e+00 -3.79127613e-03  2.98140285e-01  3.13484127e+00
 -2.27062792e+00  1.06526444e-04  9.60123635e-01  1.57105425e+00]","[ 0.00000000e+00 -4.05862754e-02  1.29106596e-01 -1.07228694e-01
 -2.98133748e-02 -3.70368514e-05  7.68359685e-05  0.00000000e+00]","[ 0.         -0.67571366  9.95833302 -0.92914176 -6.31291389 -0.16308986
 -0.57939303 -0.15699391]"
1748894234.776429,"[ 0.00000000e+00 -3.87436675e-03  2.98397912e-01  3.13461783e+00
 -2.27069717e+00  1.06526444e-04  9.60123635e-01  1.57105425e+00]","[ 0.00000000e+00 -4.31718095e-02  1.31267377e-01 -1.09389475e-01
 -3.72356859e-02 -3.70372172e-05  7.68933393e-05  0.00000000e+00]","[ 0.         -0.73544389 10.00346947 -0.95581686 -6.32186556 -0.15052706
 -0.57742673 -0.15971474]"
1748894234.7781591,"[ 0.00000000e+00 -3.91804260e-03  2.98541157e-01  3.13450944e+00
 -2.27073685e+00  1.06526444e-04  9.60123635e-01  1.57105425e+00]","[ 0.00000000e+00 -4.42959881e-02  1.34913427e-01 -1.09929672e-01
 -4.02445253e-02 -3.70368514e-05  7.68351964e-05  0.00000000e+00]","[ 0.         -0.77183628 10.0611248  -0.9191398  -6.27518368 -0.17188425
 -0.58429742 -0.17124048]"
1748894234.779282,"[ 0.00000000e+00 -4.01551429e-03  2.98809804e-01  3.13428760e+00
 -2.27082580e+00  1.06526444e-04  9.60123635e-01  1.57105425e+00]","[ 0.00000000e+00 -4.86175453e-02  1.36939419e-01 -1.13711036e-01
 -4.45660825e-02 -3.70651995e-05  7.68351964e-05  0.00000000e+00]","[ 0.         -0.84597236 10.12031841 -0.96524787 -6.14067745 -0.18434812
 -0.57622731 -0.17671347]"
1748894234.7810197,"[ 0.00000000e+00 -4.06398382e-03  2.98944326e-01  3.13416536e+00
 -2.27087214e+00  1.06526444e-04  9.60123635e-01  1.57105425e+00]","[ 0.00000000e+00 -4.91079332e-02  1.36399221e-01 -1.14994447e-01
 -4.69969619e-02 -3.70368514e-05  7.68933393e-05  0.00000000e+00]","[ 0.         -0.83994508 10.08751774 -0.95403451 -6.04071856 -0.19030003
 -0.57841498 -0.20060506]"
1748894234.7822082,"[ 0.00000000e+00 -4.17317343e-03  2.99223060e-01  3.13392887e+00
 -2.27097973e+00  1.06526444e-04  9.60124567e-01  1.57105425e+00]","[ 0.00000000e+00 -5.45596902e-02  1.36668808e-01 -1.20733576e-01
 -5.46675233e-02 -3.70368514e-05  8.47836692e-05  0.00000000e+00]","[ 0.         -0.85107452 10.1676054  -0.94683462 -5.84375954 -0.21225159
 -0.53939939 -0.18719602]"
1748894234.7838871,"[ 0.00000000e+00 -4.22909981e-03  2.99358515e-01  3.13380877e+00
 -2.27103645e+00  1.06526444e-04  9.60124567e-01  1.57105425e+00]","[ 0.00000000e+00 -5.67204709e-02  1.37479616e-01 -1.21813962e-01
 -5.75307627e-02 -3.70648338e-05  8.48478263e-05  0.00000000e+00]","[ 0.         -0.85030025 10.2184267  -0.85784739 -5.7806201  -0.21460065
 -0.53665572 -0.17916262]"
1748894234.7855644,"[ 0.00000000e+00 -4.35107259e-03  2.99634951e-01  3.13355790e+00
 -2.27115629e+00  1.06526444e-04  9.60124567e-01  1.57105425e+00]","[ 0.00000000e+00 -6.37430062e-02  1.40990877e-01 -1.21420713e-01
 -6.18523200e-02 -3.70368514e-05  8.48478263e-05  0.00000000e+00]","[ 0.         -0.79562193 10.20827579 -0.77302033 -5.55024433 -0.22434607
 -0.53432059 -0.18012366]"
1748894234.792891,"[ 0.00000000e+00 -4.41871688e-03  2.99784654e-01  3.13343805e+00
 -2.27122287e+00  1.05461179e-04  9.60124567e-01  1.57105425e+00]","[ 0.00000000e+00 -6.36951900e-02  1.40931872e-01 -1.21543868e-01
 -6.26921145e-02 -4.76188043e-05  8.47836692e-05  0.00000000e+00]","[ 0.         -0.80957711 10.2368145  -0.77271569 -5.46677589 -0.26277703
 -0.52486187 -0.17176738]"
1748894234.7969658,"[ 0.00000000e+00 -5.11007350e-03  3.01319267e-01  3.13215414e+00
 -2.27197708e+00  1.04928547e-04  9.60126498e-01  1.57105425e+00]","[ 0.00000000e+00 -7.50870946e-02  1.62598684e-01 -1.33158055e-01
 -8.61610926e-02 -5.29497591e-05  1.05899518e-04  0.00000000e+00]","[ 0.         -0.61213636 10.51629639 -0.36314169 -5.01712513 -0.32252315
 -0.52653825 -0.18574636]"
1748894234.8015099,"[ 0.00000000e+00 -5.48291605e-03  3.02155899e-01  3.13148516e+00
 -2.27244393e+00  1.04928547e-04  9.60126498e-01  1.57105425e+00]","[ 0.00000000e+00 -7.40818428e-02  1.70431507e-01 -1.30650364e-01
 -9.42889438e-02 -5.29097849e-05  1.05899518e-04  0.00000000e+00]","[ 0.         -0.57078075 10.7214632  -0.32762149 -5.1800499  -0.31185466
 -0.57684427 -0.1877528 ]"
1748894234.8038986,"[ 0.00000000e+00 -5.62992254e-03  3.02504906e-01  3.13123216e+00
 -2.27263595e+00  1.04928547e-04  9.60126498e-01  1.57105425e+00]","[ 0.00000000e+00 -7.07655415e-02  1.70612669e-01 -1.27356841e-01
 -9.77752879e-02 -5.29502833e-05  1.05819570e-04  0.00000000e+00]","[ 0.         -0.59231651 10.75146675 -0.36721662 -5.31629229 -0.28415084
 -0.60106838 -0.18704785]"
1748894234.8061423,"[ 0.00000000e+00 -5.84137753e-03  3.03036640e-01  3.13085878e+00
 -2.27292969e+00  1.04928547e-04  9.60125499e-01  1.57105425e+00]","[ 0.00000000e+00 -7.01491195e-02  1.78547141e-01 -1.20611245e-01
 -9.71388673e-02 -5.29097849e-05  9.52385514e-05  0.00000000e+00]","[ 0.         -0.66000366 10.79359436 -0.49300495 -5.60506582 -0.24015501
 -0.62234539 -0.17134987]"
1748894234.809626,"[ 0.00000000e+00 -5.97613349e-03  3.03395734e-01  3.13061351e+00
 -2.27312304e+00  1.04928547e-04  9.60125499e-01  1.57105425e+00]","[ 0.00000000e+00 -6.74559521e-02  1.82940541e-01 -1.19365785e-01
 -9.80453824e-02 -5.29502833e-05  9.53105108e-05  0.00000000e+00]","[ 0.         -0.77051318 10.90185547 -0.62433255 -5.79924345 -0.26774338
 -0.65284103 -0.16116066]"
1748894234.811368,"[ 0.00000000e+00 -6.17160951e-03  3.03956862e-01  3.13025904e+00
 -2.27343223e+00  1.04928547e-04  9.60125499e-01  1.57105425e+00]","[ 0.00000000e+00 -6.31387724e-02  1.86646746e-01 -1.21273765e-01
 -1.03987527e-01 -5.29097849e-05  9.53095680e-05  0.00000000e+00]","[ 0.         -0.94327301 10.98320389 -0.8342163  -6.00766897 -0.23497032
 -0.66576576 -0.18689746]"
1748894234.813143,"[ 0.00000000e+00 -6.29358229e-03  3.04332933e-01  3.13000790e+00
 -2.27363596e+00  1.04928547e-04  9.60125499e-01  1.57105425e+00]","[ 0.00000000e+00 -6.10420282e-02  1.91769203e-01 -1.23434545e-01
 -1.03717433e-01 -5.29097849e-05  9.53095680e-05  0.00000000e+00]","[ 0.         -1.07209802 11.09595585 -0.94995701 -6.0820384  -0.22516046
 -0.66942841 -0.17654207]"
1748894234.8149295,"[ 0.00000000e+00 -6.35749815e-03  3.04523050e-01  3.12988247e+00
 -2.27373929e+00  1.04928547e-04  9.60125499e-01  1.57105425e+00]","[ 0.00000000e+00 -6.01844321e-02  1.92849598e-01 -1.27215910e-01
 -1.04797819e-01 -5.29097849e-05  9.52376087e-05  0.00000000e+00]","[ 0.         -1.13458872 11.01159191 -1.01346576 -6.07866907 -0.18764125
 -0.67685074 -0.18231314]"
1748894234.8166614,"[ 0.00000000e+00 -6.47787304e-03  3.04922990e-01  3.12962281e+00
 -2.27395288e+00  1.04928547e-04  9.60125499e-01  1.57105425e+00]","[ 0.00000000e+00 -6.21224186e-02  1.96431733e-01 -1.33428149e-01
 -1.04257622e-01 -5.29497591e-05  9.53095680e-05  0.00000000e+00]","[ 0.         -1.25993359 10.98934174 -1.14426208 -6.08209848 -0.17842069
 -0.67392057 -0.17876358]"
1748894234.8178968,"[ 0.00000000e+00 -6.61529215e-03  3.05314208e-01  3.12933705e+00
 -2.27416513e+00  1.04928547e-04  9.60125499e-01  1.57105425e+00]","[ 0.00000000e+00 -6.86459191e-02  2.00142232e-01 -1.40180594e-01
 -1.08579183e-01 -5.29097849e-05  9.53095680e-05  0.00000000e+00]","[ 0.         -1.39721203 10.91056252 -1.27424049 -6.04159689 -0.16815686
 -0.65439856 -0.16524953]"
1748894234.8196342,"[ 0.00000000e+00 -6.68559960e-03  3.05527294e-01  3.12919564e+00
 -2.27428178e+00  1.04928547e-04  9.60125499e-01  1.57105425e+00]","[ 0.00000000e+00 -7.13057304e-02  2.00614760e-01 -1.43421761e-01
 -1.09733256e-01 -5.29097849e-05  9.52376087e-05  0.00000000e+00]","[ 0.         -1.45356381 10.9483366  -1.30930781 -6.02464342 -0.16124253
 -0.6463697  -0.1610532 ]"
1748894234.8207738,"[ 0.00000000e+00 -6.83207346e-03  3.05927235e-01  3.12889630e+00
 -2.27450842e+00  1.04928547e-04  9.60125499e-01  1.57105425e+00]","[ 0.00000000e+00 -7.50870946e-02  2.03113304e-01 -1.47203117e-01
 -1.16412014e-01 -5.29103091e-05  9.53095680e-05  0.00000000e+00]","[ 0.         -1.50417757 10.87065411 -1.33187366 -5.907125   -0.15903604
 -0.65281385 -0.15088202]"
1748894234.8225381,"[ 0.00000000e+00 -6.90983776e-03  3.06129269e-01  3.12874983e+00
 -2.27462373e+00  1.04928547e-04  9.60125499e-01  1.57105425e+00]","[ 0.00000000e+00 -7.88684671e-02  2.04796272e-01 -1.48553606e-01
 -1.16952203e-01 -5.29103091e-05  9.52376087e-05  0.00000000e+00]","[ 0.         -1.52727759 10.75583363 -1.35003603 -5.80210304 -0.16255133
 -0.63858241 -0.14890081]"
1748894234.8243318,"[ 0.00000000e+00 -7.07655165e-03  3.06553111e-01  3.12845182e+00
 -2.27486581e+00  1.04928547e-04  9.60125499e-01  1.57105425e+00]","[ 0.00000000e+00 -8.21096340e-02  2.07636284e-01 -1.51640975e-01
 -1.18864253e-01 -5.29497591e-05  8.46556558e-05  0.00000000e+00]","[ 0.         -1.53837025 10.66900349 -1.32924139 -5.58756495 -0.16603824
 -0.60822308 -0.15809998]"
1748894234.8289185,"[ 0.00000000e+00 -7.15804438e-03  3.06758374e-01  3.12828963e+00
 -2.27498246e+00  1.04928547e-04  9.60126498e-01  1.57105425e+00]","[ 0.00000000e+00 -8.26498312e-02  2.08245149e-01 -1.52717991e-01
 -1.18182833e-01 -5.29097849e-05  9.52376087e-05  0.00000000e+00]","[ 0.         -1.560956   10.70751381 -1.296404   -5.47540045 -0.18212177
 -0.59154183 -0.15066481]"
1748894234.8321443,"[ 0.00000000e+00 -7.42116469e-03  3.07391607e-01  3.12783130e+00
 -2.27534198e+00  1.04928547e-04  9.60127430e-01  1.57105425e+00]","[ 0.00000000e+00 -9.02125596e-02  2.09391657e-01 -1.50461078e-01
 -1.18864253e-01 -4.23274053e-05  1.03174077e-04  0.00000000e+00]","[ 0.         -1.57777119 10.50800991 -1.28919697 -5.17462492 -0.22171059
 -0.53545403 -0.16757341]"
1748894234.8364277,"[ 0.00000000e+00 -8.12264132e-03  3.08873856e-01  3.12674899e+00
 -2.27618354e+00  1.04928547e-04  9.60128362e-01  1.57105425e+00]","[ 0.00000000e+00 -1.03316602e-01  2.18508855e-01 -1.57466823e-01
 -1.21003670e-01 -2.64551545e-05  1.13756038e-04  0.00000000e+00]","[ 0.         -1.57120395 10.48385143 -1.0639571  -5.06056595 -0.25836942
 -0.51608825 -0.16522838]"
1748894234.8404512,"[ 0.00000000e+00 -8.54182288e-03  3.09767912e-01  3.12611862e+00
 -2.27667170e+00  1.04928547e-04  9.60128362e-01  1.57105425e+00]","[ 0.00000000e+00 -1.06325824e-01  2.24763239e-01 -1.56926634e-01
 -1.23434545e-01 -1.58729355e-05  1.03174077e-04  0.00000000e+00]","[ 0.         -1.58425844 10.55226231 -0.94177473 -5.25853634 -0.2864024
 -0.56073111 -0.1909793 ]"
1748894234.8427596,"[ 0.00000000e+00 -8.86992433e-03  3.10452545e-01  3.12564511e+00
 -2.27705520e+00  1.04928547e-04  9.60128362e-01  1.57105425e+00]","[ 0.00000000e+00 -1.09335047e-01  2.25261300e-01 -1.54765862e-01
 -1.27896489e-01 -1.58729355e-05  1.03174077e-04  0.00000000e+00]","[ 0.         -1.53530264 10.6737299  -0.96533805 -5.44146061 -0.29078555
 -0.58300847 -0.17769168]"
1748894234.845078,"[ 0.00000000e+00 -9.08723827e-03  3.10903950e-01  3.12534444e+00
 -2.27731965e+00  1.04928547e-04  9.60127430e-01  1.57105425e+00]","[ 0.00000000e+00 -1.09548466e-01  2.30663240e-01 -1.52605073e-01
 -1.29145753e-01 -1.59089679e-05  9.52376087e-05  0.00000000e+00]","[ 0.         -1.55615699 10.83184052 -1.00007844 -5.58139038 -0.27462113
 -0.6058802  -0.19462642]"
1748894234.8467917,"[ 0.00000000e+00 -9.30934591e-03  3.11381488e-01  3.12502699e+00
 -2.27757638e+00  1.04928547e-04  9.60127430e-01  1.57105425e+00]","[ 0.00000000e+00 -1.13440942e-01  2.34174518e-01 -1.56656540e-01
 -1.30457085e-01 -1.58729355e-05  9.52385514e-05  0.00000000e+00]","[ 0.         -1.57314742 10.92475224 -0.98590153 -5.68432951 -0.26548088
 -0.64113778 -0.18275869]"
1748894234.8491545,"[ 0.00000000e+00 -9.54370408e-03  3.11849406e-01  3.12470928e+00
 -2.27784030e+00  1.04928547e-04  9.60127430e-01  1.57105425e+00]","[ 0.00000000e+00 -1.14521328e-01  2.37955874e-01 -1.62763751e-01
 -1.35318835e-01 -1.58729355e-05  9.52376087e-05  0.00000000e+00]","[ 0.         -1.63407314 10.95920086 -1.04601383 -5.78839588 -0.27333513
 -0.65190744 -0.16670801]"
1748894234.8509543,"[ 0.00000000e+00 -9.77380120e-03  3.12339827e-01  3.12436680e+00
 -2.27811966e+00  1.04928547e-04  9.60127430e-01  1.57105425e+00]","[ 0.00000000e+00 -1.16141912e-01  2.40386757e-01 -1.69081018e-01
 -1.36939419e-01 -1.58969375e-05  9.52376087e-05  0.00000000e+00]","[ 0.         -1.65600419 11.00443172 -1.04740155 -5.88004446 -0.24805962
 -0.66379112 -0.16782798]"
1748894234.8526194,"[ 0.00000000e+00 -1.00172141e-02  3.12812338e-01  3.12402804e+00
 -2.27839104e+00  1.03863283e-04  9.60127430e-01  1.57105425e+00]","[ 0.00000000e+00 -1.19923276e-01  2.39063898e-01 -1.72322185e-01
 -1.37479616e-01 -2.65149452e-05  9.52385514e-05  0.00000000e+00]","[ 0.         -1.64945924 11.04308224 -1.06553352 -5.89910698 -0.26563099
 -0.66493422 -0.16845764]"
1748894234.855455,"[ 0.00000000e+00 -1.02648881e-02  3.13308252e-01  3.12367011e+00
 -2.27867440e+00  1.03863283e-04  9.60127430e-01  1.57105425e+00]","[ 0.00000000e+00 -1.21371935e-01  2.42994641e-01 -1.74753069e-01
 -1.38925729e-01 -2.64946330e-05  8.47196178e-05  0.00000000e+00]","[ 0.         -1.64734042 11.08530045 -1.10149765 -5.86577177 -0.26667127
 -0.66023999 -0.16316618]"
1748894234.85787,"[ 0.00000000e+00 -1.06260127e-02  3.14043418e-01  3.12315559e+00
 -2.27908985e+00  1.03863283e-04  9.60127430e-01  1.57105425e+00]","[ 0.00000000e+00 -1.20341417e-01  2.50920558e-01 -1.72052091e-01
 -1.40990877e-01 -2.65149452e-05  7.40737029e-05  0.00000000e+00]","[ 0.         -1.60058844 11.17313194 -1.12968934 -5.81069326 -0.24026696
 -0.67108548 -0.17333964]"
1748894234.8595457,"[ 0.00000000e+00 -1.08715562e-02  3.14563666e-01  3.12280911e+00
 -2.27937960e+00  1.03863283e-04  9.60127430e-01  1.57105425e+00]","[ 0.00000000e+00 -1.19365785e-01  2.54983510e-01 -1.68270735e-01
 -1.42071272e-01 -2.64948971e-05  6.61378843e-05  0.00000000e+00]","[ 0.         -1.56819665 11.17004108 -1.17799115 -5.73791742 -0.22988474
 -0.67847836 -0.15237512]"
1748894234.8612583,"[ 0.00000000e+00 -1.11096428e-02  3.15065572e-01  3.12247861e+00
 -2.27966350e+00  1.03863283e-04  9.60127430e-01  1.57105425e+00]","[ 0.00000000e+00 -1.21420713e-01  2.55242119e-01 -1.67190340e-01
 -1.44648862e-01 -2.65149452e-05  5.82007654e-05  0.00000000e+00]","[ 0.         -1.60871112 11.170228   -1.21203387 -5.6936779  -0.25614452
 -0.67416954 -0.15115876]"
1748894234.863012,"[ 0.00000000e+00 -1.13594473e-02  3.15589516e-01  3.12213373e+00
 -2.27996470e+00  1.03863283e-04  9.60127430e-01  1.57105425e+00]","[ 0.00000000e+00 -1.21758826e-01  2.55782308e-01 -1.68270735e-01
 -1.47953396e-01 -2.64948971e-05  4.76188043e-05  0.00000000e+00]","[ 0.         -1.58770084 11.18718815 -1.20908916 -5.61422014 -0.25462672
 -0.65035176 -0.15842509]"
1748894234.8646934,"[ 0.00000000e+00 -1.14782243e-02  3.15841618e-01  3.12196702e+00
 -2.28011304e+00  1.03863283e-04  9.60127430e-01  1.57105425e+00]","[ 0.00000000e+00 -1.20463473e-01  2.55782308e-01 -1.69081018e-01
 -1.50444300e-01 -2.65149452e-05  4.76192757e-05  0.00000000e+00]","[ 0.         -1.59633505 11.18753338 -1.19444275 -5.54669523 -0.24137779
 -0.64692909 -0.16552263]"
1748894234.8659172,"[ 0.00000000e+00 -1.17136477e-02  3.16352678e-01  3.12161362e+00
 -2.28042383e+00  1.03863283e-04  9.60127430e-01  1.57105425e+00]","[ 0.00000000e+00 -1.18302692e-01  2.59293570e-01 -1.73619061e-01
 -1.53075387e-01 -2.64948971e-05  3.70368514e-05  0.00000000e+00]","[ 0.         -1.61206722 11.18017197 -1.21119022 -5.43639851 -0.22484569
 -0.62791502 -0.16133843]"
1748894234.8676744,"[ 0.00000000e+00 -1.18409468e-02  3.16630046e-01  3.12144264e+00
 -2.28057483e+00  1.03863283e-04  9.60127430e-01  1.57105425e+00]","[ 0.00000000e+00 -1.19867324e-01  2.61300728e-01 -1.73402580e-01
 -1.53145262e-01 -2.64948971e-05  3.70372172e-05  0.00000000e+00]","[ 0.         -1.57733238 11.141078   -1.20892739 -5.42004156 -0.23948993
 -0.61288947 -0.15377197]"
1748894234.869442,"[ 0.00000000e+00 -1.20827619e-02  3.17145701e-01  3.12106075e+00
 -2.28087577e+00  1.03863283e-04  9.60127430e-01  1.57105425e+00]","[ 0.00000000e+00 -1.23039657e-01  2.61184264e-01 -1.73226212e-01
 -1.52875167e-01 -2.65149452e-05  3.70368514e-05  0.00000000e+00]","[ 0.         -1.54603398 11.13117695 -1.23587418 -5.35056496 -0.23434825
 -0.607068   -0.16581251]"
1748894234.871178,"[ 0.00000000e+00 -1.22063325e-02  3.17402862e-01  3.12088924e+00
 -2.28102570e+00  1.03863283e-04  9.60127430e-01  1.57105425e+00]","[ 0.00000000e+00 -1.25325232e-01  2.60914170e-01 -1.73942769e-01
 -1.52064884e-01 -2.64948971e-05  3.70372172e-05  0.00000000e+00]","[ 0.         -1.52068663 11.14031315 -1.20853341 -5.3265624  -0.25323936
 -0.60382336 -0.17568234]"
1748894234.8722496,"[ 0.00000000e+00 -1.24651918e-02  3.17941487e-01  3.12054622e+00
 -2.28134129e+00  1.03863283e-04  9.60127430e-01  1.57105425e+00]","[ 0.00000000e+00 -1.26888840e-01  2.62808393e-01 -1.73942769e-01
 -1.53685467e-01 -2.65149452e-05  3.70368514e-05  0.00000000e+00]","[ 0.         -1.48835063 11.14139748 -1.14998281 -5.30697441 -0.25819314
 -0.59431118 -0.16706362]"
1748894234.8739543,"[ 0.00000000e+00 -1.25908930e-02  3.18200912e-01  3.12040028e+00
 -2.28149176e+00  1.03863283e-04  9.60127430e-01  1.57105425e+00]","[ 0.00000000e+00 -1.27486012e-01  2.63074942e-01 -1.74779900e-01
 -1.52605073e-01 -2.65149452e-05  3.70368514e-05  0.00000000e+00]","[ 0.         -1.4401195  11.14704037 -1.12886822 -5.33707285 -0.25620192
 -0.6025281  -0.17125621]"
1748894234.8755789,"[ 0.00000000e+00 -1.28465565e-02  3.18745994e-01  3.12001732e+00
 -2.28180175e+00  1.03863283e-04  9.60127430e-01  1.57105425e+00]","[ 0.00000000e+00 -1.29646785e-01  2.67569942e-01 -1.73672674e-01
 -1.50602891e-01 -2.64948971e-05  3.70368514e-05  0.00000000e+00]","[ 0.         -1.35035217 11.12810898 -1.06686115 -5.40368891 -0.28970215
 -0.60547483 -0.16615348]"
1748894234.877367,"[ 0.00000000e+00 -1.31160684e-02  3.19276796e-01  3.11965886e+00
 -2.28210269e+00  1.03863283e-04  9.60127430e-01  1.57105425e+00]","[ 0.00000000e+00 -1.31807566e-01  2.69019833e-01 -1.75788689e-01
 -1.53415373e-01 -2.65149452e-05  3.70372172e-05  0.00000000e+00]","[ 0.         -1.29499924 11.06677341 -0.99635017 -5.53310251 -0.30322966
 -0.59919047 -0.17310178]"
1748894234.8806527,"[ 0.00000000e+00 -1.33786561e-02  3.19810393e-01  3.11930599e+00
 -2.28241214e+00  1.02798018e-04  9.60127430e-01  1.57105425e+00]","[ 0.00000000e+00 -1.33428149e-01  2.71177859e-01 -1.80425119e-01
 -1.58007029e-01 -3.70924870e-05  3.70368514e-05  0.00000000e+00]","[ 0.         -1.17577386 11.00984859 -0.85512275 -5.67722702 -0.31297088
 -0.64210266 -0.18147679]"
1748894234.8819275,"[ 0.00000000e+00 -1.37802607e-02  3.20633244e-01  3.11875871e+00
 -2.28290217e+00  1.02798018e-04  9.60127430e-01  1.57105425e+00]","[ 0.00000000e+00 -1.32887960e-01  2.71177859e-01 -1.78083718e-01
 -1.62328590e-01 -3.70928568e-05  2.90787152e-05  0.00000000e+00]","[ 0.         -1.00689876 11.01417732 -0.65651917 -5.80756855 -0.32815605
 -0.66418171 -0.16516833]"
1748894234.8836198,"[ 0.00000000e+00 -1.39096904e-02  3.20901890e-01  3.11858427e+00
 -2.28306276e+00  1.01732754e-04  9.60127430e-01  1.57105425e+00]","[ 0.00000000e+00 -1.31267377e-01  2.72528348e-01 -1.76913841e-01
 -1.62868779e-01 -4.76908124e-05  2.91006692e-05  0.00000000e+00]","[ 0.         -0.95375663 10.92492867 -0.62567478 -5.80831957 -0.34252843
 -0.65633929 -0.16558316]"
1748894234.8853943,"[ 0.00000000e+00 -1.41930507e-02  3.21462552e-01  3.11822661e+00
 -2.28339938e+00  1.01732754e-04  9.60127430e-01  1.57105425e+00]","[ 0.00000000e+00 -1.27486012e-01  2.74419043e-01 -1.74284086e-01
 -1.64862355e-01 -4.77269018e-05  2.91006692e-05  0.00000000e+00]","[ 0.         -0.8906827  10.94691849 -0.52714723 -5.82952499 -0.34997991
 -0.65963525 -0.17198785]"
1748894234.8870883,"[ 0.00000000e+00 -1.43171540e-02  3.21734394e-01  3.11805750e+00
 -2.28356290e+00  1.01732754e-04  9.60127430e-01  1.57105425e+00]","[ 0.00000000e+00 -1.25865421e-01  2.75769515e-01 -1.71511902e-01
 -1.65839851e-01 -3.70928568e-05  2.90784288e-05  0.00000000e+00]","[ 0.         -0.86482352 10.95833492 -0.47454357 -5.8081727  -0.37669894
 -0.64155722 -0.1758844 ]"
1748894234.8882263,"[ 0.00000000e+00 -1.45770785e-02  3.22303778e-01  3.11789052e+00
 -2.28390112e+00  1.01732754e-04  9.60127430e-01  1.57105425e+00]","[ 0.00000000e+00 -1.26945815e-01  2.78470493e-01 -1.69179539e-01
 -1.64759457e-01 -3.70928568e-05  1.85186086e-05  0.00000000e+00]","[ 0.         -0.80697316 10.85159111 -0.44701454 -5.78447628 -0.38827518
 -0.65748036 -0.18177715]"
1748894234.889895,"[ 0.00000000e+00 -1.47006492e-02  3.22579748e-01  3.11772833e+00
 -2.28406330e+00  1.01732754e-04  9.60127430e-01  1.57105425e+00]","[ 0.00000000e+00 -1.25198249e-01  2.79537472e-01 -1.64489362e-01
 -1.64489362e-01 -3.71209245e-05  1.85186086e-05  0.00000000e+00]","[ 0.         -0.77085483 10.72062206 -0.38198367 -5.80845737 -0.38123658
 -0.65116197 -0.18780325]"
1748894234.8915884,"[ 0.00000000e+00 -1.49557800e-02  3.23133552e-01  3.11739917e+00
 -2.28439993e+00  1.01732754e-04  9.60127430e-01  1.57105425e+00]","[ 0.00000000e+00 -1.23879618e-01  2.81441566e-01 -1.60005515e-01
 -1.64754880e-01 -3.70928568e-05  1.85184257e-05  0.00000000e+00]","[ 0.         -0.78484994 10.66696644 -0.3493973  -5.88956881 -0.38219422
 -0.65768802 -0.16955355]"
1748894234.8927844,"[ 0.00000000e+00 -1.50745570e-02  3.23474270e-01  3.11724257e+00
 -2.28456478e+00  1.00667489e-04  9.60127430e-01  1.57105425e+00]","[ 0.00000000e+00 -1.20463473e-01  2.80806502e-01 -1.58817312e-01
 -1.67190340e-01 -4.76908124e-05  1.85184257e-05  0.00000000e+00]","[ 0.         -0.78108484 10.64189911 -0.34788871 -5.8773241  -0.388161
 -0.64805931 -0.17191435]"
1748894234.8945212,"[ 0.00000000e+00 -1.53105131e-02  3.24025279e-01  3.11692805e+00
 -2.28490193e+00  1.00667489e-04  9.60127430e-01  1.57105425e+00]","[ 0.00000000e+00 -1.19383087e-01  2.79187266e-01 -1.58926219e-01
 -1.72052091e-01 -4.24239132e-05  1.05739739e-05  0.00000000e+00]","[ 0.         -0.80948776 10.58368111 -0.35687262 -5.81748629 -0.3728191
 -0.63979226 -0.16701061]"
1748894234.896162,"[ 0.00000000e+00 -1.54292901e-02  3.24323286e-01  3.11675708e+00
 -2.28507318e+00  1.00667489e-04  9.60127430e-01  1.57105425e+00]","[ 0.00000000e+00 -1.20341417e-01  2.80609894e-01 -1.61145098e-01
 -1.73672674e-01 -4.24239132e-05  1.05820616e-05  0.00000000e+00]","[ 0.         -0.83237422 10.52593231 -0.35693619 -5.81238508 -0.38006729
 -0.62793255 -0.16288887]"
1748894234.8972936,"[ 0.00000000e+00 -1.56785620e-02  3.24877091e-01  3.11643936e+00
 -2.28543137e+00  1.00667489e-04  9.60127430e-01  1.57105425e+00]","[ 0.00000000e+00 -1.22624254e-01  2.80616751e-01 -1.62058479e-01
 -1.76103558e-01 -4.23918346e-05  1.05980643e-05  0.00000000e+00]","[ 0.         -0.86601788 10.51659489 -0.39364418 -5.62887669 -0.39486653
 -0.63331264 -0.17367646]"
1748894234.898948,"[ 0.00000000e+00 -1.57984042e-02  3.25153959e-01  3.11626759e+00
 -2.28560634e+00  1.00667489e-04  9.60127430e-01  1.57105425e+00]","[ 0.00000000e+00 -1.21543868e-01  2.80901377e-01 -1.61745657e-01
 -1.77454047e-01 -4.24239132e-05  1.05979587e-05  0.00000000e+00]","[ 0.         -0.92193472 10.55381107 -0.44087425 -5.48591042 -0.39678991
 -0.59451056 -0.16771685]"
1748894234.9001245,"[ 0.00000000e+00 -1.60439477e-02  3.25728403e-01  3.11594721e+00
 -2.28595521e+00  1.00667489e-04  9.60127430e-01  1.57105425e+00]","[ 0.00000000e+00 -1.19867324e-01  2.80901377e-01 -1.62868779e-01
 -1.76643747e-01 -4.23918346e-05  1.05819570e-05  0.00000000e+00]","[ 0.         -0.94831795 10.50774479 -0.46227074 -5.31340504 -0.36338189
 -0.55440509 -0.17441492]"
1748894234.9018054,"[ 0.00000000e+00 -1.62767080e-02  3.26274385e-01  3.11561085e+00
 -2.28631155e+00  1.00667489e-04  9.60127430e-01  1.57105425e+00]","[ 0.00000000e+00 -1.18302692e-01  2.76579815e-01 -1.64349363e-01
 -1.73132485e-01 -4.24239132e-05  1.05899522e-05  0.00000000e+00]","[ 0.         -1.00126565 10.47210598 -0.50808299 -5.18348503 -0.36447492
 -0.54996026 -0.1564265 ]"
1748894234.9034815,"[ 0.00000000e+00 -1.63928218e-02  3.26569663e-01  3.11545106e+00
 -2.28648145e+00  1.00667489e-04  9.60127430e-01  1.57105425e+00]","[ 0.00000000e+00 -1.17762503e-01  2.77840606e-01 -1.62058479e-01
 -1.72322185e-01 -4.23918346e-05  1.05979587e-05  0.00000000e+00]","[ 0.         -1.00323737 10.43925285 -0.52576709 -5.17742395 -0.34431404
 -0.54037911 -0.15047289]"
1748894234.90517,"[ 0.00000000e+00 -1.65174577e-02  3.26844235e-01  3.11529181e+00
 -2.28665003e+00  1.00667489e-04  9.60128362e-01  1.57105425e+00]","[ 0.00000000e+00 -1.17359642e-01  2.78470493e-01 -1.61518290e-01
 -1.70971696e-01 -4.24239132e-05  1.85464284e-05  0.00000000e+00]","[ 0.         -1.03765023 10.48449802 -0.55830503 -5.14219952 -0.33921674
 -0.54461402 -0.16459027]"
1748894234.906271,"[ 0.00000000e+00 -1.67491527e-02  3.27394810e-01  3.11497729e+00
 -2.28699811e+00  1.00667489e-04  9.60128362e-01  1.57105425e+00]","[ 0.00000000e+00 -1.17222306e-01  2.79280777e-01 -1.59357518e-01
 -1.68909710e-01 -4.24239132e-05  1.85324169e-05  0.00000000e+00]","[ 0.         -1.08482122 10.61030006 -0.59451401 -5.22899199 -0.3090024
 -0.56104344 -0.16698395]"
1748894234.9080884,"[ 0.00000000e+00 -1.68636687e-02  3.27968821e-01  3.11465212e+00
 -2.28733127e+00  1.00667489e-04  9.60127430e-01  1.57105425e+00]","[ 0.00000000e+00 -1.16141912e-01  2.80108354e-01 -1.58656407e-01
 -1.68000624e-01 -4.23918346e-05  1.85462435e-05  0.00000000e+00]","[ 0.         -1.07753301 10.77529812 -0.62299836 -5.41088009 -0.32166007
 -0.57935047 -0.17659047]"
1748894234.9097328,"[ 0.00000000e+00 -1.69787172e-02  3.28243859e-01  3.11449605e+00
 -2.28751183e+00  1.00667489e-04  9.60127430e-01  1.57105425e+00]","[ 0.00000000e+00 -1.16563889e-01  2.79010699e-01 -1.58277123e-01
 -1.70021014e-01 -4.24239132e-05  1.85462435e-05  0.00000000e+00]","[ 0.         -1.09642828 10.82699966 -0.63148898 -5.50494671 -0.32995373
 -0.58815396 -0.16639368]"
1748894234.9109254,"[ 0.00000000e+00 -1.72205322e-02  3.28792137e-01  3.11417381e+00
 -2.28784846e+00  1.00667489e-04  9.60127430e-01  1.57105425e+00]","[ 0.00000000e+00 -1.18182833e-01  2.77660210e-01 -1.58234895e-01
 -1.70971696e-01 -4.23922572e-05  1.85464284e-05  0.00000000e+00]","[ 0.         -1.06877768 11.0408411  -0.67291647 -5.63781404 -0.31957707
 -0.62969691 -0.18788587]"
1748894234.9126093,"[ 0.00000000e+00 -1.73377113e-02  3.28792137e-01  3.11401802e+00
 -2.28801783e+00  1.00667489e-04  9.60127430e-01  1.57105425e+00]","[ 0.00000000e+00 -1.18842890e-01  2.77660210e-01 -1.58007029e-01
 -1.71781996e-01 -4.23918346e-05  1.85464284e-05  0.00000000e+00]","[ 0.         -1.09822297 11.0408411  -0.69130385 -5.74314737 -0.33306408
 -0.64063472 -0.17788109]"
1748894234.914364,"[ 0.00000000e+00 -1.75832548e-02  3.29366581e-01  3.11370350e+00
 -2.28837150e+00  1.00667489e-04  9.60127430e-01  1.57105425e+00]","[ 0.00000000e+00 -1.19923276e-01  2.81441566e-01 -1.59465875e-01
 -1.72322185e-01 -4.24239132e-05  1.85324169e-05  0.00000000e+00]","[ 0.         -1.1090008  11.41307735 -0.73135352 -5.83334875 -0.30962652
 -0.69220835 -0.17443569]"
1748894234.9181826,"[ 0.00000000e+00 -1.77030970e-02  3.29645314e-01  3.11354744e+00
 -2.28854088e+00  1.00667489e-04  9.60127430e-01  1.57105425e+00]","[ 0.00000000e+00 -1.21420713e-01  2.82792055e-01 -1.58277123e-01
 -1.71781996e-01 -4.24239132e-05  1.85466133e-05  0.00000000e+00]","[ 0.         -1.13869071 11.57933712 -0.75651491 -5.90639734 -0.33759707
 -0.70817983 -0.16995223]"
1748894234.9187744,"[ 0.00000000e+00 -1.79587605e-02  3.30232608e-01  3.11322786e+00
 -2.28889481e+00  1.00667489e-04  9.60126498e-01  1.57105425e+00]","[ 0.00000000e+00 -1.26387300e-01  2.87400522e-01 -1.55035956e-01
 -1.72957066e-01 -4.24239132e-05  1.05979587e-05  0.00000000e+00]","[ 0.         -1.15773511 11.78940678 -0.74958736 -6.05257463 -0.3403843
 -0.73562372 -0.15870291]"
1748894234.9204085,"[ 0.00000000e+00 -1.83411904e-02  3.31088548e-01  3.11276314e+00
 -2.28941786e+00  1.00667489e-04  9.60126498e-01  1.57105425e+00]","[ 0.00000000e+00 -1.30055081e-01  2.91435178e-01 -1.51714911e-01
 -1.77724141e-01 -4.23918346e-05  1.05979587e-05  0.00000000e+00]","[ 0.         -1.13296735 11.99890614 -0.72168732 -6.20900822 -0.32086605
 -0.74291128 -0.15875977]"
1748894234.9221327,"[ 0.00000000e+00 -1.86059086e-02  3.31689623e-01  3.11246912e+00
 -2.28978351e+00  1.00134857e-04  9.60126498e-01  1.57105425e+00]","[ 0.00000000e+00 -1.29515433e-01  2.95545933e-01 -1.47203117e-01
 -1.79344725e-01 -4.77264263e-05  1.05980643e-05  0.00000000e+00]","[ 0.         -1.12915325 12.10364342 -0.73036993 -6.176682   -0.3365207
 -0.74689066 -0.15937524]"
1748894234.9238205,"[ 0.00000000e+00 -1.87332077e-02  3.31982571e-01  3.11232451e+00
 -2.28996247e+00  1.00134857e-04  9.60126498e-01  1.57105425e+00]","[ 0.00000000e+00 -1.29106596e-01  2.97107211e-01 -1.46662928e-01
 -1.81505497e-01 -4.76908124e-05  1.05979587e-05  0.00000000e+00]","[ 0.         -1.16618073 12.18157578 -0.73151672 -6.12797785 -0.34178919
 -0.74573344 -0.15292382]"
1748894234.925546,"[ 0.00000000e+00 -1.89894038e-02  3.32602488e-01  3.11202597e+00
 -2.29036940e+00  1.00134857e-04  9.60126498e-01  1.57105425e+00]","[ 0.00000000e+00 -1.30727179e-01  3.04129767e-01 -1.45459978e-01
 -1.85368296e-01 -4.76552554e-05  0.00000000e+00  0.00000000e+00]","[ 0.         -1.13135517 12.1410675  -0.67159796 -5.92712688 -0.36258352
 -0.74912512 -0.15878923]"
1748894234.927358,"[ 0.00000000e+00 -1.92535894e-02  3.33204030e-01  3.11173595e+00
 -2.29073213e+00  1.00134857e-04  9.60126498e-01  1.57105425e+00]","[ 0.00000000e+00 -1.28566399e-01  3.05480256e-01 -1.48013417e-01
 -1.83396192e-01 -4.76188043e-05 -1.05980643e-05  0.00000000e+00]","[ 0.         -1.14637423 12.18341446 -0.65701616 -5.73086071 -0.37660274
 -0.70216578 -0.16939244]"
1748894234.928489,"[ 0.00000000e+00 -1.93782254e-02  3.33506165e-01  3.11157510e+00
 -2.29091269e+00  1.00134857e-04  9.60126498e-01  1.57105425e+00]","[ 0.00000000e+00 -1.26277545e-01  3.06290523e-01 -1.51464158e-01
 -1.83126081e-01 -4.76192757e-05 -1.05980643e-05  0.00000000e+00]","[ 0.         -1.14481211 12.19951153 -0.65452749 -5.61558962 -0.37196916
 -0.69114232 -0.18633775]"
1748894234.9307196,"[ 0.00000000e+00 -1.96312257e-02  3.34134804e-01  3.11126750e+00
 -2.29128313e+00  1.00134857e-04  9.60127430e-01  1.57105425e+00]","[ 0.00000000e+00 -1.22876547e-01  3.06519855e-01 -1.57466823e-01
 -1.81235403e-01 -4.76552554e-05  0.00000000e+00  0.00000000e+00]","[ 0.         -1.10617709 12.11528111 -0.64150089 -5.41401958 -0.3883853
 -0.64833277 -0.19182964]"
1748894234.9319184,"[ 0.00000000e+00 -1.98757038e-02  3.34747831e-01  3.11094366e+00
 -2.29163574e+00  1.00134857e-04  9.60127430e-01  1.57105425e+00]","[ 0.00000000e+00 -1.24244837e-01  3.11692479e-01 -1.57984125e-01
 -1.78804536e-01 -4.76192757e-05  0.00000000e+00  0.00000000e+00]","[ 0.         -1.08052111 12.03462219 -0.57860833 -5.28771687 -0.38479233
 -0.6341421  -0.15961687]"
1748894234.9336517,"[ 0.00000000e+00 -1.99987419e-02  3.35078429e-01  3.11078760e+00
 -2.29182216e+00  1.00134857e-04  9.60127430e-01  1.57105425e+00]","[ 0.00000000e+00 -1.24785034e-01  3.11203656e-01 -1.58116751e-01
 -1.75537919e-01 -4.76547840e-05  0.00000000e+00  0.00000000e+00]","[ 0.         -1.0453645  11.84333801 -0.53604507 -5.22828341 -0.37793171
 -0.62638658 -0.15367527]"
1748894234.9354002,"[ 0.00000000e+00 -2.02560033e-02  3.35697414e-01  3.11047362e+00
 -2.29216437e+00  1.00134857e-04  9.60127430e-01  1.57105425e+00]","[ 0.00000000e+00 -1.24658601e-01  3.14933646e-01 -1.59627612e-01
 -1.72862391e-01 -4.76188043e-05 -1.05980643e-05  0.00000000e+00]","[ 0.         -1.045241   11.68004417 -0.51603258 -5.25187492 -0.38785017
 -0.6244387  -0.1597719 ]"
1748894234.9371016,"[ 0.00000000e+00 -2.05052751e-02  3.36320561e-01  3.11014844e+00
 -2.29252071e+00  1.00134857e-04  9.60127430e-01  1.57105425e+00]","[ 0.00000000e+00 -1.27486012e-01  3.16554246e-01 -1.57466823e-01
 -1.73118004e-01 -4.76192757e-05 -1.05899522e-05  0.00000000e+00]","[ 0.         -0.98104328 11.54157639 -0.50365984 -5.27076101 -0.40099597
 -0.60841244 -0.17179258]"
1748894234.9388957,"[ 0.00000000e+00 -2.07657323e-02  3.36969839e-01  3.10984777e+00
 -2.29286425e+00  1.00134857e-04  9.60127430e-01  1.57105425e+00]","[ 0.00000000e+00 -1.28436137e-01  3.17094435e-01 -1.51101335e-01
 -1.73672674e-01 -4.76547840e-05 -1.05979587e-05  0.00000000e+00]","[ 0.         -0.91361552 11.42079258 -0.4668681  -5.2692771  -0.40394536
 -0.6223321  -0.1723047 ]"
1748894234.9405408,"[ 0.00000000e+00 -2.08924988e-02  3.37284858e-01  3.10969118e+00
 -2.29303496e+00  9.90695926e-05  9.60127430e-01  1.57105425e+00]","[ 0.00000000e+00 -1.28566399e-01  3.19525302e-01 -1.47451856e-01
 -1.73132485e-01 -5.82007654e-05 -1.05979587e-05  0.00000000e+00]","[ 0.         -0.9296909  11.48081303 -0.46659708 -5.32003784 -0.42072293
 -0.63592798 -0.16396034]"
1748894234.94425,"[ 0.00000000e+00 -2.11588149e-02  3.37945622e-01  3.10940143e+00
 -2.29339262e+00  9.90695926e-05  9.60127430e-01  1.57105425e+00]","[ 0.00000000e+00 -1.30186982e-01  3.23992855e-01 -1.47203117e-01
 -1.76103558e-01 -5.82007654e-05 -1.05979587e-05  0.00000000e+00]","[ 0.         -0.92271614 11.44282055 -0.44401616 -5.37951612 -0.4196384
 -0.64414138 -0.15245646]"
1748894234.9459834,"[ 0.00000000e+00 -2.16829250e-02  3.39260291e-01  3.10880674e+00
 -2.29393218e+00  9.80043281e-05  9.60127430e-01  1.57105425e+00]","[ 0.00000000e+00 -1.30777996e-01  3.28506680e-01 -1.47473228e-01
 -1.78045601e-01 -6.87827183e-05  0.00000000e+00  0.00000000e+00]","[ 0.         -0.91138577 11.30358315 -0.46782479 -5.52261686 -0.42822954
 -0.64820141 -0.17158921]"
1748894234.9476693,"[ 0.00000000e+00 -2.18112893e-02  3.39586295e-01  3.10864749e+00
 -2.29410848e+00  9.80043281e-05  9.60127430e-01  1.57105425e+00]","[ 0.00000000e+00 -1.30186982e-01  3.30599325e-01 -1.49959538e-01
 -1.78804536e-01 -6.87827183e-05  0.00000000e+00  0.00000000e+00]","[ 0.         -0.92241389 11.14929867 -0.46281028 -5.62447262 -0.41096461
 -0.65412146 -0.18080834]"
1748894234.9493349,"[ 0.00000000e+00 -2.20664202e-02  3.40244795e-01  3.10835481e+00
 -2.29446455e+00  9.80043281e-05  9.60127430e-01  1.57105425e+00]","[ 0.00000000e+00 -1.29646785e-01  3.35731170e-01 -1.48553606e-01
 -1.81051778e-01 -6.87827183e-05  0.00000000e+00  0.00000000e+00]","[ 0.         -0.92317575 10.9890976  -0.51733416 -5.73636103 -0.40408891
 -0.63598871 -0.16595978]"
1748894234.9504666,"[ 0.00000000e+00 -2.21942519e-02  3.40603423e-01  3.10820833e+00
 -2.29465816e+00  9.80043281e-05  9.60127430e-01  1.57105425e+00]","[ 0.00000000e+00 -1.29646785e-01  3.37785099e-01 -1.48553606e-01
 -1.82480497e-01 -6.87834010e-05  0.00000000e+00  0.00000000e+00]","[ 0.         -0.93000942 10.88356113 -0.48795518 -5.80518818 -0.37554827
 -0.64191782 -0.1586421 ]"
1748894234.952133,"[ 0.00000000e+00 -2.24674922e-02  3.41273841e-01  3.10790526e+00
 -2.29502088e+00  9.80043281e-05  9.60127430e-01  1.57105425e+00]","[ 0.00000000e+00 -1.34372256e-01  3.40322826e-01 -1.47863447e-01
 -1.84559494e-01 -5.82007654e-05  0.00000000e+00  0.00000000e+00]","[ 0.         -0.93533367 10.69264126 -0.52807111 -5.88076544 -0.38400841
 -0.65009153 -0.15112063]"
1748894234.9543922,"[ 0.00000000e+00 -2.27401999e-02  3.41969958e-01  3.10761684e+00
 -2.29540251e+00  9.80043281e-05  9.60127430e-01  1.57105425e+00]","[ 0.00000000e+00 -1.38830105e-01  3.38720002e-01 -1.45312439e-01
 -1.87073268e-01 -5.82007654e-05  0.00000000e+00  0.00000000e+00]","[ 0.         -0.8997674  10.5514679  -0.56247503 -5.82626486 -0.40316871
 -0.62875754 -0.17817657]"
1748894234.9555,"[ 0.00000000e+00 -2.28872064e-02  3.42304251e-01  3.10747463e+00
 -2.29558893e+00  9.80043281e-05  9.60127430e-01  1.57105425e+00]","[ 0.00000000e+00 -1.38424189e-01  3.38972337e-01 -1.44232044e-01
 -1.89068225e-01 -5.82013384e-05  0.00000000e+00  0.00000000e+00]","[ 0.         -0.90938801 10.47068405 -0.57941014 -5.78668022 -0.40729272
 -0.6095562  -0.17981598]"
1748894234.9578068,"[ 0.00000000e+00 -2.31657731e-02  3.42976033e-01  3.10718301e+00
 -2.29596684e+00  9.80043281e-05  9.60127430e-01  1.57105425e+00]","[ 0.00000000e+00 -1.41927328e-01  3.40863015e-01 -1.42611461e-01
 -1.92114549e-01 -5.82007654e-05  0.00000000e+00  0.00000000e+00]","[ 0.         -0.91341716 10.37555885 -0.58148932 -5.70101833 -0.41335788
 -0.61098886 -0.18914431]"
1748894234.95944,"[ 0.00000000e+00 -2.34661776e-02  3.43673548e-01  3.10689886e+00
 -2.29636098e+00  9.80043281e-05  9.60127430e-01  1.57105425e+00]","[ 0.00000000e+00 -1.48553606e-01  3.40322826e-01 -1.44772250e-01
 -1.92309409e-01 -5.82447383e-05  0.00000000e+00  0.00000000e+00]","[ 0.         -0.91900635 10.20143414 -0.58863032 -5.54793501 -0.45600587
 -0.60237277 -0.1739877 ]"
1748894234.9611287,"[ 0.00000000e+00 -2.37580601e-02  3.44339372e-01  3.10659792e+00
 -2.29675300e+00  9.69390637e-05  9.60127430e-01  1.57105425e+00]","[ 0.00000000e+00 -1.48013417e-01  3.35930641e-01 -1.47203117e-01
 -1.91587110e-01 -6.87834010e-05  0.00000000e+00  0.00000000e+00]","[ 0.         -0.91589844  9.98152924 -0.60016763 -5.4294405  -0.43523651
 -0.5777747  -0.15894164]"
1748894234.962847,"[ 0.00000000e+00 -2.39029360e-02  3.44696635e-01  3.10645065e+00
 -2.29694368e+00  9.69390637e-05  9.60127430e-01  1.57105425e+00]","[ 0.00000000e+00 -1.46933022e-01  3.36531283e-01 -1.49212572e-01
 -1.93389787e-01 -6.87834010e-05  0.00000000e+00  0.00000000e+00]","[ 0.         -0.95129788  9.89960766 -0.60738951 -5.38786983 -0.41100115
 -0.54410374 -0.15529647]"
1748894234.9645352,"[ 0.00000000e+00 -2.42006775e-02  3.45359696e-01  3.10613746e+00
 -2.29731972e+00  9.69390637e-05  9.60127430e-01  1.57105425e+00]","[ 0.00000000e+00 -1.45312439e-01  3.36811548e-01 -1.54222610e-01
 -1.90612043e-01 -6.87827183e-05  0.00000000e+00  0.00000000e+00]","[ 0.         -0.94137692  9.78923321 -0.61959952 -5.36766672 -0.42793471
 -0.53918368 -0.15332811]"
1748894234.9667432,"[ 0.00000000e+00 -2.44851031e-02  3.46047091e-01  3.10582880e+00
 -2.29770908e+00  9.69390637e-05  9.60127430e-01  1.57105425e+00]","[ 0.00000000e+00 -1.44232044e-01  3.35713626e-01 -1.56656540e-01
 -1.90958920e-01 -6.87827183e-05  0.00000000e+00  0.00000000e+00]","[ 0.         -0.91673613  9.71662045 -0.60913849 -5.35571098 -0.43057802
 -0.55788511 -0.17462015]"
1748894234.968504,"[ 0.00000000e+00 -2.47753876e-02  3.46700531e-01  3.10551161e+00
 -2.29809337e+00  9.69390637e-05  9.60127430e-01  1.57105425e+00]","[ 0.00000000e+00 -1.41531083e-01  3.29724710e-01 -1.54222610e-01
 -1.95550576e-01 -6.87834010e-05  0.00000000e+00  0.00000000e+00]","[ 0.         -0.92451489  9.77843475 -0.58488107 -5.41810894 -0.43561831
 -0.57163888 -0.17718059]"
1748894234.9701855,"[ 0.00000000e+00 -2.50646069e-02  3.47373245e-01  3.10521121e+00
 -2.29849897e+00  9.69390637e-05  9.60127430e-01  1.57105425e+00]","[ 0.00000000e+00 -1.41433411e-01  3.27252830e-01 -1.51524678e-01
 -1.98859387e-01 -6.87827183e-05  0.00000000e+00  0.00000000e+00]","[ 0.         -0.86472183  9.96285725 -0.59516251 -5.47339296 -0.4493404
 -0.59055579 -0.17517811]"
1748894234.9718301,"[ 0.00000000e+00 -2.52025587e-02  3.47696053e-01  3.10506394e+00
 -2.29869631e+00  9.58737992e-05  9.60127430e-01  1.57105425e+00]","[ 0.00000000e+00 -1.39768736e-01  3.27358125e-01 -1.49363906e-01
 -1.99939449e-01 -7.94246427e-05  0.00000000e+00  0.00000000e+00]","[ 0.         -0.85280591 10.03114033 -0.63052648 -5.46968985 -0.44451898
 -0.60669684 -0.17649229]"
1748894234.9734962,"[ 0.00000000e+00 -2.54800600e-02  3.48341670e-01  3.10476353e+00
 -2.29909525e+00  9.58737992e-05  9.60127430e-01  1.57105425e+00]","[ 0.00000000e+00 -1.40308376e-01  3.27026461e-01 -1.45312439e-01
 -2.02843210e-01 -7.93654595e-05  0.00000000e+00  0.00000000e+00]","[ 0.         -0.87154418 10.18363285 -0.65958339 -5.53685904 -0.43738669
 -0.62879825 -0.18123002]"
1748894234.975284,"[ 0.00000000e+00 -2.57724751e-02  3.49007494e-01  3.10448337e+00
 -2.29951283e+00  9.58737992e-05  9.60127430e-01  1.57105425e+00]","[ 0.00000000e+00 -1.43691855e-01  3.24745164e-01 -1.40720783e-01
 -2.03653493e-01 -7.94246427e-05  0.00000000e+00  0.00000000e+00]","[ 0.         -0.88432622 10.34991074 -0.69604474 -5.58345509 -0.4258264
 -0.65949577 -0.18068443]"
1748894234.9770591,"[ 0.00000000e+00 -2.60595639e-02  3.49647618e-01  3.10420001e+00
 -2.29991311e+00  9.58737992e-05  9.60127430e-01  1.57105425e+00]","[ 0.00000000e+00 -1.46933022e-01  3.24116958e-01 -1.38424189e-01
 -2.02637680e-01 -7.93646793e-05  0.00000000e+00  0.00000000e+00]","[ 0.         -0.88670295 10.51765347 -0.72732508 -5.66049862 -0.43038115
 -0.66430402 -0.18073028]"
1748894234.9788225,"[ 0.00000000e+00 -2.62150925e-02  3.49967197e-01  3.10406419e+00
 -2.30013095e+00  9.58737992e-05  9.60127430e-01  1.57105425e+00]","[ 0.00000000e+00 -1.46311008e-01  3.24116958e-01 -1.37749710e-01
 -2.05128601e-01 -7.93646793e-05  0.00000000e+00  0.00000000e+00]","[ 0.         -0.88875175 10.57757568 -0.73062235 -5.69970989 -0.42341498
 -0.67668229 -0.17449197]"
1748894234.9800456,"[ 0.00000000e+00 -2.65048444e-02  3.50634885e-01  3.10378828e+00
 -2.30054135e+00  9.58737992e-05  9.60127430e-01  1.57105425e+00]","[ 0.00000000e+00 -1.46933022e-01  3.26486805e-01 -1.41531083e-01
 -2.09595638e-01 -6.87834010e-05  0.00000000e+00  0.00000000e+00]","[ 0.         -0.90245312 10.6870966  -0.71064591 -5.76054478 -0.42354146
 -0.69234359 -0.16614142]"
1748894234.9835014,"[ 0.00000000e+00 -2.66502530e-02  3.50955829e-01  3.10363702e+00
 -2.30074881e+00  9.58737992e-05  9.60126498e-01  1.57105425e+00]","[ 0.00000000e+00 -1.47473228e-01  3.25467447e-01 -1.42436491e-01
 -2.10192752e-01 -6.87834010e-05 -1.05819570e-05  0.00000000e+00]","[ 0.         -0.88300389 10.79826164 -0.69774663 -5.82484007 -0.42926124
 -0.69790739 -0.1623712 ]"
1748894234.9857843,"[ 0.00000000e+00 -2.72553232e-02  3.52267736e-01  3.10305725e+00
 -2.30160794e+00  9.58737992e-05  9.60126498e-01  1.57105425e+00]","[ 0.00000000e+00 -1.50714395e-01  3.26547858e-01 -1.43941094e-01
 -2.15537783e-01 -5.82013384e-05 -1.05740785e-05  0.00000000e+00]","[ 0.         -0.80996025 10.9624567  -0.66310948 -5.86970043 -0.44265547
 -0.71401685 -0.17601381]"
1748894234.9868298,"[ 0.00000000e+00 -2.75626520e-02  3.52912454e-01  3.10277255e+00
 -2.30204843e+00  9.53411670e-05  9.60126498e-01  1.57105425e+00]","[ 0.00000000e+00 -1.50962618e-01  3.27358125e-01 -1.44919223e-01
 -2.15410101e-01 -6.35397134e-05 -1.05820616e-05  0.00000000e+00]","[ 0.         -0.79596299 11.05659389 -0.61808866 -5.80730295 -0.46035022
 -0.71472484 -0.1747683 ]"
1748894234.9887037,"[ 0.00000000e+00 -2.77117890e-02  3.53261428e-01  3.10262741e+00
 -2.30226228e+00  9.53411670e-05  9.60126498e-01  1.57105425e+00]","[ 0.00000000e+00 -1.51254584e-01  3.28506680e-01 -1.47203117e-01
 -2.16668528e-01 -6.35397134e-05 -1.05820616e-05  0.00000000e+00]","[ 0.         -0.78932309 11.00019455 -0.58339167 -5.77154827 -0.45745155
 -0.70354396 -0.1838523 ]"
1748894234.9898908,"[ 0.00000000e+00 -2.78625240e-02  3.53586100e-01  3.10248174e+00
 -2.30247773e+00  9.53411670e-05  9.60126498e-01  1.57105425e+00]","[ 0.00000000e+00 -1.52875167e-01  3.29248836e-01 -1.47743322e-01
 -2.18508855e-01 -6.34917418e-05 -1.05739739e-05  0.00000000e+00]","[ 0.         -0.76342052 11.07446003 -0.56831264 -5.72943115 -0.47316161
 -0.7161305  -0.18129919]"
1748894234.9916377,"[ 0.00000000e+00 -2.81751791e-02  3.54238608e-01  3.10218160e+00
 -2.30293047e+00  9.42759026e-05  9.60126498e-01  1.57105425e+00]","[ 0.00000000e+00 -1.51794789e-01  3.31139514e-01 -1.45582533e-01
 -2.21679315e-01 -7.40737029e-05 -1.05819570e-05  0.00000000e+00]","[ 0.         -0.7226364  11.07024097 -0.50883979 -5.67092752 -0.49766511
 -0.73163372 -0.18194389]"
1748894234.9927793,"[ 0.00000000e+00 -2.83253814e-02  3.54591244e-01  3.10203859e+00
 -2.30315178e+00  9.42759026e-05  9.60126498e-01  1.57105425e+00]","[ 0.00000000e+00 -1.52334978e-01  3.32017425e-01 -1.45042344e-01
 -2.24451000e-01 -7.41303991e-05 -1.05819570e-05  0.00000000e+00]","[ 0.         -0.6896798  10.98628426 -0.42794639 -5.6166811  -0.50360131
 -0.72033876 -0.16485365]"
1748894234.9944775,"[ 0.00000000e+00 -2.86247207e-02  3.55245150e-01  3.10174298e+00
 -2.30360052e+00  9.32106382e-05  9.60126498e-01  1.57105425e+00]","[ 0.00000000e+00 -1.51794789e-01  3.31679703e-01 -1.44944174e-01
 -2.28232373e-01 -7.40737029e-05 -1.05740785e-05  0.00000000e+00]","[ 0.         -0.62982512 10.97611523 -0.34927604 -5.58404732 -0.50794256
 -0.69689417 -0.18433098]"
1748894234.9956455,"[ 0.00000000e+00 -2.87855756e-02  3.55572985e-01  3.10159916e+00
 -2.30384393e+00  9.32106382e-05  9.60126498e-01  1.57105425e+00]","[ 0.00000000e+00 -1.51321662e-01  3.32490003e-01 -1.45852644e-01
 -2.28986763e-01 -7.40737029e-05 -1.05819570e-05  0.00000000e+00]","[ 0.         -0.60276234 11.02248001 -0.32758045 -5.58158922 -0.52630782
 -0.66266316 -0.17998029]"
1748894234.9972978,"[ 0.00000000e+00 -2.90811865e-02  3.56257184e-01  3.10129716e+00
 -2.30429481e+00  9.21453737e-05  9.60126498e-01  1.57105425e+00]","[ 0.00000000e+00 -1.49093811e-01  3.34920870e-01 -1.47451856e-01
 -2.28772562e-01 -8.47196178e-05 -1.05740785e-05  0.00000000e+00]","[ 0.         -0.5431748  10.96913815 -0.24266031 -5.49034929 -0.5503872
 -0.65195477 -0.178377  ]"
1748894234.9990354,"[ 0.00000000e+00 -2.92276603e-02  3.56587350e-01  3.10115069e+00
 -2.30452011e+00  9.21453737e-05  9.60126498e-01  1.57105425e+00]","[ 0.00000000e+00 -1.48553606e-01  3.34581516e-01 -1.48553606e-01
 -2.28502467e-01 -8.46556558e-05 -1.05739739e-05  0.00000000e+00]","[ 0.         -0.55100143 10.89247417 -0.19208208 -5.44276476 -0.55442697
 -0.65539891 -0.17636861]"
1748894235.000732,"[ 0.00000000e+00 -2.95291302e-02  3.57272015e-01  3.10085854e+00
 -2.30498989e+00  9.16127415e-05  9.60126498e-01  1.57105425e+00]","[ 0.00000000e+00 -1.45852644e-01  3.34274354e-01 -1.48013417e-01
 -2.29738357e-01 -9.00145929e-05 -1.05820616e-05  0.00000000e+00]","[ 0.         -0.51000881 10.79143524 -0.12985523 -5.41435194 -0.58222765
 -0.63280469 -0.18517828]"
1748894235.001894,"[ 0.00000000e+00 -2.96718756e-02  3.57598951e-01  3.10071340e+00
 -2.30521493e+00  9.16127415e-05  9.60126498e-01  1.57105425e+00]","[ 0.00000000e+00 -1.44772250e-01  3.31679703e-01 -1.47203117e-01
 -2.28464084e-01 -9.00145929e-05 -1.05739739e-05  0.00000000e+00]","[ 0.         -0.48295963 10.79448891 -0.12181363 -5.40204477 -0.59689313
 -0.64063799 -0.18683654]"
1748894235.003677,"[ 0.00000000e+00 -2.99610949e-02  3.58254222e-01  3.10041779e+00
 -2.30566953e+00  9.05474771e-05  9.60126498e-01  1.57105425e+00]","[ 0.00000000e+00 -1.40931872e-01  3.32490003e-01 -1.43961950e-01
 -2.31473540e-01 -1.00528593e-04 -1.05819570e-05  0.00000000e+00]","[ 0.         -0.44890669 10.74176025 -0.08181757 -5.43230677 -0.60573137
 -0.65191543 -0.1903595 ]"
1748894235.0048432,"[ 0.00000000e+00 -3.01006445e-02  3.58607790e-01  3.10027824e+00
 -2.30591614e+00  9.05474771e-05  9.60126498e-01  1.57105425e+00]","[ 0.00000000e+00 -1.41387672e-01  3.32707250e-01 -1.41531083e-01
 -2.32211602e-01 -1.00604543e-04 -1.05820616e-05  0.00000000e+00]","[ 0.         -0.46493709 10.70251942 -0.06774365 -5.4451623  -0.60076427
 -0.65079433 -0.18595184]"
1748894235.0064986,"[ 0.00000000e+00 -3.03813417e-02  3.59265358e-01  3.09999248e+00
 -2.30637713e+00  8.94822126e-05  9.60126498e-01  1.57105425e+00]","[ 0.00000000e+00 -1.42071272e-01  3.33570381e-01 -1.38925729e-01
 -2.33364218e-01 -1.11110546e-04 -1.85044548e-05  0.00000000e+00]","[ 0.         -0.44571903 10.69192886 -0.06954437 -5.46072102 -0.60349077
 -0.66517526 -0.16965155]"
1748894235.0097225,"[ 0.00000000e+00 -3.06726915e-02  3.59943099e-01  3.09973069e+00
 -2.30685757e+00  8.94822126e-05  9.60126498e-01  1.57105425e+00]","[ 0.00000000e+00 -1.41387672e-01  3.30011299e-01 -1.31807566e-01
 -2.34999532e-01 -1.11194501e-04 -1.85184257e-05  0.00000000e+00]","[ 0.         -0.45067817 10.68600845 -0.08279509 -5.51148796 -0.59734064
 -0.67162031 -0.17457066]"
1748894235.0102272,"[ 0.00000000e+00 -3.09512582e-02  3.60589182e-01  3.09947103e+00
 -2.30732575e+00  8.84169482e-05  9.60126498e-01  1.57105425e+00]","[ 0.00000000e+00 -1.42071272e-01  3.27026461e-01 -1.25634999e-01
 -2.38225968e-01 -1.21784452e-04 -1.05740785e-05  0.00000000e+00]","[ 0.         -0.52034283 10.73034096 -0.12568118 -5.64960718 -0.59294063
 -0.65441704 -0.18014304]"
1748894235.011896,"[ 0.00000000e+00 -3.11030584e-02  3.60937257e-01  3.09934879e+00
 -2.30757902e+00  8.84169482e-05  9.60126498e-01  1.57105425e+00]","[ 0.00000000e+00 -1.42938014e-01  3.27754370e-01 -1.23974743e-01
 -2.38480799e-01 -1.21693710e-04 -1.05820616e-05  0.00000000e+00]","[ 0.         -0.52087861 10.76504803 -0.12054397 -5.68855143 -0.58074003
 -0.66617727 -0.18014304]"
1748894235.013588,"[ 0.00000000e+00 -3.13901471e-02  3.61581942e-01  3.09910724e+00
 -2.30805359e+00  8.84169482e-05  9.60126498e-01  1.57105425e+00]","[ 0.00000000e+00 -1.45852644e-01  3.26817936e-01 -1.21960361e-01
 -2.42007340e-01 -1.21785654e-04 -1.05739739e-05  0.00000000e+00]","[ 0.         -0.52286661 10.76269054 -0.20477425 -5.8175416  -0.58341891
 -0.70594645 -0.18167193]"
1748894235.015232,"[ 0.00000000e+00 -3.15334252e-02  3.61903851e-01  3.09897728e+00
 -2.30829487e+00  8.84169482e-05  9.60126498e-01  1.57105425e+00]","[ 0.00000000e+00 -1.45312439e-01  3.26547858e-01 -1.22375007e-01
 -2.44460378e-01 -1.21692507e-04 -1.05739739e-05  0.00000000e+00]","[ 0.         -0.54072589 10.72223377 -0.22019266 -5.88770771 -0.59019202
 -0.71871936 -0.16443533]"
1748894235.016387,"[ 0.00000000e+00 -3.18269056e-02  3.62565081e-01  3.09873760e+00
 -2.30879848e+00  8.84169482e-05  9.60126498e-01  1.57105425e+00]","[ 0.00000000e+00 -1.42611461e-01  3.23634926e-01 -1.21543868e-01
 -2.46505403e-01 -1.21692507e-04 -1.05819570e-05  0.00000000e+00]","[ 0.         -0.58189797 10.76388931 -0.25146991 -5.94119453 -0.57594204
 -0.734927   -0.14984363]"
1748894235.0181003,"[ 0.00000000e+00 -3.21076027e-02  3.63199213e-01  3.09848327e+00
 -2.30929116e+00  8.84169482e-05  9.60126498e-01  1.57105425e+00]","[ 0.00000000e+00 -1.42071272e-01  3.21360153e-01 -1.24882689e-01
 -2.50380352e-01 -1.21785654e-04  0.00000000e+00  0.00000000e+00]","[ 0.         -0.62940168 10.79945755 -0.27470425 -5.91893482 -0.57084042
 -0.721259   -0.15748915]"
1748894235.0192404,"[ 0.00000000e+00 -3.22567398e-02  3.63541762e-01  3.09835730e+00
 -2.30953964e+00  8.84169482e-05  9.60126498e-01  1.57105425e+00]","[ 0.00000000e+00 -1.40430332e-01  3.22488235e-01 -1.27626661e-01
 -2.51745622e-01 -1.21692507e-04  0.00000000e+00  0.00000000e+00]","[ 0.         -0.60179508 10.80931377 -0.26296994 -5.87257051 -0.56526172
 -0.72324711 -0.1584865 ]"
1748894235.0209587,"[ 0.00000000e+00 -3.25289148e-02  3.64176393e-01  3.09809737e+00
 -2.31005656e+00  8.73516838e-05  9.60125499e-01  1.57105425e+00]","[ 0.00000000e+00 -1.37209521e-01  3.21415980e-01 -1.32887960e-01
 -2.52811236e-01 -1.32374402e-04 -1.05819570e-05  0.00000000e+00]","[ 0.         -0.59676427 10.76960087 -0.33416328 -5.85366964 -0.56984031
 -0.73798251 -0.16890946]"
1748894235.0226388,"[ 0.00000000e+00 -3.26636708e-02  3.64490913e-01  3.09795649e+00
 -2.31030743e+00  8.73516838e-05  9.60125499e-01  1.57105425e+00]","[ 0.00000000e+00 -1.36530848e-01  3.18985113e-01 -1.32656515e-01
 -2.54431819e-01 -1.32275769e-04 -1.05819570e-05  0.00000000e+00]","[ 0.         -0.6250245  10.77672482 -0.35393846 -5.87312508 -0.57611859
 -0.75014108 -0.16831811]"
1748894235.02431,"[ 0.00000000e+00 -3.29406395e-02  3.65139759e-01  3.09769257e+00
 -2.31080970e+00  8.73516838e-05  9.60125499e-01  1.57105425e+00]","[ 0.00000000e+00 -1.35048741e-01  3.15743946e-01 -1.33428149e-01
 -2.55242119e-01 -1.27079427e-04 -1.05819570e-05  0.00000000e+00]","[ 0.         -0.6275453  10.71872425 -0.36520523 -5.84050703 -0.57696903
 -0.72997999 -0.14667988]"
1748894235.0254462,"[ 0.00000000e+00 -3.30727323e-02  3.65448319e-01  3.09755009e+00
 -2.31108241e+00  8.73516838e-05  9.60125499e-01  1.57105425e+00]","[ 0.00000000e+00 -1.33968346e-01  3.13042968e-01 -1.34161126e-01
 -2.56786903e-01 -1.27271744e-04 -1.05819570e-05  0.00000000e+00]","[ 0.         -0.60366464 10.60902977 -0.35070178 -5.7725172  -0.58754849
 -0.71820712 -0.15227094]"
1748894235.0276515,"[ 0.00000000e+00 -3.33353200e-02  3.66087078e-01  3.09728511e+00
 -2.31159533e+00  8.73516838e-05  9.60125499e-01  1.57105425e+00]","[ 0.00000000e+00 -1.32887960e-01  3.11705196e-01 -1.34238449e-01
 -2.60644059e-01 -1.27175500e-04 -1.05819570e-05  0.00000000e+00]","[ 0.         -0.63404649 10.48213959 -0.34862357 -5.74008512 -0.59125471
 -0.71590239 -0.15498714]"
1748894235.0287666,"[ 0.00000000e+00 -3.36101582e-02  3.66696876e-01  3.09702199e+00
 -2.31213276e+00  8.73516838e-05  9.60125499e-01  1.57105425e+00]","[ 0.00000000e+00 -1.34508543e-01  3.08138790e-01 -1.32887960e-01
 -2.62554577e-01 -1.27271744e-04 -1.05819570e-05  0.00000000e+00]","[ 0.         -0.61634517 10.37238312 -0.3500396  -5.64130974 -0.57825792
 -0.72168422 -0.15356497]"
1748894235.031082,"[ 0.00000000e+00 -3.37433163e-02  3.66999477e-01  3.09688377e+00
 -2.31239215e+00  8.73516838e-05  9.60125499e-01  1.57105425e+00]","[ 0.00000000e+00 -1.35048741e-01  3.07142235e-01 -1.30148832e-01
 -2.62808393e-01 -1.27174232e-04 -1.85046377e-05  0.00000000e+00]","[ 0.         -0.61191517 10.4140873  -0.33715564 -5.61405611 -0.57939529
 -0.72595948 -0.15540785]"
1748894235.0327652,"[ 0.00000000e+00 -3.40197524e-02  3.67624421e-01  3.09663264e+00
 -2.31291280e+00  8.68190515e-05  9.60126498e-01  1.57105425e+00]","[ 0.00000000e+00 -1.33784388e-01  3.04129767e-01 -1.26007717e-01
 -2.63348049e-01 -1.32574732e-04 -1.05819570e-05  0.00000000e+00]","[ 0.         -0.59282696 10.30888844 -0.30827704 -5.5162282  -0.59474969
 -0.67100203 -0.14441691]"
1748894235.0358193,"[ 0.00000000e+00 -3.42818074e-02  3.68220004e-01  3.09637964e+00
 -2.31345289e+00  8.57537871e-05  9.60126498e-01  1.57105425e+00]","[ 0.00000000e+00 -1.32347763e-01  3.01698867e-01 -1.23127317e-01
 -2.64309950e-01 -1.43180701e-04 -1.05739739e-05  0.00000000e+00]","[ 0.         -0.59246987 10.23572254 -0.27999374 -5.42879725 -0.62464738
 -0.64429069 -0.15709001]"
1748894235.0368674,"[ 0.00000000e+00 -3.45491888e-02  3.68832564e-01  3.09613942e+00
 -2.31397806e+00  8.57537871e-05  9.60125499e-01  1.57105425e+00]","[ 0.00000000e+00 -1.31402673e-01  2.97885487e-01 -1.21543868e-01
 -2.66316109e-01 -1.43180701e-04 -1.85184257e-05  0.00000000e+00]","[ 0.         -0.60115945 10.1303072  -0.28427798 -5.43265343 -0.65163046
 -0.66466969 -0.16841339]"
1748894235.0385852,"[ 0.00000000e+00 -3.48048523e-02  3.69417095e-01  3.09588615e+00
 -2.31452401e+00  8.46885227e-05  9.60125499e-01  1.57105425e+00]","[ 0.00000000e+00 -1.28566399e-01  2.95756722e-01 -1.24381158e-01
 -2.66566879e-01 -1.53786679e-04 -1.85184257e-05  0.00000000e+00]","[ 0.         -0.63411999 10.05790806 -0.28062734 -5.45179129 -0.66023862
 -0.67088211 -0.17308156]"
1748894235.040332,"[ 0.00000000e+00 -3.50631789e-02  3.70014509e-01  3.09564087e+00
 -2.31505078e+00  8.46885227e-05  9.60125499e-01  1.57105425e+00]","[ 0.00000000e+00 -1.24765211e-01  2.90891427e-01 -1.24244837e-01
 -2.66856298e-01 -1.43180701e-04 -1.85184257e-05  0.00000000e+00]","[ 0.         -0.65949202  9.97411633 -0.27774435 -5.4939127  -0.65400267
 -0.65507144 -0.17033057]"
1748894235.0426478,"[ 0.00000000e+00 -3.53060592e-02  3.70578866e-01  3.09539160e+00
 -2.31559487e+00  8.46885227e-05  9.60125499e-01  1.57105425e+00]","[ 0.00000000e+00 -1.22624254e-01  2.84952844e-01 -1.20619626e-01
 -2.65313029e-01 -1.43180701e-04 -1.85184257e-05  0.00000000e+00]","[ 0.         -0.63763022  9.92853069 -0.27845237 -5.56240988 -0.64415252
 -0.65683717 -0.16643174]"
1748894235.0437613,"[ 0.00000000e+00 -3.54285646e-02  3.70879170e-01  3.09527309e+00
 -2.31585852e+00  8.46885227e-05  9.60125499e-01  1.57105425e+00]","[ 0.00000000e+00 -1.24244837e-01  2.82866823e-01 -1.20193379e-01
 -2.67396504e-01 -1.43290550e-04 -1.85186086e-05  0.00000000e+00]","[ 0.         -0.63990539  9.85860729 -0.28540915 -5.58451796 -0.64482993
 -0.66505891 -0.17515665]"
1748894235.0454538,"[ 0.00000000e+00 -3.56826302e-02  3.71434340e-01  3.09504007e+00
 -2.31641272e+00  8.36232582e-05  9.60125499e-01  1.57105425e+00]","[ 0.00000000e+00 -1.24498387e-01  2.81711677e-01 -1.17492401e-01
 -2.71582244e-01 -1.43180701e-04 -1.85184257e-05  0.00000000e+00]","[ 0.         -0.66062087  9.90150738 -0.31968179 -5.66931677 -0.64903456
 -0.67640382 -0.18866388]"
1748894235.0471196,"[ 0.00000000e+00 -3.59297715e-02  3.72009682e-01  3.09479772e+00
 -2.31695281e+00  8.36232582e-05  9.60125499e-01  1.57105425e+00]","[ 0.00000000e+00 -1.24785034e-01  2.80609894e-01 -1.17762503e-01
 -2.74689137e-01 -1.43289120e-04 -1.85184257e-05  0.00000000e+00]","[ 0.         -0.66826767  9.94043827 -0.30389479 -5.74567795 -0.6514309
 -0.70520681 -0.19665079]"
1748894235.048811,"[ 0.00000000e+00 -3.60528096e-02  3.72284287e-01  3.09468347e+00
 -2.31722499e+00  8.25579938e-05  9.60125499e-01  1.57105425e+00]","[ 0.00000000e+00 -1.24785034e-01  2.78188348e-01 -1.15871817e-01
 -2.76039626e-01 -1.53903127e-04 -1.85184257e-05  0.00000000e+00]","[ 0.         -0.67489415 10.00413704 -0.27192584 -5.7876935  -0.65665799
 -0.71260417 -0.17348681]"
1748894235.0505123,"[ 0.00000000e+00 -3.63079404e-02  3.72832100e-01  3.09443393e+00
 -2.31778904e+00  8.25579938e-05  9.60125499e-01  1.57105425e+00]","[ 0.00000000e+00 -1.24244837e-01  2.76579815e-01 -1.12537198e-01
 -2.75335287e-01 -1.53785151e-04 -1.85184257e-05  0.00000000e+00]","[ 0.         -0.70093912 10.0372715  -0.28424197 -5.86698723 -0.66741943
 -0.72420764 -0.1660728 ]"
1748894235.0521786,"[ 0.00000000e+00 -3.65545491e-02  3.73388634e-01  3.09422008e+00
 -2.31833313e+00  8.25579938e-05  9.60125499e-01  1.57105425e+00]","[ 0.00000000e+00 -1.24118953e-01  2.69557276e-01 -1.07389874e-01
 -2.76039626e-01 -1.53786679e-04 -1.85184257e-05  0.00000000e+00]","[ 0.         -0.72769612 10.03272629 -0.31410813 -5.95846224 -0.67164075
 -0.74086154 -0.17688864]"
1748894235.0545125,"[ 0.00000000e+00 -3.68064842e-02  3.73920400e-01  3.09400010e+00
 -2.31890171e+00  8.20253616e-05  9.60125499e-01  1.57105425e+00]","[ 0.00000000e+00 -1.22624254e-01  2.69287181e-01 -1.07052934e-01
 -2.78603751e-01 -1.59089675e-04 -1.85184257e-05  0.00000000e+00]","[ 0.         -0.76755768 10.04186153 -0.31884462 -6.07098866 -0.66391605
 -0.76869839 -0.1789649 ]"
1748894235.0567212,"[ 0.00000000e+00 -3.70514950e-02  3.74467281e-01  3.09379956e+00
 -2.31945538e+00  8.20253616e-05  9.60124567e-01  1.57105425e+00]","[ 0.00000000e+00 -1.16858102e-01  2.66566646e-01 -1.12082680e-01
 -2.81426253e-01 -1.59208546e-04 -2.91003827e-05  0.00000000e+00]","[ 0.         -0.79184437 10.01564598 -0.33222038 -6.15591574 -0.6610629
 -0.77201116 -0.16744006]"
1748894235.0585048,"[ 0.00000000e+00 -3.72831900e-02  3.74988461e-01  3.09355615e+00
 -2.32001145e+00  8.20253616e-05  9.60124567e-01  1.57105425e+00]","[ 0.00000000e+00 -1.15601723e-01  2.63074942e-01 -1.15840483e-01
 -2.81965876e-01 -1.59089675e-04 -2.91003827e-05  0.00000000e+00]","[ 0.         -0.818232   10.04626179 -0.34768534 -6.17968321 -0.6870169
 -0.76585841 -0.17316289]"
1748894235.0601752,"[ 0.00000000e+00 -3.75116892e-02  3.75519296e-01  3.09330954e+00
 -2.32059149e+00  8.20253616e-05  9.60124567e-01  1.57105425e+00]","[ 0.00000000e+00 -1.10839658e-01  2.57046394e-01 -1.21543868e-01
 -2.83602355e-01 -1.59089675e-04 -2.91003827e-05  0.00000000e+00]","[ 0.         -0.84439206 10.07730484 -0.34916034 -6.22100639 -0.70537925
 -0.74749762 -0.18386991]"
1748894235.061998,"[ 0.00000000e+00 -3.76176830e-02  3.75770465e-01  3.09318730e+00
 -2.32087245e+00  8.09600971e-05  9.60124567e-01  1.57105425e+00]","[ 0.00000000e+00 -1.07498797e-01  2.54701914e-01 -1.23974743e-01
 -2.84952844e-01 -1.59088082e-04 -2.91443860e-05  0.00000000e+00]","[ 0.         -0.86171472 10.07204628 -0.3300238  -6.22811842 -0.71768785
 -0.74440837 -0.18591675]"
1748894235.0637095,"[ 0.00000000e+00 -3.78254096e-02  3.76270973e-01  3.09292738e+00
 -2.32145835e+00  8.09600971e-05  9.60124567e-01  1.57105425e+00]","[ 0.00000000e+00 -1.05338016e-01  2.53891630e-01 -1.27215910e-01
 -2.86552904e-01 -1.59089675e-04 -2.91440955e-05  0.00000000e+00]","[ 0.         -0.87436998 10.10015106 -0.31148213 -6.23283339 -0.70996094
 -0.75858241 -0.18211478]"
1748894235.0654607,"[ 0.00000000e+00 -3.80416583e-02  3.76788492e-01  3.09267438e+00
 -2.32202906e+00  8.09600971e-05  9.60124567e-01  1.57105425e+00]","[ 0.00000000e+00 -1.05223675e-01  2.52541141e-01 -1.28975785e-01
 -2.90084689e-01 -1.59089675e-04 -2.91443860e-05  0.00000000e+00]","[ 0.         -0.86056358 10.13237858 -0.31172121 -6.24037457 -0.68961132
 -0.77517128 -0.17226876]"
1748894235.0671113,"[ 0.00000000e+00 -3.82483196e-02  3.77284872e-01  3.09241126e+00
 -2.32262321e+00  8.09600971e-05  9.60124567e-01  1.57105425e+00]","[ 0.00000000e+00 -1.04797819e-01  2.50920558e-01 -1.28142681e-01
 -2.90084689e-01 -1.59208546e-04 -2.91443860e-05  0.00000000e+00]","[ 0.         -0.86057824 10.17356491 -0.293268   -6.2604022  -0.69641465
 -0.76742357 -0.15947039]"
1748894235.0688148,"[ 0.00000000e+00 -3.83516502e-02  3.77549357e-01  3.09228502e+00
 -2.32290950e+00  8.09600971e-05  9.60124567e-01  1.57105425e+00]","[ 0.00000000e+00 -1.04797819e-01  2.49013085e-01 -1.28026201e-01
 -2.90354800e-01 -1.59088082e-04 -2.91443860e-05  0.00000000e+00]","[ 0.         -0.83463973 10.19514084 -0.29620382 -6.22469282 -0.70015258
 -0.74841702 -0.1524681 ]"
1748894235.0705314,"[ 0.00000000e+00 -3.85588442e-02  3.78032887e-01  3.09204081e+00
 -2.32348208e+00  7.98948327e-05  9.60124567e-01  1.57105425e+00]","[ 0.00000000e+00 -1.00307380e-01  2.44168113e-01 -1.21960361e-01
 -2.90084689e-01 -1.69695653e-04 -2.91443860e-05  0.00000000e+00]","[ 0.         -0.80673122 10.13991928 -0.27465561 -6.17542982 -0.70894438
 -0.75106168 -0.14498855]"
1748894235.0740786,"[ 0.00000000e+00 -3.87745602e-02  3.78561891e-01  3.09191351e+00
 -2.32407890e+00  7.98948327e-05  9.60124567e-01  1.57105425e+00]","[ 0.00000000e+00 -1.01654515e-01  2.39036268e-01 -1.19980301e-01
 -2.91975367e-01 -1.59089675e-04 -2.91443860e-05  0.00000000e+00]","[ 0.         -0.76419383 10.100173   -0.26563373 -6.13776398 -0.70269853
 -0.75995857 -0.15689547]"
1748894235.0746558,"[ 0.00000000e+00 -3.89854826e-02  3.79027944e-01  3.09168848e+00
 -2.32467784e+00  7.98948327e-05  9.60124567e-01  1.57105425e+00]","[ 0.00000000e+00 -1.03612346e-01  2.36569265e-01 -1.11820358e-01
 -2.92396013e-01 -1.59088082e-04 -2.91443860e-05  0.00000000e+00]","[ 0.         -0.75462908 10.0820179  -0.23812881 -6.07899427 -0.70804036
 -0.76663071 -0.17388457]"
1748894235.0763803,"[ 0.00000000e+00 -3.91905460e-02  3.79507346e-01  3.09146504e+00
 -2.32525761e+00  7.88295683e-05  9.60124567e-01  1.57105425e+00]","[ 0.00000000e+00 -1.03717433e-01  2.33465434e-01 -1.08038994e-01
 -2.94136156e-01 -1.69695653e-04 -2.91446766e-05  0.00000000e+00]","[ 0.         -0.74939603 10.0648241  -0.21806151 -6.04820585 -0.71782845
 -0.75002247 -0.17338464]"
1748894235.0780177,"[ 0.00000000e+00 -3.93982725e-02  3.79958286e-01  3.09125784e+00
 -2.32583818e+00  7.88295683e-05  9.60123635e-01  1.57105425e+00]","[ 0.00000000e+00 -1.01016455e-01  2.27422073e-01 -1.04257622e-01
 -2.94406233e-01 -1.69695653e-04 -3.70928568e-05  0.00000000e+00]","[ 0.         -0.74521881 10.07328129 -0.23047464 -6.04147816 -0.70724094
 -0.74672329 -0.1594089 ]"
1748894235.079698,"[ 0.00000000e+00 -3.94968095e-02  3.80180061e-01  3.09114706e+00
 -2.32615137e+00  7.88295683e-05  9.60123635e-01  1.57105425e+00]","[ 0.00000000e+00 -9.98348103e-02  2.24991189e-01 -1.04221544e-01
 -2.94903712e-01 -1.69695653e-04 -3.70928568e-05  0.00000000e+00]","[ 0.         -0.73367476 10.09669971 -0.25903985 -6.05881548 -0.69887859
 -0.7527715  -0.15555331]"
1748894235.081462,"[ 0.00000000e+00 -3.96954813e-02  3.80638324e-01  3.09094652e+00
 -2.32673620e+00  7.88295683e-05  9.60123635e-01  1.57105425e+00]","[ 0.00000000e+00 -9.67966262e-02  2.23100511e-01 -1.01016455e-01
 -2.96806208e-01 -1.69693962e-04 -2.91443860e-05  0.00000000e+00]","[ 0.         -0.73957849 10.12591648 -0.26265737 -6.08041286 -0.67945063
 -0.74878395 -0.15541618]"
1748894235.0832505,"[ 0.00000000e+00 -3.98866963e-02  3.81075482e-01  3.09073480e+00
 -2.32735219e+00  7.88295683e-05  9.60123635e-01  1.57105425e+00]","[ 0.00000000e+00 -9.66948934e-02  2.21209833e-01 -1.04319682e-01
 -3.01140136e-01 -1.69695653e-04 -2.91443860e-05  0.00000000e+00]","[ 0.         -0.7586785  10.09405708 -0.29252261 -6.1370306  -0.67983353
 -0.74870151 -0.16381624]"
1748894235.084479,"[ 0.00000000e+00 -3.99809722e-02  3.81310140e-01  3.09063094e+00
 -2.32765153e+00  7.88295683e-05  9.60123635e-01  1.57105425e+00]","[ 0.00000000e+00 -9.55176264e-02  2.20927006e-01 -1.05338016e-01
 -3.03589578e-01 -1.69695653e-04 -2.91443860e-05  0.00000000e+00]","[ 0.         -0.72903502 10.00617409 -0.28015772 -6.12763643 -0.68813664
 -0.77015346 -0.16661717]"
1748894235.0862586,"[ 0.00000000e+00 -4.00821723e-02  3.81749095e-01  3.09041895e+00
 -2.32827364e+00  7.88295683e-05  9.60123635e-01  1.57105425e+00]","[ 0.00000000e+00 -9.53818302e-02  2.22560322e-01 -1.08849286e-01
 -3.04432902e-01 -1.64392656e-04 -2.91443860e-05  0.00000000e+00]","[ 0.         -0.71473378  9.91149139 -0.27329972 -6.14471388 -0.69259173
 -0.77901989 -0.16989252]"
1748894235.0874388,"[ 0.00000000e+00 -4.01769808e-02  3.81967674e-01  3.09031136e+00
 -2.32857485e+00  7.88295683e-05  9.60123635e-01  1.57105425e+00]","[ 0.00000000e+00 -9.60572744e-02  2.21750022e-01 -1.09119380e-01
 -3.05480256e-01 -1.64392656e-04 -2.91443860e-05  0.00000000e+00]","[ 0.         -0.70387441  9.86814594 -0.27268514 -6.15418768 -0.70039403
 -0.77915287 -0.17501871]"
1748894235.089176,"[ 0.00000000e+00 -4.03618042e-02  3.82417216e-01  3.09008978e+00
 -2.32917832e+00  7.88295683e-05  9.60123635e-01  1.57105425e+00]","[ 0.00000000e+00 -9.34537265e-02  2.18508855e-01 -1.08038994e-01
 -3.06830745e-01 -1.64392656e-04 -2.91664395e-05  0.00000000e+00]","[ 0.         -0.65386587  9.63696575 -0.24895515 -6.07127476 -0.69246078
 -0.76118881 -0.1823729 ]"
1748894235.0903196,"[ 0.00000000e+00 -4.04608738e-02  3.82632133e-01  3.08998325e+00
 -2.32948272e+00  7.88295683e-05  9.60123635e-01  1.57105425e+00]","[ 0.00000000e+00 -9.32858641e-02  2.17968666e-01 -1.08038994e-01
 -3.08721423e-01 -1.64392656e-04 -2.91443860e-05  0.00000000e+00]","[ 0.         -0.60036016  9.48038006 -0.23018189 -6.00825167 -0.68298441
 -0.75840634 -0.1779675 ]"
1748894235.0920913,"[ 0.00000000e+00 -4.06467625e-02  3.83054577e-01  3.08976594e+00
 -2.33012321e+00  7.88295683e-05  9.60123635e-01  1.57105425e+00]","[ 0.00000000e+00 -9.38986908e-02  2.13160812e-01 -1.05573523e-01
 -3.13853268e-01 -1.53670393e-04 -2.91446766e-05  0.00000000e+00]","[ 0.         -0.59010071  9.30116558 -0.19631939 -5.94670534 -0.70235276
 -0.70271331 -0.16752484]"
1748894235.0932293,"[ 0.00000000e+00 -4.07378426e-02  3.83278682e-01  3.08966128e+00
 -2.33043320e+00  7.88295683e-05  9.60123635e-01  1.57105425e+00]","[ 0.00000000e+00 -9.23733403e-02  2.11147046e-01 -1.06148308e-01
 -3.14393457e-01 -1.43072445e-04 -2.91664395e-05  0.00000000e+00]","[ 0.         -0.56434673  9.24903774 -0.18983346 -5.87307167 -0.69736505
 -0.69483411 -0.15737213]"
1748894235.0950072,"[ 0.00000000e+00 -4.09279923e-02  3.83686878e-01  3.08945462e+00
 -2.33108168e+00  7.82969360e-05  9.60123635e-01  1.57105425e+00]","[ 0.00000000e+00 -9.23733403e-02  2.06354471e-01 -1.04797819e-01
 -3.16284135e-01 -1.48483698e-04 -2.91446766e-05  0.00000000e+00]","[ 0.         -0.50363386  9.04669476 -0.12934922 -5.78312731 -0.71359265
 -0.65361351 -0.14095397]"
1748894235.0961401,"[ 0.00000000e+00 -4.10180071e-02  3.83887547e-01  3.08934436e+00
 -2.33139380e+00  7.82969360e-05  9.60123635e-01  1.57105425e+00]","[ 0.00000000e+00 -9.12929458e-02  2.03653493e-01 -1.03818142e-01
 -3.16554246e-01 -1.37773464e-04 -2.91443860e-05  0.00000000e+00]","[ 0.         -0.46685445  8.91577816 -0.11216025 -5.71490669 -0.71180791
 -0.65322119 -0.15010341]"
1748894235.1002715,"[ 0.00000000e+00 -4.12028305e-02  3.84102464e-01  3.08914063e+00
 -2.33201938e+00  7.82969360e-05  9.60123635e-01  1.57105425e+00]","[ 0.00000000e+00 -9.02766419e-02  2.02370149e-01 -1.02263222e-01
 -3.18174813e-01 -1.37877721e-04 -2.91443860e-05  0.00000000e+00]","[ 0.         -0.41588742  8.86539745 -0.08784101 -5.63942766 -0.72424865
 -0.65490133 -0.17969584]"
1748894235.1019688,"[ 0.00000000e+00 -4.14675487e-02  3.84685164e-01  3.08883383e+00
 -2.33299197e+00  7.82969360e-05  9.60124567e-01  1.57105425e+00]","[ 0.00000000e+00 -8.91321651e-02  1.94542969e-01 -1.00476258e-01
 -3.21629998e-01 -1.32474482e-04 -1.85604623e-05  0.00000000e+00]","[ 0.         -0.31267211  8.63060284  0.01151707 -5.5690608  -0.75395316
 -0.62719506 -0.1708072 ]"
1748894235.1037796,"[ 0.00000000e+00 -4.16481110e-02  3.85080543e-01  3.08863942e+00
 -2.33365136e+00  7.72316716e-05  9.60124567e-01  1.57105425e+00]","[ 0.00000000e+00 -8.75115816e-02  1.91499109e-01 -9.87555143e-02
 -3.22739005e-01 -1.32574732e-04 -1.85464284e-05  0.00000000e+00]","[ 0.         -0.28564501  8.50447941  0.07309706 -5.58431816 -0.73676348
 -0.61376441 -0.16790587]"
1748894235.1049197,"[ 0.00000000e+00 -4.17327995e-02  3.85266965e-01  3.08853290e+00
 -2.33396935e+00  7.72316716e-05  9.60124567e-01  1.57105425e+00]","[ 0.00000000e+00 -8.58909982e-02  1.89068225e-01 -1.00307380e-01
 -3.22496391e-01 -1.32474482e-04 -1.85464284e-05  0.00000000e+00]","[ 0.         -0.26884678  8.50398445  0.1235257  -5.55223656 -0.73361659
 -0.62270296 -0.16419895]"
1748894235.106689,"[ 0.00000000e+00 -4.18995134e-02  3.85644401e-01  3.08833476e+00
 -2.33461143e+00  7.72316716e-05  9.60124567e-01  1.57105425e+00]","[ 0.00000000e+00 -7.97443724e-02  1.83311736e-01 -1.01016455e-01
 -3.26547858e-01 -1.21968747e-04 -1.85466133e-05  0.00000000e+00]","[ 0.         -0.23880117  8.47798252  0.15336528 -5.63238335 -0.7559036
 -0.60714525 -0.16329931]"
1748894235.1078913,"[ 0.00000000e+00 -4.20507810e-02  3.85998901e-01  3.08812171e+00
 -2.33528681e+00  7.72316716e-05  9.60124567e-01  1.57105425e+00]","[ 0.00000000e+00 -7.56272918e-02  1.78264330e-01 -1.05067922e-01
 -3.31139514e-01 -1.21968747e-04 -1.85464284e-05  0.00000000e+00]","[ 0.         -0.18496068  8.47931576  0.20609249 -5.74594641 -0.78437483
 -0.63399172 -0.18116325]"
1748894235.1096873,"[ 0.00000000e+00 -4.21216211e-02  3.86171108e-01  3.08801784e+00
 -2.33561438e+00  7.61664072e-05  9.60124567e-01  1.57105425e+00]","[ 0.00000000e+00 -7.18459277e-02  1.74753069e-01 -1.05338016e-01
 -3.32219892e-01 -1.32274460e-04 -1.85604623e-05  0.00000000e+00]","[ 0.         -0.18477611  8.49453926  0.22002183 -5.83523226 -0.80908424
 -0.63881218 -0.16467683]"
1748894235.1108792,"[ 0.00000000e+00 -4.22638339e-02  3.86515488e-01  3.08780878e+00
 -2.33629855e+00  7.61664072e-05  9.60124567e-01  1.57105425e+00]","[ 0.00000000e+00 -6.91449538e-02  1.66008712e-01 -1.06148308e-01
 -3.34920870e-01 -1.21692507e-04 -1.85464284e-05  0.00000000e+00]","[ 0.         -0.16822694  8.55165386  0.24113838 -5.97365761 -0.793832
 -0.66771358 -0.18188596]"
1748894235.112617,"[ 0.00000000e+00 -4.23314782e-02  3.86676676e-01  3.08769880e+00
 -2.33662851e+00  7.61664072e-05  9.60123635e-01  1.57105425e+00]","[ 0.00000000e+00 -6.85352481e-02  1.63408968e-01 -1.03567372e-01
 -3.34311705e-01 -1.21692507e-04 -2.91443860e-05  0.00000000e+00]","[ 0.         -0.16608767  8.6162014   0.270612   -6.00671482 -0.80282658
 -0.67948419 -0.18652871]"
1748894235.1143894,"[ 0.00000000e+00 -4.24694299e-02  3.87004078e-01  3.08750359e+00
 -2.33737287e+00  7.61664072e-05  9.60123635e-01  1.57105425e+00]","[ 0.00000000e+00 -6.67044122e-02  1.58987205e-01 -9.66948934e-02
 -3.39865894e-01 -1.21785654e-04 -2.91443860e-05  0.00000000e+00]","[ 0.         -0.1594127   8.72526741  0.29590464 -6.13508129 -0.7635414
 -0.70788151 -0.16898529]"
1748894235.1156158,"[ 0.00000000e+00 -4.25322805e-02  3.87158841e-01  3.08740931e+00
 -2.33771055e+00  7.61664072e-05  9.60123635e-01  1.57105425e+00]","[ 0.00000000e+00 -6.37430062e-02  1.56926634e-01 -9.56145072e-02
 -3.42483615e-01 -1.21692507e-04 -2.91443860e-05  0.00000000e+00]","[ 0.         -0.14820296  8.75907326  0.27028504 -6.14689827 -0.74134368
 -0.72571802 -0.166179  ]"
1748894235.1173546,"[ 0.00000000e+00 -4.26521228e-02  3.87460511e-01  3.08722156e+00
 -2.33839099e+00  7.61664072e-05  9.60123635e-01  1.57105425e+00]","[ 0.00000000e+00 -5.94214448e-02  1.52334978e-01 -8.99424568e-02
 -3.45454671e-01 -1.21692507e-04 -2.91443860e-05  0.00000000e+00]","[ 0.         -0.2140165   8.86567402  0.21809298 -6.17034721 -0.72885877
 -0.73714453 -0.15963171]"
1748894235.1190875,"[ 0.00000000e+00 -4.27144407e-02  3.87619402e-01  3.08713421e+00
 -2.33876011e+00  7.61664072e-05  9.60123635e-01  1.57105425e+00]","[ 0.00000000e+00 -5.86246186e-02  1.49708768e-01 -8.85919761e-02
 -3.47565093e-01 -1.21692507e-04 -2.91443860e-05  0.00000000e+00]","[ 0.         -0.2551074   8.9368391   0.18303649 -6.17627668 -0.74215162
 -0.74168384 -0.15852098]"
1748894235.1203082,"[ 0.00000000e+00 -4.28225651e-02  3.87906856e-01  3.08696296e+00
 -2.33945040e+00  7.61664072e-05  9.60123635e-01  1.57105425e+00]","[ 0.00000000e+00 -5.40194971e-02  1.44232044e-01 -8.58909982e-02
 -3.50501128e-01 -1.21693710e-04 -1.85464284e-05  0.00000000e+00]","[ 0.         -0.33218527  9.0213089   0.13651121 -6.15416956 -0.72468662
 -0.73078704 -0.16256255]"
1748894235.1220794,"[ 0.00000000e+00 -4.29232326e-02  3.88186488e-01  3.08679625e+00
 -2.34017771e+00  7.51011427e-05  9.60123635e-01  1.57105425e+00]","[ 0.00000000e+00 -4.81475432e-02  1.40990877e-01 -8.02189477e-02
 -3.56006747e-01 -1.21692507e-04 -1.85464284e-05  0.00000000e+00]","[ 0.         -0.36779302  9.08652973  0.0867798  -6.11850071 -0.71482742
 -0.7173987  -0.16330397]"
1748894235.123777,"[ 0.00000000e+00 -4.29690389e-02  3.88333894e-01  3.08672008e+00
 -2.34053031e+00  7.51011427e-05  9.60123635e-01  1.57105425e+00]","[ 0.00000000e+00 -4.64096974e-02  1.38925729e-01 -7.71696116e-02
 -3.57609071e-01 -1.21692507e-04 -1.85464284e-05  0.00000000e+00]","[ 0.         -0.41252869  9.08411407  0.03735859 -6.01552439 -0.72439724
 -0.7352072  -0.16538888]"
1748894235.1273828,"[ 0.00000000e+00 -4.30611843e-02  3.88599312e-01  3.08657095e+00
 -2.34124164e+00  7.51011427e-05  9.60123635e-01  1.57105425e+00]","[ 0.00000000e+00 -4.69969619e-02  1.33293243e-01 -7.07655415e-02
 -3.60850238e-01 -1.21692507e-04 -1.85464284e-05  0.00000000e+00]","[ 0.         -0.53343797  9.17733192 -0.05645828 -5.94751072 -0.69754368
 -0.73035473 -0.18696739]"
1748894235.12903,"[ 0.00000000e+00 -4.32113866e-02  3.88979511e-01  3.08637760e+00
 -2.34234153e+00  7.51011427e-05  9.60123635e-01  1.57105425e+00]","[ 0.00000000e+00 -5.02381288e-02  1.22894348e-01 -6.16890390e-02
 -3.63281105e-01 -1.21692507e-04 -1.85184257e-05  0.00000000e+00]","[ 0.         -0.68630838  9.3309803  -0.21031927 -5.86279058 -0.64435118
 -0.7473287  -0.13779312]"
1748894235.130813,"[ 0.00000000e+00 -4.33152499e-02  3.89219196e-01  3.08626016e+00
 -2.34309254e+00  7.51011427e-05  9.60123635e-01  1.57105425e+00]","[ 0.00000000e+00 -5.06552298e-02  1.22084056e-01 -5.86111530e-02
 -3.67375782e-01 -1.21692507e-04 -1.85184257e-05  0.00000000e+00]","[ 0.         -0.79849577  9.39318371 -0.31879711 -5.83602476 -0.6161387
 -0.75000823 -0.1603753 ]"
1748894235.1325593,"[ 0.00000000e+00 -4.34223089e-02  3.89468101e-01  3.08614164e+00
 -2.34345872e+00  7.61664072e-05  9.60123635e-01  1.57105425e+00]","[ 0.00000000e+00 -5.50998833e-02  1.21003670e-01 -5.74259756e-02
 -3.71384039e-01 -1.05820618e-04 -2.91006692e-05  0.00000000e+00]","[ 0.         -0.90110564  9.40565491 -0.38456661 -5.82273197 -0.58868593
 -0.7528162  -0.17828602]"
1748894235.133753,"[ 0.00000000e+00 -4.34830290e-02  3.89587012e-01  3.08608519e+00
 -2.34382597e+00  7.61664072e-05  9.60123635e-01  1.57105425e+00]","[ 0.00000000e+00 -5.71752099e-02  1.20463473e-01 -5.72606640e-02
 -3.72464417e-01 -1.05820618e-04 -2.91006692e-05  0.00000000e+00]","[ 0.         -0.94108939  9.39472485 -0.39097124 -5.84572983 -0.58819246
 -0.76081771 -0.176689  ]"
1748894235.1355379,"[ 0.00000000e+00 -4.35980776e-02  3.89829026e-01  3.08596747e+00
 -2.34459429e+00  7.61664072e-05  9.60123635e-01  1.57105425e+00]","[ 0.00000000e+00 -5.83410544e-02  1.16952203e-01 -6.09801805e-02
 -3.75400386e-01 -9.51657631e-05 -1.85184257e-05  0.00000000e+00]","[ 0.         -1.00612736  9.32297039 -0.43131185 -5.88614559 -0.58764589
 -0.73311371 -0.15936019]"
1748894235.1367092,"[ 0.00000000e+00 -4.36556019e-02  3.89943809e-01  3.08590596e+00
 -2.34496607e+00  7.61664072e-05  9.60123635e-01  1.57105425e+00]","[ 0.00000000e+00 -5.83410544e-02  1.16412014e-01 -6.23925172e-02
 -3.77056073e-01 -9.52376087e-05 -1.85184257e-05  0.00000000e+00]","[ 0.         -1.02352536  9.31101131 -0.43333036 -5.83516216 -0.58177859
 -0.72542143 -0.15897523]"
1748894235.1385236,"[ 0.00000000e+00 -4.37749115e-02  3.90172041e-01  3.08577386e+00
 -2.34571655e+00  7.61664072e-05  9.60123635e-01  1.57105425e+00]","[ 0.00000000e+00 -5.86798210e-02  1.15061525e-01 -6.45532979e-02
 -3.81647729e-01 -9.52376087e-05 -1.85186086e-05  0.00000000e+00]","[ 0.         -1.02728093  9.2699585  -0.43664119 -5.79750538 -0.56888974
 -0.72410941 -0.16547735]"
1748894235.1402998,"[ 0.00000000e+00 -4.38350989e-02  3.90291884e-01  3.08570861e+00
 -2.34612188e+00  7.61664072e-05  9.60123635e-01  1.57105425e+00]","[ 0.00000000e+00 -6.10420282e-02  1.12845809e-01 -6.61738814e-02
 -3.81669600e-01 -8.46564929e-05 -1.85184257e-05  0.00000000e+00]","[ 0.         -1.0289253   9.23881149 -0.43543765 -5.80647135 -0.60369331
 -0.71365589 -0.15157002]"
1748894235.141477,"[ 0.00000000e+00 -4.39581370e-02  3.90511827e-01  3.08557040e+00
 -2.34687822e+00  7.61664072e-05  9.60123635e-01  1.57105425e+00]","[ 0.00000000e+00 -6.21224186e-02  1.09929672e-01 -7.12334838e-02
 -3.83808518e-01 -8.46556558e-05 -1.85186086e-05  0.00000000e+00]","[ 0.         -1.01908362  9.17356014 -0.39784929 -5.71494532 -0.60429609
 -0.71260679 -0.15383422]"
1748894235.1432498,"[ 0.00000000e+00 -4.40875666e-02  3.90720286e-01  3.08541833e+00
 -2.34766625e+00  7.61664072e-05  9.60123635e-01  1.57105425e+00]","[ 0.00000000e+00 -6.31342034e-02  1.04797819e-01 -7.40067084e-02
 -3.85681885e-01 -8.45917913e-05 -1.85184257e-05  0.00000000e+00]","[ 0.         -0.97195393  9.01266003 -0.32454407 -5.67230463 -0.62675953
 -0.70952499 -0.15525511]"
1748894235.144414,"[ 0.00000000e+00 -4.41509498e-02  3.90827745e-01  3.08534403e+00
 -2.34804921e+00  7.61664072e-05  9.60123635e-01  1.57105425e+00]","[ 0.00000000e+00 -6.42831993e-02  1.01310460e-01 -7.53571974e-02
 -3.88400174e-01 -8.45917913e-05 -1.85182388e-05  0.00000000e+00]","[ 0.         -0.95109701  8.93719578 -0.2816309  -5.67397594 -0.63862008
 -0.72005761 -0.16223748]"
1748894235.1461968,"[ 0.00000000e+00 -4.42878363e-02  3.91010504e-01  3.08518610e+00
 -2.34882046e+00  7.61664072e-05  9.60123635e-01  1.57105425e+00]","[ 0.00000000e+00 -6.72059479e-02  9.02125596e-02 -7.72366817e-02
 -3.91244530e-01 -7.40737029e-05 -1.85184257e-05  0.00000000e+00]","[ 0.         -0.87190652  8.81372166 -0.19451652 -5.67875862 -0.64036667
 -0.72361791 -0.17040543]"
1748894235.1479445,"[ 0.00000000e+00 -4.43533501e-02  3.91095925e-01  3.08510887e+00
 -2.34923618e+00  7.61664072e-05  9.60123635e-01  1.57105425e+00]","[ 0.00000000e+00 -6.64439800e-02  8.67012899e-02 -7.82489076e-02
 -3.91449560e-01 -7.40744343e-05 -1.85184257e-05  0.00000000e+00]","[ 0.         -0.84263092  8.77946949 -0.1419972  -5.67755508 -0.61866558
 -0.71728009 -0.17055844]"
1748894235.149695,"[ 0.00000000e+00 -4.44838450e-02  3.91259377e-01  3.08495494e+00
 -2.35000930e+00  7.61664072e-05  9.60123635e-01  1.57105425e+00]","[ 0.00000000e+00 -6.52973643e-02  7.72478753e-02 -7.83282698e-02
 -3.92451641e-01 -6.34438435e-05 -1.85184257e-05  0.00000000e+00]","[ 0.         -0.7753796   8.73142624 -0.01114389 -5.70984793 -0.64996314
 -0.69321829 -0.15285051]"
1748894235.152066,"[ 0.00000000e+00 -4.45493587e-02  3.91330550e-01  3.08486999e+00
 -2.35039785e+00  7.61664072e-05  9.60123635e-01  1.57105425e+00]","[ 0.00000000e+00 -6.64439800e-02  7.20429600e-02 -7.99951423e-02
 -3.94072208e-01 -6.34923676e-05 -1.85184257e-05  0.00000000e+00]","[ 0.         -0.73476124  8.71553612  0.02923966 -5.66582298 -0.67656809
 -0.6945641  -0.1685634 ]"
1748894235.1526885,"[ 0.00000000e+00 -4.46846473e-02  3.91467403e-01  3.08471073e+00
 -2.35121065e+00  7.61664072e-05  9.60123635e-01  1.57105425e+00]","[ 0.00000000e+00 -6.59037828e-02  6.56395306e-02 -8.10292395e-02
 -3.97718774e-01 -6.34444733e-05 -1.85186086e-05  0.00000000e+00]","[ 0.         -0.64418054  8.67162132  0.14125389 -5.83273554 -0.67976201
 -0.70188516 -0.16813979]"
1748894235.154429,"[ 0.00000000e+00 -4.48098159e-02  3.91587711e-01  3.08454668e+00
 -2.35199628e+00  7.51011427e-05  9.60123635e-01  1.57105425e+00]","[ 0.00000000e+00 -6.21224186e-02  5.91513461e-02 -7.97443724e-02
 -3.99204086e-01 -7.40737029e-05 -1.85184257e-05  0.00000000e+00]","[ 0.         -0.56847656  8.68122292  0.21816841 -5.99555016 -0.72728032
 -0.73566377 -0.18323319]"
1748894235.1561787,"[ 0.00000000e+00 -4.49376476e-02  3.91696535e-01  3.08438928e+00
 -2.35281867e+00  7.51011427e-05  9.60122703e-01  1.57105425e+00]","[ 0.00000000e+00 -6.21224186e-02  5.13185192e-02 -7.91385615e-02
 -4.02175141e-01 -6.87308335e-05 -2.64548924e-05  0.00000000e+00]","[ 0.         -0.49784631  8.74673653  0.32009724 -6.18842697 -0.74017328
 -0.76797682 -0.17467406]"
1748894235.157924,"[ 0.00000000e+00 -4.50601530e-02  3.91792974e-01  3.08423269e+00
 -2.35362054e+00  7.51011427e-05  9.60122703e-01  1.57105425e+00]","[ 0.00000000e+00 -6.15822255e-02  4.83474467e-02 -7.50870946e-02
 -4.07577097e-01 -6.87834010e-05 -1.85186086e-05  0.00000000e+00]","[ 0.         -0.46571243  8.80172539  0.38095805 -6.3575778  -0.75752634
 -0.75393742 -0.16272931]"
1748894235.1596367,"[ 0.00000000e+00 -4.51182099e-02  3.91843475e-01  3.08416052e+00
 -2.35402401e+00  7.51011427e-05  9.60122703e-01  1.57105425e+00]","[ 0.00000000e+00 -5.88812517e-02  4.76460075e-02 -7.31964166e-02
 -4.08783077e-01 -6.87315080e-05 -1.85184257e-05  0.00000000e+00]","[ 0.         -0.4316788   8.82415771  0.40102571 -6.41097116 -0.73667598
 -0.75640863 -0.15414104]"
1748894235.1614163,"[ 0.00000000e+00 -4.52311280e-02  3.91931659e-01  3.08402204e+00
 -2.35486531e+00  7.51011427e-05  9.60122703e-01  1.57105425e+00]","[ 0.00000000e+00 -5.39647609e-02  4.37557908e-02 -6.96851469e-02
 -4.11088342e-01 -6.87827183e-05 -1.85184257e-05  0.00000000e+00]","[ 0.         -0.38893682  8.85101318  0.42375353 -6.49273396 -0.73108047
 -0.78515148 -0.16550392]"
1748894235.1652188,"[ 0.00000000e+00 -4.52827933e-02  3.91972039e-01  3.08395066e+00
 -2.35527224e+00  7.51011427e-05  9.60121704e-01  1.57105425e+00]","[ 0.00000000e+00 -5.24521062e-02  4.10548170e-02 -6.72059479e-02
 -4.12708942e-01 -5.82013384e-05 -2.91003827e-05  0.00000000e+00]","[ 0.         -0.37118423  8.87481308  0.43161547 -6.53157806 -0.72902107
 -0.78865975 -0.1658043 ]"
1748894235.1668117,"[ 0.00000000e+00 -4.54772040e-02  3.92112554e-01  3.08370831e+00
 -2.35694790e+00  7.51011427e-05  9.60121704e-01  1.57105425e+00]","[ 0.00000000e+00 -4.47907535e-02  3.26817948e-02 -5.83740859e-02
 -4.19346505e-01 -5.82007654e-05 -2.91003827e-05  0.00000000e+00]","[ 0.         -0.44882962  8.96421623  0.36204952 -6.45432568 -0.70991433
 -0.75260758 -0.17676537]"
1748894235.167945,"[ 0.00000000e+00 -4.55634905e-02  3.92178234e-01  3.08359620e+00
 -2.35780916e+00  7.51011427e-05  9.60121704e-01  1.57105425e+00]","[ 0.00000000e+00 -4.15884063e-02  3.15693862e-02 -5.59101792e-02
 -4.21541782e-01 -5.81574305e-05 -2.91003827e-05  0.00000000e+00]","[ 0.         -0.45606893  9.01599789  0.29649538 -6.36616278 -0.71275932
 -0.72361821 -0.1744798 ]"
1748894235.1695898,"[ 0.00000000e+00 -4.56045031e-02  3.92208993e-01  3.08354267e+00
 -2.35822488e+00  7.51011427e-05  9.60121704e-01  1.57105425e+00]","[ 0.00000000e+00 -4.15950101e-02  3.13313079e-02 -5.42895916e-02
 -4.21622176e-01 -5.82013384e-05 -2.91003827e-05  0.00000000e+00]","[ 0.         -0.46575201  9.00314999  0.23600821 -6.30853701 -0.70784253
 -0.71438479 -0.19391273]"
1748894235.1712813,"[ 0.00000000e+00 -4.56891917e-02  3.92265919e-01  3.08343561e+00
 -2.35906058e+00  7.51011427e-05  9.60121704e-01  1.57105425e+00]","[ 0.00000000e+00 -4.42959881e-02  2.78200403e-02 -5.21288109e-02
 -4.24323121e-01 -4.75833530e-05 -2.91003827e-05  0.00000000e+00]","[ 0.         -0.53515381  8.95422649  0.13947564 -6.20654249 -0.71504956
 -0.7125079  -0.18482281]"
1748894235.1723857,"[ 0.00000000e+00 -4.57355307e-02  3.92293016e-01  3.08338447e+00
 -2.35951039e+00  7.51011427e-05  9.60121704e-01  1.57105425e+00]","[ 0.00000000e+00 -4.36337140e-02  2.55783827e-02 -5.18587164e-02
 -4.23149499e-01 -4.75828816e-05 -2.91006692e-05  0.00000000e+00]","[ 0.         -0.58498073  8.96608639  0.10246561 -6.15778637 -0.70347768
 -0.70725775 -0.16879387]"
1748894235.1740952,"[ 0.00000000e+00 -4.58244802e-02  3.92335261e-01  3.08327662e+00
 -2.36034529e+00  7.51011427e-05  9.60122703e-01  1.57105425e+00]","[ 0.00000000e+00 -4.47907535e-02  2.05274085e-02 -5.29121464e-02
 -4.22432443e-01 -4.76188043e-05 -1.85184257e-05  0.00000000e+00]","[ 0.         -0.645823    8.9316349   0.03884063 -6.041399   -0.66620994
 -0.68931293 -0.15211761]"
1748894235.175762,"[ 0.00000000e+00 -4.58686887e-02  3.92353170e-01  3.08322575e+00
 -2.36076314e+00  7.51011427e-05  9.60122703e-01  1.57105425e+00]","[ 0.00000000e+00 -4.48361812e-02  1.80965312e-02 -5.15886178e-02
 -4.23782932e-01 -4.75833530e-05 -1.85184257e-05  0.00000000e+00]","[ 0.         -0.69310617  8.92313766 -0.03292833 -5.9407258  -0.68232059
 -0.69439983 -0.14346373]"
1748894235.1774106,"[ 0.00000000e+00 -4.59576383e-02  3.92381666e-01  3.08312455e+00
 -2.36163506e+00  7.51011427e-05  9.60122703e-01  1.57105425e+00]","[ 0.00000000e+00 -4.32155977e-02  1.29646791e-02 -4.88998487e-02
 -4.26483910e-01 -3.70368514e-05 -1.85184257e-05  0.00000000e+00]","[ 0.         -0.75113589  8.92416763 -0.11510233 -5.88775206 -0.65339702
 -0.67731786 -0.15910572]"
1748894235.1785836,"[ 0.00000000e+00 -4.60013141e-02  3.92391287e-01  3.08307741e+00
 -2.36205664e+00  7.51011427e-05  9.60122703e-01  1.57105425e+00]","[ 0.00000000e+00 -4.42959881e-02  9.72350907e-03 -4.78072536e-02
 -4.27131091e-01 -3.70368514e-05 -1.05820616e-05  0.00000000e+00]","[ 0.         -0.78954244  8.9463377  -0.14027627 -5.90863657 -0.6409784
 -0.67887473 -0.15368663]"
1748894235.180877,"[ 0.00000000e+00 -4.60939921e-02  3.92406001e-01  3.08298180e+00
 -2.36293042e+00  7.51011427e-05  9.60122703e-01  1.57105425e+00]","[ 0.00000000e+00 -4.55969256e-02  6.01844290e-03 -4.88876440e-02
 -4.25943721e-01 -3.70089097e-05 -1.05819570e-05  0.00000000e+00]","[ 0.         -0.82713014  8.92681217 -0.20852271 -5.87536812 -0.64067429
 -0.69832999 -0.16059779]"
1748894235.1820488,"[ 0.00000000e+00 -4.61808112e-02  3.92413791e-01  3.08287714e+00
 -2.36377411e+00  7.51011427e-05  9.60122703e-01  1.57105425e+00]","[ 0.00000000e+00 -4.32155977e-02  3.24116978e-03 -5.13185192e-02
 -4.28104510e-01 -3.70372172e-05 -1.05820616e-05  0.00000000e+00]","[ 0.         -0.87239051  8.94720173 -0.25357875 -5.8776865  -0.61975437
 -0.70316619 -0.14597729]"
1748894235.1837971,"[ 0.00000000e+00 -4.62250197e-02  3.92415621e-01  3.08282628e+00
 -2.36419782e+00  7.51011427e-05  9.60122703e-01  1.57105425e+00]","[ 0.00000000e+00 -4.16275631e-02  1.89068235e-03 -5.15886178e-02
 -4.29725077e-01 -3.70092754e-05 -1.05820616e-05  0.00000000e+00]","[ 0.         -0.8937003   8.96944427 -0.27175629 -5.84672832 -0.61556077
 -0.69280881 -0.14830813]"
1748894235.185468,"[ 0.00000000e+00 -4.63011861e-02  3.92416554e-01  3.08272295e+00
 -2.36507720e+00  7.51011427e-05  9.60122703e-01  1.57105425e+00]","[ 0.00000000e+00 -3.78136459e-02  5.40194952e-04 -5.26690081e-02
 -4.28809515e-01 -3.70368514e-05 -1.05819570e-05  0.00000000e+00]","[ 0.         -0.93738872  8.97353649 -0.32164067 -5.82885265 -0.61166304
 -0.64290196 -0.13547172]"
1748894235.1872416,"[ 0.00000000e+00 -4.63384703e-02  3.92416088e-01  3.08266515e+00
 -2.36550144e+00  7.51011427e-05  9.60122703e-01  1.57105425e+00]","[ 0.00000000e+00 -3.77753338e-02  0.00000000e+00 -5.44167575e-02
 -4.30265266e-01 -3.70368514e-05 -1.05819570e-05  0.00000000e+00]","[ 0.         -0.96529013  8.9717083  -0.33999351 -5.90573359 -0.61531454
 -0.64384103 -0.14064316]"
1748894235.1911209,"[ 0.00000000e+00 -4.64135715e-02  3.92415621e-01  3.08255357e+00
 -2.36638827e+00  7.51011427e-05  9.60122703e-01  1.57105425e+00]","[ 0.00000000e+00 -3.72734528e-02 -1.32462624e-04 -5.72606640e-02
 -4.34046655e-01 -3.70092754e-05 -1.05819570e-05  0.00000000e+00]","[ 0.         -0.98850614  8.90022087 -0.33201906 -6.02200699 -0.60674304
 -0.70791084 -0.15021577]"
1748894235.1927476,"[ 0.00000000e+00 -4.65733611e-02  3.92416088e-01  3.08233040e+00
 -2.36814409e+00  7.51011427e-05  9.60122703e-01  1.57105425e+00]","[ 0.00000000e+00 -4.05862754e-02  0.00000000e+00 -5.34792999e-02
 -4.37654240e-01 -3.70089097e-05 -1.05819570e-05  0.00000000e+00]","[ 0.         -1.01866245  8.82024384 -0.33078361 -6.21548939 -0.65710723
 -0.70195633 -0.1666989 ]"
1748894235.193869,"[ 0.00000000e+00 -4.66575170e-02  3.92415621e-01  3.08222706e+00
 -2.36901255e+00  7.51011427e-05  9.60122703e-01  1.57105425e+00]","[ 0.00000000e+00 -4.32155977e-02 -6.62477901e-05 -5.21288109e-02
 -4.40528989e-01 -3.70372172e-05 -1.05819570e-05  0.00000000e+00]","[ 0.         -1.02466464  8.75100899 -0.31210327 -6.19308519 -0.65572554
 -0.69658208 -0.16804466]"
1748894235.1955886,"[ 0.00000000e+00 -4.67011929e-02  3.92415621e-01  3.08217194e+00
 -2.36944824e+00  7.51011427e-05  9.60122703e-01  1.57105425e+00]","[ 0.00000000e+00 -4.42959881e-02  0.00000000e+00 -5.19090710e-02
 -4.41879478e-01 -3.17461838e-05 -1.05819570e-05  0.00000000e+00]","[ 0.         -1.01540923  8.72772312 -0.27381158 -6.1659317  -0.64318997
 -0.70205545 -0.16990317]"
1748894235.1973248,"[ 0.00000000e+00 -4.68013277e-02  3.92415621e-01  3.08207580e+00
 -2.37035612e+00  7.51011427e-05  9.60122703e-01  1.57105425e+00]","[ 0.00000000e+00 -5.07783261e-02  0.00000000e+00 -4.74889892e-02
 -4.43860171e-01 -3.17461838e-05 -1.05820616e-05  0.00000000e+00]","[ 0.         -0.99023998  8.6195631  -0.24885647 -6.09004688 -0.64959168
 -0.69088006 -0.1749188 ]"
1748894235.1991549,"[ 0.00000000e+00 -4.68529931e-02  3.92415155e-01  3.08203185e+00
 -2.37079421e+00  7.51011427e-05  9.60122703e-01  1.57105425e+00]","[ 0.00000000e+00 -5.23458211e-02 -4.80888602e-05 -4.45660825e-02
 -4.44310345e-01 -3.17458709e-05 -1.05819570e-05  0.00000000e+00]","[ 0.         -0.95119822  8.52796936 -0.22975254 -5.99124336 -0.66103417
 -0.67763591 -0.17637092]"
1748894235.2003107,"[ 0.00000000e+00 -4.69648458e-02  3.92414257e-01  3.08194770e+00
 -2.37167438e+00  7.51011427e-05  9.60122703e-01  1.57105425e+00]","[ 0.00000000e+00 -5.46675233e-02 -1.01453759e-04 -3.97043280e-02
 -4.46471134e-01 -3.17222367e-05 -1.85184257e-05  0.00000000e+00]","[ 0.         -0.93615448  8.36031055 -0.18077756 -5.97797871 -0.68805945
 -0.64586604 -0.18689702]"
1748894235.2020524,"[ 0.00000000e+00 -4.70703070e-02  3.92413791e-01  3.08187020e+00
 -2.37259104e+00  7.51011427e-05  9.60122703e-01  1.57105425e+00]","[ 0.00000000e+00 -5.34792999e-02 -1.32835457e-04 -3.91641349e-02
 -4.47551512e-01 -3.17461838e-05 -1.85186086e-05  0.00000000e+00]","[ 0.         -0.92030632  8.20572376 -0.15339836 -5.8939352  -0.68866032
 -0.63402998 -0.166382  ]"
1748894235.2037597,"[ 0.00000000e+00 -4.71219723e-02  3.92413791e-01  3.08182972e+00
 -2.37303099e+00  7.51011427e-05  9.60122703e-01  1.57105425e+00]","[ 0.00000000e+00 -5.23989095e-02 -1.24115368e-04 -3.81168052e-02
 -4.45748951e-01 -2.11479478e-05 -1.85325998e-05  0.00000000e+00]","[ 0.         -0.91847318  8.14637661 -0.12174352 -5.92252636 -0.66996104
 -0.62765598 -0.17450751]"
1748894235.2049737,"[ 0.00000000e+00 -4.72306293e-02  3.92413325e-01  3.08175755e+00
 -2.37394473e+00  7.51011427e-05  9.60122703e-01  1.57105425e+00]","[ 0.00000000e+00 -5.29391068e-02 -1.65598881e-04 -3.59229638e-02
 -4.46367870e-01 -2.11639139e-05 -1.85184257e-05  0.00000000e+00]","[ 0.         -0.87017089  8.05415821 -0.10101827 -5.86078453 -0.66084534
 -0.62756348 -0.17854761]"
1748894235.206709,"[ 0.00000000e+00 -4.72806967e-02  3.92413325e-01  3.08172373e+00
 -2.37438654e+00  7.51011427e-05  9.60122703e-01  1.57105425e+00]","[ 0.00000000e+00 -5.07783261e-02 -1.56032404e-04 -3.43023804e-02
 -4.48091701e-01 -2.11641232e-05 -1.85186086e-05  0.00000000e+00]","[ 0.         -0.84786296  8.01019764 -0.10171627 -5.80689716 -0.65735161
 -0.62623906 -0.16863944]"
1748894235.2079132,"[ 0.00000000e+00 -4.73802990e-02  3.92412858e-01  3.08165901e+00
 -2.37530667e+00  7.51011427e-05  9.60122703e-01  1.57105425e+00]","[ 0.00000000e+00 -4.76460075e-02 -1.77003221e-04 -3.07911127e-02
 -4.49377075e-01 -2.11479478e-05 -1.85184257e-05  0.00000000e+00]","[ 0.         -0.80901849  7.91423655 -0.0871606  -5.83644342 -0.66861373
 -0.64522046 -0.17322868]"
1748894235.209562,"[ 0.00000000e+00 -4.74261053e-02  3.92412426e-01  3.08162998e+00
 -2.37574928e+00  7.51011427e-05  9.60122703e-01  1.57105425e+00]","[ 0.00000000e+00 -4.64567646e-02 -2.05638168e-04 -2.94107963e-02
 -4.48447166e-01 -2.11479478e-05 -1.85184257e-05  0.00000000e+00]","[ 0.         -0.82196522  7.90408802 -0.1031496  -5.88159323 -0.66669011
 -0.65164965 -0.16380046]"
1748894235.2107875,"[ 0.00000000e+00 -4.74708464e-02  3.92412426e-01  3.08160016e+00
 -2.37619190e+00  7.51011427e-05  9.60122703e-01  1.57105425e+00]","[ 0.00000000e+00 -4.53304014e-02 -1.95031947e-04 -2.80860672e-02
 -4.48902001e-01 -1.05979587e-05 -1.85186086e-05  0.00000000e+00]","[ 0.         -0.83197451  7.88258982 -0.12833576 -5.87616444 -0.66881198
 -0.65187597 -0.16927078]"
1748894235.2125394,"[ 0.00000000e+00 -4.75672529e-02  3.92411494e-01  3.08154636e+00
 -2.37711389e+00  7.51011427e-05  9.60122703e-01  1.57105425e+00]","[ 0.00000000e+00 -4.71444719e-02 -2.24349541e-04 -2.70097486e-02
 -4.50881695e-01 -1.05979587e-05 -1.85184257e-05  0.00000000e+00]","[ 0.         -0.83882022  7.80311823 -0.15948692 -5.94903088 -0.6411745
 -0.62925535 -0.15999644]"
1748894235.2143602,"[ 0.00000000e+00 -4.76625940e-02  3.92410595e-01  3.08149177e+00
 -2.37800445e+00  7.51011427e-05  9.60122703e-01  1.57105425e+00]","[ 0.00000000e+00 -4.86175453e-02 -2.52466517e-04 -2.80901368e-02
 -4.51873090e-01 -1.05978530e-05 -1.05819570e-05  0.00000000e+00]","[ 0.         -0.84077179  7.74100304 -0.18205647 -5.96669197 -0.64140433
 -0.63461769 -0.17107244]"
1748894235.2161653,"[ 0.00000000e+00 -4.77105309e-02  3.92410595e-01  3.08146114e+00
 -2.37844920e+00  7.51011427e-05  9.60122703e-01  1.57105425e+00]","[ 0.00000000e+00 -4.86175453e-02 -2.41707941e-04 -2.88383728e-02
 -4.50605758e-01 -1.05978530e-05 -1.05820616e-05  0.00000000e+00]","[ 0.         -0.84858489  7.68960905 -0.21283391 -5.99072218 -0.64709735
 -0.63521534 -0.16556258]"
1748894235.2195582,"[ 0.00000000e+00 -4.78080026e-02  3.92410595e-01  3.08140548e+00
 -2.37938290e+00  7.51011427e-05  9.60122703e-01  1.57105425e+00]","[ 0.00000000e+00 -4.74889892e-02 -2.18688145e-04 -2.78200403e-02
 -4.57150909e-01 -1.05979587e-05 -1.05819570e-05  0.00000000e+00]","[ 0.         -0.82866323  7.63998556 -0.21321382 -5.98398256 -0.62760729
 -0.65704072 -0.16587095]"
1748894235.221765,"[ 0.00000000e+00 -4.80050765e-02  3.92409197e-01  3.08130721e+00
 -2.38123806e+00  7.51011427e-05  9.60122703e-01  1.57105425e+00]","[ 0.00000000e+00 -4.91577426e-02 -2.44214700e-04 -2.18778954e-02
 -4.63017653e-01  0.00000000e+00 -1.05819570e-05  0.00000000e+00]","[ 0.         -0.81422669  7.50013065 -0.27535003 -5.89856529 -0.6051659
 -0.60765254 -0.17525354]"
1748894235.2235527,"[ 0.00000000e+00 -4.80998851e-02  3.92407832e-01  3.08126913e+00
 -2.38215765e+00  7.51011427e-05  9.60122703e-01  1.57105425e+00]","[ 0.00000000e+00 -4.69969619e-02 -2.74416124e-04 -1.73193324e-02
 -4.67538735e-01  0.00000000e+00 -1.05739739e-05  0.00000000e+00]","[ 0.         -0.82072687  7.36341047 -0.31460914 -5.81664658 -0.58567268
 -0.61778855 -0.15322033]"
1748894235.224677,"[ 0.00000000e+00 -4.81494199e-02  3.92407832e-01  3.08125261e+00
 -2.38262024e+00  7.51011427e-05  9.60123635e-01  1.57105425e+00]","[ 0.00000000e+00 -4.65990565e-02 -2.75149338e-04 -1.67290760e-02
 -4.69159302e-01  0.00000000e+00  0.00000000e+00  0.00000000e+00]","[ 0.         -0.82096279  7.32502365 -0.32553107 -5.7540822  -0.59063691
 -0.62513524 -0.14527419]"
1748894235.226436,"[ 0.00000000e+00 -4.82426305e-02  3.92407366e-01  3.08122465e+00
 -2.38358271e+00  7.51011427e-05  9.60123635e-01  1.57105425e+00]","[ 0.00000000e+00 -4.74889892e-02 -2.83402570e-04 -1.32907280e-02
 -4.71050013e-01  0.00000000e+00  0.00000000e+00  0.00000000e+00]","[ 0.         -0.83412009  7.20808458 -0.35811144 -5.69492722 -0.57380515
 -0.61730683 -0.15187505]"
1748894235.228165,"[ 0.00000000e+00 -4.82921653e-02  3.92406900e-01  3.08121267e+00
 -2.38404689e+00  7.51011427e-05  9.60123635e-01  1.57105425e+00]","[ 0.00000000e+00 -5.02381288e-02 -2.91809667e-04 -1.21543863e-02
 -4.70779902e-01  0.00000000e+00  0.00000000e+00  0.00000000e+00]","[ 0.         -0.83416063  7.16050339 -0.38685462 -5.68811178 -0.58807552
 -0.60224897 -0.16135223]"
1748894235.229299,"[ 0.00000000e+00 -4.83981591e-02  3.92405535e-01  3.08118976e+00
 -2.38501842e+00  7.51011427e-05  9.60123635e-01  1.57105425e+00]","[ 0.00000000e+00 -5.23989095e-02 -3.08246169e-04 -1.16259829e-02
 -4.74759198e-01  0.00000000e+00  0.00000000e+00  0.00000000e+00]","[ 0.         -0.83750296  7.11862373 -0.40895543 -5.71006727 -0.58063853
 -0.55948329 -0.16832086]"
1748894235.2310698,"[ 0.00000000e+00 -4.84498244e-02  3.92404603e-01  3.08117805e+00
 -2.38548740e+00  7.51011427e-05  9.60123635e-01  1.57105425e+00]","[ 0.00000000e+00 -5.23989095e-02 -3.31187456e-04 -1.18722473e-02
 -4.75641669e-01  0.00000000e+00  0.00000000e+00  0.00000000e+00]","[ 0.         -0.84185684  7.09260559 -0.42840225 -5.72396898 -0.58231694
 -0.56159377 -0.1689035 ]"
1748894235.232735,"[ 0.00000000e+00 -4.85568835e-02  3.92403238e-01  3.08115381e+00
 -2.38646185e+00  7.51011427e-05  9.60123635e-01  1.57105425e+00]","[ 0.00000000e+00 -5.21598409e-02 -3.45437318e-04 -1.16141912e-02
 -4.75707782e-01 -1.06059783e-05  0.00000000e+00  0.00000000e+00]","[ 0.         -0.84055984  7.05458689 -0.44774738 -5.73224354 -0.59309798
 -0.56701016 -0.17102373]"
1748894235.2339432,"[ 0.00000000e+00 -4.86634100e-02  3.92402306e-01  3.08112585e+00
 -2.38740115e+00  7.51011427e-05  9.60123635e-01  1.57105425e+00]","[ 0.00000000e+00 -5.45596902e-02 -3.55602648e-04 -1.30399602e-02
 -4.76451936e-01 -1.05979587e-05  0.00000000e+00  0.00000000e+00]","[ 0.         -0.82868052  7.0582056  -0.41650209 -5.68174362 -0.58939171
 -0.56074166 -0.16609527]"
1748894235.2356522,"[ 0.00000000e+00 -4.87177385e-02  3.92401840e-01  3.08111253e+00
 -2.38787226e+00  7.51011427e-05  9.60123635e-01  1.57105425e+00]","[ 0.00000000e+00 -5.50998833e-02 -3.53272740e-04 -1.35048743e-02
 -4.77318329e-01 -1.06059783e-05  0.00000000e+00  0.00000000e+00]","[ 0.         -0.81971711  7.05934334 -0.40445301 -5.60624313 -0.58884263
 -0.5631128  -0.17494044]"
1748894235.2375195,"[ 0.00000000e+00 -4.88327870e-02  3.92401407e-01  3.08108483e+00
 -2.38885283e+00  7.51011427e-05  9.60123635e-01  1.57105425e+00]","[ 0.00000000e+00 -5.61802737e-02 -3.44597083e-04 -1.45704862e-02
 -4.78882836e-01 -1.06059783e-05  0.00000000e+00  0.00000000e+00]","[ 0.         -0.81001174  7.0363512  -0.40067863 -5.63655043 -0.59100062
 -0.58484793 -0.17106952]"
1748894235.2386544,"[ 0.00000000e+00 -4.88865829e-02  3.92400475e-01  3.08107019e+00
 -2.38932528e+00  7.51011427e-05  9.60123635e-01  1.57105425e+00]","[ 0.00000000e+00 -5.45596902e-02 -3.73313515e-04 -1.48553612e-02
 -4.79152914e-01 -1.05978530e-05  0.00000000e+00  0.00000000e+00]","[ 0.         -0.82430524  7.03180552 -0.39789057 -5.74415445 -0.60332108
 -0.60391885 -0.16230854]"
1748894235.2404127,"[ 0.00000000e+00 -4.90026967e-02  3.92399110e-01  3.08103770e+00
 -2.39027443e+00  7.51011427e-05  9.60123635e-01  1.57105425e+00]","[ 0.00000000e+00 -5.76767455e-02 -3.87799362e-04 -1.56656540e-02
 -4.82124003e-01 -1.06058726e-05  0.00000000e+00  0.00000000e+00]","[ 0.         -0.77636915  7.0306921  -0.33800671 -5.88076305 -0.58833158
 -0.61621743 -0.16507763]"
1748894235.2421072,"[ 0.00000000e+00 -4.90618189e-02  3.92398178e-01  3.08102198e+00
 -2.39078549e+00  7.51011427e-05  9.60123635e-01  1.57105425e+00]","[ 0.00000000e+00 -5.99008845e-02 -3.98180099e-04 -1.59357516e-02
 -4.80771983e-01 -1.06059783e-05  0.00000000e+00  0.00000000e+00]","[ 0.         -0.75115991  7.06568575 -0.32043689 -5.88394594 -0.58057517
 -0.62040156 -0.16586082]"
1748894235.2433388,"[ 0.00000000e+00 -4.91859222e-02  3.92397246e-01  3.08099136e+00
 -2.39173784e+00  7.51011427e-05  9.60123635e-01  1.57105425e+00]","[ 0.00000000e+00 -6.44261694e-02 -4.04102414e-04 -1.53955564e-02
 -4.83474492e-01 -1.06059783e-05  0.00000000e+00  0.00000000e+00]","[ 0.         -0.7197789   7.1003232  -0.28807399 -5.94928932 -0.58017457
 -0.62922591 -0.15526782]"
1748894235.2450411,"[ 0.00000000e+00 -4.92626212e-02  3.92396813e-01  3.08097618e+00
 -2.39221454e+00  7.51011427e-05  9.60123635e-01  1.57105425e+00]","[ 0.00000000e+00 -6.32308637e-02 -4.07201752e-04 -1.42938025e-02
 -4.83474492e-01 -1.06059783e-05  0.00000000e+00  0.00000000e+00]","[ 0.         -0.7011413   7.11272097 -0.29147622 -5.99948168 -0.59133494
 -0.63456708 -0.15628432]"
1748894235.246727,"[ 0.00000000e+00 -4.93931161e-02  3.92395881e-01  3.08094955e+00
 -2.39321136e+00  7.51011427e-05  9.60123635e-01  1.57105425e+00]","[ 0.00000000e+00 -6.69841731e-02 -4.27484103e-04 -1.29646791e-02
 -4.87525959e-01 -1.06059783e-05  0.00000000e+00  0.00000000e+00]","[ 0.         -0.67002749  7.15128803 -0.23067032 -5.96738243 -0.58434403
 -0.6483292  -0.15171066]"
1748894235.247892,"[ 0.00000000e+00 -4.95326657e-02  3.92394982e-01  3.08092611e+00
 -2.39417463e+00  7.51011427e-05  9.60123635e-01  1.57105425e+00]","[ 0.00000000e+00 -6.80645635e-02 -4.49030839e-04 -1.10739970e-02
 -4.88876448e-01 -1.06059783e-05  0.00000000e+00  0.00000000e+00]","[ 0.         -0.62560779  7.19660711 -0.18451685 -6.02344704 -0.59399247
 -0.64523852 -0.17560354]"
1748894235.2495737,"[ 0.00000000e+00 -4.95992448e-02  3.92394516e-01  3.08091652e+00
 -2.39465586e+00  7.51011427e-05  9.60123635e-01  1.57105425e+00]","[ 0.00000000e+00 -6.75243704e-02 -4.60621669e-04 -9.71365745e-03
 -4.88066148e-01 -1.06059783e-05  0.00000000e+00  0.00000000e+00]","[ 0.         -0.60241073  7.2240715  -0.14477026 -5.9951849  -0.60113436
 -0.64671016 -0.17384136]"
1748894235.2507758,"[ 0.00000000e+00 -4.97313376e-02  3.92393118e-01  3.08090720e+00
 -2.39566200e+00  7.51011427e-05  9.60123635e-01  1.57105425e+00]","[ 0.00000000e+00 -6.31342034e-02 -4.72852249e-04 -9.45341148e-03
 -4.91847504e-01 -1.05979587e-05  0.00000000e+00  0.00000000e+00]","[ 0.         -0.61230522  7.291574   -0.13230781 -5.95567083 -0.59728986
 -0.65425348 -0.16939282]"
1748894235.2525756,"[ 0.00000000e+00 -4.97925903e-02  3.92392685e-01  3.08089815e+00
 -2.39614830e+00  7.51011427e-05  9.60123635e-01  1.57105425e+00]","[ 0.00000000e+00 -6.21224186e-02 -4.93096207e-04 -8.52612739e-03
 -4.93197993e-01 -1.06059783e-05  0.00000000e+00  0.00000000e+00]","[ 0.         -0.62241375  7.34267807 -0.11162556 -5.94000864 -0.61262846
 -0.65579706 -0.17136295]"
1748894235.2566903,"[ 0.00000000e+00 -4.99118999e-02  3.92391753e-01  3.08088243e+00
 -2.39715684e+00  7.51011427e-05  9.60123635e-01  1.57105425e+00]","[ 0.         -0.05942144 -0.00053142 -0.00756273 -0.49250927  0.
  0.          0.        ]","[ 0.         -0.58670318  7.38335037 -0.09242248 -5.7953558  -0.61037737
 -0.62538588 -0.18688336]"
1748894235.2583594,"[ 0.00000000e+00 -5.00786138e-02  3.92389456e-01  3.08085847e+00
 -2.39862024e+00  7.51011427e-05  9.60123635e-01  1.57105425e+00]","[ 0.00000000e+00 -5.34251129e-02 -5.73680334e-04 -7.96383734e-03
 -4.96169049e-01  0.00000000e+00  1.05979587e-05  0.00000000e+00]","[ 0.         -0.61344379  7.48044157 -0.10408758 -5.62823915 -0.60577691
 -0.62022555 -0.15298273]"
1748894235.2595513,"[ 0.00000000e+00 -5.01904665e-02  3.92387625e-01  3.08083982e+00
 -2.39963491e+00  7.51011427e-05  9.60123635e-01  1.57105425e+00]","[ 0.00000000e+00 -5.51690631e-02 -5.86619552e-04 -9.10260138e-03
 -4.94587064e-01  0.00000000e+00  1.06059783e-05  0.00000000e+00]","[ 0.         -0.62268293  7.53360319 -0.10385482 -5.59687567 -0.63360393
 -0.62173498 -0.1551322 ]"
1748894235.2612271,"[ 0.00000000e+00 -5.02447950e-02  3.92386693e-01  3.08081852e+00
 -2.40061256e+00  7.51011427e-05  9.60123635e-01  1.57105425e+00]","[ 0.00000000e+00 -5.50998833e-02 -5.66824515e-04 -1.18963541e-02
 -4.96439160e-01  0.00000000e+00  1.05979587e-05  0.00000000e+00]","[ 0.         -0.65519983  7.61472464 -0.14230224 -5.47849417 -0.62624741
 -0.60247231 -0.16098082]"
1748894235.2629712,"[ 0.00000000e+00 -5.02975256e-02  3.92386693e-01  3.08080520e+00
 -2.40113986e+00  7.51011427e-05  9.60123635e-01  1.57105425e+00]","[ 0.00000000e+00 -5.34792999e-02 -5.48521069e-04 -1.34911902e-02
 -4.96521551e-01  0.00000000e+00  1.85464284e-05  0.00000000e+00]","[ 0.         -0.67814022  7.67516851 -0.16372477 -5.41084385 -0.60901064
 -0.59725112 -0.179656  ]"
1748894235.2646651,"[ 0.00000000e+00 -5.04013889e-02  3.92386693e-01  3.08077032e+00
 -2.40211724e+00  7.51011427e-05  9.60123635e-01  1.57105425e+00]","[ 0.00000000e+00 -4.96521543e-02 -5.21095028e-04 -1.83666278e-02
 -4.95898971e-01  0.00000000e+00  1.85604623e-05  0.00000000e+00]","[ 0.         -0.70846665  7.80428648 -0.18583737 -5.19002151 -0.59833616
 -0.59425408 -0.18768029]"
1748894235.2657847,"[ 0.00000000e+00 -5.04482605e-02  3.92386693e-01  3.08074928e+00
 -2.40260593e+00  7.51011427e-05  9.60123635e-01  1.57105425e+00]","[ 0.00000000e+00 -4.75371550e-02 -5.02810991e-04 -2.13377002e-02
 -4.95126687e-01  0.00000000e+00  1.85466133e-05  0.00000000e+00]","[ 0.         -0.7661429   7.85061121 -0.20953046 -5.19074392 -0.58339649
 -0.59259319 -0.18717255]"
1748894235.267481,"[ 0.00000000e+00 -5.05436017e-02  3.92385794e-01  3.08069841e+00
 -2.40362086e+00  7.51011427e-05  9.60123635e-01  1.57105425e+00]","[ 0.00000000e+00 -4.61413964e-02 -5.21737640e-04 -2.72798451e-02
 -4.95628860e-01  0.00000000e+00  1.85464284e-05  0.00000000e+00]","[ 0.         -0.80068386  7.89057255 -0.22490183 -5.13671207 -0.58121693
 -0.59638232 -0.17578681]"
1748894235.269175,"[ 0.00000000e+00 -5.05872775e-02  3.92385794e-01  3.08066698e+00
 -2.40410875e+00  7.51011427e-05  9.60123635e-01  1.57105425e+00]","[ 0.00000000e+00 -4.42959881e-02 -5.05197400e-04 -2.95906783e-02
 -4.94818560e-01  0.00000000e+00  1.85464284e-05  0.00000000e+00]","[ 0.         -0.81722665  7.9496541  -0.24443981 -5.03368187 -0.56405199
 -0.61121219 -0.17315267]"
1748894235.2703862,"[ 0.00000000e+00 -5.06703682e-02  3.92385794e-01  3.08059961e+00
 -2.40511916e+00  7.51011427e-05  9.60123635e-01  1.57105425e+00]","[ 0.00000000e+00 -4.10548170e-02 -4.51599853e-04 -3.48072720e-02
 -4.93512312e-01  0.00000000e+00  1.85464284e-05  0.00000000e+00]","[ 0.         -0.89596641  8.07701111 -0.27461886 -5.02472115 -0.55399048
 -0.62512249 -0.17749117]"
1748894235.2721682,"[ 0.00000000e+00 -5.07108482e-02  3.92385794e-01  3.08056286e+00
 -2.40560678e+00  7.51011427e-05  9.60123635e-01  1.57105425e+00]","[ 0.00000000e+00 -3.81168052e-02 -4.28119660e-04 -3.72734528e-02
 -4.94548482e-01  0.00000000e+00  1.85606472e-05  0.00000000e+00]","[ 0.         -0.92702085  8.14347076 -0.29422489 -5.0762105  -0.55320907
 -0.63394266 -0.17744423]"
1748894235.2733247,"[ 0.00000000e+00 -5.07784925e-02  3.92385794e-01  3.08047710e+00
 -2.40662065e+00  7.61664072e-05  9.60123635e-01  1.57105425e+00]","[ 0.00000000e+00 -3.34920866e-02 -3.82503761e-04 -4.32155977e-02
 -4.96020011e-01  1.06059783e-05  1.85462435e-05  0.00000000e+00]","[ 0.         -0.96414423  8.25487328 -0.33734477 -5.09769821 -0.54629296
 -0.66229028 -0.18133695]"
1748894235.2750413,"[ 0.00000000e+00 -5.08099178e-02  3.92385794e-01  3.08043023e+00
 -2.40710960e+00  7.61664072e-05  9.60123635e-01  1.57105425e+00]","[ 0.00000000e+00 -3.18715031e-02 -3.66392352e-04 -4.75371550e-02
 -4.95898971e-01  1.05979587e-05  1.05979587e-05  0.00000000e+00]","[ 0.         -0.97997212  8.33098888 -0.35726321 -5.16047573 -0.54543585
 -0.66096282 -0.17673306]"
1748894235.276229,"[ 0.00000000e+00 -5.08743663e-02  3.92385794e-01  3.08031758e+00
 -2.40808645e+00  7.61664072e-05  9.60123635e-01  1.57105425e+00]","[ 0.00000000e+00 -3.13313079e-02 -3.40014183e-04 -5.78730205e-02
 -4.95628860e-01  1.06059783e-05  1.05979587e-05  0.00000000e+00]","[ 0.         -1.00088215  8.44919872 -0.37105471 -5.23672485 -0.52630305
 -0.68796903 -0.17550303]"
1748894235.2780612,"[ 0.00000000e+00 -5.09409453e-02  3.92385794e-01  3.08019055e+00
 -2.40910671e+00  7.61664072e-05  9.60123635e-01  1.57105425e+00]","[ 0.00000000e+00 -3.40322817e-02 -3.06002996e-04 -6.59037828e-02
 -4.98026171e-01  1.05820616e-05  1.05979587e-05  0.00000000e+00]","[ 0.         -1.02625084  8.5592804  -0.39252472 -5.29395723 -0.52364391
 -0.72336102 -0.1656501 ]"
1748894235.2824504,"[ 0.00000000e+00 -5.09766317e-02  3.92385794e-01  3.08012237e+00
 -2.40959806e+00  7.61664072e-05  9.60123635e-01  1.57105425e+00]","[ 0.00000000e+00 -3.61930625e-02 -2.89705568e-04 -6.91449538e-02
 -4.97824936e-01  1.05900569e-05  1.06059783e-05  0.00000000e+00]","[ 0.         -1.04819477  8.61255646 -0.4069874  -5.33785629 -0.53065538
 -0.73099983 -0.1660412 ]"
1748894235.2845418,"[ 0.00000000e+00 -5.11774340e-02  3.92384862e-01  3.07973594e+00
 -2.41210010e+00  7.61664072e-05  9.60123635e-01  1.57105425e+00]","[ 0.00000000e+00 -4.15884063e-02 -2.38002337e-04 -7.72366817e-02
 -4.99983528e-01  1.05900569e-05  1.05980643e-05  0.00000000e+00]","[ 0.         -1.02266502  8.57250214 -0.34282649 -5.214674   -0.53221452
 -0.70096356 -0.15701342]"
1748894235.286294,"[ 0.00000000e+00 -5.12669162e-02  3.92384396e-01  3.07958201e+00
 -2.41312409e+00  7.61664072e-05  9.60123635e-01  1.57105425e+00]","[ 0.00000000e+00 -4.69969619e-02 -2.38002337e-04 -7.85983643e-02
 -4.99781527e-01  1.05819570e-05  1.05979587e-05  0.00000000e+00]","[ 0.         -1.00361001  8.54385757 -0.3313272  -5.15780067 -0.53486186
 -0.71052432 -0.1551681 ]"
1748894235.287402,"[ 0.00000000e+00 -5.13191142e-02  3.92383930e-01  3.07950451e+00
 -2.41361784e+00  7.61664072e-05  9.60123635e-01  1.57105425e+00]","[ 0.00000000e+00 -4.91506186e-02 -2.38981566e-04 -7.85983643e-02
 -5.00760705e-01  1.05899522e-05  1.06059783e-05  0.00000000e+00]","[ 0.         -0.97916001  8.51499653 -0.31114969 -5.12348795 -0.53447872
 -0.70768338 -0.17108747]"
1748894235.2891493,"[ 0.00000000e+00 -5.14224449e-02  3.92382565e-01  3.07934286e+00
 -2.41460374e+00  7.61664072e-05  9.60123635e-01  1.57105425e+00]","[ 0.00000000e+00 -5.29391068e-02 -2.63487492e-04 -7.80581670e-02
 -4.99410249e-01  1.05899522e-05  1.05979587e-05  0.00000000e+00]","[ 0.         -0.94663292  8.46731472 -0.27319241 -5.09225368 -0.55173612
 -0.67524868 -0.16944498]"
1748894235.290366,"[ 0.00000000e+00 -5.14741102e-02  3.92382099e-01  3.07926510e+00
 -2.41509536e+00  7.61664072e-05  9.60123635e-01  1.57105425e+00]","[ 0.00000000e+00 -5.23989095e-02 -2.71197672e-04 -7.88684671e-02
 -4.98599949e-01  1.05819570e-05  1.05979587e-05  0.00000000e+00]","[ 0.         -0.92868477  8.43762589 -0.26086184 -5.07764482 -0.55062616
 -0.67731023 -0.15867943]"
1748894235.2920744,"[ 0.00000000e+00 -5.15811693e-02  3.92380734e-01  3.07910078e+00
 -2.41619338e+00  7.61664072e-05  9.60123635e-01  1.57105425e+00]","[ 0.00000000e+00 -5.21598409e-02 -2.91950823e-04 -8.04966738e-02
 -4.99635219e-01  1.05899522e-05  1.05979587e-05  0.00000000e+00]","[ 0.         -0.88374102  8.33867741 -0.24691081 -5.09745216 -0.54790193
 -0.66537529 -0.18033025]"
1748894235.2938914,"[ 0.00000000e+00 -5.16338998e-02  3.92380268e-01  3.07902328e+00
 -2.41660990e+00  7.61664072e-05  9.60123635e-01  1.57105425e+00]","[ 0.00000000e+00 -5.34792999e-02 -2.98327325e-04 -7.85983643e-02
 -4.99422533e-01  1.05899522e-05  1.05979587e-05  0.00000000e+00]","[ 0.         -0.86163664  8.29990196 -0.21617211 -5.12225771 -0.53386348
 -0.66175872 -0.18665554]"
1748894235.2956462,"[ 0.00000000e+00 -5.17484158e-02  3.92378437e-01  3.07887308e+00
 -2.41770233e+00  7.61664072e-05  9.60123635e-01  1.57105425e+00]","[ 0.00000000e+00 -5.67270872e-02 -3.29321975e-04 -7.53571974e-02
 -4.96020011e-01  1.05819570e-05  1.06059783e-05  0.00000000e+00]","[ 0.         -0.83343297  8.2293787  -0.20694326 -5.13193798 -0.52614504
 -0.66163731 -0.17717683]"
1748894235.297429,"[ 0.00000000e+00 -5.18613338e-02  3.92376606e-01  3.07872554e+00
 -2.41867758e+00  7.61664072e-05  9.60123635e-01  1.57105425e+00]","[ 0.00000000e+00 -5.72606640e-02 -3.57968642e-04 -7.02151659e-02
 -4.94548482e-01  1.05899522e-05  1.05978530e-05  0.00000000e+00]","[ 0.         -0.81988299  8.18999577 -0.19514191 -5.0966363  -0.53006279
 -0.66496354 -0.18339729]"
1748894235.299188,"[ 0.00000000e+00 -5.19769150e-02  3.92374309e-01  3.07859931e+00
 -2.41968904e+00  7.61664072e-05  9.60123635e-01  1.57105425e+00]","[ 0.00000000e+00 -5.88812517e-02 -3.96062639e-04 -6.21224186e-02
 -4.94008293e-01  1.05819570e-05  1.05899522e-05  0.00000000e+00]","[ 0.         -0.7982018   8.18864632 -0.20773332 -5.05084181 -0.53184539
 -0.67015493 -0.1656307 ]"
1748894235.3003316,"[ 0.00000000e+00 -5.20429614e-02  3.92373377e-01  3.07853885e+00
 -2.42017507e+00  7.61664072e-05  9.60123635e-01  1.57105425e+00]","[ 0.00000000e+00 -6.21905789e-02 -4.02063561e-04 -5.68708896e-02
 -4.92927882e-01  1.05819570e-05  1.05819570e-05  0.00000000e+00]","[ 0.         -0.77922839  8.16832352 -0.22580911 -5.13438606 -0.53659105
 -0.67862517 -0.1679506 ]"
1748894235.3021133,"[ 0.00000000e+00 -5.21063446e-02  3.92372911e-01  3.07848399e+00
 -2.42066030e+00  7.61664072e-05  9.60123635e-01  1.57105425e+00]","[ 0.00000000e+00 -6.42831993e-02 -3.80521735e-04 -5.56400806e-02
 -4.92117615e-01  1.05899522e-05  1.05819570e-05  0.00000000e+00]","[ 0.         -0.74926263  8.15682125 -0.23803008 -5.1061368  -0.53659105
 -0.69014537 -0.16940802]"
1748894235.3033397,"[ 0.00000000e+00 -5.22352416e-02  3.92371080e-01  3.07838173e+00
 -2.42166511e+00  7.61664072e-05  9.60123635e-01  1.57105425e+00]","[ 0.00000000e+00 -6.59037828e-02 -3.96071546e-04 -5.02381288e-02
 -4.91037204e-01  1.05819570e-05  1.05819570e-05  0.00000000e+00]","[ 0.         -0.75983799  8.13647556 -0.28389776 -5.24145889 -0.54386342
 -0.65237105 -0.17366947]"
1748894235.3050172,"[ 0.00000000e+00 -5.23044838e-02  3.92370181e-01  3.07833352e+00
 -2.42214847e+00  7.61664072e-05  9.60123635e-01  1.57105425e+00]","[ 0.00000000e+00 -6.51998011e-02 -3.95385503e-04 -4.88876440e-02
 -4.90226904e-01  1.05900569e-05  1.05820616e-05  0.00000000e+00]","[ 0.         -0.74743766  8.09859657 -0.29498902 -5.35100603 -0.54571587
 -0.6790908  -0.16398819]"
1748894235.306818,"[ 0.00000000e+00 -5.24333808e-02  3.92367884e-01  3.07823792e+00
 -2.42311414e+00  7.61664072e-05  9.60122703e-01  1.57105425e+00]","[ 0.00000000e+00 -6.53635897e-02 -4.35758758e-04 -4.56002254e-02
 -4.88876448e-01  1.05900569e-05  0.00000000e+00  0.00000000e+00]","[ 0.         -0.77278423  8.08524895 -0.34128603 -5.47170734 -0.53591067
 -0.72192413 -0.17244358]"
1748894235.308046,"[ 0.00000000e+00 -5.25692020e-02  3.92365587e-01  3.07814204e+00
 -2.42411522e+00  7.72316716e-05  9.60122703e-01  1.57105425e+00]","[ 0.00000000e+00 -6.56395306e-02 -5.75017051e-04 -4.76460075e-02
 -4.88876448e-01  2.11799045e-05  0.00000000e+00  0.00000000e+00]","[ 0.         -0.80697137  8.08013344 -0.37444291 -5.4870348  -0.51278341
 -0.72306573 -0.16268392]"
1748894235.3097901,"[ 0.00000000e+00 -5.26325853e-02  3.92364189e-01  3.07809331e+00
 -2.42411522e+00  7.72316716e-05  9.60123635e-01  1.57105425e+00]","[ 0.00000000e+00 -6.42831993e-02 -7.14457136e-04 -4.94278371e-02
 -4.88876448e-01  2.11801137e-05  1.05820616e-05  0.00000000e+00]","[ 0.         -0.81979096  8.07143497 -0.40276539 -5.4870348  -0.48628154
 -0.71412158 -0.15906331]"
1748894235.3109086,"[ 0.00000000e+00 -5.27593517e-02  3.92361892e-01  3.07798918e+00
 -2.42508274e+00  7.72316716e-05  9.60123635e-01  1.57105425e+00]","[ 0.00000000e+00 -6.42831993e-02 -9.76628765e-04 -5.40194971e-02
 -4.90767126e-01  2.11639139e-05  1.05900569e-05  0.00000000e+00]","[ 0.         -0.89085352  8.06616783 -0.46099991 -5.51916361 -0.46946767
 -0.68844771 -0.17581031]"
1748894235.3126552,"[ 0.00000000e+00 -5.28296592e-02  3.92360527e-01  3.07793165e+00
 -2.42560179e+00  7.72316716e-05  9.60122703e-01  1.57105425e+00]","[ 0.00000000e+00 -6.62028724e-02 -1.04535588e-03 -5.41150339e-02
 -4.88747717e-01  2.11639139e-05  0.00000000e+00  0.00000000e+00]","[ 0.         -0.91454899  8.06037998 -0.48058021 -5.49502039 -0.47199288
 -0.70923823 -0.17756458]"
1748894235.313889,"[ 0.00000000e+00 -5.29617520e-02  3.92357298e-01  3.07782299e+00
 -2.42656746e+00  7.72316716e-05  9.60122703e-01  1.57105425e+00]","[ 0.00000000e+00 -6.69163041e-02 -1.12905612e-03 -5.53699820e-02
 -4.89956826e-01  2.11799045e-05  0.00000000e+00  0.00000000e+00]","[ 0.         -0.95453703  7.98546362 -0.50526369 -5.44233131 -0.45145768
 -0.71303844 -0.17415495]"
1748894235.3156095,"[ 0.00000000e+00 -5.30262005e-02  3.92355467e-01  3.07776627e+00
 -2.42708810e+00  7.72316716e-05  9.60122703e-01  1.57105425e+00]","[ 0.00000000e+00 -6.53635897e-02 -1.18788220e-03 -5.75307627e-02
 -4.90252337e-01  2.11641232e-05  0.00000000e+00  0.00000000e+00]","[ 0.         -0.97505921  7.93806314 -0.51901603 -5.44152069 -0.44979113
 -0.72192395 -0.16542245]"
1748894235.3174164,"[ 0.00000000e+00 -5.31588259e-02  3.92350873e-01  3.07764190e+00
 -2.42805244e+00  7.72316716e-05  9.60122703e-01  1.57105425e+00]","[ 0.00000000e+00 -6.48233924e-02 -1.46955544e-03 -6.19398090e-02
 -4.88066148e-01  2.11801137e-05  0.00000000e+00  0.00000000e+00]","[ 0.         -1.01134622  7.87506962 -0.57422864 -5.33912849 -0.46067891
 -0.6998831  -0.16778739]"
1748894235.3214064,"[ 0.00000000e+00 -5.32866576e-02  3.92345381e-01  3.07751647e+00
 -2.42905432e+00  7.82969360e-05  9.60123635e-01  1.57105425e+00]","[ 0.00000000e+00 -6.52973643e-02 -1.88838953e-03 -6.34729076e-02
 -4.89500027e-01  3.17458709e-05  1.05819570e-05  0.00000000e+00]","[ 0.         -1.04497337  7.81109333 -0.5626055  -5.22083855 -0.46889076
 -0.67442    -0.18669602]"
1748894235.323594,"[ 0.00000000e+00 -5.35529737e-02  3.92331133e-01  3.07725015e+00
 -2.43101653e+00  7.82969360e-05  9.60122703e-01  1.57105425e+00]","[ 0.00000000e+00 -6.91449538e-02 -3.40408059e-03 -6.91449538e-02
 -4.86490822e-01  3.17461838e-05  0.00000000e+00  0.00000000e+00]","[ 0.         -1.13332272  7.63384771 -0.56754231 -5.06610107 -0.47922271
 -0.64217567 -0.17741162]"
1748894235.325439,"[ 0.00000000e+00 -5.37053065e-02  3.92322411e-01  3.07711113e+00
 -2.43197474e+00  7.82969360e-05  9.60123635e-01  1.57105425e+00]","[ 0.00000000e+00 -7.56608310e-02 -3.97387873e-03 -6.79956001e-02
 -4.85682852e-01  3.17458709e-05  0.00000000e+00  0.00000000e+00]","[ 0.         -1.14308047  7.58676815 -0.55984581 -4.96594191 -0.45476702
 -0.61000466 -0.18387297]"
1748894235.3271651,"[ 0.00000000e+00 -5.37820056e-02  3.92318283e-01  3.07704402e+00
 -2.43245278e+00  7.82969360e-05  9.60123635e-01  1.57105425e+00]","[ 0.00000000e+00 -7.78670436e-02 -4.10736292e-03 -6.80645635e-02
 -4.84824981e-01  3.17698567e-05  0.00000000e+00  0.00000000e+00]","[ 0.         -1.15163815  7.59308195 -0.53604758 -4.94457293 -0.44406161
 -0.60217059 -0.16774276]"
1748894235.3283165,"[ 0.00000000e+00 -5.39412626e-02  3.92308629e-01  3.07690580e+00
 -2.43344454e+00  7.82969360e-05  9.60123635e-01  1.57105425e+00]","[ 0.00000000e+00 -8.21096340e-02 -4.56291197e-03 -7.07655415e-02
 -4.83204381e-01  3.17458709e-05  0.00000000e+00  0.00000000e+00]","[ 0.         -1.14885688  7.51403713 -0.53015375 -4.86864138 -0.45278212
 -0.63252121 -0.17149934]"
1748894235.3300622,"[ 0.00000000e+00 -5.40307448e-02  3.92304035e-01  3.07683043e+00
 -2.43392124e+00  7.82969360e-05  9.60123635e-01  1.57105425e+00]","[ 0.00000000e+00 -8.42582058e-02 -4.73840856e-03 -7.09674756e-02
 -4.83474492e-01  3.17458709e-05  0.00000000e+00  0.00000000e+00]","[ 0.         -1.13950801  7.50272083 -0.51752639 -4.76521635 -0.46595445
 -0.64835209 -0.1637404 ]"
1748894235.3318598,"[ 0.00000000e+00 -5.41979913e-02  3.92293948e-01  3.07669142e+00
 -2.43490768e+00  7.82969360e-05  9.60123635e-01  1.57105425e+00]","[ 0.00000000e+00 -8.53508009e-02 -4.95178706e-03 -6.98843680e-02
 -4.81224687e-01  3.17458709e-05  0.00000000e+00  0.00000000e+00]","[ 0.         -1.13527739  7.48924494 -0.50260025 -4.71256161 -0.46770388
 -0.63488424 -0.16961421]"
1748894235.3330448,"[ 0.00000000e+00 -5.43764231e-02  3.92282929e-01  3.07655240e+00
 -2.43585230e+00  7.82969360e-05  9.60123635e-01  1.57105425e+00]","[ 0.00000000e+00 -8.76863932e-02 -5.26663408e-03 -7.07655415e-02
 -4.78072536e-01  3.17458709e-05  0.00000000e+00  0.00000000e+00]","[ 0.         -1.11502814  7.41275406 -0.46620634 -4.77720451 -0.45990878
 -0.60023683 -0.18271559]"
1748894235.3347828,"[ 0.00000000e+00 -5.44653727e-02  3.92276505e-01  3.07647703e+00
 -2.43632288e+00  7.82969360e-05  9.60123635e-01  1.57105425e+00]","[ 0.00000000e+00 -9.02125596e-02 -5.79138813e-03 -7.09674756e-02
 -4.77262236e-01  3.17458709e-05  0.00000000e+00  0.00000000e+00]","[ 0.         -1.08260262  7.42799282 -0.47151795 -4.86283493 -0.46790162
 -0.61979985 -0.17879398]"
1748894235.3365989,"[ 0.00000000e+00 -5.46571203e-02  3.92263189e-01  3.07634201e+00
 -2.43730000e+00  7.82969360e-05  9.60122703e-01  1.57105425e+00]","[ 0.00000000e+00 -9.52920151e-02 -6.75243714e-03 -6.75243704e-02
 -4.77262236e-01  3.17458709e-05 -1.05820616e-05  0.00000000e+00]","[ 0.         -1.0216043   7.44780874 -0.45299566 -5.00103426 -0.46802396
 -0.67092425 -0.16989456]"
1748894235.3376865,"[ 0.00000000e+00 -5.47513962e-02  3.92255832e-01  3.07627676e+00
 -2.43777058e+00  7.82969360e-05  9.60122703e-01  1.57105425e+00]","[ 0.00000000e+00 -9.56145072e-02 -7.02200678e-03 -6.61068321e-02
 -4.76778673e-01  3.17458709e-05 -1.05819570e-05  0.00000000e+00]","[ 0.         -0.95872974  7.49047375 -0.4450824  -5.02837992 -0.47259951
 -0.71712548 -0.17102289]"
1748894235.3394792,"[ 0.00000000e+00 -5.49431438e-02  3.92243448e-01  3.07614361e+00
 -2.43870828e+00  7.82969360e-05  9.60122703e-01  1.57105425e+00]","[ 0.00000000e+00 -9.65969224e-02 -6.20909350e-03 -6.48233924e-02
 -4.74889925e-01  3.17701716e-05 -1.05819570e-05  0.00000000e+00]","[ 0.         -0.96209913  7.58680201 -0.45986116 -5.09851551 -0.46888316
 -0.73172504 -0.1510369 ]"
1748894235.3417683,"[ 0.00000000e+00 -5.51370219e-02  3.92232429e-01  3.07601870e+00
 -2.43968006e+00  7.82969360e-05  9.60122703e-01  1.57105425e+00]","[ 0.00000000e+00 -9.42889438e-02 -5.33152367e-03 -6.29327103e-02
 -4.74561258e-01  3.17461838e-05 -1.05820616e-05  0.00000000e+00]","[ 0.         -0.93947464  7.63593245 -0.46038839 -5.19168758 -0.44520381
 -0.69259644 -0.15871799]"
1748894235.3435857,"[ 0.00000000e+00 -5.53159864e-02  3.92225072e-01  3.07589380e+00
 -2.44061590e+00  7.82969360e-05  9.60122703e-01  1.57105425e+00]","[ 0.00000000e+00 -9.02125596e-02 -3.78136470e-03 -6.11040008e-02
 -4.75101447e-01  3.17461838e-05 -1.05820616e-05  0.00000000e+00]","[ 0.         -0.93443948  7.60842752 -0.48166931 -5.28654957 -0.44878107
 -0.69660181 -0.17720129]"
1748894235.3468537,"[ 0.00000000e+00 -5.54949508e-02  3.92220012e-01  3.07576943e+00
 -2.44158342e+00  7.82969360e-05  9.60121704e-01  1.57105425e+00]","[ 0.00000000e+00 -8.71853277e-02 -2.46950012e-03 -6.37430062e-02
 -4.72400469e-01  3.17458709e-05 -1.85184257e-05  0.00000000e+00]","[ 0.         -0.90125722  7.58379316 -0.48443466 -5.32043505 -0.45418099
 -0.74680459 -0.18192483]"
1748894235.3474467,"[ 0.00000000e+00 -5.56643278e-02  3.92217249e-01  3.07563494e+00
 -2.44255122e+00  7.82969360e-05  9.60121704e-01  1.57105425e+00]","[ 0.00000000e+00 -8.53508009e-02 -1.35048743e-03 -6.56336883e-02
 -4.72447773e-01  3.17461838e-05 -1.85184257e-05  0.00000000e+00]","[ 0.         -0.8933394   7.52906847 -0.50443071 -5.28129578 -0.45105472
 -0.73923135 -0.17996377]"
1748894235.3497775,"[ 0.00000000e+00 -5.58267807e-02  3.92215418e-01  3.07550178e+00
 -2.44348066e+00  7.82969360e-05  9.60122703e-01  1.57105425e+00]","[ 0.00000000e+00 -8.15694367e-02 -9.10260138e-04 -6.88748552e-02
 -4.69969602e-01  3.17458709e-05 -1.05820616e-05  0.00000000e+00]","[ 0.         -0.90658569  7.46130276 -0.55493122 -5.17210054 -0.43365565
 -0.68647701 -0.16835155]"
1748894235.351526,"[ 0.00000000e+00 -5.59913640e-02  3.92213587e-01  3.07535185e+00
 -2.44440238e+00  7.88295683e-05  9.60122703e-01  1.57105425e+00]","[ 0.00000000e+00 -7.99488533e-02 -8.77772304e-04 -7.45469056e-02
 -4.65715901e-01  3.70368514e-05 -1.05819570e-05  0.00000000e+00]","[ 0.         -0.89070439  7.39683104 -0.56077433 -5.01441956 -0.40407801
 -0.65920067 -0.173026  ]"
1748894235.3533316,"[ 0.00000000e+00 -5.60669978e-02  3.92212223e-01  3.07527755e+00
 -2.44489826e+00  7.88295683e-05  9.60122703e-01  1.57105425e+00]","[ 0.00000000e+00 -7.67076863e-02 -1.08002469e-03 -7.53571974e-02
 -4.66930869e-01  3.70368514e-05 -1.05819570e-05  0.00000000e+00]","[ 0.         -0.89661258  7.34486675 -0.59442949 -4.95985365 -0.42096704
 -0.67176235 -0.18187934]"
1748894235.3544595,"[ 0.00000000e+00 -5.62241243e-02  3.92208061e-01  3.07511696e+00
 -2.44581705e+00  7.88295683e-05  9.60122703e-01  1.57105425e+00]","[ 0.00000000e+00 -7.67351502e-02 -1.48928519e-03 -7.96787588e-02
 -4.65107868e-01  3.70372172e-05 -1.05820616e-05  0.00000000e+00]","[ 0.         -0.86637414  7.27827358 -0.59410238 -4.90251684 -0.42562899
 -0.63907075 -0.16710918]"
1748894235.356692,"[ 0.00000000e+00 -5.63748592e-02  3.92203467e-01  3.07494918e+00
 -2.44677046e+00  7.88295683e-05  9.60122703e-01  1.57105425e+00]","[ 0.00000000e+00 -7.61674891e-02 -1.71718364e-03 -8.67012899e-02
 -4.65740036e-01  3.70368514e-05 -1.05819570e-05  0.00000000e+00]","[ 0.         -0.8692953   7.25148106 -0.57878041 -4.81352806 -0.43335962
 -0.63232023 -0.16057406]"
1748894235.3585265,"[ 0.00000000e+00 -5.65282573e-02  3.92197509e-01  3.07476409e+00
 -2.44769059e+00  7.88295683e-05  9.60122703e-01  1.57105425e+00]","[ 0.00000000e+00 -7.47289993e-02 -1.97664562e-03 -9.17812530e-02
 -4.66728435e-01  3.70372172e-05 -1.05819570e-05  0.00000000e+00]","[ 0.         -0.83400238  7.26586914 -0.58000374 -4.77054119 -0.42881152
 -0.63144571 -0.1714185 ]"
1748894235.3602831,"[ 0.00000000e+00 -5.66784596e-02  3.92190152e-01  3.07457607e+00
 -2.44864533e+00  7.88295683e-05  9.60122703e-01  1.57105425e+00]","[ 0.00000000e+00 -7.67076863e-02 -2.86848431e-03 -9.66948934e-02
 -4.65918135e-01  3.70372172e-05 -1.05820616e-05  0.00000000e+00]","[ 0.         -0.82386512  7.27700186 -0.56756109 -4.64574671 -0.40547448
 -0.64814603 -0.16923167]"
1748894235.3619893,"[ 0.00000000e+00 -5.67519628e-02  3.92186024e-01  3.07448099e+00
 -2.44910339e+00  7.88295683e-05  9.60123635e-01  1.57105425e+00]","[ 0.00000000e+00 -7.45469056e-02 -3.28840187e-03 -9.64247990e-02
 -4.64096966e-01  3.70372172e-05  0.00000000e+00  0.00000000e+00]","[ 0.         -0.82361722  7.2865181  -0.55345285 -4.63392973 -0.41864395
 -0.62448531 -0.15444058]"
1748894235.3637342,"[ 0.00000000e+00 -5.69053609e-02  3.92176403e-01  3.07428445e+00
 -2.45001952e+00  7.88295683e-05  9.60123635e-01  1.57105425e+00]","[ 0.00000000e+00 -7.50870946e-02 -4.43749789e-03 -9.58846017e-02
 -4.64366777e-01  3.70368514e-05  0.00000000e+00  0.00000000e+00]","[ 0.         -0.79946065  7.25603342 -0.51757079 -4.51653624 -0.43410373
 -0.61625457 -0.15610674]"
1748894235.3654914,"[ 0.00000000e+00 -5.70582264e-02  3.92167215e-01  3.07409377e+00
 -2.45097000e+00  7.88295683e-05  9.60123635e-01  1.57105425e+00]","[ 0.00000000e+00 -7.77880725e-02 -4.68010718e-03 -9.17812530e-02
 -4.64297568e-01  3.70368514e-05  0.00000000e+00  0.00000000e+00]","[ 0.         -0.73799068  7.28608179 -0.47742403 -4.49318743 -0.45334604
 -0.61576062 -0.17499956]"
1748894235.3672476,"[ 0.00000000e+00 -5.71434475e-02  3.92162621e-01  3.07400509e+00
 -2.45142753e+00  7.88295683e-05  9.60123635e-01  1.57105425e+00]","[ 0.00000000e+00 -8.02459039e-02 -4.56441572e-03 -8.99424568e-02
 -4.64027457e-01  3.70648338e-05  0.00000000e+00  0.00000000e+00]","[ 0.         -0.72048372  7.32357454 -0.45024276 -4.42437172 -0.44305936
 -0.63116175 -0.17338036]"
1748894235.3689582,"[ 0.00000000e+00 -5.73032372e-02  3.92153433e-01  3.07383438e+00
 -2.45233860e+00  7.88295683e-05  9.60123635e-01  1.57105425e+00]","[ 0.00000000e+00 -8.21096340e-02 -4.56441572e-03 -8.60737992e-02
 -4.61128906e-01  3.70368514e-05  0.00000000e+00  0.00000000e+00]","[ 0.         -0.6763382   7.36564827 -0.41484568 -4.44054556 -0.4340868
 -0.65176809 -0.17636973]"
1748894235.3706965,"[ 0.00000000e+00 -5.74758100e-02  3.92144245e-01  3.07366500e+00
 -2.45328402e+00  7.88295683e-05  9.60123635e-01  1.57105425e+00]","[ 0.00000000e+00 -8.41789351e-02 -4.68168947e-03 -8.17505150e-02
 -4.61596590e-01  3.70368514e-05  0.00000000e+00  0.00000000e+00]","[ 0.         -0.68835336  7.38859653 -0.37839261 -4.50626469 -0.4255785
 -0.63777637 -0.1705336 ]"
1748894235.37249,"[ 0.00000000e+00 -5.76387955e-02  3.92135990e-01  3.07350841e+00
 -2.45419269e+00  7.88295683e-05  9.60123635e-01  1.57105425e+00]","[ 0.00000000e+00 -8.21096340e-02 -4.21191878e-03 -7.91385615e-02
 -4.61056401e-01  3.70648338e-05  0.00000000e+00  0.00000000e+00]","[ 0.         -0.67393816  7.46329021 -0.35058659 -4.59844589 -0.427295
 -0.642744   -0.19020687]"
1748894235.3769522,"[ 0.00000000e+00 -5.78076399e-02  3.92129099e-01  3.07335634e+00
 -2.45513412e+00  7.88295683e-05  9.60122703e-01  1.57105425e+00]","[ 0.00000000e+00 -8.21096340e-02 -3.69133217e-03 -7.27228567e-02
 -4.59779782e-01  2.64548924e-05 -1.05820616e-05  0.00000000e+00]","[ 0.         -0.67212141  7.53944159 -0.38665837 -4.62529516 -0.44759935
 -0.67659897 -0.1873595 ]"
1748894235.3791196,"[ 0.00000000e+00 -5.82262888e-02  3.92110723e-01  3.07303064e+00
 -2.45743909e+00  7.88295683e-05  9.60122703e-01  1.57105425e+00]","[ 0.00000000e+00 -8.69713844e-02 -3.64272219e-03 -6.10420282e-02
 -4.59705912e-01  2.65149452e-05 -1.05819570e-05  0.00000000e+00]","[ 0.         -0.72357303  7.62099075 -0.43634832 -4.69782162 -0.43005672
 -0.65978485 -0.18961591]"
1748894235.3815618,"[ 0.00000000e+00 -5.84020574e-02  3.92102001e-01  3.07291639e+00
 -2.45838051e+00  7.98948327e-05  9.60122703e-01  1.57105425e+00]","[ 0.00000000e+00 -8.52612771e-02 -4.10634135e-03 -5.72026487e-02
 -4.59658575e-01  3.70368514e-05 -1.05739739e-05  0.00000000e+00]","[ 0.         -0.75227064  7.64419174 -0.47659162 -4.60899115 -0.40579763
 -0.69549382 -0.17497557]"
1748894235.3838472,"[ 0.00000000e+00 -5.85703692e-02  3.92092813e-01  3.07279788e+00
 -2.45928599e+00  7.98948327e-05  9.60122703e-01  1.57105425e+00]","[ 0.00000000e+00 -8.47246751e-02 -4.43860216e-03 -5.83410544e-02
 -4.58625501e-01  3.70368514e-05 -1.05819570e-05  0.00000000e+00]","[ 0.         -0.81704926  7.66286612 -0.50164652 -4.5800662  -0.39347801
 -0.69460505 -0.17920291]"
1748894235.385585,"[ 0.00000000e+00 -5.87344199e-02  3.92080429e-01  3.07267990e+00
 -2.46022422e+00  7.98948327e-05  9.60122703e-01  1.57105425e+00]","[ 0.00000000e+00 -8.21096340e-02 -5.76013188e-03 -6.01707085e-02
 -4.57903219e-01  3.70928568e-05 -1.05819570e-05  0.00000000e+00]","[ 0.         -0.8750844   7.65877628 -0.5819236  -4.55557871 -0.38395077
 -0.65094292 -0.16742231]"
1748894235.3873596,"[ 0.00000000e+00 -5.89069928e-02  3.92062986e-01  3.07255553e+00
 -2.46112863e+00  7.98948327e-05  9.60122703e-01  1.57105425e+00]","[ 0.00000000e+00 -8.48106036e-02 -8.58245273e-03 -6.18523200e-02
 -4.58700469e-01  3.71209245e-05 -1.05820616e-05  0.00000000e+00]","[ 0.         -0.89868581  7.63670254 -0.62834698 -4.51301479 -0.37909988
 -0.64860725 -0.16614009]"
1748894235.3891156,"[ 0.00000000e+00 -5.89922139e-02  3.92052866e-01  3.07249215e+00
 -2.46158057e+00  7.98948327e-05  9.60122703e-01  1.57105425e+00]","[ 0.00000000e+00 -8.64311954e-02 -9.62275003e-03 -6.42831993e-02
 -4.58355424e-01  3.71209245e-05 -1.05819570e-05  0.00000000e+00]","[ 0.         -0.91048414  7.62601662 -0.62399864 -4.46477175 -0.39553636
 -0.65753031 -0.16636537]"
1748894235.3908975,"[ 0.00000000e+00 -5.91722436e-02  3.92026700e-01  3.07235473e+00
 -2.46251321e+00  7.98948327e-05  9.60122703e-01  1.57105425e+00]","[ 0.00000000e+00 -8.87720308e-02 -1.40450684e-02 -7.18459277e-02
 -4.53890900e-01  3.70928568e-05 -1.05819570e-05  0.00000000e+00]","[ 0.         -0.92329311  7.61805391 -0.61618727 -4.39346075 -0.38117796
 -0.68366522 -0.16883978]"
1748894235.3927464,"[ 0.00000000e+00 -5.93506754e-02  3.91990881e-01  3.07220293e+00
 -2.46340856e+00  7.98948327e-05  9.60122703e-01  1.57105425e+00]","[ 0.00000000e+00 -9.02125596e-02 -1.91769216e-02 -7.53571974e-02
 -4.54113474e-01  3.71209245e-05 -1.05820616e-05  0.00000000e+00]","[ 0.         -0.90983462  7.67116785 -0.62027115 -4.39115286 -0.37364754
 -0.69143689 -0.17525983]"
1748894235.3944907,"[ 0.00000000e+00 -5.95291072e-02  3.91947271e-01  3.07204846e+00
 -2.46433667e+00  8.09600971e-05  9.60122703e-01  1.57105425e+00]","[ 0.00000000e+00 -9.01211549e-02 -2.32283823e-02 -7.95980234e-02
 -4.52683356e-01  4.76908124e-05 -1.05819570e-05  0.00000000e+00]","[ 0.         -0.90502977  7.74149704 -0.62274164 -4.28183985 -0.376151
 -0.67649221 -0.17311999]"
1748894235.3967774,"[ 0.00000000e+00 -5.97160611e-02  3.91892144e-01  3.07188095e+00
 -2.46522564e+00  8.09600971e-05  9.60122703e-01  1.57105425e+00]","[ 0.00000000e+00 -9.18331430e-02 -2.80901368e-02 -8.15694367e-02
 -4.49796290e-01  4.77269018e-05 -1.05819570e-05  0.00000000e+00]","[ 0.         -0.87038052  7.8309226  -0.58965713 -4.22911453 -0.37245837
 -0.67014462 -0.17007905]"
1748894235.398612,"[ 0.00000000e+00 -5.98955582e-02  3.91829693e-01  3.07172169e+00
 -2.46614629e+00  8.09600971e-05  9.60122703e-01  1.57105425e+00]","[ 0.00000000e+00 -9.12929458e-02 -3.10952894e-02 -8.04890505e-02
 -4.48453291e-01  4.76908124e-05 -1.05819570e-05  0.00000000e+00]","[ 0.         -0.8382318   7.91138935 -0.52914804 -4.18509674 -0.39075214
 -0.66635531 -0.15674274]"
1748894235.4004202,"[ 0.00000000e+00 -6.00857079e-02  3.91767708e-01  3.07155205e+00
 -2.46703019e+00  8.09600971e-05  9.60122703e-01  1.57105425e+00]","[ 0.00000000e+00 -9.29135292e-02 -3.13313079e-02 -8.29199257e-02
 -4.47551512e-01  4.77269018e-05 -1.05980643e-05  0.00000000e+00]","[ 0.         -0.81557679  8.01729393 -0.49307832 -4.18091011 -0.38752505
 -0.66591924 -0.16934231]"
1748894235.4027853,"[ 0.00000000e+00 -6.02657376e-02  3.91707087e-01  3.07138693e+00
 -2.46794393e+00  8.09600971e-05  9.60122703e-01  1.57105425e+00]","[ 0.00000000e+00 -9.12929458e-02 -3.07599142e-02 -8.37302174e-02
 -4.46117100e-01  4.76908124e-05 -1.05979587e-05  0.00000000e+00]","[ 0.         -0.77232456  8.08898163 -0.45610005 -4.22941589 -0.39736074
 -0.69812113 -0.18646428]"
1748894235.4045205,"[ 0.00000000e+00 -6.04516262e-02  3.91640975e-01  3.07120690e+00
 -2.46882383e+00  8.09600971e-05  9.60122703e-01  1.57105425e+00]","[ 0.00000000e+00 -9.07527485e-02 -3.26817948e-02 -8.94022679e-02
 -4.46201023e-01  4.77264263e-05 -1.05979587e-05  0.00000000e+00]","[ 0.         -0.7569977   8.17791843 -0.4207468  -4.29567194 -0.40068385
 -0.72000128 -0.16796099]"
1748894235.4062846,"[ 0.00000000e+00 -6.06268622e-02  3.91567971e-01  3.07103007e+00
 -2.46973810e+00  8.09600971e-05  9.60122703e-01  1.57105425e+00]","[ 0.00000000e+00 -8.80517789e-02 -3.66121941e-02 -8.98513268e-02
 -4.45697419e-01  4.76903370e-05 -1.05978530e-05  0.00000000e+00]","[ 0.         -0.7473129   8.30204773 -0.39708352 -4.31813097 -0.41347146
 -0.74137354 -0.17159905]"
1748894235.4080765,"[ 0.00000000e+00 -6.08074245e-02  3.91491738e-01  3.07084551e+00
 -2.47061561e+00  8.09600971e-05  9.60122703e-01  1.57105425e+00]","[ 0.00000000e+00 -8.81874586e-02 -3.97043280e-02 -9.02125596e-02
 -4.44850534e-01  3.71209245e-05  0.00000000e+00  0.00000000e+00]","[ 0.         -0.68567121  8.41520023 -0.35402441 -4.30020237 -0.41379228
 -0.74126309 -0.17848572]"
1748894235.4104292,"[ 0.00000000e+00 -6.09768016e-02  3.91410478e-01  3.07067321e+00
 -2.47152801e+00  8.09600971e-05  9.60122703e-01  1.57105425e+00]","[ 0.00000000e+00 -8.48106036e-02 -3.93706464e-02 -8.61610926e-02
 -4.45364790e-01  3.70924870e-05 -1.05979587e-05  0.00000000e+00]","[ 0.         -0.67674333  8.45131302 -0.30481845 -4.23596764 -0.42364663
 -0.7282142  -0.18427485]"
1748894235.4139123,"[ 0.00000000e+00 -6.11461786e-02  3.91333313e-01  3.07049797e+00
 -2.47240312e+00  8.09600971e-05  9.60122703e-01  1.57105425e+00]","[ 0.00000000e+00 -8.22520548e-02 -3.91641349e-02 -8.50807064e-02
 -4.43229967e-01  3.71209245e-05 -1.05978530e-05  0.00000000e+00]","[ 0.         -0.6904794   8.50944614 -0.2508477  -4.20280075 -0.42062467
 -0.72515565 -0.1627502 ]"
1748894235.4156003,"[ 0.00000000e+00 -6.13906568e-02  3.91206114e-01  3.07023165e+00
 -2.47374322e+00  8.09600971e-05  9.60122703e-01  1.57105425e+00]","[ 0.00000000e+00 -7.97443724e-02 -4.40937293e-02 -8.58857717e-02
 -4.42149556e-01  3.71209245e-05  0.00000000e+00  0.00000000e+00]","[ 0.         -0.67980844  8.45601749 -0.25610152 -4.10963392 -0.39864314
 -0.73165554 -0.16537105]"
1748894235.4172835,"[ 0.00000000e+00 -6.15520444e-02  3.91111538e-01  3.07004736e+00
 -2.47461275e+00  8.09600971e-05  9.60122703e-01  1.57105425e+00]","[ 0.00000000e+00 -8.26498312e-02 -4.88876440e-02 -9.07527485e-02
 -4.40528989e-01  3.71209245e-05  0.00000000e+00  0.00000000e+00]","[ 0.         -0.70210439  8.4236002  -0.26363775 -4.01252794 -0.40284562
 -0.70164418 -0.17127515]"
1748894235.4190953,"[ 0.00000000e+00 -6.16340697e-02  3.91058275e-01  3.06995735e+00
 -2.47507853e+00  8.09600971e-05  9.60122703e-01  1.57105425e+00]","[ 0.00000000e+00 -8.31900202e-02 -5.01536899e-02 -9.12929458e-02
 -4.38181446e-01  2.64948971e-05 -1.05980643e-05  0.00000000e+00]","[ 0.         -0.70815468  8.42608356 -0.24264432 -4.00995684 -0.39810011
 -0.68424284 -0.16744547]"
1748894235.4201827,"[ 0.00000000e+00 -6.18204910e-02  3.90955876e-01  3.06976720e+00
 -2.47593634e+00  8.09600971e-05  9.60122703e-01  1.57105425e+00]","[ 0.00000000e+00 -8.51837125e-02 -5.26690081e-02 -9.39497070e-02
 -4.34046655e-01  2.65149452e-05 -1.06059783e-05  0.00000000e+00]","[ 0.         -0.69684631  8.41070747 -0.21578923 -3.938802   -0.40813103
 -0.7016952  -0.1696572 ]"
1748894235.4220111,"[ 0.00000000e+00 -6.18913311e-02  3.90901681e-01  3.06967319e+00
 -2.47636431e+00  8.09600971e-05  9.60122703e-01  1.57105425e+00]","[ 0.00000000e+00 -8.48384253e-02 -5.50440568e-02 -9.53444128e-02
 -4.34046655e-01  2.64948971e-05  0.00000000e+00  0.00000000e+00]","[ 0.         -0.68831313  8.40903187 -0.20708896 -3.92012978 -0.41705355
 -0.69721508 -0.16198704]"
1748894235.4237132,"[ 0.00000000e+00 -6.20772197e-02  3.90781839e-01  3.06947931e+00
 -2.47724848e+00  8.09600971e-05  9.60122703e-01  1.57105425e+00]","[ 0.00000000e+00 -8.32551261e-02 -6.05018351e-02 -9.42889438e-02
 -4.30665472e-01  2.65146811e-05  0.00000000e+00  0.00000000e+00]","[ 0.         -0.69069201  8.36960316 -0.21999465 -3.97547293 -0.4179967
 -0.69923705 -0.15408158]"
1748894235.4249961,"[ 0.00000000e+00 -6.21603104e-02  3.90720286e-01  3.06938610e+00
 -2.47767192e+00  8.09600971e-05  9.60122703e-01  1.57105425e+00]","[ 0.00000000e+00 -8.42704147e-02 -6.23925172e-02 -9.45341127e-02
 -4.29454999e-01  2.65149452e-05 -1.05979587e-05  0.00000000e+00]","[ 0.         -0.68049324  8.34910107 -0.24637718 -3.99304724 -0.42212394
 -0.69585133 -0.16087738]"
1748894235.426726,"[ 0.00000000e+00 -6.23275569e-02  3.90596316e-01  3.06920261e+00
 -2.47851508e+00  8.09600971e-05  9.60122703e-01  1.57105425e+00]","[ 0.00000000e+00 -8.53508009e-02 -6.23925172e-02 -9.20099187e-02
 -4.26754021e-01  2.64948971e-05 -1.05979587e-05  0.00000000e+00]","[ 0.         -0.66245282  8.3422451  -0.23248631 -4.10074949 -0.41918203
 -0.71184868 -0.17289908]"
1748894235.4279566,"[ 0.00000000e+00 -6.24197023e-02  3.90530669e-01  3.06911339e+00
 -2.47896915e+00  8.09600971e-05  9.60122703e-01  1.57105425e+00]","[ 0.00000000e+00 -8.66842623e-02 -6.16890390e-02 -9.04826541e-02
 -4.27560227e-01  2.65149452e-05 -1.05979587e-05  0.00000000e+00]","[ 0.         -0.66211194  8.37285614 -0.24761841 -4.16662645 -0.40654913
 -0.70773166 -0.17163414]"
1748894235.4296865,"[ 0.00000000e+00 -6.25960035e-02  3.90408064e-01  3.06892830e+00
 -2.47980618e+00  8.09600971e-05  9.60122703e-01  1.57105425e+00]","[ 0.00000000e+00 -9.07527485e-02 -6.23925172e-02 -8.94022679e-02
 -4.23353564e-01  2.64951613e-05 -1.06059783e-05  0.00000000e+00]","[ 0.         -0.63543677  8.34542751 -0.21096659 -4.27488804 -0.38182119
 -0.72657591 -0.16331841]"
1748894235.43092,"[ 0.00000000e+00 -6.26881489e-02  3.90346512e-01  3.06884122e+00
 -2.48022270e+00  8.09600971e-05  9.60122703e-01  1.57105425e+00]","[ 0.00000000e+00 -9.34537265e-02 -6.23925172e-02 -8.83218733e-02
 -4.22432443e-01  2.64948971e-05 -1.05978530e-05  0.00000000e+00]","[ 0.         -0.63399172  8.33089638 -0.22058253 -4.27467155 -0.37339985
 -0.73911989 -0.15715241]"
1748894235.4326262,"[ 0.00000000e+00 -6.28793639e-02  3.90223474e-01  3.06866625e+00
 -2.48108370e+00  8.09600971e-05  9.60122703e-01  1.57105425e+00]","[ 0.00000000e+00 -9.34537265e-02 -5.86111530e-02 -8.49305374e-02
 -4.20541765e-01  2.65149452e-05 -1.05979587e-05  0.00000000e+00]","[ 0.         -0.63037634  8.28382301 -0.2125795  -4.34423923 -0.37238538
 -0.74569499 -0.15080558]"
1748894235.4338398,"[ 0.00000000e+00 -6.29709766e-02  3.90166981e-01  3.06858396e+00
 -2.48149782e+00  8.09600971e-05  9.60122703e-01  1.57105425e+00]","[ 0.00000000e+00 -9.29135292e-02 -5.72606640e-02 -8.34601230e-02
 -4.20001576e-01  2.65149452e-05 -1.06059783e-05  0.00000000e+00]","[ 0.         -0.59508842  8.22730446 -0.20767505 -4.41177893 -0.3756406
 -0.75404263 -0.15500546]"
1748894235.4379287,"[ 0.00000000e+00 -6.31510063e-02  3.90051733e-01  3.06842790e+00
 -2.48235669e+00  8.09600971e-05  9.60121704e-01  1.57105425e+00]","[ 0.00000000e+00 -9.07527485e-02 -5.62250814e-02 -7.77880725e-02
 -4.19034083e-01  2.65149452e-05 -1.85464284e-05  0.00000000e+00]","[ 0.         -0.56264967  8.12615967 -0.22723146 -4.37392616 -0.39399824
 -0.75626606 -0.15477897]"
1748894235.4395726,"[ 0.00000000e+00 -6.34183877e-02  3.89836816e-01  3.06820659e+00
 -2.48402542e+00  8.20253616e-05  9.60121704e-01  1.57105425e+00]","[ 0.00000000e+00 -8.85919761e-02 -5.06552298e-02 -7.06938358e-02
 -4.13249131e-01  3.70928568e-05 -1.05979587e-05  0.00000000e+00]","[ 0.         -0.53157818  7.82165003 -0.26822311 -4.28938055 -0.39892304
 -0.70212311 -0.17878605]"
1748894235.44078,"[ 0.00000000e+00 -6.35041415e-02  3.89787681e-01  3.06813894e+00
 -2.48443315e+00  8.20253616e-05  9.60121704e-01  1.57105425e+00]","[ 0.00000000e+00 -8.68832670e-02 -4.96475811e-02 -6.86047607e-02
 -4.13519242e-01  3.71209245e-05 -1.05979587e-05  0.00000000e+00]","[ 0.         -0.53203911  7.69621086 -0.28814343 -4.25812149 -0.40535527
 -0.69803965 -0.1746529 ]"
1748894235.4424968,"[ 0.00000000e+00 -6.36767143e-02  3.89688045e-01  3.06800818e+00
 -2.48524275e+00  8.20253616e-05  9.60121704e-01  1.57105425e+00]","[ 0.00000000e+00 -8.37302174e-02 -5.13185192e-02 -6.26921145e-02
 -4.09467775e-01  3.70932266e-05 -1.05979587e-05  0.00000000e+00]","[ 0.         -0.5660314   7.48019266 -0.30698717 -4.28838205 -0.3827354
 -0.69360811 -0.17681287]"
1748894235.4442039,"[ 0.00000000e+00 -6.38434282e-02  3.89570933e-01  3.06788568e+00
 -2.48607659e+00  8.20253616e-05  9.60122703e-01  1.57105425e+00]","[ 0.00000000e+00 -8.02459039e-02 -5.37458365e-02 -6.17896524e-02
 -4.05686420e-01  3.71209245e-05  1.05979587e-05  0.00000000e+00]","[ 0.         -0.58259368  7.26155519 -0.36978176 -4.16143799 -0.36912191
 -0.68412364 -0.17803943]"
1748894235.4454231,"[ 0.00000000e+00 -6.39201272e-02  3.89517669e-01  3.06781883e+00
 -2.48647606e+00  8.20253616e-05  9.60122703e-01  1.57105425e+00]","[ 0.00000000e+00 -7.77880725e-02 -5.40194971e-02 -6.29428844e-02
 -4.05146197e-01  3.71209245e-05  1.06059783e-05  0.00000000e+00]","[ 0.         -0.6326353   7.18183899 -0.41643539 -4.10215902 -0.36718708
 -0.64305353 -0.17107426]"
1748894235.4471712,"[ 0.00000000e+00 -6.39930978e-02  3.89408846e-01  3.06769739e+00
 -2.48730404e+00  8.20253616e-05  9.60123635e-01  1.57105425e+00]","[ 0.00000000e+00 -7.40067084e-02 -5.32632218e-02 -6.18523200e-02
 -4.03795742e-01  3.70928568e-05  1.85464284e-05  0.00000000e+00]","[ 0.         -0.63647801  7.06661081 -0.46938702 -3.98207903 -0.36141375
 -0.60547799 -0.16569744]"
1748894235.4483664,"[ 0.00000000e+00 -6.41448980e-02  3.89355117e-01  3.06763667e+00
 -2.48770192e+00  8.20253616e-05  9.60123635e-01  1.57105425e+00]","[ 0.00000000e+00 -7.42974257e-02 -5.45596902e-02 -6.15822255e-02
 -4.03525630e-01  3.71205547e-05  1.05979587e-05  0.00000000e+00]","[ 0.         -0.67866588  6.98861122 -0.47113827 -3.91355133 -0.36884457
 -0.59991568 -0.15769395]"
1748894235.450081,"[ 0.00000000e+00 -6.42173360e-02  3.89299557e-01  3.06756956e+00
 -2.48809660e+00  8.20253616e-05  9.60122703e-01  1.57105425e+00]","[ 0.00000000e+00 -7.33920758e-02 -5.64503723e-02 -6.31936502e-02
 -4.00284464e-01  3.71209245e-05  0.00000000e+00  0.00000000e+00]","[ 0.         -0.72232771  6.87454033 -0.50105548 -3.87195301 -0.35787001
 -0.59991568 -0.16262341]"
1748894235.4512374,"[ 0.00000000e+00 -6.43579509e-02  3.89185240e-01  3.06743880e+00
 -2.48891153e+00  8.20253616e-05  9.60122703e-01  1.57105425e+00]","[ 0.00000000e+00 -7.07655415e-02 -5.83410544e-02 -6.69841731e-02
 -3.96966464e-01  3.17938749e-05  0.00000000e+00  0.00000000e+00]","[ 0.         -0.7619217   6.78568029 -0.53313011 -3.82002425 -0.36301363
 -0.59173602 -0.17039463]"
1748894235.4529984,"[ 0.00000000e+00 -6.44271931e-02  3.89124620e-01  3.06737115e+00
 -2.48930274e+00  8.20253616e-05  9.60122703e-01  1.57105425e+00]","[ 0.00000000e+00 -7.01541879e-02 -5.71752099e-02 -6.85352481e-02
 -3.96773186e-01  3.18179359e-05  0.00000000e+00  0.00000000e+00]","[ 0.         -0.77816361  6.75708294 -0.54909086 -3.77536225 -0.36735505
 -0.58509797 -0.17700894]"
1748894235.4546933,"[ 0.00000000e+00 -6.45710038e-02  3.89013034e-01  3.06722894e+00
 -2.49011048e+00  8.25579938e-05  9.60123635e-01  1.57105425e+00]","[ 0.00000000e+00 -7.02253442e-02 -5.67780535e-02 -7.02253442e-02
 -3.93957259e-01  3.70928568e-05  1.05979587e-05  0.00000000e+00]","[ 0.         -0.78052425  6.70926285 -0.55518121 -3.76438427 -0.3667683
 -0.58376163 -0.17101084]"
1748894235.4558945,"[ 0.00000000e+00 -6.46381154e-02  3.88953346e-01  3.06715624e+00
 -2.49049717e+00  8.25579938e-05  9.60123635e-01  1.57105425e+00]","[ 0.00000000e+00 -6.80645635e-02 -6.04405325e-02 -7.37366139e-02
 -3.91784186e-01  3.70928568e-05  1.05978530e-05  0.00000000e+00]","[ 0.         -0.80386543  6.65955782 -0.5775612  -3.79730654 -0.36334297
 -0.59550709 -0.17101084]"
1748894235.457629,"[ 0.00000000e+00 -6.47760672e-02  3.88820188e-01  3.06700124e+00
 -2.49126682e+00  8.25579938e-05  9.60123635e-01  1.57105425e+00]","[ 0.00000000e+00 -6.72059479e-02 -6.67044122e-02 -8.04074995e-02
 -3.90290852e-01  3.71209245e-05  1.06059783e-05  0.00000000e+00]","[ 0.         -0.81639916  6.63316345 -0.58201891 -3.89859867 -0.34951788
 -0.61292046 -0.15478724]"
1748894235.4588494,"[ 0.00000000e+00 -6.48437115e-02  3.88751744e-01  3.06691309e+00
 -2.49165112e+00  8.25579938e-05  9.60123635e-01  1.57105425e+00]","[ 0.00000000e+00 -6.86047607e-02 -6.94150525e-02 -8.30043562e-02
 -3.89750663e-01  3.71209245e-05  1.05979587e-05  0.00000000e+00]","[ 0.         -0.80859774  6.6798749  -0.57431734 -3.89399934 -0.35697889
 -0.61299837 -0.16346212]"
1748894235.4605753,"[ 0.00000000e+00 -6.49837938e-02  3.88604804e-01  3.06673705e+00
 -2.49244874e+00  8.25579938e-05  9.60123635e-01  1.57105425e+00]","[ 0.00000000e+00 -7.17731318e-02 -7.71696116e-02 -9.18331430e-02
 -3.88940363e-01  3.70648338e-05  1.05979587e-05  0.00000000e+00]","[ 0.         -0.80907637  6.8370986  -0.53450477 -4.01663256 -0.375067
 -0.61311436 -0.18827294]"
1748894235.4618235,"[ 0.00000000e+00 -6.50599602e-02  3.88517120e-01  3.06664384e+00
 -2.49283063e+00  8.25579938e-05  9.60123635e-01  1.57105425e+00]","[ 0.00000000e+00 -7.17197770e-02 -8.25028247e-02 -9.45341127e-02
 -3.86927346e-01  3.70648338e-05  0.00000000e+00  0.00000000e+00]","[ 0.         -0.76747668  6.91115427 -0.50565565 -4.06401443 -0.37690753
 -0.62341869 -0.19459051]"
1748894235.4635553,"[ 0.00000000e+00 -6.52032382e-02  3.88344447e-01  3.06644704e+00
 -2.49362053e+00  8.25579938e-05  9.60122703e-01  1.57105425e+00]","[ 0.00000000e+00 -7.34665111e-02 -8.85919761e-02 -9.70473961e-02
 -3.85180345e-01  3.70368514e-05 -1.05979587e-05  0.00000000e+00]","[ 0.         -0.72673869  7.14066505 -0.44215855 -4.11783886 -0.38270316
 -0.64757061 -0.1733229 ]"
1748894235.467586,"[ 0.00000000e+00 -6.53561037e-02  3.88158925e-01  3.06625209e+00
 -2.49437740e+00  8.25579938e-05  9.60122703e-01  1.57105425e+00]","[ 0.00000000e+00 -7.47289993e-02 -9.12797215e-02 -9.88556741e-02
 -3.84348707e-01  3.70648338e-05 -1.06059783e-05  0.00000000e+00]","[ 0.         -0.68502748  7.40491056 -0.34284428 -4.21732569 -0.38755572
 -0.71352303 -0.15821651]"
1748894235.4691947,"[ 0.00000000e+00 -6.56304093e-02  3.87888015e-01  3.06585129e+00
 -2.49591830e+00  8.25579938e-05  9.60121704e-01  1.57105425e+00]","[ 0.00000000e+00 -6.75243704e-02 -9.12929458e-02 -1.00206163e-01
 -3.82340350e-01  3.70651995e-05 -1.85604623e-05  0.00000000e+00]","[ 0.         -0.56947744  7.71802521 -0.24307314 -4.35122728 -0.42019218
 -0.72560352 -0.17914324]"
1748894235.470947,"[ 0.00000000e+00 -6.57012494e-02  3.87697898e-01  3.06574583e+00
 -2.49629541e+00  8.25579938e-05  9.60121704e-01  1.57105425e+00]","[ 0.00000000e+00 -6.67044122e-02 -9.36288626e-02 -9.93043086e-02
 -3.82458029e-01  3.70368514e-05 -1.85604623e-05  0.00000000e+00]","[ 0.         -0.54561365  7.84579086 -0.2256768  -4.3793869  -0.40451676
 -0.73960805 -0.17918305]"
1748894235.4722602,"[ 0.00000000e+00 -6.58258853e-02  3.87607451e-01  3.06554955e+00
 -2.49707864e+00  8.25579938e-05  9.60121704e-01  1.57105425e+00]","[ 0.00000000e+00 -6.25991244e-02 -9.18331430e-02 -9.88556741e-02
 -3.81669600e-01  3.70368514e-05 -1.85186086e-05  0.00000000e+00]","[ 0.         -0.48184982  7.92452145 -0.18407796 -4.35319233 -0.38587952
 -0.74248862 -0.17218292]"
1748894235.4739249,"[ 0.00000000e+00 -6.58898012e-02  3.87517003e-01  3.06545448e+00
 -2.49745468e+00  8.25579938e-05  9.60121704e-01  1.57105425e+00]","[ 0.00000000e+00 -6.01844321e-02 -9.18331430e-02 -9.64247990e-02
 -3.81377651e-01  3.70648338e-05 -1.85324169e-05  0.00000000e+00]","[ 0.         -0.45692778  8.01487064 -0.17435138 -4.27562332 -0.4053022
 -0.75092387 -0.17814252]"
1748894235.4756305,"[ 0.00000000e+00 -6.60107087e-02  3.87329184e-01  3.06526406e+00
 -2.49829144e+00  8.25579938e-05  9.60121704e-01  1.57105425e+00]","[ 0.00000000e+00 -6.15822255e-02 -9.12797215e-02 -9.20099187e-02
 -3.78805237e-01  3.70372172e-05 -1.05820616e-05  0.00000000e+00]","[ 0.         -0.42538285  8.18301296 -0.12895481 -4.1701045  -0.40824521
 -0.758214   -0.17163277]"
1748894235.4767575,"[ 0.00000000e+00 -6.60714287e-02  3.87240567e-01  3.06517538e+00
 -2.49860676e+00  8.25579938e-05  9.60121704e-01  1.57105425e+00]","[ 0.00000000e+00 -6.15822255e-02 -8.99424568e-02 -9.00337699e-02
 -3.78079459e-01  3.70368514e-05 -1.05820616e-05  0.00000000e+00]","[ 0.         -0.40119237  8.22016525 -0.07582717 -4.16665888 -0.41390547
 -0.76032102 -0.17427975]"
1748894235.4784305,"[ 0.00000000e+00 -6.61902057e-02  3.87065597e-01  3.06500041e+00
 -2.49940411e+00  8.25579938e-05  9.60121704e-01  1.57105425e+00]","[ 0.00000000e+00 -5.66736701e-02 -8.85919761e-02 -8.42582058e-02
 -3.74895284e-01  3.70368514e-05 -1.05819570e-05  0.00000000e+00]","[ 0.         -0.38584182  8.34142876 -0.08074169 -4.04012012 -0.42656863
 -0.73268372 -0.16782369]"
1748894235.4801514,"[ 0.00000000e+00 -6.62440016e-02  3.86971488e-01  3.06491838e+00
 -2.49977270e+00  8.25579938e-05  9.60121704e-01  1.57105425e+00]","[ 0.00000000e+00 -5.45044088e-02 -8.85212692e-02 -8.31900202e-02
 -3.73814906e-01  3.70368514e-05 -1.05819570e-05  0.00000000e+00]","[ 0.         -0.39281493  8.33739376 -0.09124749 -3.95484185 -0.42345417
 -0.74177724 -0.16133599]"
1748894235.4812436,"[ 0.00000000e+00 -6.63473322e-02  3.86803409e-01  3.06475513e+00
 -2.50053596e+00  8.25579938e-05  9.60121704e-01  1.57105425e+00]","[ 0.00000000e+00 -5.18587164e-02 -8.42704147e-02 -8.21096340e-02
 -3.71654117e-01  2.64551545e-05 -1.05900569e-05  0.00000000e+00]","[ 0.         -0.39487642  8.33643532 -0.09586479 -3.82662678 -0.42581403
 -0.72462177 -0.15604495]"
1748894235.482924,"[ 0.00000000e+00 -6.64011281e-02  3.86722149e-01  3.06467523e+00
 -2.50090054e+00  8.25579938e-05  9.60121704e-01  1.57105425e+00]","[ 0.00000000e+00 -5.06552298e-02 -8.23797284e-02 -8.09471475e-02
 -3.69388799e-01  2.64748795e-05 -1.05819570e-05  0.00000000e+00]","[ 0.         -0.39220133  8.32061672 -0.10632534 -3.79290032 -0.4250595
 -0.70492244 -0.15604495]"
1748894235.4845643,"[ 0.00000000e+00 -6.64916756e-02  3.86554071e-01  3.06450533e+00
 -2.50165076e+00  8.25579938e-05  9.60121704e-01  1.57105425e+00]","[ 0.00000000e+00 -4.48817004e-02 -8.17505150e-02 -8.45405092e-02
 -3.64091405e-01  2.64548924e-05 -1.05819570e-05  0.00000000e+00]","[ 0.         -0.42805752  8.23731232 -0.13172601 -3.62197161 -0.3826009
 -0.67017156 -0.17595229]"
1748894235.4862525,"[ 0.00000000e+00 -6.65358840e-02  3.86475108e-01  3.06442090e+00
 -2.50200895e+00  8.25579938e-05  9.60121704e-01  1.57105425e+00]","[ 0.00000000e+00 -4.16275631e-02 -7.98678516e-02 -8.56209037e-02
 -3.63281105e-01  2.64548924e-05 -1.05819570e-05  0.00000000e+00]","[ 0.         -0.47539905  8.20292282 -0.18268989 -3.54501605 -0.38748541
 -0.65354604 -0.18349947]"
1748894235.4874985,"[ 0.00000000e+00 -6.66088547e-02  3.86309792e-01  3.06424407e+00
 -2.50274638e+00  8.25579938e-05  9.60121704e-01  1.57105425e+00]","[ 0.00000000e+00 -3.61930625e-02 -8.12489835e-02 -8.67012899e-02
 -3.58849672e-01  2.64551545e-05 -1.05820616e-05  0.00000000e+00]","[ 0.         -0.51214075  8.12752724 -0.22714412 -3.47732568 -0.38059497
 -0.6543529  -0.16391186]"
1748894235.4892323,"[ 0.00000000e+00 -6.66754337e-02  3.86143544e-01  3.06407150e+00
 -2.50309818e+00  8.25579938e-05  9.60121704e-01  1.57105425e+00]","[ 0.00000000e+00 -3.34920866e-02 -8.48106036e-02 -8.79625630e-02
 -3.56798771e-01  2.64548924e-05 -1.05819570e-05  0.00000000e+00]","[ 0.         -0.54261744  7.98384809 -0.25140902 -3.50235868 -0.40216416
 -0.66945827 -0.15665537]"
1748894235.4904423,"[ 0.00000000e+00 -6.67116527e-02  3.86059521e-01  3.06398068e+00
 -2.50379380e+00  8.25579938e-05  9.60121704e-01  1.57105425e+00]","[ 0.00000000e+00 -3.41045096e-02 -8.52643231e-02 -8.55120470e-02
 -3.51126704e-01  2.64748795e-05 -1.05819570e-05  0.00000000e+00]","[ 0.         -0.54576039  7.95130301 -0.2624155  -3.52847338 -0.39002928
 -0.67147779 -0.15887883]"
1748894235.4925165,"[ 0.00000000e+00 -6.67457411e-02  3.85968142e-01  3.06389839e+00
 -2.50379380e+00  8.25579938e-05  9.60121704e-01  1.57105425e+00]","[ 0.00000000e+00 -3.45374480e-02 -8.60946551e-02 -8.34601230e-02
 -3.51126704e-01  2.64548924e-05 -1.05819570e-05  0.00000000e+00]","[ 0.         -0.57954079  7.93693829 -0.29246035 -3.52847338 -0.39738095
 -0.67461586 -0.16293931]"
1748894235.4933999,"[ 0.00000000e+00 -6.68165812e-02  3.85795036e-01  3.06373487e+00
 -2.50450566e+00  8.25579938e-05  9.60121704e-01  1.57105425e+00]","[ 0.00000000e+00 -3.61930625e-02 -8.75115816e-02 -8.29199257e-02
 -3.46723600e-01  2.64548924e-05 -1.05819570e-05  0.00000000e+00]","[ 0.         -0.60549927  7.9075098  -0.33061549 -3.59608006 -0.3982746
 -0.6622681  -0.15718111]"
1748894235.4951885,"[ 0.00000000e+00 -6.68559960e-02  3.85709149e-01  3.06365445e+00
 -2.50484735e+00  8.36232582e-05  9.60121704e-01  1.57105425e+00]","[ 0.00000000e+00 -3.71137339e-02 -8.69713844e-02 -8.15694367e-02
 -3.46535048e-01  2.64748795e-05 -1.05820616e-05  0.00000000e+00]","[ 0.         -0.62503254  7.82409239 -0.34749132 -3.614223   -0.38335031
 -0.66602719 -0.16085151]"
1748894235.4963858,"[ 0.00000000e+00 -6.69289666e-02  3.85531916e-01  3.06349146e+00
 -2.50555522e+00  8.36232582e-05  9.60121704e-01  1.57105425e+00]","[ 0.00000000e+00 -3.78136459e-02 -8.70166581e-02 -7.90583754e-02
 -3.45809703e-01  2.64548924e-05 -1.05820616e-05  0.00000000e+00]","[ 0.         -0.70151079  7.76649761 -0.41799843 -3.68949842 -0.37246603
 -0.66205949 -0.16628346]"
1748894235.4981465,"[ 0.00000000e+00 -6.69667835e-02  3.85446495e-01  3.06341210e+00
 -2.50589610e+00  8.36232582e-05  9.60121704e-01  1.57105425e+00]","[ 0.00000000e+00 -3.83538432e-02 -8.67012899e-02 -8.04890505e-02
 -3.45724782e-01  2.64548924e-05 -1.05819570e-05  0.00000000e+00]","[ 0.         -0.73826259  7.72324753 -0.42096096 -3.75179648 -0.38682082
 -0.66491991 -0.16337061]"
1748894235.4992573,"[ 0.00000000e+00 -6.70525373e-02  3.85277518e-01  3.06325178e+00
 -2.50657281e+00  8.36232582e-05  9.60121704e-01  1.57105425e+00]","[ 0.00000000e+00 -4.32155977e-02 -8.52643231e-02 -8.10292395e-02
 -3.43023804e-01  2.64748795e-05 -1.05820616e-05  0.00000000e+00]","[ 0.         -0.75447869  7.61111641 -0.45670053 -3.81782365 -0.37808737
 -0.66877317 -0.15120317]"
1748894235.5025654,"[ 0.00000000e+00 -6.70972784e-02  3.85185239e-01  3.06316682e+00
 -2.50693846e+00  8.36232582e-05  9.60121704e-01  1.57105425e+00]","[ 0.00000000e+00 -4.53763743e-02 -8.67658882e-02 -7.99198831e-02
 -3.44305084e-01  2.64551545e-05 -1.05819570e-05  0.00000000e+00]","[ 0.         -0.77245593  7.54374313 -0.48066205 -3.85320497 -0.38017055
 -0.65436065 -0.15122192]"
1748894235.5025876,"[ 0.00000000e+00 -6.71931522e-02  3.85013498e-01  3.06301023e+00
 -2.50761890e+00  8.36232582e-05  9.60121704e-01  1.57105425e+00]","[ 0.00000000e+00 -4.91577426e-02 -8.69713844e-02 -7.91385615e-02
 -3.45994859e-01  2.64748795e-05 -1.05899522e-05  0.00000000e+00]","[ 0.         -0.80494326  7.4553771  -0.47383261 -3.93340015 -0.3538442
 -0.63204485 -0.15796588]"
1748894235.504916,"[ 0.00000000e+00 -6.72948850e-02  3.84841758e-01  3.06285337e+00
 -2.50833103e+00  8.36232582e-05  9.60121704e-01  1.57105425e+00]","[ 0.00000000e+00 -4.91577426e-02 -8.70596848e-02 -7.54813090e-02
 -3.47565093e-01  2.64748795e-05 -1.05819570e-05  0.00000000e+00]","[ 0.         -0.80846626  7.39879513 -0.47358987 -3.9140017  -0.34748653
 -0.6540401  -0.150223  ]"
1748894235.5066395,"[ 0.00000000e+00 -6.73918240e-02  3.84663126e-01  3.06271195e+00
 -2.50901759e+00  8.36232582e-05  9.60121704e-01  1.57105425e+00]","[ 0.00000000e+00 -4.96979357e-02 -8.67012899e-02 -7.07655415e-02
 -3.48695837e-01  2.64748795e-05 -1.05899522e-05  0.00000000e+00]","[ 0.         -0.7948193   7.35211992 -0.46745232 -3.88007355 -0.36758116
 -0.65212488 -0.15377726]"
1748894235.5082982,"[ 0.00000000e+00 -6.74456199e-02  3.84580002e-01  3.06263605e+00
 -2.50936167e+00  8.36232582e-05  9.60121704e-01  1.57105425e+00]","[ 0.00000000e+00 -5.06552298e-02 -8.42704147e-02 -7.14017790e-02
 -3.48965949e-01  2.64748795e-05 -1.05820616e-05  0.00000000e+00]","[ 0.         -0.80455637  7.34801531 -0.45191953 -3.87857985 -0.37106198
 -0.65051687 -0.1488896 ]"
1748894235.5094905,"[ 0.00000000e+00 -6.75478853e-02  3.84406897e-01  3.06249331e+00
 -2.51007833e+00  8.36232582e-05  9.60122703e-01  1.57105425e+00]","[ 0.00000000e+00 -5.28854690e-02 -8.48106036e-02 -7.26562194e-02
 -3.51310596e-01  2.64548924e-05  0.00000000e+00  0.00000000e+00]","[ 0.         -0.79939175  7.22219276 -0.4549199  -3.77386713 -0.4036577
 -0.6183334  -0.1617745 ]"
1748894235.5112314,"[ 0.00000000e+00 -6.76570749e-02  3.84236088e-01  3.06234577e+00
 -2.51077128e+00  8.36232582e-05  9.60122703e-01  1.57105425e+00]","[ 0.00000000e+00 -5.36644520e-02 -8.66134472e-02 -7.64375836e-02
 -3.51126704e-01  2.64751417e-05  0.00000000e+00  0.00000000e+00]","[ 0.         -0.79077232  7.15557384 -0.42898518 -3.68377399 -0.42551455
 -0.59825563 -0.16431752]"
1748894235.5124118,"[ 0.00000000e+00 -6.77098055e-02  3.84149769e-01  3.06226081e+00
 -2.51114280e+00  8.36232582e-05  9.60122703e-01  1.57105425e+00]","[ 0.00000000e+00 -5.34792999e-02 -8.75115816e-02 -7.99951423e-02
 -3.49821988e-01  2.64751417e-05  0.00000000e+00  0.00000000e+00]","[ 0.         -0.78879678  7.0881753  -0.42227429 -3.62399745 -0.43119863
 -0.60767645 -0.18626609]"
1748894235.514062,"[ 0.00000000e+00 -6.77625360e-02  3.84054694e-01  3.06217772e+00
 -2.51148767e+00  8.36232582e-05  9.60122703e-01  1.57105425e+00]","[ 0.00000000e+00 -5.34792999e-02 -8.95243405e-02 -8.42704147e-02
 -3.49776215e-01  2.64548924e-05  0.00000000e+00  0.00000000e+00]","[ 0.         -0.81797802  7.07551813 -0.40720767 -3.53778005 -0.44169468
 -0.5966686  -0.17860414]"
1748894235.515772,"[ 0.00000000e+00 -6.78781172e-02  3.83873333e-01  3.06200462e+00
 -2.51217370e+00  8.36232582e-05  9.60122703e-01  1.57105425e+00]","[ 0.00000000e+00 -5.71752099e-02 -9.21032375e-02 -8.91321651e-02
 -3.47075271e-01  2.64748795e-05  0.00000000e+00  0.00000000e+00]","[ 0.         -0.79856616  7.06420279 -0.39520383 -3.41270518 -0.4417606
 -0.58140105 -0.16923118]"
1748894235.5168984,"[ 0.00000000e+00 -6.79345762e-02  3.83782852e-01  3.06190501e+00
 -2.51254229e+00  8.36232582e-05  9.60122703e-01  1.57105425e+00]","[ 0.00000000e+00 -5.72026487e-02 -9.17400989e-02 -9.37874039e-02
 -3.47063553e-01  2.64548924e-05  0.00000000e+00  0.00000000e+00]","[ 0.         -0.76234829  7.03519535 -0.37031162 -3.40307593 -0.42977047
 -0.57262564 -0.16332711]"
1748894235.5187144,"[ 0.00000000e+00 -6.80458964e-02  3.83591370e-01  3.06171087e+00
 -2.51322432e+00  8.36232582e-05  9.60122703e-01  1.57105425e+00]","[ 0.00000000e+00 -5.56400806e-02 -9.39939238e-02 -9.85855797e-02
 -3.45184559e-01  2.64548924e-05  0.00000000e+00  0.00000000e+00]","[ 0.         -0.71070635  7.06345844 -0.31261215 -3.33689499 -0.44032949
 -0.56024688 -0.16769917]"
1748894235.5198479,"[ 0.00000000e+00 -6.81034207e-02  3.83497694e-01  3.06161020e+00
 -2.51356441e+00  8.36232582e-05  9.60123635e-01  1.57105425e+00]","[ 0.00000000e+00 -5.41659876e-02 -9.50743100e-02 -1.02096849e-01
 -3.44914482e-01  2.64751417e-05  1.05819570e-05  0.00000000e+00]","[ 0.         -0.68174714  7.10758972 -0.23386872 -3.25435424 -0.4359268
 -0.54936093 -0.1710472 ]"
1748894235.5215533,"[ 0.00000000e+00 -6.82062187e-02  3.83308509e-01  3.06139316e+00
 -2.51426801e+00  8.36232582e-05  9.60123635e-01  1.57105425e+00]","[ 0.00000000e+00 -5.18061731e-02 -9.69649962e-02 -1.07389874e-01
 -3.42477989e-01  2.64548924e-05  1.05819570e-05  0.00000000e+00]","[ 0.         -0.60898042  7.24583626 -0.13917342 -3.22180319 -0.45409465
 -0.53596014 -0.18258868]"
1748894235.5233555,"[ 0.00000000e+00 -6.82568187e-02  3.83202915e-01  3.06128796e+00
 -2.51460464e+00  8.36232582e-05  9.60123635e-01  1.57105425e+00]","[ 0.00000000e+00 -5.13706214e-02 -9.93043086e-02 -1.06688505e-01
 -3.41403204e-01  2.64748795e-05  1.05819570e-05  0.00000000e+00]","[ 0.         -0.56708676  7.30217886 -0.11310217 -3.26070762 -0.48275715
 -0.5381127  -0.18709536]"
1748894235.5244336,"[ 0.00000000e+00 -6.83564210e-02  3.83006374e-01  3.06107304e+00
 -2.51527682e+00  8.36232582e-05  9.60123635e-01  1.57105425e+00]","[ 0.00000000e+00 -4.75371550e-02 -9.90253425e-02 -1.09389475e-01
 -3.40322826e-01  2.64751417e-05  1.05819570e-05  0.00000000e+00]","[ 0.         -0.51243722  7.42638922 -0.05257965 -3.33865666 -0.512582
 -0.54148531 -0.1591332 ]"
1748894235.5267525,"[ 0.00000000e+00 -6.84405769e-02  3.82797915e-01  3.06085227e+00
 -2.51597430e+00  8.25579938e-05  9.60123635e-01  1.57105425e+00]","[ 0.00000000e+00 -4.05146197e-02 -1.02062761e-01 -1.06850226e-01
 -3.40863015e-01  1.58729355e-05  1.05820616e-05  0.00000000e+00]","[ 0.00000000e+00 -4.26295608e-01  7.60138273e+00  7.10618449e-03
 -3.51721168e+00 -5.25389552e-01 -5.93264878e-01 -1.76284403e-01]"
1748894235.5284803,"[ 0.00000000e+00 -6.85172759e-02  3.82597678e-01  3.06064268e+00
 -2.51664302e+00  8.25579938e-05  9.60123635e-01  1.57105425e+00]","[ 0.00000000e+00 -3.66467028e-02 -1.01556652e-01 -1.05878214e-01
 -3.39242415e-01  1.58849283e-05  1.05820616e-05  0.00000000e+00]","[ 0.         -0.43352687  7.80874777  0.04446615 -3.66628957 -0.5548988
 -0.6319918  -0.20003591]"
1748894235.5318704,"[ 0.00000000e+00 -6.85524296e-02  3.82496212e-01  3.06053482e+00
 -2.51700335e+00  8.25579938e-05  9.60123635e-01  1.57105425e+00]","[ 0.00000000e+00 -3.56167419e-02 -1.02802870e-01 -1.01561229e-01
 -3.39289719e-01  1.58729355e-05  1.05819570e-05  0.00000000e+00]","[ 0.         -0.41955847  7.94161367  0.05264578 -3.77484584 -0.5428912
 -0.63679248 -0.20120271]"
1748894235.5335627,"[ 0.00000000e+00 -6.86861203e-02  3.82098103e-01  3.06016624e+00
 -2.51834292e+00  8.25579938e-05  9.60122703e-01  1.57105425e+00]","[ 0.00000000e+00 -3.13313079e-02 -9.77752879e-02 -8.78708004e-02
 -3.42136605e-01  1.58729355e-05  0.00000000e+00  0.00000000e+00]","[ 0.         -0.42639205  8.28535938 -0.0126939  -4.04270124 -0.53613168
 -0.68730724 -0.17371659]"
1748894235.534739,"[ 0.00000000e+00 -6.87154151e-02  3.81996170e-01  3.06007462e+00
 -2.51870697e+00  8.25579938e-05  9.60122703e-01  1.57105425e+00]","[ 0.00000000e+00 -2.96806203e-02 -9.60443165e-02 -8.61831969e-02
 -3.42800498e-01  1.58729355e-05  0.00000000e+00  0.00000000e+00]","[ 0.         -0.4567976   8.33637619 -0.04173996 -4.05950069 -0.52383959
 -0.70861232 -0.17078955]"
1748894235.536541,"[ 0.00000000e+00 -6.87676130e-02  3.81811114e-01  3.05991031e+00
 -2.51938528e+00  8.25579938e-05  9.60122703e-01  1.57105425e+00]","[ 0.00000000e+00 -2.45521898e-02 -9.33590428e-02 -8.29199257e-02
 -3.44104182e-01  1.58729355e-05  1.05819570e-05  0.00000000e+00]","[ 0.         -0.51099992  8.44161892 -0.10263423 -4.04848099 -0.47473344
 -0.69962847 -0.15466951]"
1748894235.5383086,"[ 0.00000000e+00 -6.88059626e-02  3.81628354e-01  3.05974546e+00
 -2.52008649e+00  8.25579938e-05  9.60122703e-01  1.57105425e+00]","[ 0.00000000e+00 -1.78264326e-02 -9.18331430e-02 -7.96787588e-02
 -3.41726411e-01  5.29502843e-06  1.05820616e-05  0.00000000e+00]","[ 0.         -0.58789599  8.50906467 -0.18441716 -3.96388745 -0.46747565
 -0.65995133 -0.15203169]"
1748894235.5400338,"[ 0.00000000e+00 -6.88219415e-02  3.81534678e-01  3.05966743e+00
 -2.52042311e+00  8.25579938e-05  9.60122703e-01  1.57105425e+00]","[ 0.00000000e+00 -1.62058481e-02 -8.82704993e-02 -7.90583754e-02
 -3.41749814e-01  5.29492328e-06  1.05900569e-05  0.00000000e+00]","[ 0.         -0.64629149  8.53046322 -0.23617809 -3.93831897 -0.47099778
 -0.65295738 -0.17775308]"
1748894235.541722,"[ 0.00000000e+00 -6.88475079e-02  3.81366599e-01  3.05950950e+00
 -2.52109849e+00  8.25579938e-05  9.60122703e-01  1.57105425e+00]","[ 0.00000000e+00 -1.13326004e-02 -8.36453791e-02 -7.99488533e-02
 -3.41943393e-01  5.29097849e-06  1.05819570e-05  0.00000000e+00]","[ 0.         -0.73804939  8.48395729 -0.31540826 -3.86560845 -0.47119734
 -0.65951496 -0.16326344]"
1748894235.5428174,"[ 0.00000000e+00 -6.88576279e-02  3.81288535e-01  3.05942641e+00
 -2.52143698e+00  8.25579938e-05  9.60122703e-01  1.57105425e+00]","[ 0.00000000e+00 -1.02637042e-02 -7.91385615e-02 -7.82397613e-02
 -3.43293881e-01  5.29097849e-06  1.05819570e-05  0.00000000e+00]","[ 0.         -0.81084847  8.45571995 -0.36774957 -3.81519365 -0.43598729
 -0.65185678 -0.15413392]"
1748894235.5445056,"[ 0.00000000e+00 -6.88752047e-02  3.81139298e-01  3.05926742e+00
 -2.52213579e+00  8.36232582e-05  9.60122703e-01  1.57105425e+00]","[ 0.00000000e+00 -8.02459070e-03 -7.13057304e-02 -8.14867955e-02
 -3.40863015e-01  1.58730919e-05  1.05819570e-05  0.00000000e+00]","[ 0.         -0.90756518  8.34101295 -0.50633383 -3.70101547 -0.40653032
 -0.62864417 -0.1436367 ]"
1748894235.546243,"[ 0.00000000e+00 -6.88831942e-02  3.81069956e-01  3.05918486e+00
 -2.52247108e+00  8.36232582e-05  9.60123635e-01  1.57105425e+00]","[ 0.00000000e+00 -8.09471454e-03 -7.02253442e-02 -8.37302174e-02
 -3.39708168e-01  1.58729355e-05  1.05820616e-05  0.00000000e+00]","[ 0.         -0.97808999  8.25627899 -0.5733434  -3.57682395 -0.40605664
 -0.60788226 -0.13593376]"
1748894235.547463,"[ 0.00000000e+00 -6.88970427e-02  3.80935433e-01  3.05900750e+00
 -2.52316617e+00  8.36232582e-05  9.60123635e-01  1.57105425e+00]","[ 0.00000000e+00 -6.76193246e-03 -6.75243704e-02 -8.80517789e-02
 -3.39038949e-01  1.58849283e-05  1.05819570e-05  0.00000000e+00]","[ 0.         -1.08825457  8.11860561 -0.66485739 -3.45589709 -0.37938115
 -0.55056238 -0.14117387]"
1748894235.5491796,"[ 0.00000000e+00 -6.89039669e-02  3.80864726e-01  3.05891855e+00
 -2.52350040e+00  8.36232582e-05  9.60123635e-01  1.57105425e+00]","[ 0.00000000e+00 -6.75863211e-03 -6.66416615e-02 -9.02125596e-02
 -3.38972337e-01  1.58729355e-05  0.00000000e+00  0.00000000e+00]","[ 0.         -1.13546968  8.04508018 -0.66163254 -3.37405872 -0.36316517
 -0.54054523 -0.15063825]"
1748894235.5503416,"[ 0.00000000e+00 -6.89172827e-02  3.80736595e-01  3.05872600e+00
 -2.52419202e+00  8.36232582e-05  9.60123635e-01  1.57105425e+00]","[ 0.00000000e+00 -6.75243714e-03 -6.50934910e-02 -9.42889438e-02
 -3.35964163e-01  1.58730919e-05  1.05820616e-05  0.00000000e+00]","[ 0.         -1.21580303  7.90757465 -0.705724   -3.22550321 -0.38471237
 -0.53297365 -0.15932798]"
1748894235.5520039,"[ 0.00000000e+00 -6.89236743e-02  3.80670016e-01  3.05863279e+00
 -2.52452225e+00  8.36232582e-05  9.60123635e-01  1.57105425e+00]","[ 0.00000000e+00 -6.50185813e-03 -6.75243704e-02 -9.45341127e-02
 -3.34920870e-01  1.58849283e-05  1.05819570e-05  0.00000000e+00]","[ 0.         -1.25503492  7.90417719 -0.72576892 -3.18229604 -0.3793996
 -0.51633459 -0.15131682]"
1748894235.5537653,"[ 0.00000000e+00 -6.89369901e-02  3.80532264e-01  3.05844424e+00
 -2.52517872e+00  8.36232582e-05  9.60123635e-01  1.57105425e+00]","[ 0.00000000e+00 -6.74901456e-03 -6.63766561e-02 -9.58846017e-02
 -3.31949814e-01  1.58729355e-05  1.05819570e-05  0.00000000e+00]","[ 0.         -1.29328179  7.77735424 -0.76247156 -3.19237733 -0.36529747
 -0.52137899 -0.16381331]"
1748894235.5548973,"[ 0.00000000e+00 -6.89439143e-02  3.80466584e-01  3.05834277e+00
 -2.52552972e+00  8.36232582e-05  9.60123635e-01  1.57105425e+00]","[ 0.00000000e+00 -6.74901456e-03 -6.67140745e-02 -9.55427850e-02
 -3.30512839e-01  1.05819570e-05  0.00000000e+00  0.00000000e+00]","[ 0.         -1.31656981  7.70011091 -0.79504257 -3.20826173 -0.35004172
 -0.5417425  -0.1645866 ]"
1748894235.5566475,"[ 0.00000000e+00 -6.89572301e-02  3.80330230e-01  3.05815475e+00
 -2.52618273e+00  8.36232582e-05  9.60123635e-01  1.57105425e+00]","[ 0.00000000e+00 -6.50185813e-03 -6.64439800e-02 -9.56145072e-02
 -3.31139514e-01  1.05900569e-05  0.00000000e+00  0.00000000e+00]","[ 0.         -1.36172581  7.63938618 -0.82373142 -3.31685257 -0.3699069
 -0.53664589 -0.15261924]"
1748894235.558419,"[ 0.00000000e+00 -6.89705459e-02  3.80197038e-01  3.05795661e+00
 -2.52685944e+00  8.36232582e-05  9.60123635e-01  1.57105425e+00]","[ 0.00000000e+00 -6.74901456e-03 -6.69841731e-02 -9.66948934e-02
 -3.29951378e-01  1.05819570e-05  0.00000000e+00  0.00000000e+00]","[ 0.         -1.34749901  7.57412767 -0.77903211 -3.44168162 -0.35385659
 -0.53900498 -0.14922124]"
1748894235.5595243,"[ 0.00000000e+00 -6.89780028e-02  3.80133222e-01  3.05786047e+00
 -2.52718461e+00  8.36232582e-05  9.60123635e-01  1.57105425e+00]","[ 0.00000000e+00 -7.28893562e-03 -6.48233924e-02 -9.75051851e-02
 -3.29789025e-01  1.05819570e-05  0.00000000e+00  0.00000000e+00]","[ 0.         -1.37445498  7.58353758 -0.77914953 -3.4812851  -0.35840115
 -0.56071836 -0.15741822]"
1748894235.5617392,"[ 0.00000000e+00 -6.89950470e-02  3.80003726e-01  3.05766686e+00
 -2.52783442e+00  8.36232582e-05  9.60123635e-01  1.57105425e+00]","[ 0.00000000e+00 -8.32237841e-03 -6.32028089e-02 -9.85855797e-02
 -3.28978725e-01  1.05979587e-05  0.00000000e+00  0.00000000e+00]","[ 0.         -1.36659908  7.54551363 -0.74691916 -3.65649366 -0.36223298
 -0.57802892 -0.16184309]"
1748894235.562846,"[ 0.00000000e+00 -6.90035691e-02  3.79939910e-01  3.05756246e+00
 -2.52816039e+00  8.36232582e-05  9.60123635e-01  1.57105425e+00]","[ 0.00000000e+00 -8.37302164e-03 -6.48233924e-02 -9.83012373e-02
 -3.30599325e-01  1.05979587e-05  0.00000000e+00  0.00000000e+00]","[ 0.         -1.34411073  7.50264215 -0.73660243 -3.72027683 -0.3707554
 -0.60979933 -0.16418758]"
1748894235.5645528,"[ 0.00000000e+00 -6.90243418e-02  3.79804888e-01  3.05736885e+00
 -2.52883950e+00  8.36232582e-05  9.60123635e-01  1.57105425e+00]","[ 0.00000000e+00 -1.05322757e-02 -6.62028724e-02 -9.85855797e-02
 -3.31613457e-01  1.06060839e-05  1.05820616e-05  0.00000000e+00]","[ 0.         -1.33520126  7.49538946 -0.69741935 -3.81927943 -0.40142199
 -0.6293515  -0.15527745]"
1748894235.5683076,"[ 0.00000000e+00 -6.90456471e-02  3.79674493e-01  3.05716752e+00
 -2.52949650e+00  8.36232582e-05  9.60123635e-01  1.57105425e+00]","[ 0.00000000e+00 -1.13440936e-02 -6.63766561e-02 -9.83012373e-02
 -3.33300270e-01  1.05979587e-05  1.05819570e-05  0.00000000e+00]","[ 0.         -1.28189516  7.47344017 -0.63808167 -3.93128109 -0.39583197
 -0.64699382 -0.15811491]"
1748894235.5705822,"[ 0.00000000e+00 -6.90893229e-02  3.79393929e-01  3.05675526e+00
 -2.53083740e+00  8.36232582e-05  9.60123635e-01  1.57105425e+00]","[ 0.00000000e+00 -1.08038994e-02 -6.99552497e-02 -1.05071983e-01
 -3.33638658e-01  1.05979587e-05  1.85184257e-05  0.00000000e+00]","[ 0.         -1.23397291  7.54211235 -0.54368484 -4.01926947 -0.43197742
 -0.67664289 -0.1655058 ]"
1748894235.5717762,"[ 0.00000000e+00 -6.90989103e-02  3.79322290e-01  3.05664873e+00
 -2.53116843e+00  8.36232582e-05  9.60122703e-01  1.57105425e+00]","[ 0.00000000e+00 -9.72350907e-03 -6.73932555e-02 -1.07929522e-01
 -3.35390984e-01  1.06059783e-05  1.05740785e-05  0.00000000e+00]","[ 0.         -1.21580863  7.55359077 -0.51665717 -4.05612612 -0.42668527
 -0.6809383  -0.17201361]"
1748894235.5735297,"[ 0.00000000e+00 -6.91175524e-02  3.79190031e-01  3.05642796e+00
 -2.53186086e+00  8.36232582e-05  9.60122703e-01  1.57105425e+00]","[ 0.00000000e+00 -9.18331389e-03 -6.69163041e-02 -1.12630650e-01
 -3.39512526e-01  1.05979587e-05  1.05978530e-05  0.00000000e+00]","[ 0.         -1.19079733  7.55760241 -0.49022913 -4.03029346 -0.43994263
 -0.69760746 -0.17940295]"
1748894235.5747135,"[ 0.00000000e+00 -6.91271398e-02  3.79124384e-01  3.05630705e+00
 -2.53219535e+00  8.36232582e-05  9.60122703e-01  1.57105425e+00]","[ 0.00000000e+00 -9.02766461e-03 -6.64439800e-02 -1.13848880e-01
 -3.39242415e-01  1.05979587e-05  1.05979587e-05  0.00000000e+00]","[ 0.         -1.17512274  7.5499649  -0.44527614 -3.95801067 -0.46250901
 -0.66319096 -0.1826847 ]"
1748894235.576405,"[ 0.00000000e+00 -6.91447166e-02  3.78994421e-01  3.05608308e+00
 -2.53289150e+00  8.36232582e-05  9.60123635e-01  1.57105425e+00]","[ 0.00000000e+00 -8.64311923e-03 -6.21905789e-02 -1.12630650e-01
 -3.39722150e-01  1.05979587e-05  1.85464284e-05  0.00000000e+00]","[ 0.         -1.08705628  7.48918724 -0.38310596 -3.80485725 -0.46303105
 -0.63916302 -0.19600424]"
1748894235.578039,"[ 0.00000000e+00 -6.91537714e-02  3.78935199e-01  3.05597416e+00
 -2.53322466e+00  8.36232582e-05  9.60123635e-01  1.57105425e+00]","[ 0.00000000e+00 -9.18331389e-03 -5.99616379e-02 -1.10469869e-01
 -3.37891959e-01  1.05979587e-05  1.85464284e-05  0.00000000e+00]","[ 0.         -1.06934071  7.44146919 -0.38831472 -3.72511196 -0.4663738
 -0.63148254 -0.19175844]"
1748894235.5796711,"[ 0.00000000e+00 -6.91729462e-02  3.78814425e-01  3.05575231e+00
 -2.53389205e+00  8.36232582e-05  9.60123635e-01  1.57105425e+00]","[ 0.00000000e+00 -9.71365745e-03 -5.86246186e-02 -1.07228694e-01
 -3.38702226e-01  1.06059783e-05  1.85464284e-05  0.00000000e+00]","[ 0.         -1.03740454  7.37718344 -0.35180295 -3.5771482  -0.47224173
 -0.60369509 -0.1683121 ]"
1748894235.580879,"[ 0.00000000e+00 -6.91830662e-02  3.78756102e-01  3.05564818e+00
 -2.53425104e+00  8.36232582e-05  9.60123635e-01  1.57105425e+00]","[ 0.00000000e+00 -1.02637042e-02 -5.91513461e-02 -1.05608111e-01
 -3.38035869e-01  1.05979587e-05  1.85464284e-05  0.00000000e+00]","[ 0.         -1.01016939  7.28029633 -0.30457383 -3.4242785  -0.46255499
 -0.58588129 -0.17151219]"
1748894235.582526,"[ 0.00000000e+00 -6.92059694e-02  3.78646380e-01  3.05543380e+00
 -2.53491311e+00  8.36232582e-05  9.60124567e-01  1.57105425e+00]","[ 0.00000000e+00 -1.15353491e-02 -5.45596902e-02 -1.04472073e-01
 -3.35190981e-01  1.05980643e-05  2.91443860e-05  0.00000000e+00]","[ 0.         -1.00810683  7.20081806 -0.32507125 -3.23964238 -0.47230813
 -0.51932025 -0.17767175]"
1748894235.5841892,"[ 0.00000000e+00 -6.92176873e-02  3.78594015e-01  3.05533260e+00
 -2.53524201e+00  8.36232582e-05  9.60124567e-01  1.57105425e+00]","[ 0.00000000e+00 -1.18842887e-02 -5.32092012e-02 -1.02637038e-01
 -3.33232392e-01  1.06059783e-05  2.91667301e-05  0.00000000e+00]","[ 0.         -0.967619    7.14631128 -0.34013429 -3.2054503  -0.45211181
 -0.49705318 -0.17767175]"
1748894235.585318,"[ 0.00000000e+00 -6.92469820e-02  3.78484726e-01  3.05513712e+00
 -2.53591872e+00  8.36232582e-05  9.60124567e-01  1.57105425e+00]","[ 0.00000000e+00 -1.56497811e-02 -5.39647609e-02 -9.85855797e-02
 -3.29518914e-01  1.05979587e-05  2.91443860e-05  0.00000000e+00]","[ 0.         -0.92727506  7.07567978 -0.33835241 -3.05773997 -0.45142809
 -0.49789843 -0.17231941]"
1748894235.5870342,"[ 0.00000000e+00 -6.92640263e-02  3.78430098e-01  3.05503646e+00
 -2.53624495e+00  8.36232582e-05  9.60124567e-01  1.57105425e+00]","[ 0.00000000e+00 -1.72862385e-02 -5.53699820e-02 -9.47904752e-02
 -3.30869403e-01  1.05979587e-05  2.91664395e-05  0.00000000e+00]","[ 0.         -0.94471318  7.07591248 -0.32580984 -2.99475312 -0.4408336
 -0.50686914 -0.17439611]"
1748894235.5886724,"[ 0.00000000e+00 -6.93077021e-02  3.78314816e-01  3.05486149e+00
 -2.53689370e+00  8.36232582e-05  9.60124567e-01  1.57105425e+00]","[ 0.00000000e+00 -2.26881871e-02 -5.64503723e-02 -8.72414871e-02
 -3.28375585e-01  1.06059783e-05  2.91443860e-05  0.00000000e+00]","[ 0.         -0.94240773  7.08863354 -0.36784497 -2.99180841 -0.43882
 -0.49850675 -0.16589281]"
1748894235.5898025,"[ 0.00000000e+00 -6.93332685e-02  3.78259256e-01  3.05477653e+00
 -2.53724071e+00  8.36232582e-05  9.60125499e-01  1.57105425e+00]","[ 0.00000000e+00 -2.59293582e-02 -5.64503723e-02 -8.60737992e-02
 -3.26751290e-01  1.05979587e-05  3.70928568e-05  0.00000000e+00]","[ 0.         -0.94292438  7.10957193 -0.41853759 -3.00205469 -0.46408418
 -0.49894869 -0.16397171]"
1748894235.5915248,"[ 0.00000000e+00 -6.93982496e-02  3.78145838e-01  3.05460263e+00
 -2.53787774e+00  8.36232582e-05  9.60125499e-01  1.57105425e+00]","[ 0.00000000e+00 -3.35713635e-02 -5.85517687e-02 -8.42582058e-02
 -3.21956202e-01  1.06059783e-05  3.71209245e-05  0.00000000e+00]","[ 0.         -0.92924374  7.23269224 -0.43664286 -2.99136686 -0.46993047
 -0.52110368 -0.17562205]"
1748894235.5973876,"[ 0.00000000e+00 -6.94733507e-02  3.78019571e-01  3.05443538e+00
 -2.53853021e+00  8.36232582e-05  9.60125499e-01  1.57105425e+00]","[ 0.00000000e+00 -3.94342335e-02 -6.18523200e-02 -8.56209037e-02
 -3.17723640e-01  1.05979587e-05  3.70928568e-05  0.00000000e+00]","[ 0.         -0.9424895   7.4152565  -0.47450215 -3.12738562 -0.47215539
 -0.52108234 -0.17264894]"
1748894235.6004143,"[ 0.00000000e+00 -6.97497868e-02  3.77670597e-01  3.05387558e+00
 -2.54042984e+00  8.36232582e-05  9.60123635e-01  1.57105425e+00]","[ 0.00000000e+00 -5.01536899e-02 -5.67204709e-02 -9.77752879e-02
 -3.15743946e-01  0.00000000e+00  1.85604623e-05  0.00000000e+00]","[ 0.         -0.90849096  7.9482789  -0.495361   -3.99436665 -0.44713366
 -0.68258375 -0.17157184]"
1748894235.6051264,"[ 0.00000000e+00 -7.00129072e-02  3.77410240e-01  3.05334908e+00
 -2.54202002e+00  8.36232582e-05  9.60123635e-01  1.57105425e+00]","[ 0.00000000e+00 -5.18587164e-02 -4.83527814e-02 -1.04841495e-01
 -3.18985113e-01  0.00000000e+00  1.85464284e-05  0.00000000e+00]","[ 0.         -0.83354205  8.43475533 -0.40118676 -4.38477659 -0.4821035
 -0.73036635 -0.18133503]"
1748894235.6093476,"[ 0.00000000e+00 -7.02360801e-02  3.77220590e-01  3.05290992e+00
 -2.54329833e+00  8.25579938e-05  9.60123635e-01  1.57105425e+00]","[ 0.00000000e+00 -5.83410544e-02 -4.48875552e-02 -1.10789374e-01
 -3.16014057e-01 -1.06060839e-05  1.85464284e-05  0.00000000e+00]","[ 0.         -0.76254761  8.54555893 -0.28038901 -4.23009443 -0.49656516
 -0.72941124 -0.17374916]"
1748894235.6124408,"[ 0.00000000e+00 -7.04960046e-02  3.77076380e-01  3.05246837e+00
 -2.54456547e+00  8.25579938e-05  9.60123635e-01  1.57105425e+00]","[ 0.00000000e+00 -6.59939724e-02 -3.16014045e-02 -1.08038994e-01
 -3.13805098e-01 -1.05979587e-05  1.06059783e-05  0.00000000e+00]","[ 0.         -0.66024137  8.47698784 -0.11588386 -3.92359591 -0.5611968
 -0.69546324 -0.18509258]"
1748894235.6162555,"[ 0.00000000e+00 -7.06994701e-02  3.76991458e-01  3.05214959e+00
 -2.54551275e+00  8.25579938e-05  9.60123635e-01  1.57105425e+00]","[ 0.00000000e+00 -6.64439800e-02 -2.64427345e-02 -1.03717433e-01
 -3.10341990e-01 -1.05979587e-05  1.06058726e-05  0.00000000e+00]","[ 0.         -0.68274653  8.33191204 -0.06926004 -3.59066939 -0.5910033
 -0.60814506 -0.17319155]"
1748894235.6191092,"[ 0.00000000e+00 -7.08981419e-02  3.76924413e-01  3.05194746e+00
 -2.54644246e+00  8.25579938e-05  9.60124567e-01  1.57105425e+00]","[ 0.00000000e+00 -6.46982613e-02 -1.94470181e-02 -1.01556652e-01
 -3.03645472e-01 -1.05979587e-05  1.85464284e-05  0.00000000e+00]","[ 0.00000000e+00 -6.52788818e-01  8.05843449e+00 -2.75879796e-03
 -3.42103338e+00 -6.21714354e-01 -5.34018695e-01 -1.74554691e-01]"
1748894235.6258917,"[ 0.00000000e+00 -7.11388917e-02  3.76876642e-01  3.05154745e+00
 -2.54762224e+00  8.25579938e-05  9.60125499e-01  1.57105425e+00]","[ 0.00000000e+00 -5.77422967e-02 -7.26544415e-03 -9.75051851e-02
 -2.96296945e-01 -1.05979587e-05  1.85464284e-05  0.00000000e+00]","[ 0.         -0.68063176  7.70689058  0.02703118 -3.33149409 -0.5894981
 -0.55887681 -0.17900042]"
1748894235.6259108,"[ 0.00000000e+00 -7.12582013e-02  3.76869285e-01  3.05135144e+00
 -2.54821959e+00  8.25579938e-05  9.60125499e-01  1.57105425e+00]","[ 0.00000000e+00 -5.83410544e-02 -2.43087727e-03 -9.64247990e-02
 -2.91165066e-01 -1.05979587e-05  1.85604623e-05  0.00000000e+00]","[ 0.00000000e+00 -7.64402449e-01  7.60576630e+00  5.92822023e-03
 -3.40844846e+00 -5.62354326e-01 -5.47749221e-01 -2.00094461e-01]"
1748894235.6285906,"[ 0.00000000e+00 -7.14355678e-02  3.76871150e-01  3.05096475e+00
 -2.54936928e+00  8.25579938e-05  9.60124567e-01  1.57105425e+00]","[ 0.00000000e+00 -5.83410544e-02  7.89995073e-04 -9.69649962e-02
 -2.85763144e-01  0.00000000e+00  1.06058726e-05  0.00000000e+00]","[ 0.         -0.83804971  7.31507349 -0.12135019 -3.69515586 -0.54335362
 -0.54481852 -0.20175827]"
1748894235.630373,"[ 0.00000000e+00 -7.15495511e-02  3.76869285e-01  3.05078019e+00
 -2.54993387e+00  8.25579938e-05  9.60124567e-01  1.57105425e+00]","[ 0.00000000e+00 -5.78008613e-02 -4.38741518e-04 -9.23733403e-02
 -2.86283059e-01  0.00000000e+00  1.05979587e-05  0.00000000e+00]","[ 0.         -0.89844924  7.19670677 -0.18434097 -3.86527848 -0.5102073
 -0.5733459  -0.18580747]"
1748894235.632154,"[ 0.00000000e+00 -7.16699260e-02  3.76868387e-01  3.05059377e+00
 -2.55051976e+00  8.25579938e-05  9.60124567e-01  1.57105425e+00]","[ 0.00000000e+00 -5.91813566e-02 -4.78698850e-04 -9.04826541e-02
 -2.85607116e-01  0.00000000e+00  1.85604623e-05  0.00000000e+00]","[ 0.         -0.98261738  7.22601604 -0.3024624  -4.0605793  -0.50940442
 -0.59246272 -0.18175143]"
1748894235.633858,"[ 0.00000000e+00 -7.17279829e-02  3.76868853e-01  3.05050748e+00
 -2.55080073e+00  8.25579938e-05  9.60124567e-01  1.57105425e+00]","[ 0.00000000e+00 -5.88812517e-02 -4.78603240e-04 -8.75115816e-02
 -2.84952844e-01  0.00000000e+00  1.85464284e-05  0.00000000e+00]","[ 0.         -1.00614941  7.19098759 -0.33998442 -4.13450718 -0.51446688
 -0.59599578 -0.1642739 ]"
1748894235.6350238,"[ 0.00000000e+00 -7.17897682e-02  3.76869285e-01  3.05042306e+00
 -2.55107983e+00  8.25579938e-05  9.60124567e-01  1.57105425e+00]","[ 0.00000000e+00 -5.81782812e-02 -2.65943796e-04 -8.56209037e-02
 -2.83062166e-01  0.00000000e+00  1.85464284e-05  0.00000000e+00]","[ 0.         -1.03660214  7.15728712 -0.39560178 -4.18638897 -0.47146031
 -0.61420327 -0.16444057]"
1748894235.6362495,"[ 0.00000000e+00 -7.19021536e-02  3.76868387e-01  3.05024996e+00
 -2.55163776e+00  8.25579938e-05  9.60124567e-01  1.57105425e+00]","[ 0.00000000e+00 -5.72606640e-02 -1.33313595e-04 -8.42704147e-02
 -2.83602355e-01  0.00000000e+00  1.85604623e-05  0.00000000e+00]","[ 0.         -1.07525134  7.11726761 -0.49766824 -4.31575155 -0.45223171
 -0.62369519 -0.16604508]"
1748894235.637885,"[ 0.00000000e+00 -7.19596779e-02  3.76867921e-01  3.05016766e+00
 -2.55194029e+00  8.25579938e-05  9.60124567e-01  1.57105425e+00]","[ 0.00000000e+00 -5.82819447e-02 -1.90798181e-04 -8.34601230e-02
 -2.84872982e-01  0.00000000e+00  1.85464284e-05  0.00000000e+00]","[ 0.         -1.11859667  7.05784321 -0.53506786 -4.33277035 -0.46883717
 -0.64066005 -0.15841703]"
1748894235.6397092,"[ 0.00000000e+00 -7.20843139e-02  3.76866988e-01  3.05000148e+00
 -2.55250302e+00  8.25579938e-05  9.60124567e-01  1.57105425e+00]","[ 0.00000000e+00 -6.15822255e-02 -2.65519566e-04 -8.07474437e-02
 -2.86033222e-01  0.00000000e+00  1.85462435e-05  0.00000000e+00]","[ 0.         -1.20917618  6.98825932 -0.58643413 -4.35830402 -0.43871
 -0.63610154 -0.17132281]"
1748894235.6407394,"[ 0.00000000e+00 -7.21466318e-02  3.76866988e-01  3.04992159e+00
 -2.55280689e+00  8.25579938e-05  9.60124567e-01  1.57105425e+00]","[ 0.00000000e+00 -6.32028089e-02 -2.39349425e-04 -8.10292395e-02
 -2.86126798e-01  0.00000000e+00  1.85606472e-05  0.00000000e+00]","[ 0.         -1.25387311  6.97358561 -0.64727807 -4.3613143  -0.43293068
 -0.63765842 -0.17242169]"
1748894235.6425624,"[ 0.00000000e+00 -7.22760615e-02  3.76866556e-01  3.04976579e+00
 -2.55336801e+00  8.25579938e-05  9.60124567e-01  1.57105425e+00]","[ 0.00000000e+00 -6.36352689e-02 -1.86160649e-04 -7.78670436e-02
 -2.83602355e-01  0.00000000e+00  1.85464284e-05  0.00000000e+00]","[ 0.         -1.31589496  6.94727755 -0.76705509 -4.27940369 -0.41102853
 -0.6120739  -0.15371168]"
1748894235.6437852,"[ 0.00000000e+00 -7.23405100e-02  3.76866556e-01  3.04968457e+00
 -2.55364871e+00  8.25579938e-05  9.60124567e-01  1.57105425e+00]","[ 0.00000000e+00 -6.54299481e-02 -1.68311017e-04 -7.64843803e-02
 -2.84682733e-01  0.00000000e+00  1.85464284e-05  0.00000000e+00]","[ 0.         -1.34214997  6.92891216 -0.81736529 -4.22931194 -0.41155156
 -0.59344572 -0.15225811]"
1748894235.645482,"[ 0.00000000e+00 -7.24747333e-02  3.76866556e-01  3.04953437e+00
 -2.55423088e+00  8.25579938e-05  9.60124567e-01  1.57105425e+00]","[ 0.00000000e+00 -6.86047607e-02 -1.98726888e-04 -7.64375836e-02
 -2.84872982e-01 -1.05900569e-05  1.05819570e-05  0.00000000e+00]","[ 0.         -1.38126135  6.95880127 -0.87273204 -4.09703064 -0.41925353
 -0.59798843 -0.16186945]"
1748894235.6472175,"[ 0.00000000e+00 -7.25423776e-02  3.76866090e-01  3.04945367e+00
 -2.55451317e+00  8.25579938e-05  9.60124567e-01  1.57105425e+00]","[ 0.00000000e+00 -6.86047607e-02 -2.64969184e-04 -7.59113679e-02
 -2.86013248e-01 -1.05820616e-05  1.05820616e-05  0.00000000e+00]","[ 0.         -1.40214431  7.00830221 -0.90802318 -4.00185633 -0.42552674
 -0.58008194 -0.16470581]"
1748894235.6483822,"[ 0.00000000e+00 -7.26856556e-02  3.76865624e-01  3.04930347e+00
 -2.55510573e+00  8.25579938e-05  9.60124567e-01  1.57105425e+00]","[ 0.00000000e+00 -7.07655415e-02 -2.85746912e-04 -7.63601355e-02
 -2.89888347e-01 -1.05899522e-05  1.05899522e-05  0.00000000e+00]","[ 0.         -1.43716419  7.06827068 -0.93755573 -3.8189764  -0.40889591
 -0.56011099 -0.16802022]"
1748894235.6500597,"[ 0.00000000e+00 -7.27580936e-02  3.76865158e-01  3.04922624e+00
 -2.55539122e+00  8.25579938e-05  9.60124567e-01  1.57105425e+00]","[ 0.00000000e+00 -7.33920758e-02 -3.03623901e-04 -7.83282698e-02
 -2.89544500e-01 -1.05899522e-05  1.05819570e-05  0.00000000e+00]","[ 0.         -1.44640267  7.11291313 -0.90410757 -3.69833517 -0.40717927
 -0.54655403 -0.15476659]"
1748894235.6512759,"[ 0.00000000e+00 -7.29146875e-02  3.76865158e-01  3.04905686e+00
 -2.55596326e+00  8.36232582e-05  9.60124567e-01  1.57105425e+00]","[ 0.00000000e+00 -7.76650928e-02 -2.12769195e-04 -8.40003119e-02
 -2.90084689e-01  0.00000000e+00  1.05900569e-05  0.00000000e+00]","[ 0.         -1.45748758  7.18106079 -0.93563282 -3.50024438 -0.38240185
 -0.51398289 -0.15086681]"
1748894235.6530612,"[ 0.00000000e+00 -7.29929844e-02  3.76865158e-01  3.04897191e+00
 -2.55625035e+00  8.36232582e-05  9.60124567e-01  1.57105425e+00]","[ 0.00000000e+00 -7.94086560e-02 -1.76403343e-04 -8.61610926e-02
 -2.91165066e-01  0.00000000e+00  1.05900569e-05  0.00000000e+00]","[ 0.         -1.4351052   7.19065094 -0.90557438 -3.3627634  -0.39289805
 -0.52193552 -0.14660709]"
1748894235.6542094,"[ 0.00000000e+00 -7.31538394e-02  3.76865158e-01  3.04878788e+00
 -2.55684504e+00  8.36232582e-05  9.60125499e-01  1.57105425e+00]","[ 0.00000000e+00 -8.26498312e-02 -1.24107102e-04 -9.58846017e-02
 -2.90624878e-01  0.00000000e+00  1.85184257e-05  0.00000000e+00]","[ 0.         -1.41329277  7.31779242 -0.84344816 -3.16096115 -0.42167398
 -0.49011692 -0.15655307]"
1748894235.6607528,"[ 0.00000000e+00 -7.32427889e-02  3.76865158e-01  3.04868029e+00
 -2.55713292e+00  8.36232582e-05  9.60125499e-01  1.57105425e+00]","[ 0.00000000e+00 -8.37566660e-02 -1.24115368e-04 -1.01215152e-01
 -2.91975367e-01  0.00000000e+00  1.85324169e-05  0.00000000e+00]","[ 0.         -1.44154727  7.33970118 -0.81691569 -3.11060405 -0.46312869
 -0.46549076 -0.1605321 ]"
1748894235.6609578,"[ 0.00000000e+00 -7.34047091e-02  3.76865158e-01  3.04847097e+00
 -2.55773080e+00  8.36232582e-05  9.60126498e-01  1.57105425e+00]","[ 0.00000000e+00 -8.15694367e-02 -1.15919207e-04 -1.08038994e-01
 -2.91118827e-01  0.00000000e+00  2.91003827e-05  0.00000000e+00]","[ 0.         -1.34739017  7.42314339 -0.72694963 -2.99586487 -0.48383451
 -0.46950868 -0.17639938]"
1748894235.663308,"[ 0.00000000e+00 -7.38063138e-02  3.76866090e-01  3.04790930e+00
 -2.55919661e+00  8.25579938e-05  9.60126498e-01  1.57105425e+00]","[ 0.00000000e+00 -7.94086560e-02  0.00000000e+00 -1.13170839e-01
 -2.93568303e-01 -1.05819570e-05  2.91003827e-05  0.00000000e+00]","[ 0.         -1.12817299  7.83713961 -0.41971892 -2.95781446 -0.49256396
 -0.52158076 -0.17119461]"
1748894235.6682687,"[ 0.00000000e+00 -7.42127122e-02  3.76867455e-01  3.04732847e+00
 -2.56068105e+00  8.25579938e-05  9.60125499e-01  1.57105425e+00]","[ 0.00000000e+00 -7.88684671e-02  6.57408321e-05 -1.12595039e-01
 -2.97917511e-01 -1.05819570e-05  1.85184257e-05  0.00000000e+00]","[ 0.         -1.00437975  8.38631439 -0.1953999  -3.163486   -0.54387331
 -0.60026538 -0.18881612]"
1748894235.6716723,"[ 0.00000000e+00 -7.45179105e-02  3.76867921e-01  3.04691009e+00
 -2.56188267e+00  8.25579938e-05  9.60124567e-01  1.57105425e+00]","[ 0.00000000e+00 -7.29263222e-02  1.03254424e-04 -1.00056618e-01
 -3.00348378e-01 -1.05819570e-05  1.05820616e-05  0.00000000e+00]","[ 0.         -0.87488312  8.70304298 -0.0746278  -3.50422859 -0.55964649
 -0.65762568 -0.16755141]"
1748894235.6740756,"[ 0.00000000e+00 -7.47458771e-02  3.76868387e-01  3.04662513e+00
 -2.56280812e+00  8.25579938e-05  9.60124567e-01  1.57105425e+00]","[ 0.00000000e+00 -7.60903157e-02  1.31644146e-04 -9.58846017e-02
 -3.07943680e-01 -1.05819570e-05  1.85184257e-05  0.00000000e+00]","[ 0.         -0.88788831  8.84050655 -0.03566352 -3.73660183 -0.54505503
 -0.70073211 -0.1502741 ]"
1748894235.676402,"[ 0.00000000e+00 -7.49067320e-02  3.76868853e-01  3.04642859e+00
 -2.56342278e+00  8.25579938e-05  9.60123635e-01  1.57105425e+00]","[ 0.00000000e+00 -7.92428326e-02  1.47590278e-04 -9.53444128e-02
 -3.12243654e-01 -1.05819570e-05  0.00000000e+00  0.00000000e+00]","[ 0.         -0.93149579  8.95275211 -0.08753902 -3.79940438 -0.54692817
 -0.74204844 -0.17201389]"
1748894235.6787558,"[ 0.00000000e+00 -7.50681195e-02  3.76868853e-01  3.04624030e+00
 -2.56411493e+00  8.25579938e-05  9.60123635e-01  1.57105425e+00]","[ 0.00000000e+00 -8.26498312e-02  1.41635974e-04 -9.49779784e-02
 -3.14614566e-01 -1.05820616e-05  0.00000000e+00  0.00000000e+00]","[ 0.         -0.9638288   9.05784702 -0.11229828 -3.7377243  -0.55452681
 -0.74674195 -0.1840519 ]"
1748894235.680946,"[ 0.00000000e+00 -7.52327029e-02  3.76869285e-01  3.04604323e+00
 -2.56473385e+00  8.25579938e-05  9.60123635e-01  1.57105425e+00]","[ 0.00000000e+00 -8.31900202e-02  1.50185316e-04 -9.65458563e-02
 -3.14393457e-01 -1.05819570e-05  0.00000000e+00  0.00000000e+00]","[ 0.         -0.98389953  9.05302429 -0.16191803 -3.60847163 -0.53471684
 -0.71489704 -0.18676038]"
1748894235.6826015,"[ 0.00000000e+00 -7.54047431e-02  3.76869285e-01  3.04585414e+00
 -2.56538233e+00  8.25579938e-05  9.60124567e-01  1.57105425e+00]","[ 0.00000000e+00 -8.47246751e-02  1.45517989e-04 -9.66948934e-02
 -3.16824324e-01 -1.05819570e-05  0.00000000e+00  0.00000000e+00]","[ 0.         -1.01710665  8.98078251 -0.23115577 -3.41364408 -0.53093231
 -0.71443832 -0.16649343]"
1748894235.6861472,"[ 0.00000000e+00 -7.55762507e-02  3.76868853e-01  3.04565760e+00
 -2.56600578e+00  8.25579938e-05  9.60124567e-01  1.57105425e+00]","[ 0.00000000e+00 -8.64311954e-02  1.27328245e-04 -9.54529033e-02
 -3.15424034e-01 -1.05820616e-05  0.00000000e+00  0.00000000e+00]","[ 0.         -1.05651331  8.90198517 -0.29659113 -3.20219588 -0.49058062
 -0.67267698 -0.16492157]"
1748894235.687757,"[ 0.00000000e+00 -7.58468278e-02  3.76868853e-01  3.04536998e+00
 -2.56695626e+00  8.25579938e-05  9.60124567e-01  1.57105425e+00]","[ 0.00000000e+00 -9.07527485e-02  1.19001169e-04 -9.52920151e-02
 -3.11422401e-01 -1.05819570e-05  0.00000000e+00  0.00000000e+00]","[ 0.         -1.13206899  8.6356287  -0.33307475 -2.9865315  -0.45195964
 -0.5871383  -0.16093297]"
1748894235.6888757,"[ 0.00000000e+00 -7.59357774e-02  3.76868853e-01  3.04527783e+00
 -2.56726306e+00  8.25579938e-05  9.60125499e-01  1.57105425e+00]","[ 0.00000000e+00 -9.02125596e-02  1.18713201e-04 -9.34537265e-02
 -3.11152290e-01 -1.05819570e-05  1.05819570e-05  0.00000000e+00]","[ 0.         -1.10401475  8.55278683 -0.38951045 -2.89325905 -0.44357973
 -0.56994569 -0.14911489]"
1748894235.690594,"[ 0.00000000e+00 -7.61147419e-02  3.76868853e-01  3.04509275e+00
 -2.56789955e+00  8.25579938e-05  9.60125499e-01  1.57105425e+00]","[ 0.00000000e+00 -9.02125596e-02  1.15370409e-04 -9.37238210e-02
 -3.10071912e-01 -1.05820616e-05  0.00000000e+00  0.00000000e+00]","[ 0.         -1.10434353  8.3868618  -0.44888082 -2.81076217 -0.44521472
 -0.56574279 -0.14068235]"
1748894235.6918178,"[ 0.00000000e+00 -7.62127462e-02  3.76868853e-01  3.04499314e+00
 -2.56820395e+00  8.25579938e-05  9.60125499e-01  1.57105425e+00]","[ 0.00000000e+00 -9.22827928e-02  1.15370409e-04 -9.36991784e-02
 -3.08721423e-01 -1.05820616e-05  0.00000000e+00  0.00000000e+00]","[ 0.         -1.1072706   8.37211609 -0.45958266 -2.79693508 -0.43334562
 -0.56074804 -0.14705743]"
1748894235.6934953,"[ 0.00000000e+00 -7.63911780e-02  3.76868853e-01  3.04481391e+00
 -2.56850808e+00  8.25579938e-05  9.60125499e-01  1.57105425e+00]","[ 0.00000000e+00 -9.02125596e-02  9.57426324e-05 -9.04826541e-02
 -3.08451312e-01 -1.05899522e-05  0.00000000e+00  0.00000000e+00]","[ 0.         -1.11247444  8.30321884 -0.50379682 -2.75235915 -0.42355967
 -0.54765666 -0.16407278]"
1748894235.6947248,"[ 0.00000000e+00 -7.64811928e-02  3.76868853e-01  3.04472629e+00
 -2.56883272e+00  8.25579938e-05  9.60125499e-01  1.57105425e+00]","[ 0.00000000e+00 -9.12929458e-02  9.63982066e-05 -8.88620706e-02
 -3.05686751e-01 -1.05899522e-05  0.00000000e+00  0.00000000e+00]","[ 0.         -1.10325515  8.26349449 -0.53824461 -2.75447154 -0.43787521
 -0.55122304 -0.16476685]"
1748894235.696398,"[ 0.00000000e+00 -7.66681467e-02  3.76868853e-01  3.04454680e+00
 -2.56942687e+00  8.25579938e-05  9.60125499e-01  1.57105425e+00]","[ 0.00000000e+00 -9.07527485e-02  7.78383437e-05 -8.67658882e-02
 -3.00078300e-01 -1.05820616e-05  0.00000000e+00  0.00000000e+00]","[ 0.         -1.12543273  8.17956543 -0.57864356 -2.74843359 -0.43542808
 -0.53018081 -0.17641865]"
1748894235.697517,"[ 0.00000000e+00 -7.67565637e-02  3.76868853e-01  3.04446131e+00
 -2.56972169e+00  8.25579938e-05  9.60125499e-01  1.57105425e+00]","[ 0.00000000e+00 -8.95815069e-02  7.78406194e-05 -8.66134472e-02
 -2.98694955e-01 -1.05899522e-05  1.05820616e-05  0.00000000e+00]","[ 0.         -1.16285539  8.1748333  -0.59427363 -2.78850865 -0.42265233
 -0.53490037 -0.16252361]"
1748894235.6993225,"[ 0.00000000e+00 -7.69371260e-02  3.76868853e-01  3.04428048e+00
 -2.57033102e+00  8.36232582e-05  9.60125499e-01  1.57105425e+00]","[ 0.00000000e+00 -8.76863932e-02  6.80921844e-05 -8.90228007e-02
 -2.97647434e-01  0.00000000e+00  1.85046377e-05  0.00000000e+00]","[ 0.         -1.19331264  8.08059692 -0.60005575 -2.9524703  -0.38162065
 -0.56768078 -0.14747207]"
1748894235.7009943,"[ 0.00000000e+00 -7.70218145e-02  3.76868853e-01  3.04419127e+00
 -2.57062397e+00  8.36232582e-05  9.60125499e-01  1.57105425e+00]","[ 0.00000000e+00 -8.58909982e-02  5.29605888e-05 -9.04826541e-02
 -2.97107211e-01  0.00000000e+00  1.85044548e-05  0.00000000e+00]","[ 0.         -1.18647015  8.07425213 -0.62165445 -3.05732298 -0.39585117
 -0.58397216 -0.13793823]"
1748894235.702693,"[ 0.00000000e+00 -7.71890610e-02  3.76869285e-01  3.04400857e+00
 -2.57120746e+00  8.36232582e-05  9.60125499e-01  1.57105425e+00]","[ 0.00000000e+00 -8.42704147e-02  6.62368019e-05 -9.39939238e-02
 -2.95216533e-01  0.00000000e+00  1.85184257e-05  0.00000000e+00]","[ 0.         -1.18639421  8.06097794 -0.64525706 -3.32355642 -0.41491538
 -0.57876319 -0.1570155 ]"
1748894235.7039344,"[ 0.00000000e+00 -7.72806738e-02  3.76869285e-01  3.04391350e+00
 -2.57151985e+00  8.36232582e-05  9.60125499e-01  1.57105425e+00]","[ 0.00000000e+00 -8.62643484e-02  6.44798536e-05 -9.64247990e-02
 -2.94151402e-01  0.00000000e+00  1.85046377e-05  0.00000000e+00]","[ 0.         -1.17613769  8.0219059  -0.64138502 -3.47564054 -0.40839356
 -0.60217881 -0.17021035]"
1748894235.7055874,"[ 0.00000000e+00 -7.74527140e-02  3.76869285e-01  3.04371190e+00
 -2.57210255e+00  8.36232582e-05  9.60125499e-01  1.57105425e+00]","[ 0.00000000e+00 -8.68832670e-02  5.00473215e-05 -9.93958714e-02
 -2.95457083e-01  0.00000000e+00  1.85184257e-05  0.00000000e+00]","[ 0.         -1.20356357  8.08999634 -0.63131946 -3.72621489 -0.45997518
 -0.61161524 -0.17337361]"
1748894235.7072961,"[ 0.00000000e+00 -7.75374025e-02  3.76869752e-01  3.04361043e+00
 -2.57241654e+00  8.25579938e-05  9.60124567e-01  1.57105425e+00]","[ 0.00000000e+00 -8.58909982e-02  6.43482844e-05 -1.02907141e-01
 -2.95656022e-01 -1.05899522e-05  1.05819570e-05  0.00000000e+00]","[ 0.         -1.15260065  8.09947872 -0.57362968 -3.85603452 -0.457284
 -0.62429923 -0.17504317]"
1748894235.7084305,"[ 0.00000000e+00 -7.77158343e-02  3.76869752e-01  3.04339045e+00
 -2.57300670e+00  8.25579938e-05  9.60124567e-01  1.57105425e+00]","[ 0.00000000e+00 -8.69713844e-02  6.28136915e-05 -1.08582745e-01
 -3.00653310e-01 -1.05820616e-05  1.05739739e-05  0.00000000e+00]","[ 0.         -1.12911987  8.12578869 -0.5468998  -3.99979639 -0.48071951
 -0.67980552 -0.16323705]"
1748894235.7101305,"[ 0.00000000e+00 -7.78793524e-02  3.76870218e-01  3.04316781e+00
 -2.57360138e+00  8.25579938e-05  9.60124567e-01  1.57105425e+00]","[ 0.00000000e+00 -8.15694367e-02  6.62379032e-05 -1.13865650e-01
 -3.01428789e-01  0.00000000e+00  1.05819570e-05  0.00000000e+00]","[ 0.         -1.1308552   8.15429974 -0.51952988 -4.06282234 -0.49694428
 -0.70142043 -0.15625021]"
1748894235.7139323,"[ 0.00000000e+00 -7.79667041e-02  3.76870218e-01  3.04305569e+00
 -2.57392282e+00  8.25579938e-05  9.60124567e-01  1.57105425e+00]","[ 0.00000000e+00 -8.21746817e-02  5.96126276e-05 -1.13711036e-01
 -3.02677546e-01  0.00000000e+00  1.05740785e-05  0.00000000e+00]","[ 0.         -1.11575234  8.11618805 -0.52776468 -4.1282196  -0.51465505
 -0.68542498 -0.16342175]"
1748894235.7156224,"[ 0.00000000e+00 -7.82985339e-02  3.76869752e-01  3.04260722e+00
 -2.57513216e+00  8.25579938e-05  9.60124567e-01  1.57105425e+00]","[ 0.00000000e+00 -8.37566660e-02  3.23261922e-05 -1.08849286e-01
 -3.00137989e-01  0.00000000e+00  1.05740785e-05  0.00000000e+00]","[ 0.         -1.01786256  7.86976337 -0.41359586 -3.94540024 -0.53714365
 -0.62384862 -0.18806599]"
1748894235.716762,"[ 0.00000000e+00 -7.83832225e-02  3.76869752e-01  3.04249243e+00
 -2.57542937e+00  8.25579938e-05  9.60124567e-01  1.57105425e+00]","[ 0.00000000e+00 -8.58909982e-02  3.23261922e-05 -1.07979531e-01
 -3.01428789e-01  0.00000000e+00  1.05740785e-05  0.00000000e+00]","[ 0.         -0.99304044  7.81364298 -0.38509572 -3.85155439 -0.54482913
 -0.61395305 -0.18358585]"
1748894235.718449,"[ 0.00000000e+00 -7.85547300e-02  3.76869752e-01  3.04228471e+00
 -2.57602219e+00  8.25579938e-05  9.60125499e-01  1.57105425e+00]","[ 0.00000000e+00 -8.69713844e-02  1.89082304e-05 -1.03987527e-01
 -3.00348378e-01  0.00000000e+00  1.05819570e-05  0.00000000e+00]","[ 0.         -0.96332049  7.65042114 -0.36397535 -3.69060636 -0.5492841
 -0.59633231 -0.17277883]"
1748894235.720158,"[ 0.00000000e+00 -7.87283681e-02  3.76869752e-01  3.04207805e+00
 -2.57664031e+00  8.25579938e-05  9.60125499e-01  1.57105425e+00]","[ 0.00000000e+00 -8.42704147e-02  1.85091707e-05 -1.00307380e-01
 -3.01968978e-01  0.00000000e+00  0.00000000e+00  0.00000000e+00]","[ 0.         -0.95279139  7.62664413 -0.30752254 -3.57189536 -0.56013083
 -0.56412375 -0.15439458]"
1748894235.7218354,"[ 0.00000000e+00 -7.88114588e-02  3.76869752e-01  3.04198271e+00
 -2.57693726e+00  8.25579938e-05  9.60125499e-01  1.57105425e+00]","[ 0.00000000e+00 -8.42704147e-02  1.84766391e-05 -9.66948934e-02
 -3.00853547e-01  0.00000000e+00  0.00000000e+00  0.00000000e+00]","[ 0.         -0.943367    7.55509996 -0.2881574  -3.5132339  -0.56013083
 -0.56050533 -0.14960049]"
1748894235.723583,"[ 0.00000000e+00 -7.89781727e-02  3.76869752e-01  3.04179389e+00
 -2.57755085e+00  8.25579938e-05  9.60125499e-01  1.57105425e+00]","[ 0.00000000e+00 -8.02459039e-02  1.23394468e-05 -9.12797215e-02
 -2.99668307e-01  0.00000000e+00  0.00000000e+00  0.00000000e+00]","[ 0.         -0.93014628  7.53033066 -0.32483444 -3.39176774 -0.56841981
 -0.54766679 -0.16288795]"
1748894235.7247565,"[ 0.00000000e+00 -7.90575349e-02  3.76869752e-01  3.04170520e+00
 -2.57784433e+00  8.25579938e-05  9.60125499e-01  1.57105425e+00]","[ 0.00000000e+00 -8.04074995e-02  1.20638767e-05 -8.99424568e-02
 -2.97647434e-01  0.00000000e+00  0.00000000e+00  0.00000000e+00]","[ 0.         -0.93664223  7.50417328 -0.33612609 -3.3450675  -0.56153208
 -0.54354948 -0.16527404]"
1748894235.7265313,"[ 0.00000000e+00 -7.92178572e-02  3.76869752e-01  3.04153769e+00
 -2.57842916e+00  8.25579938e-05  9.60125499e-01  1.57105425e+00]","[ 0.00000000e+00 -8.15694367e-02  1.20431460e-05 -8.37302174e-02
 -2.96026833e-01  0.00000000e+00  0.00000000e+00  0.00000000e+00]","[ 0.         -0.92587847  7.4671731  -0.37472281 -3.32346678 -0.54318798
 -0.542436   -0.18314983]"
1748894235.7280254,"[ 0.00000000e+00 -7.93036109e-02  3.76869752e-01  3.04144874e+00
 -2.57874341e+00  8.25579938e-05  9.60125499e-01  1.57105425e+00]","[ 0.00000000e+00 -8.07474437e-02  1.80647179e-05 -8.37566660e-02
 -2.95906791e-01  0.00000000e+00  0.00000000e+00  0.00000000e+00]","[ 0.         -0.95146179  7.42266035 -0.39935106 -3.34414387 -0.52440262
 -0.53691638 -0.17639506]"
1748894235.7294745,"[ 0.00000000e+00 -7.94618027e-02  3.76869752e-01  3.04128229e+00
 -2.57932318e+00  8.25579938e-05  9.60125499e-01  1.57105425e+00]","[ 0.00000000e+00 -8.04890505e-02  1.76707663e-05 -8.41850271e-02
 -2.92785667e-01  0.00000000e+00  1.05740785e-05  0.00000000e+00]","[ 0.         -0.99757528  7.4396348  -0.44294327 -3.34623861 -0.50930655
 -0.53889328 -0.17465809]"
1748894235.7312405,"[ 0.00000000e+00 -7.95475565e-02  3.76869752e-01  3.04119974e+00
 -2.57961213e+00  8.25579938e-05  9.60125499e-01  1.57105425e+00]","[ 0.00000000e+00 -8.06714854e-02  1.72652271e-05 -8.37302174e-02
 -2.93055778e-01  0.00000000e+00  1.05739739e-05  0.00000000e+00]","[ 0.         -1.01601851  7.42600584 -0.45348352 -3.38003755 -0.51260418
 -0.53847075 -0.17002432]"
1748894235.7324193,"[ 0.00000000e+00 -7.97036177e-02  3.76869752e-01  3.04102210e+00
 -2.58020895e+00  8.25579938e-05  9.60125499e-01  1.57105425e+00]","[ 0.00000000e+00 -7.88684671e-02  1.69318931e-05 -8.80197294e-02
 -2.90084689e-01  0.00000000e+00  1.05739739e-05  0.00000000e+00]","[ 0.         -1.03790867  7.42598391 -0.48931655 -3.48226452 -0.4985646
 -0.56217122 -0.186537  ]"
1748894235.734147,"[ 0.00000000e+00 -7.97808494e-02  3.76869752e-01  3.04093289e+00
 -2.58049657e+00  8.25579938e-05  9.60125499e-01  1.57105425e+00]","[ 0.00000000e+00 -7.83282698e-02  1.69318931e-05 -9.04826541e-02
 -2.91705289e-01  0.00000000e+00  1.05739739e-05  0.00000000e+00]","[ 0.         -1.07942581  7.47974539 -0.53217793 -3.57041764 -0.48501214
 -0.56437045 -0.18121763]"
1748894235.735387,"[ 0.00000000e+00 -7.99470307e-02  3.76870218e-01  3.04074940e+00
 -2.58109765e+00  8.25579938e-05  9.60125499e-01  1.57105425e+00]","[ 0.00000000e+00 -8.17505150e-02  2.70459540e-05 -9.38986908e-02
 -2.94903712e-01  0.00000000e+00  1.05740785e-05  0.00000000e+00]","[ 0.         -1.03429103  7.53303671 -0.5486809  -3.71583796 -0.45234221
 -0.61131608 -0.16281049]"
1748894235.7371213,"[ 0.00000000e+00 -8.00285234e-02  3.76870218e-01  3.04064740e+00
 -2.58138820e+00  8.25579938e-05  9.60125499e-01  1.57105425e+00]","[ 0.00000000e+00 -8.25660831e-02  2.70459540e-05 -9.60443165e-02
 -2.94676344e-01  0.00000000e+00  1.05740785e-05  0.00000000e+00]","[ 0.         -1.05607462  7.56156492 -0.57368505 -3.75009513 -0.46515438
 -0.62322307 -0.14824505]"
1748894235.7382636,"[ 0.00000000e+00 -8.01925741e-02  3.76870218e-01  3.04045538e+00
 -2.58197276e+00  8.25579938e-05  9.60125499e-01  1.57105425e+00]","[ 0.00000000e+00 -8.37302174e-02  2.65149452e-05 -9.69649962e-02
 -2.97107211e-01  0.00000000e+00  1.05819570e-05  0.00000000e+00]","[ 0.         -1.03877723  7.66024113 -0.57809824 -3.89528203 -0.46897951
 -0.62764502 -0.14279795]"
1748894235.7400455,"[ 0.00000000e+00 -8.02825890e-02  3.76870684e-01  3.04036031e+00
 -2.58228861e+00  8.25579938e-05  9.60125499e-01  1.57105425e+00]","[ 0.00000000e+00 -8.47597373e-02  3.64061387e-05 -9.64247990e-02
 -2.97411378e-01  0.00000000e+00  1.05819570e-05  0.00000000e+00]","[ 0.         -1.05625927  7.66640139 -0.58879584 -3.95911384 -0.45058
 -0.63191164 -0.14695136]"
1748894235.7417655,"[ 0.00000000e+00 -8.04514334e-02  3.76870684e-01  3.04016004e+00
 -2.58287291e+00  8.25579938e-05  9.60124567e-01  1.57105425e+00]","[ 0.00000000e+00 -8.53508009e-02  3.57183640e-05 -9.78745489e-02
 -2.96296945e-01  0.00000000e+00  0.00000000e+00  0.00000000e+00]","[ 0.         -1.03452766  7.67755938 -0.60095125 -4.04373598 -0.43154293
 -0.64364511 -0.1524938 ]"
1748894235.7429004,"[ 0.00000000e+00 -8.05361219e-02  3.76870684e-01  3.04006337e+00
 -2.58316532e+00  8.25579938e-05  9.60124567e-01  1.57105425e+00]","[ 0.00000000e+00 -8.58039710e-02  3.50560929e-05 -9.79460465e-02
 -2.96567022e-01  0.00000000e+00  0.00000000e+00  0.00000000e+00]","[ 0.         -1.01064348  7.67252827 -0.60229051 -4.03361702 -0.42721355
 -0.64893782 -0.15391742]"
1748894235.7445943,"[ 0.00000000e+00 -8.07209453e-02  3.76870684e-01  3.03985431e+00
 -2.58377971e+00  8.25579938e-05  9.60124567e-01  1.57105425e+00]","[ 0.00000000e+00 -9.12929458e-02  3.50054028e-05 -1.03316602e-01
 -3.00348378e-01  0.00000000e+00  0.00000000e+00  0.00000000e+00]","[ 0.         -0.97866285  7.68410969 -0.55725449 -3.99617147 -0.42894164
 -0.66992521 -0.15793815]"
1748894235.745706,"[ 0.00000000e+00 -8.08125580e-02  3.76870684e-01  3.03975151e+00
 -2.58407586e+00  8.25579938e-05  9.60124567e-01  1.57105425e+00]","[ 0.00000000e+00 -9.29135292e-02  3.43690700e-05 -1.04257622e-01
 -3.00348378e-01  0.00000000e+00  0.00000000e+00  0.00000000e+00]","[ 0.         -0.95998055  7.67301035 -0.54404092 -3.99335432 -0.42111188
 -0.65680957 -0.16426283]"
1748894235.7541676,"[ 0.00000000e+00 -8.10064361e-02  3.76870684e-01  3.03954538e+00
 -2.58469291e+00  8.25579938e-05  9.60124567e-01  1.57105425e+00]","[ 0.00000000e+00 -9.56145072e-02  3.37096820e-05 -1.04797819e-01
 -3.00639062e-01  0.00000000e+00  0.00000000e+00  0.00000000e+00]","[ 0.         -0.90779775  7.6573348  -0.51094145 -3.88676476 -0.43930903
 -0.62094831 -0.15590651]"
1748894235.7584958,"[ 0.00000000e+00 -8.19145741e-02  3.76871150e-01  3.03850701e+00
 -2.58771826e+00  8.25579938e-05  9.60125499e-01  1.57105425e+00]","[ 0.00000000e+00 -8.58909982e-02  3.97922251e-05 -1.06688505e-01
 -3.01428789e-01 -1.05899522e-05 -1.05899522e-05  0.00000000e+00]","[ 0.         -0.56792325  7.53651524 -0.19084287 -3.33070779 -0.47183773
 -0.55161756 -0.14800349]"
1748894235.7620142,"[ 0.00000000e+00 -8.22325555e-02  3.76871150e-01  3.03807185e+00
 -2.58892041e+00  8.25579938e-05  9.60125499e-01  1.57105425e+00]","[ 0.00000000e+00 -7.50110197e-02  3.84843682e-05 -1.08038994e-01
 -3.00078300e-01 -1.05899522e-05 -1.05898466e-05  0.00000000e+00]","[ 0.         -0.5246591   7.48934269 -0.08614106 -3.25590611 -0.5181362
 -0.53849167 -0.17185372]"
1748894235.76501,"[ 0.00000000e+00 -8.24381515e-02  3.76871150e-01  3.03774988e+00
 -2.58982642e+00  8.25579938e-05  9.60125499e-01  1.57105425e+00]","[ 0.00000000e+00 -6.53635897e-02  3.78840029e-05 -1.04257622e-01
 -2.98414457e-01  0.00000000e+00 -1.05899522e-05  0.00000000e+00]","[ 0.         -0.46361709  7.54116201 -0.04083083 -3.28884101 -0.53103369
 -0.53767449 -0.19293022]"
1748894235.7679627,"[ 0.00000000e+00 -8.26341602e-02  3.76871582e-01  3.03743935e+00
 -2.59073270e+00  8.25579938e-05  9.60125499e-01  1.57105425e+00]","[ 0.00000000e+00 -6.41363343e-02  3.73020785e-05 -1.00746360e-01
 -2.97912917e-01  0.00000000e+00  0.00000000e+00  0.00000000e+00]","[ 0.         -0.45486301  7.64672089 -0.04021064 -3.29658985 -0.49757478
 -0.5748232  -0.17737621]"
1748894235.769739,"[ 0.00000000e+00 -8.27577309e-02  3.76872048e-01  3.03724468e+00
 -2.59132418e+00  8.25579938e-05  9.60125499e-01  1.57105425e+00]","[ 0.00000000e+00 -6.25991244e-02  4.08203599e-05 -9.77752879e-02
 -2.99808189e-01  0.00000000e+00  0.00000000e+00  0.00000000e+00]","[ 0.         -0.48193544  7.7124095  -0.06266476 -3.34671164 -0.50230402
 -0.59701425 -0.15587597]"
1748894235.7720942,"[ 0.00000000e+00 -8.28871605e-02  3.76872048e-01  3.03705266e+00
 -2.59193618e+00  8.25579938e-05  9.60125499e-01  1.57105425e+00]","[ 0.00000000e+00 -6.37430062e-02  4.01671304e-05 -9.12929458e-02
 -2.98384264e-01  0.00000000e+00  1.05979587e-05  0.00000000e+00]","[ 0.         -0.48576248  7.72598553 -0.10343472 -3.40989542 -0.48631436
 -0.60669428 -0.14053388]"
1748894235.776833,"[ 0.00000000e+00 -8.30107312e-02  3.76872048e-01  3.03687822e+00
 -2.59252394e+00  8.25579938e-05  9.60125499e-01  1.57105425e+00]","[ 0.00000000e+00 -6.20594764e-02  3.61504165e-05 -8.71530952e-02
 -2.97377322e-01  0.00000000e+00  1.05979587e-05  0.00000000e+00]","[ 0.         -0.50101322  7.75509071 -0.15836452 -3.48189259 -0.48346859
 -0.61233139 -0.16413148]"
1748894235.776985,"[ 0.00000000e+00 -8.31923588e-02  3.76872515e-01  3.03663028e+00
 -2.59342462e+00  8.25579938e-05  9.60125499e-01  1.57105425e+00]","[ 0.00000000e+00 -5.99616379e-02  3.89630147e-05 -8.02189477e-02
 -2.97160641e-01  0.00000000e+00  1.85464284e-05  0.00000000e+00]","[ 0.         -0.57828838  7.81201696 -0.20142405 -3.6345644  -0.47792667
 -0.65486526 -0.1840909 ]"
1748894235.7787385,"[ 0.00000000e+00 -8.33132663e-02  3.76872981e-01  3.03647502e+00
 -2.59401051e+00  8.25579938e-05  9.60125499e-01  1.57105425e+00]","[ 0.00000000e+00 -6.10420282e-02  3.90063862e-05 -7.77880725e-02
 -2.97647434e-01  0.00000000e+00  1.85464284e-05  0.00000000e+00]","[ 0.         -0.61826086  7.83041906 -0.26232159 -3.68921804 -0.47751424
 -0.6436376  -0.15560621]"
1748894235.780475,"[ 0.00000000e+00 -8.34389675e-02  3.76872981e-01  3.03631630e+00
 -2.59462384e+00  8.25579938e-05  9.60125499e-01  1.57105425e+00]","[ 0.00000000e+00 -6.15822255e-02  3.84089467e-05 -7.72478753e-02
 -2.99919077e-01  0.00000000e+00  1.85464284e-05  0.00000000e+00]","[ 0.         -0.67430049  7.82786942 -0.33989441 -3.69060564 -0.45494255
 -0.64241236 -0.14671437]"
1748894235.7822182,"[ 0.00000000e+00 -8.35604076e-02  3.76873447e-01  3.03616104e+00
 -2.59521586e+00  8.25579938e-05  9.60125499e-01  1.57105425e+00]","[ 0.00000000e+00 -6.32028089e-02  4.54936639e-05 -7.91385615e-02
 -3.00348378e-01  0.00000000e+00  1.05979587e-05  0.00000000e+00]","[ 0.         -0.69845867  7.83553886 -0.38644052 -3.64439034 -0.44582954
 -0.64742172 -0.15416063]"
1748894235.7833889,"[ 0.00000000e+00 -8.36280519e-02  3.76873447e-01  3.03607661e+00
 -2.59551200e+00  8.25579938e-05  9.60125499e-01  1.57105425e+00]","[ 0.00000000e+00 -6.36951900e-02  4.48639427e-05 -7.94936025e-02
 -3.00348378e-01  0.00000000e+00  1.05979587e-05  0.00000000e+00]","[ 0.         -0.70748758  7.84999609 -0.41344276 -3.55572009 -0.44598675
 -0.63736945 -0.15664175]"
1748894235.7850854,"[ 0.00000000e+00 -8.37542858e-02  3.76873447e-01  3.03591949e+00
 -2.59612187e+00  8.25579938e-05  9.60125499e-01  1.57105425e+00]","[ 0.00000000e+00 -6.37430062e-02  5.22847490e-05 -8.02189477e-02
 -2.97107211e-01  0.00000000e+00  1.05979587e-05  0.00000000e+00]","[ 0.         -0.72281402  7.84121656 -0.39669284 -3.38552737 -0.43928352
 -0.60782129 -0.15610583]"
1748894235.7868443,"[ 0.00000000e+00 -8.38208648e-02  3.76873447e-01  3.03582494e+00
 -2.59641428e+00  8.25579938e-05  9.60125499e-01  1.57105425e+00]","[ 0.00000000e+00 -6.26331380e-02  5.15716699e-05 -8.30775183e-02
 -2.96567022e-01  0.00000000e+00  1.05979587e-05  0.00000000e+00]","[ 0.         -0.7356053   7.832129   -0.4087674  -3.31588578 -0.45827237
 -0.59152359 -0.15920338]"
1748894235.7886345,"[ 0.00000000e+00 -8.39444355e-02  3.76873447e-01  3.03564625e+00
 -2.59700071e+00  8.25579938e-05  9.60125499e-01  1.57105425e+00]","[ 0.00000000e+00 -6.26626158e-02  5.08250738e-05 -8.85919761e-02
 -2.97107211e-01  0.00000000e+00  0.00000000e+00  0.00000000e+00]","[ 0.         -0.73627269  7.77907658 -0.38528359 -3.20811057 -0.46564099
 -0.54208332 -0.14329028]"
1748894235.7898104,"[ 0.00000000e+00 -8.40062208e-02  3.76873447e-01  3.03555570e+00
 -2.59731390e+00  8.25579938e-05  9.60125499e-01  1.57105425e+00]","[ 0.00000000e+00 -6.26626158e-02  5.08250738e-05 -9.18331430e-02
 -2.94903712e-01  0.00000000e+00  0.00000000e+00  0.00000000e+00]","[ 0.         -0.70856112  7.70948505 -0.34403056 -3.12884283 -0.47206905
 -0.53770941 -0.14565109]"
1748894235.7915204,"[ 0.00000000e+00 -8.41303241e-02  3.76873447e-01  3.03535756e+00
 -2.59789234e+00  8.25579938e-05  9.60125499e-01  1.57105425e+00]","[ 0.00000000e+00 -6.01844321e-02  5.02016390e-05 -9.75489276e-02
 -2.91949367e-01  0.00000000e+00  0.00000000e+00  0.00000000e+00]","[ 0.         -0.7126922   7.66106415 -0.32461679 -3.01546669 -0.5044111
 -0.54853404 -0.15845539]"
1748894235.7927046,"[ 0.00000000e+00 -8.41963705e-02  3.76873447e-01  3.03526009e+00
 -2.59817889e+00  8.25579938e-05  9.60125499e-01  1.57105425e+00]","[ 0.00000000e+00 -5.80372543e-02  4.95438907e-05 -9.87555143e-02
 -2.90624878e-01  0.00000000e+00  0.00000000e+00  0.00000000e+00]","[ 0.         -0.70402646  7.63026428 -0.30451313 -3.02083755 -0.50582349
 -0.53911144 -0.15717439]"
1748894235.794499,"[ 0.00000000e+00 -8.43151475e-02  3.76873879e-01  3.03506275e+00
 -2.59876719e+00  8.25579938e-05  9.60125499e-01  1.57105425e+00]","[ 0.00000000e+00 -5.81782812e-02  5.65652148e-05 -1.00476258e-01
 -2.87383711e-01  0.00000000e+00  0.00000000e+00  0.00000000e+00]","[ 0.         -0.68306506  7.60229492 -0.2639927  -3.0011723  -0.49634683
 -0.54049742 -0.14737177]"
1748894235.7956934,"[ 0.00000000e+00 -8.43726718e-02  3.76873879e-01  3.03495462e+00
 -2.59905108e+00  8.25579938e-05  9.60125499e-01  1.57105425e+00]","[ 0.00000000e+00 -5.82819447e-02  5.58343938e-05 -1.01811991e-01
 -2.87923900e-01  0.00000000e+00  0.00000000e+00  0.00000000e+00]","[ 0.         -0.66198426  7.61185026 -0.23925443 -3.04635429 -0.51585525
 -0.54632503 -0.14275928]"
1748894235.7974455,"[ 0.00000000e+00 -8.44855898e-02  3.76874345e-01  3.03475595e+00
 -2.59961753e+00  8.25579938e-05  9.60125499e-01  1.57105425e+00]","[ 0.00000000e+00 -5.67204709e-02  5.85098312e-05 -1.01016455e-01
 -2.86843522e-01  0.00000000e+00  0.00000000e+00  0.00000000e+00]","[ 0.         -0.63051867  7.68639421 -0.1882215  -3.09381366 -0.52367431
 -0.55295038 -0.15131749]"
1748894235.799207,"[ 0.00000000e+00 -8.45926489e-02  3.76875278e-01  3.03454849e+00
 -2.60020396e+00  8.25579938e-05  9.60125499e-01  1.57105425e+00]","[ 0.00000000e+00 -5.13185192e-02  7.14367280e-05 -1.01154939e-01
 -2.85493033e-01 -1.05979587e-05  0.00000000e+00  0.00000000e+00]","[ 0.         -0.58767283  7.78259945 -0.13882802 -3.10548472 -0.5464496
 -0.57305861 -0.16386957]"
1748894235.800896,"[ 0.00000000e+00 -8.46411184e-02  3.76875744e-01  3.03445022e+00
 -2.60048279e+00  8.25579938e-05  9.60125499e-01  1.57105425e+00]","[ 0.00000000e+00 -4.91079332e-02  7.39067108e-05 -9.95649904e-02
 -2.82792055e-01 -1.05979587e-05  0.00000000e+00  0.00000000e+00]","[ 0.         -0.58909988  7.81255913 -0.10164688 -3.11207151 -0.5375703
 -0.58421999 -0.16960083]"
1748894235.8026536,"[ 0.00000000e+00 -8.47380575e-02  3.76876176e-01  3.03425448e+00
 -2.60103700e+00  8.25579938e-05  9.60125499e-01  1.57105425e+00]","[ 0.00000000e+00 -4.61413964e-02  7.95596944e-05 -9.88556741e-02
 -2.80077128e-01 -1.06059783e-05  0.00000000e+00  0.00000000e+00]","[ 0.         -0.59611362  7.88926125 -0.04382765 -3.16727304 -0.53103608
 -0.58710974 -0.17211261]"
1748894235.8038507,"[ 0.00000000e+00 -8.47827986e-02  3.76876176e-01  3.03415301e+00
 -2.60133447e+00  8.20253616e-05  9.60125499e-01  1.57105425e+00]","[ 0.00000000e+00 -4.53763743e-02  7.85950625e-05 -9.55427850e-02
 -2.80372373e-01 -1.58970960e-05  0.00000000e+00  0.00000000e+00]","[ 0.         -0.57441306  7.89688587 -0.03479303 -3.24762058 -0.53405988
 -0.59258389 -0.17232302]"
1748894235.8055754,"[ 0.00000000e+00 -8.48690850e-02  3.76876176e-01  3.03406060e+00
 -2.60189107e+00  8.20253616e-05  9.60125499e-01  1.57105425e+00]","[ 0.00000000e+00 -4.31718095e-02  7.85940953e-05 -9.36288626e-02
 -2.83062166e-01 -1.58730919e-05  0.00000000e+00  0.00000000e+00]","[ 0.         -0.57786942  7.9261241  -0.01803173 -3.41010141 -0.54986215
 -0.61473095 -0.16436601]"
1748894235.8073237,"[ 0.00000000e+00 -8.49132935e-02  3.76876642e-01  3.03396979e+00
 -2.60217204e+00  8.20253616e-05  9.60125499e-01  1.57105425e+00]","[ 0.00000000e+00 -4.16275631e-02  8.40460578e-05 -9.21032375e-02
 -2.84952844e-01 -5.29897933e-06  1.05820616e-05  0.00000000e+00]","[ 0.         -0.58345407  7.94043684 -0.04363018 -3.48881745 -0.54897815
 -0.62435997 -0.15938182]"
1748894235.8085377,"[ 0.00000000e+00 -8.49979820e-02  3.76877109e-01  3.03378843e+00
 -2.60275900e+00  8.20253616e-05  9.60125499e-01  1.57105425e+00]","[ 0.00000000e+00 -4.32155977e-02  8.94417873e-05 -8.69713844e-02
 -2.86843522e-01 -5.29897933e-06  1.05820616e-05  0.00000000e+00]","[ 0.         -0.61343133  7.96410179 -0.02810879 -3.66032863 -0.53967798
 -0.65715021 -0.17183673]"
1748894235.8102498,"[ 0.00000000e+00 -8.50437884e-02  3.76877575e-01  3.03370480e+00
 -2.60304236e+00  8.20253616e-05  9.60125499e-01  1.57105425e+00]","[ 0.00000000e+00 -4.64567646e-02  9.15533633e-05 -8.48106036e-02
 -2.87383711e-01 -5.29103081e-06  1.05819570e-05  0.00000000e+00]","[ 0.         -0.62245291  7.98194504 -0.04187101 -3.71542931 -0.53347313
 -0.66142625 -0.18739939]"
1748894235.8114376,"[ 0.00000000e+00 -8.50922579e-02  3.76878041e-01  3.03353276e+00
 -2.60363864e+00  8.20253616e-05  9.60124567e-01  1.57105425e+00]","[ 0.00000000e+00 -4.91577426e-02  9.55477067e-05 -8.36778697e-02
 -2.92646783e-01 -5.29103081e-06  0.00000000e+00  0.00000000e+00]","[ 0.         -0.61318403  8.03214931 -0.04901708 -3.74377275 -0.54297477
 -0.67370951 -0.19973087]"
1748894235.8156297,"[ 0.00000000e+00 -8.52014475e-02  3.76878939e-01  3.03336951e+00
 -2.60421921e+00  8.20253616e-05  9.60124567e-01  1.57105425e+00]","[ 0.00000000e+00 -5.45044088e-02  1.03700899e-04 -8.25660831e-02
 -2.95756722e-01 -5.29097849e-06  0.00000000e+00  0.00000000e+00]","[ 0.         -0.63379264  8.08532524 -0.05603043 -3.6982286  -0.51868719
 -0.68469703 -0.17304327]"
1748894235.8172314,"[ 0.00000000e+00 -8.53729551e-02  3.76878939e-01  3.03311118e+00
 -2.60512868e+00  8.20253616e-05  9.60125499e-01  1.57105425e+00]","[ 0.00000000e+00 -5.81782812e-02  1.01323202e-04 -8.69713844e-02
 -3.00348378e-01 -5.29103081e-06  1.05819570e-05  0.00000000e+00]","[ 0.         -0.66592848  8.02982235 -0.09836065 -3.50435495 -0.51802391
 -0.63409591 -0.14765681]"
1748894235.8183396,"[ 0.00000000e+00 -8.54933299e-02  3.76878939e-01  3.03293648e+00
 -2.60572017e+00  8.20253616e-05  9.60125499e-01  1.57105425e+00]","[ 0.00000000e+00 -6.21224186e-02  1.00218568e-04 -8.90418589e-02
 -2.99808189e-01 -5.29097849e-06  0.00000000e+00  0.00000000e+00]","[ 0.         -0.65643084  7.91948986 -0.1001327  -3.28119159 -0.50544035
 -0.61472291 -0.16591558]"
1748894235.8200145,"[ 0.00000000e+00 -8.55545827e-02  3.76878939e-01  3.03284886e+00
 -2.60603842e+00  8.20253616e-05  9.60125499e-01  1.57105425e+00]","[ 0.00000000e+00 -6.20594764e-02  1.00133232e-04 -8.88620706e-02
 -2.99668307e-01 -5.29097849e-06  0.00000000e+00  0.00000000e+00]","[ 0.         -0.68690169  7.85555744 -0.13074486 -3.21982741 -0.50324827
 -0.61472291 -0.16930117]"
1748894235.821696,"[ 0.00000000e+00 -8.56797512e-02  3.76878473e-01  3.03266883e+00
 -2.60662804e+00  8.20253616e-05  9.60125499e-01  1.57105425e+00]","[ 0.00000000e+00 -6.10420282e-02  9.72709592e-05 -8.67012899e-02
 -2.99808189e-01 -5.29097849e-06  0.00000000e+00  0.00000000e+00]","[ 0.         -0.69463021  7.68615961 -0.16811043 -3.04840922 -0.4850581
 -0.56676316 -0.16834344]"
1748894235.8229275,"[ 0.00000000e+00 -8.57394060e-02  3.76878473e-01  3.03258441e+00
 -2.60694682e+00  8.20253616e-05  9.60125499e-01  1.57105425e+00]","[ 0.00000000e+00 -6.04405325e-02  9.62208928e-05 -8.56209037e-02
 -3.00169847e-01 -5.29497611e-06  0.00000000e+00  0.00000000e+00]","[ 0.         -0.69114006  7.59201813 -0.17840941 -2.9659121  -0.49422368
 -0.56223941 -0.1626271 ]"
1748894235.8246462,"[ 0.00000000e+00 -8.58683030e-02  3.76878473e-01  3.03241130e+00
 -2.60753777e+00  8.20253616e-05  9.60125499e-01  1.57105425e+00]","[ 0.00000000e+00 -6.36951900e-02  9.61398472e-05 -8.48106036e-02
 -3.00078300e-01 -5.29097849e-06  0.00000000e+00  0.00000000e+00]","[ 0.         -0.75313324  7.51598072 -0.20311566 -2.88430762 -0.4985106
 -0.52571929 -0.17145656]"
1748894235.8264482,"[ 0.00000000e+00 -8.59972000e-02  3.76878473e-01  3.03224832e+00
 -2.60812926e+00  8.20253616e-05  9.60125499e-01  1.57105425e+00]","[ 0.00000000e+00 -6.58370123e-02  8.94229970e-05 -8.22962633e-02
 -3.00078300e-01 -5.29097849e-06  0.00000000e+00  0.00000000e+00]","[ 0.         -0.76253307  7.42900276 -0.20547582 -2.80682182 -0.4791714
 -0.51954019 -0.16357778]"
1748894235.8282058,"[ 0.00000000e+00 -8.60627138e-02  3.76878473e-01  3.03216656e+00
 -2.60844645e+00  8.20253616e-05  9.60125499e-01  1.57105425e+00]","[ 0.00000000e+00 -6.64439800e-02  8.93494447e-05 -8.29199257e-02
 -2.98384264e-01 -5.29497611e-06  0.00000000e+00  0.00000000e+00]","[ 0.         -0.7557084   7.42313957 -0.21772839 -2.84066272 -0.47960585
 -0.53129858 -0.16174154]"
1748894235.829946,"[ 0.00000000e+00 -8.62054592e-02  3.76878473e-01  3.03199612e+00
 -2.60903367e+00  8.20253616e-05  9.60125499e-01  1.57105425e+00]","[ 0.00000000e+00 -7.07167057e-02  8.84070003e-05 -8.34601230e-02
 -2.97377322e-01 -5.29097849e-06  0.00000000e+00  0.00000000e+00]","[ 0.         -0.73177791  7.4049449  -0.2403581  -2.89368057 -0.46714038
 -0.53078061 -0.16554528]"
1748894235.831711,"[ 0.00000000e+00 -8.63476720e-02  3.76878473e-01  3.03183606e+00
 -2.60964167e+00  8.20253616e-05  9.60125499e-01  1.57105425e+00]","[ 0.00000000e+00 -7.13057304e-02  8.84060576e-05 -8.09471475e-02
 -2.96909871e-01 -5.29097849e-06  0.00000000e+00  0.00000000e+00]","[ 0.         -0.71932948  7.32487202 -0.23127209 -3.02002883 -0.48095593
 -0.52219898 -0.16237697]"
1748894235.8334682,"[ 0.00000000e+00 -8.64909501e-02  3.76878473e-01  3.03167334e+00
 -2.61022890e+00  8.20253616e-05  9.60125499e-01  1.57105425e+00]","[ 0.00000000e+00 -6.91449538e-02  8.18383519e-05 -7.91385615e-02
 -2.98155298e-01 -5.29097849e-06  0.00000000e+00  0.00000000e+00]","[ 0.         -0.72574419  7.32520533 -0.25771114 -3.18700266 -0.47763515
 -0.56691539 -0.16582337]"
1748894235.8351665,"[ 0.00000000e+00 -8.65585944e-02  3.76878939e-01  3.03159798e+00
 -2.61054528e+00  8.20253616e-05  9.60125499e-01  1.57105425e+00]","[ 0.00000000e+00 -6.86047607e-02  8.74119804e-05 -7.64375836e-02
 -2.97912917e-01 -5.29497611e-06  0.00000000e+00  0.00000000e+00]","[ 0.         -0.75492382  7.30333996 -0.28880805 -3.26584578 -0.4732962
 -0.57675207 -0.15820158]"
1748894235.836948,"[ 0.00000000e+00 -8.66949482e-02  3.76878939e-01  3.03144884e+00
 -2.61113278e+00  8.20253616e-05  9.60125499e-01  1.57105425e+00]","[ 0.00000000e+00 -6.57013367e-02  8.65079458e-05 -7.22213169e-02
 -2.98457700e-01 -5.29097849e-06  0.00000000e+00  0.00000000e+00]","[ 0.         -0.77795112  7.29455757 -0.32794225 -3.3621676  -0.43823895
 -0.60184604 -0.17200185]"
1748894235.8412561,"[ 0.00000000e+00 -8.68163884e-02  3.76878939e-01  3.03130556e+00
 -2.61172000e+00  8.20253616e-05  9.60125499e-01  1.57105425e+00]","[ 0.00000000e+00 -6.05018351e-02  8.56233111e-05 -7.25826079e-02
 -2.97615675e-01 -5.29497611e-06  0.00000000e+00  0.00000000e+00]","[ 0.         -0.84160501  7.32547092 -0.36826009 -3.45284915 -0.42422354
 -0.6098243  -0.16251943]"
1748894235.8428926,"[ 0.00000000e+00 -8.70512792e-02  3.76878939e-01  3.03100116e+00
 -2.61293787e+00  8.25579938e-05  9.60125499e-01  1.57105425e+00]","[ 0.00000000e+00 -5.72606640e-02  8.39072269e-05 -7.99488533e-02
 -3.06020445e-01  0.00000000e+00  1.05819570e-05  0.00000000e+00]","[ 0.         -0.93766874  7.29803085 -0.45216221 -3.58141565 -0.41941234
 -0.62104625 -0.16620837]"
1748894235.8447385,"[ 0.00000000e+00 -8.71588709e-02  3.76878939e-01  3.03083445e+00
 -2.61356930e+00  8.25579938e-05  9.60125499e-01  1.57105425e+00]","[ 0.00000000e+00 -5.34792999e-02  8.30112383e-05 -8.56209037e-02
 -3.08991501e-01  0.00000000e+00  1.05739739e-05  0.00000000e+00]","[ 0.         -0.95523703  7.31227207 -0.45735165 -3.58840728 -0.43677235
 -0.61987275 -0.17416205]"
1748894235.8458824,"[ 0.00000000e+00 -8.72147973e-02  3.76878939e-01  3.03074044e+00
 -2.61387264e+00  8.25579938e-05  9.60125499e-01  1.57105425e+00]","[ 0.00000000e+00 -5.26118376e-02  8.21963279e-05 -8.85212692e-02
 -3.07329322e-01  0.00000000e+00  1.05819570e-05  0.00000000e+00]","[ 0.         -0.97932982  7.29500961 -0.45187294 -3.55223775 -0.43545741
 -0.62626857 -0.16225535]"
1748894235.8476489,"[ 0.00000000e+00 -8.73159974e-02  3.76878939e-01  3.03055348e+00
 -2.61450514e+00  8.25579938e-05  9.60125499e-01  1.57105425e+00]","[ 0.00000000e+00 -5.07783261e-02  8.20721262e-05 -9.72350907e-02
 -3.09197497e-01  0.00000000e+00  1.05819570e-05  0.00000000e+00]","[ 0.         -0.99240637  7.2621913  -0.45628724 -3.45994425 -0.44523647
 -0.6267857  -0.16497006]"
1748894235.849476,"[ 0.00000000e+00 -8.74166649e-02  3.76878939e-01  3.03034735e+00
 -2.61511766e+00  8.25579938e-05  9.60125499e-01  1.57105425e+00]","[ 0.00000000e+00 -4.81475432e-02  8.20721262e-05 -1.01907956e-01
 -3.10341990e-01  0.00000000e+00  1.05819570e-05  0.00000000e+00]","[ 0.         -0.98772669  7.19797945 -0.44439781 -3.27183151 -0.44350931
 -0.59744275 -0.16289647]"
1748894235.851248,"[ 0.00000000e+00 -8.74630039e-02  3.76878939e-01  3.03024296e+00
 -2.61542393e+00  8.25579938e-05  9.60125499e-01  1.57105425e+00]","[ 0.00000000e+00 -4.69969619e-02  8.20721262e-05 -1.05770938e-01
 -3.10612101e-01  0.00000000e+00  1.05819570e-05  0.00000000e+00]","[ 0.         -0.97135305  7.2012291  -0.40028334 -3.13417864 -0.42582023
 -0.58906496 -0.1737628 ]"
1748894235.8524513,"[ 0.00000000e+00 -8.75530187e-02  3.76878939e-01  3.03003097e+00
 -2.61605669e+00  8.25579938e-05  9.60125499e-01  1.57105425e+00]","[ 0.00000000e+00 -4.36337140e-02  7.67771511e-05 -1.08038994e-01
 -3.07911123e-01  0.00000000e+00  1.05900569e-05  0.00000000e+00]","[ 0.         -1.02564073  7.11952353 -0.42748651 -2.95148158 -0.47110698
 -0.52890795 -0.15846734]"
1748894235.854207,"[ 0.00000000e+00 -8.76393052e-02  3.76878939e-01  3.02980673e+00
 -2.61668627e+00  8.25579938e-05  9.60126498e-01  1.57105425e+00]","[ 0.00000000e+00 -4.42959881e-02  7.68351964e-05 -1.10469869e-01
 -3.07442141e-01  0.00000000e+00  1.05819570e-05  0.00000000e+00]","[ 0.         -1.00500739  7.03067589 -0.40462935 -2.8168931  -0.46567497
 -0.50610769 -0.15753563]"
1748894235.8559544,"[ 0.00000000e+00 -8.76840463e-02  3.76878939e-01  3.02969834e+00
 -2.61698880e+00  8.25579938e-05  9.60126498e-01  1.57105425e+00]","[ 0.00000000e+00 -4.53763743e-02  7.67771511e-05 -1.09818294e-01
 -3.06830745e-01  0.00000000e+00  1.05819570e-05  0.00000000e+00]","[ 0.         -0.9954015   7.03231716 -0.34196392 -2.81764412 -0.45364925
 -0.50238568 -0.15631966]"
1748894235.8577096,"[ 0.00000000e+00 -8.77804527e-02  3.76878939e-01  3.02948263e+00
 -2.61759760e+00  8.25579938e-05  9.60126498e-01  1.57105425e+00]","[ 0.00000000e+00 -4.76460075e-02  7.67779151e-05 -1.09818294e-01
 -3.08948258e-01  0.00000000e+00  1.05820616e-05  0.00000000e+00]","[ 0.         -0.98554307  7.09192562 -0.29153711 -2.76941395 -0.44552326
 -0.52613157 -0.15514413]"
1748894235.858816,"[ 0.00000000e+00 -8.78278570e-02  3.76878939e-01  3.02936838e+00
 -2.61790173e+00  8.25579938e-05  9.60126498e-01  1.57105425e+00]","[ 0.00000000e+00 -4.80286372e-02  7.67771511e-05 -1.07579666e-01
 -3.08764467e-01  0.00000000e+00  1.05820616e-05  0.00000000e+00]","[ 0.         -0.96918112  7.13096952 -0.27457625 -2.74424171 -0.44245806
 -0.53584284 -0.16476208]"
1748894235.8605943,"[ 0.00000000e+00 -8.79221329e-02  3.76879405e-01  3.02916571e+00
 -2.61853157e+00  8.25579938e-05  9.60126498e-01  1.57105425e+00]","[ 0.00000000e+00 -4.75371550e-02  8.20721262e-05 -1.01556652e-01
 -3.06290523e-01  0.00000000e+00  1.05739739e-05  0.00000000e+00]","[ 0.         -0.93825155  7.22160482 -0.25933909 -2.73458481 -0.46314058
 -0.53356439 -0.16062419]"
1748894235.8623254,"[ 0.00000000e+00 -8.79727329e-02  3.76879405e-01  3.02906797e+00
 -2.61883331e+00  8.25579938e-05  9.60126498e-01  1.57105425e+00]","[ 0.00000000e+00 -4.76460075e-02  8.20721262e-05 -9.91257769e-02
 -3.06020445e-01  0.00000000e+00  1.05819570e-05  0.00000000e+00]","[ 0.         -0.91436583  7.30185699 -0.23342256 -2.75135732 -0.44913465
 -0.53746754 -0.1613729 ]"
1748894235.8635206,"[ 0.00000000e+00 -8.80712699e-02  3.76879872e-01  3.02887543e+00
 -2.61950203e+00  8.25579938e-05  9.60126498e-01  1.57105425e+00]","[ 0.00000000e+00 -5.07268771e-02  8.73671094e-05 -9.17400989e-02
 -3.02779278e-01  0.00000000e+00  1.05820616e-05  0.00000000e+00]","[ 0.         -0.90039349  7.42863703 -0.23242006 -2.76878691 -0.44761878
 -0.54166907 -0.15945625]"
1748894235.865245,"[ 0.00000000e+00 -8.81751332e-02  3.76880770e-01  3.02869886e+00
 -2.62010070e+00  8.25579938e-05  9.60126498e-01  1.57105425e+00]","[ 0.00000000e+00 -5.06552298e-02  9.53095680e-05 -8.88620706e-02
 -3.03589578e-01  0.00000000e+00  1.05820616e-05  0.00000000e+00]","[ 0.         -0.85063499  7.49261904 -0.21295094 -2.83762956 -0.44784418
 -0.55516297 -0.15600418]"
1748894235.8669229,"[ 0.00000000e+00 -8.82246680e-02  3.76880770e-01  3.02860645e+00
 -2.62042295e+00  8.25579938e-05  9.60126498e-01  1.57105425e+00]","[ 0.00000000e+00 -5.02381288e-02  9.53095680e-05 -8.70166581e-02
 -3.03144398e-01  0.00000000e+00  1.05819570e-05  0.00000000e+00]","[ 0.         -0.85162276  7.53162718 -0.21236312 -2.88423848 -0.4541145
 -0.55693394 -0.16619785]"
1748894235.8686893,"[ 0.00000000e+00 -8.83242702e-02  3.76881236e-01  3.02843973e+00
 -2.62102136e+00  8.25579938e-05  9.60126498e-01  1.57105425e+00]","[ 0.00000000e+00 -5.07783261e-02  9.53105108e-05 -8.36453791e-02
 -3.03589578e-01  0.00000000e+00  1.05819570e-05  0.00000000e+00]","[ 0.         -0.86137903  7.62732553 -0.21497484 -2.99891829 -0.44538814
 -0.58040017 -0.16282347]"
1748894235.870407,"[ 0.00000000e+00 -8.84345251e-02  3.76881702e-01  3.02826769e+00
 -2.62162243e+00  8.25579938e-05  9.60125499e-01  1.57105425e+00]","[ 0.00000000e+00 -5.50998833e-02  9.53095680e-05 -8.37566660e-02
 -3.04669956e-01  0.00000000e+00  0.00000000e+00  0.00000000e+00]","[ 0.         -0.86723602  7.70928574 -0.24608479 -3.10992432 -0.43147632
 -0.60133612 -0.16441295]"
1748894235.8721771,"[ 0.00000000e+00 -8.84915167e-02  3.76882169e-01  3.02818673e+00
 -2.62194628e+00  8.25579938e-05  9.60125499e-01  1.57105425e+00]","[ 0.00000000e+00 -5.78008613e-02  1.00604543e-04 -8.21096340e-02
 -3.04934442e-01  0.00000000e+00  0.00000000e+00  0.00000000e+00]","[ 0.         -0.84498268  7.73403311 -0.28318569 -3.06930828 -0.41887441
 -0.61772829 -0.16059835]"
1748894235.8734205,"[ 0.00000000e+00 -8.86086958e-02  3.76883067e-01  3.02802428e+00
 -2.62255055e+00  8.25579938e-05  9.60125499e-01  1.57105425e+00]","[ 0.00000000e+00 -5.94214448e-02  1.08547010e-04 -8.31900202e-02
 -3.06560634e-01  0.00000000e+00  0.00000000e+00  0.00000000e+00]","[ 0.         -0.79783612  7.84909487 -0.28387392 -3.07657957 -0.41004303
 -0.63601708 -0.15842983]"
1748894235.875162,"[ 0.00000000e+00 -8.86736769e-02  3.76883999e-01  3.02793373e+00
 -2.62285255e+00  8.25579938e-05  9.60125499e-01  1.57105425e+00]","[ 0.00000000e+00 -6.11875034e-02  1.19136960e-04 -8.52612771e-02
 -3.05980198e-01  0.00000000e+00  0.00000000e+00  0.00000000e+00]","[ 0.         -0.80237591  7.93149281 -0.30161035 -3.07269764 -0.40090686
 -0.64549595 -0.15066414]"
1748894235.876382,"[ 0.00000000e+00 -8.88015087e-02  3.76885364e-01  3.02776196e+00
 -2.62348132e+00  8.25579938e-05  9.60125499e-01  1.57105425e+00]","[ 0.00000000e+00 -6.63766561e-02  1.26983484e-04 -8.75115816e-02
 -3.07100823e-01  0.00000000e+00  0.00000000e+00  0.00000000e+00]","[ 0.         -0.74477738  8.08226967 -0.27661321 -2.99802327 -0.41068909
 -0.6406883  -0.1556019 ]"
1748894235.878153,"[ 0.00000000e+00 -8.88680877e-02  3.76885830e-01  3.02767434e+00
 -2.62378332e+00  8.25579938e-05  9.60125499e-01  1.57105425e+00]","[ 0.00000000e+00 -6.75243704e-02  1.32374402e-04 -8.88620706e-02
 -3.06290523e-01  0.00000000e+00  0.00000000e+00  0.00000000e+00]","[ 0.         -0.70819706  8.08495903 -0.27213261 -2.91132116 -0.40902555
 -0.65535778 -0.15688798]"
1748894235.8793347,"[ 0.00000000e+00 -8.90049742e-02  3.76886296e-01  3.02748739e+00
 -2.62408453e+00  8.25579938e-05  9.60125499e-01  1.57105425e+00]","[ 0.00000000e+00 -6.69841731e-02  1.32374402e-04 -9.12797215e-02
 -3.05170730e-01  0.00000000e+00  0.00000000e+00  0.00000000e+00]","[ 0.         -0.69290394  8.14321136 -0.27023274 -2.914675   -0.41319412
 -0.65000242 -0.16277695]"
1748894235.881097,"[ 0.00000000e+00 -8.91344038e-02  3.76886762e-01  3.02730842e+00
 -2.62470904e+00  8.25579938e-05  9.60125499e-01  1.57105425e+00]","[ 0.00000000e+00 -6.59037828e-02  1.37670734e-04 -9.06608029e-02
 -3.04399845e-01  0.00000000e+00  0.00000000e+00  0.00000000e+00]","[ 0.         -0.66118151  8.12479591 -0.27189234 -2.8552146  -0.41462961
 -0.62861842 -0.16353731]"
1748894235.8822796,"[ 0.00000000e+00 -8.92036460e-02  3.76886762e-01  3.02721867e+00
 -2.62500864e+00  8.25579938e-05  9.60125499e-01  1.57105425e+00]","[ 0.00000000e+00 -6.51998011e-02  1.37670734e-04 -9.10228513e-02
 -3.03859656e-01  0.00000000e+00  0.00000000e+00  0.00000000e+00]","[ 0.         -0.65100956  8.0718565  -0.27482733 -2.78208256 -0.41080847
 -0.62699419 -0.16391589]"
1748894235.8840604,"[ 0.00000000e+00 -8.92680945e-02  3.76886762e-01  3.02712280e+00
 -2.62533142e+00  8.25579938e-05  9.60125499e-01  1.57105425e+00]","[ 0.00000000e+00 -6.53635897e-02  1.32374402e-04 -9.02766419e-02
 -3.03931362e-01  0.00000000e+00  0.00000000e+00  0.00000000e+00]","[ 0.         -0.66663581  8.04545784 -0.28260854 -2.77004385 -0.38766822
 -0.61668688 -0.15805191]"
1748894235.8852603,"[ 0.00000000e+00 -8.93937957e-02  3.76887195e-01  3.02694916e+00
 -2.62593143e+00  8.25579938e-05  9.60125499e-01  1.57105425e+00]","[ 0.00000000e+00 -6.32028089e-02  1.37669385e-04 -8.75115816e-02
 -3.04631074e-01  0.00000000e+00  0.00000000e+00  0.00000000e+00]","[ 0.         -0.68152159  8.03384113 -0.26880109 -2.73134041 -0.36313286
 -0.60600334 -0.16248891]"
1748894235.8870597,"[ 0.00000000e+00 -8.94619726e-02  3.76887661e-01  3.02686208e+00
 -2.62623077e+00  8.25579938e-05  9.60125499e-01  1.57105425e+00]","[ 0.00000000e+00 -6.41967256e-02  1.40318258e-04 -8.83218733e-02
 -3.03897773e-01  0.00000000e+00  0.00000000e+00  0.00000000e+00]","[ 0.         -0.68288511  8.0278368  -0.25851431 -2.66540575 -0.34411949
 -0.60843199 -0.16763923]"
1748894235.8887708,"[ 0.00000000e+00 -8.95951307e-02  3.76888127e-01  3.02668098e+00
 -2.62684995e+00  8.25579938e-05  9.60125499e-01  1.57105425e+00]","[ 0.00000000e+00 -6.86047607e-02  1.45501913e-04 -8.80517789e-02
 -3.02426776e-01  0.00000000e+00  0.00000000e+00  0.00000000e+00]","[ 0.         -0.64845723  8.02139282 -0.25180057 -2.5592916  -0.35968456
 -0.60339653 -0.17698184]"
1748894235.889862,"[ 0.00000000e+00 -8.96633076e-02  3.76888593e-01  3.02659523e+00
 -2.62714477e+00  8.25579938e-05  9.60125499e-01  1.57105425e+00]","[ 0.00000000e+00 -6.91449538e-02  1.50906827e-04 -8.69713844e-02
 -2.98997889e-01  0.00000000e+00  0.00000000e+00  0.00000000e+00]","[ 0.         -0.62948281  8.02463055 -0.24089739 -2.53802872 -0.36298513
 -0.58866304 -0.17422737]"
1748894235.891489,"[ 0.00000000e+00 -8.98017920e-02  3.76889492e-01  3.02641520e+00
 -2.62775436e+00  8.25579938e-05  9.60125499e-01  1.57105425e+00]","[ 0.00000000e+00 -6.75243704e-02  1.58849285e-04 -8.82704993e-02
 -2.97411378e-01  0.00000000e+00  0.00000000e+00  0.00000000e+00]","[ 0.         -0.63959515  8.02247143 -0.22459584 -2.45756531 -0.38480002
 -0.56282091 -0.1690536 ]"
1748894235.8932827,"[ 0.00000000e+00 -8.98673057e-02  3.76889492e-01  3.02632944e+00
 -2.62804838e+00  8.25579938e-05  9.60125499e-01  1.57105425e+00]","[ 0.00000000e+00 -6.64439800e-02  1.58730919e-04 -8.69713844e-02
 -2.97885487e-01  0.00000000e+00  0.00000000e+00  0.00000000e+00]","[ 0.         -0.63993901  8.01967621 -0.21421984 -2.43430066 -0.3972922
 -0.54666102 -0.16899349]"
1748894235.8944807,"[ 0.00000000e+00 -9.00009964e-02  3.76889492e-01  3.02615953e+00
 -2.62863054e+00  8.25579938e-05  9.60125499e-01  1.57105425e+00]","[ 0.00000000e+00 -6.51998011e-02  1.58850846e-04 -8.57078226e-02
 -2.94136156e-01  0.00000000e+00  0.00000000e+00  0.00000000e+00]","[ 0.         -0.65241385  7.97924662 -0.21576907 -2.38103127 -0.38247833
 -0.56275153 -0.1746577 ]"
1748894235.896123,"[ 0.00000000e+00 -9.00627817e-02  3.76889958e-01  3.02606845e+00
 -2.62891976e+00  8.25579938e-05  9.60125499e-01  1.57105425e+00]","[ 0.00000000e+00 -6.26626158e-02  1.58849285e-04 -8.56821314e-02
 -2.93325855e-01  0.00000000e+00  0.00000000e+00  0.00000000e+00]","[ 0.         -0.68858165  7.9593482  -0.20788613 -2.40594125 -0.36220723
 -0.56080019 -0.17141312]"
1748894235.8973458,"[ 0.00000000e+00 -9.01804935e-02  3.76890424e-01  3.02590147e+00
 -2.62951365e+00  8.36232582e-05  9.60125499e-01  1.57105425e+00]","[ 0.00000000e+00 -5.88812517e-02  1.58729359e-04 -8.42704147e-02
 -2.88734200e-01  1.05819570e-05  0.00000000e+00  0.00000000e+00]","[ 0.         -0.75042355  7.90240526 -0.2413891  -2.44477344 -0.34421366
 -0.56804168 -0.14916031]"
1748894235.8991022,"[ 0.00000000e+00 -9.02401483e-02  3.76890424e-01  3.02581039e+00
 -2.62979594e+00  8.36232582e-05  9.60125499e-01  1.57105425e+00]","[ 0.00000000e+00 -6.05018351e-02  1.58849285e-04 -8.57628169e-02
 -2.86013248e-01  1.05820616e-05  0.00000000e+00  0.00000000e+00]","[ 0.         -0.77383935  7.85636377 -0.2549496  -2.49480438 -0.3409014
 -0.5657202  -0.14499719]"
1748894235.9007769,"[ 0.00000000e+00 -9.03669147e-02  3.76890424e-01  3.02563649e+00
 -2.63038344e+00  8.36232582e-05  9.60125499e-01  1.57105425e+00]","[ 0.00000000e+00 -6.21224186e-02  1.50905315e-04 -8.87720308e-02
 -2.87383711e-01  1.05820616e-05  0.00000000e+00  0.00000000e+00]","[ 0.         -0.81040692  7.79093885 -0.2389946  -2.63537717 -0.3301909
 -0.57910776 -0.14359584]"
1748894235.9019933,"[ 0.00000000e+00 -9.04963444e-02  3.76891356e-01  3.02545140e+00
 -2.63094962e+00  8.36232582e-05  9.60125499e-01  1.57105425e+00]","[ 0.00000000e+00 -6.31342034e-02  1.56083866e-04 -9.12797215e-02
 -2.87113633e-01  1.05819570e-05  0.00000000e+00  0.00000000e+00]","[ 0.         -0.85531908  7.82483625 -0.27484831 -2.76275516 -0.35558516
 -0.61036026 -0.14710054]"
1748894235.9048333,"[ 0.00000000e+00 -9.05591950e-02  3.76891789e-01  3.02535766e+00
 -2.63123325e+00  8.36232582e-05  9.60125499e-01  1.57105425e+00]","[ 0.00000000e+00 -6.37430062e-02  1.56201794e-04 -9.50743100e-02
 -2.87653822e-01  1.05819570e-05  0.00000000e+00  0.00000000e+00]","[ 0.         -0.84424424  7.85011864 -0.26037502 -2.82694983 -0.3710472
 -0.61732632 -0.15071429]"
1748894235.905948,"[ 0.00000000e+00 -9.06886246e-02  3.76893653e-01  3.02516617e+00
 -2.63181702e+00  8.36232582e-05  9.60125499e-01  1.57105425e+00]","[ 0.00000000e+00 -6.59037828e-02  1.74602296e-04 -9.77752879e-02
 -2.83854656e-01  1.58730919e-05  0.00000000e+00  0.00000000e+00]","[ 0.         -0.85557777  7.88775635 -0.22912914 -2.87536716 -0.38151339
 -0.64361298 -0.17850059]"
1748894235.9076536,"[ 0.00000000e+00 -9.08239132e-02  3.76894552e-01  3.02496324e+00
 -2.63237175e+00  8.36232582e-05  9.60124567e-01  1.57105425e+00]","[ 0.00000000e+00 -6.56395306e-02  1.78229992e-04 -9.91257769e-02
 -2.80901377e-01  1.58611183e-05 -1.05978530e-05  0.00000000e+00]","[ 0.         -0.8594963   7.92580366 -0.18570125 -2.89908624 -0.37939483
 -0.64523727 -0.1961759 ]"
1748894235.9099426,"[ 0.00000000e+00 -9.09512123e-02  3.76895018e-01  3.02477256e+00
 -2.63294327e+00  8.36232582e-05  9.60124567e-01  1.57105425e+00]","[ 0.00000000e+00 -6.42831993e-02  1.74572696e-04 -9.56145072e-02
 -2.78470493e-01  1.58729355e-05 -1.05978530e-05  0.00000000e+00]","[ 0.         -0.85666454  7.8894825  -0.20903935 -2.93906498 -0.35337079
 -0.65222943 -0.17844309]"
1748894235.911651,"[ 0.00000000e+00 -9.10833051e-02  3.76895018e-01  3.02458348e+00
 -2.63349241e+00  8.36232582e-05  9.60124567e-01  1.57105425e+00]","[ 0.00000000e+00 -6.46982613e-02  1.67426472e-04 -9.20320229e-02
 -2.77930304e-01  1.58849283e-05 -1.05979587e-05  0.00000000e+00]","[ 0.         -0.91079336  7.79589558 -0.22605827 -2.97265124 -0.33635044
 -0.643727   -0.17203863]"
1748894235.9133725,"[ 0.00000000e+00 -9.11477536e-02  3.76895018e-01  3.02449453e+00
 -2.63378775e+00  8.36232582e-05  9.60124567e-01  1.57105425e+00]","[ 0.00000000e+00 -6.53635897e-02  1.62027264e-04 -9.01211549e-02
 -2.77840606e-01  1.58967790e-05  0.00000000e+00  0.00000000e+00]","[ 0.         -0.92727983  7.76765347 -0.2177811  -3.00167298 -0.34662029
 -0.64081573 -0.16669276]"
1748894235.9145575,"[ 0.00000000e+00 -9.12755853e-02  3.76895018e-01  3.02432169e+00
 -2.63432997e+00  8.36232582e-05  9.60124567e-01  1.57105425e+00]","[ 0.00000000e+00 -6.48233924e-02  1.62025622e-04 -8.72414871e-02
 -2.74689137e-01  1.58970960e-05  0.00000000e+00  0.00000000e+00]","[ 0.         -0.94894522  7.7145133  -0.23822355 -3.05073023 -0.34245691
 -0.63933223 -0.15298977]"
1748894235.9162388,"[ 0.00000000e+00 -9.14092760e-02  3.76895484e-01  3.02414485e+00
 -2.63489270e+00  8.36232582e-05  9.60124567e-01  1.57105425e+00]","[ 0.00000000e+00 -6.57013367e-02  1.64020327e-04 -8.61610926e-02
 -2.75093006e-01  1.58969375e-05  0.00000000e+00  0.00000000e+00]","[ 0.         -0.97105396  7.64856529 -0.25121832 -3.09646797 -0.34910303
 -0.63880765 -0.16157514]"
1748894235.9180038,"[ 0.00000000e+00 -9.14747898e-02  3.76895950e-01  3.02406336e+00
 -2.63516168e+00  8.36232582e-05  9.60124567e-01  1.57105425e+00]","[ 0.00000000e+00 -6.64439800e-02  1.69312986e-04 -8.26498312e-02
 -2.72522057e-01  1.58969375e-05 -1.05979587e-05  0.00000000e+00]","[ 0.         -0.97975117  7.65175343 -0.2599445  -3.09680247 -0.35048884
 -0.63776994 -0.17166707]"
1748894235.9197662,"[ 0.00000000e+00 -9.16036868e-02  3.76896383e-01  3.02389931e+00
 -2.63570124e+00  8.36232582e-05  9.60124567e-01  1.57105425e+00]","[ 0.00000000e+00 -6.47577163e-02  1.74600541e-04 -7.89177522e-02
 -2.74419043e-01  1.58970960e-05 -1.05979587e-05  0.00000000e+00]","[ 0.         -0.97220677  7.70841217 -0.2886216  -3.04479098 -0.34840646
 -0.64390212 -0.16790874]"
1748894235.9208717,"[ 0.00000000e+00 -9.16718637e-02  3.76896849e-01  3.02382394e+00
 -2.63599179e+00  8.36232582e-05  9.60124567e-01  1.57105425e+00]","[ 0.00000000e+00 -6.41967256e-02  1.84484974e-04 -7.64375836e-02
 -2.73588386e-01  1.58969375e-05 -1.05979587e-05  0.00000000e+00]","[ 0.         -0.97007549  7.74929762 -0.29958585 -3.00577497 -0.34064424
 -0.62998927 -0.17546414]"
1748894235.9226117,"[ 0.00000000e+00 -9.17996954e-02  3.76897781e-01  3.02368359e+00
 -2.63652602e+00  8.36232582e-05  9.60124567e-01  1.57105425e+00]","[ 0.00000000e+00 -6.48233924e-02  2.15987891e-04 -6.88748552e-02
 -2.70097482e-01  1.58969375e-05 -1.05979587e-05  0.00000000e+00]","[ 0.         -1.01330101  7.75867176 -0.37460679 -2.89890409 -0.31905273
 -0.60838169 -0.17924315]"
1748894235.924374,"[ 0.00000000e+00 -9.18689376e-02  3.76897781e-01  3.02361329e+00
 -2.63678994e+00  8.46885227e-05  9.60124567e-01  1.57105425e+00]","[ 0.00000000e+00 -6.51998011e-02  2.34700905e-04 -6.62028724e-02
 -2.67666598e-01  2.64748795e-05 -1.05979587e-05  0.00000000e+00]","[ 0.         -1.02755249  7.73169374 -0.42552391 -2.81682301 -0.33501858
 -0.60754216 -0.16026379]"
1748894235.925537,"[ 0.00000000e+00 -9.19930409e-02  3.76898214e-01  3.02348732e+00
 -2.63733136e+00  8.46885227e-05  9.60124567e-01  1.57105425e+00]","[ 0.00000000e+00 -6.25991244e-02  2.80533722e-04 -6.34729076e-02
 -2.63342024e-01  2.64948971e-05 -1.05979587e-05  0.00000000e+00]","[ 0.         -1.05163956  7.70319319 -0.51216155 -2.72083855 -0.28551191
 -0.5998016  -0.14530943]"
1748894235.9272778,"[ 0.00000000e+00 -9.20548262e-02  3.76898214e-01  3.02342580e+00
 -2.63758809e+00  8.46885227e-05  9.60124567e-01  1.57105425e+00]","[ 0.00000000e+00 -6.26626158e-02  2.94682481e-04 -6.23925172e-02
 -2.60110161e-01  2.64948971e-05 -1.05979587e-05  0.00000000e+00]","[ 0.         -1.04270315  7.70840931 -0.50736517 -2.68006921 -0.26225483
 -0.59336919 -0.15381984]"
1748894235.928361,"[ 0.00000000e+00 -9.21853211e-02  3.76898680e-01  3.02330063e+00
 -2.63811566e+00  8.57537871e-05  9.60124567e-01  1.57105425e+00]","[ 0.00000000e+00 -6.41967256e-02  2.92168440e-04 -6.07719338e-02
 -2.57288442e-01  3.70928568e-05 -1.05979587e-05  0.00000000e+00]","[ 0.         -1.02617109  7.71314621 -0.56316179 -2.52617621 -0.26428065
 -0.59486771 -0.14404738]"
1748894235.9319756,"[ 0.00000000e+00 -9.23094244e-02  3.76900078e-01  3.02317599e+00
 -2.63861660e+00  8.68190515e-05  9.60124567e-01  1.57105425e+00]","[ 0.00000000e+00 -6.21224186e-02  3.00780118e-04 -6.42180684e-02
 -2.52811236e-01  4.76912879e-05 -1.05979587e-05  0.00000000e+00]","[ 0.         -1.05839896  7.77248669 -0.57310015 -2.46802711 -0.24313617
 -0.59652412 -0.15533401]"
1748894235.933498,"[ 0.00000000e+00 -9.24915847e-02  3.76901909e-01  3.02296774e+00
 -2.63937560e+00  8.68190515e-05  9.60124567e-01  1.57105425e+00]","[ 0.00000000e+00 -5.99616379e-02  2.88281271e-04 -7.07655415e-02
 -2.49029880e-01  4.76908124e-05 -1.05979587e-05  0.00000000e+00]","[ 0.         -1.04585612  7.78430653 -0.6488598  -2.43123174 -0.22037223
 -0.62673622 -0.14996624]"
1748894235.9350948,"[ 0.00000000e+00 -9.25496416e-02  3.76902375e-01  3.02289743e+00
 -2.63961821e+00  8.73516838e-05  9.60124567e-01  1.57105425e+00]","[ 0.00000000e+00 -5.88812517e-02  2.92544572e-04 -7.13057304e-02
 -2.46058807e-01  5.29897943e-05 -1.05979587e-05  0.00000000e+00]","[ 0.         -1.06428277  7.80749083 -0.66363269 -2.49995208 -0.22200604
 -0.61920571 -0.15058209]"
1748894235.9362862,"[ 0.00000000e+00 -9.26684186e-02  3.76902808e-01  3.02274083e+00
 -2.64010025e+00  8.73516838e-05  9.60124567e-01  1.57105425e+00]","[ 0.00000000e+00 -5.76767455e-02  2.87680922e-04 -7.78114917e-02
 -2.43875265e-01  5.29897943e-05 -1.05979587e-05  0.00000000e+00]","[ 0.         -1.08906651  7.76598692 -0.65496486 -2.58829021 -0.22046106
 -0.6148845  -0.15617007]"
1748894235.937979,"[ 0.00000000e+00 -9.27248776e-02  3.76902808e-01  3.02266094e+00
 -2.64035910e+00  8.73516838e-05  9.60124567e-01  1.57105425e+00]","[ 0.00000000e+00 -5.72606640e-02  2.82971659e-04 -8.09471475e-02
 -2.43517652e-01  5.29903226e-05 -1.05979587e-05  0.00000000e+00]","[ 0.         -1.08029282  7.76784039 -0.65453124 -2.59453034 -0.20873326
 -0.62846065 -0.15548643]"
1748894235.9396706,"[ 0.00000000e+00 -9.28404588e-02  3.76903274e-01  3.02249609e+00
 -2.64083714e+00  8.84169482e-05  9.60124567e-01  1.57105425e+00]","[ 0.00000000e+00 -5.99008845e-02  2.82610351e-04 -8.48106036e-02
 -2.42547529e-01  6.36365057e-05 -1.05979587e-05  0.00000000e+00]","[ 0.         -1.07757676  7.74226093 -0.62019205 -2.65777206 -0.18213999
 -0.64091522 -0.13388029]"
1748894235.9407635,"[ 0.00000000e+00 -9.29017115e-02  3.76903740e-01  3.02241060e+00
 -2.64107683e+00  8.84169482e-05  9.60124567e-01  1.57105425e+00]","[ 0.00000000e+00 -6.21224186e-02  2.86753822e-04 -8.67012899e-02
 -2.43087735e-01  5.82887721e-05 -1.06060839e-05  0.00000000e+00]","[ 0.         -1.04450011  7.73329687 -0.59759492 -2.69127488 -0.19095971
 -0.64595532 -0.13678223]"
1748894235.9424822,"[ 0.00000000e+00 -9.30354022e-02  3.76904672e-01  3.02222818e+00
 -2.64157697e+00  8.84169482e-05  9.60124567e-01  1.57105425e+00]","[ 0.00000000e+00 -6.59037828e-02  3.00780118e-04 -8.99424568e-02
 -2.44438224e-01  5.82887721e-05 -1.05979587e-05  0.00000000e+00]","[ 0.         -0.9978863   7.7677331  -0.46940404 -2.59211183 -0.19080772
 -0.65478653 -0.13159405]"
1748894235.9442358,"[ 0.00000000e+00 -9.31014485e-02  3.76905105e-01  3.02213923e+00
 -2.64181719e+00  8.84169482e-05  9.60124567e-01  1.57105425e+00]","[ 0.00000000e+00 -6.69841731e-02  3.06257609e-04 -9.01211549e-02
 -2.43381082e-01  5.82887721e-05 -1.05979587e-05  0.00000000e+00]","[ 0.         -0.94828039  7.78830767 -0.44234759 -2.5295825  -0.1839471
 -0.65312982 -0.16270381]"
1748894235.945437,"[ 0.00000000e+00 -9.32415308e-02  3.76906037e-01  3.02194641e+00
 -2.64229336e+00  8.84169482e-05  9.60124567e-01  1.57105425e+00]","[ 0.00000000e+00 -6.91469845e-02  3.08621359e-04 -9.50412452e-02
 -2.40926946e-01  5.82881910e-05 -1.05979587e-05  0.00000000e+00]","[ 0.         -0.79331267  7.7549181  -0.3104178  -2.3833015  -0.25104728
 -0.6285941  -0.17514412]"
1748894235.9471748,"[ 0.00000000e+00 -9.33113056e-02  3.76906503e-01  3.02185187e+00
 -2.64255009e+00  8.84169482e-05  9.60124567e-01  1.57105425e+00]","[ 0.00000000e+00 -7.07655415e-02  3.08197210e-04 -9.58846017e-02
 -2.41740791e-01  5.82887721e-05 -1.05980643e-05  0.00000000e+00]","[ 0.         -0.74407953  7.70762062 -0.24693805 -2.30980706 -0.27884272
 -0.62275201 -0.15834975]"
1748894235.9484258,"[ 0.00000000e+00 -9.34481921e-02  3.76906969e-01  3.02165932e+00
 -2.64301880e+00  8.84169482e-05  9.60124567e-01  1.57105425e+00]","[ 0.00000000e+00 -6.86047607e-02  3.24051211e-04 -9.83154852e-02
 -2.36365667e-01  5.82887721e-05 -1.06059783e-05  0.00000000e+00]","[ 0.         -0.64601386  7.62651062 -0.15738337 -2.196419   -0.32417417
 -0.6026203  -0.17717972]"
1748894235.9501445,"[ 0.00000000e+00 -9.35206301e-02  3.76906969e-01  3.02155519e+00
 -2.64325130e+00  8.84169482e-05  9.60124567e-01  1.57105425e+00]","[ 0.00000000e+00 -6.82090192e-02  3.20055429e-04 -9.79582305e-02
 -2.35795101e-01  5.82887721e-05 -1.05979587e-05  0.00000000e+00]","[ 0.         -0.58629936  7.59073973 -0.08948892 -2.13532853 -0.30544639
 -0.58946979 -0.18726499]"
1748894235.951368,"[ 0.00000000e+00 -9.36559187e-02  3.76906969e-01  3.02136318e+00
 -2.64373519e+00  8.84169482e-05  9.60124567e-01  1.57105425e+00]","[ 0.00000000e+00 -6.91449538e-02  3.10047867e-04 -9.69649962e-02
 -2.37145590e-01  5.82893532e-05 -1.05979587e-05  0.00000000e+00]","[ 0.         -0.48626563  7.46666098 -0.02808536 -2.04448414 -0.2855016
 -0.58506846 -0.19640797]"
1748894235.9530394,"[ 0.00000000e+00 -9.37246282e-02  3.76906969e-01  3.02126944e+00
 -2.64396929e+00  8.84169482e-05  9.60124567e-01  1.57105425e+00]","[ 0.00000000e+00 -6.96145440e-02  3.10047867e-04 -9.50743100e-02
 -2.37415685e-01  5.82887721e-05 -1.05979587e-05  0.00000000e+00]","[ 0.         -0.4360708   7.45051098  0.03597344 -2.05030823 -0.31791371
 -0.5558812  -0.18845911]"
1748894235.954276,"[ 0.00000000e+00 -9.38700368e-02  3.76907402e-01  3.02107769e+00
 -2.64445372e+00  8.84169482e-05  9.60124567e-01  1.57105425e+00]","[ 0.00000000e+00 -7.13057304e-02  3.14237307e-04 -9.25495667e-02
 -2.35751142e-01  5.82887721e-05 -1.85464284e-05  0.00000000e+00]","[ 0.         -0.34897029  7.39495134  0.12185007 -1.91277361 -0.29643559
 -0.54427397 -0.15374544]"
1748894235.9560397,"[ 0.00000000e+00 -9.39414096e-02  3.76907402e-01  3.02098847e+00
 -2.64468568e+00  8.84169482e-05  9.60124567e-01  1.57105425e+00]","[ 0.00000000e+00 -7.23861249e-02  3.08202802e-04 -9.04826541e-02
 -2.35254896e-01  5.83328791e-05 -1.85464284e-05  0.00000000e+00]","[ 0.         -0.32413366  7.39092398  0.13902734 -1.87668073 -0.27841517
 -0.54633099 -0.16338217]"
1748894235.9606986,"[ 0.00000000e+00 -9.40900139e-02  3.76907868e-01  3.02080631e+00
 -2.64514640e+00  8.84169482e-05  9.60125499e-01  1.57105425e+00]","[ 0.00000000e+00 -7.60903157e-02  3.03213374e-04 -8.85212692e-02
 -2.32553934e-01  5.82881910e-05 -1.05979587e-05  0.00000000e+00]","[ 0.         -0.2012592   7.39879084  0.20542789 -1.79097962 -0.31476787
 -0.54271245 -0.1900575 ]"
1748894235.9627836,"[ 0.00000000e+00 -9.44569975e-02  3.76910165e-01  3.02037781e+00
 -2.64629875e+00  8.84169482e-05  9.60125499e-01  1.57105425e+00]","[ 0.00000000e+00 -6.92120946e-02  2.84257499e-04 -8.36778697e-02
 -2.25190077e-01  5.82887721e-05 -1.05979587e-05  0.00000000e+00]","[ 0.         -0.1039193   7.49484634  0.2765249  -1.75001693 -0.31129879
 -0.5571503  -0.17711318]"
1748894235.9639235,"[ 0.00000000e+00 -9.45230439e-02  3.76910631e-01  3.02029658e+00
 -2.64651846e+00  8.84169482e-05  9.60125499e-01  1.57105425e+00]","[ 0.00000000e+00 -6.69841731e-02  2.83868655e-04 -8.23797284e-02
 -2.22830417e-01  5.82887721e-05 -1.05979587e-05  0.00000000e+00]","[ 0.         -0.10191999  7.50433397  0.23776267 -1.79151046 -0.27896884
 -0.56307399 -0.16551781]"
1748894235.9655912,"[ 0.00000000e+00 -9.46482125e-02  3.76911530e-01  3.02013014e+00
 -2.64695735e+00  8.94822126e-05  9.60124567e-01  1.57105425e+00]","[ 0.00000000e+00 -6.26626158e-02  2.88286343e-04 -8.09982136e-02
 -2.22560322e-01  6.88867318e-05 -1.85464284e-05  0.00000000e+00]","[ 0.         -0.11242282  7.55991554  0.15786846 -1.87751591 -0.24333589
 -0.60325366 -0.17942315]"
1748894235.9672227,"[ 0.00000000e+00 -9.47137263e-02  3.76911530e-01  3.02004998e+00
 -2.64719198e+00  8.94822126e-05  9.60124567e-01  1.57105425e+00]","[ 0.00000000e+00 -6.16890390e-02  2.83038173e-04 -8.12993422e-02
 -2.20927006e-01  6.88867318e-05 -1.85466133e-05  0.00000000e+00]","[ 0.         -0.13010183  7.60405636  0.13576426 -1.96878624 -0.21486495
 -0.60929769 -0.20728499]"
1748894235.9684157,"[ 0.00000000e+00 -9.48341012e-02  3.76912928e-01  3.01988912e+00
 -2.64762314e+00  9.05474771e-05  9.60124567e-01  1.57105425e+00]","[ 0.00000000e+00 -6.04405325e-02  3.01165971e-04 -8.15694367e-02
 -2.17208168e-01  7.95448377e-05 -1.85604623e-05  0.00000000e+00]","[ 0.         -0.09033032  7.63966608  0.07760554 -2.09176683 -0.15829615
 -0.64236671 -0.17568472]"
1748894235.9701834,"[ 0.00000000e+00 -9.48964191e-02  3.76913394e-01  3.01980789e+00
 -2.64783753e+00  9.05474771e-05  9.60124567e-01  1.57105425e+00]","[ 0.00000000e+00 -5.87351273e-02  3.20829183e-04 -8.23797284e-02
 -2.17428461e-01  7.94846874e-05 -1.05979587e-05  0.00000000e+00]","[ 0.         -0.09278822  7.63581657  0.04878026 -2.15584087 -0.15388161
 -0.65276855 -0.18066597]"
1748894235.9714136,"[ 0.00000000e+00 -9.50040108e-02  3.76915225e-01  3.01963799e+00
 -2.64828254e+00  9.05474771e-05  9.60124567e-01  1.57105425e+00]","[ 0.00000000e+00 -5.34792999e-02  3.57006594e-04 -8.29199257e-02
 -2.16888272e-01  7.94838990e-05 -1.05979587e-05  0.00000000e+00]","[ 0.         -0.11479936  7.69019508 -0.0089428  -2.27556539 -0.16445275
 -0.65481466 -0.18389027]"
1748894235.9731636,"[ 0.00000000e+00 -9.50551435e-02  3.76916124e-01  3.01955756e+00
 -2.64849746e+00  9.05474771e-05  9.60124567e-01  1.57105425e+00]","[ 0.00000000e+00 -5.18587164e-02  3.80861619e-04 -8.15694367e-02
 -2.17968666e-01  7.95448377e-05 -1.06059783e-05  0.00000000e+00]","[ 0.         -0.1179183   7.72063398 -0.03285166 -2.31894231 -0.13818814
 -0.6526621  -0.18118508]"
1748894235.9747796,"[ 0.00000000e+00 -9.51563436e-02  3.76918421e-01  3.01938365e+00
 -2.64894700e+00  9.16127415e-05  9.60124567e-01  1.57105425e+00]","[ 0.00000000e+00 -4.86175453e-02  4.15971198e-04 -7.88190238e-02
 -2.20174713e-01  8.99466322e-05 -1.05820616e-05  0.00000000e+00]","[ 0.         -0.17103249  7.79430246 -0.08817431 -2.3850944  -0.10010073
 -0.67592627 -0.17790581]"
1748894235.9759486,"[ 0.00000000e+00 -9.52026826e-02  3.76919353e-01  3.01931894e+00
 -2.64916458e+00  9.21453737e-05  9.60124567e-01  1.57105425e+00]","[ 0.00000000e+00 -4.69969619e-02  4.13775261e-04 -7.75027648e-02
 -2.20669644e-01  9.53095680e-05 -1.05819570e-05  0.00000000e+00]","[ 0.         -0.18074611  7.78434563 -0.14188452 -2.34740949 -0.11232553
 -0.67508399 -0.16158907]"
1748894235.9776373,"[ 0.00000000e+00 -9.52942954e-02  3.76921650e-01  3.01917193e+00
 -2.64960081e+00  9.32106382e-05  9.60124567e-01  1.57105425e+00]","[ 0.00000000e+00 -3.99583936e-02  4.69441342e-04 -7.26562194e-02
 -2.21209833e-01  1.05819570e-04 -1.05819570e-05  0.00000000e+00]","[ 0.         -0.25285938  7.77154875 -0.24596407 -2.24467659 -0.07126224
 -0.64480668 -0.15435205]"
1748894235.9792848,"[ 0.00000000e+00 -9.53257207e-02  3.76922582e-01  3.01910136e+00
 -2.64983357e+00  9.32106382e-05  9.60124567e-01  1.57105425e+00]","[ 0.00000000e+00 -3.76350893e-02  4.94345539e-04 -7.15758332e-02
 -2.19171633e-01  1.05820618e-04 -1.05820616e-05  0.00000000e+00]","[ 0.         -0.29419044  7.76882696 -0.26846015 -2.17504239 -0.04037483
 -0.62663198 -0.17311175]"
1748894235.9804356,"[ 0.00000000e+00 -9.54018871e-02  3.76923481e-01  3.01894503e+00
 -2.65025887e+00  9.53411670e-05  9.60124567e-01  1.57105425e+00]","[ 0.00000000e+00 -3.46351361e-02  4.99289064e-04 -7.04954387e-02
 -2.14509936e-01  1.26983484e-04 -1.05900569e-05  0.00000000e+00]","[ 0.         -0.38396662  7.67014503 -0.35536247 -2.03667021 -0.01883174
 -0.5867579  -0.15690716]"
1748894235.9821084,"[ 0.00000000e+00 -9.54338450e-02  3.76923947e-01  3.01888724e+00
 -2.65047113e+00  9.58737992e-05  9.60124567e-01  1.57105425e+00]","[ 0.00000000e+00 -3.51186101e-02  4.99274435e-04 -6.92102928e-02
 -2.15267688e-01  1.32274460e-04 -1.06059783e-05  0.00000000e+00]","[ 0.00000000e+00 -4.08383638e-01  7.63628149e+00 -3.90605986e-01
 -1.99453652e+00 -7.06555881e-03 -5.74364185e-01 -1.53200254e-01]"
1748894235.9837303,"[ 0.00000000e+00 -9.55105441e-02  3.76923947e-01  3.01873890e+00
 -2.65090229e+00  9.69390637e-05  9.60124567e-01  1.57105425e+00]","[ 0.00000000e+00 -3.65073030e-02  4.99274435e-04 -6.69080816e-02
 -2.09391657e-01  1.42856421e-04 -1.05820616e-05  0.00000000e+00]","[ 0.         -0.46839976  7.50110388 -0.42973173 -1.85793388  0.01418269
 -0.57752889 -0.14117037]"
1748894235.9848614,"[ 0.00000000e+00 -9.55462304e-02  3.76923947e-01  3.01867339e+00
 -2.65110736e+00  9.69390637e-05  9.60124567e-01  1.57105425e+00]","[ 0.00000000e+00 -3.61930625e-02  4.98165413e-04 -6.64439800e-02
 -2.07975055e-01  1.42856421e-04 -1.05899522e-05  0.00000000e+00]","[ 0.         -0.49199161  7.47395611 -0.44210508 -1.79480886  0.02883831
 -0.57059169 -0.14754531]"
1748894235.9866438,"[ 0.00000000e+00 -9.56181358e-02  3.76923947e-01  3.01854156e+00
 -2.65153213e+00  9.80043281e-05  9.60124567e-01  1.57105425e+00]","[ 0.00000000e+00 -3.45724769e-02  4.99289064e-04 -6.61738814e-02
 -2.07887054e-01  1.53438374e-04 -1.05819570e-05  0.00000000e+00]","[ 0.         -0.514714    7.39480019 -0.48413432 -1.72270286  0.01848477
 -0.57300538 -0.14421806]"
1748894235.988386,"[ 0.00000000e+00 -9.56809864e-02  3.76924413e-01  3.01841187e+00
 -2.65193773e+00  9.80043281e-05  9.60124567e-01  1.57105425e+00]","[ 0.00000000e+00 -3.13313079e-02  4.99274435e-04 -6.20594764e-02
 -2.05003982e-01  1.53439886e-04 -1.05899522e-05  0.00000000e+00]","[ 0.00000000e+00 -5.45251131e-01  7.36436987e+00 -4.98069257e-01
 -1.63482952e+00  2.66132806e-03 -5.38608491e-01 -1.52605325e-01]"
1748894235.9895475,"[ 0.00000000e+00 -9.57102812e-02  3.76924413e-01  3.01835194e+00
 -2.65213800e+00  9.90695926e-05  9.60124567e-01  1.57105425e+00]","[ 0.00000000e+00 -2.96806203e-02  4.99274435e-04 -6.07719338e-02
 -2.03113304e-01  1.64020327e-04 -1.05899522e-05  0.00000000e+00]","[ 0.         -0.54865444  7.38979578 -0.50502944 -1.60921228  0.00933632
 -0.53060752 -0.15356772]"
1748894235.9912686,"[ 0.00000000e+00 -9.57710012e-02  3.76924879e-01  3.01822784e+00
 -2.65254946e+00  9.90695926e-05  9.60124567e-01  1.57105425e+00]","[ 0.00000000e+00 -2.91705272e-02  4.99274435e-04 -6.04351978e-02
 -2.00364007e-01  1.64020327e-04 -1.05820616e-05  0.00000000e+00]","[ 0.         -0.54254895  7.37846041 -0.50217843 -1.60154533  0.01233904
 -0.52527219 -0.14216374]"
1748894235.9933085,"[ 0.00000000e+00 -9.58285255e-02  3.76925312e-01  3.01810986e+00
 -2.65294201e+00  9.90695926e-05  9.60124567e-01  1.57105425e+00]","[ 0.00000000e+00 -2.91705272e-02  4.83672121e-04 -5.91513461e-02
 -1.98521648e-01  1.64020327e-04 -1.05899522e-05  0.00000000e+00]","[ 0.         -0.53164023  7.34342527 -0.52006334 -1.59919775  0.02136991
 -0.53519434 -0.13686918]"
1748894235.99717,"[ 0.00000000e+00 -9.58599508e-02  3.76925312e-01  3.01805394e+00
 -2.65313615e+00  1.00134857e-04  9.60124567e-01  1.57105425e+00]","[ 0.00000000e+00 -2.95906783e-02  4.68069775e-04 -5.67204709e-02
 -1.96901065e-01  1.74602296e-04 -1.05899522e-05  0.00000000e+00]","[ 0.         -0.53792703  7.34228134 -0.51345861 -1.60149086  0.03106476
 -0.53721303 -0.12067859]"
1748894235.9987905,"[ 0.00000000e+00 -9.59419762e-02  3.76926244e-01  3.01787604e+00
 -2.65391406e+00  1.00134857e-04  9.60124567e-01  1.57105425e+00]","[ 0.00000000e+00 -2.70097486e-02  4.44679307e-04 -6.05018351e-02
 -1.92654205e-01  1.64020327e-04 -1.05900569e-05  0.00000000e+00]","[ 0.         -0.52818066  7.39665079 -0.38451594 -1.75797784  0.01051567
 -0.58098882 -0.14655595]"
1748894236.0004826,"[ 0.00000000e+00 -9.59936415e-02  3.76927609e-01  3.01774714e+00
 -2.65430768e+00  1.00134857e-04  9.60124567e-01  1.57105425e+00]","[ 0.00000000e+00 -2.43087727e-02  4.57271001e-04 -6.34444201e-02
 -1.91499109e-01  1.64144252e-04 -1.05819570e-05  0.00000000e+00]","[ 0.         -0.48310977  7.46793032 -0.35181072 -1.84459996  0.0095693
 -0.61061919 -0.1419998 ]"
1748894236.0021675,"[ 0.00000000e+00 -9.60389152e-02  3.76928541e-01  3.01761585e+00
 -2.65468185e+00  1.00134857e-04  9.60124567e-01  1.57105425e+00]","[ 0.00000000e+00 -2.15660871e-02  4.60633762e-04 -6.74559521e-02
 -1.89608431e-01  1.64021952e-04 -1.05899522e-05  0.00000000e+00]","[ 0.         -0.41919476  7.5299921  -0.23702374 -1.88636327 -0.0164
 -0.61188138 -0.12988931]"
1748894236.0038512,"[ 0.00000000e+00 -9.60586226e-02  3.76929440e-01  3.01754607e+00
 -2.65488399e+00  1.00134857e-04  9.60124567e-01  1.57105425e+00]","[ 0.00000000e+00 -1.99669629e-02  4.81000085e-04 -7.07655415e-02
 -1.90333260e-01  1.64021952e-04 -1.05819570e-05  0.00000000e+00]","[ 0.         -0.36495304  7.56061316 -0.20853521 -1.9198271  -0.04652856
 -0.616714   -0.14949758]"
1748894236.0055456,"[ 0.00000000e+00 -9.60964395e-02  3.76930838e-01  3.01738655e+00
 -2.65525630e+00  1.00134857e-04  9.60124567e-01  1.57105425e+00]","[ 0.00000000e+00 -1.89068230e-02  4.85749985e-04 -7.96787588e-02
 -1.88449074e-01  1.64020327e-04 -1.05899522e-05  0.00000000e+00]","[ 0.         -0.27941     7.59964991 -0.10224435 -1.94720399 -0.09267178
 -0.61772346 -0.14848976]"
1748894236.0072494,"[ 0.00000000e+00 -9.61342564e-02  3.76932203e-01  3.01722356e+00
 -2.65562168e+00  1.00134857e-04  9.60124567e-01  1.57105425e+00]","[ 0.00000000e+00 -1.89068230e-02  4.54930169e-04 -8.37302174e-02
 -1.84746681e-01  1.64020327e-04 -1.05819570e-05  0.00000000e+00]","[ 0.00000000e+00 -1.64404914e-01  7.63044643e+00 -3.57646262e-03
 -1.92657173e+00 -1.16463833e-01 -6.36248112e-01 -1.66182145e-01]"
1748894236.009484,"[ 0.00000000e+00 -9.61726059e-02  3.76934034e-01  3.01704593e+00
 -2.65599612e+00  1.00134857e-04  9.60124567e-01  1.57105425e+00]","[ 0.00000000e+00 -1.94470181e-02  4.71017262e-04 -8.75115816e-02
 -1.82315797e-01  1.64021952e-04  0.00000000e+00  0.00000000e+00]","[ 0.         -0.09157073  7.65535021  0.07928082 -1.93455124 -0.14982416
 -0.6370557  -0.17405701]"
1748894236.0112424,"[ 0.00000000e+00 -9.62146839e-02  3.76935432e-01  3.01687682e+00
 -2.65635085e+00  1.00134857e-04  9.60124567e-01  1.57105425e+00]","[ 0.00000000e+00 -2.05630137e-02  4.42508077e-04 -8.53508009e-02
 -1.78804536e-01  1.64020327e-04  0.00000000e+00  0.00000000e+00]","[ 0.00000000e+00  6.29433244e-03  7.68770218e+00  1.92251697e-01
 -1.86576724e+00 -1.80819795e-01 -6.35050893e-01 -1.80378065e-01]"
1748894236.012905,"[ 0.00000000e+00 -9.62354565e-02  3.76936331e-01  3.01678654e+00
 -2.65654021e+00  1.00134857e-04  9.60124567e-01  1.57105425e+00]","[ 0.00000000e+00 -2.10676037e-02  4.35132922e-04 -8.50105072e-02
 -1.78296371e-01  1.64144252e-04  0.00000000e+00  0.00000000e+00]","[ 0.          0.05005503  7.70884085  0.23840529 -1.84215164 -0.16012934
 -0.64490235 -0.17148101]"
1748894236.0146613,"[ 0.00000000e+00 -9.62780671e-02  3.76938628e-01  3.01661929e+00
 -2.65688961e+00  1.00134857e-04  9.60124567e-01  1.57105425e+00]","[ 0.00000000e+00 -2.16297346e-02  4.41578669e-04 -8.48106036e-02
 -1.76643747e-01  1.64021952e-04  0.00000000e+00  0.00000000e+00]","[ 0.          0.13947849  7.76643372  0.34015912 -1.73482001 -0.18709581
 -0.61647099 -0.16304778]"
1748894236.0157216,"[ 0.00000000e+00 -9.62999050e-02  3.76940026e-01  3.01653807e+00
 -2.65706352e+00  1.00134857e-04  9.60124567e-01  1.57105425e+00]","[ 0.00000000e+00 -2.05436704e-02  4.72852249e-04 -8.23797284e-02
 -1.76373652e-01  1.64020327e-04  0.00000000e+00  0.00000000e+00]","[ 0.          0.17289971  7.80744505  0.3721745  -1.7028017  -0.19717239
 -0.62345093 -0.16346391]"
1748894236.0179262,"[ 0.00000000e+00 -9.63382545e-02  3.76942755e-01  3.01637188e+00
 -2.65742411e+00  9.90695926e-05  9.60124567e-01  1.57105425e+00]","[ 0.00000000e+00 -1.89068230e-02  5.37171685e-04 -8.12489835e-02
 -1.75873860e-01  1.53439886e-04  0.00000000e+00  0.00000000e+00]","[ 0.          0.26903212  7.86236143  0.40722761 -1.60229361 -0.21079794
 -0.61790401 -0.15706547]"
1748894236.0198076,"[ 0.00000000e+00 -9.63707451e-02  3.76945985e-01  3.01621476e+00
 -2.65776526e+00  9.90695926e-05  9.60124567e-01  1.57105425e+00]","[ 0.00000000e+00 -1.51254588e-02  7.74659271e-04 -7.85983643e-02
 -1.71241807e-01  1.53438374e-04  0.00000000e+00  0.00000000e+00]","[ 0.          0.35526177  7.90274048  0.47661152 -1.52289557 -0.20541826
 -0.59267116 -0.17258264]"
1748894236.022539,"[ 0.00000000e+00 -9.63957788e-02  3.76949646e-01  3.01606456e+00
 -2.65811280e+00  9.90695926e-05  9.60124567e-01  1.57105425e+00]","[ 0.00000000e+00 -1.13440936e-02  1.14945414e-03 -7.17197770e-02
 -1.69081018e-01  1.53439886e-04  0.00000000e+00  0.00000000e+00]","[ 0.          0.35601547  7.94191122  0.48493657 -1.42340946 -0.21964233
 -0.57608998 -0.17447057]"
1748894236.0237803,"[ 0.00000000e+00 -9.64144209e-02  3.76952409e-01  3.01593140e+00
 -2.65843931e+00  9.90695926e-05  9.60124567e-01  1.57105425e+00]","[ 0.00000000e+00 -8.10292405e-03  1.36750305e-03 -6.56336883e-02
 -1.64219268e-01  1.53438374e-04  0.00000000e+00  0.00000000e+00]","[ 0.          0.38336742  7.94815254  0.49399871 -1.31515038 -0.19943792
 -0.57383168 -0.17332107]"
1748894236.0249388,"[ 0.00000000e+00 -9.64245410e-02  3.76955638e-01  3.01581289e+00
 -2.65876501e+00  9.90695926e-05  9.60124567e-01  1.57105425e+00]","[ 0.00000000e+00 -4.32155961e-03  1.53884353e-03 -5.49182932e-02
 -1.56479523e-01  1.42964352e-04  0.00000000e+00  0.00000000e+00]","[ 0.          0.3772819   7.98558378  0.46119443 -1.31467319 -0.17829479
 -0.56510067 -0.17508726]"
